1, -732.3836059570312, 826.1820678710938, 0.0, 0.0, 0.0, 130.00013732910156, 0.0
2, -732.3878784179688, 826.187744140625, -0.07639432698488235, 1.0, 0.0, 129.990966796875, 0.4593026504022594
3, -732.3984985351562, 826.2015380859375, -0.07448447495698929, 1.0, 0.0, 129.9675750732422, 0.8966133738575375
4, -732.41552734375, 826.2238159179688, -0.07321123778820038, 1.0, 0.0, 129.9293212890625, 1.3152153584858814
5, -732.4411010742188, 826.25732421875, -0.07193799316883087, 1.0, 0.0, 129.87144470214844, 1.7366176090008607
6, -732.4730224609375, 826.299072265625, -0.0700281411409378, 1.0, 0.0, 129.79957580566406, 2.1099237159069824
7, -732.5103149414062, 826.34765625, -0.0687548965215683, 1.0, 0.0, 129.7160186767578, 2.429086400337955
8, -732.5523071289062, 826.402587890625, -0.06684504449367523, 0.9500000476837158, 0.0, 129.62167358398438, 2.695189689064809
9, -732.5990600585938, 826.4634399414062, -0.06557180732488632, 0.9000000953674316, 0.0, 129.51629638671875, 2.9147839397347814
10, -732.6484985351562, 826.5277709960938, -0.06366194784641266, 0.8250001668930054, 0.0, 129.404296875, 3.0862366283788107
11, -732.6993408203125, 826.5942993164062, -0.06238870695233345, 0.7750002145767212, 0.0, 129.28875732421875, 3.2165997495398466
12, -732.7525634765625, 826.6637573242188, -0.060478851199150085, 0.7000002861022949, 0.0, 129.16854858398438, 3.3202032222385562
13, -732.8056030273438, 826.733154296875, -0.059205614030361176, 0.6500003337860107, 0.0, 129.0498809814453, 3.4013855853340558
14, -732.8668823242188, 826.8137817382812, -0.06238870695233345, 0.5750004053115845, 0.0, 128.91073608398438, 3.476240449637227
15, -732.9207763671875, 826.8853149414062, -0.06620842218399048, 0.5250004529953003, 0.0, 128.78408813476562, 3.5295435631112437
16, -732.97607421875, 826.959228515625, -0.07193799316883087, 0.45000046491622925, 0.0, 128.6467742919922, 3.573691771286984
17, -733.0311279296875, 827.0335083007812, -0.0757577121257782, 0.4000004529953003, 0.0, 128.50161743164062, 3.6080499096317165
18, -733.0866088867188, 827.10888671875, -0.08148728311061859, 0.32500043511390686, 0.0, 128.34573364257812, 3.6331527659258214
19, -733.1421508789062, 827.1853637695312, -0.08530700206756592, 0.2750004231929779, 0.0, 128.1789093017578, 3.649222316498669
20, -733.19677734375, 827.260986328125, -0.08403375744819641, 0.22500041127204895, 0.0, 128.00819396972656, 3.6573674032042724
21, -733.2509155273438, 827.3365478515625, -0.08212390542030334, 0.20000040531158447, 0.0, 127.83563232421875, 3.659223461189363
22, -733.3049926757812, 827.4125366210938, -0.08085066080093384, 0.15000039339065552, 0.0, 127.66210174560547, 3.6553406615091446
23, -733.3592529296875, 827.4889526367188, -0.07894080877304077, 0.17500039935112, 0.0, 127.4884262084961, 3.6481292718596836
24, -733.4115600585938, 827.5631713867188, -0.07766757160425186, 0.22500041127204895, 0.0, 127.32189178466797, 3.6427382949611578
25, -733.4645385742188, 827.6385498046875, -0.0757577121257782, 0.3000004291534424, 0.0, 127.15530395507812, 3.642458709642726
26, -733.5184326171875, 827.7157592773438, -0.07448447495698929, 0.35000044107437134, 0.0, 126.98821258544922, 3.6498784344625954
27, -733.571533203125, 827.7921142578125, -0.07257461547851562, 0.42500045895576477, 0.0, 126.82637786865234, 3.664804105915184
28, -733.625, 827.8692016601562, -0.07130137830972672, 0.4750004708766937, 0.0, 126.6668930053711, 3.6880509530433034
29, -733.6791381835938, 827.947509765625, -0.06939151883125305, 0.5500004291534424, 0.0, 126.50874328613281, 3.719383140650536
30, -733.7333984375, 828.0264892578125, -0.06811828166246414, 0.6000003814697266, 0.0, 126.35333251953125, 3.7589678152976456
31, -733.7877807617188, 828.1057739257812, -0.06684504449367523, 0.6500003337860107, 0.0, 126.20086669921875, 3.8055045165795063
32, -733.8434448242188, 828.1873168945312, -0.06493518501520157, 0.725000262260437, 0.0, 126.04824829101562, 3.8599487183545946
33, -733.880615234375, 828.2420043945312, -0.06429856270551682, 0.7500002384185791, 0.0, 125.94805145263672, 3.900001385662544
34, -733.9190673828125, 828.2987060546875, -0.0630253255367279, 0.8000001907348633, 0.0, 125.84595489501953, 3.9442773024360473
35, -733.977783203125, 828.3856811523438, -0.06111546978354454, 0.8750001192092896, 0.0, 125.69345092773438, 4.0183127309484306
36, -734.0352783203125, 828.470947265625, -0.05984223261475563, 0.9250000715255737, 0.0, 125.54789733886719, 4.097904330385257
37, -734.0943603515625, 828.5588989257812, -0.05856899172067642, 0.9250000715255737, 0.0, 125.40192413330078, 4.1840758933060185
38, -734.1356811523438, 828.6206665039062, -0.05729575455188751, 0.8750001192092896, 0.0, 125.30167388916016, 4.24477581814449
39, -734.1962890625, 828.711669921875, -0.0560225173830986, 0.8250001668930054, 0.0, 125.15752410888672, 4.330528688819555
40, -734.2598266601562, 828.807373046875, -0.05411265790462494, 0.7500002384185791, 0.0, 125.01032257080078, 4.413636537209858
41, -734.3062133789062, 828.8773193359375, -0.05283942073583603, 0.7000002861022949, 0.0, 124.90532684326172, 4.469064455950574
42, -734.3507690429688, 828.9447631835938, -0.052202802151441574, 0.6750003099441528, 0.0, 124.80601501464844, 4.518235103215713
43, -734.414306640625, 829.041259765625, -0.05029294267296791, 0.6000003814697266, 0.0, 124.66752624511719, 4.580732701052296
44, -734.4594116210938, 829.1098022460938, -0.049656324088573456, 0.5750004053115845, 0.0, 124.57102966308594, 4.61988829074182
45, -734.5050659179688, 829.1795043945312, -0.048383086919784546, 0.5250004529953003, 0.0, 124.47486114501953, 4.6554155267488095
46, -734.5491943359375, 829.2470703125, -0.047109849750995636, 0.4750004708766937, 0.0, 124.38339233398438, 4.685484880402828
47, -734.5932006835938, 829.314453125, -0.04647323116660118, 0.45000046491622925, 0.0, 124.2938461303711, 4.711247666280618
48, -734.63818359375, 829.383544921875, -0.04519999027252197, 0.4000004529953003, 0.0, 124.2037582397461, 4.733512468728424
49, -734.6844482421875, 829.4548950195312, -0.04392675310373306, 0.35000044107437134, 0.0, 124.11294555664062, 4.751699673288667
50, -734.7277221679688, 829.521728515625, -0.04329013451933861, 0.32500043511390686, 0.0, 124.02934265136719, 4.764569816534577
51, -734.7741088867188, 829.5934448242188, -0.0420168936252594, 0.2750004231929779, 0.0, 123.9415512084961, 4.774086500752498
52, -734.82177734375, 829.6674194335938, -0.04074365645647049, 0.22500041127204895, 0.0, 123.85301208496094, 4.778918663074329
53, -734.8694458007812, 829.741455078125, -0.040107037872076035, 0.20000040531158447, 0.0, 123.76631164550781, 4.778962249534928
54, -734.9129638671875, 829.8091430664062, -0.038833800703287125, 0.15000039339065552, 0.0, 123.688720703125, 4.775089996358126
55, -734.9580078125, 829.8794555664062, -0.037560559809207916, 0.10000038892030716, 0.0, 123.60997009277344, 4.766761711254466
56, -735.0025024414062, 829.9489135742188, -0.03692394122481346, 0.07500039041042328, 0.0, 123.53388214111328, 4.7543947062498235
57, -735.0477294921875, 830.0198364257812, -0.03565070405602455, 0.02500039152801037, 0.0, 123.45809173583984, 4.737777891387771
58, -735.0908203125, 830.08740234375, -0.03437746688723564, -0.02499960921704769, 0.0, 123.38746643066406, 4.718530683678419
59, -735.1336669921875, 830.1546630859375, -0.03374084457755089, 0.0, 0.0, 123.31896209716797, 4.69654506705881
60, -735.1783447265625, 830.2249755859375, -0.03246760740876198, 0.0, 0.0, 123.24913024902344, 4.671425709382636
61, -735.2210083007812, 830.2922973632812, -0.03183098882436752, 0.0, 0.0, 123.1838607788086, 4.646024536722752
62, -735.2642822265625, 830.360595703125, -0.030557749792933464, 0.0, 0.0, 123.1194839477539, 4.619444585022195
63, -735.3074340820312, 830.4288940429688, -0.029284512624144554, 0.0, 0.0, 123.05705261230469, 4.592343903280914
64, -735.34912109375, 830.494873046875, -0.02864789217710495, 0.0, 0.0, 122.99847412109375, 4.5658047170500575
65, -735.3912963867188, 830.561767578125, -0.02737465500831604, 0.0, 0.0, 122.94082641601562, 4.538654713703064
66, -735.4329223632812, 830.6279296875, -0.026738034561276436, 0.0, 0.0, 122.88555908203125, 4.5116876361284834
67, -735.4730224609375, 830.691650390625, -0.025464797392487526, 0.0, 0.0, 122.83409881591797, 4.485667569735094
68, -735.5145263671875, 830.757568359375, -0.024191558361053467, 0.0, 0.0, 122.7827377319336, 4.458674945492891
69, -735.5545043945312, 830.8212280273438, -0.023554939776659012, 0.0, 0.0, 122.73474884033203, 4.432533732893858
70, -735.5946044921875, 830.8850708007812, -0.022281700745224953, 0.0, 0.0, 122.68852233886719, 4.406356542102701
71, -735.6329345703125, 830.9462890625, -0.021645082160830498, 0.0, 0.0, 122.64578247070312, 4.381202573941253
72, -735.6727905273438, 831.0100708007812, -0.02037184312939644, 0.0, 0.0, 122.60308074951172, 4.355054783208763
73, -735.712158203125, 831.0728759765625, -0.019735224545001984, 0.0, 0.0, 122.56262969970703, 4.3292401359893455
74, -735.7525024414062, 831.1373901367188, -0.018461985513567924, 0.0, 0.0, 122.52288818359375, 4.3027534069112185
75, -735.7926635742188, 831.2014770507812, -0.017188748344779015, 0.0, 0.0, 122.48540496826172, 4.276431596668062
76, -735.8301391601562, 831.2615356445312, -0.01655212789773941, 0.0, 0.0, 122.45184326171875, 4.251774142022997
77, -735.8683471679688, 831.3226318359375, -0.015278889797627926, 0.0, 0.0, 122.4194107055664, 4.226649779920505
78, -735.9053955078125, 831.3819580078125, -0.014005648903548717, 0.0, 0.0, 122.38973999023438, 4.202310248423816
79, -735.937744140625, 831.4337158203125, -0.013369029387831688, 0.0, 0.0, 122.36518096923828, 4.181034623045269
80, -735.9705200195312, 831.4862060546875, -0.012732408940792084, 0.0, 0.0, 122.34143829345703, 4.159462115466895
81, -736.0084228515625, 831.546875, -0.01145916897803545, 0.0, 0.0, 122.31571960449219, 4.1345261333988415
82, -736.0439453125, 831.6038208007812, -0.010185928083956242, 0.0, 0.0, 122.29322052001953, 4.1111081248862105
83, -736.0888671875, 831.6756591796875, -0.008912688121199608, 0.0, 0.0, 122.2672348022461, 4.081540210259538
84, -736.1242065429688, 831.7322387695312, -0.008276067674160004, 0.0, 0.0, 122.24858856201172, 4.058281267138945
85, -736.156005859375, 831.7830200195312, -0.0070028286427259445, 0.0, 0.0, 122.23319244384766, 4.037375948248985
86, -736.1900024414062, 831.8372192382812, -0.006366209127008915, 0.0, 0.0, 122.21812438964844, 4.015042560021282
87, -736.220947265625, 831.8867797851562, -0.005729589611291885, 0.0, 0.0, 122.20555877685547, 3.994668760265895
88, -736.2542724609375, 831.9398803710938, -0.004456350114196539, 0.0, 0.0, 122.19341278076172, 3.9728146743923674
89, -736.2859497070312, 831.9903564453125, -0.0038197303656488657, 0.0, 0.0, 122.18314361572266, 3.9521245857730203
90, -736.3150024414062, 832.0366821289062, -0.0025464906357228756, 0.0, 0.0, 122.17486572265625, 3.9331781711821234
91, -736.3438110351562, 832.0826416015625, -0.0019098708871752024, 0.0, 0.0, 122.1677474975586, 3.9143782318602587
92, -736.3728637695312, 832.1290283203125, -0.0012732511386275291, 0.0, 0.0, 122.1615982055664, 3.8954439065105166
93, -736.4050903320312, 832.1801147460938, 0.0, 0.0, 0.0, 122.15623474121094, 3.8745444789268446
94, -736.4353637695312, 832.2283935546875, 0.0, 0.0, 0.0, 122.15219116210938, 3.854834695715633
95, -736.4639892578125, 832.2738037109375, 0.0, 0.0, 0.0, 122.149169921875, 3.836292956870148
96, -736.49169921875, 832.3179321289062, 0.0, 0.0, 0.0, 122.14676666259766, 3.818280400508294
97, -736.5194091796875, 832.362060546875, 0.0, 0.0, 0.0, 122.14483642578125, 3.800250513991147
98, -736.5478515625, 832.4073486328125, 0.0, 0.0, 0.0, 122.14320373535156, 3.7817583783972917
99, -736.575439453125, 832.4510498046875, 0.0, 0.0, 0.0, 122.14189147949219, 3.763905167887817
100, -736.6039428710938, 832.4964599609375, 0.0, 0.0, 0.0, 122.14075469970703, 3.7453698867255008
101, -736.6306762695312, 832.5390625, 0.0, 0.0, 0.0, 122.13985443115234, 3.728009118619527
102, -736.6585693359375, 832.58349609375, 0.0, 0.0, 0.0, 122.13909912109375, 3.709878417610405
103, -736.6881713867188, 832.630615234375, 0.0, 0.0, 0.0, 122.1384048461914, 3.690641060039852
104, -736.716796875, 832.6761474609375, 0.0, 0.0, 0.0, 122.1378173828125, 3.67205723833898
105, -736.7440185546875, 832.719482421875, 0.0, 0.0, 0.0, 122.13731384277344, 3.654370062341134
106, -736.7709350585938, 832.7623901367188, -0.0019098592456430197, 0.0, 0.0, 122.1364517211914, 3.636884594960593
107, -736.7979736328125, 832.8055419921875, -0.005729577504098415, 0.0, 0.0, 122.13448333740234, 3.6192961532755024
108, -736.8245849609375, 832.8480834960938, -0.007639436982572079, 0.0, 0.0, 122.13097381591797, 3.601933267438715
109, -736.8512573242188, 832.8909301757812, -0.01145915500819683, 0.0, 0.0, 122.12532043457031, 3.5844480480919754
110, -736.8780517578125, 832.9341430664062, -0.013369014486670494, 0.0, 0.0, 122.11732482910156, 3.5668679582692113
111, -736.9033203125, 832.9749755859375, -0.015278873965144157, 0.02500000037252903, 0.0, 122.10762786865234, 3.5493105838253323
112, -736.9299926757812, 833.0179443359375, -0.01718873344361782, 0.05000000074505806, 0.0, 122.09515380859375, 3.532179141087146
113, -736.9562377929688, 833.0606689453125, -0.021008450537919998, 0.10000000149011612, 0.0, 122.08003234863281, 3.5169693357333895
114, -736.9817504882812, 833.102294921875, -0.02291831001639366, 0.125, 0.0, 122.06271362304688, 3.5044455965314465
115, -737.00732421875, 833.1438598632812, -0.024828169494867325, 0.15000000596046448, 0.0, 122.04287719726562, 3.494107744521189
116, -737.0330200195312, 833.186279296875, -0.02864788845181465, 0.20000001788139343, 0.0, 122.0198745727539, 3.485978772431027
117, -737.0584106445312, 833.2282104492188, -0.030557747930288315, 0.2250000238418579, 0.0, 121.99436950683594, 3.4806263338411343
118, -737.0838012695312, 833.2702026367188, -0.03246760740876198, 0.2500000298023224, 0.0, 121.96613311767578, 3.477696776912143
119, -737.1089477539062, 833.3119506835938, -0.036287322640419006, 0.30000004172325134, 0.0, 121.93524932861328, 3.4772145395152445
120, -737.1333618164062, 833.3527221679688, -0.03819718211889267, 0.3250000476837158, 0.0, 121.90242004394531, 3.4793283843341127
121, -737.16015625, 833.3976440429688, -0.040107037872076035, 0.3500000536441803, 0.0, 121.8632583618164, 3.4842552025970095
122, -737.1845092773438, 833.4386596679688, -0.04392675310373306, 0.40000006556510925, 0.0, 121.82469177246094, 3.491052991511551
123, -737.210205078125, 833.48193359375, -0.04583660885691643, 0.42500007152557373, 0.0, 121.78117370605469, 3.5008455537726753
124, -737.2346801757812, 833.5234985351562, -0.04774646833539009, 0.4500000774860382, 0.0, 121.7369155883789, 3.5124697073964994
125, -737.2596435546875, 833.566162109375, -0.05156618356704712, 0.5000000596046448, 0.0, 121.68870544433594, 3.526578839256493
126, -737.2840576171875, 833.6077270507812, -0.053476039320230484, 0.5250000357627869, 0.0, 121.63907623291016, 3.542729692272957
127, -737.3088989257812, 833.6504516601562, -0.05538589879870415, 0.550000011920929, 0.0, 121.58555603027344, 3.5614411020125214
128, -737.3338623046875, 833.6936645507812, -0.059205614030361176, 0.5999999642372131, 0.0, 121.52854919433594, 3.5824983530764802
129, -737.3592529296875, 833.7379760742188, -0.06111546978354454, 0.6249999403953552, 0.0, 121.46744537353516, 3.6064280680015526
130, -737.384521484375, 833.7821044921875, -0.0630253255367279, 0.6499999165534973, 0.0, 121.40400695800781, 3.6323762448076224
131, -737.4098510742188, 833.8265380859375, -0.06493518501520157, 0.6249999403953552, 0.0, 121.33750915527344, 3.659828833342484
132, -737.4351196289062, 833.8712158203125, -0.06684504449367523, 0.5999999642372131, 0.0, 121.2684326171875, 3.6875292910679134
133, -737.4602661132812, 833.9160766601562, -0.07066475600004196, 0.550000011920929, 0.0, 121.19654846191406, 3.714302566486919
134, -737.48583984375, 833.9617919921875, -0.07257461547851562, 0.5250000357627869, 0.0, 121.12063598632812, 3.7399593171699532
135, -737.511474609375, 834.0078735351562, -0.07448447495698929, 0.5000000596046448, 0.0, 121.04155731201172, 3.764001515570681
136, -737.5365600585938, 834.0532836914062, -0.07639432698488235, 0.4750000536441803, 0.0, 120.961181640625, 3.7858594530654743
137, -737.5621948242188, 834.0997314453125, -0.08021404594182968, 0.42500004172325134, 0.0, 120.87615966796875, 3.8059258938774785
138, -737.6133422851562, 834.193603515625, -0.08403375744819641, 0.3750000298023224, 0.0, 120.69625091552734, 3.8391143817497424
139, -737.6392211914062, 834.241455078125, -0.08785347640514374, 0.32500001788139343, 0.0, 120.60072326660156, 3.852156589668505
140, -737.664306640625, 834.2880859375, -0.0897633358836174, 0.30000001192092896, 0.0, 120.50479125976562, 3.862231686008864
141, -737.6893310546875, 834.3351440429688, -0.09167318791151047, 0.2750000059604645, 0.0, 120.405517578125, 3.869971990117675
142, -737.7151489257812, 834.3837890625, -0.0954929068684578, 0.22499999403953552, 0.0, 120.29993438720703, 3.875199322610697
143, -737.7403564453125, 834.4317016601562, -0.09740276634693146, 0.19999998807907104, 0.0, 120.19315338134766, 3.877572117593301
144, -737.7896728515625, 834.5264892578125, -0.10313233733177185, 0.12499997764825821, 0.0, 119.9734115600586, 3.874747970334767
145, -737.8142700195312, 834.5740966796875, -0.10504218935966492, 0.09999997913837433, 0.0, 119.85868072509766, 3.869349882603715
146, -737.8388061523438, 834.622314453125, -0.10695204883813858, 0.07499998062849045, 0.0, 119.7397689819336, 3.861468306864479
147, -737.8633422851562, 834.670654296875, -0.11077176779508591, 0.024999981746077538, 0.0, 119.61668395996094, 3.8508917516998076
148, -737.8875122070312, 834.7188110351562, -0.11268161982297897, -1.8253922817734747e-08, 0.0, 119.49095916748047, 3.8377340768382475
149, -737.9110717773438, 834.7661743164062, -0.11459147930145264, 0.0, 0.0, 119.36441802978516, 3.822980498942173
150, -737.9343872070312, 834.8133544921875, -0.11841119825839996, 0.0, 0.0, 119.23493194580078, 3.806883680085911
151, -737.9802856445312, 834.90771484375, -0.1222309097647667, 0.0, 0.0, 118.96719360351562, 3.7725821512975397
152, -738.0028076171875, 834.95458984375, -0.12414076924324036, 0.0, 0.0, 118.83007049560547, 3.7549598949243355
153, -738.025390625, 835.0023193359375, -0.12796048820018768, 0.0, 0.0, 118.6874771118164, 3.7367354333648453
154, -738.047119140625, 835.04833984375, -0.12987034022808075, 0.0, 0.0, 118.54755401611328, 3.7190551110747623
155, -738.0684204101562, 835.0940551757812, -0.13178019225597382, 0.0, 0.0, 118.40644836425781, 3.701442294952029
156, -738.0905151367188, 835.1416015625, -0.13559991121292114, 0.0, 0.0, 118.25648498535156, 3.6829436037104477
157, -738.11279296875, 835.1903076171875, -0.1375097632408142, 0.0, 0.0, 118.10030364990234, 3.664042934671648
158, -738.1331787109375, 835.2352905273438, -0.14132948219776154, 0.0, 0.0, 117.95329284667969, 3.6464982046884447
159, -738.1528930664062, 835.279296875, -0.1432393491268158, 0.0, 0.0, 117.80722045898438, 3.6294122531590975
160, -738.1734008789062, 835.325439453125, -0.14514920115470886, 0.0, 0.0, 117.65126037597656, 3.6114962785937617
161, -738.1934814453125, 835.3713989257812, -0.14705905318260193, 0.0, 0.0, 117.49345397949219, 3.5936951385206553
162, -738.2133178710938, 835.4168701171875, -0.15087877213954926, 0.0, 0.0, 117.33458709716797, 3.5760777344692385
163, -738.232421875, 835.4613037109375, -0.15278862416744232, 0.0, 0.0, 117.17647552490234, 3.5589297125570165
164, -738.2512817382812, 835.505859375, -0.15469849109649658, 0.0, 0.0, 117.01591491699219, 3.541845048923523
165, -738.2701416015625, 835.5508422851562, -0.15851819515228271, 0.0, 0.0, 116.8507080078125, 3.5245159638792702
166, -738.2889404296875, 835.5960693359375, -0.16042806208133698, 0.0, 0.0, 116.6816177368164, 3.5071411288366137
167, -738.3071899414062, 835.6405029296875, -0.16233791410923004, 0.0, 0.0, 116.51321411132812, 3.490148656760087
168, -738.3256225585938, 835.686279296875, -0.16615763306617737, 0.0, 0.0, 116.33712768554688, 3.4726163214935117
169, -738.3458251953125, 835.737060546875, -0.16806748509407043, 0.0, 0.0, 116.13849639892578, 3.453245953711771
170, -738.363037109375, 835.7808227539062, -0.1699773520231247, 0.0, 0.0, 115.96513366699219, 3.436640635606079
171, -738.3800659179688, 835.8246459960938, -0.17379705607891083, 0.0, 0.0, 115.78854370117188, 3.41989668997249
172, -738.3982543945312, 835.8720092773438, -0.1757069230079651, 0.0, 0.0, 115.59542846679688, 3.401932165569521
173, -738.4144897460938, 835.9150390625, -0.17761677503585815, 0.0, 0.0, 115.41778564453125, 3.3856653410361983
174, -738.4310913085938, 835.9594116210938, -0.18143649399280548, 0.0, 0.0, 115.23192596435547, 3.3688133287645257
175, -738.447021484375, 836.0028076171875, -0.18334634602069855, 0.0, 0.0, 115.04817962646484, 3.352440608527203
176, -738.4649047851562, 836.0518798828125, -0.18716606497764587, 0.0, 0.0, 114.8367691040039, 3.333827413362258
177, -738.4803466796875, 836.0951538085938, -0.18907591700553894, 0.0, 0.0, 114.64759826660156, 3.3174836851567195
178, -738.4956665039062, 836.1387329101562, -0.1909857839345932, 0.0, 0.0, 114.45514678955078, 3.301110491608414
179, -738.5101928710938, 836.180419921875, -0.19289563596248627, 0.0, 0.0, 114.2689208984375, 3.2854774744927693
180, -738.5249633789062, 836.2235717773438, -0.1967153549194336, 0.0, 0.0, 114.07389068603516, 3.2692230377014013
181, -738.5399780273438, 836.2678833007812, -0.19862520694732666, 0.0, 0.0, 113.87138366699219, 3.252623774854444
182, -738.5538940429688, 836.309814453125, -0.20053507387638092, 0.0, 0.0, 113.67755126953125, 3.236958446895823
183, -738.568359375, 836.3538818359375, -0.20180830359458923, 0.0, 0.0, 113.47209930419922, 3.2205951755831905
184, -738.58154296875, 836.3951416015625, -0.20117168128490448, 0.0, 0.0, 113.2784423828125, 3.205447237814071
185, -738.594970703125, 836.4370727539062, -0.20053507387638092, 0.0, 0.0, 113.0802001953125, 3.190123581157207
186, -738.6080322265625, 836.4788818359375, -0.20180830359458923, 0.0, 0.0, 112.88246154785156, 3.174876190216299
187, -738.62060546875, 836.5194091796875, -0.20117168128490448, 0.0, 0.0, 112.68990325927734, 3.1601621307893937
188, -738.6340942382812, 836.563720703125, -0.20053507387638092, 0.0, 0.0, 112.47948455810547, 3.1441715584235452
189, -738.6482543945312, 836.6104736328125, -0.20180830359458923, 0.0, 0.0, 112.25711822509766, 3.127253318606981
190, -738.6605224609375, 836.651611328125, -0.20117168128490448, 0.0, 0.0, 112.06101989746094, 3.1124227002911424
191, -738.6727905273438, 836.6931762695312, -0.20053507387638092, 0.0, 0.0, 111.86310577392578, 3.0975049776329806
192, -738.6843872070312, 836.733154296875, -0.20180830359458923, 0.0, 0.0, 111.67230987548828, 3.0830667793512934
193, -738.6965942382812, 836.7760620117188, -0.20117168128490448, 0.0, 0.0, 111.46807861328125, 3.067683556126657
194, -738.7079467773438, 836.8161010742188, -0.20053507387638092, 0.0, 0.0, 111.2779312133789, 3.053398983813339
195, -738.7191772460938, 836.8563842773438, -0.20180830359458923, 0.0, 0.0, 111.08629608154297, 3.0389398411474122
196, -738.73046875, 836.8973388671875, -0.20117168128490448, 0.0, 0.0, 110.89125061035156, 3.024286127149758
197, -738.741455078125, 836.9378051757812, -0.20053507387638092, 0.0, 0.0, 110.69881439208984, 3.009858337428997
198, -738.7527465820312, 836.9797973632812, -0.20180830359458923, 0.0, 0.0, 110.49915313720703, 2.99481797462231
199, -738.763427734375, 837.0203857421875, -0.20117168128490448, 0.0, 0.0, 110.30650329589844, 2.9803651411635763
200, -738.775146484375, 837.0654296875, -0.19989845156669617, 0.0, 0.0, 110.0930404663086, 2.9644018147174
201, -738.7960205078125, 837.147216796875, -0.19862520694732666, 0.0, 0.0, 109.7070083618164, 2.9354883069787725
202, -738.8060913085938, 837.1875610351562, -0.19735197722911835, 0.02500000037252903, 0.0, 109.51778411865234, 2.9182545947901364
203, -738.8159790039062, 837.2276611328125, -0.1967153549194336, 0.05000000074505806, 0.0, 109.329833984375, 2.903509775374552
204, -738.825439453125, 837.2667236328125, -0.19607873260974884, 0.07500000298023224, 0.0, 109.14774322509766, 2.891294594503974
205, -738.8348388671875, 837.3056030273438, -0.19480548799037933, 0.125, 0.0, 108.96708679199219, 2.8814284285153806
206, -738.8442993164062, 837.3457641601562, -0.19416888058185577, 0.15000000596046448, 0.0, 108.78158569335938, 2.873943014061904
207, -738.8533935546875, 837.3845825195312, -0.19353225827217102, 0.17500001192092896, 0.0, 108.60330963134766, 2.869032748939586
208, -738.8624877929688, 837.423828125, -0.1922590136528015, 0.2250000238418579, 0.0, 108.42446899414062, 2.8665113516210963
209, -738.8713989257812, 837.462890625, -0.19162240624427795, 0.2500000298023224, 0.0, 108.24683380126953, 2.866630707665562
210, -738.8803100585938, 837.5022583007812, -0.1909857839345932, 0.27500003576278687, 0.0, 108.06951141357422, 2.8690441101072635
211, -738.8894653320312, 837.5433349609375, -0.1897125393152237, 0.3500000536441803, 0.0, 107.88523864746094, 2.8742023650955084
212, -738.8980102539062, 837.5824584960938, -0.18907591700553894, 0.3750000596046448, 0.0, 107.7111587524414, 2.8822686054590254
213, -738.9066772460938, 837.6224975585938, -0.18843930959701538, 0.40000006556510925, 0.0, 107.53449249267578, 2.8931120203361966
214, -738.915771484375, 837.6649780273438, -0.18716606497764587, 0.42500007152557373, 0.0, 107.34808349609375, 2.907035353937655
215, -738.9244384765625, 837.7059326171875, -0.18589282035827637, 0.4750000834465027, 0.0, 107.16959381103516, 2.9227716774159087
216, -738.93310546875, 837.747802734375, -0.18461959064006805, 0.5250000357627869, 0.0, 106.98847961425781, 2.9416450333132156
217, -738.9417724609375, 837.789794921875, -0.1839829683303833, 0.550000011920929, 0.0, 106.80823516845703, 2.9632601432778056
218, -738.9503173828125, 837.8317260742188, -0.18334634602069855, 0.574999988079071, 0.0, 106.62934112548828, 2.9870286062658544
219, -738.958984375, 837.8748779296875, -0.18207311630249023, 0.6249999403953552, 0.0, 106.44652557373047, 3.0137251485268237
220, -738.9673461914062, 837.9166259765625, -0.18143649399280548, 0.6499999165534973, 0.0, 106.27076721191406, 3.0417505283008333
221, -738.9760131835938, 837.9609375, -0.18143649399280548, 0.6749998927116394, 0.0, 106.0856704711914, 3.0733347499887187
222, -738.984619140625, 838.0050659179688, -0.18016324937343597, 0.7249998450279236, 0.0, 105.90216064453125, 3.1068543623430047
223, -738.9930419921875, 838.0499267578125, -0.17889001965522766, 0.7499998211860657, 0.0, 105.71746063232422, 3.142943840778379
224, -739.00146484375, 838.0951538085938, -0.1782533973455429, 0.7749997973442078, 0.0, 105.53202819824219, 3.181147473509624
225, -739.009765625, 838.1403198242188, -0.17761677503585815, 0.7999997735023499, 0.0, 105.34837341308594, 3.2207006915463623
226, -739.0181884765625, 838.1864624023438, -0.1769801527261734, 0.8249997496604919, 0.0, 105.16126251220703, 3.2625831840888138
227, -739.02685546875, 838.2344970703125, -0.1757069230079651, 0.8999996781349182, 0.0, 104.96826934814453, 3.3077041916274212
228, -739.0350341796875, 838.2810668945312, -0.17443367838859558, 0.9249996542930603, 0.0, 104.78277587890625, 3.353551940371302
229, -739.043212890625, 838.327392578125, -0.17443367838859558, 0.9249996542930603, 0.0, 104.59929656982422, 3.400573952952825
230, -739.0515747070312, 838.3766479492188, -0.17316044867038727, 0.9749996066093445, 0.0, 104.40536499023438, 3.4518294811039456
231, -739.0598754882812, 838.4263305664062, -0.17252382636070251, 0.9999995827674866, 0.0, 104.2113037109375, 3.5048908825236222
232, -739.068115234375, 838.4755249023438, -0.17188720405101776, 1.0249996185302734, 0.0, 104.02019500732422, 3.558415680080249
233, -739.0765380859375, 838.5278930664062, -0.17061395943164825, 1.0, 0.0, 103.81838989257812, 3.6156675606301083
234, -739.0848388671875, 838.5795288085938, -0.1699773520231247, 1.0, 0.0, 103.62067413330078, 3.672069397707108
235, -739.0930786132812, 838.632568359375, -0.1687041074037552, 1.0, 0.0, 103.41899108886719, 3.7296433015328936
236, -739.1013793945312, 838.6859130859375, -0.16806748509407043, 1.0, 0.0, 103.21708679199219, 3.787144052285695
237, -739.1097412109375, 838.7416381835938, -0.16679425537586212, 1.0, 0.0, 103.0081558227539, 3.846397150604473
238, -739.1179809570312, 838.7973022460938, -0.16615763306617737, 1.0, 0.0, 102.80067443847656, 3.904878126249639
239, -739.1259765625, 838.852783203125, -0.16552101075649261, 1.0, 0.0, 102.59516143798828, 3.962378744536401
240, -739.134033203125, 838.9094848632812, -0.1642477810382843, 1.0, 0.0, 102.38633728027344, 4.020405661166202
241, -739.142333984375, 838.9686279296875, -0.16361115872859955, 1.0, 0.0, 102.16980743408203, 4.080073634504902
242, -739.1502075195312, 839.027099609375, -0.1629745364189148, 1.0, 0.0, 101.95726013183594, 4.138152060057878
243, -739.158203125, 839.086669921875, -0.1617012917995453, 1.0, 0.0, 101.74191284179688, 4.196562206289075
244, -739.166015625, 839.1466064453125, -0.16106468439102173, 1.0, 0.0, 101.52667999267578, 4.254440958599625
245, -739.173583984375, 839.2062377929688, -0.16042806208133698, 1.0, 0.0, 101.31364440917969, 4.311261386852208
246, -739.1815185546875, 839.2711791992188, -0.15915481746196747, 1.0, 0.0, 101.08341217041016, 4.372191734219292
247, -739.1891479492188, 839.3338012695312, -0.15851819515228271, 1.0, 0.0, 100.8627700805664, 4.430122871037983
248, -739.1964721679688, 839.3963012695312, -0.15788158774375916, 1.0, 0.0, 100.6434326171875, 4.487231870076372
249, -739.2037353515625, 839.4599609375, -0.15660834312438965, 1.0, 0.0, 100.42164611816406, 4.544595281925031
250, -739.2112426757812, 839.5278930664062, -0.1559717208147049, 1.0, 0.0, 100.1866455078125, 4.604891132837549
251, -739.2184448242188, 839.5944213867188, -0.15533511340618134, 1.0, 0.0, 99.95743560791016, 4.663242290730485
252, -739.2257080078125, 839.6651611328125, -0.15406186878681183, 1.0, 0.0, 99.7153549194336, 4.724464206923801
253, -739.2327270507812, 839.7344970703125, -0.15342524647712708, 0.9750000238418579, 0.0, 99.47949981689453, 4.78345047912113
254, -739.2392578125, 839.8016967773438, -0.15215201675891876, 0.9250000715255737, 0.0, 99.25252532958984, 4.839105878574113
255, -739.24609375, 839.87451171875, -0.1489689201116562, 0.9000000953674316, 0.0, 99.0089340209961, 4.8973262398261
256, -739.2523193359375, 839.9436645507812, -0.14578582346439362, 0.8750001192092896, 0.0, 98.78004455566406, 4.950590025680457
257, -739.2586669921875, 840.0145874023438, -0.13941963016986847, 0.8250001668930054, 0.0, 98.54887390136719, 5.003024717671396
258, -739.2647705078125, 840.0857543945312, -0.1362365335226059, 0.8000001907348633, 0.0, 98.32071685791016, 5.053238550921823
259, -739.2708129882812, 840.1577758789062, -0.13305343687534332, 0.7750002145767212, 0.0, 98.09437561035156, 5.101410314352565
260, -739.2769165039062, 840.2317504882812, -0.12668724358081818, 0.725000262260437, 0.0, 97.86700439453125, 5.148167439740406
261, -739.282958984375, 840.3062133789062, -0.1235041469335556, 0.7000002861022949, 0.0, 97.64334869384766, 5.192032927817657
262, -739.2890625, 840.3839111328125, -0.11713795363903046, 0.6500003337860107, 0.0, 97.41646575927734, 5.23457041157583
263, -739.2950439453125, 840.4613037109375, -0.11395486444234848, 0.6250003576278687, 0.0, 97.19672393798828, 5.273354375487531
264, -739.3008422851562, 840.537353515625, -0.10758867114782333, 0.5750004053115845, 0.0, 96.9873046875, 5.308235327931178
265, -739.306640625, 840.6152954101562, -0.10440557450056076, 0.5500004291534424, 0.0, 96.77928161621094, 5.340422180268347
266, -739.3120727539062, 840.6906127929688, -0.10122247785329819, 0.5250004529953003, 0.0, 96.58428955078125, 5.3683585953375585
267, -739.3178100585938, 840.770751953125, -0.09485628455877304, 0.4750004708766937, 0.0, 96.3837661743164, 5.3948781374359704
268, -739.3231201171875, 840.8466796875, -0.09167318791151047, 0.45000046491622925, 0.0, 96.2002182006836, 5.416504690731294
269, -739.3284912109375, 840.92578125, -0.08530700206756592, 0.4000004529953003, 0.0, 96.01612091064453, 5.43548193546872
270, -739.333740234375, 841.004638671875, -0.08212390542030334, 0.3750004470348358, 0.0, 95.83953094482422, 5.450092696511264
271, -739.3389892578125, 841.0831909179688, -0.07894080877304077, 0.35000044107437134, 0.0, 95.67031860351562, 5.460157495574071
272, -739.3441162109375, 841.1630859375, -0.07257461547851562, 0.3000004291534424, 0.0, 95.50501251220703, 5.465793859292653
273, -739.3489379882812, 841.2396850585938, -0.06939151883125305, 0.2750004231929779, 0.0, 95.35333251953125, 5.467224447469462
274, -739.3539428710938, 841.3184204101562, -0.06620842218399048, 0.2500004172325134, 0.0, 95.20401763916016, 5.467091988404527
275, -739.35888671875, 841.39599609375, -0.059842225164175034, 0.20000040531158447, 0.0, 95.0639877319336, 5.464369151682383
276, -739.363525390625, 841.4718627929688, -0.05665912479162216, 0.17500039935112, 0.0, 94.9334716796875, 5.460081467150044
277, -739.3682861328125, 841.5503540039062, -0.05347602441906929, 0.15000039339065552, 0.0, 94.80484771728516, 5.453510832258948
278, -739.3729248046875, 841.6266479492188, -0.047109827399253845, 0.10000038892030716, 0.0, 94.68651580810547, 5.444394985959177
279, -739.3775634765625, 841.7018432617188, -0.043926727026700974, 0.07500039041042328, 0.0, 94.57601165771484, 5.433846899249642
280, -739.3822631835938, 841.779541015625, -0.03756052628159523, 0.02500039152801037, 0.0, 94.46892547607422, 5.420521706370192
281, -739.3870239257812, 841.856201171875, -0.03437742590904236, 3.915280046840053e-07, 0.0, 94.37004089355469, 5.404251567347858
282, -739.3915405273438, 841.9307861328125, -0.031194327399134636, -0.02499960921704769, 0.0, 94.28022766113281, 5.3867729800535065
283, -739.3961791992188, 842.006103515625, -0.024828128516674042, 0.0, 0.0, 94.1963119506836, 5.3673889698889665
284, -739.4006958007812, 842.079833984375, -0.02164502814412117, 0.0, 0.0, 94.12074279785156, 5.346681859968376
285, -739.4053955078125, 842.15576171875, -0.018461929634213448, 0.0, 0.0, 94.04973602294922, 5.324026010205236
286, -739.4099731445312, 842.2289428710938, -0.01527883019298315, 0.0, 0.0, 93.98753356933594, 5.301116781669611
287, -739.4148559570312, 842.3050537109375, -0.008912633173167706, 0.0, 0.0, 93.92989349365234, 5.276413193757919
288, -739.419677734375, 842.3811645507812, -0.005729534663259983, 0.0, 0.0, 93.87957763671875, 5.250243583670689
289, -739.4246215820312, 842.4561767578125, 0.0, 0.0, 0.0, 93.83731079101562, 5.2239141677212215
290, -739.4295043945312, 842.5288696289062, 0.0019098592456430197, 0.0, 0.0, 93.802978515625, 5.19865467248033
291, -739.4344482421875, 842.6024169921875, 0.0038197184912860394, 0.0, 0.0, 93.77457427978516, 5.173178439724247
292, -739.4395141601562, 842.676513671875, 0.007639436982572079, 0.0, 0.0, 93.7522201538086, 5.146596985861955
293, -739.4447631835938, 842.7511596679688, 0.009549296461045742, 0.0, 0.0, 93.73592376708984, 5.119115638777894
294, -739.4496459960938, 842.821044921875, 0.013369014486670494, 0.0, 0.0, 93.72615814208984, 5.093936064917111
295, -739.454833984375, 842.893310546875, 0.015278873965144157, 0.0, 0.0, 93.7215576171875, 5.068467240117511
296, -739.4599609375, 842.965576171875, 0.01718873344361782, 0.0, 0.0, 93.72222137451172, 5.041848366567535
297, -739.4652099609375, 843.0361328125, 0.019098592922091484, 0.0, 0.0, 93.72766876220703, 5.015851487023627
298, -739.4705200195312, 843.107666015625, 0.02291831001639366, 0.0, 0.0, 93.73820495605469, 4.9894781036317495
299, -739.4757080078125, 843.1764526367188, 0.024828169494867325, 0.0, 0.0, 93.75302124023438, 4.970141055100949
300, -739.4810180664062, 843.2451171875, 0.026738028973340988, 0.0, 0.0, 93.77246856689453, 4.9502993478161175
301, -739.486328125, 843.313232421875, 0.030557747930288315, 0.0, 0.0, 93.79642486572266, 4.929405490099012
302, -739.4916381835938, 843.3801879882812, 0.03246760740876198, 0.0, 0.0, 93.82443237304688, 4.908013858229947
303, -739.4971923828125, 843.4490356445312, 0.036287322640419006, 0.0, 0.0, 93.8580093383789, 4.885340629657417
304, -739.5030517578125, 843.51904296875, 0.03819718211889267, 0.0, 0.0, 93.89691925048828, 4.86184768519688
305, -739.5089111328125, 843.5869140625, 0.040107037872076035, 0.0, 0.0, 93.93898010253906, 4.838731031750989
306, -739.5148315429688, 843.6555786132812, 0.04392675310373306, 0.0, 0.05000000074505806, 93.98617553710938, 4.815237823196527
307, -739.5211791992188, 843.7266845703125, 0.04583660885691643, 0.0, 0.07500000298023224, 94.03972625732422, 4.790220502763233
308, -739.527587890625, 843.7969360351562, 0.049656324088573456, 0.0, 0.125, 94.09760284423828, 4.764626101770763
309, -739.5341796875, 843.8677978515625, 0.049656324088573456, 0.0, 0.125, 94.16020965576172, 4.738154762101651
310, -739.5404663085938, 843.9328002929688, 0.053476039320230484, 0.0, 0.17500001192092896, 94.22154235839844, 4.713150879157674
311, -739.5535888671875, 844.0650024414062, 0.05729575455188751, 0.0, 0.2250000238418579, 94.35784912109375, 4.660066560441914
312, -739.5601196289062, 844.1293334960938, 0.059205614030361176, 0.0, 0.2500000298023224, 94.42955017089844, 4.633169932963253
313, -739.5667114257812, 844.1923217773438, 0.0630253255367279, 0.0, 0.30000004172325134, 94.50338745117188, 4.606051262674781
314, -739.5736694335938, 844.2578735351562, 0.06493518501520157, 0.0, 0.3250000476837158, 94.58401489257812, 4.5770115973418735
315, -739.5808715820312, 844.3231811523438, 0.06684504449367523, 0.0, 0.3500000536441803, 94.6681137084961, 4.547250546567948
316, -739.5885009765625, 844.3912353515625, 0.07066475600004196, 0.0, 0.40000006556510925, 94.76013946533203, 4.515229061137312
317, -739.595703125, 844.4535522460938, 0.07257461547851562, 0.0, 0.42500007152557373, 94.84820556640625, 4.484998256054748
318, -739.6028442382812, 844.5147705078125, 0.07448447495698929, 0.0, 0.4500000774860382, 94.93792724609375, 4.454580173347367
319, -739.6109008789062, 844.5809326171875, 0.07830418646335602, 0.0, 0.5000000596046448, 95.03937530517578, 4.420613947483855
320, -739.618408203125, 844.6419067382812, 0.08021404594182968, 0.0, 0.5250000357627869, 95.13646697998047, 4.388420237041964
321, -739.6261596679688, 844.7031860351562, 0.08212390542030334, 0.0, 0.550000011920929, 95.23757934570312, 4.35522434835819
322, -739.634033203125, 844.7642211914062, 0.08594361692667007, 0.0, 0.5999999642372131, 95.3421859741211, 4.321150229627647
323, -739.641845703125, 844.8229370117188, 0.08785347640514374, 0.0, 0.6249999403953552, 95.44645690917969, 4.287429325869696
324, -739.6500854492188, 844.883544921875, 0.09167318791151047, 0.0, 0.6749998927116394, 95.55780792236328, 4.251628523166752
325, -739.6588745117188, 844.9467163085938, 0.09358304738998413, 0.0, 0.7249998450279236, 95.67823028564453, 4.213053393706387
326, -739.6678466796875, 845.009521484375, 0.0954929068684578, 0.0, 0.7499998211860657, 95.80194854736328, 4.173485102625809
327, -739.6780395507812, 845.0786743164062, 0.09931261837482452, 0.0, 0.7999997735023499, 95.9433822631836, 4.128325546207558
328, -739.6880493164062, 845.145263671875, 0.10122247785329819, 0.0, 0.8249997496604919, 96.0843276977539, 4.083416826588422
329, -739.6975708007812, 845.2069091796875, 0.10695204883813858, 0.0, 0.8749997019767761, 96.2195053100586, 4.040442216460168
330, -739.7073364257812, 845.2681274414062, 0.10886190831661224, 0.0, 0.8999996781349182, 96.35836791992188, 3.996543004000096
331, -739.716796875, 845.325927734375, 0.11268161982297897, 0.0, 0.9499996304512024, 96.4940185546875, 3.9537633802937533
332, -739.7262573242188, 845.3826293945312, 0.11459147930145264, 0.0, 0.9749996066093445, 96.63113403320312, 3.910626088937412
333, -739.736083984375, 845.4401245117188, 0.11459147930145264, 0.0, 0.9999995827674866, 96.77346801757812, 3.8658888761844663
334, -739.74609375, 845.4977416992188, 0.11841119825839996, 0.0, 1.0, 96.91966247558594, 3.8200027567824297
335, -739.756103515625, 845.5536499023438, 0.12032105028629303, 0.0, 1.0, 97.06543731689453, 3.7746125197448754
336, -739.7665405273438, 845.6112060546875, 0.12414076924324036, 0.0, 1.0, 97.21928405761719, 3.7271993511533466
337, -739.7772216796875, 845.6686401367188, 0.12605062127113342, 0.0, 1.0, 97.37684631347656, 3.6793224756114387
338, -739.7877197265625, 845.7232666015625, 0.12987034022808075, 0.0, 1.0, 97.53056335449219, 3.6332392731518315
339, -739.8077392578125, 845.8242797851562, 0.13559991121292114, 0.0, 1.0, 97.82482147216797, 3.54686820269044
340, -739.8175048828125, 845.8726196289062, 0.1375097632408142, 0.0, 1.0, 97.97039031982422, 3.505041719939493
341, -739.8272705078125, 845.9193725585938, 0.13941963016986847, 0.0, 1.0, 98.11459350585938, 3.4641518790093153
342, -739.83740234375, 845.9674072265625, 0.1432393491268158, 0.0, 1.0, 98.26560974121094, 3.4218356858519643
343, -739.847900390625, 846.0154418945312, 0.14514920115470886, 0.0, 1.0, 98.42029571533203, 3.379092942925362
344, -739.8582763671875, 846.0625610351562, 0.14705905318260193, 0.0, 0.9750000238418579, 98.57511901855469, 3.3369695809567577
345, -739.8687133789062, 846.1088256835938, 0.15087877213954926, 0.0, 0.9250000715255737, 98.72967529296875, 3.295825624788286
346, -739.879150390625, 846.1541748046875, 0.15278862416744232, 0.0, 0.9000000953674316, 98.88508605957031, 3.255603733323783
347, -739.8895263671875, 846.198974609375, 0.15469849109649658, 0.0, 0.8750001192092896, 99.04125213623047, 3.2162539294502457
348, -739.89990234375, 846.2424926757812, 0.15851819515228271, 0.0, 0.8250001668930054, 99.19588470458984, 3.178412017778201
349, -739.9102783203125, 846.2854614257812, 0.16042806208133698, 0.0, 0.8000001907348633, 99.35100555419922, 3.1416993485867226
350, -739.9210815429688, 846.3289794921875, 0.16233791410923004, 0.0, 0.7750002145767212, 99.51161193847656, 3.104851568112785
351, -739.931640625, 846.3709716796875, 0.16615763306617737, 0.0, 0.725000262260437, 99.6689682006836, 3.069907125422907
352, -739.9422607421875, 846.412353515625, 0.16806748509407043, 0.0, 0.7000002861022949, 99.82682800292969, 3.0361117187373687
353, -739.9525756835938, 846.4521484375, 0.1699773520231247, 0.0, 0.6750003099441528, 99.98140716552734, 3.004082259436714
354, -739.9637451171875, 846.494384765625, 0.17379705607891083, 0.0, 0.6250003576278687, 100.14814758300781, 2.970732522377401
355, -739.9747314453125, 846.5349731445312, 0.1757069230079651, 0.0, 0.6000003814697266, 100.31147003173828, 2.9393412632262157
356, -739.9861450195312, 846.5767211914062, 0.17952664196491241, 0.0, 0.5500004291534424, 100.48222351074219, 2.907822627190413
357, -739.9973754882812, 846.6167602539062, 0.18143649399280548, 0.0, 0.5250004529953003, 100.64925384521484, 2.878314192236553
358, -740.0082397460938, 846.6548461914062, 0.18334634602069855, 0.0, 0.5000004768371582, 100.81002807617188, 2.8509529424142666
359, -740.0191040039062, 846.6925048828125, 0.18716606497764587, 0.0, 0.45000046491622925, 100.97180938720703, 2.82446041955419
360, -740.0302124023438, 846.730224609375, 0.18907591700553894, 0.0, 0.42500045895576477, 101.13674926757812, 2.7986270756207072
361, -740.0419311523438, 846.7696533203125, 0.1909857839345932, 0.0, 0.4000004529953003, 101.3114013671875, 2.7723846430671877
362, -740.0531005859375, 846.806640625, 0.19480548799037933, 0.0, 0.35000044107437134, 101.4776611328125, 2.7484472698624236
363, -740.0645141601562, 846.8438110351562, 0.1967153549194336, 0.0, 0.32500043511390686, 101.6476058959961, 2.7251500198913936
364, -740.076171875, 846.881103515625, 0.19862520694732666, 0.0, 0.3000004291534424, 101.82011413574219, 2.7025216281333644
365, -740.08740234375, 846.9164428710938, 0.19989845156669617, 0.0, 0.2500004172325134, 101.98631286621094, 2.6817769957915374
366, -740.0988159179688, 846.951904296875, 0.20180830359458923, 0.0, 0.22500041127204895, 102.15422821044922, 2.661811529427687
367, -740.1105346679688, 846.9877319335938, 0.20117168128490448, 0.0, 0.20000040531158447, 102.3255615234375, 2.642437006849186
368, -740.1219482421875, 847.022705078125, 0.19989845156669617, 0.0, 0.15000039339065552, 102.49337768554688, 2.624444687868345
369, -740.1336669921875, 847.0579223632812, 0.20180830359458923, 0.0, 0.12500038743019104, 102.66360473632812, 2.607021915896078
370, -740.1450805664062, 847.0922241210938, 0.20117168128490448, 0.0, 0.10000038892030716, 102.8299560546875, 2.5908310398887586
371, -740.157470703125, 847.1287841796875, 0.19989845156669617, 0.0, 0.0500003919005394, 103.00790405273438, 2.574500308597559
372, -740.1688232421875, 847.1619262695312, 0.20180830359458923, 0.0, 0.02500039152801037, 103.16940307617188, 2.5604242574815066
373, -740.1803588867188, 847.1953735351562, 0.20117168128490448, 0.0, 3.915280046840053e-07, 103.33277893066406, 2.5469571684731305
374, -740.1920166015625, 847.2285766601562, 0.19989845156669617, 0.0, 0.0, 103.4948501586914, 2.537618742428468
375, -740.2037963867188, 847.261962890625, 0.20180830359458923, 0.0, 0.0, 103.65826416015625, 2.5271177786184156
376, -740.2160034179688, 847.2963256835938, 0.20117168128490448, 0.0, 0.0, 103.82676696777344, 2.515702443636947
377, -740.227783203125, 847.3292236328125, 0.19989845156669617, 0.0, 0.0, 103.98768615722656, 2.504454571508273
378, -740.2395629882812, 847.3618774414062, 0.20180830359458923, 0.0, 0.0, 104.14823150634766, 2.4928772859993686
379, -740.251708984375, 847.3948364257812, 0.20053507387638092, 0.0, 0.0, 104.31038665771484, 2.4811081621016506
380, -740.2640380859375, 847.4286499023438, 0.19989845156669617, 0.0, 0.0, 104.47655487060547, 2.468939803387198
381, -740.2757568359375, 847.4602661132812, 0.20180830359458923, 0.0, 0.0, 104.63268280029297, 2.4573456840825973
382, -740.2876586914062, 847.491943359375, 0.20053507387638092, 0.0, 0.0, 104.78893280029297, 2.445788116922251
383, -740.301025390625, 847.527587890625, 0.19989845156669617, 0.0, 0.0, 104.96441650390625, 2.432787776750772
384, -740.3131713867188, 847.5594482421875, 0.20180830359458923, 0.0, 0.0, 105.12248992919922, 2.4209597396911144
385, -740.3257446289062, 847.592041015625, 0.20117168128490448, 0.0, 0.0, 105.28369140625, 2.408955835067742
386, -740.337646484375, 847.622802734375, 0.20053507387638092, 0.0, 0.0, 105.4365234375, 2.397603189123442
387, -740.3504028320312, 847.6554565429688, 0.20180830359458923, 0.0, 0.0, 105.59898376464844, 2.3854711951672396
388, -740.3648071289062, 847.6918334960938, 0.20117168128490448, 0.0, 0.0, 105.7801742553711, 2.3719987237122226
389, -740.3773803710938, 847.7235717773438, 0.19989845156669617, 0.02500000037252903, 0.0, 105.93900299072266, 2.355568438393482
390, -740.3903198242188, 847.7555541992188, 0.20180830359458923, 0.05000000074505806, 0.0, 106.0987319946289, 2.3426881365577206
391, -740.4028930664062, 847.786865234375, 0.20117168128490448, 0.07500000298023224, 0.0, 106.25559997558594, 2.332851927857809
392, -740.4171142578125, 847.8217163085938, 0.20180830359458923, 0.125, 0.0, 106.43010711669922, 2.325096663617349
393, -740.4300537109375, 847.8530883789062, 0.20117168128490448, 0.15000000596046448, 0.0, 106.58732604980469, 2.321033741956681
394, -740.4430541992188, 847.8843383789062, 0.19989845156669617, 0.20000001788139343, 0.0, 106.7435531616211, 2.319662490723395
395, -740.4556884765625, 847.914794921875, 0.20180830359458923, 0.2250000238418579, 0.0, 106.89591979980469, 2.3208710516857867
396, -740.4685668945312, 847.9451293945312, 0.20117168128490448, 0.2500000298023224, 0.0, 107.04815673828125, 2.324330682276395
397, -740.4816284179688, 847.9758911132812, 0.19989845156669617, 0.30000004172325134, 0.0, 107.20216369628906, 2.330238583417353
398, -740.4949951171875, 848.0070190429688, 0.20180830359458923, 0.3250000476837158, 0.0, 107.358154296875, 2.3386866850249435
399, -740.5086669921875, 848.0386352539062, 0.20180830359458923, 0.3500000536441803, 0.0, 107.51692199707031, 2.3495151325515238
400, -740.5365600585938, 848.1026611328125, 0.19989845156669617, 0.40000006556510925, 0.0, 107.83679962158203, 2.3772939217331466
401, -740.5506591796875, 848.1346435546875, 0.20117168128490448, 0.4500000774860382, 0.0, 107.99667358398438, 2.394044263204505
402, -740.5653076171875, 848.1676635742188, 0.20053507387638092, 0.4750000834465027, 0.0, 108.16140747070312, 2.4137704772066986
403, -740.5794067382812, 848.199462890625, 0.20180830359458923, 0.5250000357627869, 0.0, 108.32022857666016, 2.434910723567469
404, -740.5938720703125, 848.2313232421875, 0.20117168128490448, 0.550000011920929, 0.0, 108.47998046875, 2.458526406356377
405, -740.6087036132812, 848.2640991210938, 0.20053507387638092, 0.574999988079071, 0.0, 108.64383697509766, 2.4847403361549807
406, -740.6250610351562, 848.2996826171875, 0.20180830359458923, 0.6249999403953552, 0.0, 108.82129669189453, 2.515250777274549
407, -740.640380859375, 848.3329467773438, 0.20117168128490448, 0.6499999165534973, 0.0, 108.9875717163086, 2.5460479277353216
408, -740.6557006835938, 848.365966796875, 0.20053507387638092, 0.6749998927116394, 0.0, 109.15232849121094, 2.5782593462342533
409, -740.67138671875, 848.3998413085938, 0.20180830359458923, 0.7249998450279236, 0.0, 109.32157135009766, 2.612956369062039
410, -740.6875, 848.4338989257812, 0.20117168128490448, 0.7499998211860657, 0.0, 109.4917221069336, 2.649805619098858
411, -740.7035522460938, 848.4677124023438, 0.19989845156669617, 0.7999997735023499, 0.0, 109.66078186035156, 2.688322493162059
412, -740.72021484375, 848.5025634765625, 0.20180830359458923, 0.8249997496604919, 0.0, 109.83483123779297, 2.729684354263685
413, -740.7368774414062, 848.537353515625, 0.20117168128490448, 0.849999725818634, 0.0, 110.00843811035156, 2.7725023428559448
414, -740.7537841796875, 848.572509765625, 0.20053507387638092, 0.8749997019767761, 0.0, 110.18379211425781, 2.817076634551761
415, -740.77099609375, 848.6077880859375, 0.20180830359458923, 0.9249996542930603, 0.0, 110.35991668701172, 2.8629874718244777
416, -740.789306640625, 848.6451416015625, 0.20117168128490448, 0.9499996304512024, 0.0, 110.54621124267578, 2.9131465245020483
417, -740.806884765625, 848.6806640625, 0.20053507387638092, 0.9749996066093445, 0.0, 110.72315216064453, 2.9620608577550973
418, -740.825439453125, 848.718017578125, 0.20180830359458923, 1.0249996185302734, 0.0, 110.90962982177734, 3.0144724940100507
419, -740.863525390625, 848.7935791015625, 0.20053507387638092, 1.0, 0.0, 111.2864990234375, 3.1219840599847872
420, -740.8836059570312, 848.8330078125, 0.20180830359458923, 1.0, 0.0, 111.4835205078125, 3.177864850626899
421, -740.9033203125, 848.8716430664062, 0.20117168128490448, 1.0, 0.0, 111.67623901367188, 3.2321186756694744
422, -740.9244995117188, 848.9124145507812, 0.20053507387638092, 1.0, 0.0, 111.88024139404297, 3.288969051433166
423, -740.9464111328125, 848.954345703125, 0.20180830359458923, 1.0, 0.0, 112.08981323242188, 3.3464717082312427
424, -740.9674072265625, 848.994384765625, 0.20117168128490448, 1.0, 0.0, 112.29015350341797, 3.400768534078552
425, -740.9888916015625, 849.034912109375, 0.20053507387638092, 1.0, 0.0, 112.49317169189453, 3.455097121177245
426, -741.011474609375, 849.0771484375, 0.20180830359458923, 1.0, 0.0, 112.70501708984375, 3.5108405703215455
427, -741.0343627929688, 849.1197509765625, 0.20117168128490448, 1.0, 0.0, 112.91873931884766, 3.566324859171388
428, -741.0584716796875, 849.1641235351562, 0.20053507387638092, 1.0, 0.0, 113.14141845703125, 3.623342621500104
429, -741.0826416015625, 849.2083129882812, 0.20180830359458923, 1.0, 0.0, 113.36343383789062, 3.6792305355376276
430, -741.1339111328125, 849.3010864257812, 0.20053507387638092, 1.0, 0.0, 113.8300552368164, 3.794283037953676
431, -741.1593627929688, 849.3463745117188, 0.20180830359458923, 1.0, 0.0, 114.05863189697266, 3.849330542205763
432, -741.1859741210938, 849.3935546875, 0.20117168128490448, 1.0, 0.0, 114.29698944091797, 3.905974655832233
433, -741.2132568359375, 849.44140625, 0.20053507387638092, 1.0, 0.0, 114.53841400146484, 3.9626381041431538
434, -741.2398071289062, 849.487548828125, 0.19989845156669617, 1.0, 0.0, 114.77201843261719, 4.016811156353401
435, -741.2678833007812, 849.5357055664062, 0.20117168128490448, 1.0, 0.0, 115.01595306396484, 4.072485111267209
436, -741.2963256835938, 849.5844116210938, 0.20053507387638092, 1.0, 0.0, 115.26258087158203, 4.1280930416330195
437, -741.325927734375, 849.6345825195312, 0.19989845156669617, 1.0, 0.0, 115.51687622070312, 4.184765860234994
438, -741.3555908203125, 849.684326171875, 0.20117168128490448, 1.0, 0.0, 115.76941680908203, 4.240170741151814
439, -741.3860473632812, 849.735107421875, 0.20053507387638092, 1.0, 0.0, 116.02796936035156, 4.296233788883989
440, -741.4171752929688, 849.7862548828125, 0.20180830359458923, 1.0, 0.0, 116.28885650634766, 4.351920337973533
441, -741.4498901367188, 849.839599609375, 0.20117168128490448, 1.0, 0.0, 116.56144714355469, 4.409433861585117
442, -741.482421875, 849.89208984375, 0.20053507387638092, 1.0, 0.0, 116.83024597167969, 4.465513511114864
443, -741.515380859375, 849.9447631835938, 0.20180830359458923, 1.0, 0.0, 117.10063934326172, 4.521072373495577
444, -741.550537109375, 850.0003662109375, 0.20117168128490448, 1.0, 0.0, 117.38667297363281, 4.579178485421902
445, -741.5838012695312, 850.0525512695312, 0.20053507387638092, 1.0, 0.0, 117.65565490722656, 4.633257460265733
446, -741.6194458007812, 850.1078491210938, 0.19989845156669617, 1.0, 0.0, 117.94087219238281, 4.68998751664489
447, -741.6565551757812, 850.1649780273438, 0.20117168128490448, 1.0, 0.0, 118.23567962646484, 4.747787330842469
448, -741.693115234375, 850.220703125, 0.20053507387638092, 1.0, 0.0, 118.5242919921875, 4.803786471359327
449, -741.7283935546875, 850.2738647460938, 0.19989845156669617, 1.0, 0.0, 118.80020904541016, 4.856825875541618
450, -741.7667846679688, 850.3311767578125, 0.20117168128490448, 1.0, 0.0, 119.09818267822266, 4.913279861307712
451, -741.8060913085938, 850.3892211914062, 0.20053507387638092, 0.9750000238418579, 0.0, 119.40044403076172, 4.969807694247208
452, -741.8455810546875, 850.4471435546875, 0.19989845156669617, 0.9500000476837158, 0.0, 119.70315551757812, 5.025299472821042
453, -741.8857421875, 850.5051879882812, 0.20117168128490448, 0.9000000953674316, 0.0, 120.0072250366211, 5.07941438720443
454, -741.9266357421875, 850.5637817382812, 0.20053507387638092, 0.8750001192092896, 0.0, 120.3147964477539, 5.1322223925992985
455, -741.9677734375, 850.6220703125, 0.19989845156669617, 0.8500001430511475, 0.0, 120.62144470214844, 5.182801739593978
456, -742.0103149414062, 850.681640625, 0.20117168128490448, 0.8000001907348633, 0.0, 120.93624114990234, 5.23219367446684
457, -742.0523071289062, 850.7400512695312, 0.20053507387638092, 0.7750002145767212, 0.0, 121.24552154541016, 5.2781472902819315
458, -742.0971069335938, 850.8014526367188, 0.19989845156669617, 0.7500002384185791, 0.0, 121.57164764404297, 5.323991935919767
459, -742.1393432617188, 850.8589477539062, 0.20180830359458923, 0.725000262260437, 0.0, 121.87824249267578, 5.364382050406749
460, -742.1851196289062, 850.9205322265625, 0.20053507387638092, 0.6750003099441528, 0.0, 122.20744323730469, 5.405236143150415
461, -742.2300415039062, 850.9803466796875, 0.19989845156669617, 0.6500003337860107, 0.0, 122.52884674072266, 5.442253931038766
462, -742.2760620117188, 851.040771484375, 0.20180830359458923, 0.6250003576278687, 0.0, 122.85486602783203, 5.476792364443902
463, -742.3217163085938, 851.1001586914062, 0.20053507387638092, 0.5750004053115845, 0.0, 123.1762924194336, 5.508246387740242
464, -742.36865234375, 851.1604614257812, 0.19989845156669617, 0.5500004291534424, 0.0, 123.50407409667969, 5.537401891393835
465, -742.4163818359375, 851.2210693359375, 0.20180830359458923, 0.5250004529953003, 0.0, 123.83514404296875, 5.563747227764046
466, -742.4630126953125, 851.2798461914062, 0.20053507387638092, 0.4750004708766937, 0.0, 124.15715026855469, 5.58675163477926
467, -742.5123291015625, 851.341064453125, 0.19989845156669617, 0.45000046491622925, 0.0, 124.49443817138672, 5.607826466964231
468, -742.5609130859375, 851.4008178710938, 0.20180830359458923, 0.42500045895576477, 0.0, 124.825439453125, 5.625391822533463
469, -742.6109008789062, 851.4616088867188, 0.20053507387638092, 0.3750004470348358, 0.0, 125.16358947753906, 5.640580103891736
470, -742.661865234375, 851.522705078125, 0.19989845156669617, 0.35000044107437134, 0.0, 125.50537109375, 5.6527756285960065
471, -742.7108154296875, 851.5809326171875, 0.20180830359458923, 0.32500043511390686, 0.0, 125.83255767822266, 5.661420197944961
472, -742.7603149414062, 851.6389770507812, 0.20053507387638092, 0.2750004231929779, 0.0, 126.16053771972656, 5.667473693575306
473, -742.8109741210938, 851.6978149414062, 0.19989845156669617, 0.2500004172325134, 0.0, 126.49481964111328, 5.6705631358883215
474, -742.8618774414062, 851.7562255859375, 0.20180830359458923, 0.22500041127204895, 0.0, 126.82830047607422, 5.670418378356342
475, -742.9127197265625, 851.8139038085938, 0.20053507387638092, 0.17500039935112, 0.0, 127.15950775146484, 5.6673138849562585
476, -742.9660034179688, 851.8735961914062, 0.19989845156669617, 0.15000039339065552, 0.0, 127.50481414794922, 5.66035314335021
477, -743.0176391601562, 851.9306640625, 0.20180830359458923, 0.12500038743019104, 0.0, 127.83772277832031, 5.6502182745781075
478, -743.0712890625, 851.989501953125, 0.20053507387638092, 0.07500039041042328, 0.0, 128.1830596923828, 5.637034676808378
479, -743.12451171875, 852.0471801757812, 0.19989845156669617, 0.0500003919005394, 0.0, 128.52342224121094, 5.621421957565554
480, -743.1803588867188, 852.1068725585938, 0.20180830359458923, 0.02500039152801037, 0.0, 128.87945556640625, 5.602226111833389
481, -743.2325439453125, 852.1619873046875, 0.20117168128490448, 3.915280046840053e-07, 0.0, 129.2110595703125, 5.583191468357088
482, -743.2875366210938, 852.219482421875, 0.19989845156669617, 0.0, 0.0, 129.55885314941406, 5.56091636868212
483, -743.3405151367188, 852.2742919921875, 0.20180830359458923, 0.0, 0.0, 129.8927764892578, 5.538244777547308
484, -743.3933715820312, 852.328125, 0.20117168128490448, 0.0, 0.0, 130.22418212890625, 5.5152020052874215
485, -743.4478149414062, 852.3831176757812, 0.19989845156669617, 0.0, 0.0, 130.56431579589844, 5.490436885927
486, -743.5014038085938, 852.4364624023438, 0.20180830359458923, 0.0, 0.0, 130.89772033691406, 5.465524025843978
487, -743.556640625, 852.4908447265625, 0.20117168128490448, 0.0, 0.0, 131.23974609375, 5.439163887562271
488, -743.6100463867188, 852.5427856445312, 0.19989845156669617, 0.0, 0.0, 131.5691680908203, 5.413979442641635
489, -743.6644287109375, 852.5951538085938, 0.20180830359458923, 0.0, 0.0, 131.90365600585938, 5.387777936289173
490, -743.7186279296875, 852.646728515625, 0.20053507387638092, 0.0, 0.0, 132.23536682128906, 5.361654038887031
491, -743.7723999023438, 852.6970825195312, 0.19989845156669617, 0.0, 0.0, 132.5623779296875, 5.33594590286259
492, -743.8256225585938, 852.7465209960938, 0.20180830359458923, 0.0, 0.0, 132.88522338867188, 5.310464471755703
493, -743.88037109375, 852.7967529296875, 0.20053507387638092, 0.0, 0.0, 133.2154083251953, 5.283888062076549
494, -743.935546875, 852.8468017578125, 0.19989845156669617, 0.0, 0.0, 133.54672241210938, 5.256785179618521
495, -743.9899291992188, 852.8955078125, 0.20180830359458923, 0.0, 0.0, 133.87208557128906, 5.230240152025351
496, -744.0446166992188, 852.9440307617188, 0.20053507387638092, 0.0, 0.0, 134.1982421875, 5.203636063345379
497, -744.0977172851562, 852.9905395507812, 0.19989845156669617, 0.0, 0.0, 134.51329040527344, 5.178565601252631
498, -744.1535034179688, 853.0387573242188, 0.20180830359458923, 0.0, 0.0, 134.84259033203125, 5.151150626622229
499, -744.2101440429688, 853.087158203125, 0.20053507387638092, 0.0, 0.0, 135.1763153076172, 5.121124793781134
500, -744.2621459960938, 853.1312255859375, 0.19989845156669617, 0.0, 0.0, 135.48223876953125, 5.0943833204912
501, -744.3159790039062, 853.1762084960938, 0.20180830359458923, 0.0, 0.0, 135.7975616455078, 5.0663884185589545
502, -744.3688354492188, 853.2200317382812, 0.20117168128490448, 0.0, 0.0, 136.1063690185547, 5.0393732710654735
503, -744.4222412109375, 853.2639770507812, 0.19989845156669617, 0.0, 0.0, 136.41749572753906, 5.017324828926157
504, -744.4769287109375, 853.3084106445312, 0.20180830359458923, 0.0, 0.0, 136.7342071533203, 4.993694747807823
505, -744.5321655273438, 853.3527221679688, 0.20117168128490448, 0.0, 0.0, 137.05154418945312, 4.969074875313726
506, -744.5872192382812, 853.3966064453125, 0.19989845156669617, 0.0, 0.0, 137.36642456054688, 4.943993362395155
507, -744.6405029296875, 853.4384765625, 0.20180830359458923, 0.0, 0.0, 137.6691131591797, 4.919210533569459
508, -744.693359375, 853.4794921875, 0.20117168128490448, 0.0, 0.0, 137.96771240234375, 4.894477565328226
509, -744.74951171875, 853.5227661132812, 0.19989845156669617, 0.0, 0.0, 138.2839813232422, 4.868059136760346
510, -744.804931640625, 853.5648803710938, 0.20180830359458923, 0.0, 0.0, 138.59400939941406, 4.841771300275907
511, -744.8588256835938, 853.60546875, 0.20053507387638092, 0.0, 0.0, 138.89443969726562, 4.816274262593945
512, -744.9129638671875, 853.6456298828125, 0.19989845156669617, 0.0, 0.0, 139.194580078125, 4.79072602215072
513, -744.9657592773438, 853.6844482421875, 0.20180830359458923, 0.0, 0.0, 139.4864501953125, 4.765648624706638
514, -745.0191040039062, 853.7233276367188, 0.20053507387638092, 0.0, 0.0, 139.78054809570312, 4.740451466960678
515, -745.073486328125, 853.7623901367188, 0.19989845156669617, 0.0, 0.0, 140.0782470703125, 4.714927125298462
516, -745.1281127929688, 853.8012084960938, 0.20180830359458923, 0.0, 0.0, 140.37661743164062, 4.6891600209350015
517, -745.1813354492188, 853.838623046875, 0.20053507387638092, 0.0, 0.0, 140.66635131835938, 4.664236581886763
518, -745.2374267578125, 853.877685546875, 0.19989845156669617, 0.0, 0.0, 140.9706268310547, 4.638061535602699
519, -745.2921142578125, 853.915283203125, 0.20180830359458923, 0.0, 0.0, 141.26602172851562, 4.612482249029204
520, -745.3475341796875, 853.9529418945312, 0.20053507387638092, 0.0, 0.0, 141.56480407714844, 4.586726854127544
521, -745.4010009765625, 853.9888916015625, 0.19989845156669617, 0.0, 0.0, 141.85142517089844, 4.562031876399354
522, -745.4542846679688, 854.024169921875, 0.20180830359458923, 0.0, 0.0, 142.13629150390625, 4.5373317080841
523, -745.5071411132812, 854.0589599609375, 0.20053507387638092, 0.0, 0.0, 142.4188690185547, 4.511215799671481
524, -745.560791015625, 854.0938110351562, 0.19989845156669617, 0.0, 0.0, 142.7050323486328, 4.483793007435345
525, -745.6137084960938, 854.1278076171875, 0.20180830359458923, 0.0, 0.0, 142.98818969726562, 4.456716138289207
526, -745.6665649414062, 854.1615600585938, 0.20053507387638092, 0.0, 0.0, 143.27093505859375, 4.429979704390601
527, -745.7205200195312, 854.1956787109375, 0.19989845156669617, 0.0, 0.0, 143.55886840820312, 4.400563899282537
528, -745.7749633789062, 854.2296142578125, 0.20117168128490448, 0.0, 0.0, 143.84678649902344, 4.368541433820291
529, -745.8270874023438, 854.2615356445312, 0.20053507387638092, 0.0, 0.0, 144.1204833984375, 4.338405901057779
530, -745.8803100585938, 854.2938842773438, 0.19989845156669617, 0.0, 0.0, 144.39816284179688, 4.308083427946143
531, -745.9315185546875, 854.3245849609375, 0.20117168128490448, 0.0, 0.0, 144.6639862060547, 4.27908548393638
532, -745.9824829101562, 854.3546142578125, 0.20053507387638092, 0.0, 0.0, 144.92694091796875, 4.250583347919735
533, -746.0348510742188, 854.3850708007812, 0.19989845156669617, 0.0, 0.0, 145.195556640625, 4.221596155339334
534, -746.0866088867188, 854.414794921875, 0.20117168128490448, 0.0, 0.0, 145.4605255126953, 4.192958176368398
535, -746.1355590820312, 854.4425659179688, 0.20053507387638092, 0.0, 0.0, 145.70938110351562, 4.166161391173338
536, -746.1863403320312, 854.470947265625, 0.19989845156669617, 0.0, 0.0, 145.96653747558594, 4.138516762218002
537, -746.2379760742188, 854.4993286132812, 0.20117168128490448, 0.0, 0.0, 146.22666931152344, 4.114425380443237
538, -746.288818359375, 854.5270385742188, 0.20053507387638092, 0.0, 0.0, 146.4809112548828, 4.090867465723475
539, -746.3402099609375, 854.554443359375, 0.19989845156669617, 0.0, 0.0, 146.7359161376953, 4.066953159099059
540, -746.3897705078125, 854.5804443359375, 0.20117168128490448, 0.0, 0.0, 146.9814453125, 4.0435957337306085
541, -746.4395141601562, 854.606201171875, 0.20053507387638092, 0.0, 0.0, 147.22731018066406, 4.0202819261092895
542, -746.4888916015625, 854.6315307617188, 0.20180830359458923, 0.0, 0.0, 147.47142028808594, 3.9970769377003696
543, -746.5391845703125, 854.6568603515625, 0.20117168128490448, 0.0, 0.0, 147.71939086914062, 3.973541740004022
544, -746.5881958007812, 854.6812133789062, 0.20053507387638092, 0.0, 0.0, 147.9607696533203, 3.9506241606762984
545, -746.63818359375, 854.7057495117188, 0.19989845156669617, 0.0, 0.0, 148.20632934570312, 3.9272507662092484
546, -746.6882934570312, 854.72998046875, 0.20117168128490448, 0.0, 0.0, 148.452392578125, 3.903669731598742
547, -746.7376098632812, 854.7536010742188, 0.20053507387638092, 0.0, 0.0, 148.69447326660156, 3.880434865524012
548, -746.7861328125, 854.7764892578125, 0.19989845156669617, 0.0, 0.0, 148.93231201171875, 3.857538412507634
549, -746.8345336914062, 854.7991333007812, 0.20117168128490448, 0.0, 0.0, 149.1689910888672, 3.834492148955416
550, -746.8850708007812, 854.822509765625, 0.20053507387638092, 0.0, 0.0, 149.41561889648438, 3.8103519163190023
551, -746.93359375, 854.8448486328125, 0.20180830359458923, 0.0, 0.0, 149.65267944335938, 3.7869605999710028
552, -746.983642578125, 854.8674926757812, 0.20117168128490448, 0.0, 0.0, 149.89671325683594, 3.762815043417
553, -747.0328979492188, 854.8895263671875, 0.19989845156669617, 0.0, 0.0, 150.13702392578125, 3.7433838575609406
554, -747.0828247070312, 854.9116821289062, 0.20180830359458923, 0.0, 0.0, 150.3819580078125, 3.7236996775395084
555, -747.1298217773438, 854.932373046875, 0.20117168128490448, 0.0, 0.0, 150.61375427246094, 3.705235926523008
556, -747.1788940429688, 854.9539794921875, 0.19989845156669617, 0.0, 0.0, 150.85650634765625, 3.6860672855520176
557, -747.2254028320312, 854.9743041992188, 0.20180830359458923, 0.0, 0.0, 151.08734130859375, 3.6678333270196655
558, -747.2727661132812, 854.9948120117188, 0.20117168128490448, 0.0, 0.0, 151.32310485839844, 3.649341249993632
559, -747.319580078125, 855.014892578125, 0.19989845156669617, 0.0, 0.0, 151.5560760498047, 3.6311839619908217
560, -747.3682861328125, 855.0357055664062, 0.20180830359458923, 0.0, 0.0, 151.79881286621094, 3.6121630036923613
561, -747.4147338867188, 855.0553588867188, 0.20053507387638092, 0.0, 0.0, 152.03067016601562, 3.594097038249222
562, -747.4613647460938, 855.0748901367188, 0.19989845156669617, 0.0, 0.0, 152.26278686523438, 3.5760252267008092
563, -747.5087890625, 855.094482421875, 0.20180830359458923, 0.0, 0.0, 152.4994354248047, 3.5574762667592545
564, -747.5554809570312, 855.1136474609375, 0.20053507387638092, 0.0, 0.0, 152.731689453125, 3.539354586168921
565, -747.601806640625, 855.1325073242188, 0.20053507387638092, 0.0, 0.0, 152.9627685546875, 3.521292076591863
566, -747.6484375, 855.151123046875, 0.19989845156669617, 0.0, 0.0, 153.1946563720703, 3.503164662963467
567, -747.6957397460938, 855.169921875, 0.20117168128490448, 0.0, 0.0, 153.42990112304688, 3.4846644964052063
568, -747.7410888671875, 855.1876220703125, 0.20053507387638092, 0.0, 0.0, 153.6549530029297, 3.4670030467601385
569, -747.7886352539062, 855.2060546875, 0.19989845156669617, 0.0, 0.0, 153.8907470703125, 3.448622088978439
570, -747.8335571289062, 855.2232666015625, 0.20053507387638092, 0.0, 0.0, 154.1136474609375, 3.431294644588325
571, -747.8775024414062, 855.2399291992188, 0.20053507387638092, 0.0, 0.0, 154.3310089111328, 3.413490768970103
572, -747.9229736328125, 855.2567749023438, 0.20180830359458923, 0.0, 0.0, 154.55648803710938, 3.395153441132301
573, -747.9691162109375, 855.2737426757812, 0.20117168128490448, 0.0, 0.0, 154.7854766845703, 3.3767252354570902
574, -748.013427734375, 855.289794921875, 0.20053507387638092, 0.0, 0.0, 155.00526428222656, 3.3591493964738546
575, -748.058349609375, 855.305908203125, 0.20180830359458923, 0.0, 0.0, 155.22732543945312, 3.340803792306963
576, -748.1024169921875, 855.321533203125, 0.20117168128490448, 0.0, 0.0, 155.4449005126953, 3.322096997001529
577, -748.1456298828125, 855.3366088867188, 0.20053507387638092, 0.0, 0.0, 155.65817260742188, 3.3033461936794213
578, -748.1880493164062, 855.3512573242188, 0.20180830359458923, 0.0, 0.0, 155.8673095703125, 3.285068314667236
579, -748.2308959960938, 855.3657836914062, 0.20117168128490448, 0.0, 0.0, 156.07858276367188, 3.266764906244277
580, -748.2748413085938, 855.3804321289062, 0.20053507387638092, 0.0, 0.0, 156.2948760986328, 3.2481255409470187
581, -748.3181762695312, 855.394775390625, 0.19989845156669617, 0.0, 0.0, 156.5078582763672, 3.2298372852249315
582, -748.3619384765625, 855.4090576171875, 0.20053507387638092, 0.0, 0.0, 156.72225952148438, 3.211054897664191
583, -748.405517578125, 855.4230346679688, 0.19989845156669617, 0.0, 0.0, 156.9352264404297, 3.1924085763451178
584, -748.4482421875, 855.4366455078125, 0.20180830359458923, 0.0, 0.0, 157.14407348632812, 3.1740041048673566
585, -748.4910278320312, 855.4500732421875, 0.20053507387638092, 0.0, 0.0, 157.352783203125, 3.155694578212082
586, -748.5322265625, 855.462890625, 0.19989845156669617, 0.0, 0.0, 157.55361938476562, 3.1380752585974188
587, -748.5743408203125, 855.4757080078125, 0.20180830359458923, 0.0, 0.0, 157.7587432861328, 3.119944414894046
588, -748.6158447265625, 855.48828125, 0.20053507387638092, 0.0, 0.0, 157.96014404296875, 3.10222737157553
589, -748.6572265625, 855.5006103515625, 0.19989845156669617, 0.0, 0.0, 158.1614227294922, 3.0845371899115372
590, -748.6987915039062, 855.5128173828125, 0.20180830359458923, 0.0, 0.0, 158.3629913330078, 3.066685237298982
591, -748.7392578125, 855.5245361328125, 0.20053507387638092, 0.0, 0.0, 158.55921936035156, 3.0494324016713787
592, -748.779052734375, 855.5358276367188, 0.19989845156669617, 0.0, 0.0, 158.75184631347656, 3.03249456546157
593, -748.820068359375, 855.5474243164062, 0.20180830359458923, 0.0, 0.0, 158.95037841796875, 3.0160560635191485
594, -748.8621215820312, 855.5589599609375, 0.20053507387638092, 0.05000000074505806, 0.0, 159.1524658203125, 2.997921306026036
595, -748.9030151367188, 855.5701293945312, 0.20053507387638092, 0.07500000298023224, 0.0, 159.34832763671875, 2.9827036190861795
596, -748.9441528320312, 855.5810546875, 0.20180830359458923, 0.10000000149011612, 0.0, 159.54432678222656, 2.969596662369655
597, -748.9841918945312, 855.5916137695312, 0.20053507387638092, 0.15000000596046448, 0.0, 159.73439025878906, 2.959269772781033
598, -749.0238647460938, 855.601806640625, 0.19989845156669617, 0.17500001192092896, 0.0, 159.92173767089844, 2.9516469981181532
599, -749.064697265625, 855.612060546875, 0.20180830359458923, 0.20000001788139343, 0.0, 160.1136474609375, 2.9460798320189627
600, -749.1062622070312, 855.6224975585938, 0.20053507387638092, 0.2500000298023224, 0.0, 160.30809020996094, 2.9430981587705536
601, -749.1468505859375, 855.63232421875, 0.19989845156669617, 0.27500003576278687, 0.0, 160.4974822998047, 2.9429043220576325
602, -749.1873779296875, 855.64208984375, 0.20117168128490448, 0.3250000476837158, 0.0, 160.6862335205078, 2.9451959598037827
603, -749.2280883789062, 855.6517944335938, 0.20053507387638092, 0.3500000536441803, 0.0, 160.87518310546875, 2.950242083524638
604, -749.2688598632812, 855.6612548828125, 0.19989845156669617, 0.3750000596046448, 0.0, 161.06378173828125, 2.95767230300382
605, -749.3098754882812, 855.6705932617188, 0.20180830359458923, 0.40000006556510925, 0.0, 161.25350952148438, 2.967070163900288
606, -749.3516235351562, 855.6799926757812, 0.20053507387638092, 0.4500000774860382, 0.0, 161.44549560546875, 2.9789085119645877
607, -749.3931274414062, 855.689208984375, 0.19989845156669617, 0.4750000834465027, 0.0, 161.6367950439453, 2.995148916176028
608, -749.43505859375, 855.698486328125, 0.20180830359458923, 0.5000000596046448, 0.0, 161.83030700683594, 3.013111517825201
609, -749.477783203125, 855.707763671875, 0.20053507387638092, 0.550000011920929, 0.0, 162.02670288085938, 3.0334188277515906
610, -749.5213012695312, 855.7171020507812, 0.19989845156669617, 0.574999988079071, 0.0, 162.22689819335938, 3.0564814309241974
611, -749.5645141601562, 855.7262573242188, 0.20117168128490448, 0.6249999403953552, 0.0, 162.42552185058594, 3.081524739551557
612, -749.6064453125, 855.7350463867188, 0.20053507387638092, 0.6499999165534973, 0.0, 162.61764526367188, 3.108063713520477
613, -749.6494140625, 855.743896484375, 0.19989845156669617, 0.6749998927116394, 0.0, 162.81423950195312, 3.137233145435276
614, -749.69287109375, 855.7528076171875, 0.20117168128490448, 0.7249998450279236, 0.0, 163.01292419433594, 3.1685744451038556
615, -749.7366333007812, 855.761474609375, 0.20053507387638092, 0.7499998211860657, 0.0, 163.2126922607422, 3.2022765234637047
616, -749.7816162109375, 855.770263671875, 0.19989845156669617, 0.7749997973442078, 0.0, 163.41783142089844, 3.2388319760589788
617, -749.8276977539062, 855.7791748046875, 0.20117168128490448, 0.8249997496604919, 0.0, 163.62767028808594, 3.2780292185236704
618, -749.873291015625, 855.787841796875, 0.20053507387638092, 0.849999725818634, 0.0, 163.83396911621094, 3.3186323705364016
619, -749.9210205078125, 855.7967529296875, 0.20180830359458923, 0.8999996781349182, 0.0, 164.0511016845703, 3.363184474664935
620, -749.9685668945312, 855.8055419921875, 0.20117168128490448, 0.9249996542930603, 0.0, 164.2665252685547, 3.40945579950294
621, -750.01708984375, 855.8141479492188, 0.20053507387638092, 0.9499996304512024, 0.0, 164.48541259765625, 3.458228397195535
622, -750.065673828125, 855.8226318359375, 0.20180830359458923, 0.9999995827674866, 0.0, 164.70492553710938, 3.508608273977636
623, -750.1131591796875, 855.830810546875, 0.20117168128490448, 1.0249996185302734, 0.0, 164.91903686523438, 3.559215315819467
624, -750.1655883789062, 855.839599609375, 0.20117168128490448, 1.0, 0.0, 165.1547088623047, 3.615680404807929
625, -750.21826171875, 855.8482666015625, 0.19989845156669617, 1.0, 0.0, 165.3905029296875, 3.6726358687525638
626, -750.2698364257812, 855.8565673828125, 0.20180830359458923, 1.0, 0.0, 165.62120056152344, 3.7280925257433575
627, -750.3237915039062, 855.864990234375, 0.20053507387638092, 1.0, 0.0, 165.86239624023438, 3.785891748553174
628, -750.37646484375, 855.8731079101562, 0.19989845156669617, 1.0, 0.0, 166.0969696044922, 3.8417755090060335
629, -750.431396484375, 855.8812255859375, 0.20180830359458923, 1.0, 0.0, 166.34136962890625, 3.89920666357047
630, -750.4894409179688, 855.8896484375, 0.20053507387638092, 1.0, 0.0, 166.59893798828125, 3.959211758429788
631, -750.5458984375, 855.8976440429688, 0.19989845156669617, 1.0, 0.0, 166.84854125976562, 4.017030355313556
632, -750.6036376953125, 855.905517578125, 0.20117168128490448, 1.0, 0.0, 167.1037139892578, 4.074998702316774
633, -750.6627807617188, 855.9133911132812, 0.19989845156669617, 1.0, 0.0, 167.36451721191406, 4.133658144186643
634, -750.7216186523438, 855.9210205078125, 0.20180830359458923, 1.0, 0.0, 167.62353515625, 4.191416553522017
635, -750.7816162109375, 855.9284057617188, 0.20117168128490448, 1.0, 0.0, 167.8869171142578, 4.249459345063478
636, -750.8436279296875, 855.9359741210938, 0.20053507387638092, 1.0, 0.0, 168.1589813232422, 4.30870077724587
637, -750.9071655273438, 855.9434814453125, 0.1992618292570114, 1.0, 0.0, 168.43629455566406, 4.368458852736966
638, -750.9705200195312, 855.9506225585938, 0.19862520694732666, 1.0, 0.0, 168.71202087402344, 4.427222954782993
639, -751.0340576171875, 855.9574584960938, 0.19735197722911835, 1.0, 0.0, 168.9875030517578, 4.4853967569516895
640, -751.0965576171875, 855.964111328125, 0.1967153549194336, 1.0, 0.0, 169.25704956054688, 4.541712129393464
641, -751.1615600585938, 855.970703125, 0.19607873260974884, 1.0, 0.0, 169.5364990234375, 4.599475779145419
642, -751.2266235351562, 855.9769897460938, 0.19480548799037933, 1.0, 0.0, 169.81497192382812, 4.656577078928516
643, -751.2935180664062, 855.9830932617188, 0.19416888058185577, 1.0, 0.0, 170.09979248046875, 4.714455203824218
644, -751.3641967773438, 855.9894409179688, 0.19353225827217102, 1.0, 0.0, 170.3992156982422, 4.7747391671175485
645, -751.4307861328125, 855.9950561523438, 0.1922590136528015, 1.0, 0.0, 170.68023681640625, 4.830921346716722
646, -751.5004272460938, 856.0006713867188, 0.19162240624427795, 1.0, 0.0, 170.9724578857422, 4.888785020517609
647, -751.5676879882812, 856.0056762695312, 0.1909857839345932, 1.0, 0.0, 171.2535400390625, 4.943952093222476
648, -751.6390380859375, 856.0106811523438, 0.1897125393152237, 1.0, 0.0, 171.54937744140625, 5.001637181309209
649, -751.7091064453125, 856.015380859375, 0.18907591700553894, 1.0, 0.0, 171.83901977539062, 5.057691899115122
650, -751.783447265625, 856.0199584960938, 0.18843930959701538, 1.0, 0.0, 172.1447296142578, 5.1165178391985995
651, -751.8591918945312, 856.0243530273438, 0.18716606497764587, 1.0, 0.0, 172.45428466796875, 5.17560032432243
652, -751.933349609375, 856.0283203125, 0.18652944266796112, 1.0, 0.0, 172.75582885742188, 5.232698895770119
653, -752.0098266601562, 856.0321044921875, 0.18461959064006805, 1.0, 0.0, 173.06533813476562, 5.290883350749838
654, -752.0842895507812, 856.0352783203125, 0.18461959064006805, 1.0, 0.0, 173.3646697998047, 5.346848208179448
655, -752.1591796875, 856.0382080078125, 0.1839829683303833, 1.0, 0.0, 173.664794921875, 5.402584826375348
656, -752.2371215820312, 856.0408325195312, 0.1827097237110138, 1.0, 0.0, 173.9745635986328, 5.459828832659624
657, -752.3148803710938, 856.043212890625, 0.18207311630249023, 1.0, 0.0, 174.28280639648438, 5.51641670384477
658, -752.3934326171875, 856.0452880859375, 0.18143649399280548, 1.0, 0.0, 174.5919952392578, 5.572821755649879
659, -752.4719848632812, 856.0469360351562, 0.18079987168312073, 1.0, 0.0, 174.8997802734375, 5.628633478095537
660, -752.5520629882812, 856.0481567382812, 0.17952664196491241, 1.0, 0.0, 175.2120819091797, 5.684977197054915
661, -752.6309204101562, 856.0491333007812, 0.17889001965522766, 1.0, 0.0, 175.51792907714844, 5.73982525715081
662, -752.7115478515625, 856.0496826171875, 0.1782533973455429, 1.0, 0.0, 175.8292694091797, 5.795326804387919
663, -752.7933349609375, 856.0498046875, 0.1769801527261734, 1.0, 0.0, 176.14369201660156, 5.85110748058227
664, -752.8759765625, 856.049560546875, 0.17634354531764984, 1.0, 0.0, 176.45997619628906, 5.90689471619217
665, -752.9595947265625, 856.0488891601562, 0.1757069230079651, 1.0, 0.0, 176.7782440185547, 5.96270911822581
666, -753.0458984375, 856.0478515625, 0.17443367838859558, 1.0, 0.0, 177.10519409179688, 6.019790930371686
667, -753.1282348632812, 856.0464477539062, 0.17316044867038727, 1.0, 0.0, 177.41552734375, 6.073749978676053
668, -753.2182006835938, 856.0446166992188, 0.17252382636070251, 1.0, 0.0, 177.75274658203125, 6.132061407756044
669, -753.3035888671875, 856.042236328125, 0.17188720405101776, 1.0, 0.0, 178.07089233398438, 6.186777823686433
670, -753.3898315429688, 856.0394897460938, 0.171250581741333, 1.0, 0.0, 178.39134216308594, 6.241600223607554
671, -753.4766235351562, 856.0363159179688, 0.1699773520231247, 1.0, 0.0, 178.71200561523438, 6.296254899259825
672, -753.5642700195312, 856.0326538085938, 0.16934072971343994, 1.0, 0.0, 179.0343780517578, 6.350925431494587
673, -753.6527709960938, 856.0285034179688, 0.1687041074037552, 1.0, 0.0, 179.35816955566406, 6.4055624221679786
674, -753.741943359375, 856.0239868164062, 0.16806748509407043, 1.0, 0.0, 179.68333435058594, 6.460196182966928
675, -753.8364868164062, 856.0185546875, 0.16679425537586212, 1.0, 0.0, -179.97315979003906, 6.517707855029092
676, -753.9291381835938, 856.0128173828125, 0.16552101075649261, 1.0, 0.0, -179.63827514648438, 6.573544717798581
677, -754.0217895507812, 856.006591796875, 0.16552101075649261, 1.0, 0.0, -179.30470275878906, 6.628927481954349
678, -754.1168823242188, 855.999755859375, 0.1642477810382843, 1.0, 0.0, -178.9629669189453, 6.685258611583804
679, -754.2115478515625, 855.9923095703125, 0.16361115872859955, 1.0, 0.0, -178.62411499023438, 6.740897129215722
680, -754.3060913085938, 855.9844360351562, 0.16233791410923004, 1.0, 0.0, -178.28726196289062, 6.796044417980453
681, -754.4024047851562, 855.9760131835938, 0.16106468439102173, 1.0, 0.0, -177.94593811035156, 6.851761112787322
682, -754.4967651367188, 855.9672241210938, 0.16042806208133698, 1.0, 0.0, -177.6129913330078, 6.905875783872416
683, -754.5933227539062, 855.957763671875, 0.15979143977165222, 1.0, 0.0, -177.27354431152344, 6.9608248192039435
684, -754.6907348632812, 855.9478149414062, 0.15851819515228271, 1.0, 0.0, -176.93276977539062, 7.015841874990945
685, -754.787353515625, 855.937255859375, 0.15788158774375916, 1.0, 0.0, -176.59671020507812, 7.069877371246523
686, -754.886474609375, 855.9259033203125, 0.1572449654340744, 1.0, 0.0, -176.25335693359375, 7.124866613414019
687, -754.9857788085938, 855.9140625, 0.15660834312438965, 1.0, 0.0, -175.9103240966797, 7.1795197638605055
688, -755.0851440429688, 855.9016723632812, 0.1559717208147049, 1.0, 0.0, -175.5687255859375, 7.233769962373834
689, -755.181884765625, 855.8890991210938, 0.15533511340618134, 1.0, 0.0, -175.23736572265625, 7.2862051032446775
690, -755.2805786132812, 855.875732421875, 0.15087877213954926, 1.0, 0.0, -174.9013671875, 7.339669079683074
691, -755.380615234375, 855.8617553710938, 0.14769567549228668, 1.0, 0.0, -174.56369018554688, 7.393591387425881
692, -755.4800415039062, 855.847412109375, 0.1445125788450241, 1.0, 0.0, -174.23147583007812, 7.446880352188372
693, -755.5827026367188, 855.8321533203125, 0.14132948219776154, 1.0, 0.0, -173.89198303222656, 7.501632807916445
694, -755.6832885742188, 855.8167114257812, 0.1349632889032364, 1.0, 0.0, -173.56427001953125, 7.555176727945452
695, -755.787109375, 855.8003540039062, 0.13178019225597382, 1.0, 0.0, -173.23097229003906, 7.610078207739439
696, -755.890869140625, 855.7835693359375, 0.12859709560871124, 1.0, 0.0, -172.90353393554688, 7.66451552416605
697, -755.9981079101562, 855.765869140625, 0.1222309097647667, 1.0, 0.0, -172.57135009765625, 7.72066800746446
698, -756.1029663085938, 855.748046875, 0.11904781311750412, 1.0, 0.0, -172.2530517578125, 7.775119852408896
699, -756.2088623046875, 855.7296752929688, 0.11268161982297897, 1.0, 0.0, -171.93902587890625, 7.829887383168254
700, -756.3145141601562, 855.7109375, 0.1094985231757164, 1.0, 0.0, -171.63287353515625, 7.884094269192919
701, -756.4207763671875, 855.6917114257812, 0.10631543397903442, 1.0, 0.0, -171.33233642578125, 7.938174819266125
702, -756.529052734375, 855.6716918945312, 0.10313233733177185, 1.0, 0.0, -171.03335571289062, 7.99289550886019
703, -756.6353149414062, 855.6516723632812, 0.09994924068450928, 1.0, 0.0, -170.7471923828125, 8.04615840491922
704, -756.7461547851562, 855.63037109375, 0.09358304738998413, 1.0, 0.0, -170.4565887451172, 8.10156610316702
705, -756.8546142578125, 855.6091918945312, 0.09039995074272156, 1.0, 0.0, -170.1804962158203, 8.155321876586457
706, -756.9637451171875, 855.5875854492188, 0.08721685409545898, 1.0, 0.0, -169.91029357910156, 8.2090493301596
707, -757.0771484375, 855.564697265625, 0.08085066080093384, 1.0, 0.0, -169.63841247558594, 8.264648136319156
708, -757.1895751953125, 855.5416259765625, 0.07766757160425186, 1.0, 0.0, -169.37811279296875, 8.31927266177746
709, -757.3043823242188, 855.517822265625, 0.07448447495698929, 1.0, 0.0, -169.12083435058594, 8.374706338846178
710, -757.4172973632812, 855.4939575195312, 0.06811828166246414, 1.0, 0.0, -168.8769989013672, 8.428969501670142
711, -757.5357055664062, 855.4688110351562, 0.06493518501520157, 1.0, 0.0, -168.6311798095703, 8.48540407407318
712, -757.654052734375, 855.4431762695312, 0.0617520846426487, 1.0, 0.0, -168.39500427246094, 8.54143572845221
713, -757.7670288085938, 855.4183959960938, 0.05538588762283325, 1.0, 0.0, -168.17893981933594, 8.594607070490879
714, -757.8836059570312, 855.3927001953125, 0.05220278725028038, 1.0, 0.0, -167.96560668945312, 8.649089837249285
715, -757.9977416992188, 855.3671875, 0.04901968687772751, 1.0, 0.0, -167.7657012939453, 8.70209890271978
716, -758.113037109375, 855.3411254882812, 0.04583658650517464, 1.0, 0.0, -167.57272338867188, 8.755287590994506
717, -758.2313232421875, 855.314208984375, 0.03947038948535919, 1.0, 0.0, -167.3845977783203, 8.809561423837856
718, -758.349609375, 855.287109375, 0.03628728911280632, 1.0, 0.0, -167.2064666748047, 8.863417498960656
719, -758.4673461914062, 855.2598266601562, 0.03310418874025345, 1.0, 0.0, -167.03854370117188, 8.916698659489173
720, -758.5869140625, 855.2319946289062, 0.026737989857792854, 1.0, 0.0, -166.8781280517578, 8.970509890510582
721, -758.7031860351562, 855.2047729492188, 0.023554889485239983, 1.0, 0.0, -166.73193359375, 9.022456999304778
722, -758.820556640625, 855.1770629882812, 0.02037179097533226, 1.0, 0.0, -166.5938262939453, 9.074577478717073
723, -758.9461059570312, 855.1473388671875, 0.01718869060277939, 1.0, 0.0, -166.45663452148438, 9.129925381855035
724, -759.0652465820312, 855.118896484375, 0.010822493582963943, 1.0, 0.0, -166.33642578125, 9.18212173771618
725, -759.1912841796875, 855.0888061523438, 0.007639395073056221, 1.0, 0.0, -166.22024536132812, 9.23696898818003
726, -759.3134155273438, 855.0595092773438, 0.004456296097487211, 1.0, 0.0, -166.11795043945312, 9.289734451528899
727, -759.4375610351562, 855.0296630859375, 0.0, 1.0, 0.0, -166.02435302734375, 9.34301088053459
728, -759.559814453125, 855.000244140625, -0.0038197184912860394, 1.0, 0.0, -165.94224548339844, 9.39513478154873
729, -759.6953125, 854.9674682617188, -0.005729577504098415, 1.0, 0.0, -165.86282348632812, 9.452505068716432
730, -759.8209838867188, 854.9370727539062, -0.007639436982572079, 1.0, 0.0, -165.7987823486328, 9.505435434447312
731, -759.9469604492188, 854.9065551757812, -0.01145915500819683, 1.0, 0.0, -165.74400329589844, 9.558095722937667
732, -760.0731201171875, 854.8759155273438, -0.013369014486670494, 1.0, 0.0, -165.6981201171875, 9.610552176174474
733, -760.2017822265625, 854.8446655273438, -0.015278873965144157, 1.0, 0.0, -165.6602325439453, 9.663722557806043
734, -760.3313598632812, 854.8131103515625, -0.019098592922091484, 1.0, 0.0, -165.63107299804688, 9.716882805102179
735, -760.4614868164062, 854.7815551757812, -0.021008450537919998, 1.0, 0.0, -165.61056518554688, 9.769898895392481
736, -760.5899658203125, 854.7503662109375, -0.02291831001639366, 1.0, 0.0, -165.59844970703125, 9.82195915672648
737, -760.7234497070312, 854.718017578125, -0.026738028973340988, 1.0, 0.0, -165.59457397460938, 9.875625663999644
738, -760.8546752929688, 854.686279296875, -0.02864788845181465, 1.0, 0.0, -165.59909057617188, 9.928088244768405
739, -760.9866333007812, 854.6544189453125, -0.030557747930288315, 1.0, 0.0, -165.61155700683594, 9.980522102430097
740, -761.119384765625, 854.62255859375, -0.03246760740876198, 1.0, 0.0, -165.63186645507812, 10.032947033718392
741, -761.2514038085938, 854.5908203125, -0.036287322640419006, 1.0, 0.0, -165.65980529785156, 10.084634525905297
742, -761.3859252929688, 854.55859375, -0.03819718211889267, 1.0, 0.0, -165.69615173339844, 10.137022767360577
743, -761.5179443359375, 854.5271606445312, -0.040107037872076035, 1.0, 0.0, -165.7391357421875, 10.1880919056654
744, -761.652587890625, 854.4952392578125, -0.0420168936252594, 1.0, 0.0, -165.79022216796875, 10.239849510199972
745, -761.7896728515625, 854.462890625, -0.04583660885691643, 1.0, 0.0, -165.85000610351562, 10.29213457182711
746, -761.9277954101562, 854.4305419921875, -0.04774646833539009, 1.0, 0.0, -165.9178466796875, 10.344469938882263
747, -762.0687255859375, 854.397705078125, -0.049656324088573456, 1.0, 0.0, -165.99472045898438, 10.397506987059739
748, -762.2088623046875, 854.365234375, -0.048383086919784546, 1.0, 0.0, -166.0779571533203, 10.450147771203763
749, -762.3518676757812, 854.332275390625, -0.04774646833539009, 1.0, 0.0, -166.1686553955078, 10.503597765648756
750, -762.4948120117188, 854.299560546875, -0.047109849750995636, 1.0, 0.0, -166.2644805908203, 10.556787257096916
751, -762.6307373046875, 854.2685546875, -0.04583660885691643, 1.0, 0.0, -166.3594970703125, 10.607158655472096
752, -762.7682495117188, 854.2374267578125, -0.04519999027252197, 1.0, 0.0, -166.45887756347656, 10.6578480594939
753, -762.9100341796875, 854.2055053710938, -0.04456337168812752, 1.0, 0.0, -166.56427001953125, 10.709831625985322
754, -763.0485229492188, 854.1744384765625, -0.04329013451933861, 1.0, 0.0, -166.6696014404297, 10.760402375493529
755, -763.1882934570312, 854.143310546875, -0.04265351593494415, 1.0, 0.0, -166.7776336669922, 10.811152873213953
756, -763.3284912109375, 854.1122436523438, -0.0420168936252594, 1.0, 0.0, -166.88754272460938, 10.861776497466753
757, -763.468994140625, 854.0812377929688, -0.041380275040864944, 1.0, 0.0, -166.9989013671875, 10.912263389249588
758, -763.6138916015625, 854.0494995117188, -0.040107037872076035, 1.0, 0.0, -167.114501953125, 10.964024047623035
759, -763.7545166015625, 854.018798828125, -0.03947041928768158, 1.0, 0.0, -167.22723388671875, 11.01402174645999
760, -763.8992919921875, 853.9874877929688, -0.038833800703287125, 1.0, 0.0, -167.34353637695312, 11.065166728962362
761, -764.0469360351562, 853.955810546875, -0.037560559809207916, 1.0, 0.0, -167.46209716796875, 11.11707960494236
762, -764.1920166015625, 853.9247436523438, -0.03692394122481346, 1.0, 0.0, -167.57835388183594, 11.167799417233148
763, -764.335693359375, 853.894287109375, -0.036287322640419006, 0.9750000238418579, 0.0, -167.69302368164062, 11.217658458124086
764, -764.4801635742188, 853.8638916015625, -0.03565070405602455, 0.9500000476837158, 0.0, -167.8077850341797, 11.267212401600744
765, -764.6260986328125, 853.8333129882812, -0.03437746688723564, 0.9000000953674316, 0.0, -167.92298889160156, 11.316459054669394
766, -764.7743530273438, 853.8025512695312, -0.03374084457755089, 0.8750001192092896, 0.0, -168.03907775878906, 11.365187056819968
767, -764.9225463867188, 853.7720336914062, -0.03310422599315643, 0.8250001668930054, 0.0, -168.154052734375, 11.41239848335237
768, -765.072509765625, 853.7413330078125, -0.03246760740876198, 0.8250001668930054, 0.0, -168.26930236816406, 11.458397717801352
769, -765.228271484375, 853.7095947265625, -0.031194370239973068, 0.7750002145767212, 0.0, -168.3876495361328, 11.504386418457987
770, -765.5287475585938, 853.6492919921875, -0.02992113120853901, 0.725000262260437, 0.0, -168.61148071289062, 11.586696480354306
771, -765.6881103515625, 853.6176147460938, -0.02864789217710495, 0.6750003099441528, 0.0, -168.7276611328125, 11.62682981307238
772, -765.8373413085938, 853.5882568359375, -0.028011273592710495, 0.6500003337860107, 0.0, -168.834716796875, 11.66178376616803
773, -765.9874877929688, 853.5588989257812, -0.02737465500831604, 0.6250003576278687, 0.0, -168.94076538085938, 11.694466947706733
774, -766.139892578125, 853.529296875, -0.026738034561276436, 0.6000003814697266, 0.0, -169.0466766357422, 11.725035175849339
775, -766.2975463867188, 853.4989624023438, -0.025464797392487526, 0.5500004291534424, 0.0, -169.15423583984375, 11.753833222228797
776, -766.4473266601562, 853.4702758789062, -0.024828176945447922, 0.5250004529953003, 0.0, -169.25440979003906, 11.778203732005519
777, -766.6068725585938, 853.4401245117188, -0.024191558361053467, 0.5000004768371582, 0.0, -169.35911560058594, 11.801101702890392
778, -766.778564453125, 853.407958984375, -0.028011277318000793, 0.45000046491622925, 0.0, -169.4705810546875, 11.82194228714486
779, -766.9458618164062, 853.376953125, -0.029921136796474457, 0.42500045895576477, 0.0, -169.57861328125, 11.838224100607588
780, -767.1057739257812, 853.34765625, -0.03183099627494812, 0.4000004529953003, 0.0, -169.6822509765625, 11.850191483191969
781, -767.2625732421875, 853.3192138671875, -0.033740852028131485, 0.3750004470348358, 0.0, -169.78460693359375, 11.85857566349975
782, -767.4140625, 853.2919921875, -0.03756056725978851, 0.3000004291534424, 0.0, -169.88502502441406, 11.863345916895298
783, -767.5653076171875, 853.2653198242188, -0.039470426738262177, 0.32500043511390686, 0.0, -169.9871368408203, 11.86469168928214
784, -767.7154541015625, 853.2391357421875, -0.04138028249144554, 0.32500043511390686, 0.0, -170.0908203125, 11.863254483722436
785, -767.8678588867188, 853.2129516601562, -0.043290141969919205, 0.35000044107437134, 0.0, -170.1987762451172, 11.859415634010983
786, -768.0186767578125, 853.1873779296875, -0.04519999772310257, 0.4000004529953003, 0.0, -170.3084259033203, 11.853934150656219
787, -768.1721801757812, 853.1616821289062, -0.05092957243323326, 0.45000046491622925, 0.0, -170.4239959716797, 11.847298802372585
788, -768.323974609375, 853.1368408203125, -0.050292953848838806, 0.4750004708766937, 0.0, -170.54205322265625, 11.840771565656352
789, -768.472412109375, 853.1128540039062, -0.050292953848838806, 0.5000004768371582, 0.0, -170.66070556640625, 11.834744255892577
790, -768.6254272460938, 853.0885620117188, -0.04965633153915405, 0.5250004529953003, 0.0, -170.7862548828125, 11.829195832680268
791, -768.7761840820312, 853.0650024414062, -0.04838309437036514, 0.5500004291534424, 0.0, -170.91224670410156, 11.82467972776589
792, -768.9262084960938, 853.0418701171875, -0.04774647578597069, 0.5750004053115845, 0.0, -171.0398712158203, 11.821283131713763
793, -769.0745849609375, 853.0193481445312, -0.04710985720157623, 0.6250003576278687, 0.0, -171.16766357421875, 11.81923391470168
794, -769.2227783203125, 852.9971923828125, -0.04647323861718178, 0.6250003576278687, 0.0, -171.29669189453125, 11.818777392115333
795, -769.3797607421875, 852.9739379882812, -0.04519999772310257, 0.6750003099441528, 0.0, -171.43450927734375, 11.819985819907208
796, -769.5317993164062, 852.9518432617188, -0.044563379138708115, 0.7000002861022949, 0.0, -171.56858825683594, 11.823156791024083
797, -769.685546875, 852.929931640625, -0.04392676055431366, 0.725000262260437, 0.0, -171.704833984375, 11.828427287898775
798, -769.9879760742188, 852.8875732421875, -0.043290141969919205, 0.7500002384185791, 0.0, -171.9734344482422, 11.844987426747815
799, -770.1414794921875, 852.8665161132812, -0.04138028249144554, 0.8250001668930054, 0.0, -172.10958862304688, 11.856633162703305
800, -770.306396484375, 852.8443603515625, -0.040743663907051086, 0.8500001430511475, 0.0, -172.25537109375, 11.87179352387317
801, -770.4557495117188, 852.8245849609375, -0.04010704532265663, 0.8750001192092896, 0.0, -172.3868408203125, 11.887969022314179
802, -770.609375, 852.8045043945312, -0.03883380815386772, 0.9250000715255737, 0.0, -172.52120971679688, 11.906972517003695
803, -770.7657470703125, 852.784423828125, -0.03819718956947327, 0.9500000476837158, 0.0, -172.6571807861328, 11.928968833548328
804, -770.9168090820312, 852.7653198242188, -0.03756056725978851, 0.9750000238418579, 0.0, -172.78738403320312, 11.95270424318108
805, -771.0762939453125, 852.7454223632812, -0.03692394867539406, 1.0, 0.0, -172.9237060546875, 11.980294290638572
806, -771.2269287109375, 852.7269897460938, -0.0362873300909996, 1.0, 0.0, -173.0511932373047, 12.008662189085452
807, -771.3839721679688, 852.7081298828125, -0.03501409292221069, 1.0, 0.0, -173.1827392578125, 12.040271651004568
808, -771.5433349609375, 852.6891479492188, -0.03437747433781624, 1.0, 0.0, -173.31468200683594, 12.074162303157276
809, -771.6990356445312, 852.6710205078125, -0.033740852028131485, 1.0, 0.0, -173.44200134277344, 12.108803424509802
810, -771.8562622070312, 852.6529541015625, -0.03310423344373703, 1.0, 0.0, -173.5689697265625, 12.14509804912225
811, -772.0115966796875, 852.6354370117188, -0.03183099627494812, 1.0, 0.0, -173.69271850585938, 12.18213243534579
812, -772.1680908203125, 852.6180419921875, -0.031194377690553665, 1.0, 0.0, -173.81564331054688, 12.220399079692196
813, -772.3287353515625, 852.6005249023438, -0.03055775724351406, 1.0, 0.0, -173.9398956298828, 12.26056108326773
814, -772.486328125, 852.5835571289062, -0.029921138659119606, 1.0, 0.0, -174.0599365234375, 12.300690917672677
815, -772.6439819335938, 852.5669555664062, -0.02928452007472515, 1.0, 0.0, -174.17823791503906, 12.341487337657417
816, -772.81201171875, 852.549560546875, -0.028011281043291092, 1.0, 0.0, -174.3020782470703, 12.385543865153915
817, -772.9763793945312, 852.5327758789062, -0.027374662458896637, 1.0, 0.0, -174.4210968017578, 12.42918688904659
818, -773.1328735351562, 852.5171508789062, -0.026738042011857033, 1.0, 0.0, -174.53237915039062, 12.471102417826058
819, -773.2952270507812, 852.501220703125, -0.025464804843068123, 1.0, 0.0, -174.64566040039062, 12.514964843713768
820, -773.4601440429688, 852.4852905273438, -0.024828186258673668, 0.9750000238418579, 0.0, -174.75840759277344, 12.559741506313019
821, -773.6178588867188, 852.4702758789062, -0.024191565811634064, 0.9500000476837158, 0.0, -174.8641815185547, 12.60251646629419
822, -773.8201293945312, 852.4515380859375, -0.02355494722723961, 0.9250000715255737, 0.0, -174.9966278076172, 12.656937453600428
823, -774.001953125, 852.4348754882812, -0.02228170819580555, 0.8750001192092896, 0.0, -175.11270141601562, 12.705063624276018
824, -774.1755981445312, 852.41943359375, -0.021645089611411095, 0.8500001430511475, 0.0, -175.22093200683594, 12.749893137855116
825, -774.3719482421875, 852.4021606445312, -0.020371850579977036, 0.8000001907348633, 0.0, -175.34005737304688, 12.799048826867594
826, -774.5545043945312, 852.3865356445312, -0.019098613411188126, 0.7750002145767212, 0.0, -175.44761657714844, 12.842792125669508
827, -774.7514038085938, 852.369873046875, -0.01846199296414852, 0.7500002384185791, 0.0, -175.56015014648438, 12.887800308020006
828, -774.9363403320312, 852.354736328125, -0.01718875579535961, 0.7000002861022949, 0.0, -175.6626739501953, 12.927804050170375
829, -775.1272583007812, 852.3392944335938, -0.016552135348320007, 0.6750003099441528, 0.0, -175.76512145996094, 12.96646170992385
830, -775.31591796875, 852.3242797851562, -0.015915516763925552, 0.6500003337860107, 0.0, -175.86317443847656, 13.001952124614654
831, -775.5070190429688, 852.3094482421875, -0.014642276801168919, 0.6000003814697266, 0.0, -175.9590606689453, 13.035028991765293
832, -775.6971435546875, 852.2949829101562, -0.014005656354129314, 0.5750004053115845, 0.0, -176.05113220214844, 13.064747549110288
833, -775.8912353515625, 852.280517578125, -0.01273241639137268, 0.5250004529953003, 0.0, -176.14161682128906, 13.09172364766312
834, -776.0828857421875, 852.2664794921875, -0.012095795944333076, 0.5000004768371582, 0.0, -176.2274627685547, 13.114707876447262
835, -776.2650756835938, 852.25341796875, -0.011459176428616047, 0.4750004708766937, 0.0, -176.3060760498047, 13.133217752365981
836, -776.4517822265625, 852.240234375, -0.010822555981576443, 0.45000046491622925, 0.0, -176.38356018066406, 13.148852459385147
837, -776.6522216796875, 852.2263793945312, -0.009549316018819809, 0.4000004529953003, 0.0, -176.46304321289062, 13.161837267117626
838, -776.9275512695312, 852.207763671875, -0.008912695571780205, 0.35000044107437134, 0.0, -176.5664520263672, 13.172323407051486
839, -777.2059326171875, 852.1895141601562, -0.007639456074684858, 0.32500043511390686, 0.0, -176.66412353515625, 13.17449327939148
840, -777.4075317382812, 852.176513671875, -0.006366216577589512, 0.2750004231929779, 0.0, -176.73049926757812, 13.171078336434952
841, -777.6826171875, 852.1591186523438, -0.005092977546155453, 0.22500041127204895, 0.0, -176.81503295898438, 13.15896959026848
842, -777.880126953125, 852.1469116210938, -0.004456358030438423, 0.17500039935112, 0.0, -176.87159729003906, 13.145184453419699
843, -778.0805053710938, 852.134765625, -0.0038197380490601063, 0.17500039935112, 0.0, -176.92547607421875, 13.126861812988249
844, -778.3356323242188, 852.1194458007812, -0.0019098784541711211, 0.10000038892030716, 0.0, -176.9884796142578, 13.09794545911549
845, -778.5357055664062, 852.107666015625, 0.0, 0.0500003919005394, 0.0, -177.03367614746094, 13.069863914645758
846, -778.814697265625, 852.0913696289062, 0.0, 3.915280046840053e-07, 0.0, -177.09068298339844, 13.022875184552964
847, -779.1030883789062, 852.074951171875, 0.0, 0.0, 0.0, -177.14295959472656, 12.965243250017139
848, -779.2954711914062, 852.064208984375, 0.0, 0.0, 0.0, -177.17453002929688, 12.92273101667443
849, -779.4891967773438, 852.0534057617188, 0.0, 0.0, 0.0, -177.2039031982422, 12.877073941570853
850, -779.6727905273438, 852.0433959960938, 0.0, 0.0, 0.0, -177.22970581054688, 12.831538689806795
851, -779.863525390625, 852.0330200195312, 0.0, 0.0, 0.0, -177.25460815429688, 12.782205559170047
852, -780.0628051757812, 852.0223999023438, 0.0, 0.0, 0.0, -177.27867126464844, 12.728684085325636
853, -780.2424926757812, 852.0128784179688, 0.0, 0.0, 0.0, -177.29884338378906, 12.67890032365291
854, -780.419921875, 852.003662109375, 0.0, 0.0, 0.0, -177.3174591064453, 12.628502784156602
855, -780.61669921875, 851.993408203125, 0.0, 0.0, 0.0, -177.33660888671875, 12.571360965916847
856, -780.7965698242188, 851.9841918945312, 0.0, 0.0, 0.0, -177.35292053222656, 12.518111783972694
857, -780.9871826171875, 851.9744873046875, 0.0, 0.0, 0.0, -177.36904907226562, 12.460730275981897
858, -781.1650390625, 851.965576171875, 0.0, 0.0, 0.0, -177.38307189941406, 12.406383661958804
859, -781.35546875, 851.9561767578125, 0.0, 0.0, 0.0, -177.3971405029297, 12.347484427776426
860, -781.5460815429688, 851.9468383789062, 0.0, 0.0, 0.0, -177.4102783203125, 12.287850885307323
861, -781.7244262695312, 851.9381103515625, 0.0, 0.0, 0.0, -177.42176818847656, 12.231510384644514
862, -781.8974609375, 851.9297485351562, 0.0, 0.0, 0.0, -177.4322509765625, 12.176420317325448
863, -782.0693359375, 851.9214477539062, 0.0, 0.0, 0.0, -177.4420623779297, 12.121314409626613
864, -782.2400512695312, 851.913330078125, 0.0, 0.0, 0.0, -177.4512481689453, 12.06625890581707
865, -782.416015625, 851.9049682617188, 0.0, 0.0, 0.0, -177.46014404296875, 12.009199161165565
866, -782.5745849609375, 851.8975830078125, 0.0, 0.0, 0.0, -177.4677734375, 11.957517609363833
867, -782.7581176757812, 851.8889770507812, 0.0, 0.0, 0.0, -177.47608947753906, 11.897453332968302
868, -782.9124145507812, 851.8817749023438, 0.0, 0.0, 0.0, -177.48272705078125, 11.846789267575147
869, -783.0675659179688, 851.8745727539062, 0.0, 0.0, 0.0, -177.48907470703125, 11.795708711159309
870, -783.2197265625, 851.8675537109375, 0.0, 0.0, 0.0, -177.49502563476562, 11.745443707809086
871, -783.3773803710938, 851.8602905273438, 0.0, 0.0, 0.0, -177.50091552734375, 11.693246140696028
872, -783.531494140625, 851.853271484375, 0.0, 0.0, 0.0, -177.5063934326172, 11.642138883668485
873, -783.6800537109375, 851.846435546875, 0.0, 0.0, 0.0, -177.511474609375, 11.592730374862507
874, -783.8359985351562, 851.83935546875, 0.0, 0.0, 0.0, -177.5165252685547, 11.540784352807464
875, -783.9799194335938, 851.8329467773438, 0.0, 0.0, 0.0, -177.5210723876953, 11.492762253803114
876, -784.1292724609375, 851.826171875, 0.0, 0.0, 0.0, -177.5255889892578, 11.442853380405573
877, -784.2781372070312, 851.8195190429688, 0.0, 0.0, 0.0, -177.52989196777344, 11.393024527846267
878, -784.424072265625, 851.8131103515625, 0.0, 0.0, 0.0, -177.5339813232422, 11.344140523990559
879, -784.568115234375, 851.806640625, 0.0, 0.0, 0.0, -177.53785705566406, 11.295823347248364
880, -784.7173461914062, 851.800048828125, 0.0, 0.0, 0.0, -177.541748046875, 11.245730950671765
881, -784.8656005859375, 851.7933959960938, 0.0, 0.0, 0.0, -177.54547119140625, 11.195903983006753
882, -785.0082397460938, 851.7871704101562, 0.0, 0.0, 0.0, -177.54891967773438, 11.147957269949467
883, -785.1559448242188, 851.7807006835938, 0.0, 0.0, 0.0, -177.5524444580078, 11.098282822831894
884, -785.30078125, 851.7743530273438, 0.0, 0.0, 0.0, -177.5557403564453, 11.049498056782113
885, -785.4421997070312, 851.7681884765625, 0.0, 0.0, 0.0, -177.5589141845703, 11.001868278930807
886, -785.5852661132812, 851.761962890625, 0.0, 0.0, 0.0, -177.56201171875, 10.953614097901134
887, -785.7265625, 851.755859375, 0.0, 0.0, 0.0, -177.5649871826172, 10.90598419302009
888, -785.8662109375, 851.7496948242188, 0.0, 0.0, 0.0, -177.56787109375, 10.858843632975844
889, -786.006103515625, 851.7435913085938, 0.0, 0.0, 0.0, -177.5706787109375, 10.811610432690575
890, -786.150634765625, 851.7372436523438, 0.0, 0.0, 0.0, -177.57351684570312, 10.762765585592655
891, -786.2869873046875, 851.7313842773438, 0.0, 0.0, 0.0, -177.5760955810547, 10.716694756575233
892, -786.4277954101562, 851.7252807617188, 0.0, 0.0, 0.0, -177.5787811279297, 10.669098062511154
893, -786.564697265625, 851.7193603515625, 0.0, 0.0, 0.0, -177.58128356933594, 10.62281155257197
894, -786.7071533203125, 851.7132568359375, 0.0, 0.0, 0.0, -177.58387756347656, 10.574580752971206
895, -786.84375, 851.7074584960938, 0.0, 0.0, 0.0, -177.5862579345703, 10.5283533451969
896, -786.9827880859375, 851.7014770507812, 0.0, 0.0, 0.0, -177.5886993408203, 10.481254185997278
897, -787.1174926757812, 851.6956787109375, 0.0, 0.0, 0.0, -177.59100341796875, 10.435650002959706
898, -787.2504272460938, 851.6900634765625, 0.0, 0.0, 0.0, -177.59326171875, 10.390590318010545
899, -787.38623046875, 851.6842651367188, 0.0, 0.0, 0.0, -177.5955047607422, 10.344574654465085
900, -787.5204467773438, 851.678466796875, 0.0, 0.0, 0.0, -177.5977020263672, 10.299063252342798
901, -787.6529541015625, 851.6728515625, 0.0, 0.0, 0.0, -177.59982299804688, 10.254157266518659
902, -787.7852172851562, 851.667236328125, 0.0, 0.0, 0.0, -177.60191345214844, 10.209301766935523
903, -787.9183349609375, 851.6615600585938, 0.0, 0.0, 0.0, -177.60401916503906, 10.164130937390498
904, -788.0499267578125, 851.656005859375, 0.0, 0.0, 0.0, -177.60606384277344, 10.119500415868805
905, -788.1775512695312, 851.6506958007812, 0.0, 0.0, 0.0, -177.60801696777344, 10.076182681530508
906, -788.3089599609375, 851.6452026367188, 0.0, 0.0, 0.0, -177.61001586914062, 10.031564937514005
907, -788.4331665039062, 851.6399536132812, 0.0, 0.0, 0.0, -177.6118927001953, 9.989403880397893
908, -788.56201171875, 851.634521484375, 0.0, 0.0, 0.0, -177.61380004882812, 9.945646732737004
909, -788.6925048828125, 851.6290283203125, 0.0, 0.0, 0.0, -177.61569213867188, 9.901335327051864
910, -788.8206176757812, 851.6237182617188, 0.0, 0.0, 0.0, -177.61758422851562, 9.85779408936478
911, -789.0736694335938, 851.6130981445312, 0.0, 0.0, 0.0, -177.62118530273438, 9.77176817501523
912, -789.1992797851562, 851.6077880859375, 0.0, 0.0, 0.0, -177.6230010986328, 9.729048536021017
913, -789.3237915039062, 851.6026611328125, 0.0, 0.0, 0.0, -177.62474060058594, 9.68669978935228
914, -789.4457397460938, 851.597412109375, 0.0, 0.0, 0.0, -177.62644958496094, 9.645207916018768
915, -789.5730590820312, 851.5921020507812, 0.0, 0.0, 0.0, -177.6282196044922, 9.601904116633905
916, -789.697509765625, 851.5869140625, 0.0, 0.0, 0.0, -177.6299285888672, 9.559545965181668
917, -789.8187255859375, 851.5819091796875, 0.0, 0.0, 0.0, -177.63160705566406, 9.518286193569512
918, -789.9442138671875, 851.5767211914062, 0.0, 0.0, 0.0, -177.63330078125, 9.475576367495341
919, -790.0672607421875, 851.571533203125, 0.0, 0.0, 0.0, -177.6349334716797, 9.433679398095803
920, -790.1898803710938, 851.56640625, 0.0, 0.0, 0.0, -177.6365966796875, 9.391891572285124
921, -790.3114013671875, 851.5614013671875, 0.0, 0.0, 0.0, -177.63819885253906, 9.350500270647993
922, -790.4309692382812, 851.556396484375, 0.0, 0.0, 0.0, -177.6398162841797, 9.30974417048159
923, -790.5496826171875, 851.5513916015625, 0.0, 0.0, 0.0, -177.641357421875, 9.26929671405806
924, -790.6703491210938, 851.54638671875, 0.0, 0.0, 0.0, -177.64292907714844, 9.228159194404947
925, -790.788330078125, 851.5415649414062, 0.0, 0.0, 0.0, -177.6444549560547, 9.187929904489986
926, -790.9069213867188, 851.5366821289062, 0.0, 0.0, 0.0, -177.6459503173828, 9.14749078862155
927, -791.0255126953125, 851.5317993164062, 0.0, 0.0, 0.0, -177.6475067138672, 9.10704903084325
928, -791.1415405273438, 851.5270385742188, -0.0038197184912860394, 0.0, 0.0, -177.6497344970703, 9.067469165231836
929, -791.2570190429688, 851.5223388671875, -0.005729577504098415, 0.0, 0.0, -177.65316772460938, 9.028047504672069
930, -791.376953125, 851.5174560546875, -0.007639436982572079, 0.02500000037252903, 0.0, -177.65846252441406, 8.987591840590927
931, -791.4935913085938, 851.5128784179688, -0.009549296461045742, 0.05000000074505806, 0.0, -177.66563415527344, 8.948600831515188
932, -791.6091918945312, 851.5084228515625, -0.01145915500819683, 0.07500000298023224, 0.0, -177.67495727539062, 8.910594725648892
933, -791.7234497070312, 851.5040283203125, -0.01718873344361782, 0.15000000596046448, 0.0, -177.6874237060547, 8.873929365947381
934, -791.8356323242188, 851.4998779296875, -0.019098592922091484, 0.17500001192092896, 0.0, -177.7032012939453, 8.839527536953758
935, -791.9508666992188, 851.4957885742188, -0.021008450537919998, 0.20000001788139343, 0.0, -177.72317504882812, 8.806069459318486
936, -792.0642700195312, 851.4918823242188, -0.02291831001639366, 0.2250000238418579, 0.0, -177.7467498779297, 8.775104460487722
937, -792.1801147460938, 851.488037109375, -0.024828169494867325, 0.2500000298023224, 0.0, -177.77491760253906, 8.745604657145345
938, -792.2916259765625, 851.4844360351562, -0.02864788845181465, 0.30000004172325134, 0.0, -177.8063201904297, 8.7193201447482
939, -792.4036254882812, 851.4810791015625, -0.030557747930288315, 0.3250000476837158, 0.0, -177.84237670898438, 8.695295944920364
940, -792.515869140625, 851.4777221679688, -0.03246760740876198, 0.3500000536441803, 0.0, -177.88302612304688, 8.67370156279617
941, -792.626708984375, 851.4746704101562, -0.03437746688723564, 0.3750000596046448, 0.0, -177.9276580810547, 8.654803502843416
942, -792.7386474609375, 851.4718017578125, -0.036287322640419006, 0.40000006556510925, 0.0, -177.97735595703125, 8.63813252287419
943, -792.8507080078125, 851.4690551757812, -0.040107037872076035, 0.4500000774860382, 0.0, -178.03199768066406, 8.623910452869316
944, -792.961181640625, 851.466552734375, -0.0420168936252594, 0.4750000834465027, 0.0, -178.09085083007812, 8.612611316707907
945, -793.0740356445312, 851.4642944335938, -0.04392675310373306, 0.5000000596046448, 0.0, -178.15597534179688, 8.603825394733132
946, -793.185791015625, 851.4622192382812, -0.04583660885691643, 0.5250000357627869, 0.0, -178.2254638671875, 8.597823636001472
947, -793.2966918945312, 851.4602661132812, -0.04774646833539009, 0.550000011920929, 0.0, -178.2992706298828, 8.594459032828697
948, -793.4090576171875, 851.4585571289062, -0.05156618356704712, 0.5999999642372131, 0.0, -178.37916564941406, 8.593583814501159
949, -793.5202026367188, 851.4571533203125, -0.053476039320230484, 0.6249999403953552, 0.0, -178.4634552001953, 8.595521642548562
950, -793.6316528320312, 851.4559936523438, -0.05538589879870415, 0.6499999165534973, 0.0, -178.55300903320312, 8.600133536945034
951, -793.7423095703125, 851.455078125, -0.05729575455188751, 0.6749998927116394, 0.0, -178.64695739746094, 8.607236894338172
952, -793.8562622070312, 851.4544067382812, -0.05856899172067642, 0.7249998450279236, 0.0, -178.74862670898438, 8.617124350393865
953, -793.9695434570312, 851.4539794921875, -0.05793237313628197, 0.7499998211860657, 0.0, -178.85421752929688, 8.629849253692601
954, -794.07958984375, 851.4537353515625, -0.05729575455188751, 0.7749997973442078, 0.0, -178.96029663085938, 8.644832408434839
955, -794.1912231445312, 851.4537353515625, -0.05665913596749306, 0.7999997735023499, 0.0, -179.0708770751953, 8.662503581251478
956, -794.3030395507812, 851.453857421875, -0.05538589879870415, 0.7499998211860657, 0.0, -179.18394470214844, 8.682334182411072
957, -794.4185791015625, 851.4542846679688, -0.05474928021430969, 0.7249998450279236, 0.0, -179.3029022216797, 8.704020232998083
958, -794.5360717773438, 851.4549560546875, -0.05411265790462494, 0.6999998688697815, 0.0, -179.42572021484375, 8.726732948024095
959, -794.6497192382812, 851.455810546875, -0.053476039320230484, 0.6749998927116394, 0.0, -179.54568481445312, 8.748832942121727
960, -794.7645874023438, 851.4568481445312, -0.052202802151441574, 0.6249999403953552, 0.0, -179.6676788330078, 8.770852027632616
961, -794.878662109375, 851.4580078125, -0.05156618356704712, 0.5999999642372131, 0.0, -179.78941345214844, 8.791818234755251
962, -794.9942016601562, 851.4595336914062, -0.050929564982652664, 0.574999988079071, 0.0, -179.91294860839844, 8.811916608085788
963, -795.1100463867188, 851.4610595703125, -0.05029294267296791, 0.550000011920929, 0.0, 179.96286010742188, 8.830752094654345
964, -795.224365234375, 851.462890625, -0.049656324088573456, 0.5250000357627869, 0.0, 179.84043884277344, 8.847861099785819
965, -795.3403930664062, 851.46484375, -0.048383086919784546, 0.4750000536441803, 0.0, 179.71652221679688, 8.86353764621192
966, -795.458740234375, 851.4671020507812, -0.04774646833539009, 0.4500000476837158, 0.0, 179.59063720703125, 8.877368576107
967, -795.5765991210938, 851.469482421875, -0.047109849750995636, 0.42500004172325134, 0.0, 179.46588134765625, 8.888917495263748
968, -795.6919555664062, 851.4721069335938, -0.04647323116660118, 0.40000003576278687, 0.0, 179.34446716308594, 8.89803049701941
969, -795.8077392578125, 851.4749145507812, -0.04519999027252197, 0.3500000238418579, 0.0, 179.22352600097656, 8.904906805995692
970, -795.9228515625, 851.4778442382812, -0.04456337168812752, 0.32500001788139343, 0.0, 179.10403442382812, 8.909169141709407
971, -796.0397338867188, 851.4810791015625, -0.04392675310373306, 0.30000001192092896, 0.0, 178.98390197753906, 8.910903666228966
972, -796.154541015625, 851.4844360351562, -0.04329013451933861, 0.2750000059604645, 0.0, 178.86695861816406, 8.910079077624587
973, -796.2693481445312, 851.488037109375, -0.04265351593494415, 0.25, 0.0, 178.75100708007812, 8.906796269430098
974, -796.3842163085938, 851.49169921875, -0.041380275040864944, 0.19999998807907104, 0.0, 178.63623046875, 8.901017821155625
975, -796.5018310546875, 851.4957885742188, -0.04074365645647049, 0.17499998211860657, 0.0, 178.5199737548828, 8.892284371204456
976, -796.7354736328125, 851.5042724609375, -0.03947041928768158, 0.12499997764825821, 0.0, 178.29307556152344, 8.866390308148812
977, -796.851806640625, 851.5087890625, -0.04074365645647049, 0.07499998062849045, 0.0, 178.18165588378906, 8.84945053414367
978, -797.0821533203125, 851.5186767578125, -0.04456337168812752, 0.024999981746077538, 0.0, 177.9613494873047, 8.807619524332
979, -797.1985473632812, 851.5239868164062, -0.04647323116660118, -1.8253922817734747e-08, 0.0, 177.84909057617188, 8.782479946261327
980, -797.3178100585938, 851.5296630859375, -0.05029294267296791, 0.0, 0.0, 177.7323760986328, 8.753794510563889
981, -797.4349975585938, 851.5355224609375, -0.052202802151441574, 0.0, 0.0, 177.61557006835938, 8.723498544727516
982, -797.5442504882812, 851.5413818359375, -0.05411265790462494, 0.0, 0.0, 177.50433349609375, 8.693620856585497
983, -797.6826171875, 851.5491943359375, -0.05793237313628197, 0.0, 0.0, 177.3594512939453, 8.653992441006249
984, -797.8094482421875, 851.5567626953125, -0.05984223261475563, 0.0, 0.0, 177.22251892089844, 8.616185589141509
985, -797.9323120117188, 851.5645751953125, -0.06366194784641266, 0.0, 0.0, 177.0854034423828, 8.578331804436955
986, -798.0547485351562, 851.5726928710938, -0.0630253255367279, 0.0, 0.0, 176.9447479248047, 8.539830392217672
987, -798.1806030273438, 851.5814819335938, -0.06238870695233345, 0.0, 0.0, 176.79635620117188, 8.499552214060483
988, -798.3084716796875, 851.5906982421875, -0.06111546978354454, 0.0, 0.0, 176.6426544189453, 8.45807968044062
989, -798.4276123046875, 851.5997314453125, -0.060478851199150085, 0.0, 0.0, 176.49728393554688, 8.418994177117304
990, -798.56005859375, 851.610107421875, -0.059205614030361176, 0.0, 0.0, 176.33372497558594, 8.375154908358777
991, -798.6897583007812, 851.6205444335938, -0.05856899172067642, 0.0, 0.0, 176.17234802246094, 8.331911433540567
992, -798.8156127929688, 851.6309814453125, -0.05729575455188751, 0.0, 0.0, 176.01470947265625, 8.289653778046686
993, -798.96630859375, 851.64404296875, -0.05665913596749306, 0.0, 0.0, 175.82542419433594, 8.238763746830077
994, -799.1498413085938, 851.6605224609375, -0.05538589879870415, 0.0, 0.0, 175.59486389160156, 8.176476003954187
995, -799.3411254882812, 851.6784057617188, -0.053476039320230484, 0.0, 0.0, 175.35581970214844, 8.111307236085533
996, -799.5238647460938, 851.6961669921875, -0.052202802151441574, 0.0, 0.0, 175.12940979003906, 8.048843488877585
997, -799.6980590820312, 851.713623046875, -0.050929564982652664, 0.0, 0.0, 174.91603088378906, 7.989171765456157
998, -799.8845825195312, 851.7330932617188, -0.049656324088573456, 0.0, 0.0, 174.69036865234375, 7.9250686534840415
999, -800.0582885742188, 851.7517700195312, -0.048383086919784546, 0.0, 0.0, 174.48350524902344, 7.865310962478406
1000, -800.2335815429688, 851.7710571289062, -0.047109849750995636, 0.0, 0.0, 174.2783660888672, 7.8049344080243745
1001, -800.4088745117188, 851.7910766601562, -0.04583660885691643, 0.0, 0.0, 174.07681274414062, 7.744445382369255
1002, -800.5728149414062, 851.8103637695312, -0.04456337168812752, 0.0, 0.0, 173.89215087890625, 7.687884887699434
1003, -800.7516479492188, 851.8318481445312, -0.04265351593494415, 0.0, 0.0, 173.69546508789062, 7.626144595683441
1004, -800.9158935546875, 851.8521118164062, -0.041380275040864944, 0.0, 0.0, 173.51905822753906, 7.569344391417545
1005, -801.0886840820312, 851.8739013671875, -0.040107037872076035, 0.0, 0.0, 173.3385467529297, 7.509604621671923
1006, -801.2609252929688, 851.8960571289062, -0.038833800703287125, 0.0, 0.0, 173.16351318359375, 7.450009248076909
1007, -801.4263916015625, 851.9177856445312, -0.037560559809207916, 0.0, 0.0, 173.00001525878906, 7.392725118759714
1008, -801.5877075195312, 851.939453125, -0.036287322640419006, 0.0, 0.0, 172.84495544433594, 7.336803468416606
1009, -801.7494506835938, 851.9613647460938, -0.02673802338540554, 0.0, 0.0, 172.69825744628906, 7.280912553900809
1010, -801.9051513671875, 851.9825439453125, -0.020371824502944946, 0.0, 0.0, 172.56863403320312, 7.227064931183661
1011, -802.064208984375, 852.0044555664062, -0.019098585471510887, 0.0, 0.0, 172.4480438232422, 7.171969683995083
1012, -802.2179565429688, 852.0256958007812, -0.017188729718327522, 0.0, 0.0, 172.34185791015625, 7.118673621180405
1013, -802.3740234375, 852.0474243164062, -0.015915488824248314, 0.0, 0.0, 172.2435760498047, 7.0645033396161665
1014, -802.5302124023438, 852.0693359375, -0.014642249792814255, 0.0, 0.0, 172.15394592285156, 7.010233149820842
1015, -802.6800537109375, 852.090576171875, -0.013369008898735046, 0.0, 0.0, 172.075439453125, 6.958173026086496
1016, -802.8330078125, 852.1123046875, -0.012732389383018017, 0.0, 0.0, 172.00204467773438, 6.904962093990974
1017, -802.9851684570312, 852.1340942382812, -0.011459148488938808, 0.0, 0.0, 171.93528747558594, 6.852034012371462
1018, -803.1422729492188, 852.1567993164062, -0.008912668563425541, 0.0, 0.0, 171.87332153320312, 6.797369046843398
1019, -803.297119140625, 852.17919921875, -0.008276048116385937, 0.0, 0.0, 171.81866455078125, 6.743484804012505
1020, -803.4586791992188, 852.2026977539062, -0.007002809084951878, 0.0, 0.0, 171.76788330078125, 6.687185676606451
1021, -803.6062622070312, 852.2243041992188, -0.005729569587856531, 0.0, 0.0, 171.72679138183594, 6.635746427655556
1022, -803.75390625, 852.2459716796875, -0.003819710575044155, 0.0, 0.0, 171.6910400390625, 6.584296810891584
1023, -803.8951416015625, 852.2667236328125, -0.002546470845118165, 0.0, 0.0, 171.66180419921875, 6.535045976196701
1024, -804.0352172851562, 852.2872314453125, 0.0, 0.0, 0.0, 171.63818359375, 6.4861885251566544
1025, -804.1848754882812, 852.3091430664062, 0.0, 0.0, 0.0, 171.6182861328125, 6.43394405648034
1026, -804.3265380859375, 852.329833984375, 0.0, 0.0, 0.0, 171.60340881347656, 6.3845471308559825
1027, -804.4763793945312, 852.351806640625, 0.0, 0.0, 0.0, 171.5909881591797, 6.332195591100385
1028, -804.609375, 852.3713989257812, 0.0, 0.0, 0.0, 171.58224487304688, 6.285820889796022
1029, -804.74609375, 852.3914794921875, 0.0, 0.0, 0.0, 171.57479858398438, 6.238007897116091
1030, -804.8767700195312, 852.4107055664062, 0.0, 0.0, 0.0, 171.5692138671875, 6.192447875309477
1031, -805.0059814453125, 852.4298095703125, 0.0, 0.0, 0.0, 171.5642852783203, 6.14727014547425
1032, -805.1337890625, 852.44873046875, 0.0, 0.0, 0.0, 171.5609130859375, 6.102918332739156
1033, -805.2610473632812, 852.467529296875, 0.0, 0.0, 0.0, 171.5569305419922, 6.05852925436957
1034, -805.3855590820312, 852.486083984375, 0.0, 0.0, 0.0, 171.5553436279297, 6.015239178706418
1035, -805.5084838867188, 852.5042724609375, 0.0, 0.0, 0.0, 171.5516357421875, 5.971851108363223
1036, -805.6354370117188, 852.5231323242188, 0.0, 0.0, 0.0, 171.55125427246094, 5.926812839649843
1037, -805.7626342773438, 852.5419311523438, 0.0, 0.0, 0.0, 171.5471649169922, 5.881227714141218
1038, -805.8944091796875, 852.5615234375, 0.0, 0.0, 0.0, 171.54844665527344, 5.833737898861468
1039, -806.0137329101562, 852.5792236328125, 0.0, 0.0, 0.0, 171.54405212402344, 5.7925520731798334
1040, -806.1334838867188, 852.5969848632812, 0.0, 0.0, 0.0, 171.5455322265625, 5.7521684033513365
1041, -806.2608642578125, 852.615966796875, 0.0, 0.0, 0.0, 171.54037475585938, 5.707735110914713
1042, -806.38037109375, 852.6337890625, 0.0, 0.0, 0.0, 171.54286193847656, 5.665400193226548
1043, -806.4998168945312, 852.6515502929688, 0.0, 0.0, 0.0, 171.5382843017578, 5.623606352091202
1044, -806.6189575195312, 852.6693725585938, 0.0, 0.0, 0.0, 171.5408935546875, 5.581380345157373
1045, -806.7354736328125, 852.6866455078125, -0.0038197184912860394, 0.0, 0.0, 171.53465270996094, 5.540138287643565
1046, -806.8563232421875, 852.704833984375, -0.007639436982572079, 0.0, 0.0, 171.53228759765625, 5.496313333434483
1047, -806.9766845703125, 852.7230224609375, -0.01145915500819683, 0.0, 0.0, 171.51559448242188, 5.451485517139593
1048, -807.0885009765625, 852.7402954101562, -0.015278873965144157, 0.0, 0.0, 171.50228881835938, 5.411329905264228
1049, -807.205322265625, 852.7584228515625, -0.019098592922091484, 0.0, 0.0, 171.47262573242188, 5.369101820188648
1050, -807.3189086914062, 852.7763671875, -0.02291831001639366, 0.0, 0.0, 171.44442749023438, 5.32741097549241
1051, -807.4423828125, 852.796142578125, -0.02864788845181465, 0.0, 0.0, 171.3925323486328, 5.278564160784154
1052, -807.5576171875, 852.8150634765625, -0.03246760740876198, 0.0, 0.0, 171.34478759765625, 5.233682450962796
1053, -807.6707153320312, 852.8336791992188, -0.031194370239973068, 0.0, 0.0, 171.2794952392578, 5.191234178255049
1054, -807.7854614257812, 852.8529663085938, -0.02992113120853901, 0.0, 0.0, 171.21839904785156, 5.14809173597532
1055, -807.8931274414062, 852.8709716796875, -0.02864789217710495, 0.0, 0.0, 171.14784240722656, 5.108371496611816
1056, -808.0029296875, 852.8895263671875, -0.02737465500831604, 0.0, 0.0, 171.0841064453125, 5.068692940792836
1057, -808.1090698242188, 852.9075317382812, -0.02610141597688198, 0.0, 0.0, 171.0121307373047, 5.029484153354849
1058, -808.2196655273438, 852.9263916015625, -0.024828176945447922, 0.0, 0.0, 170.94813537597656, 4.987506783157933
1059, -808.3271484375, 852.9447631835938, -0.023554939776659012, 0.0, 0.0, 170.88223266601562, 4.958673334290593
1060, -808.436767578125, 852.9635009765625, -0.022281700745224953, 0.0, 0.0, 170.81732177734375, 4.926705907344063
1061, -808.544189453125, 852.9821166992188, -0.021008463576436043, 0.0, 0.0, 170.75599670410156, 4.892593819973733
1062, -808.6471557617188, 852.9998168945312, -0.019735224545001984, 0.0, 0.0, 170.69969177246094, 4.858408957398959
1063, -808.7511596679688, 853.017822265625, -0.018461985513567924, 0.0, 0.0, 170.64552307128906, 4.823031875895336
1064, -808.8558349609375, 853.0360107421875, -0.01655212789773941, 0.0, 0.0, 170.5939483642578, 4.786847507635366
1065, -808.9610595703125, 853.0542602539062, -0.015278889797627926, 0.0, 0.0, 170.54551696777344, 4.750147319663126
1066, -809.0655517578125, 853.0723876953125, -0.014005648903548717, 0.0, 0.0, 170.50059509277344, 4.7135147414970975
1067, -809.169189453125, 853.0904541015625, -0.012732408940792084, 0.0, 0.0, 170.459228515625, 4.677013944052363
1068, -809.2708129882812, 853.108154296875, -0.01145916897803545, 0.0, 0.0, 170.421875, 4.641177344984669
1069, -809.3751220703125, 853.1262817382812, -0.010185928083956242, 0.0, 0.0, 170.3866729736328, 4.604345456159784
1070, -809.473876953125, 853.1434936523438, -0.008276067674160004, 0.0, 0.0, 170.356689453125, 4.569457005731449
1071, -809.5712280273438, 853.160400390625, -0.007639448624104261, 0.0, 0.0, 170.330078125, 4.535028251085353
1072, -809.6715698242188, 853.177978515625, -0.0114591671153903, 0.0, 0.0, 170.30325317382812, 4.499543307210376
1073, -809.7681884765625, 853.1950073242188, -0.017188744619488716, 0.0, 0.0, 170.274658203125, 4.465317727676129
1074, -809.861328125, 853.2115478515625, -0.01909860409796238, 0.0, 0.0, 170.2432098388672, 4.432317015439013
1075, -809.954345703125, 853.2283935546875, -0.02482818067073822, 0.0, 0.0, 170.20620727539062, 4.399218846975939
1076, -810.044189453125, 853.244873046875, -0.026738040149211884, 0.0, 0.0, 170.16477966308594, 4.3672197541385955
1077, -810.1354370117188, 853.2618408203125, -0.03055775910615921, 0.0, 0.0, 170.1165313720703, 4.334660111803454
1078, -810.2294921875, 853.2796630859375, -0.03437747806310654, 0.0, 0.0, 170.05967712402344, 4.301101277123967
1079, -810.3200073242188, 853.297119140625, -0.038197193294763565, 0.0, 0.0, 169.9976806640625, 4.26875106209312
1080, -810.4091796875, 853.314453125, -0.039470430463552475, 0.0, 0.0, 169.93017578125, 4.236864480055022
1081, -810.4981079101562, 853.3319091796875, -0.038197193294763565, 0.0, 0.0, 169.8585968017578, 4.205144026949439
1082, -810.5870971679688, 853.3494873046875, -0.03692395240068436, 0.0, 0.0, 169.7847442626953, 4.173470814407478
1083, -810.6821899414062, 853.3683471679688, -0.03501409664750099, 0.0, 0.0, 169.70506286621094, 4.139658159201455
1084, -810.7704467773438, 853.3858642578125, -0.03374085575342178, 0.0, 0.0, 169.63162231445312, 4.108297244137974
1085, -810.8603515625, 853.4038696289062, -0.032467618584632874, 0.0, 0.0, 169.5579376220703, 4.076342419239449
1086, -810.9469604492188, 853.421142578125, -0.031194381415843964, 0.0, 0.0, 169.48837280273438, 4.045520697494918
1087, -811.0354614257812, 853.43896484375, -0.029921142384409904, 0.0, 0.0, 169.41921997070312, 4.014047372481807
1088, -811.1204223632812, 853.4561767578125, -0.028647903352975845, 0.0, 0.0, 169.35499572753906, 3.9839440840146843
1089, -811.2044067382812, 853.4730834960938, -0.027374666184186935, 0.0, 0.0, 169.2936248779297, 3.954197666945312
1090, -811.2889404296875, 853.4902954101562, -0.026101427152752876, 0.0, 0.0, 169.234130859375, 3.9242945959316597
1091, -811.37255859375, 853.5072631835938, -0.024828189983963966, 0.0, 0.0, 169.17759704589844, 3.8947718814643753
1092, -811.4558715820312, 853.5242919921875, -0.023554950952529907, 0.0, 0.0, 169.12380981445312, 3.8654100280573593
1093, -811.5401611328125, 853.5415649414062, -0.021645093336701393, 0.0, 0.0, 169.0721893310547, 3.835755986119591
1094, -811.6209106445312, 853.5580444335938, -0.021008474752306938, 0.0, 0.0, 169.02513122558594, 3.807277427994869
1095, -811.7015991210938, 853.5745239257812, -0.01973523572087288, 0.0, 0.0, 168.98036193847656, 3.778819588200058
1096, -811.7843017578125, 853.5916137695312, -0.02291833609342575, 0.0, 0.0, 168.9350128173828, 3.7496299868868657
1097, -811.8681030273438, 853.6089477539062, -0.026738055050373077, 0.0, 0.0, 168.8870086669922, 3.7200029998368667
1098, -811.9453735351562, 853.625244140625, -0.030557772144675255, 0.0, 0.0, 168.83926391601562, 3.692618131219668
1099, -812.0220336914062, 853.6415405273438, -0.03437748923897743, 0.0, 0.0, 168.78738403320312, 3.6654207640291014
1100, -812.0966186523438, 853.6576538085938, -0.03819720447063446, 0.0, 0.0, 168.73175048828125, 3.638922730498379
1101, -812.1763916015625, 853.675048828125, -0.04201691970229149, 0.0, 0.0, 168.66586303710938, 3.6105194556306697
1102, -812.2509765625, 853.6915283203125, -0.04074367880821228, 0.05000000074505806, 0.0, 168.60008239746094, 3.5838859171954955
1103, -812.3255004882812, 853.7081909179688, -0.03947044163942337, 0.10000000149011612, 0.0, 168.53233337402344, 3.5615326189158623
1104, -812.400634765625, 853.7250366210938, -0.03819720447063446, 0.15000000596046448, 0.0, 168.46347045898438, 3.5442460025678293
1105, -812.47265625, 853.7412109375, -0.03692396357655525, 0.20000001788139343, 0.0, 168.39773559570312, 3.5330288171286486
1106, -812.546630859375, 853.7578735351562, -0.03565072640776634, 0.2500000298023224, 0.0, 168.3313446044922, 3.5272883324258366
1107, -812.6201171875, 853.7744140625, -0.03437748923897743, 0.30000004172325134, 0.0, 168.2669677734375, 3.5274390579938633
1108, -812.6958618164062, 853.7915649414062, -0.033104248344898224, 0.3500000536441803, 0.0, 168.20263671875, 3.5335793066674723
1109, -812.7738037109375, 853.8092041015625, -0.031831011176109314, 0.40000006556510925, 0.0, 168.13853454589844, 3.5460092663234
1110, -812.8488159179688, 853.826171875, -0.0299211535602808, 0.4750000834465027, 0.0, 168.07933044433594, 3.5638783526278623
1111, -812.9230346679688, 853.843017578125, -0.02864791639149189, 0.5250000357627869, 0.0, 168.0233154296875, 3.5879247455985888
1112, -812.9962158203125, 853.8596801757812, -0.028011295944452286, 0.550000011920929, 0.0, 167.97010803222656, 3.6167163365583295
1113, -813.0728149414062, 853.877197265625, -0.026738058775663376, 0.5999999642372131, 0.0, 167.91680908203125, 3.651210042792056
1114, -813.1498413085938, 853.894775390625, -0.025464819744229317, 0.6499999165534973, 0.0, 167.8654327392578, 3.690621709663715
1115, -813.2277221679688, 853.9125366210938, -0.024191580712795258, 0.6999998688697815, 0.0, 167.81597900390625, 3.735100277763792
1116, -813.3112182617188, 853.931640625, -0.022281723096966743, 0.7749997973442078, 0.0, 167.765869140625, 3.7882220472832353
1117, -813.3917236328125, 853.949951171875, -0.021008485928177834, 0.8249997496604919, 0.0, 167.72044372558594, 3.844994708812039
1118, -813.4722290039062, 853.968505859375, -0.019735246896743774, 0.8749997019767761, 0.0, 167.67762756347656, 3.9067212212861415
1119, -813.5555419921875, 853.987548828125, -0.018462009727954865, 0.9249996542930603, 0.0, 167.6360321044922, 3.9750544291981704
1120, -813.6414184570312, 854.0072631835938, -0.017188770696520805, 0.9749996066093445, 0.0, 167.59593200683594, 4.049770165833118
1121, -813.7302856445312, 854.027587890625, -0.015915531665086746, 1.0249996185302734, 0.0, 167.55734252929688, 4.130705431152548
1122, -813.8223266601562, 854.0486450195312, -0.014642291702330112, 1.0, 0.0, 167.52027893066406, 4.2165710543709185
1123, -813.9096069335938, 854.0686645507812, -0.013369051739573479, 1.0, 0.0, 167.48776245117188, 4.298425475067032
1124, -814.0012817382812, 854.0896606445312, -0.012095811776816845, 1.0, 0.0, 167.4562530517578, 4.384049863596534
1125, -814.0938720703125, 854.11083984375, -0.010822570882737637, 1.0, 0.0, 167.42715454101562, 4.4695471899273915
1126, -814.1903076171875, 854.1328735351562, -0.009549330919981003, 1.0, 0.0, 167.39967346191406, 4.5574497894020825
1127, -814.2900390625, 854.1557006835938, -0.0076394714415073395, 1.0, 0.0, 167.37448120117188, 4.6468372004407055
1128, -814.3937377929688, 854.1792602539062, -0.006366231944411993, 1.0, 0.0, 167.35174560546875, 4.7380811999374215
1129, -814.5023193359375, 854.2039794921875, -0.005092992912977934, 1.0, 0.0, 167.33140563964844, 4.831943528149937
1130, -814.6113891601562, 854.2288208007812, -0.0038197531830519438, 1.0, 0.0, 167.3143310546875, 4.9244943059340205
1131, -814.7196044921875, 854.25341796875, -0.0025465134531259537, 1.0, 0.0, 167.30055236816406, 5.01459742985927
1132, -814.8240356445312, 854.277099609375, -0.0012732739560306072, 1.0, 0.0, 167.290283203125, 5.1000628559591155
1133, -814.9309692382812, 854.3013305664062, 0.0, 1.0, 0.0, 167.2827606201172, 5.186025221706622
1134, -815.0435180664062, 854.3267211914062, 0.0, 1.0, 0.0, 167.27745056152344, 5.274900890115642
1135, -815.15185546875, 854.3512573242188, 0.0, 1.0, 0.0, 167.274169921875, 5.3590789612108525
1136, -815.2660522460938, 854.3770751953125, 0.0, 1.0, 0.0, 167.27198791503906, 5.446346790986899
1137, -815.377197265625, 854.4021606445312, 0.0, 1.0, 0.0, 167.2709197998047, 5.529849378206907
1138, -815.4934692382812, 854.428466796875, 0.0, 1.0, 0.0, 167.27052307128906, 5.615894137256303
1139, -815.6116943359375, 854.4552001953125, 0.0, 1.0, 0.0, 167.27069091796875, 5.701938188941929
1140, -815.728271484375, 854.4815673828125, 0.0, 1.0, 0.0, 167.27130126953125, 5.785434756958013
1141, -815.8474731445312, 854.508544921875, -0.0038197184912860394, 1.0, 0.0, 167.27052307128906, 5.869559066873055
1142, -815.9674682617188, 854.535888671875, -0.007639436982572079, 1.0, 0.0, 167.2662353515625, 5.952931932930129
1143, -816.0941772460938, 854.5648803710938, -0.01145915500819683, 1.0, 0.0, 167.25628662109375, 6.0396480563082084
1144, -816.2188110351562, 854.5936279296875, -0.015278873965144157, 1.0, 0.0, 167.239990234375, 6.123704496336126
1145, -816.3502197265625, 854.6243286132812, -0.021008450537919998, 1.0, 0.0, 167.2139434814453, 6.210830173098332
1146, -816.4749145507812, 854.653564453125, -0.020371831953525543, 1.0, 0.0, 167.1822509765625, 6.292593856744911
1147, -816.6052856445312, 854.684326171875, -0.019098594784736633, 1.0, 0.0, 167.14427185058594, 6.37704588712949
1148, -816.7398071289062, 854.71630859375, -0.017825355753302574, 1.0, 0.0, 167.10194396972656, 6.463030978040279
1149, -816.8789672851562, 854.7511596679688, -0.016552116721868515, 1.0, 0.0, 167.03836059570312, 6.56432128996971
1150, -817.015380859375, 854.7843627929688, -0.014642258174717426, 1.0, 0.0, 166.98440551757812, 6.634398332443443
1151, -817.15576171875, 854.8186645507812, -0.014005637727677822, 1.0, 0.0, 166.93121337890625, 6.710683337550549
1152, -817.3106079101562, 854.855712890625, -0.012095777317881584, 1.0, 0.0, 166.86273193359375, 6.832330152144901
1153, -817.4613647460938, 854.8912963867188, -0.01082253735512495, 1.0, 0.0, 166.821044921875, 6.900364861830494
1154, -817.6085815429688, 854.9259033203125, -0.009549297392368317, 1.0, 0.0, 166.77926635742188, 6.97547940002549
1155, -817.7572631835938, 854.9608154296875, -0.008276056498289108, 1.0, 0.0, 166.73838806152344, 7.056788515791747
1156, -817.91015625, 854.996826171875, -0.007002817466855049, 1.0, 0.0, 166.699462890625, 7.1433995245776964
1157, -818.067626953125, 855.033935546875, -0.005729577969759703, 1.0, 0.0, 166.66334533691406, 7.23367255982619
1158, -818.2294311523438, 855.0721435546875, -0.0044563389383256435, 1.0, 0.0, 166.63070678710938, 7.3263965564795335
1159, -818.3934326171875, 855.111083984375, -0.0031830992083996534, 1.0, 0.0, 166.60232543945312, 7.419763179644058
1160, -818.5552368164062, 855.1495361328125, -0.00127323972992599, 1.0, 0.0, 166.57908630371094, 7.510843618170658
1161, -818.72021484375, 855.188720703125, 0.0, 1.0, 0.0, 166.5603485107422, 7.602431538145582
1162, -818.8833618164062, 855.2275390625, 0.0, 1.0, 0.0, 166.54611206054688, 7.691584966247037
1163, -819.048583984375, 855.26708984375, -0.0019098592456430197, 1.0, 0.0, 166.5341339111328, 7.7805509745313906
1164, -819.212890625, 855.3063354492188, -0.005729577504098415, 1.0, 0.0, 166.52200317382812, 7.867525070226454
1165, -819.3773803710938, 855.3460083007812, -0.009549296461045742, 1.0, 0.0, 166.50697326660156, 7.9533175319453
1166, -819.5430297851562, 855.3878784179688, -0.013369014486670494, 1.0, 0.0, 166.505859375, 8.04045251932341
1167, -819.7131958007812, 855.4293823242188, -0.01718873344361782, 1.0, 0.0, 166.48416137695312, 8.117860432174405
1168, -819.88623046875, 855.4716186523438, -0.021008450537919998, 1.0, 0.0, 166.45338439941406, 8.19943824420434
1169, -820.0653686523438, 855.5150756835938, -0.024828169494867325, 1.0, 0.0, 166.42027282714844, 8.289888622770786
1170, -820.2388916015625, 855.5575561523438, -0.02864788845181465, 1.0, 0.0, 166.36614990234375, 8.360972677676706
1171, -820.423828125, 855.603271484375, -0.03246760740876198, 1.0, 0.0, 166.29574584960938, 8.43858775276757
1172, -820.6145629882812, 855.6509399414062, -0.031194370239973068, 1.0, 0.0, 166.2122344970703, 8.52732897799064
1173, -820.7946166992188, 855.6964111328125, -0.029284512624144554, 1.0, 0.0, 166.125732421875, 8.613707156137384
1174, -820.9844970703125, 855.7447509765625, -0.02864789217710495, 1.0, 0.0, 166.0284423828125, 8.7056324380684
1175, -821.17724609375, 855.794189453125, -0.026738034561276436, 1.0, 0.0, 165.92564392089844, 8.798008435628994
1176, -821.3739624023438, 855.844970703125, -0.025464797392487526, 1.0, 0.0, 165.81857299804688, 8.89101545965199
1177, -821.568359375, 855.8954467773438, -0.024191558361053467, 1.0, 0.0, 165.712158203125, 8.981574622271498
1178, -821.7630004882812, 855.9464721679688, -0.022281700745224953, 1.0, 0.0, 165.60650634765625, 9.071073110799079
1179, -821.9577026367188, 855.9977416992188, -0.021645082160830498, 1.0, 0.0, 165.50253295898438, 9.15918393968064
1180, -822.155517578125, 856.050048828125, -0.019735224545001984, 1.0, 0.0, 165.39955139160156, 9.247494957730936
1181, -822.3594360351562, 856.1043701171875, -0.01909860596060753, 1.0, 0.0, 165.29661560058594, 9.337357529195316
1182, -822.5572509765625, 856.1572265625, -0.017188748344779015, 1.0, 0.0, 165.19827270507812, 9.40636984124078
1183, -822.760009765625, 856.2118530273438, -0.015915509313344955, 1.0, 0.0, 165.0982208251953, 9.444801733178853
1184, -822.9613647460938, 856.2666015625, -0.014642269350588322, 1.0, 0.0, 165.003662109375, 9.47158227247556
1185, -823.166748046875, 856.322998046875, -0.013369029387831688, 1.0, 0.0, 164.91392517089844, 9.496654291452739
1186, -823.3667602539062, 856.3784790039062, -0.01209578849375248, 1.0, 0.0, 164.8337860107422, 9.521832295957683
1187, -823.5711669921875, 856.4359130859375, -0.010822548530995846, 1.0, 0.0, 164.7594451904297, 9.549034375137223
1188, -823.774658203125, 856.49365234375, -0.009549308568239212, 1.0, 0.0, 164.70082092285156, 9.640542649685122
1189, -823.9886474609375, 856.554931640625, -0.008276067674160004, 1.0, 0.0, 164.6508026123047, 9.76483990430197
1190, -824.196533203125, 856.6145629882812, -0.01209578663110733, 1.0, 0.0, 164.60107421875, 9.87890613457324
1191, -824.4096069335938, 856.6758422851562, -0.015915505588054657, 1.0, 0.0, 164.54611206054688, 9.994672361813047
1192, -824.625244140625, 856.738037109375, -0.019735224545001984, 1.0, 0.0, 164.48468017578125, 10.108389273079029
1193, -824.85107421875, 856.8035888671875, -0.025464802980422974, 1.0, 0.0, 164.41123962402344, 10.222710695319194
1194, -825.0667724609375, 856.8665161132812, -0.0292845219373703, 1.0, 0.0, 164.33087158203125, 10.32733085987329
1195, -825.2932739257812, 856.9331665039062, -0.03310423716902733, 1.0, 0.0, 164.22999572753906, 10.406679704025896
1196, -825.5221557617188, 857.0009765625, -0.03692395240068436, 1.0, 0.0, 164.10455322265625, 10.437367066431818
1197, -825.74755859375, 857.068603515625, -0.040743667632341385, 1.0, 0.0, 163.96096801757812, 10.453443492113935
1198, -825.9688720703125, 857.1356201171875, -0.04456338286399841, 1.0, 0.0, 163.80047607421875, 10.467313738480502
1199, -826.1981811523438, 857.206298828125, -0.04838309809565544, 1.0, 0.0, 163.63160705566406, 10.57913595164294
1200, -826.4267578125, 857.2777709960938, -0.054112669080495834, 1.0, 0.0, 163.45297241210938, 10.70755969157224
1201, -826.6572265625, 857.3508911132812, -0.05793238431215286, 1.0, 0.0, 163.25799560546875, 10.829708160373672
1202, -826.892578125, 857.426513671875, -0.06175209954380989, 1.0, 0.0, 163.25799560546875, 10.94766670166794
1203, -827.1229248046875, 857.5017700195312, -0.06557182222604752, 1.0, 0.0, 162.81716918945312, 11.05737206161073
1204, -827.3538818359375, 857.5781860351562, -0.06939153373241425, 1.0, 0.0, 162.57518005371094, 11.162224688643827
1205, -827.6044921875, 857.662353515625, -0.07321125268936157, 1.0, 0.0, 162.2949676513672, 11.271004601975948
1206, -827.8455200195312, 857.7445068359375, -0.0770309641957283, 1.0, 0.0, 162.00869750976562, 11.37176462919649
1207, -828.102783203125, 857.8336791992188, -0.07512110471725464, 1.0, 0.0, 161.6867218017578, 11.47602058738645
1208, -828.3522338867188, 857.92138671875, -0.07384786754846573, 1.0, 0.0, 161.3620147705078, 11.574285543620626
1209, -828.5923461914062, 858.007080078125, -0.07257463037967682, 1.0, 0.0, 161.0405731201172, 11.666479664383555
1210, -828.8357543945312, 858.0951538085938, -0.07130139321088791, 1.0, 0.0, 160.70753479003906, 11.757882228749617
1211, -829.083251953125, 858.1859741210938, -0.070028156042099, 1.0, 0.0, 160.36376953125, 11.848858859887036
1212, -829.3413696289062, 858.2821655273438, -0.06811829656362534, 1.0, 0.0, 160.00137329101562, 11.942011923942898
1213, -829.596923828125, 858.3787231445312, -0.06684505939483643, 1.0, 0.0, 159.64035034179688, 12.032550732240402
1214, -829.8499755859375, 858.4757690429688, -0.06557182222604752, 1.0, 0.0, 159.2816619873047, 12.120780874357822
1215, -830.1049194335938, 858.5748291015625, -0.06429857760667801, 1.0, 0.0, 158.91961669921875, 12.207400615523028
1216, -830.3619384765625, 858.6762084960938, -0.0630253404378891, 1.0, 0.0, 158.55413818359375, 12.294525445547007
1217, -830.622802734375, 858.7807006835938, -0.06175210326910019, 1.0, 0.0, 158.18482971191406, 12.382035959929825
1218, -830.883056640625, 858.8865356445312, -0.06047886610031128, 1.0, 0.0, 157.81838989257812, 12.468357623815056
1219, -831.154052734375, 858.9984130859375, -0.058569010347127914, 1.0, 0.0, 157.43994140625, 12.55737476056692
1220, -831.4175415039062, 859.1088256835938, -0.057295769453048706, 1.0, 0.0, 157.07540893554688, 12.643058593503298
1221, -831.680419921875, 859.220703125, -0.056022532284259796, 1.0, 0.0, 156.71539306640625, 12.727792523616062
1222, -831.9498901367188, 859.3369140625, -0.054749295115470886, 1.0, 0.0, 156.35064697265625, 12.813890004001452
1223, -832.217041015625, 859.4540405273438, -0.058569010347127914, 1.0, 0.0, 155.99070739746094, 12.897942253056021
1224, -832.4814453125, 859.5718383789062, -0.06238872557878494, 1.0, 0.0, 155.63272094726562, 12.980034163720568
1225, -832.75927734375, 859.6978149414062, -0.06811829656362534, 1.0, 0.0, 155.25103759765625, 13.064880038920647
1226, -833.0612182617188, 859.8374633789062, -0.07193800806999207, 1.0, 0.0, 154.82498168945312, 13.155934543706861
1227, -833.3546752929688, 859.9760131835938, -0.07575772702693939, 1.0, 0.0, 154.39956665039062, 13.243605754462049
1228, -833.6337890625, 860.1102905273438, -0.08148729801177979, 1.0, 0.0, 153.98361206054688, 13.326058044672068
1229, -833.9169311523438, 860.2492065429688, -0.08530701696872711, 1.0, 0.0, 153.54661560058594, 13.40887311640361
1230, -834.2015380859375, 860.3917236328125, -0.08912672847509384, 1.0, 0.0, 153.090087890625, 13.491364124080931
1231, -834.4920043945312, 860.540283203125, -0.09039996564388275, 1.0, 0.0, 152.6064453125, 13.575391701372672
1232, -834.78076171875, 860.6901245117188, -0.08849010616540909, 1.0, 0.0, 152.13070678710938, 13.652357558790277
1233, -835.073486328125, 860.8427734375, -0.08721686899662018, 1.0, 0.0, 151.6935272216797, 13.716427364230409
1234, -835.3719482421875, 861.0004272460938, -0.08594363182783127, 1.0, 0.0, 151.25914001464844, 13.75714103330034
1235, -835.667724609375, 861.1588134765625, -0.08467039465904236, 1.0, 0.0, 150.83563232421875, 13.785082141539744
1236, -835.9674072265625, 861.3212890625, -0.0827605351805687, 1.0, 0.0, 150.4091796875, 13.808635913268812
1237, -836.2673950195312, 861.4862060546875, -0.08148729801177979, 1.0, 0.0, 149.9738311767578, 13.854860257020238
1238, -836.5588989257812, 861.649658203125, -0.08021406084299088, 1.0, 0.0, 149.50892639160156, 13.960669148302234
1239, -836.9197998046875, 861.857421875, -0.07830420136451721, 1.0, 0.0, 148.89999389648438, 14.085656032548853
1240, -837.2628784179688, 862.0598754882812, -0.0770309641957283, 1.0, 0.0, 148.29502868652344, 14.189877233753958
1241, -837.6227416992188, 862.2752685546875, -0.07448448985815048, 1.0, 0.0, 147.5964813232422, 14.252685705501916
1242, -837.976318359375, 862.490966796875, -0.07257463037967682, 1.0, 0.0, 146.87820434570312, 14.279206114328842
1243, -838.314208984375, 862.7021484375, -0.07193800806999207, 1.0, 0.0, 146.17596435546875, 14.392095054560823
1244, -838.6580810546875, 862.9228515625, -0.070028156042099, 1.0, 0.0, 145.47410583496094, 14.523567892693
1245, -839.002197265625, 863.1495971679688, -0.06811829656362534, 1.0, 0.0, 144.7888946533203, 14.650759063708822
1246, -839.3441162109375, 863.3807373046875, -0.06620843708515167, 1.0, 0.0, 144.1242218017578, 14.773298920363455
1247, -839.6859130859375, 863.6175537109375, -0.06493519991636276, 1.0, 0.0, 143.47467041015625, 14.892279187186976
1248, -840.0341796875, 863.864501953125, -0.057932380586862564, 1.0, 0.0, 142.830810546875, 15.011642703786984
1249, -840.371826171875, 864.1089477539062, -0.04838308319449425, 1.0, 0.0, 142.23013305664062, 15.126129315569672
1250, -840.7208251953125, 864.3665161132812, -0.042016882449388504, 1.0, 0.0, 141.63818359375, 15.24242260962895
1251, -841.0784912109375, 864.6354370117188, -0.029284484684467316, 1.0, 0.0, 141.0700225830078, 15.360789871055127
1252, -841.4666137695312, 864.9320678710938, -0.019735187292099, 1.0, 0.0, 140.5032958984375, 15.48724847680017
1253, -841.8480834960938, 865.2285766601562, -0.015915466472506523, 1.0, 0.0, 139.99740600585938, 15.609060179558886
1254, -842.2296752929688, 865.5299072265625, -0.014005606062710285, 0.9750000238418579, 0.0, 139.53744506835938, 15.728266165039031
1255, -842.6046752929688, 865.8307495117188, -0.012095745652914047, 1.0, 0.0, 139.1260223388672, 15.843260652983398
1256, -842.987548828125, 866.142822265625, -0.00954926572740078, 1.0, 0.0, 138.74510192871094, 15.959711848610477
1257, -843.3821411132812, 866.4688110351562, -0.002546448027715087, 1.0, 0.0, 138.39642333984375, 16.07938307316813
1258, -843.7816162109375, 866.8030395507812, 0.0038197184912860394, 1.0, 0.0, 138.09237670898438, 16.19990731919105
1259, -844.19677734375, 867.154541015625, 0.007639436982572079, 1.0, 0.0, 137.82887268066406, 16.324229077018067
1260, -844.5656127929688, 867.4699096679688, 0.013369014486670494, 1.0, 0.0, 137.64126586914062, 16.434095537562143
1261, -844.9021606445312, 867.7596435546875, 0.019098592922091484, 1.0, 0.0, 137.5085906982422, 16.533708732375647
1262, -845.2249145507812, 868.0390625, 0.024828169494867325, 1.0, 0.0, 137.41778564453125, 16.62858705870186
1263, -845.5477905273438, 868.31982421875, 0.02864788845181465, 1.0, 0.0, 137.36312866210938, 16.722834760013214
1264, -845.875, 868.605224609375, 0.03437746688723564, 1.0, 0.0, 137.3455352783203, 16.8175040332187
1265, -846.2015991210938, 868.8909301757812, 0.036287322640419006, 1.0, 0.0, 137.364501953125, 16.911319215607577
1266, -846.5262451171875, 869.17529296875, 0.040107037872076035, 1.0, 0.0, 137.41835021972656, 17.00371750696999
1267, -846.8544311523438, 869.462890625, 0.04583660885691643, 1.0, 0.0, 137.50909423828125, 17.096077226014003
1268, -847.18359375, 869.7509155273438, 0.049656324088573456, 1.0, 0.0, 137.63650512695312, 17.18766173028952
1269, -847.5232543945312, 870.047607421875, 0.05538589879870415, 1.0, 0.0, 137.8068389892578, 17.28086068294189
1270, -847.85693359375, 870.3382568359375, 0.059205614030361176, 1.0, 0.0, 138.0116729736328, 17.371224923020463
1271, -848.1928100585938, 870.6294555664062, 0.06493518501520157, 1.0, 0.0, 138.25552368164062, 17.460658657814534
1272, -848.544189453125, 870.932373046875, 0.06620842218399048, 1.0, 0.0, 138.548828125, 17.553212912535905
1273, -848.8821411132812, 871.2219848632812, 0.06429856270551682, 1.0, 0.0, 138.86178588867188, 17.641601038380685
1274, -849.2278442382812, 871.516357421875, 0.0630253255367279, 1.0, 0.0, 139.20803833007812, 17.73117812703423
1275, -849.575439453125, 871.8106079101562, 0.06111546978354454, 1.0, 0.0, 139.578125, 17.820440661808615
1276, -849.9246826171875, 872.1038818359375, 0.05984223261475563, 1.0, 0.0, 139.96739196777344, 17.909057183058113
1277, -850.2771606445312, 872.3975830078125, 0.05793237313628197, 0.9500000476837158, 0.0, 140.37452697753906, 17.997014521652897
1278, -850.6300048828125, 872.6891479492188, 0.05665913596749306, 0.9000000953674316, 0.0, 140.79286193847656, 18.081934671299486
1279, -850.9888305664062, 872.9830322265625, 0.050292935222387314, 0.8500001430511475, 0.0, 141.22354125976562, 18.16462994275691
1280, -851.3453979492188, 873.2726440429688, 0.040743637830019, 0.7750002145767212, 0.0, 141.64825439453125, 18.242033358478814
1281, -851.7023315429688, 873.560302734375, 0.034377437084913254, 0.725000262260437, 0.0, 142.06382751464844, 18.312775449485557
1282, -852.060302734375, 873.8463745117188, 0.024828139692544937, 0.6500003337860107, 0.0, 142.4641571044922, 18.37619595552868
1283, -852.4235229492188, 874.1345825195312, 0.018461940810084343, 0.6000003814697266, 0.0, 142.8485565185547, 18.431251510854505
1284, -852.7874145507812, 874.4210815429688, 0.012095742858946323, 0.5500004291534424, 0.0, 143.20802307128906, 18.476454059581574
1285, -853.1557006835938, 874.7090454101562, 0.0025464470963925123, 0.4750004708766937, 0.0, 143.5404052734375, 18.511488239524827
1286, -853.5230102539062, 874.9942016601562, -0.0019098592456430197, 0.42500045895576477, 0.0, 143.83815002441406, 18.53433277638847
1287, -853.875, 875.2656860351562, -0.005729577504098415, 0.3750004470348358, 0.0, 144.09170532226562, 18.544593618798544
1288, -854.2490234375, 875.5521850585938, -0.01145915500819683, 0.3000004291534424, 0.0, 144.32525634765625, 18.542725820387968
1289, -854.6181640625, 875.833251953125, -0.015278873965144157, 0.2500004172325134, 0.0, 144.51947021484375, 18.527132354439853
1290, -854.984130859375, 876.1102905273438, -0.021008450537919998, 0.17500039935112, 0.0, 144.67552185058594, 18.498372164255493
1291, -855.3494262695312, 876.3854370117188, -0.024828169494867325, 0.12500038743019104, 0.0, 144.7946319580078, 18.45635831827471
1292, -855.7028198242188, 876.6505126953125, -0.02864788845181465, 0.07500039041042328, 0.0, 144.8755645751953, 18.403484663296982
1293, -856.0596923828125, 876.9171752929688, -0.03437746688723564, 3.915280046840053e-07, 0.0, 144.9217987060547, 18.338081504159963
1294, -856.418212890625, 877.1844482421875, -0.03819718211889267, 0.0, 0.0, 144.93194580078125, 18.26019216927279
1295, -856.778564453125, 877.4525756835938, -0.0420168936252594, 0.0, 0.0, 144.9056854248047, 18.171804823283722
1296, -857.1504516601562, 877.7289428710938, -0.04774646833539009, 0.0, 0.0, 144.8388671875, 18.071560916623724
1297, -857.5073852539062, 877.9944458007812, -0.05156618356704712, 0.0, 0.0, 144.73672485351562, 17.96790004373839
1298, -857.8689575195312, 878.2635498046875, -0.05538589879870415, 0.0, 0.0, 144.59495544433594, 17.856539772178166
1299, -858.2321166992188, 878.534423828125, -0.06111546978354454, 0.0, 0.0, 144.41249084472656, 17.738916153726684
1300, -858.5812377929688, 878.7958374023438, -0.06493518501520157, 0.0, 0.0, 144.19866943359375, 17.62100104342703
1301, -858.929931640625, 879.0580444335938, -0.07066475600004196, 0.0, 0.0, 143.94606018066406, 17.498892808996906
1302, -859.2827758789062, 879.324951171875, -0.07448447495698929, 0.0, 0.0, 143.6497344970703, 17.371374569808985
1303, -859.6358642578125, 879.5938720703125, -0.07830418646335602, 0.0, 0.0, 143.31214904785156, 17.240172968502375
1304, -859.9758911132812, 879.8550415039062, -0.08403375744819641, 0.02500000037252903, 0.0, 142.94674682617188, 17.11120430325845
1305, -860.3087158203125, 880.1130981445312, -0.08785347640514374, 0.07500000298023224, 0.0, 142.5500030517578, 16.98321812918842
1306, -860.6317138671875, 880.365966796875, -0.08658023923635483, 0.125, 0.0, 142.13014221191406, 16.859414337715506
1307, -860.9584350585938, 880.62451171875, -0.08467037975788116, 0.20000001788139343, 0.0, 141.67388916015625, 16.73618210197637
1308, -861.2767944335938, 880.8792114257812, -0.08339714258909225, 0.2500000298023224, 0.0, 141.20193481445312, 16.619769187877427
1309, -861.5958251953125, 881.137451171875, -0.08212390542030334, 0.30000004172325134, 0.0, 140.70457458496094, 16.507932840035583
1310, -861.9185791015625, 881.4020385742188, -0.08021404594182968, 0.3750000596046448, 0.0, 140.1797637939453, 16.40095951048622
1311, -862.2296142578125, 881.6602783203125, -0.07894080877304077, 0.42500007152557373, 0.0, 139.6560516357422, 16.305265646105667
1312, -862.5371704101562, 881.9192504882812, -0.07703094929456711, 0.5000000596046448, 0.0, 139.12326049804688, 16.218797407304216
1313, -862.8469848632812, 882.1839599609375, -0.0757577121257782, 0.550000011920929, 0.0, 138.57371520996094, 16.14123566044396
1314, -863.1401977539062, 882.4381103515625, -0.07448447495698929, 0.5999999642372131, 0.0, 138.0438690185547, 16.077427332965424
1315, -863.4303588867188, 882.6934204101562, -0.07321123778820038, 0.6499999165534973, 0.0, 137.51161193847656, 16.023914643536447
1316, -863.7200317382812, 882.952392578125, -0.07130137830972672, 0.7249998450279236, 0.0, 136.9739227294922, 15.980744228505806
1317, -864.0180053710938, 883.2230224609375, -0.0700281411409378, 0.7749997973442078, 0.0, 136.4163818359375, 15.94815556114982
1318, -864.3118286132812, 883.4945068359375, -0.0687548965215683, 0.8249997496604919, 0.0, 135.86265563964844, 15.928163899338145
1319, -864.59716796875, 883.7625732421875, -0.06684504449367523, 0.8999996781349182, 0.0, 135.3228759765625, 15.920718420829234
1320, -864.8934326171875, 884.0457763671875, -0.06557180732488632, 0.9499996304512024, 0.0, 134.76097106933594, 15.925907816620105
1321, -865.1954345703125, 884.3396606445312, -0.06366194784641266, 1.0249996185302734, 0.0, 134.18804931640625, 15.944634506109505
1322, -865.4981079101562, 884.6395263671875, -0.06238870695233345, 1.0, 0.0, 133.6146697998047, 15.975775204850924
1323, -865.792724609375, 884.936767578125, -0.060478851199150085, 0.9250000715255737, 0.0, 133.0576171875, 16.015054757466384
1324, -866.0890502929688, 885.2412109375, -0.059205614030361176, 0.8750001192092896, 0.0, 132.4989776611328, 16.059288147261867
1325, -866.3977661132812, 885.5643310546875, -0.05729575455188751, 0.8000001907348633, 0.0, 131.91957092285156, 16.107331103852037
1326, -866.7235717773438, 885.9121704101562, -0.05538589879870415, 0.725000262260437, 0.0, 131.31190490722656, 16.156456228471257
1327, -867.0255126953125, 886.2406616210938, -0.053476039320230484, 0.6500003337860107, 0.0, 130.75306701660156, 16.197541768711698
1328, -867.3045654296875, 886.5494995117188, -0.05283942073583603, 0.6500003337860107, 0.0, 130.2405548095703, 16.23014409380525
1329, -867.5905151367188, 886.8717041015625, -0.050929564982652664, 0.7000002861022949, 0.0, 129.71949768066406, 16.260080342083917
1330, -867.8766479492188, 887.1996459960938, -0.049019705504179, 0.7750002145767212, 0.0, 129.20358276367188, 16.289186817084463
1331, -868.150390625, 887.5189819335938, -0.04774646833539009, 0.8500001430511475, 0.0, 128.71524047851562, 16.319102994900398
1332, -868.4387817382812, 887.861328125, -0.04647323116660118, 0.9000000953674316, 0.0, 128.20692443847656, 16.355512351935193
1333, -868.7062377929688, 888.1840209960938, -0.04392675310373306, 0.9750000238418579, 0.0, 127.74195861816406, 16.395473793250385
1334, -868.9927368164062, 888.5357666015625, -0.04265351593494415, 1.0, 0.0, 127.25164794921875, 16.44604199611496
1335, -869.2868041992188, 888.9031982421875, -0.04074365645647049, 1.0, 0.0, 126.75704956054688, 16.505979735020514
1336, -869.5771484375, 889.2724609375, -0.038833800703287125, 1.0, 0.0, 126.27781677246094, 16.571948751892197
1337, -869.8521728515625, 889.6281127929688, -0.037560559809207916, 1.0, 0.0, 125.83252716064453, 16.639637859002235
1338, -870.1300659179688, 889.996337890625, -0.03565070405602455, 1.0, 0.0, 125.36746978759766, 16.718358775672904
1339, -870.4090576171875, 890.3697509765625, -0.03374084457755089, 1.0, 0.0, 124.91218566894531, 16.78453255097285
1340, -870.68505859375, 890.7432861328125, -0.027374647557735443, 1.0, 0.0, 124.48137664794922, 16.856711418624187
1341, -870.971435546875, 891.1356811523438, -0.017825348302721977, 1.0, 0.0, 124.06195068359375, 16.94040402070286
1342, -871.2503662109375, 891.5221557617188, -0.008276051841676235, 1.0, 0.0, 123.68785858154297, 17.027022859793355
1343, -871.5357666015625, 891.921875, -0.004456333816051483, 1.0, 0.0, 123.35174560546875, 17.10051873996974
1344, -871.8159790039062, 892.320068359375, -0.002546474104747176, 1.0, 0.0, 123.08748626708984, 17.146745531875307
1345, -872.0910034179688, 892.712646484375, 0.0, 1.0, 0.0, 122.84356689453125, 17.17534842741928
1346, -872.3670043945312, 893.1094970703125, 0.0, 1.0, 0.0, 122.62236785888672, 17.20035883114841
1347, -872.6387939453125, 893.5028076171875, 0.0, 1.0, 0.0, 122.42886352539062, 17.223337185022665
1348, -872.9086303710938, 893.89599609375, 0.0, 1.0, 0.0, 122.25973510742188, 17.24606111940599
1349, -873.175537109375, 894.2866821289062, 0.0, 1.0, 0.0, 122.10470581054688, 17.262540077664823
1350, -873.4483642578125, 894.6870727539062, 0.0, 1.0, 0.0, 121.92243194580078, 17.333082337696492
1351, -873.7163696289062, 895.0826416015625, 0.0, 1.0, 0.0, 121.71697998046875, 17.4039748330488
1352, -873.9887084960938, 895.488037109375, 0.0, 1.0, 0.0, 121.50367736816406, 17.462805565995808
1353, -874.2589721679688, 895.8952026367188, 0.0, 1.0, 0.0, 121.29114532470703, 17.607052610506983
1354, -874.5203857421875, 896.2942504882812, 0.0, 1.0, 0.0, 121.10298919677734, 17.749608228954518
1355, -874.7841186523438, 896.7020874023438, 0.0, 1.0, 0.0, 120.93260192871094, 17.888877603611167
1356, -875.0479736328125, 897.1148071289062, 0.0, 1.0, 0.0, 120.7802505493164, 18.023670673540046
1357, -875.3098754882812, 897.5288696289062, 0.0038197184912860394, 1.0, 0.0, 120.64812469482422, 18.15371122125452
1358, -875.5813598632812, 897.9617919921875, 0.009549296461045742, 1.0, 0.0, 120.53545379638672, 18.28470140307581
1359, -875.852294921875, 898.396728515625, 0.013369014486670494, 1.0, 0.0, 120.45003509521484, 18.41154819004171
1360, -876.1226196289062, 898.833251953125, 0.019098592922091484, 1.0, 0.0, 120.39440155029297, 18.53451038339936
1361, -876.38623046875, 899.2611694335938, 0.017825353890657425, 1.0, 0.0, 120.3663101196289, 18.65113008232382
1362, -876.6614379882812, 899.7098999023438, 0.01591549627482891, 1.0, 0.0, 120.35942840576172, 18.769788576488157
1363, -876.9319458007812, 900.1526489257812, 0.014005635865032673, 1.0, 0.0, 120.37010955810547, 18.883607819455033
1364, -877.201416015625, 900.595458984375, 0.012732395902276039, 1.0, 0.0, 120.39437103271484, 18.99460670513543
1365, -877.4660034179688, 901.0318603515625, 0.01145915500819683, 1.0, 0.0, 120.42853546142578, 19.10148704283174
1366, -877.739501953125, 901.484130859375, 0.009549295529723167, 1.0, 0.0, 120.47163391113281, 19.209938804667086
1367, -878.0126342773438, 901.93701171875, 0.0076394351199269295, 1.0, 0.0, 120.5195541381836, 19.31633697919833
1368, -878.2767944335938, 902.3758544921875, 0.0070028156042099, 1.0, 0.0, 120.56896209716797, 19.41759995642526
1369, -878.5488891601562, 902.8287963867188, 0.005092956591397524, 1.0, 0.0, 120.62114715576172, 19.520384422811993
1370, -878.8178100585938, 903.277099609375, 0.003183097345754504, 1.0, 0.0, 120.67186737060547, 19.620495762927547
1371, -879.1028442382812, 903.7531127929688, 0.0, 1.0, 0.0, 120.72163391113281, 19.725206438126285
1372, -879.3795166015625, 904.215576171875, 0.0, 1.0, 0.0, 120.76541137695312, 19.8255437213701
1373, -879.6228637695312, 904.622802734375, 0.0, 1.0, 0.0, 120.80074310302734, 19.912817406983958
1374, -879.8798828125, 905.0530395507812, 0.0, 1.0, 0.0, 120.83513641357422, 20.00405265731237
1375, -880.1215209960938, 905.4575805664062, 0.0, 1.0, 0.0, 120.86510467529297, 20.08896075323118
1376, -880.3672485351562, 905.8689575195312, 0.0, 0.9750000238418579, 0.0, 120.89349365234375, 20.174297175818825
1377, -880.6144409179688, 906.28271484375, 0.0, 0.9250000715255737, 0.0, 120.92007446289062, 20.25827115039569
1378, -880.8598022460938, 906.6931762695312, 0.0, 0.8750001192092896, 0.0, 120.94466400146484, 20.3386520698401
1379, -881.1001586914062, 907.0952758789062, 0.0, 0.8250001668930054, 0.0, 120.96731567382812, 20.41357741762194
1380, -881.3602294921875, 907.5302124023438, 0.0, 0.7500002384185791, 0.0, 120.990234375, 20.48916424640599
1381, -881.6103515625, 907.9482421875, 0.0, 0.7000002861022949, 0.0, 121.01083374023438, 20.55511176158826
1382, -881.8567504882812, 908.3598022460938, 0.0, 0.6500003337860107, 0.0, 121.0299072265625, 20.61288387760141
1383, -882.106201171875, 908.7765502929688, 0.0, 0.6000003814697266, 0.02500000037252903, 121.04796600341797, 20.6634025901794
1384, -882.354736328125, 909.1912231445312, 0.0, 0.5500004291534424, 0.07500000298023224, 121.06476593017578, 20.7048652963438
1385, -882.5991821289062, 909.598876953125, 0.0, 0.5000004768371582, 0.125, 121.08016204833984, 20.73617794467659
1386, -882.8563232421875, 910.027587890625, 0.0, 0.42500045895576477, 0.20000001788139343, 121.09517669677734, 20.757929465498467
1387, -883.1029663085938, 910.438232421875, 0.0, 0.35000044107437134, 0.27500003576278687, 121.10845184326172, 20.766226885697552
1388, -883.3499145507812, 910.8493041992188, 0.0, 0.32500043511390686, 0.30000004172325134, 121.12061309814453, 20.761350210457902
1389, -883.6014404296875, 911.2679443359375, 0.0, 0.2500004172325134, 0.3750000596046448, 121.13185119628906, 20.742908192491427
1390, -883.853515625, 911.6870727539062, 0.0, 0.20000040531158447, 0.42500007152557373, 121.1419906616211, 20.71035714320365
1391, -884.1102294921875, 912.1137084960938, 0.0, 0.12500038743019104, 0.5000000596046448, 121.1512222290039, 20.66287827100964
1392, -884.363037109375, 912.5338134765625, 0.0, 0.07500039041042328, 0.550000011920929, 121.15918731689453, 20.60166383196839
1393, -884.620361328125, 912.9609985351562, 0.0, 0.0500003919005394, 0.574999988079071, 121.16626739501953, 20.525496881110328
1394, -884.8766479492188, 913.3864135742188, 0.0, 0.0, 0.6749998927116394, 121.17216491699219, 20.436492015254597
1395, -885.129638671875, 913.8059692382812, 0.0, 0.0, 0.7249998450279236, 121.17703247070312, 20.33618148977482
1396, -885.3897705078125, 914.2369384765625, 0.0038197184912860394, 0.0, 0.7749997973442078, 121.1832046508789, 20.221768982462656
1397, -885.653564453125, 914.6736450195312, 0.007639436982572079, 0.0, 0.8249997496604919, 121.19388580322266, 20.095292286785124
1398, -885.9090576171875, 915.095703125, 0.013369014486670494, 0.0, 0.8999996781349182, 121.21246337890625, 19.963817010026716
1399, -886.1568603515625, 915.5042724609375, 0.01718873344361782, 0.0, 0.9499996304512024, 121.2410659790039, 19.828563245926187
1400, -886.403076171875, 915.908935546875, 0.021008450537919998, 0.0, 0.9999995827674866, 121.28195190429688, 19.687433314283957
1401, -886.65185546875, 916.3167724609375, 0.026738028973340988, 0.0, 1.0, 121.33906555175781, 19.538583505710296
1402, -886.89404296875, 916.7125854492188, 0.025464791804552078, 0.0, 1.0, 121.40939331054688, 19.38852552693213
1403, -887.135009765625, 917.1049194335938, 0.02419155277311802, 0.0, 1.0, 121.49179077148438, 19.23486229112366
1404, -887.3800048828125, 917.5028686523438, 0.02291831374168396, 0.0, 1.0, 121.58638000488281, 19.074476850554447
1405, -887.6189575195312, 917.89013671875, 0.021008457988500595, 0.0, 1.0, 121.68701171875, 18.914460353680873
1406, -887.8591918945312, 918.2783203125, 0.019735218957066536, 0.0, 1.0, 121.79470825195312, 18.750443260716228
1407, -888.0988159179688, 918.6644897460938, 0.018461979925632477, 0.0, 1.0, 121.90731048583984, 18.58396857879547
1408, -888.33203125, 919.0394287109375, 0.016552122309803963, 0.0, 1.0, 122.02014923095703, 18.41946103963214
1409, -888.5618286132812, 919.407958984375, 0.015278883278369904, 0.0, 1.0, 122.13317108154297, 18.25515826640463
1410, -888.7376098632812, 919.6891479492188, 0.01400564331561327, 0.0, 1.0, 122.22016143798828, 18.128182558119164
1411, -888.9029541015625, 919.9530029296875, 0.01336902379989624, 0.0, 1.0, 122.30198669433594, 18.00775534934222
1412, -889.0729370117188, 920.2238159179688, 0.012732403352856636, 0.0, 1.0, 122.38579559326172, 17.883062932849267
1413, -889.2386474609375, 920.4872436523438, 0.010822542943060398, 0.0, 1.0, 122.4666519165039, 17.76068299387823
1414, -889.407470703125, 920.7551879882812, 0.010185922496020794, 0.0, 1.0, 122.54783630371094, 17.635124172622394
1415, -889.5681762695312, 921.009765625, 0.009549302980303764, 0.0, 1.0, 122.6236343383789, 17.51501123974574
1416, -889.7308349609375, 921.266845703125, 0.008276062086224556, 0.0, 1.0, 122.6986312866211, 17.392727167770904
1417, -889.8656005859375, 921.4794311523438, 0.007639442570507526, 0.0, 1.0, 122.75933837890625, 17.291038654019463
1418, -889.9920043945312, 921.6786499023438, 0.006366203539073467, 0.0, 1.0, 122.81486511230469, 17.195248260750617
1419, -890.1177978515625, 921.87646484375, 0.005729584023356438, 0.0, 1.0, 122.86846923828125, 17.099627516822803
1420, -890.2474975585938, 922.0799560546875, 0.005092964041978121, 0.0, 1.0, 122.92203521728516, 17.000731108389072
1421, -890.3735961914062, 922.2777099609375, 0.004456344526261091, 0.0, 1.0, 122.97237396240234, 16.90422862015113
1422, -890.4989624023438, 922.47412109375, 0.002546485047787428, 0.0, 1.0, 123.02029418945312, 16.807979236518083
1423, -890.621826171875, 922.666259765625, 0.0019098651828244328, 0.0, 1.0, 123.06512451171875, 16.713388443823145
1424, -890.7467651367188, 922.8611450195312, 0.0012732454342767596, 0.0, 1.0, 123.10836029052734, 16.616991075971775
1425, -890.8689575195312, 923.0516967773438, 0.0, 0.0, 1.0, 123.1482925415039, 16.522425421049935
1426, -890.994384765625, 923.2472534179688, 0.0, 0.0, 1.0, 123.18682861328125, 16.424988087523424
1427, -891.1177978515625, 923.439208984375, 0.0, 0.0, 1.0, 123.22242736816406, 16.328910302310142
1428, -891.2431640625, 923.6337890625, 0.0, 0.0, 1.0, 123.25626373291016, 16.231158789302796
1429, -891.3638305664062, 923.8209228515625, 0.0, 0.0, 1.0, 123.28681945800781, 16.136818001031262
1430, -891.4866943359375, 924.01123046875, -0.0019098592456430197, 0.0, 1.0, 123.31562805175781, 16.040494184610267
1431, -891.6055297851562, 924.1951904296875, -0.0038197184912860394, 0.0, 1.0, 123.34078216552734, 15.947095849856405
1432, -891.7247314453125, 924.3795166015625, -0.007639436982572079, 0.0, 1.0, 123.36259460449219, 15.853263687189356
1433, -891.8453979492188, 924.5659790039062, -0.009549296461045742, 0.0, 1.0, 123.38066864013672, 15.757965698217284
1434, -891.9614868164062, 924.745361328125, -0.01145915500819683, 0.0, 1.0, 123.39395904541016, 15.666048802386342
1435, -892.0796508789062, 924.927978515625, -0.015278873965144157, 0.0, 1.0, 123.40263366699219, 15.572203497534469
1436, -892.196533203125, 925.1085205078125, -0.015278873965144157, 0.0, 1.0, 123.40633392333984, 15.479132871293025
1437, -892.3117065429688, 925.2864379882812, -0.01718873344361782, 0.0, 1.0, 123.40507507324219, 15.387143530464959
1438, -892.4273071289062, 925.4652709960938, -0.021008450537919998, 0.0, 1.0, 123.39823150634766, 15.294473076335636
1439, -892.5374755859375, 925.6356201171875, -0.02291831001639366, 0.0, 1.0, 123.38619995117188, 15.20598030043659
1440, -892.6476440429688, 925.8059692382812, -0.024828169494867325, 0.0, 1.0, 123.36852264404297, 15.117156271782711
1441, -892.7583618164062, 925.9777221679688, -0.026738028973340988, 0.0, 1.0, 123.34471130371094, 15.027504176338251
1442, -892.868896484375, 926.1491088867188, -0.030557747930288315, 0.0, 1.0, 123.3143310546875, 14.937730843557228
1443, -892.9832763671875, 926.3270263671875, -0.03246760740876198, 0.0, 1.0, 123.2755355834961, 14.84439939370291
1444, -893.09326171875, 926.4981689453125, -0.036287322640419006, 0.0, 1.0, 123.23072814941406, 14.754252005873749
1445, -893.1987915039062, 926.662841796875, -0.03819718211889267, 0.0, 1.0, 123.18047332763672, 14.667418971120627
1446, -893.3079223632812, 926.8334350585938, -0.040107037872076035, 0.0, 1.0, 123.12073516845703, 14.577212832381436
1447, -893.4149169921875, 927.0009765625, -0.0420168936252594, 0.0, 1.0, 123.05451202392578, 14.488454921386763
1448, -893.5192260742188, 927.1649169921875, -0.04774646833539009, 0.0, 1.0, 122.98152160644531, 14.401299796004883
1449, -893.6278076171875, 927.3360595703125, -0.04774646833539009, 0.0, 1.0, 122.89662170410156, 14.310147853395371
1450, -893.7349853515625, 927.5054321289062, -0.049656324088573456, 0.0, 1.0, 122.80411529541016, 14.219776146789652
1451, -893.8409423828125, 927.673583984375, -0.053476039320230484, 0.0, 1.0, 122.7034912109375, 14.129856234071477
1452, -893.9417724609375, 927.834228515625, -0.05538589879870415, 0.0, 1.0, 122.59907531738281, 14.04380483171215
1453, -894.0408935546875, 927.9927978515625, -0.05729575455188751, 0.0, 1.0, 122.48787689208984, 13.958682177057026
1454, -894.1400756835938, 928.1519165039062, -0.059205614030361176, 0.0, 1.0, 122.36815643310547, 13.873073902103139
1455, -894.2418823242188, 928.3162841796875, -0.06493518501520157, 0.0, 1.0, 122.23521423339844, 13.784400685229752
1456, -894.3411254882812, 928.4774780273438, -0.06493518501520157, 0.0, 1.0, 122.09589385986328, 13.697360031803326
1457, -894.438720703125, 928.63671875, -0.06684504449367523, 0.0, 1.0, 121.94952392578125, 13.61120631488365
1458, -894.5340576171875, 928.7932739257812, -0.07257461547851562, 0.0, 1.0, 121.79674530029297, 13.526271258108867
1459, -894.6298217773438, 928.9512939453125, -0.07448447495698929, 0.0, 1.0, 121.63309478759766, 13.440317299206987
1460, -894.7219848632812, 929.1044311523438, -0.07639432698488235, 0.0, 1.0, 121.46575164794922, 13.356926806192794
1461, -894.8150024414062, 929.2598876953125, -0.07830418646335602, 0.0, 1.0, 121.2871322631836, 13.27220424979065
1462, -894.9066162109375, 929.4143676757812, -0.08212390542030334, 0.0, 1.0, 121.10055541992188, 13.187796305813409
1463, -895.0003051757812, 929.5732421875, -0.08403375744819641, 0.0, 1.0, 120.89897155761719, 13.100789591670718
1464, -895.0935668945312, 929.7328491210938, -0.08594361692667007, 0.0, 1.0, 120.6868667602539, 13.013319418245164
1465, -895.1849975585938, 929.8904418945312, -0.0897633358836174, 0.0, 1.0, 120.46772766113281, 12.926691959573008
1466, -895.2706909179688, 930.0396118164062, -0.09167318791151047, 0.0, 1.0, 120.25161743164062, 12.844614709904418
1467, -895.3616943359375, 930.1995239257812, -0.09358304738998413, 0.0, 1.0, 120.01023864746094, 12.756499894336486
1468, -895.4514770507812, 930.358642578125, -0.09740276634693146, 0.0, 1.0, 119.7601089477539, 12.668580791900405
1469, -895.5362548828125, 930.5103759765625, -0.09931261837482452, 0.0, 1.0, 119.5124740600586, 12.58466450316031
1470, -895.6187133789062, 930.6593627929688, -0.10122247785329819, 0.0, 1.0, 119.26058959960938, 12.502153903560364
1471, -895.7025756835938, 930.8128662109375, -0.10504218935966492, 0.0, 1.0, 118.99209594726562, 12.4169620562181
1472, -895.7866821289062, 930.9684448242188, -0.10695204883813858, 0.0, 1.0, 118.7102279663086, 12.33047491244594
1473, -895.8687133789062, 931.1220092773438, -0.10886190831661224, 0.0, 1.0, 118.42305755615234, 12.245091816863471
1474, -895.9464721679688, 931.2693481445312, -0.11077176779508591, 0.0, 1.0, 118.1391830444336, 12.163095200502696
1475, -896.022216796875, 931.4146728515625, -0.11459147930145264, 0.0, 1.0, 117.85099792480469, 12.082002798291526
1476, -896.0972290039062, 931.5603637695312, -0.1165013387799263, 0.0, 1.0, 117.55367279052734, 12.0006055453995
1477, -896.1705322265625, 931.7047729492188, -0.11841119825839996, 0.0, 1.0, 117.25125885009766, 11.91992627402469
1478, -896.2424926757812, 931.8480834960938, -0.12032105028629303, 0.0, 1.0, 116.94288635253906, 11.839682293184529
1479, -896.313232421875, 931.9911499023438, -0.12414076924324036, 0.0, 1.0, 116.62738800048828, 11.75941124851338
1480, -896.38232421875, 932.1328125, -0.12605062127113342, 0.0, 1.0, 116.30712890625, 11.679832984538633
1481, -896.4507446289062, 932.2752075195312, -0.12796048820018768, 0.0, 1.0, 115.9773178100586, 11.599749927344622
1482, -896.5195922851562, 932.4208374023438, -0.129233717918396, 0.0, 1.0, 115.63228607177734, 11.517863099697559
1483, -896.5843505859375, 932.5599975585938, -0.12859709560871124, 0.0, 1.0, 115.2958984375, 11.4397941804048
1484, -896.6482543945312, 932.69921875, -0.12796048820018768, 0.0, 1.0, 114.95336151123047, 11.3618307558565
1485, -896.7112426757812, 932.8388061523438, -0.12668724358081818, 0.0, 1.0, 114.60458374023438, 11.283857251274188
1486, -896.7723999023438, 932.9764404296875, -0.12605062127113342, 0.0, 1.0, 114.25566101074219, 11.207031423025256
1487, -896.8323364257812, 933.1135864257812, -0.12541399896144867, 0.0, 1.0, 113.90435028076172, 11.130670774515215
1488, -896.8912963867188, 933.2508544921875, -0.12477738410234451, 0.0, 1.0, 113.54894256591797, 11.054315756513267
1489, -896.9503173828125, 933.3904418945312, -0.1235041469335556, 0.0, 1.0, 113.18447875976562, 10.976837543533295
1490, -897.0087890625, 933.5310668945312, -0.12286753207445145, 0.0, 1.0, 112.8140869140625, 10.898769451951233
1491, -897.0667114257812, 933.6730346679688, -0.1222309097647667, 0.0, 1.0, 112.43811798095703, 10.82010175568245
1492, -897.1212158203125, 933.8088989257812, -0.12095767259597778, 0.0, 1.0, 112.07616424560547, 10.744853819473635
1493, -897.1741333007812, 933.943115234375, -0.12032105028629303, 0.0, 1.0, 111.71759796142578, 10.670631235477446
1494, -897.2274169921875, 934.0809326171875, -0.11968443542718887, 0.0, 1.0, 111.34795379638672, 10.594402449337792
1495, -897.2782592773438, 934.2147216796875, -0.11841119825839996, 0.0, 1.0, 110.98861694335938, 10.520527444702328
1496, -897.3286743164062, 934.3501586914062, -0.11777457594871521, 0.0, 1.0, 110.62433624267578, 10.445744275102902
1497, -897.3772583007812, 934.4830932617188, -0.11713795363903046, 0.0, 1.0, 110.26663970947266, 10.372374916578023
1498, -897.4244384765625, 934.6144409179688, -0.11586471647024155, 0.0, 1.0, 109.9131851196289, 10.299914990900984
1499, -897.4712524414062, 934.74755859375, -0.11522810161113739, 0.0, 1.0, 109.55524444580078, 10.226473948667385
1500, -897.516845703125, 934.8798828125, -0.11459147930145264, 0.0, 1.0, 109.1999282836914, 10.153473173209218
1501, -897.560791015625, 935.0098266601562, -0.11395486444234848, 0.0, 1.0, 108.85175323486328, 10.081806564191073
1502, -897.6055908203125, 935.1453857421875, -0.11268161982297897, 0.0, 1.0, 108.48975372314453, 10.00713294304095
1503, -897.6478881835938, 935.2757568359375, -0.11204500496387482, 0.0, 1.0, 108.14227294921875, 9.935229644287285
1504, -897.6905517578125, 935.4100341796875, -0.11140838265419006, 0.0, 1.0, 107.78555297851562, 9.861154562451713
1505, -897.730224609375, 935.538330078125, -0.11522810161113739, 0.0, 1.0, 107.44538879394531, 9.790087281824052
1506, -897.7687377929688, 935.6657104492188, -0.11713795363903046, 0.0, 1.0, 107.1076431274414, 9.719362826234875
1507, -897.8063354492188, 935.792724609375, -0.11904781311750412, 0.0, 1.0, 106.77008056640625, 9.648631532030937
1508, -897.8438110351562, 935.923095703125, -0.12286753207445145, 0.0, 1.0, 106.42203521728516, 9.575663555356666
1509, -897.880126953125, 936.052490234375, -0.12477738410234451, 0.0, 1.0, 106.07489776611328, 9.503121970980565
1510, -897.914794921875, 936.1795043945312, -0.12668724358081818, 0.0, 1.0, 105.73206329345703, 9.431779973092754
1511, -897.9478149414062, 936.3038330078125, -0.1305069625377655, 0.0, 0.9500000476837158, 105.39399719238281, 9.36174341823449
1512, -897.980224609375, 936.4298706054688, -0.13241681456565857, 0.0, 0.9250000715255737, 105.04815673828125, 9.290812268809036
1513, -898.0109252929688, 936.5530395507812, -0.13432668149471283, 0.0, 0.9000000953674316, 104.70753479003906, 9.221742633917437
1514, -898.0399169921875, 936.6728515625, -0.1362365335226059, 0.0, 0.8750001192092896, 104.37268829345703, 9.154672253423058
1515, -898.0686645507812, 936.7954711914062, -0.14005625247955322, 0.0, 0.8250001668930054, 104.0266342163086, 9.086215760348503
1516, -898.0977172851562, 936.923828125, -0.1419661045074463, 0.0, 0.8000001907348633, 103.65971374511719, 9.014915734119686
1517, -898.1239624023438, 937.0438842773438, -0.14387595653533936, 0.0, 0.7750002145767212, 103.31268310546875, 8.948698741864018
1518, -898.149169921875, 937.16357421875, -0.14769567549228668, 0.0, 0.725000262260437, 102.96260070800781, 8.883018677666794
1519, -898.1732788085938, 937.281982421875, -0.14960552752017975, 0.0, 0.7000002861022949, 102.6113510131836, 8.818500245723298
1520, -898.1964721679688, 937.4013671875, -0.151515394449234, 0.02500000037252903, 0.6750003099441528, 102.25306701660156, 8.754183157704537
1521, -898.218505859375, 937.5191040039062, -0.15533511340618134, 0.07500000298023224, 0.6250003576278687, 101.89482879638672, 8.691658800465628
1522, -898.23974609375, 937.6376953125, -0.1572449654340744, 0.10000000149011612, 0.6000003814697266, 101.52877807617188, 8.630416356026302
1523, -898.25927734375, 937.7516479492188, -0.15915481746196747, 0.125, 0.5750004053115845, 101.17256927490234, 8.573537855433122
1524, -898.2785034179688, 937.8695068359375, -0.1629745364189148, 0.17500001192092896, 0.5250004529953003, 100.79905700683594, 8.516806279154345
1525, -898.2958984375, 937.9816284179688, -0.16488438844680786, 0.20000001788139343, 0.5000004768371582, 100.43910217285156, 8.465585385017775
1526, -898.3134155273438, 938.1008911132812, -0.16679425537586212, 0.2250000238418579, 0.4750004708766937, 100.05099487304688, 8.414055773837715
1527, -898.3290405273438, 938.2135620117188, -0.1687041074037552, 0.2500000298023224, 0.45000046491622925, 99.6796875, 8.368340237732133
1528, -898.3435668945312, 938.3248901367188, -0.17252382636070251, 0.30000004172325134, 0.4000004529953003, 99.30801391601562, 8.325945449730295
1529, -898.357666015625, 938.4397583007812, -0.17443367838859558, 0.3250000476837158, 0.3750004470348358, 98.91987609863281, 8.285742271931948
1530, -898.3704223632812, 938.5504760742188, -0.17634354531764984, 0.3500000536441803, 0.35000044107437134, 98.54090881347656, 8.250408262538299
1531, -898.38232421875, 938.6625366210938, -0.18016324937343597, 0.40000006556510925, 0.3000004291534424, 98.15213775634766, 8.217901772896484
1532, -898.3931274414062, 938.77099609375, -0.18207311630249023, 0.42500007152557373, 0.2750004231929779, 97.7718734741211, 8.19021737990118
1533, -898.4032592773438, 938.8836669921875, -0.1839829683303833, 0.4500000774860382, 0.2500004172325134, 97.37165832519531, 8.165190417718383
1534, -898.4125366210938, 938.9963989257812, -0.18780268728733063, 0.5000000596046448, 0.20000040531158447, 96.96624755859375, 8.14381806050833
1535, -898.4207763671875, 939.1080932617188, -0.1897125393152237, 0.5250000357627869, 0.17500039935112, 96.5597915649414, 8.126794571372947
1536, -898.4281005859375, 939.2208862304688, -0.19162240624427795, 0.550000011920929, 0.15000039339065552, 96.14434051513672, 8.11360819373933
1537, -898.434814453125, 939.3416748046875, -0.1954421103000641, 0.5999999642372131, 0.10000038892030716, 95.6937484741211, 8.103615236757705
1538, -898.4403686523438, 939.458740234375, -0.19735197722911835, 0.6249999403953552, 0.07500039041042328, 95.2514419555664, 8.098577066069213
1539, -898.44482421875, 939.5736694335938, -0.20117168128490448, 0.6749998927116394, 0.02500039152801037, 94.81218719482422, 8.09759851361045
1540, -898.4483642578125, 939.6923217773438, -0.20053507387638092, 0.6999998688697815, 3.915280046840053e-07, 94.3531265258789, 8.101418819270789
1541, -898.4508666992188, 939.8099975585938, -0.19989845156669617, 0.7249998450279236, -0.02499960921704769, 93.89376831054688, 8.109582140094819
1542, -898.4522705078125, 939.9236450195312, -0.20117168128490448, 0.7749997973442078, 0.0, 93.44686889648438, 8.12095096079667
1543, -898.452880859375, 940.0405883789062, -0.20053507387638092, 0.7999997735023499, 0.0, 92.98310852050781, 8.136548633967141
1544, -898.452392578125, 940.1563720703125, -0.19989845156669617, 0.8249997496604919, 0.0, 92.52165222167969, 8.155527587148311
1545, -898.4509887695312, 940.274658203125, -0.20117168128490448, 0.8749997019767761, 0.0, 92.04779052734375, 8.178014866601949
1546, -898.44873046875, 940.3862915039062, -0.20053507387638092, 0.8999996781349182, 0.0, 91.59857940673828, 8.202472910481529
1547, -898.4454345703125, 940.5026245117188, -0.19989845156669617, 0.9249996542930603, 0.0, 91.12843322753906, 8.230999447270447
1548, -898.4412231445312, 940.6195068359375, -0.20117168128490448, 0.9749996066093445, 0.0, 90.65457153320312, 8.262327297379967
1549, -898.436279296875, 940.7321166992188, -0.20053507387638092, 0.9999995827674866, 0.0, 90.19666290283203, 8.295432931307907
1550, -898.430419921875, 940.8458862304688, -0.19989845156669617, 1.0249996185302734, 0.0, 89.73258209228516, 8.331498421907993
1551, -898.4236450195312, 940.9601440429688, -0.19862520694732666, 1.0, 0.0, 89.2666244506836, 8.369848784378512
1552, -898.4157104492188, 941.0789794921875, -0.1979885846376419, 1.0, 0.0, 88.78131103515625, 8.41152382847646
1553, -898.4072265625, 941.1932373046875, -0.19735197722911835, 1.0, 0.0, 88.31407165527344, 8.45300472842972
1554, -898.3976440429688, 941.3102416992188, -0.19607873260974884, 1.0, 0.0, 87.83607482910156, 8.49663856423964
1555, -898.3870849609375, 941.427001953125, -0.1954421103000641, 1.0, 0.0, 87.35899353027344, 8.541077367738247
1556, -898.3755493164062, 941.5455322265625, -0.19480548799037933, 1.0, 0.0, 86.87507629394531, 8.586886042336607
1557, -898.3623046875, 941.6701049804688, -0.19353225827217102, 1.0, 0.0, 86.3669204711914, 8.635720597672009
1558, -898.3485717773438, 941.79052734375, -0.19289563596248627, 1.0, 0.0, 85.8768310546875, 8.683293316387935
1559, -898.3338012695312, 941.9122924804688, -0.1922590136528015, 1.0, 0.0, 85.38160705566406, 8.731738082624158
1560, -898.3179321289062, 942.0349731445312, -0.1909857839345932, 1.0, 0.0, 84.88365936279297, 8.780843193750146
1561, -898.3018798828125, 942.1520385742188, -0.19034916162490845, 1.0, 0.0, 84.40939331054688, 8.827817271776903
1562, -898.2844848632812, 942.2719116210938, -0.1897125393152237, 1.0, 0.0, 83.92390441894531, 8.876055364610462
1563, -898.265869140625, 942.3943481445312, -0.18843930959701538, 1.0, 0.0, 83.42974853515625, 8.925377052233477
1564, -898.2454223632812, 942.5211791992188, -0.18780268728733063, 0.9750000238418579, 0.0, 82.91854858398438, 8.976382490230655
1565, -898.2233276367188, 942.6513671875, -0.18716606497764587, 0.9500000476837158, 0.0, 82.39478302001953, 9.028268646813206
1566, -898.2015380859375, 942.7743530273438, -0.18589282035827637, 0.9000000953674316, 0.0, 81.90119171142578, 9.076530282708525
1567, -898.1782836914062, 942.8998413085938, -0.1852562129497528, 0.8750001192092896, 0.0, 81.39859008789062, 9.124508716338111
1568, -898.1530151367188, 943.0296020507812, -0.18461959064006805, 0.8500001430511475, 0.0, 80.87995910644531, 9.172586837209488
1569, -898.1281127929688, 943.1527099609375, -0.1839829683303833, 0.8250001668930054, 0.0, 80.38886260986328, 9.216602620037898
1570, -898.1015625, 943.2789916992188, -0.1827097237110138, 0.7750002145767212, 0.0, 79.88573455810547, 9.260097118927979
1571, -898.07373046875, 943.40576171875, -0.18207311630249023, 0.7500002384185791, 0.0, 79.38165283203125, 9.301579070840114
1572, -898.0447998046875, 943.5327758789062, -0.18079987168312073, 0.7000002861022949, 0.0, 78.87796020507812, 9.340877183267263
1573, -898.0134887695312, 943.66552734375, -0.18016324937343597, 0.6750003099441528, 0.0, 78.3525390625, 9.37918130172624
1574, -897.9827880859375, 943.791015625, -0.17952664196491241, 0.6500003337860107, 0.0, 77.85708618164062, 9.41269862799359
1575, -897.950439453125, 943.9186401367188, -0.1782533973455429, 0.6000003814697266, 0.0, 77.35384368896484, 9.444208154017465
1576, -897.9153442382812, 944.0528564453125, -0.17761677503585815, 0.5750004053115845, 0.0, 76.82606506347656, 9.47413861283232
1577, -897.8801879882812, 944.182373046875, -0.1769801527261734, 0.5500004291534424, 0.0, 76.31749725341797, 9.49991131150456
1578, -897.844482421875, 944.3103637695312, -0.1757069230079651, 0.5000004768371582, 0.0, 75.8157958984375, 9.52243803787678
1579, -897.805908203125, 944.4442138671875, -0.17507030069828033, 0.4750004708766937, 0.0, 75.29205322265625, 9.542563843663004
1580, -897.7680053710938, 944.5714721679688, -0.17443367838859558, 0.45000046491622925, 0.0, 74.79460906982422, 9.558442806497515
1581, -897.7288818359375, 944.6990966796875, -0.17316044867038727, 0.4000004529953003, 0.0, 74.2964859008789, 9.571277157466678
1582, -897.6885986328125, 944.8267211914062, -0.17252382636070251, 0.3750004470348358, 0.0, 73.79905700683594, 9.580690648641202
1583, -897.6455078125, 944.9592895507812, -0.17188720405101776, 0.35000044107437134, 0.0, 73.28301239013672, 9.586978664979739
1584, -897.6005859375, 945.0933227539062, -0.1757069230079651, 0.3000004291534424, 0.0, 72.76069641113281, 9.589060547274848
1585, -897.5535888671875, 945.2296142578125, -0.17761677503585815, 0.2750004231929779, 0.0, 72.22843933105469, 9.586928522774452
1586, -897.5050048828125, 945.365966796875, -0.18143649399280548, 0.22500041127204895, 0.0, 71.69277954101562, 9.580272119358844
1587, -897.4595947265625, 945.489990234375, -0.18334634602069855, 0.20000040531158447, 0.0, 71.20291900634766, 9.570331836851883
1588, -897.4104614257812, 945.6205444335938, -0.1852562129497528, 0.17500039935112, 0.0, 70.68312072753906, 9.556191635642127
1589, -897.3624877929688, 945.7445068359375, -0.18907591700553894, 0.12500038743019104, 0.0, 70.18535614013672, 9.538967140726074
1590, -897.3131103515625, 945.8685913085938, -0.18843930959701538, 0.15000039339065552, 0.0, 69.68284606933594, 9.518725994693456
1591, -897.2595825195312, 945.99951171875, -0.18716606497764587, 0.20000040531158447, 0.0, 69.14807891845703, 9.495250435352714
1592, -897.2079467773438, 946.122802734375, -0.18652944266796112, 0.22500041127204895, 0.0, 68.64083099365234, 9.472031072303958
1593, -897.1521606445312, 946.2525024414062, -0.18589282035827637, 0.2500004172325134, 0.0, 68.10385131835938, 9.447136485047055
1594, -897.0948486328125, 946.38232421875, -0.18461959064006805, 0.3000004291534424, 0.0, 67.56253051757812, 9.422389684692847
1595, -897.0415649414062, 946.5001220703125, -0.1839829683303833, 0.32500043511390686, 0.0, 67.06879425048828, 9.400705036464837
1596, -896.9854736328125, 946.6212158203125, -0.18334634602069855, 0.35000044107437134, 0.0, 66.5587158203125, 9.379484860689072
1597, -896.9293823242188, 946.7395629882812, -0.18207311630249023, 0.4000004529953003, 0.0, 66.05844116210938, 9.360214737323648
1598, -896.8711547851562, 946.8594970703125, -0.18143649399280548, 0.42500045895576477, 0.0, 65.54963684082031, 9.342575942774284
1599, -896.811767578125, 946.979248046875, -0.18079987168312073, 0.4000004529953003, 0.0, 65.03952026367188, 9.326807716810338
1600, -896.7506713867188, 947.0997314453125, -0.17952664196491241, 0.35000044107437134, 0.0, 64.52516174316406, 9.312062007415262
1601, -896.6889038085938, 947.2190551757812, -0.17889001965522766, 0.32500043511390686, 0.0, 64.0139389038086, 9.297535469524679
1602, -896.62451171875, 947.340576171875, -0.17761677503585815, 0.2750004231929779, 0.0, 63.49223327636719, 9.282334706194323
1603, -896.5608520507812, 947.4581909179688, -0.1769801527261734, 0.2500004172325134, 0.0, 62.98628616333008, 9.266443578070925
1604, -896.4973754882812, 947.572998046875, -0.17634354531764984, 0.22500041127204895, 0.0, 62.4906120300293, 9.249540868778988
1605, -896.4334106445312, 947.6866455078125, -0.17507030069828033, 0.17500039935112, 0.0, 61.99953079223633, 9.231257573397173
1606, -896.3659057617188, 947.80419921875, -0.17443367838859558, 0.15000039339065552, 0.0, 61.49000930786133, 9.210112762317102
1607, -896.2977905273438, 947.9202270507812, -0.17379705607891083, 0.12500038743019104, 0.0, 60.98576354980469, 9.186897081416431
1608, -896.2305297851562, 948.03271484375, -0.17252382636070251, 0.07500039041042328, 0.0, 60.49587631225586, 9.162042180904184
1609, -896.1613159179688, 948.1460571289062, -0.17188720405101776, 0.0500003919005394, 0.0, 60.00014877319336, 9.134161632964014
1610, -896.0951538085938, 948.2525634765625, -0.171250581741333, 0.02500039152801037, 0.0, 59.533729553222656, 9.105382155969322
1611, -896.0244140625, 948.3644409179688, -0.1699773520231247, -0.02499960921704769, 0.0, 59.042598724365234, 9.072661418285561
1612, -895.95458984375, 948.4725341796875, -0.16934072971343994, 0.0, 0.0, 58.566192626953125, 9.038391127756567
1613, -895.881103515625, 948.5844116210938, -0.1687041074037552, 0.0, 0.0, 58.071685791015625, 9.000604762036367
1614, -895.8077392578125, 948.6940307617188, -0.16743087768554688, 0.0, 0.0, 57.58592224121094, 8.961663959473286
1615, -895.7349853515625, 948.80078125, -0.16679425537586212, 0.0, 0.0, 57.111568450927734, 8.922092652992617
1616, -895.6582641601562, 948.9112548828125, -0.16552101075649261, 0.0, 0.0, 56.619022369384766, 8.879721763270318
1617, -895.5870971679688, 949.0120239257812, -0.16488438844680786, 0.0, 0.0, 56.168861389160156, 8.839920991447503
1618, -895.5134887695312, 949.1144409179688, -0.1642477810382843, 0.0, 0.0, 55.70962905883789, 8.798446307973329
1619, -895.4411010742188, 949.2135620117188, -0.16806748509407043, 0.0, 0.0, 55.263004302978516, 8.756991127818008
1620, -895.3681030273438, 949.3115234375, -0.1699773520231247, 0.0, 0.0, 54.81869125366211, 8.715061794960247
1621, -895.2938232421875, 949.4098510742188, -0.17188720405101776, 0.0, 0.0, 54.36947250366211, 8.672137798927352
1622, -895.21875, 949.507080078125, -0.1757069230079651, 0.0, 0.0, 53.920040130615234, 8.628616061888415
1623, -895.1448974609375, 949.6012573242188, -0.17761677503585815, 0.0, 0.0, 53.48065948486328, 8.585863037123623
1624, -895.0670776367188, 949.698486328125, -0.17952664196491241, 0.0, 0.0, 53.020790100097656, 8.541008863548797
1625, -894.9930419921875, 949.7896118164062, -0.18143649399280548, 0.0, 0.0, 52.58442306518555, 8.498416295909985
1626, -894.9169921875, 949.8814086914062, -0.1852562129497528, 0.0, 0.0, 52.13872528076172, 8.454768262347315
1627, -894.8399658203125, 949.9727172851562, -0.18716606497764587, 0.0, 0.0, 51.68808364868164, 8.410806748054283
1628, -894.7623291015625, 950.0629272460938, -0.1909857839345932, 0.0, 0.0, 51.23527145385742, 8.366658228547244
1629, -894.685791015625, 950.150390625, -0.19289563596248627, 0.0, 0.0, 50.78839111328125, 8.323395220426312
1630, -894.6092529296875, 950.2361450195312, -0.19480548799037933, 0.0, 0.0, 50.34260559082031, 8.280558740601418
1631, -894.5317993164062, 950.321533203125, -0.19862520694732666, 0.0, 0.0, 49.89076614379883, 8.237285325960656
1632, -894.447265625, 950.4127807617188, -0.20053507387638092, 0.0, 0.0, 49.39813995361328, 8.190603944234534
1633, -894.3662109375, 950.4984741210938, -0.19989845156669617, 0.0, 0.0, 48.92629623413086, 8.14661920238732
1634, -894.2869873046875, 950.580810546875, -0.20117168128490448, 0.0, 0.0, 48.46529006958008, 8.104039021186066
1635, -894.2053833007812, 950.6642456054688, -0.20053507387638092, 0.0, 0.0, 47.99037551879883, 8.060755891069423
1636, -894.1248168945312, 950.7450561523438, -0.19989845156669617, 0.0, 0.0, 47.52317428588867, 8.018658725126993
1637, -894.0441284179688, 950.8246459960938, -0.20180830359458923, 0.0, 0.0, 47.05619812011719, 7.976744225812425
1638, -893.9608154296875, 950.9052734375, -0.20053507387638092, 0.0, 0.0, 46.575965881347656, 7.934154919451909
1639, -893.8809814453125, 950.981201171875, -0.19989845156669617, 0.0, 0.0, 46.11681365966797, 7.893771982335868
1640, -893.7980346679688, 951.0586547851562, -0.20180830359458923, 0.0, 0.0, 45.642086029052734, 7.852072809178597
1641, -893.712890625, 951.1368408203125, -0.20053507387638092, 0.0, 0.0, 45.15625, 7.809818982788247
1642, -893.6278686523438, 951.2134399414062, -0.19989845156669617, 0.0, 0.0, 44.67405700683594, 7.768154566830918
1643, -893.543212890625, 951.2883911132812, -0.20117168128490448, 0.0, 0.0, 44.19563293457031, 7.726847306552651
1644, -893.4567260742188, 951.3637084960938, -0.20053507387638092, 0.0, 0.0, 43.708961486816406, 7.685081283961414
1645, -893.3684692382812, 951.4390258789062, -0.20180830359458923, 0.0, 0.0, 43.215396881103516, 7.642762458134712
1646, -893.284912109375, 951.5090942382812, -0.20117168128490448, 0.0, 0.0, 42.74962615966797, 7.603055755077717
1647, -893.1976928710938, 951.5809936523438, -0.20053507387638092, 0.0, 0.0, 42.266597747802734, 7.5620827620989655
1648, -893.1119995117188, 951.650390625, -0.20180830359458923, 0.0, 0.0, 41.79420471191406, 7.521995506207278
1649, -893.02734375, 951.7177124023438, -0.20117168128490448, 0.0, 0.0, 41.329898834228516, 7.482784956066076
1650, -892.9378662109375, 951.7875366210938, -0.19989845156669617, 0.0, 0.0, 40.84207534790039, 7.441813741910428
1651, -892.8529663085938, 951.8527221679688, -0.1992618292570114, 0.0, 0.0, 40.38176345825195, 7.403246358472268
1652, -892.7640991210938, 951.919677734375, -0.19862520694732666, 0.0, 0.0, 39.9038200378418, 7.363282224344157
1653, -892.6797485351562, 951.9821166992188, -0.19735197722911835, 0.0, 0.0, 39.45298767089844, 7.325683460054695
1654, -892.5877075195312, 952.0491943359375, -0.1967153549194336, 0.0, 0.0, 38.96388244628906, 7.284901053666241
1655, -892.4973754882812, 952.1137084960938, -0.1954421103000641, 0.0, 0.0, 38.48836898803711, 7.245297861505722
1656, -892.4080810546875, 952.1764526367188, -0.19480548799037933, 0.0, 0.0, 38.02149963378906, 7.2063703901436895
1657, -892.3209838867188, 952.2365112304688, -0.19416888058185577, 0.0, 0.0, 37.569618225097656, 7.168646781613228
1658, -892.2299194335938, 952.29833984375, -0.19289563596248627, 0.0, 0.0, 37.100887298583984, 7.129515696296348
1659, -892.1376342773438, 952.3597412109375, -0.1922590136528015, 0.0, 0.0, 36.63002014160156, 7.090119128681208
1660, -892.0447387695312, 952.4205322265625, -0.1909857839345932, 0.0, 0.0, 36.1600456237793, 7.050759406965128
1661, -891.9554443359375, 952.4779663085938, -0.19034916162490845, 0.0, 0.0, 35.71171951293945, 7.013105200726636
1662, -891.8680419921875, 952.5330810546875, -0.18907591700553894, 0.0, 0.0, 35.27737808227539, 6.976573873181827
1663, -891.7779541015625, 952.5890502929688, -0.18843930959701538, 0.0, 0.0, 34.832611083984375, 6.939043711835908
1664, -891.6865234375, 952.6446533203125, -0.18716606497764587, 0.0, 0.0, 34.385833740234375, 6.901270281053943
1665, -891.597900390625, 952.6976928710938, -0.18652944266796112, 0.0, 0.0, 33.95606994628906, 6.864796331806442
1666, -891.511962890625, 952.7482299804688, -0.18589282035827637, 0.0, 0.0, 33.54263687133789, 6.829588287433104
1667, -891.4175415039062, 952.8027954101562, -0.18461959064006805, 0.0, 0.0, 33.09259796142578, 6.7911916710708375
1668, -891.3201293945312, 952.8580932617188, -0.18334634602069855, 0.0, 0.0, 32.632266998291016, 6.751817373366126
1669, -891.2286376953125, 952.9091186523438, -0.1827097237110138, 0.0, 0.0, 32.203956604003906, 6.715035454937757
1670, -891.1387939453125, 952.9583129882812, -0.18143649399280548, 0.0, 0.0, 31.786745071411133, 6.679136872976809
1671, -891.0521850585938, 953.0050048828125, -0.18016324937343597, 0.0, 0.0, 31.38800621032715, 6.644746156987234
1672, -890.9647216796875, 953.0512084960938, -0.17952664196491241, 0.0, 0.0, 30.988779067993164, 6.610237100437282
1673, -890.8765258789062, 953.0971069335938, -0.1782533973455429, 0.0, 0.0, 30.58974838256836, 6.5757656491052305
1674, -890.7861328125, 953.143310546875, -0.17761677503585815, 0.0, 0.0, 30.184123992919922, 6.540695934196546
1675, -890.6983642578125, 953.1875, -0.17634354531764984, 0.0, 0.0, 29.79349136352539, 6.506773443483706
1676, -890.6088256835938, 953.231689453125, -0.1757069230079651, 0.0, 0.0, 29.398225784301758, 6.472236881550712
1677, -890.5225830078125, 953.2735595703125, -0.17507030069828033, 0.0, 0.0, 29.01963233947754, 6.43876450960432
1678, -890.430908203125, 953.3173217773438, -0.17379705607891083, 0.0, 0.0, 28.620168685913086, 6.403532202450526
1679, -890.3434448242188, 953.3583984375, -0.17252382636070251, 0.0, 0.0, 28.241418838500977, 6.36961337504202
1680, -890.2564697265625, 953.3985595703125, -0.17188720405101776, 0.0, 0.0, 27.867137908935547, 6.336252360076757
1681, -890.169921875, 953.4379272460938, -0.1687041074037552, 0.0, 0.0, 27.497690200805664, 6.303425146796045
1682, -890.082275390625, 953.4771728515625, -0.16233791410923004, 0.0, 0.0, 27.128225326538086, 6.270759942611493
1683, -889.997314453125, 953.5146484375, -0.15915481746196747, 0.0, 0.0, 26.77479362487793, 6.238973832171291
1684, -889.91015625, 953.5525512695312, -0.15278862416744232, 0.0, 0.0, 26.418231964111328, 6.207025176652697
1685, -889.8259887695312, 953.5887451171875, -0.14960552752017975, 0.0, 0.0, 26.08030128479004, 6.1758398460012796
1686, -889.74169921875, 953.6244506835938, -0.14642244577407837, 0.0, 0.0, 25.74781036376953, 6.144901808995695
1687, -889.6561279296875, 953.6583251953125, -0.14005625247955322, 0.0, 0.0, 25.40178680419922, 6.129533595274021
1688, -889.56982421875, 953.6934814453125, -0.13687315583229065, 0.0, 0.0, 25.065032958984375, 6.095188724758159
1689, -889.4874877929688, 953.7266235351562, -0.1305069625377655, 0.0, 0.0, 24.75139808654785, 6.058875953349684
1690, -889.4054565429688, 953.7592163085938, -0.12732386589050293, 0.0, 0.0, 24.446191787719727, 6.024184633586251
1691, -889.32177734375, 953.7921142578125, -0.12414076924324036, 0.0, 0.0, 24.143089294433594, 5.990146170625362
1692, -889.2412109375, 953.8234252929688, -0.11777457594871521, 0.0, 0.0, 23.859233856201172, 5.958138969887789
1693, -889.16162109375, 953.8541870117188, -0.11459147930145264, 0.0, 0.0, 23.586877822875977, 5.927516980104071
1694, -889.0814819335938, 953.8848876953125, -0.11140838265419006, 0.0, 0.0, 23.320932388305664, 5.897371565353659
1695, -889.0014038085938, 953.9153442382812, -0.10504218935966492, 0.0, 0.0, 23.063451766967773, 5.867604341269585
1696, -888.9216918945312, 953.9454956054688, -0.10185910016298294, 0.0, 0.0, 22.815765380859375, 5.838202489501837
1697, -888.8438720703125, 953.9747924804688, -0.0954929068684578, 0.0, 0.0, 22.58228874206543, 5.809703875542271
1698, -888.7647705078125, 954.0044555664062, -0.09230981022119522, 0.0, 0.0, 22.353548049926758, 5.7811625538235685
1699, -888.68505859375, 954.033935546875, -0.08912671357393265, 0.0, 0.0, 22.131938934326172, 5.752257192703901
1700, -888.6026611328125, 954.0645141601562, -0.0827605202794075, 0.0, 0.0, 21.91175079345703, 5.722310658223071
1701, -888.5233154296875, 954.0936279296875, -0.07957742363214493, 0.0, 0.0, 21.70863914489746, 5.692690117299278
1702, -888.4425659179688, 954.1232299804688, -0.07321123778820038, 0.0, 0.0, 21.510751724243164, 5.663295560941466
1703, -888.3602905273438, 954.1532592773438, -0.0700281411409378, 0.0, 0.0, 21.31851577758789, 5.632817974695428
1704, -888.2838134765625, 954.1810913085938, -0.06684504449367523, 0.0, 0.0, 21.147647857666016, 5.603689633358481
1705, -888.2045288085938, 954.209716796875, -0.06047884374856949, 0.0, 0.0, 20.979137420654297, 5.575246656267523
1706, -888.129638671875, 954.2366943359375, -0.05729574337601662, 0.0, 0.0, 20.828269958496094, 5.547288379489905
1707, -888.0549926757812, 954.2635498046875, -0.054112643003463745, 0.0, 0.0, 20.68528175354004, 5.520528604429051
1708, -887.9778442382812, 954.2911987304688, -0.0477464459836483, 0.0, 0.02500000037252903, 20.546138763427734, 5.493231300903045
1709, -887.903076171875, 954.3179321289062, -0.04456334561109543, 0.0, 0.05000000074505806, 20.42051124572754, 5.4555407855541045
1710, -887.827880859375, 954.3448486328125, -0.038197144865989685, 0.0, 0.10000000149011612, 20.298553466796875, 5.431089856680206
1711, -887.7520141601562, 954.3720092773438, -0.03501404821872711, 0.0, 0.125, 20.180721282958984, 5.418857593610578
1712, -887.6784057617188, 954.3985595703125, -0.02864784747362137, 0.0, 0.17500001192092896, 20.0720272064209, 5.413483597804833
1713, -887.6044921875, 954.4253540039062, -0.025464747101068497, 0.0, 0.20000001788139343, 19.96889877319336, 5.410724023904312
1714, -887.5308227539062, 954.4522705078125, -0.022281648591160774, 0.0, 0.2250000238418579, 19.871519088745117, 5.408092692352329
1715, -887.4579467773438, 954.4790649414062, -0.01591544970870018, 0.0, 0.27500003576278687, 19.78043556213379, 5.405452294649245
1716, -887.384033203125, 954.5065307617188, -0.012732351198792458, 0.0, 0.3250000476837158, 19.69835662841797, 5.373994071853781
1717, -887.30615234375, 954.535888671875, -0.009549252688884735, 0.0, 0.3250000476837158, 19.62523078918457, 5.312450755683347
1718, -887.2341918945312, 954.5631713867188, -0.0031830547377467155, 0.0, 0.3750000596046448, 19.567712783813477, 5.25823342272458
1719, -887.1619262695312, 954.5907592773438, 0.0, 0.0, 0.40000006556510925, 19.519962310791016, 5.207189937139238
1720, -887.0916137695312, 954.6173706054688, 0.0038197184912860394, 0.0, 0.4500000774860382, 19.482398986816406, 5.159262416324501
1721, -887.021728515625, 954.643798828125, 0.005729577504098415, 0.0, 0.4750000834465027, 19.45327377319336, 5.113827176346724
1722, -886.9530029296875, 954.669677734375, 0.007639436982572079, 0.0, 0.5000000596046448, 19.431501388549805, 5.071450033208871
1723, -886.8828735351562, 954.694091796875, 0.01145915500819683, 0.0, 0.550000011920929, 19.440269470214844, 5.025046693539262
1724, -886.8143310546875, 954.7196655273438, 0.013369014486670494, 0.0, 0.574999988079071, 19.433317184448242, 4.994503975425861
1725, -886.7463989257812, 954.7449951171875, 0.01718873344361782, 0.0, 0.6249999403953552, 19.431867599487305, 4.9623433237439585
1726, -886.6800537109375, 954.7697143554688, 0.019098592922091484, 0.0, 0.6499999165534973, 19.435272216796875, 4.9260382620294765
1727, -886.6126098632812, 954.7949829101562, 0.02291831001639366, 0.0, 0.6999998688697815, 19.44397735595703, 4.887115507952163
1728, -886.5487060546875, 954.8187866210938, 0.024828169494867325, 0.0, 0.7249998450279236, 19.456846237182617, 4.848702508515658
1729, -886.4838256835938, 954.843017578125, 0.026738028973340988, 0.0, 0.7499998211860657, 19.474437713623047, 4.8082498237174525
1730, -886.418212890625, 954.8675537109375, 0.030557747930288315, 0.0, 0.7999997735023499, 19.49713134765625, 4.766036209128658
1731, -886.3544311523438, 954.8914794921875, 0.03246760740876198, 0.0, 0.8249997496604919, 19.52383041381836, 4.723739575131852
1732, -886.2889404296875, 954.916015625, 0.03437746688723564, 0.0, 0.849999725818634, 19.55588150024414, 4.679157889477374
1733, -886.226806640625, 954.939453125, 0.03819718211889267, 0.0, 0.8999996781349182, 19.590967178344727, 4.635590347963466
1734, -886.1639404296875, 954.9630737304688, 0.040107037872076035, 0.0, 0.9249996542930603, 19.630889892578125, 4.5905201395356325
1735, -886.1024780273438, 954.9863891601562, 0.0420168936252594, 0.0, 0.9499996304512024, 19.674192428588867, 4.545390459220876
1736, -886.041259765625, 955.009765625, 0.04583660885691643, 0.0, 0.9999995827674866, 19.721935272216797, 4.499182839537748
1737, -885.9814453125, 955.0326538085938, 0.04774646833539009, 0.0, 1.0249996185302734, 19.77274513244629, 4.453126165075933
1738, -885.9214477539062, 955.0557861328125, 0.049656324088573456, 0.0, 1.0, 19.82797622680664, 4.406015120429628
1739, -885.861083984375, 955.0790405273438, 0.053476039320230484, 0.0, 1.0, 19.88789939880371, 4.357981682319933
1740, -885.8008422851562, 955.1024780273438, 0.05283942073583603, 0.0, 1.0, 19.951492309570312, 4.309562795203898
1741, -885.7431030273438, 955.125, 0.05156618356704712, 0.0, 1.0, 20.015064239501953, 4.262769019853965
1742, -885.6865234375, 955.1471557617188, 0.050929564982652664, 0.0, 1.0, 20.079391479492188, 4.216456713724192
1743, -885.6301879882812, 955.1692504882812, 0.05029294267296791, 0.0, 1.0, 20.1446590423584, 4.170150741642724
1744, -885.571533203125, 955.1923828125, 0.049019705504179, 0.0, 1.0, 20.213605880737305, 4.121547748810079
1745, -885.5167846679688, 955.2140502929688, 0.048383086919784546, 0.0, 1.0, 20.278358459472656, 4.075940420089305
1746, -885.4620361328125, 955.2357788085938, 0.047109849750995636, 0.0, 1.0, 20.34332847595215, 4.0299712055238075
1747, -885.3541870117188, 955.278564453125, 0.04583660885691643, 0.0, 1.0, 20.470611572265625, 3.938683403962711
1748, -885.3020629882812, 955.2993774414062, 0.04456337168812752, 0.0, 1.0, 20.53095817565918, 3.903504209243304
1749, -885.251220703125, 955.3197631835938, 0.04392675310373306, 0.0, 1.0, 20.58842658996582, 3.8907802630105324
1750, -885.1993408203125, 955.340576171875, 0.04329013451933861, 0.0, 1.0, 20.646223068237305, 3.8778162549175
1751, -885.1463012695312, 955.3621826171875, 0.0420168936252594, 0.0, 1.0, 20.704435348510742, 3.8626826649556976
1752, -885.0961303710938, 955.3828125, 0.041380275040864944, 0.0, 1.0, 20.758508682250977, 3.846567164963433
1753, -885.0438842773438, 955.4044189453125, 0.040107037872076035, 0.0, 1.0, 20.815874099731445, 3.798386431888045
1754, -884.994384765625, 955.4249877929688, 0.03947041928768158, 0.0, 1.0, 20.871238708496094, 3.7146043229675163
1755, -884.9431762695312, 955.4464721679688, 0.038833800703287125, 0.0, 1.0, 20.926895141601562, 3.6396911569675705
1756, -884.8934936523438, 955.4672241210938, 0.04265351593494415, 0.0, 1.0, 20.980627059936523, 3.5754842961028266
1757, -884.8461303710938, 955.4871826171875, 0.04456337168812752, 0.0, 1.0, 21.032188415527344, 3.52009272836871
1758, -884.799560546875, 955.5069580078125, 0.048383086919784546, 0.0, 1.0, 21.084272384643555, 3.469250702605148
1759, -884.7548217773438, 955.5259399414062, 0.05029294267296791, 0.0, 1.0, 21.135948181152344, 3.422733602449916
1760, -884.71044921875, 955.5447387695312, 0.052202802151441574, 0.0, 1.0, 21.189037322998047, 3.3780116165753893
1761, -884.6654663085938, 955.56396484375, 0.0560225173830986, 0.0, 1.0, 21.24527359008789, 3.333517918632357
1762, -884.6209106445312, 955.5831298828125, 0.05793237313628197, 0.0, 1.0, 21.303558349609375, 3.2898646324899277
1763, -884.5767211914062, 955.6022338867188, 0.05984223261475563, 0.0, 1.0, 21.36397933959961, 3.2466731528185404
1764, -884.5327758789062, 955.6212158203125, 0.06366194784641266, 0.0, 1.0, 21.42672348022461, 3.203807636326545
1765, -884.490966796875, 955.6393432617188, 0.06557180732488632, 0.0, 1.0, 21.489076614379883, 3.16288512008723
1766, -884.4495239257812, 955.657470703125, 0.06939151883125305, 0.0, 1.0, 21.553924560546875, 3.1219816182152633
1767, -884.4085693359375, 955.675537109375, 0.07130137830972672, 0.0, 1.0, 21.620887756347656, 3.0812552054956424
1768, -884.36669921875, 955.6940307617188, 0.07512108981609344, 0.0, 1.0, 21.692440032958984, 3.0393063160711735
1769, -884.327392578125, 955.7115478515625, 0.07703094929456711, 0.0, 1.0, 21.76244354248047, 2.999601886843245
1770, -884.28857421875, 955.7289428710938, 0.07894080877304077, 0.0, 1.0, 21.834354400634766, 2.95994250981626
1771, -884.2498779296875, 955.7463989257812, 0.0827605202794075, 0.0, 1.0, 21.908586502075195, 2.9201489415821813
1772, -884.2115478515625, 955.7637329101562, 0.08467037975788116, 0.0, 1.0, 21.985071182250977, 2.880258546702968
1773, -884.173095703125, 955.7813110351562, 0.0884900912642479, 0.0, 1.0, 22.064672470092773, 2.839861432380327
1774, -884.1371459960938, 955.7977905273438, 0.09039995074272156, 0.0, 1.0, 22.141759872436523, 2.8016948129281682
1775, -884.1007690429688, 955.8146362304688, 0.09230981022119522, 0.0, 1.0, 22.222488403320312, 2.762587285618374
1776, -884.065185546875, 955.8312377929688, 0.09612952172756195, 0.0, 1.0, 22.304006576538086, 2.7239396759975185
1777, -884.0302124023438, 955.8477172851562, 0.09803938120603561, 0.0, 1.0, 22.38690948486328, 2.6854594978695783
1778, -883.9955444335938, 955.8641357421875, 0.09994924068450928, 0.0, 1.0, 22.471542358398438, 2.646877342697471
1779, -883.9596557617188, 955.8811645507812, 0.10376895219087601, 0.0, 1.0, 22.56147003173828, 2.6066503134852756
1780, -883.9255981445312, 955.8974609375, 0.10376895219087601, 0.0, 1.0, 22.64940643310547, 2.5679299422516273
1781, -883.8923950195312, 955.9135131835938, 0.10440557450056076, 0.0, 1.0, 22.736474990844727, 2.5299266804204135
1782, -883.859375, 955.9295043945312, 0.10376895219087601, 0.0, 1.0, 22.824371337890625, 2.4916892729393503
1783, -883.8273315429688, 955.945068359375, 0.10313233733177185, 0.0, 1.0, 22.910367965698242, 2.454184830954864
1784, -883.7964477539062, 955.9601440429688, 0.10185910016298294, 0.0, 1.0, 22.993518829345703, 2.4176620050438333
1785, -883.76513671875, 955.975341796875, 0.10122247785329819, 0.0, 1.0, 23.077600479125977, 2.3803136540846266
1786, -883.7349853515625, 955.990234375, 0.09994924068450928, 0.0, 1.0, 23.158498764038086, 2.343890004376659
1787, -883.7048950195312, 956.0050048828125, 0.09931261837482452, 0.0, 1.0, 23.238990783691406, 2.3070794699848003
1788, -883.6747436523438, 956.0198364257812, 0.09867600351572037, 0.0, 1.0, 23.31903648376465, 2.2698659416533635
1789, -883.6444091796875, 956.034912109375, 0.09740276634693146, 0.0, 1.0, 23.399385452270508, 2.2318246135447253
1790, -883.615966796875, 956.0490112304688, 0.0967661440372467, 0.0, 1.0, 23.474143981933594, 2.1957609519136887
1791, -883.5875854492188, 956.063232421875, 0.09612952172756195, 0.0, 1.0, 23.54853057861328, 2.1592075226931837
1792, -883.5597534179688, 956.0771484375, 0.09485628455877304, 0.0, 1.0, 23.620718002319336, 2.1230313478732583
1793, -883.532958984375, 956.0904541015625, 0.09421966969966888, 0.0, 1.0, 23.689638137817383, 2.087789987012705
1794, -883.5048217773438, 956.1044921875, 0.09294642508029938, 0.0, 1.0, 23.761348724365234, 2.0503243765003343
1795, -883.4783935546875, 956.1177978515625, 0.09230981022119522, 0.0, 1.0, 23.828332901000977, 2.014555604898906
1796, -883.4529418945312, 956.1305541992188, 0.09167318791151047, 0.0, 1.0, 23.892194747924805, 1.9797487500476207
1797, -883.42724609375, 956.1435546875, 0.09103657305240631, 0.0, 1.0, 23.956480026245117, 1.9439765550160986
1798, -883.4030151367188, 956.1557006835938, 0.09039995074272156, 0.0, 1.0, 24.016403198242188, 1.9099602772820385
1799, -883.3789672851562, 956.1678466796875, 0.0884900912642479, 0.0, 1.0, 24.075571060180664, 1.8758307412750541
1800, -883.355224609375, 956.1798706054688, 0.0884900912642479, 0.0, 1.0, 24.13356590270996, 1.8413237372790507
1801, -883.331787109375, 956.1917724609375, 0.08785347640514374, 0.0, 1.0, 24.190101623535156, 1.805817455882531
1802, -883.3090209960938, 956.2033081054688, 0.08658023923635483, 0.0, 1.0, 24.244577407836914, 1.771434064696554
1803, -883.2865600585938, 956.21484375, 0.08594361692667007, 0.0, 1.0, 24.29807472229004, 1.7366219227097908
1804, -883.2646484375, 956.2260131835938, 0.08530700206756592, 0.0, 1.0, 24.349824905395508, 1.7019758365319169
1805, -883.2434692382812, 956.2366943359375, 0.08403375744819641, 0.0, 1.0, 24.399391174316406, 1.6681810013576337
1806, -883.222412109375, 956.2473754882812, 0.08339714258909225, 0.0, 1.0, 24.448328018188477, 1.6331666484867016
1807, -883.2020263671875, 956.2578735351562, 0.08212390542030334, 0.0, 1.0, 24.49542236328125, 1.5985166756554263
1808, -883.1814575195312, 956.268310546875, 0.08148728311061859, 0.0, 1.0, 24.54234504699707, 1.5617770131753195
1809, -883.1619262695312, 956.2784423828125, 0.08085066080093384, 0.0, 1.0, 24.586740493774414, 1.5269032848253172
1810, -883.142333984375, 956.2883911132812, 0.07957742363214493, 0.0, 1.0, 24.630746841430664, 1.490215148745751
1811, -883.1239013671875, 956.2978515625, 0.07894080877304077, 0.0, 1.0, 24.671749114990234, 1.456496684505583
1812, -883.10546875, 956.3073120117188, 0.07830418646335602, 0.0, 1.0, 24.712427139282227, 1.4206960559416149
1813, -883.087890625, 956.31640625, 0.07703094929456711, 0.0, 1.0, 24.750703811645508, 1.3869125057130467
1814, -883.0704345703125, 956.3253173828125, 0.07639432698488235, 0.0, 1.0, 24.788347244262695, 1.3514458619262595
1815, -883.0534057617188, 956.3341064453125, 0.07512108981609344, 0.0, 1.0, 24.82476043701172, 1.315522597755655
1816, -883.037109375, 956.3424072265625, 0.07448447495698929, 0.0, 1.0, 24.859338760375977, 1.2808636928848234
1817, -883.0213623046875, 956.3504638671875, 0.07384785264730453, 0.0, 1.0, 24.892215728759766, 1.2473475271738557
1818, -883.005615234375, 956.358642578125, 0.07257461547851562, 0.0, 1.0, 24.92509651184082, 1.210081656975117
1819, -882.9910888671875, 956.3661499023438, 0.07193799316883087, 0.0, 1.0, 24.954898834228516, 1.1782633535128657
1820, -882.9763793945312, 956.3737182617188, 0.07130137830972672, 0.0, 1.0, 24.984777450561523, 1.142424092826115
1821, -882.962158203125, 956.3810424804688, 0.06939151883125305, 0.0, 1.0, 25.01348876953125, 1.1061355105003883
1822, -882.9483642578125, 956.38818359375, 0.0687548965215683, 0.0, 1.0, 25.04086685180664, 1.0702418592212968
1823, -882.9352416992188, 956.3949584960938, 0.06811828166246414, 0.0, 1.0, 25.066816329956055, 1.0353577617546355
1824, -882.9231567382812, 956.401123046875, 0.06684504449367523, 0.0, 1.0, 25.096128463745117, 0.8469026591426961
1825, -882.9151611328125, 956.4052124023438, 0.06620842218399048, 0.0, 1.0, 25.116905212402344, 0.5735166145043653
1826, -882.910400390625, 956.4075317382812, 0.06557180732488632, 0.0, 1.0, 25.130380630493164, 0.30968456751449375
1827, -882.9091186523438, 956.408203125, 0.06429856270551682, 0.0, 1.0, 25.134580612182617, 0.008422155599466971
1828, -882.9090576171875, 956.408203125, 0.04329013451933861, 0.0, 1.0, 25.134578704833984, 0.0003653234456809852
1829, -882.908935546875, 956.408203125, 0.0, 0.02500000037252903, 0.0, 25.134586334228516, 0.007808032903927667
1830, -882.9088745117188, 956.408203125, 0.0, 0.05000000074505806, 0.0, 25.134618759155273, 0.00956812212051423
1831, -882.9088134765625, 956.408203125, 0.0, 0.07500000298023224, 0.0, 25.134618759155273, 0.010207621732486457
1832, -882.9087524414062, 956.408203125, 0.0, 0.125, 0.0, 25.1346378326416, 0.010701489383889644
1833, -882.9086303710938, 956.408203125, 0.0, 0.15000000596046448, 0.0, 25.1346378326416, 0.010926340911747727
1834, -882.9085693359375, 956.408203125, -0.0038197184912860394, 0.20000001788139343, 0.0, 25.13465118408203, 0.011225233039054662
1835, -882.9085083007812, 956.408203125, -0.005729577504098415, 0.2250000238418579, 0.0, 25.13465118408203, 0.011668939533552365
1836, -882.908447265625, 956.408203125, -0.007639436982572079, 0.2500000298023224, 0.0, 25.1346492767334, 0.012319056358074508
1837, -882.9083251953125, 956.408203125, -0.01145915500819683, 0.30000004172325134, 0.0, 25.1346492767334, 0.013189317310803595
1838, -882.9082641601562, 956.4082641601562, -0.013369014486670494, 0.3250000476837158, 0.0, 25.134613037109375, 0.014361530401148133
1839, -882.908203125, 956.4083251953125, -0.015278873965144157, 0.3750000596046448, 0.0, 25.134613037109375, 0.0158911112013902
1840, -882.9080200195312, 956.4083862304688, -0.019098592922091484, 0.40000006556510925, 0.0, 25.134525299072266, 0.01784486066703217
1841, -882.9077758789062, 956.4085083007812, -0.021008450537919998, 0.42500007152557373, 0.0, 25.13445472717285, 0.02029173391958206
1842, -882.9075317382812, 956.4085693359375, -0.02291831001639366, 0.4500000774860382, 0.0, 25.134366989135742, 0.02356414613200692
1843, -882.9073486328125, 956.4087524414062, -0.026738028973340988, 0.5000000596046448, 0.0, 25.134231567382812, 0.026963891416221325
1844, -882.9069213867188, 956.4088745117188, -0.02864788845181465, 0.5250000357627869, 0.0, 25.134069442749023, 0.0337776960755467
1845, -882.9065551757812, 956.4090576171875, -0.030557747930288315, 0.550000011920929, 0.0, 25.13383674621582, 0.03982991575667235
1846, -882.906005859375, 956.4093017578125, -0.03437746688723564, 0.5999999642372131, 0.0, 25.133516311645508, 0.04881324224602996
1847, -882.9052124023438, 956.40966796875, -0.036287322640419006, 0.6249999403953552, 0.0, 25.1336669921875, 0.06934272796267953
1848, -882.9030151367188, 956.4105834960938, -0.03819718211889267, 0.6499999165534973, 0.0, 25.1368408203125, 0.2078431109862679
1849, -882.8998413085938, 956.412109375, -0.0420168936252594, 0.7249998450279236, 0.0, 25.12849998474121, 0.26479007158577517
1850, -882.8956298828125, 956.4138793945312, -0.04392675310373306, 0.7249998450279236, 0.0, 25.125417709350586, 0.3271683593595951
1851, -882.8909301757812, 956.4158935546875, -0.04774646833539009, 0.7999997735023499, 0.0, 25.12134552001953, 0.3526521352087835
1852, -882.8860473632812, 956.41796875, -0.049656324088573456, 0.8249997496604919, 0.0, 25.121505737304688, 0.38816744534653796
1853, -882.8804321289062, 956.4203491210938, -0.05156618356704712, 0.8249997496604919, 0.0, 25.120805740356445, 0.43161760641838204
1854, -882.874267578125, 956.4229736328125, -0.05538589879870415, 0.8999996781349182, 0.0, 25.119020462036133, 0.47351304418435386
1855, -882.8675537109375, 956.4258422851562, -0.05729575455188751, 0.9249996542930603, 0.0, 25.116012573242188, 0.5186771314271594
1856, -882.8599243164062, 956.4290161132812, -0.059205614030361176, 0.9249996542930603, 0.0, 25.111848831176758, 0.5661412129025525
1857, -882.8521118164062, 956.4323120117188, -0.0630253255367279, 0.9749996066093445, 0.0, 25.10662269592285, 0.6157731107364786
1858, -882.843505859375, 956.4359130859375, -0.06493518501520157, 0.9999995827674866, 0.0, 25.09940528869629, 0.6764887811430178
1859, -882.833251953125, 956.440185546875, -0.0687548965215683, 1.0, 0.0, 25.088560104370117, 0.7666765653949362
1860, -882.8220825195312, 956.4448852539062, -0.07066475600004196, 1.0, 0.0, 25.06951141357422, 0.8988703939961941
1861, -882.8092651367188, 956.4503784179688, -0.0700281411409378, 1.0, 0.0, 25.04789924621582, 0.938705267186865
1862, -882.7965698242188, 956.4556884765625, -0.0687548965215683, 1.0, 0.0, 25.028091430664062, 0.9954231915142163
1863, -882.7824096679688, 956.461669921875, -0.06811828166246414, 1.0, 0.0, 25.004430770874023, 1.0971740581736047
1864, -882.766845703125, 956.4682006835938, -0.06748165935277939, 1.0, 0.0, 24.9793643951416, 1.2059602513918664
1865, -882.7503051757812, 956.4752197265625, -0.06620842218399048, 1.0, 0.0, 24.95289421081543, 1.29129683424451
1866, -882.7318725585938, 956.4828491210938, -0.06557180732488632, 1.0, 0.0, 24.924034118652344, 1.36274345863583
1867, -882.7134399414062, 956.4907836914062, -0.06429856270551682, 1.0, 0.0, 24.89447593688965, 1.4072285823338693
1868, -882.6945190429688, 956.4987182617188, -0.06366194784641266, 1.0, 0.0, 24.86441993713379, 1.4624773109481195
1869, -882.6538696289062, 956.5159301757812, -0.061752088367938995, 1.0, 0.0, 24.80122947692871, 1.5861218981249776
1870, -882.6326904296875, 956.5248413085938, -0.06111546978354454, 1.0, 0.0, 24.769033432006836, 1.6511395293705182
1871, -882.610107421875, 956.5343017578125, -0.05984223261475563, 1.0, 0.0, 24.735219955444336, 1.718147543343864
1872, -882.586181640625, 956.5443725585938, -0.059205614030361176, 1.0, 0.0, 24.699819564819336, 1.7864203085360144
1873, -882.5623168945312, 956.5545043945312, -0.05856899172067642, 1.0, 0.0, 24.66497230529785, 1.8495013295733367
1874, -882.5375366210938, 956.5648803710938, -0.05729575455188751, 1.0, 0.0, 24.62922477722168, 1.910970168793336
1875, -882.5109252929688, 956.576171875, -0.05665913596749306, 1.0, 0.0, 24.5913028717041, 1.9737167925685153
1876, -882.483154296875, 956.5877685546875, -0.0560225173830986, 1.0, 0.0, 24.552183151245117, 2.036521014166883
1877, -882.4556274414062, 956.599365234375, -0.05729575455188751, 1.0, 0.0, 24.513463973999023, 2.0966145127259606
1878, -882.4274291992188, 956.6112060546875, -0.059205614030361176, 1.0, 0.0, 24.4735107421875, 2.1560922533752205
1879, -882.3990478515625, 956.6231079101562, -0.06111546978354454, 1.0, 0.0, 24.432641983032227, 2.2142519914742005
1880, -882.3692016601562, 956.6354370117188, -0.06493518501520157, 1.0, 0.0, 24.388511657714844, 2.2735171241710392
1881, -882.3373413085938, 956.6486206054688, -0.06684504449367523, 1.0, 0.0, 24.339738845825195, 2.335245701259832
1882, -882.3051147460938, 956.6619262695312, -0.07066475600004196, 1.0, 0.0, 24.288738250732422, 2.3958008748444057
1883, -882.27294921875, 956.6749877929688, -0.07257461547851562, 1.0, 0.0, 24.236112594604492, 2.454700231316433
1884, -882.2401123046875, 956.688232421875, -0.07448447495698929, 1.0, 0.0, 24.180788040161133, 2.5133545734670664
1885, -882.205810546875, 956.7020263671875, -0.07830418646335602, 1.0, 0.0, 24.121055603027344, 2.5729952828915907
1886, -882.1712036132812, 956.7158203125, -0.08021404594182968, 1.0, 0.0, 24.058944702148438, 2.631719863195156
1887, -882.1350708007812, 956.730224609375, -0.08212390542030334, 1.0, 0.0, 23.991992950439453, 2.6918077657418165
1888, -882.0994262695312, 956.7442016601562, -0.08594361692667007, 1.0, 0.0, 23.92416763305664, 2.7494710589451903
1889, -882.06201171875, 956.7589111328125, -0.08785347640514374, 1.0, 0.0, 23.85082244873047, 2.808712780462312
1890, -882.0235595703125, 956.7738647460938, -0.08721685409545898, 1.0, 0.0, 23.774023056030273, 2.8683488891830518
1891, -881.9811401367188, 956.790283203125, -0.08594361692667007, 1.0, 0.0, 23.688629150390625, 2.93259183720724
1892, -881.9403076171875, 956.80615234375, -0.08467037975788116, 1.0, 0.0, 23.605920791625977, 2.993393996070495
1893, -881.900634765625, 956.8214721679688, -0.08403375744819641, 1.0, 0.0, 23.525903701782227, 3.0511065959760644
1894, -881.859130859375, 956.83740234375, -0.08339714258909225, 1.0, 0.0, 23.442306518554688, 3.1103769325271147
1895, -881.8157348632812, 956.8540649414062, -0.08212390542030334, 1.0, 0.0, 23.35573387145996, 3.1709438388918705
1896, -881.7711791992188, 956.87109375, -0.08148728311061859, 1.0, 0.0, 23.267093658447266, 3.2321577337311966
1897, -881.727294921875, 956.8876953125, -0.08085066080093384, 1.0, 0.0, 23.180776596069336, 3.291069388734603
1898, -881.6826171875, 956.9047241210938, -0.07957742363214493, 1.0, 0.0, 23.09345817565918, 3.350108266970276
1899, -881.63818359375, 956.921630859375, -0.07894080877304077, 1.0, 0.0, 23.007362365722656, 3.407808800982768
1900, -881.5932006835938, 956.9385986328125, -0.07830418646335602, 1.0, 0.0, 22.921092987060547, 3.465124356077799
1901, -881.545166015625, 956.956787109375, -0.07703094929456711, 1.0, 0.0, 22.829910278320312, 3.5252840570200905
1902, -881.498291015625, 956.974365234375, -0.07639432698488235, 1.0, 0.0, 22.742040634155273, 3.582871085571356
1903, -881.4498291015625, 956.9925537109375, -0.0757577121257782, 1.0, 0.0, 22.65203857421875, 3.6414491913177507
1904, -881.4010620117188, 957.0108642578125, -0.07448447495698929, 1.0, 0.0, 22.562421798706055, 3.699466349848373
1905, -881.3502807617188, 957.0297241210938, -0.07384785264730453, 1.0, 0.0, 22.470304489135742, 3.758782750938921
1906, -881.2988891601562, 957.048828125, -0.07257461547851562, 1.0, 0.0, 22.378177642822266, 3.8178710288080144
1907, -881.2455444335938, 957.0685424804688, -0.07193799316883087, 1.0, 0.0, 22.28369903564453, 3.878199650932416
1908, -881.1944580078125, 957.08740234375, -0.07130137830972672, 1.0, 0.0, 22.19420623779297, 3.9350961171773986
1909, -881.1407470703125, 957.107177734375, -0.0700281411409378, 1.0, 0.0, 22.101551055908203, 3.993823151969445
1910, -881.0845947265625, 957.127685546875, -0.06939151883125305, 1.0, 0.0, 22.0056209564209, 4.054423590255376
1911, -881.0297241210938, 957.147705078125, -0.0687548965215683, 1.0, 0.0, 21.913129806518555, 4.112651239959283
1912, -880.9741821289062, 957.16796875, -0.06748165935277939, 1.0, 0.0, 21.820703506469727, 4.170718617010959
1913, -880.9160766601562, 957.1890258789062, -0.06684504449367523, 1.0, 0.0, 21.725116729736328, 4.23062350777006
1914, -880.857666015625, 957.2101440429688, -0.06557180732488632, 1.0, 0.0, 21.63036346435547, 4.289952637949464
1915, -880.7981567382812, 957.2315673828125, -0.06493518501520157, 1.0, 0.0, 21.535320281982422, 4.3493876868515775
1916, -880.73583984375, 957.2540283203125, -0.06429856270551682, 1.0, 0.0, 21.436790466308594, 4.4108899133874715
1917, -880.6729736328125, 957.2765502929688, -0.0630253255367279, 1.0, 0.0, 21.338916778564453, 4.471968546732196
1918, -880.6128540039062, 957.2979736328125, -0.06238870695233345, 1.0, 0.0, 21.246618270874023, 4.529536588426982
1919, -880.5499877929688, 957.3203125, -0.061752088367938995, 1.0, 0.0, 21.151355743408203, 4.588894804454168
1920, -880.487060546875, 957.342529296875, -0.060478851199150085, 1.0, 0.0, 21.057355880737305, 4.647500394173419
1921, -880.42333984375, 957.3650512695312, -0.05984223261475563, 1.0, 0.0, 20.96352195739746, 4.706024502762909
1922, -880.3560180664062, 957.3887329101562, -0.05856899172067642, 1.0, 0.0, 20.865764617919922, 4.767109667606639
1923, -880.2899780273438, 957.411865234375, -0.05793237313628197, 1.0, 0.0, 20.771387100219727, 4.826164108534703
1924, -880.220947265625, 957.4359741210938, -0.05729575455188751, 0.9750000238418579, 0.0, 20.674070358276367, 4.886901846076634
1925, -880.1546020507812, 957.458984375, -0.0560225173830986, 0.9250000715255737, 0.0, 20.582048416137695, 4.943684232821937
1926, -880.0872192382812, 957.4822998046875, -0.05538589879870415, 0.9000000953674316, 0.0, 20.48984718322754, 4.999382586369162
1927, -880.0188598632812, 957.5059204101562, -0.05474928021430969, 0.8750001192092896, 0.0, 20.397705078125, 5.053870396713271
1928, -879.9483642578125, 957.5301513671875, -0.053476039320230484, 0.8250001668930054, 0.0, 20.304141998291016, 5.107679994947257
1929, -879.8782348632812, 957.55419921875, -0.05283942073583603, 0.8000001907348633, 0.0, 20.212421417236328, 5.158390992243411
1930, -879.8078002929688, 957.5782470703125, -0.05156618356704712, 0.7500002384185791, 0.0, 20.12173843383789, 5.20647652552038
1931, -879.7354736328125, 957.6028442382812, -0.050929564982652664, 0.725000262260437, 0.0, 20.03023338317871, 5.252566238999393
1932, -879.6638793945312, 957.6270751953125, -0.05029294267296791, 0.7000002861022949, 0.0, 19.941070556640625, 5.295143734300147
1933, -879.591064453125, 957.6516723632812, -0.049019705504179, 0.6500003337860107, 0.0, 19.8516788482666, 5.33552531576756
1934, -879.5162353515625, 957.6769409179688, -0.048383086919784546, 0.6750003099441528, 0.0, 19.761302947998047, 5.373940075864277
1935, -879.4391479492188, 957.7028198242188, -0.047109849750995636, 0.725000262260437, 0.0, 19.669700622558594, 5.4117532063271545
1936, -879.3648071289062, 957.7275390625, -0.04647323116660118, 0.7500002384185791, 0.0, 19.583152770996094, 5.447633504186355
1937, -879.2893676757812, 957.752685546875, -0.04583660885691643, 0.7750002145767212, 0.0, 19.496562957763672, 5.484249791135391
1938, -879.2129516601562, 957.778076171875, -0.04456337168812752, 0.8250001668930054, 0.0, 19.41049575805664, 5.521951707245008
1939, -879.1368408203125, 957.8033447265625, -0.04392675310373306, 0.8500001430511475, 0.0, 19.326208114624023, 5.56082153592124
1940, -879.060302734375, 957.8284912109375, -0.04265351593494415, 0.9000000953674316, 0.0, 19.243152618408203, 5.601351346821909
1941, -878.9813232421875, 957.8544311523438, -0.0420168936252594, 0.9250000715255737, 0.0, 19.159238815307617, 5.644995040635352
1942, -878.9024047851562, 957.8801879882812, -0.041380275040864944, 0.9500000476837158, 0.0, 19.07689094543457, 5.690496427289079
1943, -878.822509765625, 957.9063110351562, -0.040107037872076035, 1.0, 0.0, 18.995203018188477, 5.738440045938765
1944, -878.7417602539062, 957.9325561523438, -0.03947041928768158, 1.0, 0.0, 18.91450309753418, 5.788760446387333
1945, -878.659912109375, 957.9591064453125, -0.03819718211889267, 1.0, 0.0, 18.83439064025879, 5.841246628656781
1946, -878.5758666992188, 957.9862060546875, -0.037560559809207916, 1.0, 0.0, 18.754030227661133, 5.896027437473495
1947, -878.4953002929688, 958.0121459960938, -0.03692394122481346, 1.0, 0.0, 18.67860984802246, 5.9491230980797605
1948, -878.412353515625, 958.038818359375, -0.03565070405602455, 1.0, 0.0, 18.602556228637695, 6.004184411410063
1949, -878.3304443359375, 958.0650634765625, -0.035014085471630096, 1.0, 0.0, 18.529237747192383, 6.058587367797279
1950, -878.2481079101562, 958.09130859375, -0.03437746688723564, 1.0, 0.0, 18.45705795288086, 6.113278513524999
1951, -878.1624755859375, 958.1184692382812, -0.03310422599315643, 1.0, 0.0, 18.383731842041016, 6.1700284300275925
1952, -878.0770263671875, 958.1456298828125, -0.03246760740876198, 1.0, 0.0, 18.312288284301758, 6.226429188552487
1953, -877.9911499023438, 958.1727905273438, -0.031194370239973068, 1.0, 0.0, 18.242229461669922, 6.282840954060909
1954, -877.90234375, 958.2008666992188, -0.030557749792933464, 1.0, 0.0, 18.171594619750977, 6.340822629595564
1955, -877.8129272460938, 958.2289428710938, -0.02992113120853901, 1.0, 0.0, 18.10227394104004, 6.398769153236897
1956, -877.7218627929688, 958.257568359375, -0.02864789217710495, 1.0, 0.0, 18.033498764038086, 6.457380575013495
1957, -877.6331787109375, 958.2852783203125, -0.028011273592710495, 0.9750000238418579, 0.0, 17.968313217163086, 6.513862092421913
1958, -877.5413208007812, 958.31396484375, -0.02737465500831604, 0.9500000476837158, 0.0, 17.902446746826172, 6.571462998635952
1959, -877.4457397460938, 958.3438110351562, -0.02610141597688198, 0.9000000953674316, 0.0, 17.835859298706055, 6.629920055705685
1960, -877.3536376953125, 958.3723754882812, -0.025464797392487526, 0.8750001192092896, 0.0, 17.77346420288086, 6.684289912554289
1961, -877.2553100585938, 958.4028930664062, -0.024191558361053467, 0.8250001668930054, 0.0, 17.70884132385254, 6.740059181951885
1962, -877.1604614257812, 958.4322509765625, -0.023554939776659012, 0.8000001907348633, 0.0, 17.648378372192383, 6.791174384672802
1963, -877.0670776367188, 958.4609985351562, -0.022281700745224953, 0.7500002384185791, 0.0, 17.590702056884766, 6.838868602193821
1964, -876.9725341796875, 958.4900512695312, -0.021645082160830498, 0.725000262260437, 0.0, 17.53411865234375, 6.884246764039918
1965, -876.8762817382812, 958.5196533203125, -0.021008463576436043, 0.7000002861022949, 0.0, 17.47833251953125, 6.927489925375029
1966, -876.7824096679688, 958.5484008789062, -0.019735224545001984, 0.6500003337860107, 0.0, 17.42562484741211, 6.966834728155795
1967, -876.6873779296875, 958.5774536132812, -0.01909860596060753, 0.6250003576278687, 0.0, 17.37409019470215, 7.003514375260755
1968, -876.5903930664062, 958.6071166992188, -0.018461985513567924, 0.6000003814697266, 0.0, 17.323162078857422, 7.037916719986387
1969, -876.492919921875, 958.6368408203125, -0.017188748344779015, 0.5500004291534424, 0.0, 17.273889541625977, 7.069303295053994
1970, -876.3915405273438, 958.6676635742188, -0.01655212789773941, 0.5250004529953003, 0.0, 17.224544525146484, 7.0984391940149605
1971, -876.295654296875, 958.6967163085938, -0.015915509313344955, 0.5000004768371582, 0.0, 17.179574966430664, 7.122779180841537
1972, -876.1965942382812, 958.7266845703125, -0.014642269350588322, 0.45000046491622925, 0.0, 17.13495445251465, 7.144767724686082
1973, -876.0965576171875, 958.7569580078125, -0.014005648903548717, 0.42500045895576477, 0.0, 17.091720581054688, 7.163473441556229
1974, -875.997802734375, 958.7866821289062, -0.013369029387831688, 0.4000004529953003, 0.0, 17.05087661743164, 7.178639000903206
1975, -875.898193359375, 958.8167724609375, -0.01145916897803545, 0.32500043511390686, 0.0, 17.01162338256836, 7.190595299382768
1976, -875.693115234375, 958.878662109375, -0.010822548530995846, 0.3000004291534424, 0.0, 16.936626434326172, 7.203246128987196
1977, -875.593017578125, 958.9086303710938, -0.009549308568239212, 0.2500004172325134, 0.0, 16.902790069580078, 7.204493573623792
1978, -875.4917602539062, 958.9391479492188, -0.008912688121199608, 0.22500041127204895, 0.0, 16.870403289794922, 7.202393543309202
1979, -875.391357421875, 958.9692993164062, -0.007639448624104261, 0.17500039935112, 0.0, 16.840225219726562, 7.197052896353559
1980, -875.28857421875, 959.0001220703125, -0.0070028286427259445, 0.15000039339065552, 0.0, 16.81129264831543, 7.188081010023915
1981, -875.1912231445312, 959.029296875, -0.006366209127008915, 0.12500038743019104, 0.0, 16.785600662231445, 7.176529179861556
1982, -875.0899047851562, 959.0596923828125, -0.005092970095574856, 0.07500039041042328, 0.0, 16.760784149169922, 7.161459439768091
1983, -874.9920654296875, 959.0889892578125, -0.004456350114196539, 0.0500003919005394, 0.0, 16.738615036010742, 7.143699760762727
1984, -874.8912963867188, 959.1192016601562, -0.0031831106171011925, 3.915280046840053e-07, 0.0, 16.717758178710938, 7.122216830487956
1985, -874.794189453125, 959.1482543945312, -0.0025464906357228756, -0.02499960921704769, 0.0, 16.699506759643555, 7.098532460625255
1986, -874.6954345703125, 959.1777954101562, -0.0012732511386275291, 0.0, 0.0, 16.68292999267578, 7.0720257022455595
1987, -874.6005249023438, 959.2062377929688, 0.0, 0.0, 0.0, 16.668943405151367, 7.044633917806045
1988, -874.4989013671875, 959.2366943359375, 0.0, 0.0, 0.0, 16.6560001373291, 7.013752056196757
1989, -874.4009399414062, 959.2659912109375, 0.0, 0.0, 0.0, 16.645174026489258, 6.982725397146283
1990, -874.3052978515625, 959.2946166992188, 0.0, 0.0, 0.0, 16.635953903198242, 6.951554501150131
1991, -874.211669921875, 959.3226318359375, 0.0, 0.0, 0.0, 16.6280517578125, 6.920352030228328
1992, -874.115234375, 959.3515625, 0.0, 0.0, 0.0, 16.62093162536621, 6.887612674994478
1993, -874.0209350585938, 959.3797607421875, 0.0, 0.0, 0.0, 16.614826202392578, 6.855218998720958
1994, -873.9268798828125, 959.4078979492188, 0.0, 0.0, 0.0, 16.609468460083008, 6.822568991495289
1995, -873.831298828125, 959.4364013671875, 0.0, 0.0, 0.0, 16.60466957092285, 6.789099897277555
1996, -873.7380981445312, 959.4642944335938, 0.0, 0.0, 0.0, 16.600536346435547, 6.756287122353224
1997, -873.6441040039062, 959.4923095703125, 0.0, 0.0, 0.0, 16.596845626831055, 6.723036382071926
1998, -873.5520629882812, 959.5198364257812, 0.0, 0.0, 0.0, 16.593618392944336, 6.690350234852017
1999, -873.4606323242188, 959.5470581054688, 0.0, 0.0, 0.0, 16.590749740600586, 6.657759884722707
2000, -873.3702392578125, 959.5740356445312, 0.0, 0.0, 0.0, 16.588205337524414, 6.625484864864908
2001, -873.2756958007812, 959.602294921875, 0.0, 0.0, 0.0, 16.585790634155273, 6.591659501137576
2002, -873.1854248046875, 959.6292114257812, 0.0, 0.0, 0.0, 16.583707809448242, 6.559313304613677
2003, -873.0973510742188, 959.6554565429688, 0.0, 0.0, 0.0, 16.58186149597168, 6.527725569437214
2004, -872.9990234375, 959.6847534179688, 0.0, 0.0, 0.0, 16.57997703552246, 6.492459154864593
2005, -872.9113159179688, 959.7109985351562, 0.0, 0.0, 0.0, 16.578428268432617, 6.4609368312911615
2006, -872.8206787109375, 959.738037109375, 0.0, 0.0, 0.0, 16.576929092407227, 6.428369213397928
2007, -872.7333984375, 959.7640380859375, 0.0, 0.0, 0.0, 16.575590133666992, 6.396989530827508
2008, -872.6454467773438, 959.7902221679688, 0.0, 0.0, 0.0, 16.574331283569336, 6.365346757881684
2009, -872.5564575195312, 959.8167114257812, 0.0, 0.0, 0.0, 16.57311248779297, 6.333312570414516
2010, -872.468994140625, 959.8427124023438, 0.0, 0.0, 0.0, 16.57198715209961, 6.301821387704788
2011, -872.3839111328125, 959.8681030273438, 0.0, 0.0, 0.0, 16.570940017700195, 6.271198845641363
2012, -872.2987060546875, 959.8934326171875, 0.0, 0.0, 0.0, 16.56993865966797, 6.240530518784134
2013, -872.2135009765625, 959.9188232421875, 0.0, 0.0, 0.0, 16.568971633911133, 6.209811053942804
2014, -872.1262817382812, 959.9447631835938, 0.0, 0.0, 0.0, 16.56800651550293, 6.178393046569588
2015, -872.0380249023438, 959.9710083007812, 0.0, 0.0, 0.0, 16.56705093383789, 6.146582137535756
2016, -871.870361328125, 960.0208129882812, 0.0, 0.0, 0.0, 16.5653018951416, 6.086129818354543
2017, -871.7860107421875, 960.0458984375, 0.0, 0.0, 0.0, 16.56441879272461, 6.055727568494947
2018, -871.7018432617188, 960.0709838867188, 0.0, 0.0, 0.0, 16.56351089477539, 6.025444992677005
2019, -871.6220703125, 960.0947265625, 0.0, 0.0, 0.0, 16.562658309936523, 5.996815342981697
2020, -871.5405883789062, 960.1189575195312, 0.0, 0.0, 0.0, 16.561735153198242, 5.967627908291448
2021, -871.4542846679688, 960.1446533203125, 0.0, 0.0, 0.0, 16.560522079467773, 5.936482279161529
2022, -871.3728637695312, 960.1688842773438, 0.0, 0.0, 0.0, 16.5596981048584, 5.906400401198417
2023, -871.2913208007812, 960.1931762695312, 0.0, 0.0, 0.0, 16.55887222290039, 5.876116128231319
2024, -871.2125854492188, 960.2166137695312, 0.0, 0.0, 0.0, 16.558195114135742, 5.846998235917006
2025, -871.1295776367188, 960.2413330078125, 0.0, 0.0, 0.0, 16.557172775268555, 5.81645159814248
2026, -871.0506591796875, 960.2647705078125, 0.0, 0.0, 0.0, 16.556434631347656, 5.787405829092576
2027, -870.9685668945312, 960.2892456054688, 0.0, 0.0, 0.0, 16.55533790588379, 5.757827539712834
2028, -870.889404296875, 960.3128051757812, 0.0, 0.0, 0.0, 16.554628372192383, 5.729403302281855
2029, -870.8128051757812, 960.3356323242188, 0.0, 0.0, 0.0, 16.55406379699707, 5.702215317882769
2030, -870.7337036132812, 960.359130859375, 0.0, 0.0, 0.0, 16.553239822387695, 5.674116578400663
2031, -870.6563110351562, 960.3821411132812, 0.0, 0.0, 0.0, 16.552587509155273, 5.646156015710274
2032, -870.5802001953125, 960.4048461914062, 0.0, 0.0, 0.0, 16.551986694335938, 5.61870359666246
2033, -870.5048217773438, 960.42724609375, 0.0, 0.0, 0.0, 16.551359176635742, 5.5915747685916575
2034, -870.4283447265625, 960.449951171875, 0.0, 0.0, 0.0, 16.550601959228516, 5.5638680526754145
2035, -870.3510131835938, 960.4729614257812, 0.0019098592456430197, 0.0, 0.0, 16.550241470336914, 5.5353209172240865
2036, -870.2720336914062, 960.4965209960938, 0.0038197184912860394, 0.0, 0.0, 16.55076026916504, 5.505438029937411
2037, -870.1961669921875, 960.5192260742188, 0.007639436982572079, 0.0, 0.0, 16.553306579589844, 5.476534526694306
2038, -870.1201171875, 960.5419311523438, 0.009549296461045742, 0.0, 0.0, 16.557903289794922, 5.448014470404862
2039, -870.044677734375, 960.5646362304688, 0.01145915500819683, 0.0, 0.0, 16.564884185791016, 5.4196551558700925
2040, -869.9701538085938, 960.5872192382812, 0.015278873965144157, 0.0, 0.0, 16.574758529663086, 5.391613995334161
2041, -869.8970336914062, 960.6094970703125, 0.01718873344361782, 0.0, 0.0, 16.587587356567383, 5.364333804062875
2042, -869.820068359375, 960.6328735351562, 0.021008450537919998, 0.0, 0.0, 16.60460090637207, 5.335033576407532
2043, -869.7469482421875, 960.6553955078125, 0.02291831001639366, 0.0, 0.0, 16.624958038330078, 5.306548626624025
2044, -869.6763305664062, 960.6771850585938, 0.024828169494867325, 0.0, 0.0, 16.64811897277832, 5.280183690905227
2045, -869.604248046875, 960.6995239257812, 0.02864788845181465, 0.0, 0.0, 16.675512313842773, 5.253470607843239
2046, -869.5355224609375, 960.7210083007812, 0.030557747930288315, 0.0, 0.0, 16.705671310424805, 5.227883635603434
2047, -869.4647216796875, 960.7431030273438, 0.03246760740876198, 0.0, 0.0, 16.740291595458984, 5.201765721218939
2048, -869.3935546875, 960.7655029296875, 0.036287322640419006, 0.0, 0.0, 16.779460906982422, 5.1744119934549415
2049, -869.3175048828125, 960.7897338867188, 0.03819718211889267, 0.0, 0.0, 16.825742721557617, 5.143379768429754
2050, -869.2479248046875, 960.8119506835938, 0.040107037872076035, 0.0, 0.0, 16.872905731201172, 5.1146538989046695
2051, -869.1780395507812, 960.8344116210938, 0.038833800703287125, 0.0, 0.0, 16.923341751098633, 5.087829833223643
2052, -869.1087036132812, 960.8568725585938, 0.03819718211889267, 0.0, 0.0, 16.97592544555664, 5.060971096783378
2053, -869.0430297851562, 960.8781127929688, 0.03692394122481346, 0.0, 0.0, 17.0277042388916, 5.03624775879512
2054, -868.9080200195312, 960.9219970703125, 0.036287322640419006, 0.0, 0.0, 17.142179489135742, 4.98788346438655
2055, -868.83984375, 960.9442138671875, 0.035014085471630096, 0.0, 0.0, 17.19881248474121, 4.967997650067994
2056, -868.770263671875, 960.9669189453125, 0.03437746688723564, 0.0, 0.0, 17.25644302368164, 4.94624348576825
2057, -868.701171875, 960.9896850585938, 0.03374084457755089, 0.0, 0.0, 17.313697814941406, 4.923481369289053
2058, -868.6318359375, 961.0123901367188, 0.03246760740876198, 0.0, 0.0, 17.370513916015625, 4.899944448494969
2059, -868.5636596679688, 961.0348510742188, 0.03183098882436752, 0.02500000037252903, 0.0, 17.42583465576172, 4.876898261664043
2060, -868.499267578125, 961.0560913085938, 0.030557749792933464, 0.07500000298023224, 0.0, 17.4773006439209, 4.85566858760725
2061, -868.434326171875, 961.0775756835938, 0.02992113120853901, 0.10000000149011612, 0.0, 17.528324127197266, 4.835602175795786
2062, -868.3666381835938, 961.0999755859375, 0.029284512624144554, 0.125, 0.0, 17.58058738708496, 4.816374820949145
2063, -868.3010864257812, 961.1217041015625, 0.028011273592710495, 0.17500001192092896, 0.0, 17.630128860473633, 4.799796077346955
2064, -868.2357788085938, 961.1434326171875, 0.02737465500831604, 0.20000001788139343, 0.0, 17.678348541259766, 4.785719678310259
2065, -868.1708984375, 961.1649780273438, 0.026738034561276436, 0.2250000238418579, 0.0, 17.725141525268555, 4.774109150508484
2066, -868.1053466796875, 961.1868286132812, 0.025464797392487526, 0.27500003576278687, 0.0, 17.771183013916016, 4.76494199627006
2067, -868.04248046875, 961.2078857421875, 0.024828176945447922, 0.30000004172325134, 0.0, 17.814241409301758, 4.758839771804511
2068, -867.9768676757812, 961.229736328125, 0.023554939776659012, 0.3500000536441803, 0.0, 17.85776138305664, 4.755360678075107
2069, -867.9119873046875, 961.2515258789062, 0.022918321192264557, 0.3750000596046448, 0.0, 17.899490356445312, 4.754972334297046
2070, -867.8463134765625, 961.2734985351562, 0.022281700745224953, 0.40000006556510925, 0.0, 17.940454483032227, 4.757362335036453
2071, -867.7813720703125, 961.2952880859375, 0.021008463576436043, 0.4500000774860382, 0.0, 17.979652404785156, 4.762454248209499
2072, -867.7179565429688, 961.3165283203125, 0.022918323054909706, 0.4750000834465027, 0.0, 18.01712989807129, 4.770131631970527
2073, -867.65380859375, 961.3381958007812, 0.026738040149211884, 0.5250000357627869, 0.0, 18.055540084838867, 4.780550710216152
2074, -867.5896606445312, 961.3599243164062, 0.028647899627685547, 0.550000011920929, 0.0, 18.09488868713379, 4.793734106329411
2075, -867.5234985351562, 961.38232421875, 0.03055775910615921, 0.574999988079071, 0.0, 18.13690757751465, 4.809924913790714
2076, -867.45703125, 961.4051513671875, 0.032467618584632874, 0.5999999642372131, 0.0, 18.180912017822266, 4.8286041795611645
2077, -867.390380859375, 961.4280395507812, 0.0362873338162899, 0.6499999165534973, 0.0, 18.227439880371094, 4.849689184419722
2078, -867.324951171875, 961.4506225585938, 0.038197193294763565, 0.6749998927116394, 0.0, 18.275711059570312, 4.872911645954332
2079, -867.2572631835938, 961.4741821289062, 0.042016904801130295, 0.7249998450279236, 0.0, 18.32903480529785, 4.899519941122625
2080, -867.190673828125, 961.4974975585938, 0.04138028621673584, 0.7499998211860657, 0.0, 18.38405990600586, 4.928374799086541
2081, -867.1243286132812, 961.5208129882812, 0.040743667632341385, 0.7749997973442078, 0.0, 18.440757751464844, 4.95945335386803
2082, -867.0577392578125, 961.54443359375, 0.039470430463552475, 0.8249997496604919, 0.0, 18.499046325683594, 4.993033848069871
2083, -866.9913940429688, 961.56787109375, 0.03883381187915802, 0.849999725818634, 0.0, 18.557743072509766, 5.028599337955993
2084, -866.9227905273438, 961.5922241210938, 0.038197193294763565, 0.8749997019767761, 0.0, 18.618961334228516, 5.067473646626113
2085, -866.8539428710938, 961.6167602539062, 0.03692395240068436, 0.9249996542930603, 0.0, 18.68035888671875, 5.108666911093102
2086, -866.7857666015625, 961.6410522460938, 0.0362873338162899, 0.9499996304512024, 0.0, 18.74094581604004, 5.151771033808173
2087, -866.7130126953125, 961.6671142578125, 0.03501409664750099, 0.9999995827674866, 0.0, 18.80501937866211, 5.2000801919467445
2088, -866.6419067382812, 961.6925659179688, 0.03437747806310654, 1.0249996185302734, 0.0, 18.866954803466797, 5.249599649937915
2089, -866.571533203125, 961.7177734375, 0.03374085575342178, 1.0, 0.0, 18.927478790283203, 5.300051835297232
2090, -866.4991455078125, 961.7438354492188, 0.03501409664750099, 1.0, 0.0, 18.989458084106445, 5.352969943361266
2091, -866.4239501953125, 961.7709350585938, 0.03692395240068436, 0.9750000238418579, 0.0, 19.05402946472168, 5.4083307190340975
2092, -866.350341796875, 961.797607421875, 0.03883381187915802, 0.9500000476837158, 0.0, 19.118104934692383, 5.462331646836085
2093, -866.2748413085938, 961.8251953125, 0.04265352711081505, 0.9000000953674316, 0.0, 19.185598373413086, 5.516777887283643
2094, -866.1968383789062, 961.8538208007812, 0.04456338286399841, 0.8750001192092896, 0.0, 19.257476806640625, 5.571258971537321
2095, -866.1214599609375, 961.881591796875, 0.046473242342472076, 0.8500001430511475, 0.0, 19.329336166381836, 5.622175591550673
2096, -866.0444946289062, 961.9102172851562, 0.050292957574129105, 0.8000001907348633, 0.0, 19.405778884887695, 5.672072361794773
2097, -865.9693603515625, 961.9383544921875, 0.05220281332731247, 0.7750002145767212, 0.0, 19.4834041595459, 5.71835276326614
2098, -865.89208984375, 961.967529296875, 0.0560225285589695, 0.725000262260437, 0.0, 19.56702423095703, 5.763380492658691
2099, -865.8134765625, 961.9973754882812, 0.05793238431215286, 0.7000002861022949, 0.0, 19.655868530273438, 5.806228859260326
2100, -865.736328125, 962.0269165039062, 0.059842243790626526, 0.6750003099441528, 0.0, 19.746662139892578, 5.845502269856701
2101, -865.6573486328125, 962.0574951171875, 0.06366195529699326, 0.6250003576278687, 0.0, 19.843944549560547, 5.882834320464227
2102, -865.5762329101562, 962.0890502929688, 0.06557182222604752, 0.6000003814697266, 0.0, 19.948144912719727, 5.917931466092661
2103, -865.500244140625, 962.118896484375, 0.06748167425394058, 0.5750004053115845, 0.0, 20.04982566833496, 5.94805045682339
2104, -865.4197998046875, 962.1506958007812, 0.07130139321088791, 0.5250004529953003, 0.0, 20.161697387695312, 5.9768247867036965
2105, -865.3421630859375, 962.1817016601562, 0.07321125268936157, 0.5000004768371582, 0.0, 20.274106979370117, 6.001542507098578
2106, -865.2618408203125, 962.2140502929688, 0.07512110471725464, 0.4750004708766937, 0.0, 20.394811630249023, 6.024152869048593
2107, -865.1830444335938, 962.2459716796875, 0.07894082367420197, 0.42500045895576477, 0.0, 20.51776695251465, 6.043262175303523
2108, -865.103515625, 962.278564453125, 0.08085068315267563, 0.4000004529953003, 0.0, 20.646400451660156, 6.059390726541822
2109, -865.025390625, 962.3109130859375, 0.0827605351805687, 0.3750004470348358, 0.0, 20.777238845825195, 6.072340550171883
2110, -864.9429321289062, 962.3453979492188, 0.08658025413751602, 0.32500043511390686, 0.0, 20.920330047607422, 6.082807401044831
2111, -864.8642578125, 962.37841796875, 0.08594363182783127, 0.3000004291534424, 0.0, 21.06098175048828, 6.089724126770385
2112, -864.7849731445312, 962.412109375, 0.08530701696872711, 0.2750004231929779, 0.0, 21.206056594848633, 6.09387333632923
2113, -864.7059326171875, 962.4459228515625, 0.0840337723493576, 0.32500043511390686, 0.0, 21.353334426879883, 6.095745563912907
2114, -864.6278686523438, 962.4794921875, 0.08339715749025345, 0.35000044107437134, 0.0, 21.500524520874023, 6.0968468650725205
2115, -864.5498046875, 962.5133666992188, 0.0827605351805687, 0.3750004470348358, 0.0, 21.64915657043457, 6.097985522967907
2116, -864.4705200195312, 962.5478515625, 0.08148729801177979, 0.42500045895576477, 0.0, 21.80105209350586, 6.099865735901547
2117, -864.3923950195312, 962.5821533203125, 0.08085068315267563, 0.45000046491622925, 0.0, 21.951383590698242, 6.103174250748832
2118, -864.31396484375, 962.6167602539062, 0.08021406084299088, 0.4750004708766937, 0.0, 22.10243034362793, 6.108138004381848
2119, -864.2344360351562, 962.652099609375, 0.07894082367420197, 0.5250004529953003, 0.0, 22.25539779663086, 6.115078280286432
2120, -864.1565551757812, 962.68701171875, 0.07830420136451721, 0.5500004291534424, 0.0, 22.405302047729492, 6.12414725489718
2121, -864.0767822265625, 962.7228393554688, 0.07766758650541306, 0.5750004053115845, 0.0, 22.558115005493164, 6.135673602162278
2122, -863.9987182617188, 962.7581787109375, 0.07639434188604355, 0.6250003576278687, 0.0, 22.706987380981445, 6.14917915125604
2123, -863.9199829101562, 962.7940673828125, 0.07575772702693939, 0.6500003337860107, 0.0, 22.856412887573242, 6.165343987354404
2124, -863.8424682617188, 962.82958984375, 0.07512110471725464, 0.6750003099441528, 0.0, 23.002714157104492, 6.183638681898957
2125, -863.7637939453125, 962.8657836914062, 0.07448448985815048, 0.7000002861022949, 0.0, 23.15021514892578, 6.204531230179546
2126, -863.6838989257812, 962.9026489257812, 0.07321125268936157, 0.7500002384185791, 0.0, 23.298912048339844, 6.228140822809788
2127, -863.6033325195312, 962.940185546875, 0.07257463037967682, 0.7750002145767212, 0.0, 23.447805404663086, 6.254594618128822
2128, -863.5220336914062, 962.978271484375, 0.07130139321088791, 0.8250001668930054, 0.0, 23.596708297729492, 6.283896204413259
2129, -863.4415283203125, 963.0161743164062, 0.07066477090120316, 0.8500001430511475, 0.0, 23.742841720581055, 6.315607213533549
2130, -863.3624267578125, 963.0535888671875, 0.070028156042099, 0.8750001192092896, 0.0, 23.885208129882812, 6.34917477285483
2131, -863.2799072265625, 963.0927734375, 0.06875491887331009, 0.8250001668930054, 0.0, 24.032190322875977, 6.386141342400417
2132, -863.1979370117188, 963.1320190429688, 0.06811829656362534, 0.8000001907348633, 0.0, 24.17683219909668, 6.4235498313006225
2133, -863.1142578125, 963.1722412109375, 0.06748167425394058, 0.7750002145767212, 0.0, 24.323062896728516, 6.461755382691343
2134, -863.0263061523438, 963.2146606445312, 0.06620843708515167, 0.725000262260437, 0.0, 24.47504234313965, 6.501262758342197
2135, -862.9443359375, 963.2545166015625, 0.06557182222604752, 0.7000002861022949, 0.0, 24.61536979675293, 6.536802849431319
2136, -862.8624267578125, 963.2944946289062, 0.06493519991636276, 0.6750003099441528, 0.0, 24.7542781829834, 6.570874928333236
2137, -862.7776489257812, 963.3360595703125, 0.06429857760667801, 0.6500003337860107, 0.0, 24.896446228027344, 6.604401446990841
2138, -862.6947631835938, 963.3770141601562, 0.0630253404378891, 0.6000003814697266, 0.0, 25.034181594848633, 6.635317906241275
2139, -862.610107421875, 963.4190673828125, 0.06238872557878494, 0.5750004053115845, 0.0, 25.173315048217773, 6.664511289260646
2140, -862.5263671875, 963.4608154296875, 0.06175210326910019, 0.5500004291534424, 0.0, 25.309545516967773, 6.691029557693741
2141, -862.43896484375, 963.5045776367188, 0.06047886610031128, 0.5000004768371582, 0.0, 25.45023536682129, 6.71615146075631
2142, -862.3540649414062, 963.5472412109375, 0.059842247515916824, 0.4750004708766937, 0.0, 25.585330963134766, 6.737643271788559
2143, -862.270263671875, 963.5896606445312, 0.058569010347127914, 0.42500045895576477, 0.0, 25.717042922973633, 6.756060385246989
2144, -862.1851196289062, 963.6328735351562, 0.05793238803744316, 0.4000004529953003, 0.0, 25.84923553466797, 6.7716686741421865
2145, -862.1021728515625, 963.6752319335938, 0.057295769453048706, 0.3750004470348358, 0.0, 25.97649383544922, 6.783985179105551
2146, -862.0126342773438, 963.7211303710938, 0.05538591369986534, 0.3000004291534424, 0.0, 26.11200714111328, 6.794049014060189
2147, -861.9263305664062, 963.7656860351562, 0.05538591369986534, 0.2750004231929779, 0.0, 26.24113655090332, 6.799820335119307
2148, -861.836181640625, 963.8123168945312, 0.054749295115470886, 0.2500004172325134, 0.0, 26.374160766601562, 6.8021499178344635
2149, -861.749267578125, 963.8576049804688, 0.058569010347127914, 0.20000040531158447, 0.0, 26.50196647644043, 6.800736106246675
2150, -861.6658935546875, 963.9013671875, 0.06047886610031128, 0.17500039935112, 0.0, 26.6251220703125, 6.795951297981666
2151, -861.5826416015625, 963.9453125, 0.06238872557878494, 0.15000039339065552, 0.0, 26.749073028564453, 6.788130147912366
2152, -861.499755859375, 963.9892578125, 0.06429857760667801, 0.12500038743019104, 0.0, 26.8737850189209, 6.777519586827335
2153, -861.41357421875, 964.0355224609375, 0.06811829656362534, 0.07500039041042328, 0.0, 27.00598907470703, 6.76343138712901
2154, -861.3298950195312, 964.0806274414062, 0.070028156042099, 0.0500003919005394, 0.0, 27.13689422607422, 6.746627085844658
2155, -861.2470092773438, 964.1256713867188, 0.07384786754846573, 3.915280046840053e-07, 0.0, 27.27001190185547, 6.7268930281129595
2156, -861.1647338867188, 964.1707763671875, 0.07766758650541306, -0.02499960921704769, 0.0, 27.40614128112793, 6.704341233856698
2157, -861.0838623046875, 964.2154541015625, 0.0770309641957283, 0.0, 0.0, 27.54340934753418, 6.680046285330628
2158, -860.9979248046875, 964.2632446289062, 0.07575772702693939, 0.0, 0.0, 27.692548751831055, 6.652341234440712
2159, -860.9139404296875, 964.310302734375, 0.07512110471725464, 0.0, 0.0, 27.84078598022461, 6.623753821288895
2160, -860.8325805664062, 964.3561401367188, 0.07448448985815048, 0.0, 0.0, 27.986270904541016, 6.594948400698644
2161, -860.753662109375, 964.4009399414062, 0.07321125268936157, 0.0, 0.0, 28.128482818603516, 6.566241322652981
2162, -860.6719970703125, 964.4475708007812, 0.07257463037967682, 0.0, 0.0, 28.276472091674805, 6.53589067219093
2163, -860.5927734375, 964.4931030273438, 0.07193800806999207, 0.0, 0.0, 28.420883178710938, 6.5058839488251525
2164, -860.5140380859375, 964.5385131835938, 0.07066477090120316, 0.0, 0.0, 28.564605712890625, 6.4756895943143755
2165, -860.433837890625, 964.5850830078125, 0.070028156042099, 0.0, 0.0, 28.711071014404297, 6.444589126462831
2166, -860.3533325195312, 964.6318359375, 0.06939153373241425, 0.0, 0.0, 28.857650756835938, 6.413162904618161
2167, -860.275146484375, 964.677734375, 0.06811829656362534, 0.0, 0.0, 28.99977684020996, 6.382408504662604
2168, -860.197265625, 964.7235717773438, 0.06748167425394058, 0.0, 0.0, 29.140853881835938, 6.3515854797593105
2169, -860.1190185546875, 964.7698974609375, 0.06684505939483643, 0.0, 0.0, 29.281818389892578, 6.320499698807717
2170, -860.044921875, 964.81396484375, 0.06557182222604752, 0.0, 0.0, 29.414642333984375, 6.290949269427327
2171, -859.969970703125, 964.858642578125, 0.062388718128204346, 0.0, 0.0, 29.54741096496582, 6.261059463173647
2172, -859.8944091796875, 964.9039916992188, 0.05920562148094177, 0.0, 0.0, 29.679025650024414, 6.230898782548756
2173, -859.8197631835938, 964.9487915039062, 0.05283942073583603, 0.0, 0.0, 29.80574607849121, 6.201096075349096
2174, -859.7449951171875, 964.993896484375, 0.04965632036328316, 0.0, 0.0, 29.92852783203125, 6.171204872914449
2175, -859.6683349609375, 965.0402221679688, 0.046473219990730286, 0.0, 0.0, 30.04966163635254, 6.14051280252835
2176, -859.5929565429688, 965.085693359375, 0.04010702297091484, 0.0, 0.0, 30.162981033325195, 6.11038092754222
2177, -859.5201416015625, 965.129638671875, 0.04010702297091484, 0.0, 0.0, 30.267560958862305, 6.081193284009682
2178, -859.4495849609375, 965.1723022460938, 0.030557723715901375, 0.0, 0.0, 30.363033294677734, 6.052936272810419
2179, -859.3766479492188, 965.2163696289062, 0.027374623343348503, 0.0, 0.0, 30.454801559448242, 6.02372950006969
2180, -859.3038330078125, 965.2603759765625, 0.02419152483344078, 0.0, 0.0, 30.539806365966797, 5.994552971451169
2181, -859.2324829101562, 965.3033447265625, 0.017825325950980186, 0.0, 0.0, 30.615907669067383, 5.965988476501767
2182, -859.1602172851562, 965.3469848632812, 0.01464222650974989, 0.0, 0.0, 30.68575668334961, 5.936860423633408
2183, -859.0906982421875, 965.3888549804688, 0.011459127999842167, 0.0, 0.0, 30.746070861816406, 5.90864963297666
2184, -859.0195922851562, 965.4317016601562, 0.005092930514365435, 0.0, 0.0, 30.80044174194336, 5.879672618353873
2185, -858.94921875, 965.4738159179688, 0.0019098316552117467, 0.0, 0.0, 30.84662437438965, 5.8509100181839475
2186, -858.8797607421875, 965.5154418945312, 0.0, 0.0, 0.0, 30.88543128967285, 5.822499813278912
2187, -858.8095703125, 965.557373046875, -0.0019098592456430197, 0.0, 0.0, 30.918149948120117, 5.793875913488245
2188, -858.7389526367188, 965.599609375, -0.005729577504098415, 0.0, 0.0, 30.944488525390625, 5.764885230064279
2189, -858.6688842773438, 965.641357421875, -0.007639436982572079, 0.0, 0.0, 30.964279174804688, 5.736053306906034
2190, -858.599853515625, 965.6825561523438, -0.009549296461045742, 0.0, 0.0, 30.97802734375, 5.707668806303974
2191, -858.530029296875, 965.7239379882812, -0.013369014486670494, 0.0, 0.0, 30.98600959777832, 5.679121530795331
2192, -858.4616088867188, 965.7645263671875, -0.015278873965144157, 0.0, 0.0, 30.988170623779297, 5.651161189851752
2193, -858.3953857421875, 965.8036499023438, -0.01718873344361782, 0.0, 0.0, 30.98528480529785, 5.624633719567485
2194, -858.3133544921875, 965.8519897460938, -0.021008450537919998, 0.0, 0.0, 30.974868774414062, 5.590573852668034
2195, -858.2192993164062, 965.9073486328125, -0.024828169494867325, 0.0, 0.0, 30.953998565673828, 5.541419618644498
2196, -858.1323852539062, 965.9581909179688, -0.02864788845181465, 0.0, 0.0, 30.925579071044922, 5.492608809327737
2197, -858.0433349609375, 966.0100708007812, -0.030557747930288315, 0.0, 0.0, 30.888343811035156, 5.444968238863113
2198, -857.9530029296875, 966.0625610351562, -0.03437746688723564, 0.0, 0.0, 30.841997146606445, 5.395144520509161
2199, -857.865478515625, 966.113037109375, -0.03819718211889267, 0.0, 0.0, 30.78856086730957, 5.348230774563566
2200, -857.7767944335938, 966.1638793945312, -0.0420168936252594, 0.0, 0.0, 30.725873947143555, 5.3011700786884255
2201, -857.6897583007812, 966.2135620117188, -0.04329013451933861, 0.0, 0.0, 30.656585693359375, 5.25564293968793
2202, -857.6030883789062, 966.2628784179688, -0.0420168936252594, 0.0, 0.0, 30.581655502319336, 5.211042127024509
2203, -857.5174560546875, 966.3114013671875, -0.0420168936252594, 0.0, 0.0, 30.50286102294922, 5.167380733684402
2204, -857.4319458007812, 966.3596801757812, -0.04074365645647049, 0.0, 0.0, 30.42080307006836, 5.123719700573893
2205, -857.3499145507812, 966.4059448242188, -0.03947041928768158, 0.0, 0.0, 30.339855194091797, 5.0839498641255645
2206, -857.2685546875, 966.4515380859375, -0.03819718211889267, 0.0, 0.0, 30.258737564086914, 5.045597106988501
2207, -857.1856079101562, 966.4981079101562, -0.03692394122481346, 0.07500000298023224, 0.0, 30.17568588256836, 5.006509324375567
2208, -857.1008911132812, 966.5455322265625, -0.03565070405602455, 0.10000000149011612, 0.0, 30.088272094726562, 4.984524270150763
2209, -857.0200805664062, 966.590576171875, -0.035014085471630096, 0.15000000596046448, 0.0, 30.009292602539062, 4.996124563665988
2210, -856.94091796875, 966.634765625, -0.03374084457755089, 0.17500001192092896, 0.0, 29.93368911743164, 4.998300106326036
2211, -856.8572387695312, 966.681396484375, -0.027374647557735443, 0.2250000238418579, 0.0, 29.857770919799805, 4.995789098062705
2212, -856.7731323242188, 966.728271484375, -0.0210084468126297, 0.27500003576278687, 0.0, 29.78784942626953, 4.992200277959902
2213, -856.6917114257812, 966.7738037109375, -0.014642249792814255, 0.3250000476837158, 0.0, 29.727962493896484, 4.990107499893967
2214, -856.6088256835938, 966.8201904296875, -0.011459150351583958, 0.3500000536441803, 0.0, 29.67513084411621, 4.990474983406316
2215, -856.525634765625, 966.8670043945312, -0.005092953331768513, 0.40000006556510925, 0.0, 29.63128089904785, 4.993875363233185
2216, -856.4425659179688, 966.9139404296875, 0.0, 0.4500000774860382, 0.0, 29.597293853759766, 5.001178890384856
2217, -856.3598022460938, 966.9607543945312, 0.0, 0.5000000596046448, 0.0, 29.57188606262207, 5.012258480792066
2218, -856.2734375, 967.0098266601562, 0.0, 0.550000011920929, 0.0, 29.552146911621094, 5.029020677965394
2219, -856.1906127929688, 967.0567626953125, 0.0, 0.574999988079071, 0.0, 29.53801155090332, 5.049840650357822
2220, -856.111083984375, 967.1019287109375, 0.0, 0.6249999403953552, 0.0, 29.527677536010742, 5.073615521485756
2221, -856.0316772460938, 967.1469116210938, 0.0, 0.6749998927116394, 0.0, 29.519620895385742, 5.101185767491006
2222, -855.947509765625, 967.1947631835938, 0.0, 0.6999998688697815, 0.0, 29.512142181396484, 5.131304589173715
2223, -855.8617553710938, 967.2433471679688, 0.0, 0.7499998211860657, 0.0, 29.505401611328125, 5.143020791027945
2224, -855.7799072265625, 967.289794921875, 0.0, 0.7999997735023499, 0.0, 29.500551223754883, 5.13549383797316
2225, -855.6961669921875, 967.3372192382812, 0.0, 0.849999725818634, 0.0, 29.493850708007812, 5.134092404513703
2226, -855.6156005859375, 967.3829345703125, 0.0, 0.8749997019767761, 0.0, 29.48987579345703, 5.136218253366658
2227, -855.5340576171875, 967.42919921875, 0.0, 0.9249996542930603, 0.0, 29.48651885986328, 5.150558933487055
2228, -855.4508666992188, 967.4763793945312, 0.0, 0.9749996066093445, 0.0, 29.48402214050293, 5.172684864658001
2229, -855.3684692382812, 967.5228881835938, 0.0, 1.0249996185302734, 0.0, 29.482646942138672, 5.205734402180202
2230, -855.2860107421875, 967.5695190429688, 0.0, 1.0, 0.0, 29.48196029663086, 5.25257019604743
2231, -855.2026977539062, 967.6166381835938, 0.0, 1.0, 0.0, 29.481843948364258, 5.311572550788496
2232, -855.116455078125, 967.6653442382812, 0.0, 1.0, 0.0, 29.481887817382812, 5.38023995459716
2233, -855.0289916992188, 967.7149047851562, 0.0, 1.0, 0.0, 29.48257827758789, 5.453413724908482
2234, -854.93896484375, 967.7658081054688, 0.0, 1.0, 0.0, 29.48349952697754, 5.533800575884663
2235, -854.846923828125, 967.81787109375, 0.0, 1.0, 0.0, 29.48499870300293, 5.619438670045453
2236, -854.7553100585938, 967.8695678710938, 0.0, 1.0, 0.0, 29.487171173095703, 5.711745935517009
2237, -854.6663208007812, 967.9199829101562, 0.0, 1.0, 0.0, 29.48933982849121, 5.807018386514956
2238, -854.5739135742188, 967.9722290039062, 0.0, 1.0, 0.0, 29.4910945892334, 5.905780191489162
2239, -854.4771728515625, 968.0269165039062, 0.0, 1.0, 0.0, 29.492860794067383, 5.999911859123077
2240, -854.3795776367188, 968.0820922851562, 0.0, 1.0, 0.0, 29.494964599609375, 6.086519681811185
2241, -854.28076171875, 968.1378784179688, 0.0, 1.0, 0.0, 29.497142791748047, 6.171340770183254
2242, -854.1784057617188, 968.1957397460938, 0.0, 1.0, 0.0, 29.499229431152344, 6.256301793491811
2243, -854.0770263671875, 968.2531127929688, 0.0, 1.0, 0.0, 29.50160026550293, 6.337341903006407
2244, -853.9758911132812, 968.310302734375, 0.0, 1.0, 0.0, 29.503942489624023, 6.419431697731224
2245, -853.8728637695312, 968.3684692382812, 0.0, 1.0, 0.0, 29.506240844726562, 6.503135207713073
2246, -853.7634887695312, 968.4302978515625, 0.0, 1.0, 0.0, 29.508365631103516, 6.588882059332771
2247, -853.6537475585938, 968.4923706054688, 0.0, 1.0, 0.0, 29.51067352294922, 6.669805485148271
2248, -853.5454711914062, 968.5537109375, 0.0, 1.0, 0.0, 29.51314926147461, 6.748523655938434
2249, -853.4328002929688, 968.6173706054688, 0.0, 1.0, 0.0, 29.515499114990234, 6.83077206129589
2250, -853.3373413085938, 968.6714477539062, 0.0, 1.0, 0.0, 29.51813316345215, 6.902550913272624
2251, -853.2400512695312, 968.7264404296875, 0.0019098592456430197, 1.0, 0.0, 29.520864486694336, 6.979252743277716
2252, -853.1403198242188, 968.782958984375, 0.005729577504098415, 1.0, 0.0, 29.525440216064453, 7.055308354641358
2253, -853.0403442382812, 968.8397216796875, 0.007639436982572079, 1.0, 0.0, 29.532533645629883, 7.128801453981412
2254, -852.9403686523438, 968.8966674804688, 0.01145915500819683, 1.0, 0.0, 29.543060302734375, 7.199890250714826
2255, -852.8402099609375, 968.9539794921875, 0.013369014486670494, 1.0, 0.0, 29.557374954223633, 7.269169770152681
2256, -852.7394409179688, 969.0115966796875, 0.01718873344361782, 1.0, 0.0, 29.576271057128906, 7.337105823981398
2257, -852.523681640625, 969.1356201171875, 0.015278873033821583, 1.0, 0.0, 29.62850570678711, 7.478026744641542
2258, -852.4192504882812, 969.1957397460938, 0.014005633071064949, 1.0, 0.0, 29.657283782958984, 7.544320613167319
2259, -852.3139038085938, 969.2565307617188, 0.013369012624025345, 1.0, 0.0, 29.687637329101562, 7.610170452385227
2260, -852.2037353515625, 969.320068359375, 0.012095772661268711, 1.0, 0.0, 29.720029830932617, 7.677862969558364
2261, -852.0942993164062, 969.3831787109375, 0.011459152214229107, 1.0, 0.0, 29.752517700195312, 7.744239033937598
2262, -851.9844970703125, 969.4465942382812, 0.010185912251472473, 1.0, 0.0, 29.784833908081055, 7.809905550015645
2263, -851.8719482421875, 969.5115966796875, 0.00891267228871584, 1.0, 0.0, 29.817188262939453, 7.87636377999542
2264, -851.7614135742188, 969.5755004882812, 0.008276051841676235, 1.0, 0.0, 29.848033905029297, 7.940866875655918
2265, -851.6483154296875, 969.6407470703125, 0.007002812810242176, 1.0, 0.0, 29.878265380859375, 8.006064802518784
2266, -851.533447265625, 969.7071533203125, 0.0063661932945251465, 1.0, 0.0, 29.90757942199707, 8.071644323450906
2267, -851.41552734375, 969.775390625, 0.0050929537974298, 1.0, 0.0, 29.935890197753906, 8.138245432716111
2268, -851.3016967773438, 969.8411254882812, 0.0044563342817127705, 1.0, 0.0, 29.96149444580078, 8.201877740749117
2269, -851.1817016601562, 969.9105224609375, 0.0031830943189561367, 1.0, 0.0, 29.986434936523438, 8.268344682469607
2270, -851.0651245117188, 969.9778442382812, 0.0025464745704084635, 1.0, 0.0, 30.008642196655273, 8.332259927076027
2271, -850.8214111328125, 970.1187133789062, 0.0, 1.0, 0.0, 30.046987533569336, 8.46409459094265
2272, -850.7066040039062, 970.1849975585938, 0.0, 1.0, 0.0, 30.06183624267578, 8.525366145834555
2273, -850.5892944335938, 970.252685546875, 0.0, 1.0, 0.0, 30.075298309326172, 8.587494559791626
2274, -850.4733276367188, 970.3197631835938, 0.0, 1.0, 0.0, 30.08716583251953, 8.648364249018393
2275, -850.35302734375, 970.3893432617188, 0.0, 1.0, 0.0, 30.098155975341797, 8.711051393849608
2276, -850.232666015625, 970.4588623046875, 0.0, 1.0, 0.0, 30.108041763305664, 8.773263507355399
2277, -850.109375, 970.5302124023438, 0.0, 1.0, 0.0, 30.117130279541016, 8.8365055289218
2278, -849.9797973632812, 970.6051635742188, 0.0, 1.0, 0.0, 30.12569236755371, 8.902397019385102
2279, -849.8553466796875, 970.6771850585938, 0.0, 1.0, 0.0, 30.133180618286133, 8.965193724627566
2280, -849.7374877929688, 970.7454223632812, 0.0, 1.0, 0.0, 30.13966941833496, 9.024214246661867
2281, -849.615234375, 970.8162231445312, 0.0, 1.0, 0.0, 30.145864486694336, 9.085027572045725
2282, -849.4874877929688, 970.8901977539062, 0.0, 1.0, 0.0, 30.151826858520508, 9.148116705112505
2283, -849.357421875, 970.9656982421875, 0.0, 1.0, 0.0, 30.157434463500977, 9.21180799625525
2284, -849.2337036132812, 971.0372924804688, 0.0, 1.0, 0.0, 30.162376403808594, 9.271957969617942
2285, -849.109130859375, 971.1096801757812, 0.0, 1.0, 0.0, 30.167055130004883, 9.332134497653618
2286, -848.9783935546875, 971.1854248046875, 0.0, 1.0, 0.0, 30.17165184020996, 9.39477465429207
2287, -848.8510131835938, 971.2594604492188, 0.0, 1.0, 0.0, 30.175880432128906, 9.455451385065697
2288, -848.7142944335938, 971.3387451171875, 0.0, 1.0, 0.0, 30.180192947387695, 9.52006717653199
2289, -848.5828857421875, 971.4149780273438, 0.0, 1.0, 0.0, 30.184080123901367, 9.581692045414288
2290, -848.450927734375, 971.4916381835938, 0.0, 1.0, 0.0, 30.187835693359375, 9.643191300191706
2291, -848.3133544921875, 971.5715942382812, 0.0019098592456430197, 1.0, 0.0, 30.192203521728516, 9.706849003347202
2292, -848.1784057617188, 971.6499633789062, 0.0038197184912860394, 1.0, 0.0, 30.197641372680664, 9.768809032221386
2293, -848.0489501953125, 971.725341796875, 0.007639436982572079, 1.0, 0.0, 30.205055236816406, 9.827859709590218
2294, -847.90966796875, 971.8067016601562, 0.009549296461045742, 1.0, 0.0, 30.216196060180664, 9.89092403698402
2295, -847.773193359375, 971.886474609375, 0.013369014486670494, 1.0, 0.0, 30.231128692626953, 9.952247596319575
2296, -847.6322631835938, 971.9691162109375, 0.015278873965144157, 1.0, 0.0, 30.251216888427734, 10.015171931371237
2297, -847.496337890625, 972.0488891601562, 0.019098592922091484, 1.0, 0.0, 30.275733947753906, 10.075369916347286
2298, -847.3515625, 972.1342163085938, 0.021008450537919998, 1.0, 0.0, 30.307893753051758, 10.13911792145191
2299, -847.2127075195312, 972.2163696289062, 0.024828169494867325, 1.0, 0.0, 30.344999313354492, 10.199810966341223
2300, -847.0751342773438, 972.2980346679688, 0.026738028973340988, 1.0, 0.0, 30.388029098510742, 10.259612392180095
2301, -846.7818603515625, 972.4730834960938, 0.03183098882436752, 1.0, 0.0, 30.50228500366211, 10.385785320052438
2302, -846.6319580078125, 972.5630493164062, 0.031194370239973068, 1.0, 0.0, 30.571210861206055, 10.449871847191318
2303, -846.4856567382812, 972.6510620117188, 0.02992113120853901, 1.0, 0.0, 30.643659591674805, 10.51216399970844
2304, -846.345458984375, 972.7356567382812, 0.02992113120853901, 1.0, 0.0, 30.717073440551758, 10.571638093155372
2305, -846.1993408203125, 972.8240966796875, 0.028011273592710495, 1.0, 0.0, 30.796751022338867, 10.633304004401758
2306, -846.0550537109375, 972.9116821289062, 0.02737465500831604, 1.0, 0.0, 30.877893447875977, 10.693852074915396
2307, -845.9102172851562, 972.999755859375, 0.02610141597688198, 1.0, 0.0, 30.961181640625, 10.754363146204478
2308, -845.763671875, 973.0889892578125, 0.025464797392487526, 1.0, 0.0, 31.046695709228516, 10.815219582045211
2309, -845.6174926757812, 973.1782836914062, 0.024191558361053467, 1.0, 0.0, 31.13271141052246, 10.87560844518697
2310, -845.4674682617188, 973.2700805664062, 0.023554939776659012, 1.0, 0.0, 31.221342086791992, 10.93724349080051
2311, -845.3180541992188, 973.3616333007812, 0.022281700745224953, 1.0, 0.0, 31.309425354003906, 10.998268970785388
2312, -845.1760864257812, 973.4489135742188, 0.021645082160830498, 1.0, 0.0, 31.39281463623047, 11.055963310165223
2313, -845.0252075195312, 973.5418701171875, 0.02037184312939644, 1.0, 0.0, 31.480592727661133, 11.116942688486652
2314, -844.8720092773438, 973.6364135742188, 0.019735224545001984, 1.0, 0.0, 31.568655014038086, 11.178489950478237
2315, -844.7088012695312, 973.7373046875, 0.018461985513567924, 1.0, 0.0, 31.660974502563477, 11.243733565710679
2316, -844.5559692382812, 973.83203125, 0.01782536692917347, 1.0, 0.0, 31.745866775512695, 11.304449610707609
2317, -844.4000854492188, 973.928955078125, 0.019098607823252678, 1.0, 0.0, 31.831506729125977, 11.366058150727909
2318, -844.2467651367188, 974.0244140625, 0.02100846730172634, 1.0, 0.0, 31.915481567382812, 11.426197214946033
2319, -844.095703125, 974.1189575195312, 0.024828186258673668, 1.0, 0.0, 31.99940299987793, 11.485036184984061
2320, -843.9448852539062, 974.213623046875, 0.026738043874502182, 1.0, 0.0, 32.08511734008789, 11.543445955655832
2321, -843.7844848632812, 974.3147583007812, 0.03055776283144951, 1.0, 0.0, 32.1795654296875, 11.605086326699515
2322, -843.6326904296875, 974.410888671875, 0.03246762230992317, 1.0, 0.0, 32.2725715637207, 11.663124133560215
2323, -843.480712890625, 974.5076293945312, 0.03374085947871208, 1.0, 0.0, 32.369483947753906, 11.721017828565529
2324, -843.320556640625, 974.6099243164062, 0.03310424089431763, 1.0, 0.0, 32.475093841552734, 11.781809978881677
2325, -843.16796875, 974.7078857421875, 0.03183100372552872, 1.0, 0.0, 32.57837677001953, 11.839639268668465
2326, -843.0135498046875, 974.8073120117188, 0.031194385141134262, 1.0, 0.0, 32.6848030090332, 11.897891828349707
2327, -842.8583374023438, 974.90771484375, 0.029921146109700203, 1.0, 0.0, 32.79328536987305, 11.95629631720215
2328, -842.6987915039062, 975.0111694335938, 0.029284527525305748, 1.0, 0.0, 32.905792236328125, 12.016058727103673
2329, -842.545654296875, 975.11083984375, 0.02801128849387169, 1.0, 0.0, 33.0142822265625, 12.073214681182046
2330, -842.3948364257812, 975.2094116210938, 0.027374669909477234, 1.0, 0.0, 33.1213493347168, 12.129311437449342
2331, -842.24169921875, 975.3097534179688, 0.026101430878043175, 1.0, 0.0, 33.22976303100586, 12.186033469439895
2332, -842.0715942382812, 975.421630859375, 0.02546481229364872, 1.0, 0.0, 33.349605560302734, 12.248756536934048
2333, -841.9132080078125, 975.526123046875, 0.026738053187727928, 1.0, 0.0, 33.461097717285156, 12.306843413455107
2334, -841.766845703125, 975.6231079101562, 0.02864791266620159, 1.0, 0.0, 33.56450271606445, 12.360163939334187
2335, -841.6199951171875, 975.7208251953125, 0.03246762976050377, 1.0, 0.0, 33.669925689697266, 12.413348730829986
2336, -841.4825439453125, 975.8126220703125, 0.03437748923897743, 1.0, 0.0, 33.77040100097656, 12.462846484617044
2337, -841.3427734375, 975.9063720703125, 0.0362873449921608, 1.0, 0.0, 33.874881744384766, 12.512940738459639
2338, -841.2015991210938, 976.0015258789062, 0.040107060223817825, 1.0, 0.0, 33.98356246948242, 12.563203018754388
2339, -841.0548095703125, 976.1010131835938, 0.04201691970229149, 1.0, 0.0, 34.100399017333984, 12.615258003548892
2340, -840.9093627929688, 976.199951171875, 0.041380297392606735, 1.0, 0.0, 34.21958541870117, 12.666780068964806
2341, -840.766357421875, 976.2977294921875, 0.040107060223817825, 1.0, 0.0, 34.339447021484375, 12.717398256944723
2342, -840.6227416992188, 976.3963012695312, 0.03947044163942337, 1.0, 0.0, 34.46217346191406, 12.768159438808517
2343, -840.4772338867188, 976.4966430664062, 0.038833823055028915, 1.0, 0.0, 34.58840560913086, 12.819450600160867
2344, -840.3360595703125, 976.5942993164062, 0.03756058216094971, 1.0, 0.0, 34.71226501464844, 12.869120917325082
2345, -840.18896484375, 976.6965942382812, 0.03692396357655525, 1.0, 0.0, 34.842552185058594, 12.920766161746945
2346, -840.049560546875, 976.7939453125, 0.0362873449921608, 1.0, 0.0, 34.966896057128906, 12.969600685830864
2347, -839.9035034179688, 976.896484375, 0.03565072640776634, 1.0, 0.0, 35.09785079956055, 13.020630663230792
2348, -839.759033203125, 976.9981689453125, 0.03437748923897743, 1.0, 0.0, 35.2276496887207, 13.070999828825341
2349, -839.6127319335938, 977.1015625, 0.03374087065458298, 1.0, 0.0, 35.35914611816406, 13.121850407088917
2350, -839.460693359375, 977.2094116210938, 0.03565072640776634, 1.0, 0.0, 35.496185302734375, 13.17435796302183
2351, -839.3081665039062, 977.3180541992188, 0.03947044163942337, 1.0, 0.0, 35.496185302734375, 13.226611505507087
2352, -839.1655883789062, 977.4202270507812, 0.041380297392606735, 1.0, 0.0, 35.767127990722656, 13.275271644675795
2353, -839.0122680664062, 977.5305786132812, 0.0432901568710804, 1.0, 0.0, 35.911495208740234, 13.327318515635758
2354, -838.8614501953125, 977.639892578125, 0.04456339403986931, 1.0, 0.0, 36.05632781982422, 13.378349264840988
2355, -838.7163696289062, 977.7454223632812, 0.043926775455474854, 1.0, 0.0, 36.1979866027832, 13.427404295288158
2356, -838.566650390625, 977.85498046875, 0.0432901568710804, 1.0, 0.0, 36.34626388549805, 13.477957301904732
2357, -838.4163818359375, 977.9653930664062, 0.04201691970229149, 1.0, 0.0, 36.49663162231445, 13.528642894774801
2358, -838.2671508789062, 978.0756225585938, 0.041380297392606735, 1.0, 0.0, 36.6473388671875, 13.578908520723443
2359, -838.1172485351562, 978.18701171875, 0.04074367880821228, 1.0, 0.0, 36.799835205078125, 13.62933711342942
2360, -837.9691772460938, 978.2974243164062, 0.040107060223817825, 1.0, 0.0, 36.95120620727539, 13.679036871633851
2361, -837.8134155273438, 978.4141845703125, 0.038833823055028915, 1.0, 0.0, 37.110923767089844, 13.73125296200917
2362, -837.6666259765625, 978.5248413085938, 0.03819720447063446, 1.0, 0.0, 37.26166915893555, 13.780353794109656
2363, -837.5162963867188, 978.6385498046875, 0.03756058216094971, 1.0, 0.0, 37.4160041809082, 13.830506791100149
2364, -837.363037109375, 978.7550659179688, 0.0362873449921608, 1.0, 0.0, 37.57308578491211, 13.881558922546937
2365, -837.2108154296875, 978.8713989257812, 0.03565072640776634, 1.0, 0.0, 37.72861862182617, 13.932138564477208
2366, -837.052001953125, 978.9931030273438, 0.03501410782337189, 1.0, 0.0, 37.890140533447266, 13.984733021382615
2367, -836.8994140625, 979.11083984375, 0.03374087065458298, 1.0, 0.0, 38.04468536376953, 14.035247093486634
2368, -836.7428588867188, 979.232177734375, 0.033104248344898224, 1.0, 0.0, 38.202117919921875, 14.086910175633607
2369, -836.59130859375, 979.3501586914062, 0.033104248344898224, 1.0, 0.0, 38.35354995727539, 14.136748346459614
2370, -836.4288330078125, 979.4772338867188, 0.03119439259171486, 1.0, 0.0, 38.514610290527344, 14.190169493663083
2371, -836.2764892578125, 979.596923828125, 0.030557772144675255, 0.9750000238418579, 0.0, 38.66413497924805, 14.240044307759451
2372, -836.1281127929688, 979.7140502929688, 0.030557772144675255, 0.9750000238418579, 0.0, 38.8084602355957, 14.288219015787583
2373, -835.9730834960938, 979.8368530273438, 0.02864791639149189, 0.9000000953674316, 0.0, 38.957611083984375, 14.33812054424946
2374, -835.8226928710938, 979.9567260742188, 0.028011295944452286, 0.8750001192092896, 0.0, 39.100624084472656, 14.385470646085288
2375, -835.6689453125, 980.07958984375, 0.028011295944452286, 0.8500001430511475, 0.0, 39.24516677856445, 14.43257397524164
2376, -835.5162963867188, 980.2022705078125, 0.02737467736005783, 0.8500001430511475, 0.0, 39.38697052001953, 14.477993729410864
2377, -835.3619995117188, 980.3267211914062, 0.02610143832862377, 0.8000001907348633, 0.0, 39.52838897705078, 14.522554254377184
2378, -835.0438842773438, 980.5851440429688, 0.024828201159834862, 0.7500002384185791, 0.0, 39.81367492675781, 14.608878068876793
2379, -834.8885498046875, 980.712158203125, 0.023554962128400803, 0.7000002861022949, 0.0, 39.94960021972656, 14.648004037171207
2380, -834.7299194335938, 980.8424682617188, 0.025464821606874466, 0.6750003099441528, 0.0, 40.086673736572266, 14.685420678250948
2381, -834.57177734375, 980.9729614257812, 0.029284540563821793, 0.6250003576278687, 0.0, 40.22256851196289, 14.71985340106704
2382, -834.2606201171875, 981.231689453125, 0.03310425579547882, 0.5750004053115845, 0.0, 40.49074935913086, 14.77886515578709
2383, -834.0921020507812, 981.373046875, 0.03692397102713585, 0.5250004529953003, 0.0, 40.63798522949219, 14.805702760355745
2384, -833.9370727539062, 981.5037841796875, 0.03883383050560951, 0.5000004768371582, 0.0, 40.77547073364258, 14.826903222114314
2385, -833.7752685546875, 981.6412963867188, 0.04074368625879288, 0.4750004708766937, 0.0, 40.921627044677734, 14.845564428637942
2386, -833.6167602539062, 981.7766723632812, 0.044563401490449905, 0.42500045895576477, 0.0, 41.06808853149414, 14.860082305518318
2387, -833.4586791992188, 981.9125366210938, 0.04392678290605545, 0.4000004529953003, 0.0, 41.21736526489258, 14.870964291404949
2388, -833.3030395507812, 982.0469970703125, 0.043290164321660995, 0.3750004470348358, 0.0, 41.36700439453125, 14.878112443614473
2389, -833.1516723632812, 982.178466796875, 0.04265354573726654, 0.35000044107437134, 0.0, 41.51474380493164, 14.881640740114785
2390, -832.9926147460938, 982.3175048828125, 0.04265354573726654, 0.35000044107437134, 0.0, 41.672035217285156, 14.881629505038529
2391, -832.8321533203125, 982.45849609375, 0.04074368625879288, 0.2750004231929779, 0.0, 41.832340240478516, 14.87723759927462
2392, -832.6759033203125, 982.5965576171875, 0.04010706767439842, 0.2500004172325134, 0.0, 41.98976135253906, 14.869039597161695
2393, -832.5218505859375, 982.7333984375, 0.03883383050560951, 0.20000040531158447, 0.0, 42.1458625793457, 14.857223196779112
2394, -832.2229614257812, 983.0010986328125, 0.037560589611530304, 0.15000039339065552, 0.0, 42.450523376464844, 14.823227557505103
2395, -832.068603515625, 983.140380859375, 0.036287352442741394, 0.10000038892030716, 0.0, 42.60837936401367, 14.800110112246298
2396, -831.912841796875, 983.2814331054688, 0.03565073385834694, 0.07500039041042328, 0.0, 42.767478942871094, 14.772792883693587
2397, -831.7634887695312, 983.4176635742188, 0.035014115273952484, 0.0500003919005394, 0.0, 42.920005798339844, 14.742857144090054
2398, -831.6139526367188, 983.5545654296875, 0.033740878105163574, 3.915280046840053e-07, 0.0, 43.07230758666992, 14.709301001439295
2399, -831.4635009765625, 983.693115234375, 0.03310425579547882, -0.02499960921704769, 0.0, 43.22507858276367, 14.67187187165675
2400, -831.1683959960938, 983.9666137695312, 0.032467637211084366, 0.0, 0.0, 43.52267837524414, 14.588972997427442
2401, -831.0209350585938, 984.104248046875, 0.030557781457901, 0.0, 0.0, 43.67013168334961, 14.543454757392425
2402, -830.8766479492188, 984.2395629882812, 0.029921161010861397, 0.0, 0.0, 43.813419342041016, 14.49658470620525
2403, -830.7257690429688, 984.381591796875, 0.029284542426466942, 0.0, 0.0, 43.96192169189453, 14.445418597627377
2404, -830.4248046875, 984.6671752929688, 0.027374684810638428, 0.0, 0.0, 44.25383758544922, 14.337407221695004
2405, -830.2781982421875, 984.8073120117188, 0.02610144577920437, 0.0, 0.0, 44.3936653137207, 14.282244353630231
2406, -830.1300048828125, 984.9495849609375, 0.025464827194809914, 0.0, 0.0, 44.533145904541016, 14.225018816170643
2407, -829.9862060546875, 985.0882568359375, 0.024191588163375854, 0.0, 0.0, 44.66655731201172, 14.168205576616804
2408, -829.8409423828125, 985.2290649414062, 0.024191588163375854, 0.0, 0.0, 44.79951858520508, 14.109575150639188
2409, -829.7015991210938, 985.3645629882812, 0.022918350994586945, 0.0, 0.0, 44.924983978271484, 14.052374361390758
2410, -829.5589599609375, 985.5040283203125, 0.02228173241019249, 0.0, 0.0, 45.05146789550781, 13.992823509240322
2411, -829.4166259765625, 985.643798828125, 0.021645111963152885, 0.0, 0.0, 45.17549514770508, 13.93250064936435
2412, -829.2738647460938, 985.7846069335938, 0.020371874794363976, 0.0, 0.0, 45.29750442504883, 13.871199031531695
2413, -829.1368408203125, 985.9202270507812, 0.01973525434732437, 0.0, 0.0, 45.41239547729492, 13.811627791204259
2414, -828.9926147460938, 986.0634765625, 0.019098635762929916, 0.0, 0.0, 45.530704498291016, 13.748276563565776
2415, -828.859130859375, 986.1967163085938, 0.017825396731495857, 0.0, 0.0, 45.63788604736328, 13.689048651949733
2416, -828.7261352539062, 986.3298950195312, 0.017188778147101402, 0.0, 0.0, 45.74223709106445, 13.629528889365345
2417, -828.593017578125, 986.4638061523438, 0.015915539115667343, 0.0, 0.0, 45.844215393066406, 13.569422077268944
2418, -828.4598388671875, 986.5982055664062, 0.01464229915291071, 0.0, 0.0, 45.943321228027344, 13.508918548933483
2419, -828.3298950195312, 986.729736328125, 0.01464229915291071, 0.0, 0.0, 46.03748321533203, 13.44945755616791
2420, -828.2023315429688, 986.8594360351562, 0.01400567963719368, 0.0, 0.0, 46.1274528503418, 13.390704754873965
2421, -827.9345092773438, 987.1329956054688, 0.012095819227397442, 0.0, 0.0, 46.30768966674805, 13.266319794415882
2422, -827.8059692382812, 987.2649536132812, 0.010822579264640808, 0.0, 0.0, 46.38984298706055, 13.20618057691468
2423, -827.5516967773438, 987.5271606445312, 0.0095493383705616, 0.0, 0.0, 46.543739318847656, 13.086450878619964
2424, -827.4165649414062, 987.6671142578125, 0.00572961987927556, 0.02500000037252903, 0.0, 46.61998748779297, 13.022981203617762
2425, -827.2894287109375, 987.7991333007812, 0.0025465209037065506, 0.05000000074505806, 0.0, 46.687313079833984, 12.96341479972135
2426, -827.1630249023438, 987.9306640625, 0.0, 0.07500000298023224, 0.0, 46.7493782043457, 12.904625740153897
2427, -827.0343627929688, 988.0647583007812, -0.0038197184912860394, 0.125, 0.0, 46.80672836303711, 12.84562303730561
2428, -826.9091186523438, 988.1954345703125, -0.005729577504098415, 0.15000000596046448, 0.0, 46.856605529785156, 12.789443092574448
2429, -826.7822265625, 988.328125, -0.007639436982572079, 0.17500001192092896, 0.0, 46.900917053222656, 12.733975259176805
2430, -826.658447265625, 988.4576416015625, -0.01145915500819683, 0.2250000238418579, 0.0, 46.9375, 12.681594307054253
2431, -826.5308227539062, 988.5911254882812, -0.013369014486670494, 0.2500000298023224, 0.0, 46.96797180175781, 12.62976629760282
2432, -826.4093017578125, 988.718505859375, -0.015278873965144157, 0.27500003576278687, 0.0, 46.990150451660156, 12.582597962855333
2433, -826.2904663085938, 988.8429565429688, -0.01718873344361782, 0.30000004172325134, 0.0, 47.00526428222656, 12.538691701707082
2434, -826.1715698242188, 988.967529296875, -0.021008450537919998, 0.3500000536441803, 0.0, 47.0133056640625, 12.497095271118573
2435, -826.050537109375, 989.0942993164062, -0.020371831953525543, 0.3750000596046448, 0.0, 47.01454544067383, 12.4574776942661
2436, -825.9315185546875, 989.2189331054688, -0.019735213369131088, 0.42500007152557373, 0.0, 47.009681701660156, 12.42141629434192
2437, -825.8119506835938, 989.3443603515625, -0.01846197433769703, 0.4500000774860382, 0.0, 46.99944305419922, 12.38827430532261
2438, -825.6917724609375, 989.4702758789062, -0.017825355753302574, 0.4750000834465027, 0.0, 46.98439407348633, 12.35821120812102
2439, -825.5717163085938, 989.5962524414062, -0.01718873716890812, 0.5000000596046448, 0.0, 46.96514129638672, 12.331378191703728
2440, -825.4476928710938, 989.726318359375, -0.01591549813747406, 0.550000011920929, 0.0, 46.941524505615234, 12.307105545801507
2441, -825.2117919921875, 989.97412109375, -0.014005637727677822, 0.6249999403953552, 0.0, 46.88835906982422, 12.271480500042765
2442, -825.0895385742188, 990.1025390625, -0.013369017280638218, 0.6499999165534973, 0.0, 46.85762405395508, 12.258706590171714
2443, -824.9692993164062, 990.2288818359375, -0.012732397764921188, 0.6749998927116394, 0.0, 46.8258171081543, 12.249979073015535
2444, -824.8487548828125, 990.3555297851562, -0.01145915687084198, 0.7249998450279236, 0.0, 46.792877197265625, 12.245023551677017
2445, -824.7328491210938, 990.477294921875, -0.01082253735512495, 0.7499998211860657, 0.0, 46.76057052612305, 12.244053286598476
2446, -824.615478515625, 990.600830078125, -0.010185916908085346, 0.7749997973442078, 0.0, 46.727420806884766, 12.246659826739329
2447, -824.4955444335938, 990.7268676757812, -0.008912676945328712, 0.8249997496604919, 0.0, 46.693634033203125, 12.252910881578192
2448, -824.3756103515625, 990.85302734375, -0.008276056498289108, 0.849999725818634, 0.0, 46.660118103027344, 12.262902431580999
2449, -824.2593383789062, 990.9752807617188, -0.007639436982572079, 0.8749997019767761, 0.0, 46.62807083129883, 12.275995824682383
2450, -824.1445922851562, 991.0960083007812, -0.0063661979511380196, 0.9249996542930603, 0.0, 46.59724807739258, 12.292080689941576
2451, -824.0274047851562, 991.2192993164062, -0.005729577969759703, 0.9499996304512024, 0.0, 46.56670379638672, 12.311828146804134
2452, -823.9093017578125, 991.3434448242188, -0.005092958454042673, 0.9749996066093445, 0.0, 46.53703308105469, 12.334984337859668
2453, -823.7894897460938, 991.4693603515625, -0.0038197189569473267, 1.0249996185302734, 0.0, 46.508384704589844, 12.36163226034944
2454, -823.6734008789062, 991.5913696289062, -0.0031830992083996534, 1.0, 0.0, 46.48206329345703, 12.39031928058227
2455, -823.5489501953125, 991.7221069335938, -0.0025464792270213366, 1.0, 0.0, 46.45557403564453, 12.423650192943159
2456, -823.4261474609375, 991.8512573242188, -0.00127323972992599, 1.0, 0.0, 46.43133544921875, 12.45886600963365
2457, -823.3065185546875, 991.9769287109375, 0.0, 1.0, 0.0, 46.40978240966797, 12.495018006507571
2458, -823.0640258789062, 992.23193359375, 0.0, 1.0, 0.0, 46.37186813354492, 12.572972916147352
2459, -822.9423217773438, 992.3599853515625, 0.0, 1.0, 0.0, 46.35543441772461, 12.614012316966951
2460, -822.821533203125, 992.4868774414062, 0.0, 1.0, 0.0, 46.340633392333984, 12.655733467610135
2461, -822.6934814453125, 992.6213989257812, 0.0, 1.0, 0.0, 46.32646942138672, 12.70093124227034
2462, -822.5647583007812, 992.756591796875, 0.0, 1.0, 0.0, 46.31363296508789, 12.747175952138731
2463, -822.4397583007812, 992.8878784179688, 0.0, 1.0, 0.0, 46.3023567199707, 12.792769056225426
2464, -822.313720703125, 993.0201416015625, 0.0, 1.0, 0.0, 46.29212188720703, 12.83930559330314
2465, -822.1858520507812, 993.1541748046875, 0.0, 1.0, 0.0, 46.282779693603516, 12.886998842518635
2466, -822.0630493164062, 993.282958984375, 0.0, 1.0, 0.0, 46.274696350097656, 12.933162278342927
2467, -821.935791015625, 993.4163818359375, 0.0, 1.0, 0.0, 46.26719284057617, 12.981357454634724
2468, -821.8084106445312, 993.5499267578125, 0.0, 1.0, 0.0, 46.26044845581055, 13.029856041799814
2469, -821.6820678710938, 993.6821899414062, 0.0, 1.0, 0.0, 46.254478454589844, 13.078167081483787
2470, -821.556884765625, 993.8134155273438, 0.0, 1.0, 0.0, 46.24918746948242, 13.12625515646326
2471, -821.4309692382812, 993.9451293945312, 0.0, 1.0, 0.0, 46.24443435668945, 13.174682637792822
2472, -821.3036499023438, 994.0785522460938, 0.0, 1.0, 0.0, 46.240230560302734, 13.223816419272197
2473, -821.1744384765625, 994.2137451171875, 0.0, 0.9500000476837158, 0.0, 46.2364501953125, 13.27355821213461
2474, -821.0501098632812, 994.3436279296875, 0.0, 0.9250000715255737, 0.0, 46.2332763671875, 13.320850071666598
2475, -820.923828125, 994.475830078125, 0.0, 0.9000000953674316, 0.0, 46.23046875, 13.3682029157582
2476, -820.7930908203125, 994.612548828125, 0.0, 0.8500001430511475, 0.0, 46.22794723510742, 13.416071102281196
2477, -820.66552734375, 994.7459106445312, 0.0, 0.8250001668930054, 0.0, 46.22584533691406, 13.461345283831891
2478, -820.5401611328125, 994.876953125, 0.0, 0.8000001907348633, 0.0, 46.22411346435547, 13.504304489106042
2479, -820.4090576171875, 995.0138549804688, 0.0, 0.7500002384185791, 0.0, 46.22258758544922, 13.547388357169044
2480, -820.2743530273438, 995.1546020507812, 0.0, 0.725000262260437, 0.0, 46.221309661865234, 13.589376484341683
2481, -820.1459350585938, 995.2887573242188, 0.0, 0.7000002861022949, 0.0, 46.220340728759766, 13.627152159742238
2482, -820.015625, 995.4249877929688, 0.0, 0.6500003337860107, 0.0, 46.21954345703125, 13.663115270748726
2483, -819.8873901367188, 995.5587768554688, 0.0, 0.6250003576278687, 0.0, 46.21896743774414, 13.6958296065556
2484, -819.755615234375, 995.696533203125, 0.0, 0.6000003814697266, 0.0, 46.21854782104492, 13.726718270056072
2485, -819.6255493164062, 995.8323974609375, 0.0, 0.5500004291534424, 0.0, 46.21826934814453, 13.754305405708827
2486, -819.495849609375, 995.9677734375, 0.0, 0.5250004529953003, 0.0, 46.218109130859375, 13.778706101761703
2487, -819.3629760742188, 996.1066284179688, 0.0, 0.5000004768371582, 0.0, 46.21805953979492, 13.80050744230819
2488, -819.2322998046875, 996.242919921875, 0.0, 0.45000046491622925, 0.0, 46.21809387207031, 13.81863404109995
2489, -819.0950317382812, 996.38623046875, 0.0, 0.42500045895576477, 0.0, 46.21818923950195, 13.833968107393629
2490, -818.9575805664062, 996.5298461914062, 0.0, 0.4000004529953003, 0.0, 46.21833038330078, 13.845488850903113
2491, -818.822265625, 996.6710815429688, 0.0, 0.35000044107437134, 0.0, 46.218502044677734, 13.852997366096483
2492, -818.6853637695312, 996.8139038085938, 0.0, 0.32500043511390686, 0.0, 46.21870040893555, 13.856517602639245
2493, -818.5506591796875, 996.9544067382812, 0.0, 0.3000004291534424, 0.0, 46.2188835144043, 13.85601125925422
2494, -818.4169311523438, 997.0940551757812, 0.0, 0.2750004231929779, 0.0, 46.219032287597656, 13.851691264046028
2495, -818.2838745117188, 997.2329711914062, 0.0, 0.22500041127204895, 0.0, 46.21919250488281, 13.843671569041144
2496, -818.1482543945312, 997.37451171875, 0.0, 0.17500039935112, 0.0, 46.219276428222656, 13.831490619799627
2497, -818.0139770507812, 997.5145874023438, 0.0, 0.15000039339065552, 0.0, 46.219303131103516, 13.815336617056047
2498, -817.882080078125, 997.6521606445312, 0.0, 0.12500038743019104, 0.0, 46.21928024291992, 13.795688412006943
2499, -817.7506103515625, 997.7894287109375, 0.0, 0.10000038892030716, 0.0, 46.21917724609375, 13.772518203800573
2500, -817.6156616210938, 997.9302978515625, 0.0, 0.0500003919005394, 0.0, 46.218971252441406, 13.745083916065003
2501, -817.4807739257812, 998.071044921875, 0.0, 0.02500039152801037, 0.0, 46.21870040893555, 13.713813878983848
2502, -817.3507080078125, 998.206787109375, 0.0, 3.915280046840053e-07, 0.0, 46.218326568603516, 13.680121151871294
2503, -817.2207641601562, 998.3423461914062, 0.0, 0.0, 0.0, 46.217857360839844, 13.642999947246203
2504, -817.088134765625, 998.4807739257812, 0.0, 0.0, 0.0, 46.21726989746094, 13.602146646774692
2505, -816.9570922851562, 998.6173706054688, 0.0, 0.0, 0.0, 46.216583251953125, 13.559213119250892
2506, -816.822021484375, 998.7584228515625, 0.0, 0.0, 0.0, 46.21575927734375, 13.51255544280248
2507, -816.6871948242188, 998.899169921875, 0.0, 0.0, 0.0, 46.21480178833008, 13.463807957278991
2508, -816.5625610351562, 999.0291748046875, 0.0, 0.0, 0.0, 46.213836669921875, 13.417098154330246
2509, -816.4351196289062, 999.1622314453125, 0.0, 0.0, 0.0, 46.212711334228516, 13.367845166729598
2510, -816.3079223632812, 999.294921875, 0.0, 0.0, 0.0, 46.211483001708984, 13.317348817996445
2511, -816.1804809570312, 999.4278564453125, 0.0, 0.0, 0.0, 46.2101936340332, 13.265520717063021
2512, -816.0557861328125, 999.5579223632812, 0.0, 0.0, 0.0, 46.20881652832031, 13.213791567664563
2513, -815.9230346679688, 999.696533203125, 0.0, 0.0, 0.0, 46.207244873046875, 13.157652600003743
2514, -815.7972412109375, 999.8278198242188, 0.0, 0.0, 0.0, 46.2056884765625, 13.10364361053849
2515, -815.6686401367188, 999.9620361328125, 0.0, 0.0, 0.0, 46.203983306884766, 13.047620814062899
2516, -815.5446166992188, 1000.0913696289062, 0.0, 0.0, 0.0, 46.20226287841797, 12.992935399685557
2517, -815.4164428710938, 1000.2249755859375, -0.0019098592456430197, 0.0, 0.0, 46.19995880126953, 12.935839644772827
2518, -815.2882690429688, 1000.3588256835938, -0.005729577504098415, 0.0, 0.0, 46.19613265991211, 12.878102962551504
2519, -815.1612548828125, 1000.490966796875, -0.007639436982572079, 0.0, 0.0, 46.1901969909668, 12.820475985510015
2520, -815.0317993164062, 1000.625732421875, -0.009549296461045742, 0.0, 0.0, 46.181495666503906, 12.761258101338935
2521, -814.9057006835938, 1000.7567749023438, -0.013369014486670494, 0.0, 0.0, 46.169639587402344, 12.70322763737299
2522, -814.78466796875, 1000.8823852539062, -0.015278873965144157, 0.0, 0.0, 46.1546745300293, 12.647185644846873
2523, -814.6644287109375, 1001.0069580078125, -0.01718873344361782, 0.0, 0.0, 46.13602828979492, 12.591284353788437
2524, -814.5411376953125, 1001.1344604492188, -0.021008450537919998, 0.02500000037252903, 0.0, 46.11220932006836, 12.534185288071555
2525, -814.4185180664062, 1001.2610473632812, -0.02291831001639366, 0.05000000074505806, 0.0, 46.08350372314453, 12.47751070765062
2526, -814.3014526367188, 1001.3817138671875, -0.022281691431999207, 0.07500000298023224, 0.0, 46.051795959472656, 12.423881202920183
2527, -814.173583984375, 1001.5131225585938, -0.021008452400565147, 0.125, 0.0, 46.01296615600586, 12.366201275311436
2528, -813.9356079101562, 1001.7575073242188, -0.021008452400565147, 0.125, 0.0, 45.93080139160156, 12.262427452227488
2529, -813.8150634765625, 1001.8809204101562, -0.019098596647381783, 0.20000001788139343, 0.0, 45.8852424621582, 12.212131599371705
2530, -813.5695190429688, 1002.1318359375, -0.01846197620034218, 0.2250000238418579, 0.0, 45.78633117675781, 12.115671256500102
2531, -813.4493408203125, 1002.2543334960938, -0.016552118584513664, 0.30000004172325134, 0.0, 45.73576354980469, 12.071725084650623
2532, -813.3317260742188, 1002.3743286132812, -0.01591550000011921, 0.3500000536441803, 0.0, 45.68537521362305, 12.03122693646442
2533, -813.2151489257812, 1002.4930419921875, -0.014642260037362576, 0.3750000596046448, 0.0, 45.635032653808594, 11.993960104568812
2534, -813.095458984375, 1002.6146850585938, -0.014005639590322971, 0.40000006556510925, 0.0, 45.5832405090332, 11.95870175866108
2535, -812.8619384765625, 1002.8516235351562, -0.012095779180526733, 0.4750000834465027, 0.0, 45.48272705078125, 11.898815059688618
2536, -812.7439575195312, 1002.9685668945312, -0.011459159664809704, 0.5000000596046448, 0.0, 45.41184616088867, 11.881768854133101
2537, -812.6275024414062, 1003.0860595703125, -0.0108225392177701, 0.5250000357627869, 0.0, 45.355953216552734, 11.856739305888148
2538, -812.5128784179688, 1003.2013549804688, -0.010185918770730495, 0.550000011920929, 0.0, 45.30254364013672, 11.835515011034499
2539, -812.3953247070312, 1003.3197631835938, -0.008912678807973862, 0.5999999642372131, 0.0, 45.249542236328125, 11.817520038034482
2540, -812.2789916992188, 1003.4366455078125, -0.008276058360934258, 0.6249999403953552, 0.0, 45.199161529541016, 11.803754675547209
2541, -812.1577758789062, 1003.558349609375, -0.007639438845217228, 0.6499999165534973, 0.0, 45.148826599121094, 11.793587080757758
2542, -812.0465698242188, 1003.6700439453125, -0.006366199813783169, 0.6999998688697815, 0.0, 45.10471725463867, 11.787989318048973
2543, -811.929931640625, 1003.7872314453125, -0.005729580298066139, 0.7249998450279236, 0.0, 45.060707092285156, 11.78606108331319
2544, -811.8106689453125, 1003.9068603515625, -0.005092960316687822, 0.7499998211860657, 0.0, 45.01815414428711, 11.788049495658187
2545, -811.575927734375, 1004.142333984375, -0.0031831010710448027, 0.8249997496604919, 0.0, 44.94190979003906, 11.803353610705258
2546, -811.4615478515625, 1004.2570190429688, -0.002546481089666486, 0.849999725818634, 0.0, 44.90842819213867, 11.816104510205307
2547, -811.34521484375, 1004.3735961914062, -0.0012732415925711393, 0.8999996781349182, 0.0, 44.87697982788086, 11.83231414020462
2548, -811.2230224609375, 1004.49609375, 0.0, 0.9249996542930603, 0.0, 44.8469352722168, 11.85292908960942
2549, -811.0980834960938, 1004.62109375, 0.0, 0.9749996066093445, 0.0, 44.819244384765625, 11.877665751852712
2550, -810.9817504882812, 1004.7376098632812, 0.0, 0.9999995827674866, 0.0, 44.795860290527344, 11.904198431207423
2551, -810.8574829101562, 1004.8609008789062, 0.0019098592456430197, 1.0, 0.0, 44.7906608581543, 11.939790223457496
2552, -810.7305297851562, 1004.9874877929688, 0.0038197184912860394, 1.0, 0.0, 44.77192306518555, 11.973576764760942
2553, -810.605224609375, 1005.1123046875, 0.005729577504098415, 1.0, 0.0, 44.756778717041016, 12.00828303316058
2554, -810.4818725585938, 1005.2352294921875, 0.009549296461045742, 1.0, 0.0, 44.74535369873047, 12.044468659842273
2555, -810.3577270507812, 1005.359130859375, 0.01145915500819683, 1.0, 0.0, 44.73772048950195, 12.083997187357555
2556, -810.2312622070312, 1005.4854736328125, 0.013369014486670494, 1.0, 0.0, 44.73442077636719, 12.126373808358833
2557, -810.1107788085938, 1005.6058349609375, 0.01209577452391386, 1.0, 0.0, 44.734981536865234, 12.168112564040545
2558, -809.9899291992188, 1005.7265625, 0.011459154076874256, 1.0, 0.0, 44.7387580871582, 12.21121579559727
2559, -809.8621826171875, 1005.8543701171875, 0.010822534561157227, 1.0, 0.0, 44.745887756347656, 12.257903922735276
2560, -809.7442016601562, 1005.9724731445312, 0.009549293667078018, 0.9750000238418579, 0.0, 44.754695892333984, 12.301555256054616
2561, -809.619140625, 1006.0975341796875, 0.008912674151360989, 0.9500000476837158, 0.0, 44.766029357910156, 12.348207413226367
2562, -809.4991455078125, 1006.2177734375, 0.008276053704321384, 0.9250000715255737, 0.0, 44.77846908569336, 12.392903843919031
2563, -809.3765258789062, 1006.3404541015625, 0.007002814672887325, 0.8750001192092896, 0.0, 44.7923698425293, 12.438118201845263
2564, -809.2528686523438, 1006.4641723632812, 0.006366195157170296, 0.8500001430511475, 0.0, 44.80727005004883, 12.482808834363047
2565, -809.1239624023438, 1006.5932006835938, 0.005729575175791979, 0.8250001668930054, 0.0, 44.82350158691406, 12.528215804209884
2566, -808.9959106445312, 1006.7212524414062, 0.00445633614435792, 0.7750002145767212, 0.0, 44.839866638183594, 12.57175206559963
2567, -808.8711547851562, 1006.8458862304688, 0.003819716162979603, 0.7500002384185791, 0.0, 44.855838775634766, 12.612329813980573
2568, -808.7506713867188, 1006.9663696289062, 0.0031830964144319296, 0.725000262260437, 0.0, 44.87300109863281, 12.638924389226155
2569, -808.6278076171875, 1007.0892944335938, 0.0019098566845059395, 0.6750003099441528, 0.0, 44.8917350769043, 12.657344153773467
2570, -808.501953125, 1007.2153930664062, 0.0, 0.6500003337860107, 0.0, 44.91094970703125, 12.6696336386121
2571, -808.369384765625, 1007.3482666015625, 0.0, 0.6250003576278687, 0.0, 44.930355072021484, 12.677869284841108
2572, -808.2450561523438, 1007.4729614257812, 0.0, 0.5750004053115845, 0.0, 44.94735336303711, 12.682708465381463
2573, -808.116943359375, 1007.6016845703125, 0.0, 0.5500004291534424, 0.0, 44.9632682800293, 12.685709164256792
2574, -807.9923095703125, 1007.7271728515625, 0.0, 0.5250004529953003, 0.0, 44.97703170776367, 12.687243414271562
2575, -807.8692016601562, 1007.8513793945312, 0.0, 0.4750004708766937, 0.0, 44.988853454589844, 12.687669347011935
2576, -807.7413940429688, 1007.98046875, 0.0, 0.45000046491622925, 0.0, 44.999122619628906, 12.686970846442893
2577, -807.615478515625, 1008.1078491210938, 0.0, 0.42500045895576477, 0.0, 45.00291061401367, 12.717957743601612
2578, -807.4907836914062, 1008.2341918945312, 0.0, 0.3750004470348358, 0.0, 45.005977630615234, 12.74520942628672
2579, -807.3682861328125, 1008.3582763671875, 0.0, 0.35000044107437134, 0.0, 45.009281158447266, 12.766967890838874
2580, -807.2426147460938, 1008.4854736328125, 0.0, 0.32500043511390686, 0.0, 45.012691497802734, 12.784499022744333
2581, -807.118408203125, 1008.6110229492188, 0.0, 0.2750004231929779, 0.0, 45.015872955322266, 12.796749124853767
2582, -806.9959716796875, 1008.7346801757812, 0.0, 0.2500004172325134, 0.0, 45.018707275390625, 12.803703130817704
2583, -806.871337890625, 1008.8605346679688, 0.0, 0.22500041127204895, 0.0, 45.02106475830078, 12.805453304383468
2584, -806.7429809570312, 1008.989990234375, 0.0, 0.17500039935112, 0.0, 45.02226638793945, 12.801898487178073
2585, -806.615234375, 1009.1189575195312, 0.0, 0.15000039339065552, 0.0, 45.022212982177734, 12.795567069643248
2586, -806.4888916015625, 1009.2463989257812, 0.0, 0.12500038743019104, 0.0, 45.02107238769531, 12.788038059373182
2587, -806.3652954101562, 1009.3711547851562, 0.0038197184912860394, 0.07500039041042328, 0.0, 45.02000045776367, 12.779954306673183
2588, -806.2318725585938, 1009.505859375, 0.005729577504098415, 0.0500003919005394, 0.0, 45.01983642578125, 12.770561914005842
2589, -806.1046752929688, 1009.6344604492188, 0.007639436982572079, 0.02500039152801037, 0.0, 45.02424621582031, 12.740008787924381
2590, -805.9757080078125, 1009.764892578125, 0.01145915500819683, -0.02499960921704769, 0.0, 45.03193664550781, 12.704038001992798
2591, -805.8460083007812, 1009.896240234375, 0.013369014486670494, 0.0, 0.0, 45.0433235168457, 12.664589631408807
2592, -805.71875, 1010.025390625, 0.01718873344361782, 0.0, 0.0, 45.05888748168945, 12.622991217314219
2593, -805.593017578125, 1010.1530151367188, 0.016552112996578217, 0.0, 0.0, 45.0782470703125, 12.579524433116735
2594, -805.46875, 1010.2793579101562, 0.015915492549538612, 0.0, 0.0, 45.10079574584961, 12.534502420459786
2595, -805.3477172851562, 1010.4024047851562, 0.015278873033821583, 0.0, 0.0, 45.1254997253418, 12.48897676439778
2596, -805.2302856445312, 1010.5217895507812, 0.014005633071064949, 0.0, 0.0, 45.15155029296875, 12.44342513955179
2597, -805.1055908203125, 1010.6487426757812, 0.014005633071064949, 0.0, 0.0, 45.181217193603516, 12.393724627664708
2598, -804.9819946289062, 1010.7745971679688, 0.012095772661268711, 0.0, 0.0, 45.21200180053711, 12.34327089570653
2599, -804.856689453125, 1010.9021606445312, 0.012095772661268711, 0.0, 0.0, 45.24433517456055, 12.291049779802599
2600, -804.7352905273438, 1011.0259399414062, 0.011459152214229107, 0.0, 0.0, 45.27652359008789, 12.239551847466833
2601, -804.6139526367188, 1011.1495971679688, 0.010185912251472473, 0.0, 0.0, 45.30908966064453, 12.187307955902824
2602, -804.4938354492188, 1011.2695922851562, 0.009549291804432869, 0.0, 0.0, 45.32081985473633, 12.14146964852466
2603, -804.3748168945312, 1011.3905029296875, 0.008276051841676235, 0.0, 0.0, 45.34528350830078, 12.090770637574833
2604, -804.2566528320312, 1011.5106811523438, 0.007639432325959206, 0.0, 0.0, 45.36994552612305, 12.036858459871958
2605, -804.14013671875, 1011.6289672851562, 0.007002812810242176, 0.0, 0.0, 45.394264221191406, 11.983199079680322
2606, -804.021240234375, 1011.7498779296875, 0.0063661932945251465, 0.0, 0.0, 45.4189567565918, 11.928100054875626
2607, -803.90185546875, 1011.8712768554688, 0.0050929537974298, 0.0, 0.0, 45.44328308105469, 11.872584988681261
2608, -803.7860717773438, 1011.9891967773438, 0.0044563342817127705, 0.0, 0.0, 45.46623611450195, 11.818614879549
2609, -803.6702880859375, 1012.10693359375, 0.0038197143003344536, 0.0, 0.0, 45.488365173339844, 11.764585471250218
2610, -803.5457763671875, 1012.2335815429688, 0.0025464745704084635, 0.0, 0.0, 45.51091384887695, 11.706401261187278
2611, -803.4291381835938, 1012.3524169921875, 0.0019098548218607903, 0.0, 0.0, 45.5307731628418, 11.651795149634234
2612, -803.3197631835938, 1012.4640502929688, 0.0, 0.0, 0.0, 45.5479850769043, 11.60049801261725
2613, -803.2075805664062, 1012.5783081054688, 0.0, 0.0, 0.0, 45.56409454345703, 11.547893677771235
2614, -803.091064453125, 1012.697265625, 0.0, 0.0, 0.0, 45.57929229736328, 11.49312639469489
2615, -802.9772338867188, 1012.8134765625, 0.0, 0.0, 0.0, 45.59272766113281, 11.43953422559084
2616, -802.74755859375, 1013.048095703125, 0.0, 0.0, 0.0, 45.615966796875, 11.331200317309507
2617, -802.6326293945312, 1013.1657104492188, 0.0, 0.0, 0.0, 45.6258430480957, 11.276829949524496
2618, -802.521484375, 1013.2776489257812, 0.0, 0.0, 0.0, 45.65789031982422, 11.230371380872793
2619, -802.4141235351562, 1013.3870239257812, 0.0, 0.0, 0.0, 45.66609573364258, 11.18454486215374
2620, -802.3070678710938, 1013.49609375, 0.0, 0.0, 0.0, 45.67375183105469, 11.137877837726563
2621, -802.1990356445312, 1013.6060791015625, 0.0, 0.0, 0.0, 45.68039321899414, 11.09406918578124
2622, -802.0863647460938, 1013.7210693359375, 0.0, 0.0, 0.0, 45.6845588684082, 11.062727000797544
2623, -801.97607421875, 1013.833740234375, 0.0, 0.0, 0.0, 45.68648147583008, 11.041504117305314
2624, -801.8699340820312, 1013.9422607421875, 0.0, 0.0, 0.0, 45.68684768676758, 11.027393829843234
2625, -801.7603149414062, 1014.0545654296875, 0.0, 0.0, 0.0, 45.6859016418457, 11.016871024954067
2626, -801.6524047851562, 1014.1654663085938, 0.0, 0.0, 0.0, 45.68379211425781, 11.009227217399024
2627, -801.541259765625, 1014.2797241210938, 0.0, 0.0, 0.0, 45.68038558959961, 11.003180899075623
2628, -801.4367065429688, 1014.3875732421875, 0.0, 0.0, 0.0, 45.67615509033203, 10.99866052090861
2629, -801.3324584960938, 1014.4952392578125, 0.0, 0.0, 0.0, 45.67091751098633, 10.994942409477563
2630, -801.2254028320312, 1014.6060180664062, 0.0, 0.0, 0.0, 45.66453170776367, 10.991767102136487
2631, -801.1151123046875, 1014.7202758789062, 0.0, 0.0, 0.0, 45.656742095947266, 10.989042135059117
2632, -801.01123046875, 1014.8280029296875, 0.0, 0.0, 0.0, 45.66342544555664, 10.898521422011468
2633, -800.9072265625, 1014.9359130859375, 0.0, 0.0, 0.0, 45.67329406738281, 10.831364167010708
2634, -800.802001953125, 1015.0450439453125, 0.0, 0.0, 0.0, 45.68301773071289, 10.77619442140423
2635, -800.698486328125, 1015.1524047851562, 0.0, 0.0, 0.0, 45.689701080322266, 10.724677438066333
2636, -800.5946044921875, 1015.2601928710938, 0.0, 0.0, 0.0, 45.6921272277832, 10.668257514329628
2637, -800.4907836914062, 1015.3677978515625, 0.0, 0.0, 0.0, 45.69013977050781, 10.604074910011013
2638, -800.3895263671875, 1015.4725341796875, 0.0, 0.0, 0.0, 45.6849250793457, 10.533920116419573
2639, -800.29052734375, 1015.5751342773438, 0.0, 0.0, 0.0, 45.67674255371094, 10.470314669212376
2640, -800.1871948242188, 1015.6822509765625, 0.0, 0.0, 0.0, 45.66204833984375, 10.434482725881827
2641, -800.0874633789062, 1015.7854614257812, 0.0, 0.0, 0.0, 45.64579772949219, 10.419542659408599
2642, -799.9880981445312, 1015.8883666992188, 0.0, 0.0, 0.0, 45.62931823730469, 10.413591639915019
2643, -799.7863159179688, 1016.0972290039062, 0.0, 0.0, 0.0, 45.59686279296875, 10.405563118866624
2644, -799.6840209960938, 1016.203125, 0.0, 0.0, 0.0, 45.5858268737793, 10.371738986811508
2645, -799.5818481445312, 1016.3086547851562, 0.0, 0.0, 0.0, 45.589599609375, 10.2802049488975
2646, -799.4807739257812, 1016.4127807617188, 0.0, 0.0, 0.0, 45.5970573425293, 10.183830263706128
2647, -799.3828125, 1016.5137329101562, 0.0, 0.0, 0.0, 45.60326385498047, 10.095541204390836
2648, -799.2786254882812, 1016.6209106445312, 0.0, 0.0, 0.0, 45.608863830566406, 10.007241562969408
2649, -799.1837158203125, 1016.7186279296875, 0.0, 0.0, 0.0, 45.61322784423828, 9.931098166973422
2650, -799.085205078125, 1016.820068359375, 0.0, 0.0, 0.0, 45.61703872680664, 9.856282033839754
2651, -798.9866333007812, 1016.92138671875, 0.0, 0.0, 0.0, 45.6202278137207, 9.785198947749068
2652, -798.8910522460938, 1017.0196533203125, 0.0, 0.0, 0.0, 45.622806549072266, 9.7194761396672
2653, -798.7991333007812, 1017.1141357421875, 0.0, 0.0, 0.0, 45.62489700317383, 9.658917337764183
2654, -798.7042846679688, 1017.2113647460938, 0.0, 0.0, 0.0, 45.626617431640625, 9.598928743284377
2655, -798.6062622070312, 1017.3121948242188, 0.0, 0.0, 0.0, 45.62803268432617, 9.539007159858295
2656, -798.5142822265625, 1017.4064331054688, 0.0, 0.0, 0.0, 45.62904739379883, 9.484697768883677
2657, -798.4202880859375, 1017.5028686523438, 0.0, 0.0, 0.0, 45.629825592041016, 9.430726875671525
2658, -798.2352905273438, 1017.689208984375, 0.0, 0.0, 0.0, 45.599700927734375, 9.337336348085358
2659, -798.1470947265625, 1017.779052734375, 0.0, 0.0, 0.0, 45.59407043457031, 9.287622251641801
2660, -798.0540161132812, 1017.873779296875, 0.0, 0.0, 0.0, 45.588722229003906, 9.23621301827275
2661, -797.9638061523438, 1017.9655151367188, 0.0, 0.0, 0.0, 45.58403396606445, 9.187366854074732
2662, -797.8761596679688, 1018.0548095703125, 0.0, 0.0, 0.0, 45.579833984375, 9.14074162076907
2663, -797.785400390625, 1018.147216796875, 0.0, 0.0, 0.0, 45.575767517089844, 9.093325364996018
2664, -797.6959228515625, 1018.2384033203125, 0.0, 0.0, 0.0, 45.57199478149414, 9.047227721996205
2665, -797.6072998046875, 1018.3286743164062, 0.0, 0.0, 0.0, 45.568477630615234, 9.002210931813016
2666, -797.521240234375, 1018.4164428710938, 0.0, 0.0, 0.0, 45.56526184082031, 8.95886970034115
2667, -797.4297485351562, 1018.5098266601562, 0.0, 0.0, 0.0, 45.56201934814453, 8.913244642400485
2668, -797.2611694335938, 1018.6820068359375, 0.0, 0.0, 0.0, 45.55646896362305, 8.82996005272932
2669, -797.1770629882812, 1018.7681274414062, 0.0, 0.0, 0.0, 45.55392074584961, 8.788704099613561
2670, -797.0877075195312, 1018.8594360351562, 0.0, 0.0, 0.0, 45.55134582519531, 8.74503499068889
2671, -797.0022583007812, 1018.947021484375, 0.0, 0.0, 0.0, 45.54749298095703, 8.716730171695032
2672, -796.9172973632812, 1019.0341186523438, 0.0, 0.0, 0.0, 45.542449951171875, 8.70063870115461
2673, -796.8338012695312, 1019.1200561523438, 0.0, 0.0, 0.0, 45.536643981933594, 8.690618401214058
2674, -796.7473754882812, 1019.2091064453125, 0.0, 0.0, 0.0, 45.529781341552734, 8.683441430720356
2675, -796.66162109375, 1019.2977294921875, 0.0, 0.0, 0.0, 45.52199935913086, 8.67804522374937
2676, -796.5745849609375, 1019.387939453125, 0.0, 0.0, 0.0, 45.51300811767578, 8.673776496233215
2677, -796.4915161132812, 1019.4741821289062, 0.0, 0.0, 0.0, 45.5033073425293, 8.670614404417428
2678, -796.4017944335938, 1019.5650024414062, 0.0, 0.0, 0.0, 45.529178619384766, 8.659589468364649
2679, -796.3165283203125, 1019.653564453125, 0.0, 0.0, 0.0, 45.51757049560547, 8.656041536645883
2680, -796.2303466796875, 1019.7433471679688, 0.0, 0.0, 0.0, 45.50603103637695, 8.653161017013014
2681, -796.0589599609375, 1019.9215698242188, 0.0, 0.0, 0.0, 45.50950622558594, 8.53478903329068
2682, -795.9800415039062, 1020.00341796875, 0.0, 0.0, 0.0, 45.516231536865234, 8.486736068211393
2683, -795.9006958007812, 1020.085693359375, 0.0, 0.0, 0.0, 45.52122497558594, 8.445054048870249
2684, -795.8151245117188, 1020.1742553710938, 0.0, 0.0, 0.0, 45.52313995361328, 8.396870046753117
2685, -795.7368774414062, 1020.2553100585938, 0.0, 0.0, 0.0, 45.52227783203125, 8.349367742912598
2686, -795.6539916992188, 1020.3409423828125, 0.0, 0.0, 0.0, 45.51846694946289, 8.289283631506358
2687, -795.5745849609375, 1020.4229736328125, 0.0, 0.0, 0.0, 45.513633728027344, 8.22770463298967
2688, -795.4951171875, 1020.5047607421875, 0.0, 0.0, 0.0, 45.50812911987305, 8.166851558812388
2689, -795.418212890625, 1020.5838012695312, 0.0, 0.0, 0.0, 45.502445220947266, 8.110104129566503
2690, -795.3438720703125, 1020.6600341796875, 0.0, 0.0, 0.0, 45.496768951416016, 8.057426417548058
2691, -795.2640991210938, 1020.7418823242188, 0.0, 0.0, 0.0, 45.490604400634766, 8.003029049599863
2692, -795.1866455078125, 1020.8211669921875, 0.0, 0.0, 0.0, 45.4846305847168, 7.95234917906506
2693, -795.1110229492188, 1020.8986206054688, 0.0, 0.0, 0.0, 45.47579574584961, 7.924527506295712
2694, -795.0305786132812, 1020.9810180664062, 0.0, 0.0, 0.0, 45.464698791503906, 7.913161206725137
2695, -794.9506225585938, 1021.0630493164062, 0.0, 0.0, 0.0, 45.45344543457031, 7.9072672956496675
2696, -794.8671875, 1021.1485595703125, 0.0, 0.0, 0.0, 45.44203567504883, 7.902321853970276
2697, -794.792724609375, 1021.2249755859375, 0.0, 0.0, 0.0, 45.43235778808594, 7.898418606381159
2698, -794.7188110351562, 1021.3008422851562, 0.0, 0.0, 0.0, 45.423377990722656, 7.894927495336537
2699, -794.6432495117188, 1021.3784790039062, 0.0, 0.0, 0.0, 45.418800354003906, 7.8641878252106
2700, -794.5692138671875, 1021.4544067382812, 0.0, 0.0, 0.0, 45.42051315307617, 7.787963661447466
2701, -794.4927978515625, 1021.5328979492188, 0.0, 0.0, 0.0, 45.421566009521484, 7.715219632339852
2702, -794.4153442382812, 1021.6122436523438, 0.0, 0.0, 0.0, 45.422149658203125, 7.647708758288716
2703, -794.34375, 1021.6857299804688, 0.0, 0.0, 0.0, 45.42241668701172, 7.589971684861039
2704, -794.271484375, 1021.7598266601562, 0.0, 0.0, 0.0, 45.42245864868164, 7.535842534577172
2705, -794.1971435546875, 1021.8358154296875, 0.0, 0.0, 0.0, 45.42233657836914, 7.483770656201957
2706, -794.1243286132812, 1021.9103393554688, 0.0, 0.0, 0.0, 45.42210388183594, 7.4357097984003655
2707, -794.0491333007812, 1021.9872436523438, 0.0, 0.0, 0.0, 45.421756744384766, 7.388590201893611
2708, -793.9780883789062, 1022.0597534179688, 0.0, 0.0, 0.0, 45.42137145996094, 7.346167823446582
2709, -793.9028930664062, 1022.1365966796875, 0.0, 0.0, 0.0, 45.42090606689453, 7.3028495978162145
2710, -793.8330078125, 1022.207763671875, 0.0, 0.0, 0.0, 45.42045593261719, 7.2639690470379
2711, -793.7646484375, 1022.2774658203125, 0.0, 0.0, 0.0, 45.41993713378906, 7.226929802289162
2712, -793.6964111328125, 1022.3471069335938, 0.0, 0.0, 0.0, 45.41944122314453, 7.1906941863463185
2713, -793.6272583007812, 1022.4175415039062, 0.0, 0.0, 0.0, 45.41889572143555, 7.154636174540979
2714, -793.55859375, 1022.4874877929688, 0.0, 0.0, 0.0, 45.41834259033203, 7.119362475381435
2715, -793.4893798828125, 1022.5580444335938, 0.0, 0.0, 0.0, 45.4177360534668, 7.084164333032323
2716, -793.421630859375, 1022.6267700195312, 0.0, 0.0, 0.0, 45.41713333129883, 7.050141013682591
2717, -793.3491821289062, 1022.700439453125, 0.0, 0.0, 0.0, 45.416439056396484, 7.013986516681348
2718, -793.2799682617188, 1022.77099609375, 0.0, 0.0, 0.0, 45.4157829284668, 6.979571408734776
2719, -793.2120971679688, 1022.8399658203125, 0.0, 0.0, 0.0, 45.41510009765625, 6.94605705642697
2720, -793.1442260742188, 1022.9090576171875, 0.0, 0.0, 0.0, 45.4144172668457, 6.912603315504246
2721, -793.078369140625, 1022.9760131835938, 0.0, 0.0, 0.0, 45.413719177246094, 6.880255024553538
2722, -793.0131225585938, 1023.0422973632812, 0.0, 0.0, 0.0, 45.413028717041016, 6.848263606019628
2723, -792.9437866210938, 1023.1127319335938, 0.0, 0.0, 0.0, 45.412261962890625, 6.8143415307460184
2724, -792.8775634765625, 1023.1799926757812, 0.0, 0.0, 0.0, 45.41154098510742, 6.781906786448014
2725, -792.8117065429688, 1023.2469482421875, 0.0, 0.0, 0.0, 45.41078186035156, 6.749677461663774
2726, -792.7459716796875, 1023.3136596679688, 0.0, 0.0, 0.0, 45.41002655029297, 6.717564804161885
2727, -792.6801147460938, 1023.3804321289062, 0.0, 0.0, 0.0, 45.409244537353516, 6.685393405826614
2728, -792.6122436523438, 1023.4494018554688, 0.0, 0.0, 0.0, 45.40846633911133, 6.652180269205293
2729, -792.5493774414062, 1023.5132446289062, 0.0, 0.0, 0.0, 45.40773010253906, 6.621409003740497
2730, -792.48583984375, 1023.5776977539062, 0.0, 0.0, 0.0, 45.406944274902344, 6.59030406729444
2731, -792.4216918945312, 1023.6429443359375, 0.0, 0.0, 0.0, 45.406185150146484, 6.5588681322496045
2732, -792.35693359375, 1023.7086791992188, 0.0, 0.0, 0.0, 45.4053955078125, 6.527120740817
2733, -792.2933959960938, 1023.7731323242188, 0.0, 0.0, 0.0, 45.40462112426758, 6.49597703543255
2734, -792.2269287109375, 1023.8405151367188, 0.0, 0.0, 0.0, 45.40382385253906, 6.463372009786343
2735, -792.1644897460938, 1023.9038696289062, 0.0, 0.0, 0.0, 45.403053283691406, 6.432729889127604
2736, -792.100830078125, 1023.9685668945312, 0.0, 0.0, 0.0, 45.40227127075195, 6.401457617123474
2737, -792.0401611328125, 1024.0301513671875, 0.0, 0.0, 0.0, 45.401512145996094, 6.371639059393255
2738, -791.9783325195312, 1024.0928955078125, 0.0, 0.0, 0.0, 45.400753021240234, 6.341270598203025
2739, -791.9158935546875, 1024.15625, 0.0, 0.0, 0.0, 45.39997863769531, 6.310582867228683
2740, -791.8543701171875, 1024.2188720703125, 0.0, 0.0, 0.0, 45.399208068847656, 6.280281610361183
2741, -791.792236328125, 1024.281982421875, 0.0, 0.0, 0.0, 45.39846420288086, 6.249714348225065
2742, -791.7335205078125, 1024.341552734375, 0.0, 0.0, 0.0, 45.39774703979492, 6.220816571126621
2743, -791.674072265625, 1024.4017333984375, 0.0, 0.0, 0.0, 45.39701843261719, 6.191570171799854
2744, -791.6167602539062, 1024.4598388671875, 0.0, 0.0, 0.0, 45.39630889892578, 6.163407539969197
2745, -791.5584716796875, 1024.5189208984375, 0.0, 0.0, 0.0, 45.39558792114258, 6.134714533938594
2746, -791.437744140625, 1024.641357421875, 0.0, 0.0, 0.0, 45.394142150878906, 6.075257576694559
2747, -791.3800048828125, 1024.699951171875, 0.0, 0.0, 0.0, 45.393436431884766, 6.046807087907592
2748, -791.32177734375, 1024.7589111328125, 0.0, 0.0, 0.0, 45.39275360107422, 6.018163074275086
2749, -791.2625122070312, 1024.8189697265625, 0.0, 0.0, 0.0, 45.39204025268555, 5.988942145613968
2750, -791.2034912109375, 1024.8787841796875, 0.0, 0.0, 0.0, 45.39134216308594, 5.95988882674252
2751, -791.1459350585938, 1024.9371337890625, 0.0, 0.0, 0.0, 45.39064407348633, 5.931515298989082
2752, -791.0888061523438, 1024.9949951171875, 0.0, 0.0, 0.0, 45.38996505737305, 5.90336500609674
2753, -791.0310668945312, 1025.053466796875, 0.0, 0.0, 0.0, 45.38928985595703, 5.874916320180545
2754, -790.9732055664062, 1025.1121826171875, 0.0, 0.0, 0.0, 45.38860321044922, 5.846384362758131
2755, -790.9166870117188, 1025.16943359375, 0.0, 0.0, 0.0, 45.38794708251953, 5.8185146582166025
2756, -790.8583374023438, 1025.228515625, 0.0, 0.0, 0.0, 45.387264251708984, 5.789751756207376
2757, -790.802001953125, 1025.28564453125, 0.0, 0.0, 0.0, 45.386619567871094, 5.761956258816238
2758, -790.744384765625, 1025.34423828125, 0.0, 0.0, 0.0, 45.38594055175781, 5.733494153732551
2759, -790.6880493164062, 1025.4013671875, 0.0, 0.0, 0.0, 45.385284423828125, 5.705694635696671
2760, -790.63232421875, 1025.457763671875, 0.0, 0.0, 0.0, 45.384666442871094, 5.678243446538857
2761, -790.5768432617188, 1025.513916015625, 0.0, 0.0, 0.0, 45.38401794433594, 5.650869987916985
2762, -790.523681640625, 1025.5679931640625, 0.0, 0.0, 0.0, 45.38341522216797, 5.62461903917007
2763, -790.4707641601562, 1025.62158203125, 0.0, 0.0, 0.0, 45.382843017578125, 5.59850010921472
2764, -790.4135131835938, 1025.6796875, 0.0, 0.0, 0.0, 45.382179260253906, 5.57025943212894
2765, -790.3569946289062, 1025.73681640625, 0.0, 0.0, 0.0, 45.38153076171875, 5.542397933245547
2766, -790.3011474609375, 1025.79345703125, 0.0, 0.0, 0.0, 45.38090133666992, 5.51476589894743
2767, -790.2457885742188, 1025.849609375, 0.0, 0.0, 0.0, 45.380245208740234, 5.487367549402785
2768, -790.193359375, 1025.9027099609375, 0.0, 0.0, 0.0, 45.3796272277832, 5.461459407023398
2769, -790.1404418945312, 1025.956298828125, 0.0, 0.0, 0.0, 45.37893295288086, 5.435307660821273
2770, -790.0892944335938, 1026.008056640625, 0.0, 0.0, 0.0, 45.378204345703125, 5.410129737475338
2771, -790.037353515625, 1026.060791015625, 0.0, 0.0, 0.0, 45.37730407714844, 5.38464687476831
2772, -789.9853515625, 1026.11328125, 0.0, 0.0, 0.0, 45.3763542175293, 5.358808506388304
2773, -789.93310546875, 1026.1663818359375, 0.0, 0.0, 0.0, 45.375362396240234, 5.331955224258427
2774, -789.8817138671875, 1026.2186279296875, 0.0019098592456430197, 0.0, 0.0, 45.37483596801758, 5.304914648333807
2775, -789.8309936523438, 1026.2701416015625, 0.0038197184912860394, 0.0, 0.0, 45.375205993652344, 5.278445256683307
2776, -789.7803955078125, 1026.3214111328125, 0.007639436982572079, 0.0, 0.0, 45.377166748046875, 5.252367125264762
2777, -789.7307739257812, 1026.3719482421875, 0.009549296461045742, 0.0, 0.0, 45.38119125366211, 5.227181988503824
2778, -789.6820068359375, 1026.4215087890625, 0.01145915500819683, 0.0, 0.0, 45.38747024536133, 5.203091636705458
2779, -789.6314697265625, 1026.473388671875, 0.012732394970953465, 0.0, 0.0, 45.396114349365234, 5.177602441810223
2780, -789.5814819335938, 1026.5245361328125, 0.01209577452391386, 0.0, 0.0, 45.40670394897461, 5.151524390468308
2781, -789.531494140625, 1026.57568359375, 0.011459154076874256, 0.0, 0.0, 45.418670654296875, 5.125275036759177
2782, -789.4778442382812, 1026.630615234375, 0.010185914114117622, 0.0, 0.0, 45.432044982910156, 5.095758421359693
2783, -789.4275512695312, 1026.682373046875, 0.009549293667078018, 0.0, 0.0, 45.445762634277344, 5.067179319404738
2784, -789.3795776367188, 1026.7315673828125, 0.008912674151360989, 0.0, 0.0, 45.45913314819336, 5.041970298178917
2785, -789.3313598632812, 1026.7808837890625, 0.007639434188604355, 0.0, 0.0, 45.472267150878906, 5.017572325318282
2786, -789.2844848632812, 1026.8289794921875, 0.007002814672887325, 0.0, 0.0, 45.48487854003906, 4.993845258966944
2787, -789.2355346679688, 1026.879150390625, 0.006366195157170296, 0.0, 0.0, 45.49735641479492, 4.973165860230235
2788, -789.1880493164062, 1026.9278564453125, 0.005092955660074949, 0.0, 0.0, 45.508785247802734, 4.952531299468538
2789, -789.1392822265625, 1026.977783203125, 0.00445633614435792, 0.0, 0.0, 45.51966094970703, 4.930509246410344
2790, -789.0913696289062, 1027.0267333984375, 0.0031830964144319296, 0.0, 0.0, 45.52938461303711, 4.908264585649753
2791, -789.04296875, 1027.0762939453125, 0.0025464764330536127, 0.0, 0.0, 45.538169860839844, 4.88531492349142
2792, -788.9961547851562, 1027.1241455078125, 0.0019098566845059395, 0.0, 0.0, 45.545623779296875, 4.862839464644148
2793, -788.95068359375, 1027.170654296875, 0.0, 0.0, 0.0, 45.55167770385742, 4.840741738439627
2794, -788.9048461914062, 1027.217529296875, 0.0, 0.0, 0.0, 45.5566520690918, 4.81837279155399
2795, -788.8582763671875, 1027.2650146484375, 0.0, 0.0, 0.0, 45.560733795166016, 4.7955008040653455
2796, -788.8123779296875, 1027.311767578125, 0.0, 0.0, 0.0, 45.563961029052734, 4.772937662411583
2797, -788.765625, 1027.359619140625, 0.0, 0.0, 0.0, 45.56657791137695, 4.749791640171183
2798, -788.7213134765625, 1027.40478515625, 0.0, 0.0, 0.0, 45.56856155395508, 4.7278567118145896
2799, -788.6755981445312, 1027.451416015625, 0.0, 0.0, 0.0, 45.57012939453125, 4.705224172063653
2800, -788.6294555664062, 1027.49853515625, 0.0, 0.0, 0.0, 45.57138442993164, 4.682300467799607
2801, -788.5856323242188, 1027.543212890625, 0.0, 0.0, 0.0, 45.57225036621094, 4.6605419603528215
2802, -788.5402221679688, 1027.5894775390625, 0.0, 0.0, 0.0, 45.572914123535156, 4.638005272256811
2803, -788.49560546875, 1027.635009765625, 0.0, 0.0, 0.0, 45.573394775390625, 4.615851740296286
2804, -788.4517211914062, 1027.6796875, 0.0, 0.0, 0.0, 45.57371139526367, 4.594024547903984
2805, -788.4089965820312, 1027.7232666015625, 0.0, 0.0, 0.0, 45.573875427246094, 4.572814401349729
2806, -788.365478515625, 1027.767578125, 0.0, 0.0, 0.0, 45.57394790649414, 4.5511826725551785
2807, -788.3208618164062, 1027.813232421875, 0.0, 0.0, 0.0, 45.573917388916016, 4.528994267822251
2808, -788.2760620117188, 1027.85888671875, 0.0, 0.0, 0.0, 45.573814392089844, 4.506710456058055
2809, -788.2330932617188, 1027.9027099609375, 0.0, 0.0, 0.0, 45.573673248291016, 4.485302488909612
2810, -788.189453125, 1027.947265625, 0.0, 0.0, 0.0, 45.57347869873047, 4.46357550091273
2811, -788.1433715820312, 1027.9942626953125, 0.0, 0.0, 0.0, 45.57321548461914, 4.440618905475547
2812, -788.1001586914062, 1028.038330078125, 0.0038197184912860394, 0.0, 0.0, 45.57376480102539, 4.41912124522065
2813, -788.0572509765625, 1028.082275390625, 0.005729577504098415, 0.0, 0.0, 45.5755729675293, 4.3976877406225805
2814, -788.0159301757812, 1028.1246337890625, 0.007639436982572079, 0.0, 0.0, 45.57879638671875, 4.377033693748317
2815, -787.97412109375, 1028.1676025390625, 0.009549296461045742, 0.0, 0.0, 45.58381271362305, 4.356083198338704
2816, -787.9331665039062, 1028.209716796875, 0.013369014486670494, 0.0, 0.0, 45.59095764160156, 4.3355330871061595
2817, -787.8922729492188, 1028.251953125, 0.015278873965144157, 0.0, 0.0, 45.600521087646484, 4.314984413399231
2818, -787.8516845703125, 1028.2938232421875, 0.01718873344361782, 0.0, 0.0, 45.61250305175781, 4.294571146906722
2819, -787.8108520507812, 1028.336181640625, 0.016552112996578217, 0.0, 0.0, 45.626590728759766, 4.274009904393963
2820, -787.7695922851562, 1028.379150390625, 0.015278873033821583, 0.0, 0.0, 45.64226150512695, 4.2532134171729306
2821, -787.7273559570312, 1028.4228515625, 0.014642253518104553, 0.0, 0.0, 45.65925598144531, 4.2319675355228
2822, -787.6879272460938, 1028.4638671875, 0.013369012624025345, 0.05000000074505806, 0.0, 45.67552185058594, 4.212928269248537
2823, -787.6461791992188, 1028.5072021484375, 0.012732393108308315, 0.07500000298023224, 0.0, 45.692867279052734, 4.194062408752792
2824, -787.605712890625, 1028.54931640625, 0.012095772661268711, 0.10000000149011612, 0.0, 45.70964431762695, 4.177323731932124
2825, -787.5659790039062, 1028.5904541015625, 0.011459152214229107, 0.125, 0.0, 45.725826263427734, 4.1625856004038235
2826, -787.5254516601562, 1028.6324462890625, 0.010185912251472473, 0.17500001192092896, 0.0, 45.74190139770508, 4.149558585058912
2827, -787.48388671875, 1028.6756591796875, 0.009549291804432869, 0.20000001788139343, 0.0, 45.757774353027344, 4.138736282808808
2828, -787.4423828125, 1028.7186279296875, 0.00891267228871584, 0.2250000238418579, 0.0, 45.772857666015625, 4.130432158761379
2829, -787.4004516601562, 1028.76220703125, 0.007639432325959206, 0.27500003576278687, 0.0, 45.787261962890625, 4.1246632987062615
2830, -787.3600463867188, 1028.80419921875, 0.007002812810242176, 0.30000004172325134, 0.0, 45.80025100708008, 4.1218740045897295
2831, -787.3214111328125, 1028.84423828125, 0.0063661932945251465, 0.3250000476837158, 0.0, 45.81185531616211, 4.121537626992192
2832, -787.2807006835938, 1028.8863525390625, 0.0050929537974298, 0.3750000596046448, 0.0, 45.823055267333984, 4.123692977366856
2833, -787.2401123046875, 1028.9283447265625, 0.0044563342817127705, 0.40000006556510925, 0.0, 45.833187103271484, 4.128566217301157
2834, -787.1995849609375, 1028.9703369140625, 0.0038197143003344536, 0.42500007152557373, 0.0, 45.84236526489258, 4.135883428579491
2835, -787.1590576171875, 1029.01220703125, 0.0025464745704084635, 0.4750000834465027, 0.0, 45.8504524230957, 4.145629036247173
2836, -787.119140625, 1029.053466796875, 0.0019098548218607903, 0.5000000596046448, 0.0, 45.857357025146484, 4.157755711369645
2837, -787.0789794921875, 1029.094970703125, 0.0, 0.5250000357627869, 0.0, 45.86308288574219, 4.172231303803342
2838, -787.0379028320312, 1029.1373291015625, 0.0, 0.574999988079071, 0.0, 45.86773681640625, 4.189366494056851
2839, -786.9981079101562, 1029.1783447265625, 0.0, 0.5999999642372131, 0.0, 45.87143325805664, 4.2084002527421704
2840, -786.9584350585938, 1029.21923828125, 0.0, 0.6249999403953552, 0.0, 45.87442398071289, 4.229466254667599
2841, -786.9165649414062, 1029.262451171875, 0.0, 0.6749998927116394, 0.0, 45.877052307128906, 4.253985804411472
2842, -786.8772583007812, 1029.302978515625, 0.0, 0.6999998688697815, 0.0, 45.87909698486328, 4.279230500454401
2843, -786.83544921875, 1029.34619140625, 0.0, 0.7249998450279236, 0.0, 45.88096237182617, 4.30822481802823
2844, -786.7900390625, 1029.39306640625, 0.0, 0.7749997973442078, 0.0, 45.88267517089844, 4.34212137055218
2845, -786.7481689453125, 1029.43603515625, 0.0, 0.7999997735023499, 0.0, 45.884063720703125, 4.375531345359951
2846, -786.7054443359375, 1029.4801025390625, 0.0, 0.849999725818634, 0.0, 45.88531494140625, 4.411871803562082
2847, -786.6635131835938, 1029.5233154296875, 0.0, 0.8749997019767761, 0.0, 45.88644027709961, 4.449699705604228
2848, -786.6197509765625, 1029.5684814453125, 0.0, 0.8999996781349182, 0.0, 45.88754653930664, 4.49116615737562
2849, -786.5779418945312, 1029.611572265625, 0.0, 0.9249996542930603, 0.0, 45.8885612487793, 4.532434500356019
2850, -786.5348510742188, 1029.656005859375, 0.0, 0.9749996066093445, 0.0, 45.889549255371094, 4.57673673429148
2851, -786.4895629882812, 1029.70263671875, 0.0, 0.9999995827674866, 0.0, 45.890586853027344, 4.625170650336566
2852, -786.4442138671875, 1029.7493896484375, 0.0, 1.0249996185302734, 0.0, 45.891597747802734, 4.675319369655632
2853, -786.3975830078125, 1029.79736328125, 0.0, 1.0, 0.0, 45.89262008666992, 4.727733052645853
2854, -786.3510131835938, 1029.8453369140625, 0.0, 1.0, 0.0, 45.89366912841797, 4.78072255615201
2855, -786.3047485351562, 1029.89306640625, 0.0, 1.0, 0.0, 45.89472579956055, 4.83368847811012
2856, -786.2592163085938, 1029.9400634765625, 0.0, 1.0, 0.0, 45.89573669433594, 4.885925356724016
2857, -786.2120971679688, 1029.9886474609375, 0.0, 1.0, 0.0, 45.89680480957031, 4.93979070433617
2858, -786.1639404296875, 1030.0382080078125, 0.0, 1.0, 0.0, 45.89792251586914, 4.994541807623142
2859, -786.1149291992188, 1030.0888671875, 0.0, 1.0, 0.0, 45.899070739746094, 5.050187207617555
2860, -786.0670776367188, 1030.1383056640625, 0.0, 1.0, 0.0, 45.9001579284668, 5.103932283499211
2861, -786.0185546875, 1030.188232421875, 0.0, 1.0, 0.0, 45.90128707885742, 5.157916546790518
2862, -785.9676513671875, 1030.24072265625, 0.0, 1.0, 0.0, 45.902462005615234, 5.214199589313842
2863, -785.91796875, 1030.2919921875, 0.0, 1.0, 0.0, 45.90363311767578, 5.268711605452194
2864, -785.8651123046875, 1030.3465576171875, 0.0, 1.0, 0.0, 45.904869079589844, 5.326119457977037
2865, -785.8126220703125, 1030.400634765625, 0.0, 1.0, 0.0, 45.90610885620117, 5.3825310590022
2866, -785.7617797851562, 1030.453125, 0.0, 1.0, 0.0, 45.90731430053711, 5.436733557843587
2867, -785.6552734375, 1030.5631103515625, 0.005729577504098415, 1.0, 0.0, 45.91207504272461, 5.548510540386336
2868, -785.6005249023438, 1030.619873046875, 0.007639436982572079, 1.0, 0.0, 45.917110443115234, 5.605218291601883
2869, -785.546630859375, 1030.6756591796875, 0.009549296461045742, 1.0, 0.0, 45.924095153808594, 5.660449795115834
2870, -785.4913330078125, 1030.733154296875, 0.013369014486670494, 1.0, 0.0, 45.9339714050293, 5.716566883767193
2871, -785.4347534179688, 1030.7921142578125, 0.015278873965144157, 1.0, 0.0, 45.947181701660156, 5.77349582839475
2872, -785.3812255859375, 1030.847900390625, 0.014642254449427128, 1.0, 0.0, 45.961936950683594, 5.826841812517663
2873, -785.326171875, 1030.9053955078125, 0.01336901355534792, 1.0, 0.0, 45.978755950927734, 5.881391828001014
2874, -785.270751953125, 1030.9632568359375, 0.01273239403963089, 1.0, 0.0, 45.99679183959961, 5.935686169150919
2875, -785.2151489257812, 1031.021484375, 0.012095773592591286, 1.0, 0.0, 46.01567077636719, 5.98973678644594
2876, -785.1573486328125, 1031.0819091796875, 0.010822533629834652, 1.0, 0.0, 46.035648345947266, 6.045427389885912
2877, -785.099853515625, 1031.1422119140625, 0.010185913182795048, 1.0, 0.0, 46.05559539794922, 6.100331855953741
2878, -785.0419921875, 1031.20263671875, 0.009549292735755444, 1.0, 0.0, 46.075477600097656, 6.154947157146784
2879, -784.9799194335938, 1031.267578125, 0.008912673220038414, 1.0, 0.0, 46.09654235839844, 6.21310810753186
2880, -784.9219970703125, 1031.3282470703125, 0.00763943325728178, 1.0, 0.0, 46.115623474121094, 6.2668585707009035
2881, -784.86083984375, 1031.3924560546875, 0.007002813741564751, 1.0, 0.0, 46.13504409790039, 6.3230553188571506
2882, -784.7999267578125, 1031.4561767578125, 0.006366194225847721, 1.0, 0.0, 46.153541564941406, 6.378513354221687
2883, -784.7374267578125, 1031.521484375, 0.005092954728752375, 1.0, 0.0, 46.1714973449707, 6.434867547536403
2884, -784.6754760742188, 1031.58642578125, 0.004456335213035345, 1.0, 0.0, 46.1882209777832, 6.490304728344457
2885, -784.614501953125, 1031.650146484375, 0.003819715231657028, 1.0, 0.0, 46.203575134277344, 6.544236453706516
2886, -784.5540161132812, 1031.71337890625, 0.0031830952502787113, 1.0, 0.0, 46.21773147583008, 6.597331096954752
2887, -784.4913940429688, 1031.77880859375, 0.0019098557531833649, 1.0, 0.0, 46.23113250732422, 6.651757014760838
2888, -784.4273071289062, 1031.845703125, 0.0, 1.0, 0.0, 46.24319839477539, 6.706989638224758
2889, -784.364990234375, 1031.910888671875, 0.0, 1.0, 0.0, 46.25346374511719, 6.760274589743751
2890, -784.2979736328125, 1031.98095703125, 0.0, 1.0, 0.0, 46.26315689086914, 6.817054294863406
2891, -784.2300415039062, 1032.0517578125, 0.0, 1.0, 0.0, 46.27174758911133, 6.874058289045918
2892, -784.1627197265625, 1032.1221923828125, 0.0, 1.0, 0.0, 46.279293060302734, 6.93016155435448
2893, -784.0966796875, 1032.1910400390625, 0.0, 1.0, 0.0, 46.28585433959961, 6.984620086373068
2894, -784.0271606445312, 1032.263671875, 0.0, 1.0, 0.0, 46.29202651977539, 7.041501495548834
2895, -783.89208984375, 1032.40478515625, 0.0, 1.0, 0.0, 46.30229568481445, 7.150701452814824
2896, -783.8248901367188, 1032.47509765625, 0.0, 1.0, 0.0, 46.306732177734375, 7.204375676500414
2897, -783.7548828125, 1032.5482177734375, 0.0, 1.0, 0.0, 46.31094741821289, 7.259877212013615
2898, -783.6851196289062, 1032.62109375, 0.0, 1.0, 0.0, 46.31481170654297, 7.314663710529448
2899, -783.6157836914062, 1032.69384765625, 0.0, 1.0, 0.0, 46.318336486816406, 7.3688292719914825
2900, -783.546630859375, 1032.76611328125, 0.0, 1.0, 0.0, 46.321624755859375, 7.422347959637584
2901, -783.4758911132812, 1032.8399658203125, 0.0, 1.0, 0.0, 46.324771881103516, 7.476581012274253
2902, -783.40576171875, 1032.9134521484375, 0.0, 1.0, 0.0, 46.327693939208984, 7.530058612525035
2903, -783.3344116210938, 1032.988037109375, 0.0, 1.0, 0.0, 46.330528259277344, 7.5840277017028965
2904, -783.2637939453125, 1033.0618896484375, 0.0, 1.0, 0.0, 46.333168029785156, 7.637031690175078
2905, -783.1897583007812, 1033.139404296875, 0.0, 1.0, 0.0, 46.33580780029297, 7.692228872183405
2906, -783.1144409179688, 1033.2183837890625, 0.0038197184912860394, 1.0, 0.0, 46.339290618896484, 7.7479327809125
2907, -783.0383911132812, 1033.2979736328125, 0.005729577504098415, 1.0, 0.0, 46.344261169433594, 7.803666730133869
2908, -782.9644165039062, 1033.375732421875, 0.007639436982572079, 1.0, 0.0, 46.35084533691406, 7.857626447086328
2909, -782.888671875, 1033.455322265625, 0.01145915500819683, 1.0, 0.0, 46.36019515991211, 7.91239015597213
2910, -782.8150634765625, 1033.5328369140625, 0.013369014486670494, 1.0, 0.0, 46.37206268310547, 7.965232333915092
2911, -782.7394409179688, 1033.6126708984375, 0.020371831953525543, 1.0, 0.0, 46.388519287109375, 8.019032840898433
2912, -782.3561401367188, 1034.020263671875, 0.01846197433769703, 1.0, 0.0, 46.52130889892578, 8.287770272146593
2913, -782.2748413085938, 1034.1070556640625, 0.017825355753302574, 1.0, 0.0, 46.55625534057617, 8.343850200042969
2914, -782.1925048828125, 1034.19482421875, 0.016552116721868515, 1.0, 0.0, 46.59292984008789, 8.400218590082549
2915, -782.1124267578125, 1034.280517578125, 0.01591549813747406, 1.0, 0.0, 46.629478454589844, 8.454767199717516
2916, -782.0294189453125, 1034.3692626953125, 0.015278877690434456, 1.0, 0.0, 46.6678581237793, 8.510833671111454
2917, -781.9495239257812, 1034.4549560546875, 0.014005637727677822, 1.0, 0.0, 46.704959869384766, 8.564511629310234
2918, -781.8662109375, 1034.5440673828125, 0.013369017280638218, 1.0, 0.0, 46.7435188293457, 8.620126868736495
2919, -781.7833251953125, 1034.633056640625, 0.012732397764921188, 1.0, 0.0, 46.78158950805664, 8.675093334480328
2920, -781.7015380859375, 1034.720947265625, 0.01145915687084198, 1.0, 0.0, 46.818546295166016, 8.728976812908517
2921, -781.6206665039062, 1034.8077392578125, 0.01082253735512495, 1.0, 0.0, 46.854373931884766, 8.781929608236517
2922, -781.5390625, 1034.8953857421875, 0.010185916908085346, 1.0, 0.0, 46.889652252197266, 8.835002223796467
2923, -781.4547729492188, 1034.9859619140625, 0.008912676945328712, 1.0, 0.0, 46.92499923706055, 8.889501277375224
2924, -781.37060546875, 1035.076416015625, 0.008276056498289108, 1.0, 0.0, 46.959068298339844, 8.943547049412624
2925, -781.2830810546875, 1035.170654296875, 0.007639436982572079, 1.0, 0.0, 46.99311065673828, 8.999351585970244
2926, -781.1915283203125, 1035.26904296875, 0.0063661979511380196, 1.0, 0.0, 47.02709197998047, 9.05739710119029
2927, -781.1049194335938, 1035.3623046875, 0.005729577969759703, 1.0, 0.0, 47.05763626098633, 9.1119334999723
2928, -781.0174560546875, 1035.4564208984375, 0.005092958454042673, 1.0, 0.0, 47.08687973022461, 9.166617437975246
2929, -780.9256591796875, 1035.5552978515625, 0.0038197189569473267, 1.0, 0.0, 47.11568832397461, 9.223635217769466
2930, -780.83935546875, 1035.6484375, 0.0031830992083996534, 1.0, 0.0, 47.141082763671875, 9.276998471733075
2931, -780.7517700195312, 1035.7427978515625, 0.0025464792270213366, 1.0, 0.0, 47.165035247802734, 9.330734302665793
2932, -780.6650390625, 1035.836181640625, 0.0019098594784736633, 1.0, 0.0, 47.18709182739258, 9.383640547252217
2933, -780.5733642578125, 1035.93505859375, 0.0, 1.0, 0.0, 47.20820999145508, 9.439219967687887
2934, -780.4822998046875, 1036.033203125, 0.0, 1.0, 0.0, 47.22712707519531, 9.49405605470226
2935, -780.394287109375, 1036.1282958984375, 0.0, 1.0, 0.0, 47.243751525878906, 9.546830737906358
2936, -780.3053588867188, 1036.2239990234375, 0.0, 1.0, 0.0, 47.25897979736328, 9.599747593255355
2937, -780.2146606445312, 1036.322021484375, 0.0, 1.0, 0.0, 47.2731819152832, 9.65346522031809
2938, -780.1224975585938, 1036.4215087890625, 0.0, 1.0, 0.0, 47.286277770996094, 9.707640793259783
2939, -780.0296020507812, 1036.5218505859375, 0.0038197184912860394, 1.0, 0.0, 47.29928970336914, 9.761982491664773
2940, -779.937255859375, 1036.6217041015625, 0.005729577504098415, 1.0, 0.0, 47.3127555847168, 9.815673270930814
2941, -779.84521484375, 1036.7213134765625, 0.007639436982572079, 1.0, 0.0, 47.327205657958984, 9.868857682152536
2942, -779.750244140625, 1036.824462890625, 0.01145915500819683, 1.0, 0.0, 47.34419631958008, 9.923463216934081
2943, -779.6548461914062, 1036.9281005859375, 0.013369014486670494, 1.0, 0.0, 47.36381530761719, 9.977931602184494
2944, -779.5593872070312, 1037.0321044921875, 0.015278873965144157, 1.0, 0.0, 47.386383056640625, 10.032205868923683
2945, -779.4639892578125, 1037.1361083984375, 0.016552112996578217, 1.0, 0.0, 47.41191864013672, 10.086131120708194
2946, -779.3655395507812, 1037.243896484375, 0.015915492549538612, 1.0, 0.0, 47.44104766845703, 10.1415992601333
2947, -779.2688598632812, 1037.3497314453125, 0.014642253518104553, 1.0, 0.0, 47.4716682434082, 10.19582063710478
2948, -779.1712036132812, 1037.4569091796875, 0.014005633071064949, 1.0, 0.0, 47.50421905517578, 10.250367771401272
2949, -779.0765380859375, 1037.560791015625, 0.013369012624025345, 1.0, 0.0, 47.53691482543945, 10.303014167913194
2950, -778.9793701171875, 1037.6676025390625, 0.012095772661268711, 1.0, 0.0, 47.57114791870117, 10.356767553500966
2951, -778.8741455078125, 1037.7835693359375, 0.011459152214229107, 1.0, 0.0, 47.60871124267578, 10.414730346252119
2952, -778.7787475585938, 1037.8885498046875, 0.010822532698512077, 1.0, 0.0, 47.64287185668945, 10.4669042027011
2953, -778.6782836914062, 1037.999267578125, 0.010185912251472473, 1.0, 0.0, 47.678829193115234, 10.521636129239328
2954, -778.5767211914062, 1038.1112060546875, 0.00891267228871584, 1.0, 0.0, 47.71475601196289, 10.57664796073675
2955, -778.4747314453125, 1038.2237548828125, 0.008276051841676235, 1.0, 0.0, 47.75019454956055, 10.631607011378957
2956, -778.3719482421875, 1038.3372802734375, 0.007002812810242176, 1.0, 0.0, 47.784969329833984, 10.68666152195351
2957, -778.273193359375, 1038.4464111328125, 0.0063661932945251465, 1.0, 0.0, 47.81736755371094, 10.739295726979513
2958, -778.173095703125, 1038.5570068359375, 0.00572957331314683, 1.0, 0.0, 47.84910202026367, 10.792377950419752
2959, -778.0701293945312, 1038.6707763671875, 0.0044563342817127705, 1.0, 0.0, 47.88034439086914, 10.846681172485715
2960, -777.9701538085938, 1038.781494140625, 0.0038197143003344536, 1.0, 0.0, 47.90922546386719, 10.89914592846555
2961, -777.865234375, 1038.8974609375, 0.0031830943189561367, 1.0, 0.0, 47.937931060791016, 10.95387568471591
2962, -777.755615234375, 1039.0189208984375, 0.007002813275903463, 1.0, 0.0, 47.96738815307617, 11.010773949481692
2963, -777.6546630859375, 1039.1307373046875, 0.007002813275903463, 1.0, 0.0, 47.994300842285156, 11.062875974141837
2964, -777.5508422851562, 1039.2459716796875, 0.00891267228871584, 1.0, 0.0, 48.022315979003906, 11.11624432989924
2965, -777.4469604492188, 1039.361572265625, 0.012732391245663166, 1.0, 0.0, 48.05167007446289, 11.169331700003994
2966, -777.343994140625, 1039.4761962890625, 0.01464225072413683, 1.0, 0.0, 48.082603454589844, 11.221664363048752
2967, -777.137939453125, 1039.7064208984375, 0.020371828228235245, 1.0, 0.0, 48.1520881652832, 11.325566289141797
2968, -777.0343017578125, 1039.8226318359375, 0.01973520964384079, 1.0, 0.0, 48.191471099853516, 11.37755986853146
2969, -776.923828125, 1039.9466552734375, 0.019098591059446335, 1.0, 0.0, 48.23613739013672, 11.43278450656845
2970, -776.8145751953125, 1040.0697021484375, 0.017825352028012276, 1.0, 0.0, 48.28242492675781, 11.48727862236588
2971, -776.7102661132812, 1040.1873779296875, 0.01718873344361782, 1.0, 0.0, 48.32807540893555, 11.539079485412678
2972, -776.6058959960938, 1040.305419921875, 0.016552112996578217, 1.0, 0.0, 48.37488555908203, 11.59073804902312
2973, -776.4992065429688, 1040.4261474609375, 0.015278873033821583, 1.0, 0.0, 48.42351150512695, 11.643404693539093
2974, -776.39013671875, 1040.5496826171875, 0.014642253518104553, 1.0, 0.0, 48.4736328125, 11.696978761252547
2975, -776.2778930664062, 1040.6768798828125, 0.014005633071064949, 1.0, 0.0, 48.5253791809082, 11.75182531903816
2976, -776.1671752929688, 1040.8026123046875, 0.012732393108308315, 1.0, 0.0, 48.57626724243164, 11.805724900613322
2977, -776.0617065429688, 1040.9224853515625, 0.012095772661268711, 1.0, 0.0, 48.62435531616211, 11.856830405331943
2978, -775.9495239257812, 1041.050048828125, 0.011459152214229107, 1.0, 0.0, 48.67498016357422, 11.910980119412118
2979, -775.8406372070312, 1041.174072265625, 0.010185912251472473, 1.0, 0.0, 48.723297119140625, 11.963330904848313
2980, -775.7311401367188, 1041.299072265625, 0.009549291804432869, 1.0, 0.0, 48.770904541015625, 12.015747979827072
2981, -775.6206665039062, 1041.4251708984375, 0.00891267228871584, 1.0, 0.0, 48.817771911621094, 12.068349913242596
2982, -775.5111694335938, 1041.55029296875, 0.007639432325959206, 1.0, 0.0, 48.86295700073242, 12.120307604203978
2983, -775.400634765625, 1041.6766357421875, 0.007002812810242176, 1.0, 0.0, 48.907081604003906, 12.172543014862901
2984, -775.2874755859375, 1041.8060302734375, 0.0063661932945251465, 1.0, 0.0, 48.95066833496094, 12.225726291054004
2985, -775.1678466796875, 1041.943115234375, 0.0050929537974298, 1.0, 0.0, 48.994815826416016, 12.281741322004756
2986, -775.0531616210938, 1042.0745849609375, 0.0044563342817127705, 1.0, 0.0, 49.03519821166992, 12.335185168143072
2987, -774.9383544921875, 1042.206298828125, 0.0031830943189561367, 1.0, 0.0, 49.07356262207031, 12.38847878723575
2988, -774.8245849609375, 1042.3367919921875, 0.0025464745704084635, 1.0, 0.0, 49.10945510864258, 12.441012185044514
2989, -774.7030029296875, 1042.4765625, 0.0019098548218607903, 1.0, 0.0, 49.14548873901367, 12.496930730420338
2990, -774.5845947265625, 1042.61279296875, 0.00572957331314683, 1.0, 0.0, 49.17941665649414, 12.55110117576892
2991, -774.4647216796875, 1042.7508544921875, 0.007639432791620493, 1.0, 0.0, 49.213539123535156, 12.605703752910433
2992, -774.3473510742188, 1042.8863525390625, 0.011459151282906532, 0.9750000238418579, 0.0, 49.247806549072266, 12.658795494360659
2993, -774.2288818359375, 1043.0234375, 0.013369010761380196, 0.9500000476837158, 0.0, 49.2839469909668, 12.711804833383543
2994, -774.1153564453125, 1043.1549072265625, 0.015278870239853859, 0.9250000715255737, 0.0, 49.32045364379883, 12.761800118774886
2995, -774.0023193359375, 1043.2861328125, 0.017188729718327522, 0.9000000953674316, 0.0, 49.359066009521484, 12.81066218115824
2996, -773.882568359375, 1043.4256591796875, 0.01846196874976158, 0.8500001430511475, 0.0, 49.402706146240234, 12.861183439911114
2997, -773.7681274414062, 1043.559326171875, 0.017825350165367126, 0.8250001668930054, 0.0, 49.44667434692383, 12.907925814489596
2998, -773.6482543945312, 1043.6993408203125, 0.01718873158097267, 0.8000001907348633, 0.0, 49.49470901489258, 12.95514865026213
2999, -773.5293579101562, 1043.8387451171875, 0.015915490686893463, 0.7500002384185791, 0.0, 49.54387664794922, 13.000067597891704
3000, -773.40966796875, 1043.9793701171875, 0.015278871171176434, 0.725000262260437, 0.0, 49.59445571899414, 13.042974570373026
3001, -773.2918701171875, 1044.117919921875, 0.0140056312084198, 0.6750003099441528, 0.0, 49.64484786987305, 13.082754978130385
3002, -773.1728515625, 1044.258056640625, 0.013369010761380196, 0.6500003337860107, 0.0, 49.69606018066406, 13.120181464744688
3003, -773.0491333007812, 1044.4039306640625, 0.012732391245663166, 0.6250003576278687, 0.0, 49.7493896484375, 13.156129424660946
3004, -772.9341430664062, 1044.539794921875, 0.012095770798623562, 0.6000003814697266, 0.0, 49.79886245727539, 13.186738653718658
3005, -772.8120727539062, 1044.68408203125, 0.010822530835866928, 0.5500004291534424, 0.05000000074505806, 49.85081481933594, 13.216177926442333
3006, -772.688720703125, 1044.8302001953125, 0.010185910388827324, 0.5250004529953003, 0.07500000298023224, 49.902610778808594, 13.242300940327691
3007, -772.5696411132812, 1044.971435546875, 0.00891267042607069, 0.4750004708766937, 0.125, 49.95158004760742, 13.263880835037938
3008, -772.4547729492188, 1045.1077880859375, 0.008276049979031086, 0.45000046491622925, 0.15000000596046448, 49.997718811035156, 13.280981428991481
3009, -772.3359375, 1045.2490234375, 0.007639430463314056, 0.42500045895576477, 0.17500001192092896, 50.044158935546875, 13.294866709757382
3010, -772.2077026367188, 1045.401611328125, 0.007002810947597027, 0.4000004529953003, 0.20000001788139343, 50.0926399230957, 13.305511894506488
3011, -772.0911254882812, 1045.54052734375, 0.00572957145050168, 0.35000044107437134, 0.2500000298023224, 50.13511276245117, 13.311030622163566
3012, -771.9710083007812, 1045.6837158203125, 0.005092951934784651, 0.32500043511390686, 0.27500003576278687, 50.17705535888672, 13.312355211813845
3013, -771.8544311523438, 1045.8228759765625, 0.004456332419067621, 0.3000004291534424, 0.30000004172325134, 50.21592712402344, 13.309380730855638
3014, -771.7380981445312, 1045.9617919921875, 0.0031830924563109875, 0.2500004172325134, 0.3500000536441803, 50.25276184082031, 13.302248615044332
3015, -771.6170654296875, 1046.1065673828125, 0.0025464727077633142, 0.22500041127204895, 0.3750000596046448, 50.288841247558594, 13.290275371712687
3016, -771.498046875, 1046.2490234375, 0.0019098528428003192, 0.20000040531158447, 0.40000006556510925, 50.3221549987793, 13.274084744752123
3017, -771.3828735351562, 1046.386962890625, 0.0, 0.15000039339065552, 0.4500000774860382, 50.35200881958008, 13.254308650837944
3018, -771.2612915039062, 1046.5328369140625, 0.0, 0.12500038743019104, 0.4750000834465027, 50.380977630615234, 13.228940389168127
3019, -771.1380004882812, 1046.6805419921875, 0.0, 0.10000038892030716, 0.5000000596046448, 50.407894134521484, 13.198642909606667
3020, -771.0254516601562, 1046.8157958984375, 0.0, 0.0500003919005394, 0.550000011920929, 50.43053436279297, 13.166880692153555
3021, -770.9054565429688, 1046.9598388671875, 0.0, 0.02500039152801037, 0.574999988079071, 50.45269775390625, 13.128758399263576
3022, -770.787353515625, 1047.1019287109375, 0.0, 3.915280046840053e-07, 0.5999999642372131, 50.47272491455078, 13.086885686419407
3023, -770.6754760742188, 1047.236572265625, 0.0, 0.0, 0.6499999165534973, 50.49018478393555, 13.04340056519451
3024, -770.5574340820312, 1047.378662109375, 0.0, 0.0, 0.6749998927116394, 50.507057189941406, 12.993962262195373
3025, -770.4305419921875, 1047.531494140625, 0.0, 0.0, 0.6999998688697815, 50.523529052734375, 12.93708998886827
3026, -770.3121948242188, 1047.67431640625, 0.0, 0.0, 0.7499998211860657, 50.53752136230469, 12.880784600123624
3027, -770.1950073242188, 1047.8155517578125, 0.0, 0.0, 0.7749997973442078, 50.55014419555664, 12.822229825391119
3028, -770.0816040039062, 1047.9525146484375, 0.0, 0.0, 0.7999997735023499, 50.561222076416016, 12.76306789848787
3029, -769.9723510742188, 1048.084716796875, 0.0, 0.0, 0.849999725818634, 50.57097625732422, 12.703866873413038
3030, -769.8587036132812, 1048.2220458984375, 0.0, 0.0, 0.8749997019767761, 50.58013153076172, 12.640254724134227
3031, -769.74365234375, 1048.361328125, 0.0, 0.0, 0.8999996781349182, 50.58848190307617, 12.57370898837457
3032, -769.6312255859375, 1048.4974365234375, 0.0, 0.0, 0.9499996304512024, 50.59579086303711, 12.506881980114333
3033, -769.5206909179688, 1048.63134765625, 0.0, 0.0, 0.9749996066093445, 50.60222244262695, 12.439324288214921
3034, -769.4100341796875, 1048.7655029296875, 0.0, 0.0, 0.9999995827674866, 50.60792922973633, 12.369998933100607
3035, -769.3021850585938, 1048.896240234375, 0.0, 0.0, 1.0, 50.61284637451172, 12.300999693328274
3036, -769.192626953125, 1049.0291748046875, 0.0, 0.0, 1.0, 50.61724090576172, 12.229533531377609
3037, -769.0866088867188, 1049.1575927734375, 0.0, 0.0, 1.0, 50.620914459228516, 12.159206621533095
3038, -768.979736328125, 1049.2874755859375, 0.0, 0.0, 1.0, 50.624114990234375, 12.0871087053753
3039, -768.8761596679688, 1049.4134521484375, 0.0, 0.0, 1.0, 50.62673568725586, 12.016244571814555
3040, -768.7695922851562, 1049.5428466796875, 0.0, 0.0, 1.0, 50.62899398803711, 11.94244755404287
3041, -768.659912109375, 1049.676025390625, 0.0, 0.0, 1.0, 50.63080978393555, 11.865646680555043
3042, -768.5533447265625, 1049.8056640625, 0.0, 0.0, 1.0, 50.632198333740234, 11.790181959478613
3043, -768.4473876953125, 1049.9344482421875, 0.0, 0.0, 1.0, 50.63318634033203, 11.714441841508508
3044, -768.3457641601562, 1050.0582275390625, 0.0, 0.0, 1.0, 50.63381576538086, 11.641108895688733
3045, -768.2463989257812, 1050.1790771484375, 0.0, 0.0, 1.0, 50.63411331176758, 11.568869263612763
3046, -768.1446533203125, 1050.3028564453125, 0.0, 0.0, 1.0, 50.6341438293457, 11.494405788165553
3047, -768.0411376953125, 1050.4288330078125, 0.0, 0.0, 1.0, 50.63389205932617, 11.418050410036578
3048, -767.9351196289062, 1050.5579833984375, 0.0, 0.0, 1.0, 50.63335418701172, 11.339349068985834
3049, -767.8363037109375, 1050.6783447265625, 0.0038197184912860394, 0.0, 1.0, 50.6334342956543, 11.26550562110229
3050, -767.7363891601562, 1050.8001708984375, 0.005729577504098415, 0.0, 1.0, 50.634761810302734, 11.190406770798694
3051, -767.6392211914062, 1050.918701171875, 0.007639436982572079, 0.0, 0.9750000238418579, 50.6377067565918, 11.11692238313559
3052, -767.540283203125, 1051.03955078125, 0.01145915500819683, 0.0, 0.9250000715255737, 50.64323806762695, 11.041879697450689
3053, -767.444580078125, 1051.15673828125, 0.013369014486670494, 0.0, 0.9000000953674316, 50.65149688720703, 10.969039922889786
3054, -767.3487548828125, 1051.274169921875, 0.015278873965144157, 0.0, 0.8750001192092896, 50.66300582885742, 10.89604938254071
3055, -767.2498168945312, 1051.395751953125, 0.019098592922091484, 0.0, 0.8250001668930054, 50.67909622192383, 10.820585368085206
3056, -767.15625, 1051.5108642578125, 0.021008450537919998, 0.0, 0.8000001907348633, 50.698570251464844, 10.749283096871157
3057, -767.062255859375, 1051.626708984375, 0.02291831001639366, 0.0, 0.7750002145767212, 50.722572326660156, 10.677795733720066
3058, -766.9662475585938, 1051.7454833984375, 0.024828169494867325, 0.0, 0.7500002384185791, 50.752037048339844, 10.604789478049653
3059, -766.8712158203125, 1051.8631591796875, 0.02864788845181465, 0.0, 0.7000002861022949, 50.78669357299805, 10.532712270879735
3060, -766.7820434570312, 1051.9739990234375, 0.030557747930288315, 0.0, 0.6750003099441528, 50.82445526123047, 10.465248705677963
3061, -766.689208984375, 1052.0897216796875, 0.03246760740876198, 0.0, 0.6500003337860107, 50.86946487426758, 10.395303112739835
3062, -766.5977783203125, 1052.2039794921875, 0.036287322640419006, 0.0, 0.6000003814697266, 50.919986724853516, 10.326659647580696
3063, -766.5075073242188, 1052.3172607421875, 0.03819718211889267, 0.0, 0.5750004053115845, 50.97622299194336, 10.259167023897673
3064, -766.4143676757812, 1052.4344482421875, 0.040107037872076035, 0.0, 0.5500004291534424, 51.041015625, 10.189912785938008
3065, -766.3267822265625, 1052.545166015625, 0.04392675310373306, 0.0, 0.5000004768371582, 51.10860824584961, 10.125088731536692
3066, -766.240234375, 1052.655029296875, 0.04583660885691643, 0.0, 0.4750004708766937, 51.18206787109375, 10.061419026609611
3067, -766.1489868164062, 1052.7713623046875, 0.04774646833539009, 0.0, 0.45000046491622925, 51.266883850097656, 9.994680110915503
3068, -766.0648193359375, 1052.8790283203125, 0.05156618356704712, 0.0, 0.4000004529953003, 51.35198974609375, 9.933572872668945
3069, -765.9812622070312, 1052.9864501953125, 0.053476039320230484, 0.0, 0.3750004470348358, 51.443477630615234, 9.87327709698524
3070, -765.8948974609375, 1053.0980224609375, 0.05538589879870415, 0.0, 0.35000044107437134, 51.54542541503906, 9.811391697079577
3071, -765.8123168945312, 1053.205322265625, 0.059205614030361176, 0.0, 0.3000004291534424, 51.65021514892578, 9.752642355779704
3072, -765.7291870117188, 1053.3135986328125, 0.06111546978354454, 0.0, 0.2750004231929779, 51.763240814208984, 9.693971694087391
3073, -765.6459350585938, 1053.4229736328125, 0.0630253255367279, 0.0, 0.2500004172325134, 51.88413619995117, 9.635652359566542
3074, -765.5661010742188, 1053.5283203125, 0.06684504449367523, 0.0, 0.20000040531158447, 52.007545471191406, 9.580124718733819
3075, -765.4854736328125, 1053.6353759765625, 0.0687548965215683, 0.0, 0.17500039935112, 52.139976501464844, 9.524550953429847
3076, -765.40576171875, 1053.7418212890625, 0.07257461547851562, 0.0, 0.12500038743019104, 52.27873611450195, 9.470098844143214
3077, -765.3267822265625, 1053.847900390625, 0.07448447495698929, 0.0, 0.10000038892030716, 52.42443084716797, 9.41663113008658
3078, -765.248291015625, 1053.9542236328125, 0.07639432698488235, 0.0, 0.07500039041042328, 52.57728576660156, 9.36397862967487
3079, -765.1721801757812, 1054.057861328125, 0.07830418646335602, 0.0, 0.0500003919005394, 52.73273468017578, 9.313500513802303
3080, -765.095947265625, 1054.16259765625, 0.08212390542030334, 0.0, 3.915280046840053e-07, 52.89664077758789, 9.263244864566854
3081, -765.0184936523438, 1054.2696533203125, 0.08403375744819641, 0.0, -0.02499960921704769, 53.071388244628906, 9.212696172967307
3082, -764.9415283203125, 1054.376953125, 0.08785347640514374, 0.0, 0.0, 53.25385665893555, 9.16218373514157
3083, -764.8678588867188, 1054.48046875, 0.0897633358836174, 0.0, 0.0, 53.43701171875, 9.114140177438392
3084, -764.7933349609375, 1054.586181640625, 0.09167318791151047, 0.0, 0.0, 53.63026428222656, 9.065857152699488
3085, -764.7184448242188, 1054.693359375, 0.0954929068684578, 0.0, 0.0, 53.83383560180664, 9.017267526715353
3086, -764.6472778320312, 1054.7960205078125, 0.09740276634693146, 0.0, 0.0, 54.03520584106445, 8.971268460292341
3087, -764.572021484375, 1054.905517578125, 0.09931261837482452, 0.0, 0.0, 54.25727844238281, 8.922608179805732
3088, -764.501708984375, 1055.0089111328125, 0.10122247785329819, 0.0, 0.0, 54.473480224609375, 8.877022273521474
3089, -764.431396484375, 1055.1131591796875, 0.10504218935966492, 0.0, 0.0, 54.697689056396484, 8.831311903721595
3090, -764.365234375, 1055.2122802734375, 0.10695204883813858, 0.0, 0.0, 54.916873931884766, 8.788116586075963
3091, -764.2974243164062, 1055.31494140625, 0.10886190831661224, 0.0, 0.0, 55.149654388427734, 8.743683948108457
3092, -764.2317504882812, 1055.415283203125, 0.11268161982297897, 0.0, 0.0, 55.383453369140625, 8.700305595478232
3093, -764.1657104492188, 1055.5174560546875, 0.11459147930145264, 0.0, 0.0, 55.62752151489258, 8.656378634457646
3094, -764.1002807617188, 1055.61962890625, 0.1165013387799263, 0.0, 0.0, 55.87743377685547, 8.612684950553403
3095, -764.0341796875, 1055.7239990234375, 0.12032105028629303, 0.0, 0.0, 56.139278411865234, 8.568067978529717
3096, -763.9688110351562, 1055.8284912109375, 0.1222309097647667, 0.0, 0.0, 56.407691955566406, 8.523618080473907
3097, -763.90380859375, 1055.933837890625, 0.12605062127113342, 0.0, 0.0, 56.68489074707031, 8.478835060737962
3098, -763.84130859375, 1056.0362548828125, 0.12796048820018768, 0.0, 0.0, 56.960453033447266, 8.435501358741178
3099, -763.7781372070312, 1056.141357421875, 0.12987034022808075, 0.0, 0.0, 57.24921417236328, 8.391232742290274
3100, -763.717041015625, 1056.244384765625, 0.13369005918502808, 0.0, 0.0, 57.5382080078125, 8.347880659316782
3101, -763.6588134765625, 1056.3436279296875, 0.13559991121292114, 0.0, 0.0, 57.8223762512207, 8.306250767239971
3102, -763.6024780273438, 1056.4410400390625, 0.1375097632408142, 0.0, 0.0, 58.10676574707031, 8.265491464767683
3103, -763.5473022460938, 1056.537841796875, 0.14132948219776154, 0.0, 0.0, 58.39394760131836, 8.225065267084656
3104, -763.4902954101562, 1056.638916015625, 0.1432393491268158, 0.0, 0.0, 58.70042419433594, 8.1828742249684
3105, -763.4341430664062, 1056.740234375, 0.14514920115470886, 0.0, 0.0, 59.012325286865234, 8.140849170469748
3106, -763.37841796875, 1056.8421630859375, 0.1489689201116562, 0.0, 0.0, 59.332210540771484, 8.09850053735822
3107, -763.32568359375, 1056.940185546875, 0.15087877213954926, 0.0, 0.0, 59.645225524902344, 8.057914794757096
3108, -763.271728515625, 1057.0423583984375, 0.15469849109649658, 0.0, 0.0, 59.97673416137695, 8.015654497060275
3109, -763.2191162109375, 1057.1431884765625, 0.15660834312438965, 0.0, 0.0, 60.30982971191406, 7.974080727583646
3110, -763.1674194335938, 1057.244140625, 0.15851819515228271, 0.0, 0.0, 60.64874267578125, 7.932610266240073
3111, -763.1159057617188, 1057.346435546875, 0.16233791410923004, 0.0, 0.0, 60.99724578857422, 7.89062820685617
3112, -763.0661010742188, 1057.4471435546875, 0.1642477810382843, 0.0, 0.0, 61.34617233276367, 7.849420861300487
3113, -763.0182495117188, 1057.54541015625, 0.16615763306617737, 0.0, 0.0, 61.69152069091797, 7.809368564997057
3114, -762.9718627929688, 1057.642578125, 0.1699773520231247, 0.0, 0.0, 62.03816604614258, 7.769699688722028
3115, -762.9263916015625, 1057.7396240234375, 0.17188720405101776, 0.0, 0.0, 62.389076232910156, 7.730258153795711
3116, -762.8823852539062, 1057.835205078125, 0.17379705607891083, 0.0, 0.0, 62.7391357421875, 7.6915639132502935
3117, -762.8391723632812, 1057.9307861328125, 0.17761677503585815, 0.0, 0.0, 63.09416961669922, 7.65279581668637
3118, -762.7944946289062, 1058.031494140625, 0.17952664196491241, 0.0, 0.0, 63.473628997802734, 7.612088673233657
3119, -762.7525634765625, 1058.128173828125, 0.18143649399280548, 0.0, 0.0, 63.84273147583008, 7.574965190449224
3120, -762.7117309570312, 1058.2242431640625, 0.18334634602069855, 0.0, 0.0, 64.21295166015625, 7.537295001769551
3121, -762.671630859375, 1058.3201904296875, 0.18716606497764587, 0.0, 0.0, 64.58616638183594, 7.500106133093426
3122, -762.6312866210938, 1058.418701171875, 0.18907591700553894, 0.0, 0.0, 64.97415161132812, 7.461968545860326
3123, -762.5930786132812, 1058.513671875, 0.1909857839345932, 0.0, 0.0, 65.3512191772461, 7.427470616615068
3124, -762.5553588867188, 1058.609375, 0.19480548799037933, 0.0, 0.0, 65.73329162597656, 7.393161214986136
3125, -762.5183715820312, 1058.705078125, 0.1967153549194336, 0.0, 0.0, 66.11669921875, 7.358856686787959
3126, -762.4829711914062, 1058.7987060546875, 0.19862520694732666, 0.0, 0.0, 66.4923095703125, 7.3254148803284345
3127, -762.4476928710938, 1058.89404296875, 0.19989845156669617, 0.0, 0.0, 66.87688446044922, 7.291400846702209
3128, -762.414306640625, 1058.98681640625, 0.20180830359458923, 0.0, 0.0, 67.2531967163086, 7.258304895976465
3129, -762.3811645507812, 1059.0814208984375, 0.20117168128490448, 0.0, 0.0, 67.63880157470703, 7.22481058133522
3130, -762.3483276367188, 1059.1768798828125, 0.19989845156669617, 0.0, 0.0, 68.03006744384766, 7.191276474405003
3131, -762.3164672851562, 1059.27197265625, 0.20180830359458923, 0.0, 0.0, 68.42228698730469, 7.157795416697467
3132, -762.284423828125, 1059.3704833984375, 0.20117168128490448, 0.0, 0.0, 68.83003997802734, 7.1233905748014275
3133, -762.2537231445312, 1059.4678955078125, 0.19989845156669617, 0.0, 0.0, 69.23471069335938, 7.08965075350622
3134, -762.2251586914062, 1059.5606689453125, 0.20180830359458923, 0.0, 0.0, 69.62266540527344, 7.057918185264793
3135, -762.197509765625, 1059.653076171875, 0.20117168128490448, 0.0, 0.0, 70.0103530883789, 7.026578169220701
3136, -762.1705932617188, 1059.7452392578125, 0.19989845156669617, 0.0, 0.0, 70.39787292480469, 6.995967283546735
3137, -762.1435546875, 1059.84033203125, 0.20180830359458923, 0.0, 0.0, 70.7990493774414, 6.964232705059059
3138, -762.1177978515625, 1059.933837890625, 0.20117168128490448, 0.0, 0.0, 71.19412231445312, 6.933204517511684
3139, -762.0924682617188, 1060.028076171875, 0.19989845156669617, 0.0, 0.0, 71.59307098388672, 6.902125232839067
3140, -762.06787109375, 1060.1220703125, 0.20180830359458923, 0.0, 0.0, 71.99237823486328, 6.8709550109811115
3141, -762.0439453125, 1060.2164306640625, 0.20053507387638092, 0.0, 0.0, 72.3942642211914, 6.839844123894516
3142, -762.0205078125, 1060.311279296875, 0.19989845156669617, 0.0, 0.0, 72.79869079589844, 6.808682786261568
3143, -761.9981689453125, 1060.4049072265625, 0.20180830359458923, 0.0, 0.0, 73.19861602783203, 6.77778362250864
3144, -761.976318359375, 1060.4998779296875, 0.20053507387638092, 0.0, 0.0, 73.6045150756836, 6.7472888221225436
3145, -761.955322265625, 1060.59375, 0.19989845156669617, 0.0, 0.0, 74.00588989257812, 6.718133390987197
3146, -761.9352416992188, 1060.68701171875, 0.20180830359458923, 0.0, 0.0, 74.40293884277344, 6.690924157906122
3147, -761.915771484375, 1060.7806396484375, 0.20053507387638092, 0.0, 0.0, 74.80194854736328, 6.663618730979224
3148, -761.8978881835938, 1060.8702392578125, 0.19989845156669617, 0.0, 0.0, 75.18435668945312, 6.637849440081345
3149, -761.880615234375, 1060.9603271484375, 0.20180830359458923, 0.0, 0.0, 75.572265625, 6.604780771448018
3150, -761.8638305664062, 1061.0516357421875, 0.20053507387638092, 0.0, 0.0, 75.970703125, 6.570757496807377
3151, -761.847412109375, 1061.1439208984375, 0.19989845156669617, 0.0, 0.0, 76.37678527832031, 6.536948582183457
3152, -761.8319091796875, 1061.235107421875, 0.20180830359458923, 0.0, 0.0, 76.78050231933594, 6.499984705406145
3153, -761.8170776367188, 1061.3258056640625, 0.20053507387638092, 0.02500000037252903, 0.0, 77.18478393554688, 6.465399553428768
3154, -761.8035888671875, 1061.41259765625, 0.19989845156669617, 0.05000000074505806, 0.0, 77.57174682617188, 6.43349091829687
3155, -761.7907104492188, 1061.49951171875, 0.20180830359458923, 0.07500000298023224, 0.0, 77.96096801757812, 6.402885358713017
3156, -761.7784423828125, 1061.5860595703125, 0.20053507387638092, 0.125, 0.0, 78.35021209716797, 6.373972069994139
3157, -761.7670288085938, 1061.6707763671875, 0.19989845156669617, 0.15000000596046448, 0.0, 78.73163604736328, 6.347698816305525
3158, -761.755615234375, 1061.760009765625, 0.20180830359458923, 0.17500001192092896, 0.0, 79.13411712646484, 6.322054021819707
3159, -761.7449951171875, 1061.8482666015625, 0.20053507387638092, 0.2250000238418579, 0.0, 79.53250885009766, 6.299569418973697
3160, -761.7352294921875, 1061.935302734375, 0.19989845156669617, 0.2500000298023224, 0.0, 79.92596435546875, 6.279956303777345
3161, -761.7255859375, 1062.0262451171875, 0.20180830359458923, 0.27500003576278687, 0.0, 80.33736419677734, 6.26229529543396
3162, -761.717041015625, 1062.11328125, 0.20053507387638092, 0.3250000476837158, 0.0, 80.7315444946289, 6.24788859915109
3163, -761.7090454101562, 1062.2001953125, 0.19989845156669617, 0.3500000536441803, 0.0, 81.12556457519531, 6.236366535311449
3164, -761.6953735351562, 1062.3682861328125, 0.1992618292570114, 0.3750000596046448, 0.0, 81.8863525390625, 6.221954482397352
3165, -761.689453125, 1062.4520263671875, 0.19735197722911835, 0.4500000774860382, 0.0, 82.26347351074219, 6.218669258312238
3166, -761.6839599609375, 1062.5364990234375, 0.1967153549194336, 0.4750000834465027, 0.0, 82.6415786743164, 6.218188438414654
3167, -761.6788940429688, 1062.6224365234375, 0.19607873260974884, 0.5250000357627869, 0.0, 83.02503967285156, 6.220515768944942
3168, -761.6742553710938, 1062.7109375, 0.19480548799037933, 0.550000011920929, 0.0, 83.41804504394531, 6.225996141406682
3169, -761.6668701171875, 1062.8846435546875, 0.19416888058185577, 0.574999988079071, 0.0, 84.1826171875, 6.245429696529734
3170, -761.6641235351562, 1062.9686279296875, 0.1922590136528015, 0.6499999165534973, 0.0, 84.54830932617188, 6.259251913245781
3171, -761.661865234375, 1063.053466796875, 0.19162240624427795, 0.6749998927116394, 0.0, 84.9167251586914, 6.275862622751507
3172, -761.66015625, 1063.1376953125, 0.1909857839345932, 0.6999998688697815, 0.0, 85.27987670898438, 6.295920679530441
3173, -761.6588745117188, 1063.223388671875, 0.1897125393152237, 0.7499998211860657, 0.0, 85.64675903320312, 6.318851216050497
3174, -761.658203125, 1063.3126220703125, 0.18907591700553894, 0.7749997973442078, 0.0, 86.02604675292969, 6.345330086255843
3175, -761.6580810546875, 1063.3990478515625, 0.18843930959701538, 0.7999997735023499, 0.0, 86.39193725585938, 6.373098524347539
3176, -761.6585693359375, 1063.4881591796875, 0.18716606497764587, 0.849999725818634, 0.0, 86.76673889160156, 6.403974048148921
3177, -761.6597290039062, 1063.5806884765625, 0.18652944266796112, 0.8749997019767761, 0.0, 87.15396118164062, 6.438908230756348
3178, -761.661376953125, 1063.6719970703125, 0.18589282035827637, 0.8999996781349182, 0.0, 87.5337142944336, 6.475833281505931
3179, -761.6636352539062, 1063.765625, 0.1839829683303833, 0.9749996066093445, 0.0, 87.92057800292969, 6.515859874505817
3180, -761.6663818359375, 1063.85595703125, 0.18334634602069855, 0.9999995827674866, 0.0, 88.2901840209961, 6.557082073766924
3181, -761.6697998046875, 1063.9478759765625, 0.1827097237110138, 1.0249996185302734, 0.0, 88.66236877441406, 6.601531042912036
3182, -761.6737060546875, 1064.0377197265625, 0.18143649399280548, 1.0, 0.0, 89.02253723144531, 6.6464006166531275
3183, -761.6785888671875, 1064.133056640625, 0.18079987168312073, 1.0, 0.0, 89.40047454833984, 6.695615328509452
3184, -761.6836547851562, 1064.224853515625, 0.18016324937343597, 1.0, 0.0, 89.7611083984375, 6.744291874454394
3185, -761.6893310546875, 1064.3170166015625, 0.17889001965522766, 1.0, 0.0, 90.11992645263672, 6.793935058408295
3186, -761.6956787109375, 1064.411376953125, 0.1782533973455429, 1.0, 0.0, 90.48465728759766, 6.845191740503283
3187, -761.7025756835938, 1064.5052490234375, 0.17761677503585815, 1.0, 0.0, 90.84477233886719, 6.896354690666965
3188, -761.7099609375, 1064.5985107421875, 0.17634354531764984, 1.0, 0.0, 91.20085906982422, 6.947526726846053
3189, -761.718017578125, 1064.6947021484375, 0.1757069230079651, 1.0, 0.0, 91.56592559814453, 7.0001539304281435
3190, -761.7268676757812, 1064.7938232421875, 0.17507030069828033, 1.0, 0.0, 91.94046020507812, 7.054302566880999
3191, -761.736328125, 1064.8924560546875, 0.17379705607891083, 1.0, 0.0, 92.3106460571289, 7.107815860351925
3192, -761.7464599609375, 1064.9930419921875, 0.17316044867038727, 1.0, 0.0, 92.68714141845703, 7.162281208163096
3193, -761.7575073242188, 1065.0958251953125, 0.17252382636070251, 1.0, 0.0, 93.07019805908203, 7.2176152743251345
3194, -761.7688598632812, 1065.1961669921875, 0.17379705607891083, 1.0, 0.0, 93.44319915771484, 7.271106749605056
3195, -761.7810668945312, 1065.2979736328125, 0.1757069230079651, 1.0, 0.0, 93.8203353881836, 7.324640953412386
3196, -761.7937622070312, 1065.398681640625, 0.17761677503585815, 1.0, 0.0, 94.19448852539062, 7.3771425263541195
3197, -761.8067016601562, 1065.4979248046875, 0.17952664196491241, 1.0, 0.0, 94.5639877319336, 7.428347197147245
3198, -761.8206176757812, 1065.598388671875, 0.18334634602069855, 1.0, 0.0, 94.93991088867188, 7.479474984098937
3199, -761.835693359375, 1065.701904296875, 0.1852562129497528, 1.0, 0.0, 95.33045196533203, 7.5318240867445985
3200, -761.8515625, 1065.8057861328125, 0.18716606497764587, 1.0, 0.0, 95.7246322631836, 7.583860466847232
3201, -761.8677978515625, 1065.908203125, 0.1909857839345932, 1.0, 0.0, 96.11632537841797, 7.6344685509119685
3202, -761.8853149414062, 1066.0128173828125, 0.19289563596248627, 1.0, 0.0, 96.52066040039062, 7.685878249982777
3203, -761.9034423828125, 1066.1170654296875, 0.19480548799037933, 1.0, 0.0, 96.92672729492188, 7.736652916741683
3204, -761.9225463867188, 1066.2218017578125, 0.19862520694732666, 1.0, 0.0, 97.33935546875, 7.787084559167985
3205, -761.9419555664062, 1066.32470703125, 0.20053507387638092, 1.0, 0.0, 97.74895477294922, 7.836307367682969
3206, -761.962158203125, 1066.427001953125, 0.19989845156669617, 1.0, 0.0, 98.16021728515625, 7.8853143769765985
3207, -761.9842529296875, 1066.53515625, 0.20180830359458923, 1.0, 0.0, 98.59915161132812, 7.936741858824822
3208, -762.0078125, 1066.6458740234375, 0.20053507387638092, 1.0, 0.0, 99.05239868164062, 7.9894710096052455
3209, -762.03076171875, 1066.7503662109375, 0.19989845156669617, 1.0, 0.0, 99.48258972167969, 8.039058058402711
3210, -762.0549926757812, 1066.85693359375, 0.1992618292570114, 1.0, 0.0, 99.92404174804688, 8.089543707349595
3211, -762.0808715820312, 1066.966796875, 0.1979885846376419, 1.0, 0.0, 100.38172912597656, 8.141549215361731
3212, -762.1072998046875, 1067.075927734375, 0.19735197722911835, 1.0, 0.0, 100.8374252319336, 8.192911115338822
3213, -762.1344604492188, 1067.184326171875, 0.1967153549194336, 1.0, 0.0, 101.29206848144531, 8.24376291734168
3214, -762.1629638671875, 1067.2945556640625, 0.19607873260974884, 1.0, 0.0, 101.75530242919922, 8.295200823723148
3215, -762.1925659179688, 1067.4058837890625, 0.19480548799037933, 1.0, 0.0, 102.22439575195312, 8.347020626479223
3216, -762.2218017578125, 1067.5125732421875, 0.19416888058185577, 1.0, 0.0, 102.67457580566406, 8.396416040306885
3217, -762.2523193359375, 1067.62109375, 0.19353225827217102, 1.0, 0.0, 103.13320922851562, 8.446438912523483
3218, -762.2850341796875, 1067.734375, 0.19289563596248627, 1.0, 0.0, 103.61225891113281, 8.498370183649143
3219, -762.3175659179688, 1067.843994140625, 0.19162240624427795, 1.0, 0.0, 104.07552337646484, 8.548394421123191
3220, -762.3507690429688, 1067.9530029296875, 0.1909857839345932, 1.0, 0.0, 104.53712463378906, 8.59797445080105
3221, -762.3861694335938, 1068.06640625, 0.18780268728733063, 1.0, 0.0, 105.01641845703125, 8.649597504837535
3222, -762.4231567382812, 1068.1820068359375, 0.18461959064006805, 1.0, 0.0, 105.50396728515625, 8.702245546944
3223, -762.4602661132812, 1068.295166015625, 0.1782533973455429, 1.0, 0.0, 105.9792251586914, 8.754207395253754
3224, -762.4981689453125, 1068.407958984375, 0.17507030069828033, 1.0, 0.0, 106.44935607910156, 8.805788449812253
3225, -762.5375366210938, 1068.522705078125, 0.17188720405101776, 1.0, 0.0, 106.92499542236328, 8.858203887661027
3226, -762.5771484375, 1068.6361083984375, 0.16233791410923004, 1.0, 0.0, 107.3893814086914, 8.910522734938306
3227, -762.6192626953125, 1068.7537841796875, 0.15915481746196747, 1.0, 0.0, 107.8656234741211, 8.964516616996471
3228, -762.6607666015625, 1068.8677978515625, 0.1559717208147049, 1.0, 0.0, 108.32099914550781, 9.016495663445077
3229, -762.7024536132812, 1068.9803466796875, 0.15278862416744232, 1.0, 0.0, 108.76521301269531, 9.06759587967682
3230, -762.7445678710938, 1069.092041015625, 0.14642244577407837, 1.0, 0.0, 109.19940948486328, 9.11837602448058
3231, -762.788330078125, 1069.2059326171875, 0.1432393491268158, 1.0, 0.0, 109.63626098632812, 9.16995881688669
3232, -762.8324584960938, 1069.319091796875, 0.14005625247955322, 1.0, 0.0, 110.06279754638672, 9.2208427960694
3233, -762.877197265625, 1069.431640625, 0.13687315583229065, 1.0, 0.0, 110.48115539550781, 9.271306175384701
3234, -762.9259033203125, 1069.5523681640625, 0.13369005918502808, 1.0, 0.0, 110.9223403930664, 9.325167997536248
3235, -762.9727172851562, 1069.666259765625, 0.1305069625377655, 1.0, 0.0, 111.33153533935547, 9.375718513568572
3236, -763.020751953125, 1069.78125, 0.12732386589050293, 1.0, 0.0, 111.73859405517578, 9.42665187705514
3237, -763.070556640625, 1069.898681640625, 0.12095767259597778, 1.0, 0.0, 112.14620971679688, 9.478746387262744
3238, -763.1204223632812, 1070.0147705078125, 0.11777457594871521, 1.0, 0.0, 112.54118347167969, 9.529966301645478
3239, -763.171142578125, 1070.130615234375, 0.11459147930145264, 1.0, 0.0, 112.92851257324219, 9.580959199972792
3240, -763.2225341796875, 1070.24658203125, 0.11140838265419006, 1.0, 0.0, 113.30862426757812, 9.631803793393315
3241, -763.2752685546875, 1070.364013671875, 0.10185910016298294, 1.0, 0.0, 113.68437957763672, 9.683629901010168
3242, -763.3284301757812, 1070.480712890625, 0.09867600351572037, 1.0, 0.0, 114.04838562011719, 9.734805927208013
3243, -763.3807373046875, 1070.59423828125, 0.0954929068684578, 1.0, 0.0, 114.39424133300781, 9.784387874923153
3244, -763.4338989257812, 1070.7081298828125, 0.09230981022119522, 1.0, 0.0, 114.73301696777344, 9.833940770208498
3245, -763.4893798828125, 1070.82568359375, 0.08912671357393265, 1.0, 0.0, 115.07349395751953, 9.88481845706219
3246, -763.6035766601562, 1071.0633544921875, 0.0827605202794075, 1.0, 0.0, 115.73462677001953, 9.987376925226634
3247, -763.6604614257812, 1071.1798095703125, 0.07957742363214493, 1.0, 0.0, 116.04613494873047, 10.037269587280448
3248, -763.71826171875, 1071.2967529296875, 0.07321123778820038, 1.0, 0.0, 116.34970092773438, 10.087365860990186
3249, -763.7777099609375, 1071.4158935546875, 0.0700281411409378, 1.0, 0.0, 116.64974975585938, 10.138222672128064
3250, -763.8399658203125, 1071.539306640625, 0.06684504449367523, 1.0, 0.0, 116.95100402832031, 10.19073071170389
3251, -763.9046630859375, 1071.666259765625, 0.06047884374856949, 1.0, 0.0, 117.24998474121094, 10.244733327620605
3252, -763.96435546875, 1071.782470703125, 0.05729574337601662, 1.0, 0.0, 117.51398468017578, 10.293902374496245
3253, -764.0258178710938, 1071.901123046875, 0.054112643003463745, 1.0, 0.0, 117.77409362792969, 10.34391944693167
3254, -764.0877685546875, 1072.0194091796875, 0.05092954635620117, 1.0, 0.0, 118.02447509765625, 10.393660516824072
3255, -764.1522216796875, 1072.1417236328125, 0.0477464459836483, 1.0, 0.0, 118.2734375, 10.44488018536033
3256, -764.2162475585938, 1072.2620849609375, 0.04138024523854256, 1.0, 0.0, 118.50809478759766, 10.495188353563742
3257, -764.2826538085938, 1072.3863525390625, 0.038197144865989685, 1.0, 0.0, 118.73970031738281, 10.546913878798954
3258, -764.3494873046875, 1072.510498046875, 0.03501404821872711, 1.0, 0.0, 118.9607162475586, 10.598410780711417
3259, -764.4158935546875, 1072.6328125, 0.02864784747362137, 1.0, 0.0, 119.16769409179688, 10.64905742189853
3260, -764.4816284179688, 1072.753173828125, 0.025464747101068497, 1.0, 0.0, 119.36082458496094, 10.698650412703513
3261, -764.5479736328125, 1072.8739013671875, 0.022281648591160774, 1.0, 0.0, 119.5441665649414, 10.748169579122054
3262, -764.6163330078125, 1072.997802734375, 0.019098548218607903, 1.0, 0.0, 119.72158813476562, 10.798765055811124
3263, -764.6840209960938, 1073.11962890625, 0.017825309187173843, 1.0, 0.0, 119.88629150390625, 10.848324191629633
3264, -764.7556762695312, 1073.2479248046875, 0.01718869060277939, 1.0, 0.0, 120.0496826171875, 10.900219397186454
3265, -764.8251342773438, 1073.3714599609375, 0.016552072018384933, 1.0, 0.0, 120.19831848144531, 10.949967711314313
3266, -764.8942260742188, 1073.49365234375, 0.01591545157134533, 1.0, 0.0, 120.3376235961914, 10.998986872137008
3267, -764.9640502929688, 1073.6168212890625, 0.014642211608588696, 1.0, 0.0, 120.47037506103516, 11.048166280421372
3268, -765.03662109375, 1073.7440185546875, 0.014005591161549091, 1.0, 0.0, 120.60001373291016, 11.098740758627033
3269, -765.1077880859375, 1073.867919921875, 0.013368970714509487, 1.0, 0.0, 120.71971893310547, 11.147814164545114
3270, -765.1770629882812, 1073.9881591796875, 0.012732351198792458, 1.0, 0.0, 120.8300552368164, 11.195295074699567
3271, -765.2507934570312, 1074.115234375, 0.012095730751752853, 1.0, 0.0, 120.9406509399414, 11.245318988105636
3272, -765.3253173828125, 1074.2432861328125, 0.01082249078899622, 1.0, 0.0, 121.04605102539062, 11.295481653685565
3273, -765.3973999023438, 1074.3665771484375, 0.010185870341956615, 1.0, 0.0, 121.1422348022461, 11.343617441722415
3274, -765.4713134765625, 1074.492431640625, 0.009549250826239586, 1.0, 0.0, 121.23535919189453, 11.392586392356854
3275, -765.5455932617188, 1074.6182861328125, 0.008912630379199982, 1.0, 0.0, 121.32369995117188, 11.44140648566533
3276, -765.6185913085938, 1074.741455078125, 0.008276009932160378, 1.0, 0.0, 121.40557861328125, 11.488964521761309
3277, -765.697265625, 1074.873779296875, 0.007002770900726318, 1.0, 0.0, 121.48871612548828, 11.53991557724163
3278, -765.7716064453125, 1074.998291015625, 0.006366151385009289, 1.0, 0.0, 121.56269073486328, 11.587684191132135
3279, -765.846923828125, 1075.1239013671875, 0.005729531869292259, 1.0, 0.0, 121.63323211669922, 11.63570280095378
3280, -765.9237060546875, 1075.2518310546875, 0.005092911887913942, 1.0, 0.0, 121.70093536376953, 11.684338134681473
3281, -765.9993286132812, 1075.377197265625, 0.0038196726236492395, 1.0, 0.0, 121.76358032226562, 11.731930945276254
3282, -766.080078125, 1075.5106201171875, 0.0031830526422709227, 1.0, 0.0, 121.82601928710938, 11.782368447900906
3283, -766.1577758789062, 1075.638916015625, 0.0025464328937232494, 1.0, 0.0, 121.88228607177734, 11.830619796306848
3284, -766.2352905273438, 1075.766357421875, 0.0019098130287602544, 1.0, 0.0, 121.93470001220703, 11.878403367050524
3285, -766.3157348632812, 1075.8984375, 0.0, 1.0, 0.0, 121.985107421875, 11.927743820935419
3286, -766.3942260742188, 1076.02685546875, 0.0, 1.0, 0.0, 122.03067779541016, 11.975525985673352
3287, -766.4719848632812, 1076.15380859375, 0.0, 1.0, 0.0, 122.0725326538086, 12.022571523280922
3288, -766.5510864257812, 1076.28271484375, 0.0, 1.0, 0.0, 122.11209869384766, 12.070142188167248
3289, -766.6309814453125, 1076.41259765625, 0.0, 1.0, 0.0, 122.14922332763672, 12.117892704577157
3290, -766.7113647460938, 1076.54296875, 0.0, 1.0, 0.0, 122.18392181396484, 12.165648930375541
3291, -766.7902221679688, 1076.670654296875, 0.0, 1.0, 0.0, 122.21566772460938, 12.212201678160547
3292, -766.8722534179688, 1076.803466796875, 0.0, 1.0, 0.0, 122.24644470214844, 12.260377106115964
3293, -766.9539184570312, 1076.9351806640625, 0.0, 1.0, 0.0, 122.27494049072266, 12.308052484962374
3294, -767.0365600585938, 1077.068359375, 0.0, 1.0, 0.0, 122.30186462402344, 12.35601218769376
3295, -767.1160278320312, 1077.19580078125, 0.0, 1.0, 0.0, 122.32603454589844, 12.401813775055329
3296, -767.1968383789062, 1077.3258056640625, 0.0, 1.0, 0.0, 122.34909057617188, 12.44824955670828
3297, -767.2804565429688, 1077.4598388671875, 0.0, 1.0, 0.0, 122.3714370727539, 12.495986253387189
3298, -767.3663330078125, 1077.59716796875, 0.0, 1.0, 0.0, 122.3928451538086, 12.544724578358531
3299, -767.4473266601562, 1077.7266845703125, 0.0, 1.0, 0.0, 122.41178894042969, 12.5904775143874
3300, -767.5310668945312, 1077.8603515625, 0.0, 1.0, 0.0, 122.43020629882812, 12.637538439392877
3301, -767.6133422851562, 1077.991455078125, 0.0, 1.0, 0.0, 122.44722747802734, 12.683534878648192
3302, -767.697021484375, 1078.1246337890625, 0.0, 1.0, 0.0, 122.46350860595703, 12.730065900335562
3303, -767.7816162109375, 1078.2591552734375, 0.0, 1.0, 0.0, 122.47900390625, 12.776877142718915
3304, -767.86865234375, 1078.3973388671875, 0.0, 1.0, 0.0, 122.49398803710938, 12.824769175140764
3305, -767.9567260742188, 1078.5369873046875, 0.0, 1.0, 0.0, 122.50828552246094, 12.87299652341758
3306, -768.042724609375, 1078.6734619140625, 0.0, 1.0, 0.0, 122.52145385742188, 12.91991957098367
3307, -768.1284790039062, 1078.8094482421875, 0.0, 1.0, 0.0, 122.53385925292969, 12.966477156394316
3308, -768.21630859375, 1078.9483642578125, 0.0, 1.0, 0.0, 122.54585266113281, 13.013899590340845
3309, -768.3049926757812, 1079.0887451171875, 0.0, 1.0, 0.0, 122.55738067626953, 13.061588874035142
3310, -768.3898315429688, 1079.22265625, 0.0, 1.0, 0.0, 122.5678482055664, 13.106932507503869
3311, -768.474365234375, 1079.3560791015625, 0.0, 1.0, 0.0, 122.57769775390625, 13.151928726716356
3312, -768.567626953125, 1079.503173828125, 0.0, 1.0, 0.0, 122.5880355834961, 13.201382757327693
3313, -768.6573486328125, 1079.64453125, 0.0, 1.0, 0.0, 122.59748840332031, 13.248679138587953
3314, -768.7479248046875, 1079.787353515625, 0.0, 1.0, 0.0, 122.60655975341797, 13.296281230564771
3315, -768.8313598632812, 1079.9185791015625, 0.0, 1.0, 0.0, 122.61454010009766, 13.339891712474115
3316, -768.9232788085938, 1080.06298828125, 0.0019098592456430197, 1.0, 0.0, 122.62332153320312, 13.387665379442343
3317, -769.0126342773438, 1080.203369140625, 0.005729577504098415, 1.0, 0.0, 122.63259887695312, 13.433870518208092
3318, -769.1021118164062, 1080.3436279296875, 0.007639436982572079, 1.0, 0.0, 122.64322662353516, 13.479865629803644
3319, -769.1900634765625, 1080.4815673828125, 0.009549296461045742, 1.0, 0.0, 122.65530395507812, 13.524889671441677
3320, -769.2801513671875, 1080.6224365234375, 0.01145915500819683, 1.0, 0.0, 122.66961669921875, 13.570691373175444
3321, -769.373046875, 1080.7674560546875, 0.013369014486670494, 1.0, 0.0, 122.6867446899414, 13.617652569498164
3322, -769.4666748046875, 1080.9136962890625, 0.015278873965144157, 1.0, 0.0, 122.70687103271484, 13.664788686495983
3323, -769.5558471679688, 1081.05224609375, 0.01718873344361782, 1.0, 0.0, 122.72869873046875, 13.709327641508626
3324, -769.6465454101562, 1081.193115234375, 0.021008450537919998, 1.0, 0.0, 122.75422668457031, 13.754301147181552
3325, -769.7412109375, 1081.33984375, 0.02291831001639366, 1.0, 0.0, 122.78486633300781, 13.800970717609912
3326, -769.837646484375, 1081.48876953125, 0.024828169494867325, 1.0, 0.0, 122.82023620605469, 13.848211208671934
3327, -769.9293823242188, 1081.63037109375, 0.026738028973340988, 1.0, 0.0, 122.85794067382812, 13.892883908359682
3328, -770.0247192382812, 1081.7769775390625, 0.02864788845181465, 1.0, 0.0, 122.90145874023438, 13.938998183150616
3329, -770.1195678710938, 1081.92236328125, 0.030557747930288315, 1.0, 0.0, 122.94917297363281, 13.984589033761326
3330, -770.2177124023438, 1082.0726318359375, 0.03246760740876198, 1.0, 0.0, 123.00343322753906, 14.031461801113693
3331, -770.31396484375, 1082.2193603515625, 0.036287322640419006, 1.0, 0.0, 123.06165313720703, 14.07697688302253
3332, -770.410400390625, 1082.3658447265625, 0.03819718211889267, 1.0, 0.0, 123.12522888183594, 14.122274902650387
3333, -770.5073852539062, 1082.5128173828125, 0.040107037872076035, 1.0, 0.0, 123.19447326660156, 14.16756076474523
3334, -770.6069946289062, 1082.6634521484375, 0.0420168936252594, 1.0, 0.0, 123.27114868164062, 14.213726509578509
3335, -770.7042846679688, 1082.8096923828125, 0.04392675310373306, 1.0, 0.0, 123.3513412475586, 14.258470077074511
3336, -770.8032836914062, 1082.9581298828125, 0.04583660885691643, 1.0, 0.0, 123.43839263916016, 14.303651949862772
3337, -770.9017944335938, 1083.1053466796875, 0.049656324088573456, 1.0, 0.0, 123.53087615966797, 14.348193819051913
3338, -771.0036010742188, 1083.2567138671875, 0.05156618356704712, 1.0, 0.0, 123.63252258300781, 14.393842752989428
3339, -771.1026611328125, 1083.4034423828125, 0.053476039320230484, 1.0, 0.0, 123.73729705810547, 14.43793371075756
3340, -771.2045288085938, 1083.5538330078125, 0.05538589879870415, 1.0, 0.0, 123.85115814208984, 14.48293402249255
3341, -771.30224609375, 1083.697265625, 0.05729575455188751, 1.0, 0.0, 123.9658203125, 14.525736976778123
3342, -771.4046020507812, 1083.84716796875, 0.059205614030361176, 1.0, 0.0, 124.09198760986328, 14.570241065569059
3343, -771.5034790039062, 1083.990966796875, 0.0630253255367279, 1.0, 0.0, 124.21961975097656, 14.612681331458848
3344, -771.6064453125, 1084.14013671875, 0.06493518501520157, 1.0, 0.0, 124.3587875366211, 14.656519698107356
3345, -771.7075805664062, 1084.285888671875, 0.0687548965215683, 1.0, 0.0, 124.5017318725586, 14.699028496812874
3346, -771.8132934570312, 1084.437255859375, 0.07066475600004196, 1.0, 0.0, 124.65788269042969, 14.743081123038072
3347, -771.91748046875, 1084.5859375, 0.07257461547851562, 1.0, 0.0, 124.81835174560547, 14.786141337307857
3348, -772.0220336914062, 1084.7340087890625, 0.07448447495698929, 1.0, 0.0, 124.98558044433594, 14.828922899134847
3349, -772.1306762695312, 1084.8870849609375, 0.07639432698488235, 1.0, 0.0, 125.16614532470703, 14.872992612219068
3350, -772.2430419921875, 1085.0443115234375, 0.08021404594182968, 1.0, 0.0, 125.35990905761719, 14.917866457809666
3351, -772.3504028320312, 1085.193603515625, 0.08212390542030334, 1.0, 0.0, 125.55168151855469, 14.96033113841321
3352, -772.4553833007812, 1085.3387451171875, 0.08403375744819641, 1.0, 0.0, 125.74531555175781, 15.001442834581237
3353, -772.5672607421875, 1085.492431640625, 0.08594361692667007, 1.0, 0.0, 125.95829772949219, 15.044800501060957
3354, -772.6788940429688, 1085.6446533203125, 0.08785347640514374, 1.0, 0.0, 126.17739868164062, 15.087606243245315
3355, -772.7915649414062, 1085.797119140625, 0.09167318791151047, 1.0, 0.0, 126.40503692626953, 15.130090535971863
3356, -772.90576171875, 1085.9505615234375, 0.09167318791151047, 1.0, 0.0, 126.6422348022461, 15.172887990254365
3357, -773.0144653320312, 1086.095458984375, 0.09358304738998413, 1.0, 0.0, 126.87357330322266, 15.213145661854188
3358, -773.1319580078125, 1086.250732421875, 0.0954929068684578, 1.0, 0.0, 127.12971496582031, 15.256117003812639
3359, -773.2466430664062, 1086.4012451171875, 0.09485628455877304, 1.0, 0.0, 127.38536834716797, 15.29786744605969
3360, -773.363525390625, 1086.553466796875, 0.09421966969966888, 1.0, 0.0, 127.65103912353516, 15.340175092535803
3361, -773.4761352539062, 1086.6990966796875, 0.09230981022119522, 1.0, 0.0, 127.91075897216797, 15.380810586264221
3362, -773.591796875, 1086.847412109375, 0.09167318791151047, 1.0, 0.0, 128.18096923828125, 15.422234369307638
3363, -773.7136840820312, 1087.00244140625, 0.09103657305240631, 1.0, 0.0, 128.4690399169922, 15.465553664659426
3364, -773.8308715820312, 1087.1502685546875, 0.09039995074272156, 1.0, 0.0, 128.7486572265625, 15.50686216477631
3365, -773.945556640625, 1087.2939453125, 0.0897633358836174, 1.0, 0.0, 129.02455139160156, 15.546973482287004
3366, -774.0645141601562, 1087.44189453125, 0.0897633358836174, 1.0, 0.0, 129.312744140625, 15.588179730622333
3367, -774.1809692382812, 1087.5855712890625, 0.0884900912642479, 1.0, 0.0, 129.59637451171875, 15.628248326330723
3368, -774.3009033203125, 1087.732177734375, 0.08785347640514374, 1.0, 0.0, 129.88958740234375, 15.669136049623473
3369, -774.4216918945312, 1087.87890625, 0.08658023923635483, 1.0, 0.0, 130.18605041503906, 15.710067942540471
3370, -774.542236328125, 1088.02392578125, 0.08594361692667007, 1.0, 0.0, 130.4821319580078, 15.750513450990693
3371, -774.6650390625, 1088.170654296875, 0.08530700206756592, 1.0, 0.0, 130.78428649902344, 15.791358835101294
3372, -774.7890625, 1088.3173828125, 0.08467037975788116, 1.0, 0.0, 131.08908081054688, 15.832181221310865
3373, -774.9147338867188, 1088.465087890625, 0.08467037975788116, 1.0, 0.0, 131.39840698242188, 15.873157864530578
3374, -775.0374755859375, 1088.6080322265625, 0.08403375744819641, 1.0, 0.0, 131.69996643066406, 15.912772712042244
3375, -775.165283203125, 1088.7554931640625, 0.08212390542030334, 1.0, 0.0, 132.01307678222656, 15.953768841852968
3376, -775.2969360351562, 1088.906005859375, 0.08148728311061859, 1.0, 0.0, 132.3346405029297, 15.995583372589985
3377, -775.4242553710938, 1089.0504150390625, 0.08085066080093384, 1.0, 0.0, 132.6445770263672, 16.035646331099937
3378, -775.5538330078125, 1089.1959228515625, 0.08021404594182968, 1.0, 0.0, 132.9585418701172, 16.075997252742855
3379, -775.6832885742188, 1089.340087890625, 0.07957742363214493, 1.0, 0.0, 133.27120971679688, 16.11597850223513
3380, -775.8116455078125, 1089.4818115234375, 0.07894080877304077, 1.0, 0.0, 133.57949829101562, 16.155231592385
3381, -775.9421997070312, 1089.6248779296875, 0.07830418646335602, 1.0, 0.0, 133.8916778564453, 16.194814532660263
3382, -776.0745849609375, 1089.7684326171875, 0.07766757160425186, 1.0, 0.0, 134.2062225341797, 16.234565649832213
3383, -776.2054443359375, 1089.9091796875, 0.07639432698488235, 1.0, 0.0, 134.51565551757812, 16.273616865835713
3384, -776.339111328125, 1090.0516357421875, 0.0757577121257782, 1.0, 0.0, 134.8294219970703, 16.31311174643311
3385, -776.475830078125, 1090.1959228515625, 0.07512108981609344, 1.0, 0.0, 135.1482696533203, 16.353154042527393
3386, -776.6140747070312, 1090.34033203125, 0.07512108981609344, 1.0, 0.0, 135.46820068359375, 16.393186573266462
3387, -776.7520751953125, 1090.4835205078125, 0.07448447495698929, 1.0, 0.0, 135.7855682373047, 16.43282782105931
3388, -776.8901977539062, 1090.6251220703125, 0.07384785264730453, 1.0, 0.0, 136.1007537841797, 16.472138345819847
3389, -777.0296630859375, 1090.7669677734375, 0.07321123778820038, 1.0, 0.0, 136.4166259765625, 16.511497453525003
3390, -777.1675415039062, 1090.9058837890625, 0.07257461547851562, 1.0, 0.0, 136.72642517089844, 16.550062766507878
3391, -777.3092041015625, 1091.047119140625, 0.07066475600004196, 1.0, 0.0, 137.0421142578125, 16.589537733370328
3392, -777.4510498046875, 1091.1875, 0.0700281411409378, 1.0, 0.0, 137.3557586669922, 16.628764806852956
3393, -777.5941162109375, 1091.32763671875, 0.06939151883125305, 1.0, 0.0, 137.6690673828125, 16.667970370868094
3394, -777.7379760742188, 1091.4671630859375, 0.0687548965215683, 1.0, 0.0, 137.98104858398438, 16.707042438183993
3395, -777.885009765625, 1091.6085205078125, 0.06811828166246414, 1.0, 0.0, 138.29708862304688, 16.74667483012102
3396, -778.0360107421875, 1091.752197265625, 0.06748165935277939, 1.0, 0.0, 138.61871337890625, 16.787063301762956
3397, -778.1873168945312, 1091.8946533203125, 0.06684504449367523, 1.0, 0.0, 138.9375762939453, 16.827183955056597
3398, -778.3349609375, 1092.0323486328125, 0.06620842218399048, 1.0, 0.0, 139.245849609375, 16.866031696631588
3399, -778.4837036132812, 1092.1697998046875, 0.06557180732488632, 1.0, 0.0, 139.5533447265625, 16.904869583222883
3400, -778.6405029296875, 1092.313232421875, 0.06493518501520157, 1.0, 0.0, 139.8743133544922, 16.9455075582431
3401, -778.7908935546875, 1092.4495849609375, 0.06429856270551682, 1.0, 0.0, 140.17910766601562, 16.984193226249236
3402, -778.9468383789062, 1092.5894775390625, 0.06366194784641266, 1.0, 0.0, 140.49191284179688, 17.024016070512367
3403, -779.1025390625, 1092.7276611328125, 0.06238870695233345, 1.0, 0.0, 140.8007049560547, 17.063540507120166
3404, -779.2625122070312, 1092.8682861328125, 0.061752088367938995, 1.0, 0.0, 141.11456298828125, 17.10384725674643
3405, -779.4217529296875, 1093.0069580078125, 0.06111546978354454, 1.0, 0.0, 141.42376708984375, 17.143711648794973
3406, -779.5787963867188, 1093.142333984375, 0.060478851199150085, 1.0, 0.0, 141.72518920898438, 17.182718685787435
3407, -779.7384033203125, 1093.2786865234375, 0.05984223261475563, 1.0, 0.0, 142.0284881591797, 17.2221305959775
3408, -779.9046020507812, 1093.4190673828125, 0.059205614030361176, 1.0, 0.0, 142.34048461914062, 17.26285133253909
3409, -780.065673828125, 1093.5538330078125, 0.05856899172067642, 1.0, 0.0, 142.6396484375, 17.302072829462652
3410, -780.2257080078125, 1093.6864013671875, 0.05729575455188751, 1.0, 0.0, 142.93319702148438, 17.34082223778845
3411, -780.38671875, 1093.818603515625, 0.05665913596749306, 1.0, 0.0, 143.2255859375, 17.37961017575125
3412, -780.5535888671875, 1093.9542236328125, 0.0560225173830986, 1.0, 0.0, 143.52496337890625, 17.41953968250825
3413, -780.7243041992188, 1094.091552734375, 0.0560225173830986, 1.0, 0.0, 143.8275146484375, 17.460119140916674
3414, -780.8865356445312, 1094.220703125, 0.05474928021430969, 1.0, 0.0, 144.1116485595703, 17.498435025912634
3415, -781.0570068359375, 1094.3551025390625, 0.05411265790462494, 1.0, 0.0, 144.40676879882812, 17.53846746315978
3416, -781.2227172851562, 1094.484619140625, 0.053476039320230484, 1.0, 0.0, 144.69039916992188, 17.577159406034898
3417, -781.3857421875, 1094.61083984375, 0.052202802151441574, 1.0, 0.0, 144.9661102294922, 17.615081119675143
3418, -781.7303466796875, 1094.87353515625, 0.05156618356704712, 1.0, 0.0, 145.5379180908203, 17.69451960571437
3419, -781.9041748046875, 1095.004150390625, 0.050929564982652664, 1.0, 0.0, 145.82098388671875, 17.73424997447153
3420, -782.0768432617188, 1095.132568359375, 0.049656324088573456, 1.0, 0.0, 146.0986328125, 17.77348966896435
3421, -782.2522583007812, 1095.26171875, 0.049019705504179, 1.0, 0.0, 146.37705993652344, 17.813125846322684
3422, -782.4319458007812, 1095.3927001953125, 0.048383086919784546, 1.0, 0.0, 146.6588592529297, 17.853536880813905
3423, -782.6090698242188, 1095.5206298828125, 0.047109849750995636, 1.0, 0.0, 146.9329376220703, 17.8932271627813
3424, -782.9652709960938, 1095.7742919921875, 0.04647323116660118, 1.0, 0.0, 147.47337341308594, 17.972433938365672
3425, -783.146728515625, 1095.9014892578125, 0.04583660885691643, 1.0, 0.0, 147.74310302734375, 18.012450242643606
3426, -783.5154418945312, 1096.1563720703125, 0.04456337168812752, 1.0, 0.0, 148.2803192138672, 18.093185686370077
3427, -783.6993408203125, 1096.28173828125, 0.04329013451933861, 1.0, 0.0, 148.54281616210938, 18.1331474330788
3428, -783.8870849609375, 1096.4083251953125, 0.0420168936252594, 1.0, 0.0, 148.80691528320312, 18.173813842422735
3429, -784.0709228515625, 1096.53125, 0.041380275040864944, 1.0, 0.0, 149.06211853027344, 18.213469052651643
3430, -784.259033203125, 1096.6556396484375, 0.041380275040864944, 1.0, 0.0, 149.3193817138672, 18.253827639298454
3431, -784.4445190429688, 1096.777099609375, 0.04074365645647049, 1.0, 0.0, 149.56948852539062, 18.293434491572878
3432, -784.8245239257812, 1097.0225830078125, 0.03947041928768158, 1.0, 0.0, 150.07102966308594, 18.37406123949527
3433, -785.0204467773438, 1097.1473388671875, 0.037560559809207916, 1.0, 0.0, 150.32388305664062, 18.415428726953515
3434, -785.2142944335938, 1097.2696533203125, 0.03692394122481346, 1.0, 0.0, 150.57022094726562, 18.45616348374678
3435, -785.4051513671875, 1097.388916015625, 0.03692394122481346, 1.0, 0.0, 150.8091583251953, 18.49618819255743
3436, -785.5941162109375, 1097.505859375, 0.03565070405602455, 1.0, 0.0, 151.0421905517578, 18.53557079969552
3437, -785.7899780273438, 1097.6260986328125, 0.035014085471630096, 1.0, 0.0, 151.28018188476562, 18.576252195700402
3438, -785.9949951171875, 1097.75048828125, 0.03437746688723564, 1.0, 0.0, 151.52517700195312, 18.61861509348367
3439, -786.1873168945312, 1097.8663330078125, 0.030557746067643166, 1.0, 0.0, 151.751220703125, 18.658569816750045
3440, -786.3817138671875, 1097.9822998046875, 0.027374647557735443, 1.0, 0.0, 151.97508239746094, 18.698999188848557
3441, -786.585693359375, 1098.1029052734375, 0.027374647557735443, 1.0, 0.0, 152.20460510253906, 18.741469889631354
3442, -786.9879760742188, 1098.3377685546875, 0.017825348302721977, 1.0, 0.0, 152.64007568359375, 18.825297581367845
3443, -787.1851196289062, 1098.451416015625, 0.014642249792814255, 1.0, 0.0, 152.8445587158203, 18.86641633889685
3444, -787.3865966796875, 1098.566650390625, 0.008276051841676235, 1.0, 0.0, 153.04615783691406, 18.90867280890723
3445, -787.5923461914062, 1098.6834716796875, 0.005092953331768513, 1.0, 0.0, 153.24400329589844, 18.951750940277144
3446, -787.7899169921875, 1098.794921875, 0.001909854356199503, 1.0, 0.0, 153.42628479003906, 18.993069398745337
3447, -787.9911499023438, 1098.9075927734375, 0.0, 1.0, 0.0, 153.60400390625, 19.03501435903276
3448, -788.1940307617188, 1099.0203857421875, -0.0019098592456430197, 1.0, 0.0, 153.77500915527344, 19.077155090754506
3449, -788.3990478515625, 1099.133544921875, -0.005729577504098415, 1.0, 0.0, 153.93919372558594, 19.119725948401516
3450, -788.6041259765625, 1099.2459716796875, -0.007639436982572079, 1.0, 0.0, 154.09474182128906, 19.16216260981894
3451, -788.8096923828125, 1099.3580322265625, -0.009549296461045742, 1.0, 0.0, 154.2420654296875, 19.204588825360513
3452, -789.0201416015625, 1099.471923828125, -0.01145915500819683, 1.0, 0.0, 154.3838653564453, 19.247891361234437
3453, -789.2278442382812, 1099.583740234375, -0.013369014486670494, 1.0, 0.0, 154.5150604248047, 19.29050768406658
3454, -789.4451293945312, 1099.699951171875, -0.015278873965144157, 1.0, 0.0, 154.64291381835938, 19.334987976263065
3455, -789.6566772460938, 1099.8123779296875, -0.014642254449427128, 1.0, 0.0, 154.7587432861328, 19.37803951615901
3456, -789.8677368164062, 1099.9239501953125, -0.01336901355534792, 1.0, 0.0, 154.8665771484375, 19.42075457250413
3457, -790.0824584960938, 1100.0367431640625, -0.01273239403963089, 1.0, 0.0, 154.9687957763672, 19.46399560419294
3458, -790.2974243164062, 1100.14892578125, -0.011459153145551682, 1.0, 0.0, 155.0642852783203, 19.507072461842068
3459, -790.5109252929688, 1100.2596435546875, -0.011459153145551682, 1.0, 0.0, 155.15284729003906, 19.549733025229777
3460, -790.7243041992188, 1100.36962890625, -0.010822533629834652, 1.0, 0.0, 155.23544311523438, 19.592196365744204
3461, -790.937744140625, 1100.47900390625, -0.010185913182795048, 1.0, 0.0, 155.31256103515625, 19.63452833509188
3462, -791.1550903320312, 1100.58984375, -0.00827605277299881, 1.0, 0.0, 155.38612365722656, 19.677390107343754
3463, -791.3641357421875, 1100.69580078125, -0.00827605277299881, 1.0, 0.0, 155.4525146484375, 19.76159615831249
3464, -791.5835571289062, 1100.8062744140625, -0.00763943325728178, 1.0, 0.0, 155.517822265625, 19.76159615831249
3465, -791.7921752929688, 1100.910888671875, -0.00763943325728178, 1.0, 0.0, 155.57620239257812, 19.802409850804427
3466, -792.01123046875, 1101.0201416015625, -0.007002813741564751, 1.0, 0.0, 155.6338653564453, 19.845129430354017
3467, -792.2316284179688, 1101.12939453125, -0.005729574244469404, 1.0, 0.0, 155.68836975097656, 19.887984021333835
3468, -792.4484252929688, 1101.236328125, -0.004456335213035345, 1.0, 0.0, 155.73912048339844, 19.92999272169017
3469, -792.6649780273438, 1101.342529296875, -0.003819715231657028, 1.0, 0.0, 155.7871551513672, 19.97181607180583
3470, -792.8823852539062, 1101.4488525390625, -0.0031830952502787113, 1.0, 0.0, 155.83309936523438, 20.013718209158807
3471, -793.0993041992188, 1101.55419921875, -0.002546475501731038, 1.0, 0.0, 155.87672424316406, 20.05537555524723
3472, -793.3220825195312, 1101.662109375, -0.0019098557531833649, 1.0, 0.0, 155.91957092285156, 20.098060380362494
3473, -793.5455322265625, 1101.7696533203125, 0.0, 1.0, 0.0, 155.96102905273438, 20.140662628485334
3474, -793.7612915039062, 1101.873046875, 0.0, 1.0, 0.0, 155.99966430664062, 20.18171883115677
3475, -793.9811401367188, 1101.9779052734375, 0.0, 1.0, 0.0, 156.03781127929688, 20.223460720031863
3476, -794.206787109375, 1102.085205078125, 0.0, 1.0, 0.0, 156.07568359375, 20.266210997385375
3477, -794.4276123046875, 1102.189697265625, 0.0, 1.0, 0.0, 156.11148071289062, 20.30795569865116
3478, -794.6532592773438, 1102.2960205078125, 0.0019098592456430197, 1.0, 0.0, 156.1475372314453, 20.35042286627511
3479, -794.8817138671875, 1102.4031982421875, 0.0038197184912860394, 1.0, 0.0, 156.18385314941406, 20.393219591345044
3480, -795.11328125, 1102.511474609375, 0.005729577504098415, 1.0, 0.0, 156.220703125, 20.436368814423076
3481, -795.34375, 1102.6187744140625, 0.009549296461045742, 1.0, 0.0, 156.2581329345703, 20.479024240613324
3482, -795.5657348632812, 1102.7215576171875, 0.01145915500819683, 1.0, 0.0, 156.29531860351562, 20.519924547485772
3483, -795.792724609375, 1102.826416015625, 0.013369014486670494, 1.0, 0.0, 156.33489990234375, 20.561549326557195
3484, -796.021240234375, 1102.931396484375, 0.015278873965144157, 1.0, 0.0, 156.3766326904297, 20.603286718268304
3485, -796.261962890625, 1103.04150390625, 0.01718873344361782, 1.0, 0.0, 156.423095703125, 20.647045007798862
3486, -796.489501953125, 1103.14501953125, 0.021008450537919998, 1.0, 0.0, 156.4701385498047, 20.688089365416612
3487, -796.722412109375, 1103.250732421875, 0.02291831001639366, 1.0, 0.0, 156.52183532714844, 20.729927130027626
3488, -796.9529418945312, 1103.3546142578125, 0.024828169494867325, 1.0, 0.0, 156.5767822265625, 20.77114993048525
3489, -797.182861328125, 1103.4580078125, 0.026738028973340988, 1.0, 0.0, 156.63548278808594, 20.812070597440712
3490, -797.4266967773438, 1103.5670166015625, 0.02864788845181465, 1.0, 0.0, 156.7023162841797, 20.855266239041804
3491, -797.6619262695312, 1103.671630859375, 0.030557747930288315, 1.0, 0.0, 156.77125549316406, 20.896705027905988
3492, -797.8944091796875, 1103.7745361328125, 0.03246760740876198, 1.0, 0.0, 156.8441162109375, 20.93745867671386
3493, -798.128662109375, 1103.8778076171875, 0.036287322640419006, 0.9500000476837158, 0.0, 156.92257690429688, 20.978073338872772
3494, -798.3652954101562, 1103.9814453125, 0.03819718211889267, 0.9250000715255737, 0.0, 157.0074005126953, 21.018516473955803
3495, -798.60107421875, 1104.084228515625, 0.040107037872076035, 0.9000000953674316, 0.0, 157.09739685058594, 21.058046380722416
3496, -798.83349609375, 1104.1851806640625, 0.0420168936252594, 0.8750001192092896, 0.0, 157.19168090820312, 21.096139602450698
3497, -799.0737915039062, 1104.2889404296875, 0.04392675310373306, 0.8500001430511475, 0.0, 157.29513549804688, 21.13446605229611
3498, -799.3090209960938, 1104.3897705078125, 0.04583660885691643, 0.8250001668930054, 0.0, 157.40216064453125, 21.17080166463608
3499, -799.5504760742188, 1104.492919921875, 0.049656324088573456, 0.7750002145767212, 0.0, 157.51828002929688, 21.20658122379047
3500, -799.7863159179688, 1104.5928955078125, 0.05156618356704712, 0.7500002384185791, 0.0, 157.6376495361328, 21.23996133469128
3501, -800.0271606445312, 1104.6944580078125, 0.053476039320230484, 0.725000262260437, 0.0, 157.7655792236328, 21.272294916364153
3502, -800.2661743164062, 1104.794677734375, 0.05538589879870415, 0.7000002861022949, 0.0, 157.8986053466797, 21.30251303737831
3503, -800.51123046875, 1104.8966064453125, 0.05729575455188751, 0.6750003099441528, 0.0, 158.04141235351562, 21.331485672467355
3504, -800.749267578125, 1104.9949951171875, 0.059205614030361176, 0.6500003337860107, 0.0, 158.18670654296875, 21.357563411478317
3505, -801.0003662109375, 1105.09814453125, 0.0630253255367279, 0.6000003814697266, 0.0, 158.34739685058594, 21.38258099640521
3506, -801.2434692382812, 1105.197265625, 0.06493518501520157, 0.5750004053115845, 0.0, 158.51019287109375, 21.404284480952725
3507, -801.4829711914062, 1105.2940673828125, 0.06684504449367523, 0.5500004291534424, 0.0, 158.67724609375, 21.423205639497137
3508, -801.72802734375, 1105.392578125, 0.0687548965215683, 0.5250004529953003, 0.0, 158.85537719726562, 21.439885386500748
3509, -801.9711303710938, 1105.4893798828125, 0.07066475600004196, 0.5000004768371582, 0.0, 159.03919982910156, 21.4537111527764
3510, -802.2142944335938, 1105.5855712890625, 0.07257461547851562, 0.4750004708766937, 0.0, 159.23008728027344, 21.46474516215196
3511, -802.4566040039062, 1105.6805419921875, 0.07639432698488235, 0.42500045895576477, 0.0, 159.42771911621094, 21.4726624453113
3512, -802.7063598632812, 1105.777587890625, 0.07830418646335602, 0.4000004529953003, 0.0, 159.63909912109375, 21.47761148287274
3513, -802.9430541992188, 1105.8687744140625, 0.08021404594182968, 0.42500045895576477, 0.0, 159.84658813476562, 21.479279659582595
3514, -803.1903076171875, 1105.963134765625, 0.08212390542030334, 0.45000046491622925, 0.0, 160.0707550048828, 21.478334087592156
3515, -803.4331665039062, 1106.054931640625, 0.08148728311061859, 0.4750004708766937, 0.0, 160.29794311523438, 21.475299434089944
3516, -803.6805419921875, 1106.1474609375, 0.08085066080093384, 0.5000004768371582, 0.0, 160.53604125976562, 21.470425158022387
3517, -803.9214477539062, 1106.23681640625, 0.08021404594182968, 0.5250004529953003, 0.0, 160.77406311035156, 21.464237590623412
3518, -804.1641845703125, 1106.3260498046875, 0.07894080877304077, 0.5750004053115845, 0.0, 161.0192413330078, 21.456969480727768
3519, -804.41015625, 1106.4154052734375, 0.07830418646335602, 0.6000003814697266, 0.0, 161.27296447753906, 21.448919565573078
3520, -804.6653442382812, 1106.5072021484375, 0.07766757160425186, 0.6250003576278687, 0.0, 161.5415802001953, 21.44014294359044
3521, -804.9182739257812, 1106.5972900390625, 0.07703094929456711, 0.6500003337860107, 0.0, 161.8124237060547, 21.431263858243312
3522, -805.1729736328125, 1106.6868896484375, 0.07639432698488235, 0.6750003099441528, 0.0, 162.08969116210938, 21.422371164857307
3523, -805.4202270507812, 1106.7730712890625, 0.0757577121257782, 0.7000002861022949, 0.0, 162.3627471923828, 21.413997682123235
3524, -805.6721801757812, 1106.85986328125, 0.07448447495698929, 0.7500002384185791, 0.0, 162.64466857910156, 21.40601225865536
3525, -805.9232788085938, 1106.9451904296875, 0.07384785264730453, 0.7750002145767212, 0.0, 162.9288330078125, 21.398884385225234
3526, -806.1762084960938, 1107.0301513671875, 0.07321123778820038, 0.8000001907348633, 0.0, 163.2180633544922, 21.392718405573515
3527, -806.4273071289062, 1107.113525390625, 0.07257461547851562, 0.8250001668930054, 0.0, 163.50767517089844, 21.387737936849316
3528, -806.676025390625, 1107.195068359375, 0.07193799316883087, 0.8500001430511475, 0.0, 163.79696655273438, 21.384044378260505
3529, -806.9432373046875, 1107.281494140625, 0.07130137830972672, 0.8750001192092896, 0.0, 164.1102752685547, 21.381548980026555
3530, -807.1953125, 1107.36181640625, 0.0700281411409378, 0.9250000715255737, 0.0, 164.4075927734375, 21.380820114642972
3531, -807.4400634765625, 1107.43896484375, 0.06939151883125305, 0.9500000476837158, 0.0, 164.69773864746094, 21.38178190362776
3532, -807.694580078125, 1107.5179443359375, 0.0687548965215683, 0.9750000238418579, 0.0, 165.0010223388672, 21.384596729685356
3533, -807.9490356445312, 1107.595703125, 0.06811828166246414, 1.0, 0.0, 165.30540466308594, 21.38933265285503
3534, -808.2036743164062, 1107.672607421875, 0.06748165935277939, 1.0, 0.0, 165.61109924316406, 21.3959871241313
3535, -808.4532470703125, 1107.7467041015625, 0.06684504449367523, 1.0, 0.0, 165.9116668701172, 21.40422457286161
3536, -808.7108154296875, 1107.822021484375, 0.06557180732488632, 1.0, 0.0, 166.22244262695312, 21.41441447101832
3537, -808.9793701171875, 1107.8992919921875, 0.06493518501520157, 1.0, 0.0, 166.54705810546875, 21.42662773951123
3538, -809.2296752929688, 1107.9700927734375, 0.06429856270551682, 1.0, 0.0, 166.84986877441406, 21.439383947872127
3539, -809.4879760742188, 1108.0421142578125, 0.06366194784641266, 1.0, 0.0, 167.16268920898438, 21.45379692745238
3540, -809.7406616210938, 1108.111328125, 0.0630253255367279, 1.0, 0.0, 167.4688720703125, 21.46904472885654
3541, -810.003173828125, 1108.181884765625, 0.06238870695233345, 1.0, 0.0, 167.7870330810547, 21.485982515824976
3542, -810.2594604492188, 1108.249755859375, 0.06111546978354454, 1.0, 0.0, 168.09730529785156, 21.503583916417156
3543, -810.5147705078125, 1108.316162109375, 0.060478851199150085, 1.0, 0.0, 168.4063262939453, 21.522028310477406
3544, -810.7758178710938, 1108.3826904296875, 0.05984223261475563, 1.0, 0.0, 168.72178649902344, 21.541733367248902
3545, -811.0299682617188, 1108.4461669921875, 0.059205614030361176, 1.0, 0.0, 169.02842712402344, 21.56168926059527
3546, -811.2875366210938, 1108.509521484375, 0.05856899172067642, 1.0, 0.0, 169.3387451171875, 21.582634635543197
3547, -811.55224609375, 1108.5732421875, 0.05729575455188751, 1.0, 0.0, 169.6568145751953, 21.604921646872135
3548, -811.8098754882812, 1108.634033203125, 0.05665913596749306, 1.0, 0.0, 169.96563720703125, 21.627241882867178
3549, -812.0662231445312, 1108.6932373046875, 0.0560225173830986, 1.0, 0.0, 170.27207946777344, 21.650012235701023
3550, -812.3236694335938, 1108.7515869140625, 0.05538589879870415, 1.0, 0.0, 170.5789031982422, 21.673410683728537
3551, -812.5906982421875, 1108.810791015625, 0.05474928021430969, 1.0, 0.0, 170.89593505859375, 21.698174513387304
3552, -812.8544921875, 1108.867919921875, 0.05411265790462494, 1.0, 0.0, 171.208251953125, 21.723133993373732
3553, -813.1223754882812, 1108.924560546875, 0.05283942073583603, 1.0, 0.0, 171.52401733398438, 21.749007624015555
3554, -813.3867797851562, 1108.979248046875, 0.052202802151441574, 1.0, 0.0, 171.8343505859375, 21.774956361206847
3555, -813.65771484375, 1109.033935546875, 0.05156618356704712, 1.0, 0.0, 172.1510467529297, 21.801947693431533
3556, -813.9252319335938, 1109.086669921875, 0.050929564982652664, 1.0, 0.0, 172.4622039794922, 21.828951678188336
3557, -814.204833984375, 1109.1402587890625, 0.05029294267296791, 1.0, 0.0, 172.78562927246094, 21.857521337377676
3558, -814.4750366210938, 1109.190673828125, 0.049656324088573456, 1.0, 0.0, 173.09671020507812, 21.88545940889581
3559, -814.7363891601562, 1109.23828125, 0.049019705504179, 1.0, 0.0, 173.39617919921875, 21.912765931333297
3560, -815.0094604492188, 1109.2867431640625, 0.04774646833539009, 1.0, 0.0, 173.7071990966797, 21.94166012535619
3561, -815.2897338867188, 1109.3348388671875, 0.047109849750995636, 1.0, 0.0, 174.02452087402344, 21.971593031170418
3562, -815.5572509765625, 1109.379638671875, 0.04647323116660118, 1.0, 0.0, 174.32557678222656, 22.00039286923971
3563, -815.8395385742188, 1109.4254150390625, 0.04583660885691643, 1.0, 0.0, 174.64117431640625, 22.031021647882614
3564, -816.1105346679688, 1109.4678955078125, 0.04456337168812752, 1.0, 0.0, 174.94215393066406, 22.06072767510134
3565, -816.3837890625, 1109.5096435546875, 0.04392675310373306, 1.0, 0.0, 175.24368286132812, 22.090889329418335
3566, -816.66015625, 1109.5501708984375, 0.04329013451933861, 1.0, 0.0, 175.54629516601562, 22.12156251612021
3567, -816.9373779296875, 1109.5897216796875, 0.04265351593494415, 1.0, 0.0, 175.8477325439453, 22.152527174335333
3568, -817.210205078125, 1109.627197265625, 0.0420168936252594, 1.0, 0.0, 176.14212036132812, 22.18315317988536
3569, -817.4825439453125, 1109.6634521484375, 0.04074365645647049, 1.0, 0.0, 176.4336395263672, 22.213960578571523
3570, -817.7639770507812, 1109.69921875, 0.040107037872076035, 1.0, 0.0, 176.7325439453125, 22.24595666167638
3571, -818.0386352539062, 1109.733154296875, 0.03947041928768158, 1.0, 0.0, 177.02183532714844, 22.277324472135163
3572, -818.3136596679688, 1109.765625, 0.038833800703287125, 1.0, 0.0, 177.30908203125, 22.308865716652612
3573, -818.5862426757812, 1109.7965087890625, 0.03819718211889267, 1.0, 0.0, 177.59130859375, 22.340243529864765
3574, -818.8598022460938, 1109.826416015625, 0.037560559809207916, 1.0, 0.0, 177.87232971191406, 22.371876416937152
3575, -819.1331176757812, 1109.854736328125, 0.036287322640419006, 1.0, 0.0, 178.150390625, 22.403668021905922
3576, -819.4047241210938, 1109.8817138671875, 0.03565070405602455, 1.0, 0.0, 178.4242706298828, 22.435374921492436
3577, -819.6821899414062, 1109.9080810546875, 0.035014085471630096, 1.0, 0.0, 178.70135498046875, 22.467865189653416
3578, -819.9614868164062, 1109.9332275390625, 0.03437746688723564, 1.0, 0.0, 178.97760009765625, 22.50068454971654
3579, -820.2447509765625, 1109.957275390625, 0.03374084457755089, 1.0, 0.0, 179.25494384765625, 22.534060155246138
3580, -820.5271606445312, 1109.9801025390625, 0.03310422599315643, 1.0, 0.0, 179.52877807617188, 22.567457716230777
3581, -820.8055419921875, 1110.0010986328125, 0.03183098882436752, 1.0, 0.0, 179.79576110839844, 22.600539464958008
3582, -821.091552734375, 1110.021484375, 0.031194370239973068, 1.0, 0.0, -179.932861328125, 22.63462581487833
3583, -821.3722534179688, 1110.0401611328125, 0.031194370239973068, 1.0, 0.0, -179.66944885253906, 22.668160758534423
3584, -821.9383544921875, 1110.0740966796875, 0.029284512624144554, 1.0, 0.0, -179.14703369140625, 22.736065751158552
3585, -822.228759765625, 1110.0894775390625, 0.028011273592710495, 1.0, 0.0, -178.88375854492188, 22.77112577825175
3586, -822.5173950195312, 1110.1033935546875, 0.02737465500831604, 1.0, 0.0, -178.6252899169922, 22.806044572878168
3587, -822.798095703125, 1110.11572265625, 0.026738034561276436, 1.0, 0.0, -178.3769989013672, 22.840079239370993
3588, -823.0885620117188, 1110.127197265625, 0.02610141597688198, 1.0, 0.0, -178.123291015625, 22.87538142156353
3589, -823.3726196289062, 1110.136962890625, 0.025464797392487526, 1.0, 0.0, -177.87832641601562, 22.909979557989807
3590, -823.6543579101562, 1110.1456298828125, 0.024191558361053467, 1.0, 0.0, -177.63851928710938, 22.944454993948913
3591, -823.9456176757812, 1110.1533203125, 0.023554939776659012, 1.0, 0.0, -177.39404296875, 22.980159081790905
3592, -824.2308349609375, 1110.1595458984375, 0.022918321192264557, 1.0, 0.0, -177.15786743164062, 23.01520826377103
3593, -824.51953125, 1110.1646728515625, 0.022281700745224953, 1.0, 0.0, -176.9221954345703, 23.050747642511535
3594, -824.8164672851562, 1110.1685791015625, 0.021645082160830498, 1.0, 0.0, -176.6832275390625, 23.087389161261132
3595, -825.1021118164062, 1110.1712646484375, 0.02037184312939644, 1.0, 0.0, -176.456787109375, 23.122785869537683
3596, -825.3981323242188, 1110.1727294921875, 0.019735224545001984, 1.0, 0.0, -176.22569274902344, 23.1595378928829
3597, -825.6839599609375, 1110.1728515625, 0.01909860596060753, 1.0, 0.0, -176.0059051513672, 23.19509656501547
3598, -825.9694213867188, 1110.171875, 0.018461985513567924, 1.0, 0.0, -175.7898712158203, 23.230668892940226
3599, -826.2554321289062, 1110.1697998046875, 0.01782536692917347, 1.0, 0.0, -175.57681274414062, 23.26637259541704
3600, -826.5413208007812, 1110.1666259765625, 0.017188748344779015, 1.0, 0.0, -175.3671417236328, 23.302139477787353
3601, -826.8446655273438, 1110.1619873046875, 0.015915509313344955, 1.0, 0.0, -175.14857482910156, 23.34025035574006
3602, -827.1337890625, 1110.15625, 0.015278889797627926, 1.0, 0.0, -174.94387817382812, 23.376620427754318
3603, -827.425048828125, 1110.1495361328125, 0.014642269350588322, 1.0, 0.0, -174.74130249023438, 23.41333090732903
3604, -827.7190551757812, 1110.1414794921875, 0.014005648903548717, 1.0, 0.0, -174.5404815673828, 23.450454867107883
3605, -828.0126953125, 1110.1324462890625, 0.013369029387831688, 1.0, 0.0, -174.343505859375, 23.487601054915967
3606, -828.3119506835938, 1110.1219482421875, 0.01209578849375248, 1.0, 0.0, -174.14674377441406, 23.525595626766492
3607, -828.6043701171875, 1110.1107177734375, 0.01145916897803545, 1.0, 0.0, -173.9581756591797, 23.56278919013975
3608, -828.8942260742188, 1110.098388671875, 0.010822548530995846, 1.0, 0.0, -173.77500915527344, 23.599708624609047
3609, -829.1832885742188, 1110.0850830078125, 0.010185928083956242, 1.0, 0.0, -173.5959014892578, 23.636590004915952
3610, -829.4768676757812, 1110.070556640625, 0.009549308568239212, 1.0, 0.0, -173.41770935058594, 23.674124049909597
3611, -829.7780151367188, 1110.0545654296875, 0.008912688121199608, 1.0, 0.0, -173.23890686035156, 23.712683005006042
3612, -830.0736694335938, 1110.037841796875, 0.007639448624104261, 1.0, 0.0, -173.06729125976562, 23.750662855291917
3613, -830.3702392578125, 1110.02001953125, 0.0070028286427259445, 1.0, 0.0, -172.89907836914062, 23.788819260576023
3614, -830.6624755859375, 1110.0013427734375, 0.006366209127008915, 1.0, 0.0, -172.7371063232422, 23.826483680469302
3615, -830.96484375, 1109.981201171875, 0.005729589611291885, 1.0, 0.0, -172.57357788085938, 23.86549530226953
3616, -831.2632446289062, 1109.9600830078125, 0.005092970095574856, 1.0, 0.0, -172.4161834716797, 23.90406631666376
3617, -831.5595092773438, 1109.938232421875, 0.0038197303656488657, 1.0, 0.0, -172.2638702392578, 23.94246930738432
3618, -831.8621826171875, 1109.914794921875, 0.0031831106171011925, 1.0, 0.0, -172.11241149902344, 23.981765195753013
3619, -832.1597290039062, 1109.8909912109375, 0.0025464906357228756, 1.0, 0.0, -171.96759033203125, 24.020441432080872
3620, -832.4601440429688, 1109.865966796875, 0.0019098708871752024, 1.0, 0.0, -171.8255157470703, 24.059525519216994
3621, -833.074951171875, 1109.8118896484375, 0.0012732511386275291, 1.0, 0.0, -171.54754638671875, 24.13975826297097
3622, -833.388916015625, 1109.78271484375, 0.0, 1.0, 0.0, -171.41232299804688, 24.180749371565604
3623, -833.6948852539062, 1109.7532958984375, 0.0, 1.0, 0.0, -171.2845458984375, 24.220716217984243
3624, -833.996337890625, 1109.7235107421875, 0.0, 1.0, 0.0, -171.16259765625, 24.260062741865376
3625, -834.30419921875, 1109.6922607421875, 0.0, 1.0, 0.0, -171.04173278808594, 24.300266610578188
3626, -834.9027099609375, 1109.6287841796875, 0.0, 1.0, 0.0, -170.81732177734375, 24.378403828715054
3627, -835.2092895507812, 1109.5950927734375, 0.0, 1.0, 0.0, -170.70748901367188, 24.418439596276805
3628, -835.5034790039062, 1109.5618896484375, 0.0, 1.0, 0.0, -170.60511779785156, 24.456845265733037
3629, -835.8062133789062, 1109.5269775390625, 0.0, 1.0, 0.0, -170.50291442871094, 24.496373601060693
3630, -836.1024169921875, 1109.4920654296875, 0.0, 1.0, 0.0, -170.40574645996094, 24.5350576133216
3631, -836.4063720703125, 1109.455322265625, 0.0, 1.0, 0.0, -170.30897521972656, 24.574758983452572
3632, -836.707275390625, 1109.4183349609375, 0.0, 1.0, 0.0, -170.2158660888672, 24.614057913669274
3633, -837.0081176757812, 1109.380615234375, 0.0, 1.0, 0.0, -170.12548828125, 24.653348884713942
3634, -837.3167114257812, 1109.3411865234375, 0.0, 1.0, 0.0, -170.03550720214844, 24.69365048634193
3635, -837.625, 1109.301025390625, 0.0019098592456430197, 1.0, 0.0, -169.94784545898438, 24.73374568402983
3636, -837.9263305664062, 1109.2608642578125, 0.005729577504098415, 1.0, 0.0, -169.8636016845703, 24.77264433776149
3637, -838.2368774414062, 1109.2188720703125, 0.007639436982572079, 1.0, 0.0, -169.77767944335938, 24.81259414126528
3638, -838.5407104492188, 1109.177001953125, 0.009549296461045742, 1.0, 0.0, -169.6940155029297, 24.851552218529882
3639, -838.83984375, 1109.135009765625, 0.01145915500819683, 1.0, 0.0, -169.61172485351562, 24.889792112848138
3640, -839.1475830078125, 1109.091064453125, 0.013369014486670494, 1.0, 0.0, -169.52670288085938, 24.929005456913803
3641, -839.4586791992188, 1109.0458984375, 0.01718873344361782, 1.0, 0.0, -169.43972778320312, 24.968342195653427
3642, -839.7679443359375, 1109.0001220703125, 0.019098592922091484, 1.0, 0.0, -169.35166931152344, 25.007346096779145
3643, -840.0809936523438, 1108.9530029296875, 0.021008450537919998, 1.0, 0.0, -169.2606658935547, 25.04669685148192
3644, -840.387451171875, 1108.9061279296875, 0.02291831001639366, 1.0, 0.0, -169.16946411132812, 25.085099414253932
3645, -840.714599609375, 1108.8553466796875, 0.024828169494867325, 1.0, 0.0, -169.0693359375, 25.1259449610392
3646, -841.0270385742188, 1108.805908203125, 0.026738028973340988, 1.0, 0.0, -168.97085571289062, 25.164826657321054
3647, -841.3413696289062, 1108.7554931640625, 0.025464791804552078, 1.0, 0.0, -168.86907958984375, 25.204103890977287
3648, -841.6638793945312, 1108.702880859375, 0.024828171357512474, 1.0, 0.0, -168.76222229003906, 25.244482150043282
3649, -841.9685668945312, 1108.6524658203125, 0.02419155277311802, 1.0, 0.0, -168.65921020507812, 25.282674290287616
3650, -842.2861328125, 1108.59912109375, 0.023554934188723564, 1.0, 0.0, -168.54981994628906, 25.322538147521776
3651, -842.5972290039062, 1108.546142578125, 0.02291831374168396, 0.9750000238418579, 0.0, -168.4410400390625, 25.36156005184935
3652, -842.9091186523438, 1108.492431640625, 0.022281695157289505, 1.0, 0.0, -168.33045959472656, 25.400574613074937
3653, -843.2194213867188, 1108.438232421875, 0.021008457988500595, 1.0, 0.0, -168.21926879882812, 25.4394550780013
3654, -843.530029296875, 1108.38330078125, 0.019735218957066536, 1.0, 0.0, -168.10707092285156, 25.478425668660993
3655, -843.8423461914062, 1108.327392578125, 0.019735218957066536, 1.0, 0.0, -167.9936065673828, 25.51751763240919
3656, -844.1513671875, 1108.271484375, 0.01909860037267208, 1.0, 0.0, -167.8805694580078, 25.556196995768428
3657, -844.478759765625, 1108.2115478515625, 0.017825361341238022, 1.0, 0.0, -167.760498046875, 25.59718605042143
3658, -844.7880859375, 1108.1541748046875, 0.017188742756843567, 1.0, 0.0, -167.6468505859375, 25.63588605748452
3659, -845.1022338867188, 1108.095458984375, 0.015915503725409508, 1.0, 0.0, -167.53147888183594, 25.675189692975277
3660, -845.4229736328125, 1108.0347900390625, 0.015278883278369904, 1.0, 0.0, -167.41395568847656, 25.715275715691483
3661, -845.7445068359375, 1107.97314453125, 0.014642263762652874, 1.0, 0.0, -167.29647827148438, 25.75540786934762
3662, -846.06982421875, 1107.9102783203125, 0.01400564331561327, 0.9750000238418579, 0.0, -167.17808532714844, 25.795911550473015
3663, -846.3823852539062, 1107.8492431640625, 0.012732403352856636, 0.9250000715255737, 0.0, -167.06503295898438, 25.834571623754353
3664, -846.6947631835938, 1107.78759765625, 0.012095782905817032, 0.9000000953674316, 0.0, -166.9529266357422, 25.872630202367343
3665, -847.0111694335938, 1107.7244873046875, 0.011459163390100002, 0.8750001192092896, 0.0, -166.84031677246094, 25.91043672559168
3666, -847.321044921875, 1107.662109375, 0.010822542943060398, 0.8500001430511475, 0.0, -166.7310791015625, 25.946622024714973
3667, -847.6295166015625, 1107.5994873046875, 0.010185922496020794, 0.8250001668930054, 0.0, -166.62347412109375, 25.981669062955604
3668, -847.9437255859375, 1107.53515625, 0.009549302980303764, 0.8000001907348633, 0.0, -166.51519775390625, 26.01625920710338
3669, -848.2590942382812, 1107.4700927734375, 0.00891268253326416, 0.7750002145767212, 0.0, -166.4078826904297, 26.049708452216766
3670, -848.5872192382812, 1107.4014892578125, 0.007639442570507526, 0.725000262260437, 0.0, -166.29794311523438, 26.083063271861022
3671, -848.901123046875, 1107.3353271484375, 0.007002823054790497, 0.7000002861022949, 0.0, -166.1945343017578, 26.113234101937792
3672, -849.2120361328125, 1107.2694091796875, 0.006366203539073467, 0.6750003099441528, 0.0, -166.093994140625, 26.141359971845056
3673, -849.5413818359375, 1107.19873046875, 0.005729584023356438, 0.6500003337860107, 0.0, -165.98944091796875, 26.169187943190124
3674, -849.85302734375, 1107.1314697265625, 0.005092964041978121, 0.6250003576278687, 0.0, -165.89259338378906, 26.19346752198871
3675, -850.17529296875, 1107.0611572265625, 0.003819724777713418, 0.5750004053115845, 0.0, -165.79476928710938, 26.216412653735023
3676, -850.492431640625, 1106.9915771484375, 0.003183104796335101, 0.5500004291534424, 0.0, -165.70095825195312, 26.236522570317906
3677, -850.8088989257812, 1106.92138671875, 0.002546485047787428, 0.5250004529953003, 0.0, -165.60975646972656, 26.254077664138737
3678, -851.1328735351562, 1106.84912109375, 0.0019098651828244328, 0.5000004768371582, 0.0, -165.51907348632812, 26.26934453158077
3679, -851.4716796875, 1106.7728271484375, 0.0, 0.45000046491622925, 0.0, -165.42742919921875, 26.282320728708573
3680, -851.79296875, 1106.7000732421875, 0.0, 0.42500045895576477, 0.0, -165.34353637695312, 26.291369284561775
3681, -852.11083984375, 1106.62744140625, 0.0, 0.4000004529953003, 0.0, -165.26344299316406, 26.297158821069328
3682, -852.4271850585938, 1106.5546875, 0.0, 0.4000004529953003, 0.0, -165.18649291992188, 26.299778831020113
3683, -852.748291015625, 1106.4803466796875, 0.0, 0.35000044107437134, 0.0, -165.111083984375, 26.299277132920064
3684, -853.3854370117188, 1106.3311767578125, 0.0, 0.3000004291534424, 0.0, -164.96939086914062, 26.288042845810956
3685, -853.703857421875, 1106.2557373046875, 0.0, 0.2750004231929779, 0.0, -164.90234375, 26.277271664723518
3686, -854.014404296875, 1106.181884765625, 0.0, 0.2500004172325134, 0.0, -164.83926391601562, 26.263438884559214
3687, -854.3343505859375, 1106.1051025390625, 0.0, 0.22500041127204895, 0.0, -164.77667236328125, 26.245806486114496
3688, -854.9585571289062, 1105.9539794921875, 0.0, 0.17500039935112, 0.0, -164.66098022460938, 26.20147693381144
3689, -855.2778930664062, 1105.8759765625, 0.0, 0.12500038743019104, 0.0, -164.60496520996094, 26.17375016436884
3690, -855.5938110351562, 1105.79833984375, 0.0, 0.10000038892030716, 0.0, -164.55157470703125, 26.142796760586297
3691, -855.926025390625, 1105.7161865234375, 0.0, 0.07500039041042328, 0.0, -164.49746704101562, 26.106557956717413
3692, -856.2433471679688, 1105.63720703125, 0.0019098592456430197, 0.0500003919005394, 0.0, -164.4473876953125, 26.068311638704554
3693, -856.552978515625, 1105.559814453125, 0.0038197184912860394, 0.02500039152801037, 0.0, -164.39952087402344, 26.027654723558918
3694, -856.8656005859375, 1105.481201171875, 0.007639436982572079, -0.02499960921704769, 0.0, -164.35142517089844, 25.983280654634076
3695, -857.1788330078125, 1105.40185546875, 0.009549296461045742, 0.0, 0.0, -164.3030242919922, 25.935535147400312
3696, -857.4908447265625, 1105.322265625, 0.01145915500819683, 0.0, 0.0, -164.25413513183594, 25.88490447004272
3697, -857.8062133789062, 1105.241455078125, 0.013369014486670494, 0.0, 0.0, -164.20367431640625, 25.830814111096082
3698, -858.1224975585938, 1105.159912109375, 0.014642254449427128, 0.0, 0.0, -164.1517333984375, 25.77382202770595
3699, -858.44677734375, 1105.07568359375, 0.014005634002387524, 0.0, 0.0, -164.09710693359375, 25.712746509082145
3700, -858.7464599609375, 1104.997314453125, 0.01336901355534792, 0.0, 0.0, -164.09710693359375, 25.654039609193735
3701, -859.0552978515625, 1104.916259765625, 0.01273239403963089, 0.0, 0.0, -163.99163818359375, 25.59145849348801
3702, -859.369140625, 1104.8333740234375, 0.012095773592591286, 0.0, 0.0, -163.9359893798828, 25.525775294158258
3703, -859.688232421875, 1104.7486572265625, 0.011459153145551682, 0.0, 0.0, -163.8787384033203, 25.45695417041375
3704, -859.9900512695312, 1104.6680908203125, 0.010185913182795048, 0.0, 0.0, -163.82432556152344, 25.39008623803883
3705, -860.2915649414062, 1104.5872802734375, 0.009549292735755444, 0.0, 0.0, -163.76966857910156, 25.321635499244763
3706, -860.596923828125, 1104.5050048828125, 0.008912673220038414, 0.0, 0.02500000037252903, -163.7142791748047, 25.250939714841696
3707, -860.8929443359375, 1104.4249267578125, 0.00827605277299881, 0.0, 0.05000000074505806, -163.6606903076172, 25.18092141368287
3708, -861.19677734375, 1104.34228515625, 0.00763943325728178, 0.0, 0.07500000298023224, -163.6058807373047, 25.10759892161772
3709, -861.502197265625, 1104.2589111328125, 0.007002813741564751, 0.0, 0.10000000149011612, -163.55111694335938, 25.032405148194687
3710, -862.103271484375, 1104.09375, 0.005729574244469404, 0.0, 0.15000000596046448, -163.44508361816406, 24.88024839927491
3711, -862.3955078125, 1104.0130615234375, 0.004456335213035345, 0.0, 0.20000001788139343, -163.39462280273438, 24.804321735498146
3712, -862.6959838867188, 1103.9296875, 0.003819715231657028, 0.0, 0.2250000238418579, -163.34365844726562, 24.724981798334557
3713, -862.9925537109375, 1103.8470458984375, 0.002546475501731038, 0.0, 0.27500003576278687, -163.29449462890625, 24.645449257386602
3714, -863.286376953125, 1103.764892578125, 0.0, 0.0, 0.3250000476837158, -163.2469940185547, 24.565440193590472
3715, -863.5803833007812, 1103.682373046875, 0.0, 0.0, 0.3250000476837158, -163.2008819580078, 24.484215965303594
3716, -863.8800048828125, 1103.597900390625, 0.0, 0.0, 0.3500000536441803, -163.15560913085938, 24.400257020329473
3717, -864.1753540039062, 1103.5145263671875, 0.0, 0.0, 0.3750000596046448, -163.11244201660156, 24.316321487287706
3718, -864.46630859375, 1103.431884765625, 0.0, 0.0, 0.40000006556510925, -163.0714569091797, 24.232568521940863
3719, -864.749267578125, 1103.3514404296875, 0.0, 0.0, 0.42500007152557373, -163.03286743164062, 24.150052536404832
3720, -865.0357666015625, 1103.26953125, 0.0, 0.0, 0.5000000596046448, -162.99513244628906, 24.06552115840896
3721, -865.3294067382812, 1103.1854248046875, 0.0, 0.0, 0.5000000596046448, -162.95777893066406, 23.977768014951373
3722, -865.6110229492188, 1103.1044921875, 0.0, 0.0, 0.5250000357627869, -162.9232177734375, 23.892649552192456
3723, -865.9009399414062, 1103.02099609375, 0.0, 0.0, 0.550000011920929, -162.88890075683594, 23.803996871522607
3724, -866.182861328125, 1102.939453125, 0.0, 0.0, 0.574999988079071, -162.85662841796875, 23.716804199154865
3725, -866.4657592773438, 1102.8572998046875, 0.0, 0.0, 0.6499999165534973, -162.82542419433594, 23.628349749979353
3726, -866.7523193359375, 1102.77392578125, 0.0, 0.0, 0.6499999165534973, -162.79490661621094, 23.537776689646716
3727, -867.0287475585938, 1102.6932373046875, 0.0, 0.0, 0.6749998927116394, -162.76649475097656, 23.449491934677916
3728, -867.3109130859375, 1102.610595703125, 0.0, 0.0, 0.6999998688697815, -162.73855590820312, 23.358422309428676
3729, -867.5899658203125, 1102.5286865234375, 0.0, 0.0, 0.7249998450279236, -162.7118682861328, 23.267452339434683
3730, -867.8780517578125, 1102.44384765625, 0.0, 0.0, 0.7749997973442078, -162.68540954589844, 23.172579688933038
3731, -868.1619873046875, 1102.3599853515625, 0.0, 0.0, 0.7999997735023499, -162.66029357910156, 23.07808371913728
3732, -868.436767578125, 1102.278564453125, 0.0, 0.0, 0.8249997496604919, -162.63685607910156, 22.985747859587796
3733, -868.7193603515625, 1102.1947021484375, 0.0, 0.0, 0.849999725818634, -162.61376953125, 22.889884118220774
3734, -868.9874877929688, 1102.1148681640625, 0.0, 0.0, 0.8749997019767761, -162.59262084960938, 22.79806157605161
3735, -869.2586669921875, 1102.033935546875, 0.0, 0.0, 0.8999996781349182, -162.57205200195312, 22.704325740775765
3736, -869.5315551757812, 1101.9521484375, 0.0, 0.0, 0.9499996304512024, -162.55213928222656, 22.609183181533492
3737, -869.7989501953125, 1101.8719482421875, 0.0, 0.0, 0.9749996066093445, -162.53343200683594, 22.51505359976321
3738, -870.0626220703125, 1101.792724609375, 0.0, 0.0, 0.9999995827674866, -162.5157012939453, 22.42140687071965
3739, -870.3223876953125, 1101.7144775390625, 0.0, 0.0, 1.0249996185302734, -162.49888610839844, 22.32835141013042
3740, -870.5891723632812, 1101.6339111328125, 0.0, 0.0, 1.0, -162.4823760986328, 22.23201808555303
3741, -870.8544311523438, 1101.5535888671875, 0.0, 0.0, 1.0, -162.4666748046875, 22.135476401283963
3742, -871.1138916015625, 1101.474853515625, 0.0, 0.0, 1.0, -162.45191955566406, 22.040318494916026
3743, -871.3740234375, 1101.395751953125, 0.0, 0.0, 1.0, -162.43772888183594, 21.944242858886543
3744, -871.6411743164062, 1101.314453125, 0.0, 0.0, 1.0, -162.42388916015625, 21.844885411142723
3745, -871.9038696289062, 1101.2342529296875, 0.0019098592456430197, 0.0, 1.0, -162.41058349609375, 21.74652756315151
3746, -872.1668701171875, 1101.1536865234375, 0.0038197184912860394, 0.0, 1.0, -162.3971405029297, 21.647369961844852
3747, -872.424560546875, 1101.07470703125, 0.005729577504098415, 0.0, 1.0, -162.38348388671875, 21.54959609180592
3748, -872.6801147460938, 1100.99609375, 0.009549296461045742, 0.0, 1.0, -162.36874389648438, 21.452056049477406
3749, -872.9403686523438, 1100.915771484375, 0.013369014486670494, 0.0, 1.0, -162.351806640625, 21.35206449766209
3750, -873.1928100585938, 1100.837646484375, 0.015278873965144157, 0.0, 1.0, -162.3330535888672, 21.254531330919356
3751, -873.4505004882812, 1100.7576904296875, 0.015278873965144157, 0.0, 1.0, -162.31149291992188, 21.154397505994982
3752, -873.7012329101562, 1100.6795654296875, 0.019098592922091484, 0.0, 1.0, -162.2876739501953, 21.05641277539252
3753, -874.1990356445312, 1100.523681640625, 0.021008450537919998, 0.0, 1.0, -162.2305145263672, 20.860318734946727
3754, -874.4459228515625, 1100.4461669921875, 0.024828169494867325, 0.0, 1.0, -162.19674682617188, 20.762365007565105
3755, -874.6942749023438, 1100.36767578125, 0.026738028973340988, 0.0, 1.0, -162.15866088867188, 20.663279877325706
3756, -875.193359375, 1100.2091064453125, 0.02864788845181465, 0.0, 1.0, -162.06838989257812, 20.46265989664621
3757, -875.4331665039062, 1100.1324462890625, 0.03437746688723564, 0.0, 1.0, -162.01756286621094, 20.3655327611619
3758, -875.671142578125, 1100.0560302734375, 0.036287322640419006, 0.0, 1.0, -161.9621124267578, 20.26871250421114
3759, -875.912353515625, 1099.9783935546875, 0.03819718211889267, 0.0, 1.0, -161.90037536621094, 20.170183343124176
3760, -876.1441040039062, 1099.9031982421875, 0.0420168936252594, 0.0, 1.0, -161.83541870117188, 20.074962545148484
3761, -876.3812255859375, 1099.8260498046875, 0.04392675310373306, 0.0, 1.0, -161.7628631591797, 19.97711936012457
3762, -876.6167602539062, 1099.7489013671875, 0.04583660885691643, 0.0, 1.0, -161.68447875976562, 19.879523608923325
3763, -876.84765625, 1099.6729736328125, 0.04774646833539009, 0.0, 1.0, -161.60130310058594, 19.78340822686292
3764, -877.07763671875, 1099.5970458984375, 0.049656324088573456, 0.0, 1.0, -161.51202392578125, 19.68725200676922
3765, -877.30859375, 1099.520263671875, 0.05156618356704712, 0.0, 1.0, -161.41574096679688, 19.590262590276946
3766, -877.5390625, 1099.4432373046875, 0.053476039320230484, 0.0, 1.0, -161.31277465820312, 19.493060601184606
3767, -877.778076171875, 1099.36279296875, 0.05538589879870415, 0.0, 1.0, -161.198486328125, 19.391772510389078
3768, -878.0061645507812, 1099.28564453125, 0.05411265790462494, 0.0, 1.0, -161.0826873779297, 19.294846750169945
3769, -878.2305297851562, 1099.2093505859375, 0.053476039320230484, 0.0, 1.0, -160.9627227783203, 19.199181543658586
3770, -878.4574584960938, 1099.1317138671875, 0.05283942073583603, 0.0, 1.0, -160.83534240722656, 19.102067525000706
3771, -878.6796875, 1099.05517578125, 0.052202802151441574, 0.0, 1.0, -160.70529174804688, 19.00674197680118
3772, -878.9009399414062, 1098.978515625, 0.05156618356704712, 0.0, 1.0, -160.57069396972656, 18.911517550205232
3773, -879.122314453125, 1098.9014892578125, 0.05029294267296791, 0.0, 1.0, -160.43112182617188, 18.815913305770685
3774, -879.3433227539062, 1098.82421875, 0.049656324088573456, 0.0, 1.0, -160.28741455078125, 18.720219482493437
3775, -879.7832641601562, 1098.668701171875, 0.048383086919784546, 0.0, 1.0, -159.98912048339844, 18.528779725798803
3776, -880.0133666992188, 1098.5865478515625, 0.04774646833539009, 0.0, 1.0, -159.8270263671875, 18.428187847160054
3777, -880.2288818359375, 1098.5091552734375, 0.04647323116660118, 0.0, 1.0, -159.6718292236328, 18.33364359838716
3778, -880.4409790039062, 1098.4326171875, 0.04583660885691643, 0.0, 1.0, -159.51620483398438, 18.240369156271267
3779, -880.6536254882812, 1098.3553466796875, 0.04519999027252197, 0.0, 1.0, -159.35745239257812, 18.146573597725897
3780, -880.8613891601562, 1098.2794189453125, 0.04456337168812752, 0.0, 1.0, -159.19984436035156, 18.05460414169639
3781, -881.0739135742188, 1098.2012939453125, 0.04392675310373306, 0.0, 1.0, -159.036376953125, 17.960306157282638
3782, -881.2852783203125, 1098.123046875, 0.04265351593494415, 0.0, 1.0, -158.87167358398438, 17.866209334030998
3783, -881.4879760742188, 1098.0474853515625, 0.0420168936252594, 0.0, 1.0, -158.71200561523438, 17.77571912493718
3784, -881.700439453125, 1097.9676513671875, 0.041380275040864944, 0.0, 1.0, -158.54295349121094, 17.680546411047935
3785, -881.9068603515625, 1097.8897705078125, 0.04074365645647049, 0.0, 1.0, -158.37733459472656, 17.5878388992317
3786, -882.1152954101562, 1097.810546875, 0.040107037872076035, 0.0, 1.0, -158.20877075195312, 17.49389499969283
3787, -882.32568359375, 1097.72998046875, 0.038833800703287125, 0.0, 1.0, -158.03761291503906, 17.398844782463097
3788, -882.5264892578125, 1097.652587890625, 0.03819718211889267, 0.0, 1.0, -157.8733673095703, 17.307790657573133
3789, -882.7324829101562, 1097.5726318359375, 0.037560559809207916, 0.0, 1.0, -157.70428466796875, 17.214133324552563
3790, -882.9317016601562, 1097.4947509765625, 0.03692394122481346, 0.0, 1.0, -157.54025268554688, 17.123290572289775
3791, -883.12841796875, 1097.417236328125, 0.036287322640419006, 0.0, 1.0, -157.37777709960938, 17.033270344696422
3792, -883.3262939453125, 1097.3387451171875, 0.03565070405602455, 0.0, 1.0, -157.2143096923828, 16.94251267778797
3793, -883.5239868164062, 1097.2598876953125, 0.03437746688723564, 0.0, 1.0, -157.05084228515625, 16.851528448554692
3794, -883.7258911132812, 1097.1787109375, 0.03374084457755089, 0.0, 1.0, -156.88406372070312, 16.75832519222604
3795, -883.9132080078125, 1097.1029052734375, 0.03310422599315643, 0.0, 1.0, -156.72959899902344, 16.671633372327886
3796, -884.1141357421875, 1097.0208740234375, 0.03246760740876198, 0.0, 1.0, -156.56430053710938, 16.57833414657689
3797, -884.3148193359375, 1096.9384765625, 0.03183098882436752, 0.0, 1.0, -156.39962768554688, 16.48482940401655
3798, -884.5109252929688, 1096.8572998046875, 0.030557749792933464, 0.0, 1.0, -156.2394561767578, 16.393206123398283
3799, -884.7055053710938, 1096.7762451171875, 0.030557749792933464, 0.0, 1.0, -156.08131408691406, 16.302007872950057
3800, -884.8956909179688, 1096.6964111328125, 0.029284512624144554, 0.0, 1.0, -155.92771911621094, 16.212636846363154
3801, -885.088134765625, 1096.6151123046875, 0.02864789217710495, 0.0, 1.0, -155.77330017089844, 16.12194643006789
3802, -885.271240234375, 1096.537109375, 0.02737465500831604, 0.0, 1.0, -155.62742614746094, 16.03537522948459
3803, -885.458251953125, 1096.4569091796875, 0.026738034561276436, 0.0, 1.0, -155.47964477539062, 15.946667288503118
3804, -885.6435546875, 1096.3770751953125, 0.023554936051368713, 0.0, 1.0, -155.3350830078125, 15.85864549318992
3805, -885.8292236328125, 1096.2965087890625, 0.02037183567881584, 0.0, 1.0, -155.1925811767578, 15.770255880849856
3806, -886.0084838867188, 1096.21826171875, 0.014005637727677822, 0.0, 1.0, -155.0583953857422, 15.684809440049186
3807, -886.1880493164062, 1096.1395263671875, 0.0108225392177701, 0.0, 1.0, -154.9280548095703, 15.59904114375128
3808, -886.3663940429688, 1096.060791015625, 0.00763944024220109, 0.0, 1.0, -154.80316162109375, 15.513675218832441
3809, -886.540283203125, 1095.9837646484375, 0.004456341732293367, 0.0, 1.0, -154.6863250732422, 15.430263882895396
3810, -886.7138671875, 1095.906494140625, 0.0012732428731396794, 0.0, 1.0, -154.5749969482422, 15.346796019275088
3811, -886.891357421875, 1095.8270263671875, 0.0, 0.0, 1.0, -154.46701049804688, 15.26126714331945
3812, -887.0618286132812, 1095.75048828125, -0.0038197184912860394, 0.0, 1.0, -154.36904907226562, 15.178902340450446
3813, -887.2316284179688, 1095.6739501953125, -0.005729577504098415, 0.0, 1.0, -154.27755737304688, 15.096722777778787
3814, -887.403076171875, 1095.596435546875, -0.007639436982572079, 0.0, 1.0, -154.19146728515625, 15.01348705544137
3815, -887.5751953125, 1095.51806640625, -0.009549296461045742, 0.0, 1.0, -154.11163330078125, 14.92971869647338
3816, -887.7431640625, 1095.4415283203125, -0.01145915500819683, 0.0, 1.0, -154.0401611328125, 14.847823914701463
3817, -887.9168701171875, 1095.362060546875, -0.015278873965144157, 0.0, 1.0, -153.97361755371094, 14.762918130967721
3818, -888.0831298828125, 1095.285888671875, -0.01718873344361782, 0.0, 1.0, -153.9169921875, 14.681463186651538
3819, -888.25390625, 1095.207275390625, -0.019098592922091484, 0.0, 1.0, -153.86630249023438, 14.597541071674826
3820, -888.4171142578125, 1095.1319580078125, -0.021008450537919998, 0.0, 1.0, -153.824951171875, 14.517173953975325
3821, -888.5845947265625, 1095.0545654296875, -0.02291831001639366, 0.0, 1.0, -153.79000854492188, 14.434565270241583
3822, -888.7459716796875, 1094.9798583984375, -0.026738028973340988, 0.0, 1.0, -153.76377868652344, 14.354669907700265
3823, -888.9105224609375, 1094.9034423828125, -0.02864788845181465, 0.0, 1.0, -153.74496459960938, 14.273046694802913
3824, -889.0715942382812, 1094.82861328125, -0.030557747930288315, 0.0, 1.0, -153.7342529296875, 14.192984923196542
3825, -889.2291259765625, 1094.7554931640625, -0.03246760740876198, 0.0, 1.0, -153.7312469482422, 14.114526789701493
3826, -889.3878173828125, 1094.681640625, -0.03437746688723564, 0.0, 1.0, -153.73583984375, 14.035354712489918
3827, -889.5455932617188, 1094.608154296875, -0.03819718211889267, 0.0, 1.0, -153.7483673095703, 13.956352846306537
3828, -889.7009887695312, 1094.5357666015625, -0.040107037872076035, 0.0, 1.0, -153.76866149902344, 13.878429922633744
3829, -889.861572265625, 1094.4610595703125, -0.0420168936252594, 0.0, 1.0, -153.79795837402344, 13.797725678481816
3830, -890.0181274414062, 1094.38818359375, -0.04392675310373306, 0.0, 1.0, -153.83473205566406, 13.718878139516598
3831, -890.1782836914062, 1094.313720703125, -0.04583660885691643, 0.0, 1.0, -153.88079833984375, 13.638030488398627
3832, -890.338134765625, 1094.2393798828125, -0.049656324088573456, 0.0, 1.0, -153.93560791015625, 13.557156490266431
3833, -890.4916381835938, 1094.168212890625, -0.05156618356704712, 0.0, 1.0, -153.9966278076172, 13.47933343110976
3834, -890.64453125, 1094.0975341796875, -0.053476039320230484, 0.0, 1.0, -154.06564331054688, 13.401647059976158
3835, -890.7991333007812, 1094.026123046875, -0.05538589879870415, 0.0, 1.0, -154.1438751220703, 13.322882354227158
3836, -890.9481811523438, 1093.95751953125, -0.059205614030361176, 0.0, 1.0, -154.22750854492188, 13.246767552444075
3837, -891.1004638671875, 1093.8875732421875, -0.06111546978354454, 0.0, 1.0, -154.32151794433594, 13.168841275219547
3838, -891.2451171875, 1093.8214111328125, -0.0630253255367279, 0.0, 1.0, -154.41867065429688, 13.094663107095187
3839, -891.4063720703125, 1093.7479248046875, -0.06493518501520157, 0.0, 1.0, -154.53639221191406, 13.011777211516542
3840, -891.5542602539062, 1093.680908203125, -0.06684504449367523, 0.0, 1.0, -154.6525115966797, 12.935669418735777
3841, -891.7048950195312, 1093.6129150390625, -0.07066475600004196, 0.0, 1.0, -154.77944946289062, 12.85791234881204
3842, -891.849853515625, 1093.5477294921875, -0.07257461547851562, 0.0, 1.0, -154.9097442626953, 12.782905733888294
3843, -891.9945068359375, 1093.483154296875, -0.07448447495698929, 0.0, 1.0, -155.0478973388672, 12.70787774604778
3844, -892.1378173828125, 1093.4195556640625, -0.07639432698488235, 0.0, 1.0, -155.19244384765625, 12.63349008233753
3845, -892.2843017578125, 1093.3548583984375, -0.0757577121257782, 0.0, 1.0, -155.34788513183594, 12.557393312261233
3846, -892.4307861328125, 1093.2904052734375, -0.07448447495698929, 0.0, 1.0, -155.51051330566406, 12.48122066486032
3847, -892.572265625, 1093.228759765625, -0.07384785264730453, 0.0, 1.0, -155.67361450195312, 12.40766349800827
3848, -892.716796875, 1093.166015625, -0.07321123778820038, 0.0, 1.0, -155.84616088867188, 12.332392936718586
3849, -892.8582763671875, 1093.1051025390625, -0.07257461547851562, 0.0, 1.0, -156.0200653076172, 12.25875724657036
3850, -892.9996948242188, 1093.04443359375, -0.07193799316883087, 0.0, 1.0, -156.19871520996094, 12.185031756571956
3851, -893.137939453125, 1092.9854736328125, -0.07066475600004196, 0.0, 1.0, -156.37754821777344, 12.112894045954109
3852, -893.277099609375, 1092.9266357421875, -0.0700281411409378, 0.0, 1.0, -156.56097412109375, 12.040284930186482
3853, -893.414794921875, 1092.8687744140625, -0.06939151883125305, 0.0, 1.0, -156.74569702148438, 11.968401073693395
3854, -893.5560913085938, 1092.8099365234375, -0.0687548965215683, 0.0, 1.0, -156.93833923339844, 11.894566403143909
3855, -893.6920166015625, 1092.7535400390625, -0.06811828166246414, 0.0, 1.0, -157.12623596191406, 11.823466309557451
3856, -893.828857421875, 1092.697265625, -0.06684504449367523, 0.0, 1.0, -157.31765747070312, 11.751797627030983
3857, -893.9632568359375, 1092.6424560546875, -0.06620842218399048, 0.0, 1.0, -157.50732421875, 11.681397540717013
3858, -894.099853515625, 1092.5870361328125, -0.06557180732488632, 0.0, 1.0, -157.70162963867188, 11.609785496651588
3859, -894.2333984375, 1092.533447265625, -0.06493518501520157, 0.0, 1.0, -157.8929901123047, 11.539689500901517
3860, -894.369140625, 1092.479248046875, -0.06429856270551682, 0.0, 1.0, -158.0884552001953, 11.46840442882708
3861, -894.5057373046875, 1092.42529296875, -0.0630253255367279, 0.0, 1.0, -158.28607177734375, 11.396570279800338
3862, -894.6396484375, 1092.3726806640625, -0.06238870695233345, 0.0, 1.0, -158.48033142089844, 11.326084469760639
3863, -894.7711791992188, 1092.3216552734375, -0.061752088367938995, 0.0, 1.0, -158.67132568359375, 11.25683768772446
3864, -894.9012451171875, 1092.271484375, -0.06111546978354454, 0.0, 1.0, -158.86048889160156, 11.188238955333864
3865, -895.0333251953125, 1092.2210693359375, -0.060478851199150085, 0.0, 1.0, -159.05267333984375, 11.118473380806913
3866, -895.1621704101562, 1092.1722412109375, -0.05984223261475563, 0.0, 1.0, -159.23976135253906, 11.050432657825574
3867, -895.2910766601562, 1092.123779296875, -0.059205614030361176, 0.0, 1.0, -159.42662048339844, 10.982303315899905
3868, -895.420654296875, 1092.0755615234375, -0.05856899172067642, 0.0, 1.0, -159.6142120361328, 10.91368339187957
3869, -895.5477905273438, 1092.0286865234375, -0.05793237313628197, 0.0, 1.0, -159.7976837158203, 10.846315886853155
3870, -895.6766967773438, 1091.9815673828125, -0.05729575455188751, 0.0, 1.0, -159.9831085205078, 10.777906153905448
3871, -895.8025512695312, 1091.935791015625, -0.05538589879870415, 0.0, 1.0, -160.163330078125, 10.71103652071635
3872, -895.9283447265625, 1091.890625, -0.05538589879870415, 0.0, 1.0, -160.3424072265625, 10.644146730269371
3873, -896.0536499023438, 1091.84619140625, -0.05411265790462494, 0.0, 1.0, -160.5197296142578, 10.577445160933433
3874, -896.2991943359375, 1091.760009765625, -0.05411265790462494, 0.0, 1.0, -160.86373901367188, 10.446508984074873
3875, -896.424560546875, 1091.716796875, -0.053476039320230484, 0.0, 1.0, -161.03741455078125, 10.379576349747747
3876, -896.5480346679688, 1091.6744384765625, -0.05156618356704712, 0.0, 1.0, -161.2070770263672, 10.313558978505972
3877, -896.6694946289062, 1091.63330078125, -0.050929564982652664, 0.0, 1.0, -161.37257385253906, 10.248529669941462
3878, -896.7899169921875, 1091.5928955078125, -0.05029294267296791, 0.0, 1.0, -161.5352325439453, 10.183967434922264
3879, -896.9088134765625, 1091.5533447265625, -0.049656324088573456, 0.0, 1.0, -161.6944122314453, 10.120128612968161
3880, -897.02880859375, 1091.513671875, -0.048383086919784546, 0.0, 1.0, -161.85325622558594, 10.055702810778424
3881, -897.1484375, 1091.474609375, -0.047109849750995636, 0.0, 1.0, -162.00997924804688, 9.991360213836172
3882, -897.2665405273438, 1091.4364013671875, -0.04647323116660118, 0.0, 1.0, -162.162841796875, 9.92773186596596
3883, -897.3839111328125, 1091.3988037109375, -0.04583660885691643, 0.0, 1.0, -162.31304931640625, 9.864395031667943
3884, -897.4984130859375, 1091.3623046875, -0.04519999027252197, 0.0, 1.0, -162.45787048339844, 9.802483949153782
3885, -897.6142578125, 1091.325927734375, -0.04392675310373306, 0.0, 1.0, -162.60243225097656, 9.739803747720615
3886, -897.7271728515625, 1091.2906494140625, -0.04392675310373306, 0.0, 1.0, -162.74154663085938, 9.678629038622587
3887, -897.8418579101562, 1091.2552490234375, -0.04329013451933861, 0.0, 1.0, -162.88108825683594, 9.616349328554596
3888, -898.0670776367188, 1091.1864013671875, -0.04265351593494415, 0.0, 1.0, -163.14984130859375, 9.493816025991839
3889, -898.1795654296875, 1091.152587890625, -0.041380275040864944, 0.0, 1.0, -163.2814178466797, 9.432476768806639
3890, -898.2975463867188, 1091.1173095703125, -0.040107037872076035, 0.0, 1.0, -163.41729736328125, 9.36806445786015
3891, -898.4090576171875, 1091.0843505859375, -0.03947041928768158, 0.0, 0.9750000238418579, -163.543701171875, 9.30713643323879
3892, -898.5179443359375, 1091.0523681640625, -0.038833800703287125, 0.0, 0.9500000476837158, -163.66539001464844, 9.247627502085173
3893, -898.628173828125, 1091.0203857421875, -0.03819718211889267, 0.0, 0.9250000715255737, -163.78688049316406, 9.187363836989304
3894, -898.7374267578125, 1090.98876953125, -0.037560559809207916, 0.0, 0.9000000953674316, -163.90518188476562, 9.127872543806204
3895, -898.8441772460938, 1090.958251953125, -0.036287322640419006, 0.0, 0.8500001430511475, -164.01925659179688, 9.0697766191568
3896, -898.9535522460938, 1090.9271240234375, -0.03565070405602455, 0.0, 0.8250001668930054, -164.1338348388672, 9.010634654057117
3897, -899.059814453125, 1090.897216796875, -0.035014085471630096, 0.0, 0.8000001907348633, -164.243408203125, 8.953414876968292
3898, -899.168701171875, 1090.8668212890625, -0.031830985099077225, 0.0, 0.7750002145767212, -164.35311889648438, 8.895185682731624
3899, -899.275390625, 1090.8372802734375, -0.028647884726524353, 0.0, 0.7500002384185791, -164.45773315429688, 8.838508858910163
3900, -899.3804321289062, 1090.8082275390625, -0.02228168584406376, 0.0, 0.7000002861022949, -164.55697631835938, 8.783102990315266
3901, -899.4833374023438, 1090.77978515625, -0.019098585471510887, 0.0, 0.6750003099441528, -164.64987182617188, 8.729320962786842
3902, -899.5892944335938, 1090.750732421875, -0.015915486961603165, 0.0, 0.6500003337860107, -164.74066162109375, 8.674326804627347
3903, -899.6920166015625, 1090.7225341796875, -0.012732389383018017, 0.0, 0.6250003576278687, -164.82373046875, 8.621467159003611
3904, -899.795166015625, 1090.6944580078125, -0.00954928994178772, 0.0, 0.6000003814697266, -164.9017333984375, 8.568859803039498
3905, -899.8991088867188, 1090.6661376953125, -0.006366191431879997, 0.0, 0.5750004053115845, -164.97476196289062, 8.516208020973725
3906, -900.002685546875, 1090.637939453125, 0.0, 0.0, 0.5250004529953003, -165.0409698486328, 8.46428354150174
3907, -900.1044311523438, 1090.6103515625, 0.0019098592456430197, 0.0, 0.5000004768371582, -165.0994415283203, 8.413817150764265
3908, -900.2036743164062, 1090.5833740234375, 0.0038197184912860394, 0.0, 0.4750004708766937, -165.1504669189453, 8.365051609507349
3909, -900.3035888671875, 1090.5562744140625, 0.005729577504098415, 0.0, 0.45000046491622925, -165.1957550048828, 8.316502313234077
3910, -900.4063720703125, 1090.5284423828125, 0.007639436982572079, 0.0, 0.42500045895576477, -165.23606872558594, 8.267012629988285
3911, -900.5022583007812, 1090.50244140625, 0.009549296461045742, 0.0, 0.4000004529953003, -165.26817321777344, 8.22137030567972
3912, -900.6019897460938, 1090.475341796875, 0.013369014486670494, 0.0, 0.35000044107437134, -165.29542541503906, 8.174349207940114
3913, -900.7008666992188, 1090.448486328125, 0.015278873965144157, 0.0, 0.32500043511390686, -165.31639099121094, 8.128381874080452
3914, -900.7991333007812, 1090.4217529296875, 0.01718873344361782, 0.0, 0.3000004291534424, -165.3312530517578, 8.083286409647583
3915, -900.8958129882812, 1090.3953857421875, 0.019098592922091484, 0.0, 0.2750004231929779, -165.34017944335938, 8.039403468103757
3916, -900.9909057617188, 1090.3695068359375, 0.02291831001639366, 0.0, 0.22500041127204895, -165.34327697753906, 7.996778842120239
3917, -901.08544921875, 1090.34375, 0.024828169494867325, 0.0, 0.20000040531158447, -165.34059143066406, 7.955080914250976
3918, -901.185302734375, 1090.3162841796875, 0.026738028973340988, 0.0, 0.17500039935112, -165.33160400390625, 7.911591510896414
3919, -901.2810668945312, 1090.2899169921875, 0.02864788845181465, 0.0, 0.15000039339065552, -165.3173065185547, 7.870495145494538
3920, -901.377685546875, 1090.26318359375, 0.028011269867420197, 0.0, 0.12500038743019104, -165.29763793945312, 7.829704907671057
3921, -901.4716796875, 1090.2371826171875, 0.026738030835986137, 0.0, 0.07500039041042328, -165.2744140625, 7.790692965303486
3922, -901.5667114257812, 1090.2109375, 0.026101412251591682, 0.0, 0.0500003919005394, -165.24716186523438, 7.7519204392301475
3923, -901.6605224609375, 1090.18505859375, 0.025464793667197227, 0.0, 0.02500039152801037, -165.2171630859375, 7.714304914665524
3924, -901.7548217773438, 1090.158935546875, 0.024828173220157623, 0.0, 3.915280046840053e-07, -165.1843719482422, 7.677148563293052
3925, -901.8466186523438, 1090.1334228515625, 0.02419155463576317, 0.0, -0.02499960921704769, -165.1503143310547, 7.64153591321355
3926, -901.9381713867188, 1090.1080322265625, 0.02291831560432911, 0.0, 0.0, -165.11471557617188, 7.606024941884979
3927, -902.0299682617188, 1090.08251953125, 0.022281697019934654, 0.0, 0.0, -165.07777404785156, 7.570950944985237
3928, -902.1201171875, 1090.057373046875, 0.0216450784355402, 0.0, 0.0, -165.04049682617188, 7.5368991518501245
3929, -902.21044921875, 1090.0323486328125, 0.021008459851145744, 0.0, 0.0, -165.00244140625, 7.503110797655343
3930, -902.2985229492188, 1090.0078125, 0.02037183940410614, 0.0, 0.0, -164.96484375, 7.470443532468172
3931, -902.3893432617188, 1089.9825439453125, 0.019735220819711685, 0.0, 0.0, -164.92572021484375, 7.4369387451454525
3932, -902.4824829101562, 1089.95654296875, 0.018461981788277626, 0.0, 0.0, -164.8856658935547, 7.402793150097916
3933, -902.570556640625, 1089.9320068359375, 0.01782536320388317, 0.0, 0.0, -164.8479461669922, 7.3706926451631345
3934, -902.6594848632812, 1089.9071044921875, 0.017188744619488716, 0.0, 0.0, -164.8101043701172, 7.338349057839207
3935, -902.7471923828125, 1089.8826904296875, 0.016552124172449112, 0.0, 0.0, -164.77328491210938, 7.306602414847457
3936, -902.835693359375, 1089.85791015625, 0.015915505588054657, 0.0, 0.0, -164.7366485595703, 7.274631105323365
3937, -902.921875, 1089.833740234375, 0.015278885141015053, 0.0, 0.0, -164.70155334472656, 7.243550275477468
3938, -903.008544921875, 1089.8094482421875, 0.014005645178258419, 0.0, 0.0, -164.66702270507812, 7.212315920457897
3939, -903.0938720703125, 1089.7855224609375, 0.01336902566254139, 0.0, 0.0, -164.6339874267578, 7.181663430397422
3940, -903.1825561523438, 1089.7606201171875, 0.012732405215501785, 0.0, 0.0, -164.60061645507812, 7.149835535235263
3941, -903.2673950195312, 1089.73681640625, 0.012095784768462181, 0.0, 0.0, -164.56964111328125, 7.119398763204606
3942, -903.3535766601562, 1089.712646484375, 0.011459165252745152, 0.0, 0.0, -164.5391845703125, 7.088490843201349
3943, -903.4387817382812, 1089.6885986328125, 0.010822544805705547, 0.0, 0.0, -164.51011657714844, 7.0579350699509105
3944, -903.5250854492188, 1089.6644287109375, 0.009549304842948914, 0.0, 0.0, -164.48194885253906, 7.027022879409116
3945, -903.609130859375, 1089.6407470703125, 0.00891268439590931, 0.0, 0.0, -164.45571899414062, 6.996909440835659
3946, -903.6926879882812, 1089.6171875, 0.008276063948869705, 0.0, 0.0, -164.4308319091797, 6.966966741775619
3947, -903.7762451171875, 1089.5936279296875, 0.007639444898813963, 0.0, 0.0, -164.4072265625, 6.937063143952096
3948, -903.858154296875, 1089.570556640625, 0.007002824917435646, 0.0, 0.0, -164.38528442382812, 6.907691832041949
3949, -903.9417724609375, 1089.5469970703125, 0.005729585886001587, 0.0, 0.0, -164.3642120361328, 6.877773776727114
3950, -904.0252075195312, 1089.5234375, 0.00509296590462327, 0.0, 0.0, -164.34463500976562, 6.847907338883774
3951, -904.110595703125, 1089.4993896484375, 0.0044563463889062405, 0.0, 0.0, -164.3260040283203, 6.817289160897957
3952, -904.1918334960938, 1089.4764404296875, 0.0038197266403585672, 0.0, 0.0, -164.30967712402344, 6.788178029108156
3953, -904.273681640625, 1089.4532470703125, 0.002546486910432577, 0.0, 0.0, -164.29466247558594, 6.758892261217889
3954, -904.3541870117188, 1089.4305419921875, 0.001909867045469582, 0.0, 0.0, -164.28128051757812, 6.730047984881807
3955, -904.4360961914062, 1089.4073486328125, 0.0012732472969219089, 0.0, 0.0, -164.2691650390625, 6.70075631665893
3956, -904.5178833007812, 1089.3843994140625, 0.0, 0.0, 0.0, -164.2586212158203, 6.671435578984119
3957, -904.59716796875, 1089.3619384765625, 0.0, 0.0, 0.0, -164.24974060058594, 6.643006476028536
3958, -904.6760864257812, 1089.3397216796875, 0.0, 0.0, 0.0, -164.2421417236328, 6.614772784418187
3959, -904.7551879882812, 1089.3175048828125, 0.0, 0.0, 0.0, -164.2355499267578, 6.586423373305693
3960, -904.833251953125, 1089.29541015625, 0.0, 0.0, 0.0, -164.2299346923828, 6.558442792607761
3961, -904.9102172851562, 1089.2738037109375, 0.0, 0.0, 0.0, -164.22518920898438, 6.530874696136018
3962, -904.9925537109375, 1089.25048828125, 0.0, 0.0, 0.0, -164.22088623046875, 6.501350151615841
3963, -905.0687255859375, 1089.22900390625, 0.0, 0.0, 0.0, -164.21749877929688, 6.474059962560484
3964, -905.1443481445312, 1089.2076416015625, 0.0, 0.0, 0.0, -164.2146453857422, 6.446959430424995
3965, -905.2211303710938, 1089.18603515625, 0.0, 0.0, 0.0, -164.21226501464844, 6.419415085007746
3966, -905.2965698242188, 1089.1646728515625, 0.0, 0.0, 0.0, -164.210205078125, 6.392360019180105
3967, -905.3733520507812, 1089.1429443359375, 0.0, 0.0, 0.0, -164.20852661132812, 6.364787285020919
3968, -905.4467163085938, 1089.1221923828125, 0.0, 0.0, 0.0, -164.2071990966797, 6.3384606616027215
3969, -905.52099609375, 1089.1011962890625, 0.0, 0.0, 0.0, -164.2061309814453, 6.311808307497813
3970, -905.59716796875, 1089.07958984375, 0.0, 0.0, 0.0, -164.2052459716797, 6.284444182431708
3971, -905.6725463867188, 1089.058349609375, 0.0, 0.0, 0.0, -164.20458984375, 6.257370251135982
3972, -905.74609375, 1089.03759765625, 0.0, 0.0, 0.0, -164.20411682128906, 6.230993238601813
3973, -905.816650390625, 1089.017578125, 0.0, 0.0, 0.0, -164.20379638671875, 6.205688130936218
3974, -905.8943481445312, 1088.99560546875, 0.0, 0.0, 0.0, -164.2035675048828, 6.177781781454085
3975, -905.97021484375, 1088.97412109375, 0.0, 0.0, 0.0, -164.20350646972656, 6.150528012827216
3976, -906.04296875, 1088.9534912109375, 0.0, 0.0, 0.0, -164.20352172851562, 6.1244093555998464
3977, -906.1141357421875, 1088.933349609375, 0.0, 0.0, 0.0, -164.20358276367188, 6.098851505750334
3978, -906.1871948242188, 1088.9127197265625, 0.0, 0.0, 0.0, -164.20376586914062, 6.072616590949753
3979, -906.2584838867188, 1088.892578125, 0.0, 0.0, 0.0, -164.20399475097656, 6.046979287455864
3980, -906.333251953125, 1088.871337890625, 0.0019098592456430197, 0.0, 0.0, -164.20391845703125, 6.0201228378569125
3981, -906.4057006835938, 1088.850830078125, 0.0038197184912860394, 0.0, 0.0, -164.20314025878906, 5.994074098629938
3982, -906.4757690429688, 1088.8309326171875, 0.005729577504098415, 0.0, 0.0, -164.2013702392578, 5.9688679050088265
3983, -906.5467529296875, 1088.810546875, 0.007639436982572079, 0.0, 0.0, -164.19821166992188, 5.943285755332337
3984, -906.6156005859375, 1088.791015625, 0.009549296461045742, 0.0, 0.0, -164.19366455078125, 5.918513573039668
3985, -906.6875, 1088.7703857421875, 0.01145915500819683, 0.0, 0.0, -164.18701171875, 5.892650522259602
3986, -906.758056640625, 1088.7501220703125, 0.015278873965144157, 0.0, 0.0, -164.1781005859375, 5.867155194646747
3987, -906.82763671875, 1088.7301025390625, 0.01718873344361782, 0.0, 0.0, -164.166748046875, 5.842003863135873
3988, -906.8973388671875, 1088.7098388671875, 0.019098592922091484, 0.0, 0.0, -164.1527099609375, 5.81682366687966
3989, -906.9656982421875, 1088.6900634765625, 0.021008450537919998, 0.0, 0.0, -164.13633728027344, 5.79208318447114
3990, -907.03662109375, 1088.6693115234375, 0.02291831001639366, 0.02500000037252903, 0.0, -164.11630249023438, 5.766888060911081
3991, -907.1039428710938, 1088.6495361328125, 0.024828169494867325, 0.05000000074505806, 0.0, -164.09463500976562, 5.743404363954818
3992, -907.1713256835938, 1088.629638671875, 0.02864788845181465, 0.10000000149011612, 0.0, -164.06983947753906, 5.720668493544586
3993, -907.2422485351562, 1088.6085205078125, 0.030557747930288315, 0.125, 0.0, -164.0400390625, 5.69811874265064
3994, -907.3092651367188, 1088.588623046875, 0.03246760740876198, 0.15000000596046448, 0.0, -164.0087127685547, 5.6784191264596915
3995, -907.3758544921875, 1088.568603515625, 0.03183098882436752, 0.17500001192092896, 0.0, -163.97482299804688, 5.660506128352502
3996, -907.443603515625, 1088.5482177734375, 0.031194370239973068, 0.20000001788139343, 0.0, -163.93809509277344, 5.64405896226565
3997, -907.5087280273438, 1088.5284423828125, 0.030557749792933464, 0.2250000238418579, 0.0, -163.90106201171875, 5.62999865081568
3998, -907.5751953125, 1088.5084228515625, 0.029284512624144554, 0.27500003576278687, 0.0, -163.86203002929688, 5.6175251066369
3999, -907.641845703125, 1088.48828125, 0.02864789217710495, 0.30000004172325134, 0.0, -163.8219757080078, 5.607274680198268
4000, -907.708251953125, 1088.468017578125, 0.028011273592710495, 0.3250000476837158, 0.0, -163.78143310546875, 5.599302290471039
4001, -907.7755126953125, 1088.447509765625, 0.02737465500831604, 0.3500000536441803, 0.0, -163.73992919921875, 5.593422203629569
4002, -907.8421630859375, 1088.4271240234375, 0.026738034561276436, 0.3750000596046448, 0.0, -163.69871520996094, 5.589753222034147
4003, -907.9085083007812, 1088.406982421875, 0.02610141597688198, 0.40000006556510925, 0.0, -163.6576690673828, 5.588164272696341
4004, -907.974609375, 1088.38671875, 0.025464797392487526, 0.42500007152557373, 0.0, -163.61697387695312, 5.5885764007948
4005, -908.040771484375, 1088.3663330078125, 0.024191558361053467, 0.4750000834465027, 0.0, -163.57652282714844, 5.590994857471023
4006, -908.1090698242188, 1088.3453369140625, 0.023554939776659012, 0.5000000596046448, 0.0, -163.53533935546875, 5.595852557318664
4007, -908.174072265625, 1088.325439453125, 0.022918321192264557, 0.5250000357627869, 0.0, -163.49671936035156, 5.6026531238686506
4008, -908.2387084960938, 1088.3055419921875, 0.022281700745224953, 0.550000011920929, 0.0, -163.4589080810547, 5.611379115139831
4009, -908.3052978515625, 1088.2850341796875, 0.021645082160830498, 0.574999988079071, 0.0, -163.4207000732422, 5.622300649397842
4010, -908.3729248046875, 1088.26416015625, 0.021008463576436043, 0.5999999642372131, 0.0, -163.38262939453125, 5.635324961328588
4011, -908.4405517578125, 1088.2432861328125, 0.019735224545001984, 0.6499999165534973, 0.0, -163.34547424316406, 5.650295458414266
4012, -908.5078735351562, 1088.2225341796875, 0.01909860596060753, 0.6749998927116394, 0.0, -163.30941772460938, 5.667370578087718
4013, -908.5758666992188, 1088.201416015625, 0.018461985513567924, 0.6999998688697815, 0.0, -163.27401733398438, 5.686692138903022
4014, -908.6427001953125, 1088.1807861328125, 0.01782536692917347, 0.7249998450279236, 0.0, -163.2401123046875, 5.707605506861906
4015, -908.7120361328125, 1088.1593017578125, 0.017188748344779015, 0.7499998211860657, 0.0, -163.2059326171875, 5.731180961555994
4016, -908.7809448242188, 1088.137939453125, 0.01655212789773941, 0.7749997973442078, 0.0, -163.17288208007812, 5.756478052704118
4017, -908.8496704101562, 1088.1165771484375, 0.015278889797627926, 0.7749997973442078, 0.0, -163.14102172851562, 5.783340082718216
4018, -908.9169311523438, 1088.095703125, 0.014642269350588322, 0.7499998211860657, 0.0, -163.1110076904297, 5.8106697400466265
4019, -908.98583984375, 1088.0743408203125, 0.014005648903548717, 0.7249998450279236, 0.0, -163.08123779296875, 5.8391254072775824
4020, -909.054443359375, 1088.052978515625, 0.013369029387831688, 0.6999998688697815, 0.0, -163.0526885986328, 5.867342554298798
4021, -909.125244140625, 1088.031005859375, 0.012732408940792084, 0.6749998927116394, 0.0, -163.02430725097656, 5.896031100862983
4022, -909.1976928710938, 1088.008544921875, 0.01145916897803545, 0.6249999403953552, 0.0, -162.9965362548828, 5.924431678405299
4023, -909.2684936523438, 1087.9864501953125, 0.013369028456509113, 0.5999999642372131, 0.0, -162.97018432617188, 5.950738294004059
4024, -909.338623046875, 1087.964599609375, 0.015278887934982777, 0.574999988079071, 0.0, -162.94432067871094, 5.975291602734467
4025, -909.4108276367188, 1087.942138671875, 0.017188746482133865, 0.550000011920929, 0.0, -162.917236328125, 5.998914032430611
4026, -909.4814453125, 1087.919921875, 0.01909860596060753, 0.5250000357627869, 0.0, -162.89013671875, 6.020293153030714
4027, -909.5535888671875, 1087.897216796875, 0.021008465439081192, 0.5000000596046448, 0.0, -162.86135864257812, 6.040363810964
4028, -909.6251220703125, 1087.8746337890625, 0.02482818439602852, 0.4500000476837158, 0.0, -162.83103942871094, 6.058288735100898
4029, -909.6967163085938, 1087.851806640625, 0.026738042011857033, 0.42500004172325134, 0.0, -162.79879760742188, 6.074003244849232
4030, -909.7669067382812, 1087.8294677734375, 0.028647901490330696, 0.40000003576278687, 0.0, -162.7650146484375, 6.0872849286144755
4031, -909.8379516601562, 1087.806640625, 0.03055776096880436, 0.3750000298023224, 0.0, -162.72854614257812, 6.098629662018308
4032, -909.909423828125, 1087.7835693359375, 0.032467618584632874, 0.3500000238418579, 0.0, -162.68951416015625, 6.107945790696441
4033, -909.982177734375, 1087.7598876953125, 0.03183100000023842, 0.32500001788139343, 0.0, -162.64756774902344, 6.115369511156496
4034, -910.0535888671875, 1087.7366943359375, 0.03055776096880436, 0.2750000059604645, 0.0, -162.6049041748047, 6.120518108315874
4035, -910.1248168945312, 1087.71337890625, 0.029921142384409904, 0.25, 0.0, -162.56134033203125, 6.123249061144551
4036, -910.197509765625, 1087.689697265625, 0.02928452380001545, 0.22499999403953552, 0.0, -162.51596069335938, 6.1236674028203115
4037, -910.2703857421875, 1087.665771484375, 0.028647903352975845, 0.19999998807907104, 0.0, -162.4698028564453, 6.121751868161465
4038, -910.346923828125, 1087.640625, 0.02801128476858139, 0.17499998211860657, 0.0, -162.42103576660156, 6.117362689512164
4039, -910.4177856445312, 1087.6173095703125, 0.02673804759979248, 0.12499997764825821, 0.0, -162.37588500976562, 6.111056012136421
4040, -910.4896850585938, 1087.5936279296875, 0.026101427152752876, 0.09999997913837433, 0.0, -162.3301544189453, 6.102255997613361
4041, -910.5631103515625, 1087.5693359375, 0.02546480856835842, 0.07499998062849045, 0.0, -162.28384399414062, 6.090909628347044
4042, -910.6323852539062, 1087.5462646484375, 0.024828189983963966, 0.04999998211860657, 0.0, -162.24046325683594, 6.078077982725599
4043, -910.703369140625, 1087.522705078125, 0.024191569536924362, 0.024999981746077538, 0.0, -162.1964569091797, 6.062880829307617
4044, -910.7766723632812, 1087.498291015625, 0.022918332368135452, 0.0, 0.0, -162.15174865722656, 6.0447922590991405
4045, -910.8482055664062, 1087.4744873046875, 0.022281711921095848, 0.0, 0.0, -162.10897827148438, 6.025264610269822
4046, -910.9182739257812, 1087.451171875, 0.021645093336701393, 0.0, 0.0, -162.06776428222656, 6.004679323242035
4047, -910.9888916015625, 1087.427490234375, 0.021008474752306938, 0.0, 0.0, -162.02706909179688, 5.982795653434335
4048, -911.0584716796875, 1087.404296875, 0.020371854305267334, 0.0, 0.0, -161.98780822753906, 5.960405531986522
4049, -911.129150390625, 1087.380615234375, 0.019098617136478424, 0.0, 0.0, -161.948974609375, 5.9369831390242584
4050, -911.1984252929688, 1087.357421875, 0.01846199668943882, 0.0, 0.0, -161.9119873046875, 5.913530536806554
4051, -911.2653198242188, 1087.3349609375, 0.017825378105044365, 0.0, 0.0, -161.8772430419922, 5.890474423316196
4052, -911.3355102539062, 1087.3114013671875, 0.01718875952064991, 0.0, 0.0, -161.84182739257812, 5.865995664165444
4053, -911.4047241210938, 1087.2880859375, 0.016552140936255455, 0.0, 0.0, -161.80787658691406, 5.841545286392899
4054, -911.5449829101562, 1087.240966796875, 0.01591552048921585, 0.0, 0.0, -161.74258422851562, 5.791547657864151
4055, -911.6138916015625, 1087.2176513671875, 0.01718875952064991, 0.0, 0.0, -161.71163940429688, 5.766727472814323
4056, -911.6832885742188, 1087.1942138671875, 0.019098618999123573, 0.0, 0.0, -161.6804962158203, 5.741659971779075
4057, -911.8167724609375, 1087.14892578125, 0.0229183379560709, 0.0, 0.0, -161.61904907226562, 5.693133520301122
4058, -911.8839721679688, 1087.1259765625, 0.026738056913018227, 0.0, 0.0, -161.5863037109375, 5.668586618943039
4059, -911.9490356445312, 1087.1036376953125, 0.02864791639149189, 0.0, 0.0, -161.55282592773438, 5.644765075986374
4060, -912.0157470703125, 1087.08056640625, 0.030557775869965553, 0.0, 0.0, -161.5165557861328, 5.620280190821232
4061, -912.080810546875, 1087.0579833984375, 0.03246763348579407, 0.0, 0.0, -161.4791259765625, 5.596375675869941
4062, -912.1454467773438, 1087.035400390625, 0.03437749296426773, 0.0, 0.0, -161.4397430419922, 5.5726020405652985
4063, -912.2090454101562, 1087.0130615234375, 0.03819720819592476, 0.0, 0.0, -161.3982696533203, 5.549061729128611
4064, -912.2733154296875, 1086.9903564453125, 0.040107063949108124, 0.0, 0.0, -161.35366821289062, 5.525275926344117
4065, -912.3387451171875, 1086.9671630859375, 0.04201692342758179, 0.0, 0.0, -161.3052978515625, 5.501036931242514
4066, -912.4047241210938, 1086.943603515625, 0.04392677918076515, 0.0, 0.0, -161.25340270996094, 5.4765181516530745
4067, -912.4691162109375, 1086.920654296875, 0.045836638659238815, 0.0, 0.0, -161.1999053955078, 5.452600463442998
4068, -912.5323486328125, 1086.897705078125, 0.049656350165605545, 0.0, 0.0, -161.14404296875, 5.429005749605603
4069, -912.595947265625, 1086.87451171875, 0.05156620964407921, 0.0, 0.0, -161.0846405029297, 5.405291253402947
4070, -912.6583251953125, 1086.8516845703125, 0.05347606539726257, 0.0, 0.0, -161.0231170654297, 5.38196727476017
4071, -912.720703125, 1086.8287353515625, 0.05538592487573624, 0.0, 0.0, -160.9584197998047, 5.358632958432233
4072, -912.7861328125, 1086.804443359375, 0.0572957806289196, 0.0, 0.0, -160.8870086669922, 5.33405719580959
4073, -912.8472290039062, 1086.7816162109375, 0.059205640107393265, 0.0, 0.0, -160.81724548339844, 5.311126184361752
4074, -912.9080810546875, 1086.7586669921875, 0.06302535533905029, 0.0, 0.0, -160.74461364746094, 5.2882811643176035
4075, -912.969482421875, 1086.7354736328125, 0.06493521481752396, 0.0, 0.0, -160.66773986816406, 5.265167680579583
4076, -913.031494140625, 1086.7117919921875, 0.06684507429599762, 0.0, 0.0, -160.5867462158203, 5.24186513468038
4077, -913.0906982421875, 1086.6890869140625, 0.06875493377447128, 0.0, 0.0, -160.50607299804688, 5.219532918882648
4078, -913.1520385742188, 1086.6654052734375, 0.07066478580236435, 0.0, 0.0, -160.41932678222656, 5.19614722431708
4079, -913.2120971679688, 1086.6419677734375, 0.07257464528083801, 0.0, 0.0, -160.33120727539062, 5.172963631894889
4080, -913.273681640625, 1086.617919921875, 0.07639436423778534, 0.0, 0.0, -160.23709106445312, 5.148826665070582
4081, -913.3326416015625, 1086.5946044921875, 0.0783042162656784, 0.0, 0.0, -160.14349365234375, 5.125751065978899
4082, -913.3915405273438, 1086.5711669921875, 0.07766760140657425, 0.0, 0.0, -160.04701232910156, 5.10302156624462
4083, -913.4530029296875, 1086.5465087890625, 0.0770309790968895, 0.0, 0.0, -159.9436798095703, 5.079040495811518
4084, -913.512451171875, 1086.5225830078125, 0.07575774192810059, 0.02500000037252903, 0.0, -159.84176635742188, 5.0565671843145
4085, -913.5700073242188, 1086.4993896484375, 0.07512111961841583, 0.05000000074505806, 0.0, -159.74195861816406, 5.035829468944238
4086, -913.6273193359375, 1086.47607421875, 0.07448450475931168, 0.07500000298023224, 0.0, -159.6416778564453, 5.016055107789438
4087, -913.6844482421875, 1086.4527587890625, 0.07384788244962692, 0.10000000149011612, 0.0, -159.54090881347656, 4.9971846925690775
4088, -913.7412109375, 1086.4293212890625, 0.07321126759052277, 0.125, 0.0, -159.4405059814453, 4.982331689498981
4089, -913.7975463867188, 1086.4061279296875, 0.07193802297115326, 0.17500001192092896, 0.0, -159.3408966064453, 4.96735599620314
4090, -913.8546142578125, 1086.3824462890625, 0.0713014081120491, 0.20000001788139343, 0.0, -159.2401123046875, 4.954015920428814
4091, -913.9113159179688, 1086.3587646484375, 0.07066478580236435, 0.2250000238418579, 0.0, -159.13999938964844, 4.94263024804003
4092, -913.968994140625, 1086.334716796875, 0.07002817094326019, 0.2500000298023224, 0.0, -159.03868103027344, 4.933009956436652
4093, -914.0254516601562, 1086.3109130859375, 0.06939154863357544, 0.27500003576278687, 0.0, -158.93995666503906, 4.925494188804166
4094, -914.0816040039062, 1086.287353515625, 0.06875493377447128, 0.30000004172325134, 0.0, -158.84225463867188, 4.91988062374283
4095, -914.138671875, 1086.26318359375, 0.06748168915510178, 0.3500000536441803, 0.0, -158.74365234375, 4.916227258565722
4096, -914.1950073242188, 1086.2392578125, 0.06684507429599762, 0.3750000596046448, 0.0, -158.64706420898438, 4.91491168871102
4097, -914.2503662109375, 1086.2156982421875, 0.06620845198631287, 0.40000006556510925, 0.0, -158.55296325683594, 4.915748269392925
4098, -914.309326171875, 1086.1904296875, 0.06557183712720871, 0.42500007152557373, 0.0, -158.45355224609375, 4.918822316930263
4099, -914.3651123046875, 1086.16650390625, 0.06493521481752396, 0.4500000774860382, 0.0, -158.36012268066406, 4.923713955707456
4100, -914.4225463867188, 1086.141845703125, 0.06366197764873505, 0.5000000596046448, 0.0, -158.26502990722656, 4.930810920814213
4101, -914.477783203125, 1086.117919921875, 0.06302535533905029, 0.5250000357627869, 0.0, -158.1744842529297, 4.939797621315199
4102, -914.534423828125, 1086.0933837890625, 0.062388740479946136, 0.550000011920929, 0.0, -158.0825958251953, 4.951088591192675
4103, -914.5927734375, 1086.0679931640625, 0.06175211817026138, 0.574999988079071, 0.0, -157.9889678955078, 4.964756490240426
4104, -914.6499633789062, 1086.04296875, 0.06111549958586693, 0.5999999642372131, 0.0, -157.89813232421875, 4.980069294812894
4105, -914.7049560546875, 1086.0189208984375, 0.06047888100147247, 0.6249999403953552, 0.0, -157.81155395507812, 4.996516572178713
4106, -914.761962890625, 1085.993896484375, 0.05984226241707802, 0.6499999165534973, 0.0, -157.7227325439453, 5.015143987989041
4107, -914.8195190429688, 1085.968505859375, 0.05856902524828911, 0.6999998688697815, 0.0, -157.63414001464844, 5.035624554592217
4108, -914.8781127929688, 1085.9425048828125, 0.057932402938604355, 0.7249998450279236, 0.0, -157.54505920410156, 5.058613014418503
4109, -914.9359741210938, 1085.9168701171875, 0.0572957843542099, 0.7499998211860657, 0.0, -157.4580841064453, 5.083302485444079
4110, -914.9934692382812, 1085.891357421875, 0.056659165769815445, 0.7749997973442078, 0.0, -157.37271118164062, 5.109638506351413
4111, -915.0535888671875, 1085.8643798828125, 0.05602254718542099, 0.7999997735023499, 0.0, -157.28440856933594, 5.138995344716756
4112, -915.1133422851562, 1085.8377685546875, 0.05474931001663208, 0.849999725818634, 0.0, -157.19784545898438, 5.169942849738611
4113, -915.1708984375, 1085.8118896484375, 0.054112691432237625, 0.8749997019767761, 0.0, -157.1154327392578, 5.2016829672860005
4114, -915.2303466796875, 1085.7850341796875, 0.05347606912255287, 0.8999996781349182, 0.0, -157.03150939941406, 5.2362263228414365
4115, -915.2902221679688, 1085.7581787109375, 0.05283945053815842, 0.9249996542930603, 0.0, -156.94813537597656, 5.272658280032401
4116, -915.3541259765625, 1085.729248046875, 0.05220283195376396, 0.9499996304512024, 0.0, -156.8600616455078, 5.3134164372507415
4117, -915.4135131835938, 1085.7022705078125, 0.05156621336936951, 0.9749996066093445, 0.0, -156.77935791015625, 5.35277149269616
4118, -915.4752807617188, 1085.674072265625, 0.0502929762005806, 1.0249996185302734, 0.0, -156.69638061523438, 5.395256121266172
4119, -915.5380249023438, 1085.6453857421875, 0.049656353890895844, 1.0, 0.0, -156.61346435546875, 5.4396493768944145
4120, -915.5989379882812, 1085.6175537109375, 0.04901973530650139, 1.0, 0.0, -156.53392028808594, 5.483758989670151
4121, -915.6613159179688, 1085.5887451171875, 0.048383116722106934, 1.0, 0.0, -156.45362854003906, 5.529511066614058
4122, -915.7254638671875, 1085.559326171875, 0.04774649813771248, 1.0, 0.0, -156.37217712402344, 5.576998987245783
4123, -915.7927856445312, 1085.5283203125, 0.047109879553318024, 1.0, 0.0, -156.28775024414062, 5.627148639567024
4124, -915.8583374023438, 1085.498046875, 0.045836642384529114, 1.0, 0.0, -156.20692443847656, 5.6760445746566175
4125, -915.9214477539062, 1085.46875, 0.04520002007484436, 1.0, 0.0, -156.1300048828125, 5.723255043469618
4126, -915.9866943359375, 1085.4384765625, 0.044563401490449905, 1.0, 0.0, -156.05169677734375, 5.771940887904568
4127, -916.0534057617188, 1085.4072265625, 0.04392678290605545, 1.0, 0.0, -155.97264099121094, 5.821645913445376
4128, -916.1220703125, 1085.375244140625, 0.043290164321660995, 1.0, 0.0, -155.89263916015625, 5.872469100246248
4129, -916.1881713867188, 1085.34423828125, 0.042016927152872086, 1.0, 0.0, -155.81668090820312, 5.921270550747352
4130, -916.2543334960938, 1085.313232421875, 0.04138030484318733, 1.0, 0.0, -155.7418212890625, 5.969853875696138
4131, -916.3240966796875, 1085.2803955078125, 0.04074368625879288, 1.0, 0.0, -155.66407775878906, 6.0207735429584615
4132, -916.394775390625, 1085.2470703125, 0.04010706767439842, 1.0, 0.0, -155.5867156982422, 6.071934073472271
4133, -916.4663696289062, 1085.213134765625, 0.042016927152872086, 1.0, 0.0, -155.5088348388672, 6.12349477461941
4134, -916.5365600585938, 1085.1798095703125, 0.04392678290605545, 1.0, 0.0, -155.4326629638672, 6.17359664861086
4135, -916.6075439453125, 1085.14599609375, 0.04774649813771248, 1.0, 0.0, -155.3548583984375, 6.223826743224282
4136, -916.6786499023438, 1085.11181640625, 0.049656353890895844, 1.0, 0.0, -155.27572631835938, 6.273772502092364
4137, -916.7494506835938, 1085.0777587890625, 0.05156621336936951, 1.0, 0.0, -155.19552612304688, 6.323085557038526
4138, -916.8212890625, 1085.04296875, 0.05347606912255287, 1.0, 0.0, -155.11219787597656, 6.372884489482137
4139, -916.8934326171875, 1085.0078125, 0.055385928601026535, 1.0, 0.0, -155.0267333984375, 6.422422644829595
4140, -916.967041015625, 1084.9716796875, 0.05920564383268356, 1.0, 0.0, -154.93687438964844, 6.472565494380986
4141, -917.0404663085938, 1084.935546875, 0.06111549958586693, 1.0, 0.0, -154.84451293945312, 6.522245801571159
4142, -917.111572265625, 1084.9002685546875, 0.06302535533905029, 1.0, 0.0, -154.7523193359375, 6.570059877336516
4143, -917.1869506835938, 1084.8626708984375, 0.062388740479946136, 1.0, 0.0, -154.6521759033203, 6.620510767577105
4144, -917.2623291015625, 1084.82470703125, 0.06175211817026138, 1.0, 0.0, -154.54983520507812, 6.670780073014689
4145, -917.3363037109375, 1084.7874755859375, 0.06047888100147247, 1.0, 0.0, -154.44808959960938, 6.719834068788335
4146, -917.4110107421875, 1084.749755859375, 0.05984226241707802, 1.0, 0.0, -154.34437561035156, 6.769031606656071
4147, -917.4885864257812, 1084.7103271484375, 0.05920564383268356, 1.0, 0.0, -154.23590087890625, 6.819793129854801
4148, -917.5667114257812, 1084.6705322265625, 0.05856902524828911, 1.0, 0.0, -154.12599182128906, 6.870611436058082
4149, -917.6455078125, 1084.6302490234375, 0.057932402938604355, 1.0, 0.0, -154.01487731933594, 6.921514110642403
4150, -917.721923828125, 1084.5909423828125, 0.056659165769815445, 1.0, 0.0, -153.906982421875, 6.970626635030736
4151, -917.8104248046875, 1084.545166015625, 0.05602254718542099, 1.0, 0.0, -153.78213500976562, 7.02712580287558
4152, -917.907470703125, 1084.494873046875, 0.055385928601026535, 1.0, 0.0, -153.6459503173828, 7.088474893844786
4153, -918.0011596679688, 1084.4461669921875, 0.054112691432237625, 1.0, 0.0, -153.51510620117188, 7.147263666761146
4154, -918.0914916992188, 1084.39892578125, 0.05347606912255287, 1.0, 0.0, -153.38978576660156, 7.203493659397964
4155, -918.1812133789062, 1084.351806640625, 0.05283945053815842, 1.0, 0.0, -153.26585388183594, 7.259044895777508
4156, -918.2703857421875, 1084.3046875, 0.05156621336936951, 1.0, 0.0, -153.14389038085938, 7.313819150407925
4157, -918.3588256835938, 1084.2579345703125, 0.05092959478497505, 1.0, 0.0, -153.0240478515625, 7.367683071651237
4158, -918.453857421875, 1084.20751953125, 0.0502929762005806, 1.0, 0.0, -152.8964385986328, 7.425204970540672
4159, -918.5531005859375, 1084.1544189453125, 0.04901973530650139, 1.0, 0.0, -152.76466369628906, 7.484831090057584
4160, -918.64208984375, 1084.1068115234375, 0.048383116722106934, 1.0, 0.0, -152.6478271484375, 7.537886529458672
4161, -918.732177734375, 1084.058349609375, 0.04774649813771248, 1.0, 0.0, -152.53077697753906, 7.59125007411645
4162, -918.828857421875, 1084.006103515625, 0.04647326096892357, 1.0, 0.0, -152.40672302246094, 7.648151045384342
4163, -918.9235229492188, 1083.954833984375, 0.045836642384529114, 1.0, 0.0, -152.28675842285156, 7.70348636108355
4164, -919.018310546875, 1083.9031982421875, 0.04520002007484436, 1.0, 0.0, -152.16827392578125, 7.758468881042449
4165, -919.1104736328125, 1083.85302734375, 0.04392678290605545, 1.0, 0.0, -152.05462646484375, 7.81158390205179
4166, -919.1992797851562, 1083.8043212890625, 0.043290164321660995, 1.0, 0.0, -151.94639587402344, 7.862501694994977
4167, -919.28662109375, 1083.75634765625, 0.04265354573726654, 1.0, 0.0, -151.84141540527344, 7.912236197813361
4168, -919.3776245117188, 1083.7060546875, 0.042016927152872086, 1.0, 0.0, -151.7333526611328, 7.963773012908104
4169, -919.4668579101562, 1083.65673828125, 0.04138030484318733, 1.0, 0.0, -151.6289520263672, 8.013933090371536
4170, -919.6465454101562, 1083.556640625, 0.04074368625879288, 1.0, 0.0, -151.42266845703125, 8.11416423991485
4171, -919.7366943359375, 1083.50634765625, 0.03883383050560951, 1.0, 0.0, -151.32135009765625, 8.164025151588069
4172, -919.826904296875, 1083.455810546875, 0.03819721192121506, 1.0, 0.0, -151.22158813476562, 8.213578829732443
4173, -919.9182739257812, 1083.404296875, 0.037560589611530304, 1.0, 0.0, -151.12188720703125, 8.263515417358404
4174, -920.007568359375, 1083.3538818359375, 0.03692397102713585, 1.0, 0.0, -151.02587890625, 8.312029138728269
4175, -920.0980224609375, 1083.3026123046875, 0.036287352442741394, 1.0, 0.0, -150.93003845214844, 8.36090280023031
4176, -920.1903076171875, 1083.250244140625, 0.035014115273952484, 1.0, 0.0, -150.83377075195312, 8.41052014432456
4177, -920.2846069335938, 1083.1964111328125, 0.03437749668955803, 1.0, 0.0, -150.7370147705078, 8.460935962006598
4178, -920.3792114257812, 1083.142333984375, 0.033740878105163574, 1.0, 0.0, -150.6415557861328, 8.511233065395873
4179, -920.4749145507812, 1083.0875244140625, 0.03310425579547882, 1.0, 0.0, -150.5467529296875, 8.56175427620467
4180, -920.5675048828125, 1083.0343017578125, 0.032467637211084366, 1.0, 0.0, -150.4564208984375, 8.610400107588937
4181, -920.6646728515625, 1082.9781494140625, 0.030557781457901, 1.0, 0.0, -150.36343383789062, 8.661238720426823
4182, -920.7608642578125, 1082.9224853515625, 0.029921161010861397, 1.0, 0.0, -150.2732696533203, 8.711240821626028
4183, -920.8577880859375, 1082.8662109375, 0.029284542426466942, 1.0, 0.0, -150.18421936035156, 8.761358295814256
4184, -920.9542236328125, 1082.8101806640625, 0.029284542426466942, 1.0, 0.0, -150.0973358154297, 8.81091375619607
4185, -921.0520629882812, 1082.7530517578125, 0.028647923842072487, 1.0, 0.0, -150.0106201171875, 8.860989379941826
4186, -921.1515502929688, 1082.69482421875, 0.027374684810638428, 1.0, 0.0, -149.92433166503906, 8.91156075551445
4187, -921.2505493164062, 1082.63671875, 0.026738066226243973, 1.0, 0.0, -149.84022521972656, 8.96160409180794
4188, -921.3469848632812, 1082.580078125, 0.02610144577920437, 1.0, 0.0, -149.7598419189453, 9.010158178932736
4189, -921.4462890625, 1082.521484375, 0.025464827194809914, 1.0, 0.0, -149.6787872314453, 9.059838715081897
4190, -921.5477294921875, 1082.46142578125, 0.02482820861041546, 1.0, 0.0, -149.5977020263672, 9.110348383579273
4191, -921.6495971679688, 1082.401123046875, 0.0235549695789814, 1.0, 0.0, -149.51824951171875, 9.160755902925278
4192, -921.7550048828125, 1082.338623046875, 0.022918350994586945, 1.0, 0.0, -149.4377899169922, 9.212696250103127
4193, -921.8541259765625, 1082.279541015625, 0.02228173241019249, 1.0, 0.0, -149.36398315429688, 9.261251612013341
4194, -921.9583129882812, 1082.21728515625, 0.021645111963152885, 1.0, 0.0, -149.2880859375, 9.312055039113934
4195, -922.058837890625, 1082.1572265625, 0.020371874794363976, 1.0, 0.0, -149.21685791015625, 9.360757942299431
4196, -922.1641845703125, 1082.093994140625, 0.01973525434732437, 1.0, 0.0, -149.1439971923828, 9.411618441201277
4197, -922.2642822265625, 1082.033935546875, 0.019098635762929916, 1.0, 0.0, -149.07664489746094, 9.459641833387733
4198, -922.367919921875, 1081.971435546875, 0.01846201717853546, 1.0, 0.0, -149.00872802734375, 9.509110687984373
4199, -922.4743041992188, 1081.9072265625, 0.017825396731495857, 1.0, 0.0, -148.94081115722656, 9.559641535245252
4200, -922.5792236328125, 1081.84375, 0.016552159562706947, 0.9500000476837158, 0.0, -148.8758544921875, 9.609067856630816
4201, -922.6813354492188, 1081.781982421875, 0.015915539115667343, 0.9250000715255737, 0.0, -148.81443786621094, 9.656405936764886
4202, -922.7869262695312, 1081.7178955078125, 0.015278919599950314, 0.9000000953674316, 0.0, -148.7528533935547, 9.70437724209971
4203, -922.89404296875, 1081.65283203125, 0.01464229915291071, 0.8750001192092896, 0.0, -148.69227600097656, 9.751831629484622
4204, -923.0011596679688, 1081.5875244140625, 0.01400567963719368, 0.8500001430511475, 0.0, -148.6337127685547, 9.797913498617321
4205, -923.1055908203125, 1081.5238037109375, 0.012732439674437046, 0.8000001907348633, 0.0, -148.5784149169922, 9.841435363649119
4206, -923.2138061523438, 1081.4576416015625, 0.012095819227397442, 0.7750002145767212, 0.0, -148.5232391357422, 9.884639667610298
4207, -923.3231201171875, 1081.390625, 0.011459198780357838, 0.7500002384185791, 0.0, -148.46954345703125, 9.92631580139169
4208, -923.43115234375, 1081.324462890625, 0.010822579264640808, 0.725000262260437, 0.0, -148.41848754882812, 9.965490352195246
4209, -923.537841796875, 1081.2589111328125, 0.010185958817601204, 0.7000002861022949, 0.0, -148.36990356445312, 10.002211043782369
4210, -923.6466064453125, 1081.19189453125, 0.00891271885484457, 0.6500003337860107, 0.0, -148.3224334716797, 10.037471777959022
4211, -923.7578125, 1081.12353515625, 0.008276098407804966, 0.6250003576278687, 0.0, -148.27613830566406, 10.07097365529276
4212, -923.8651123046875, 1081.057373046875, 0.007639478892087936, 0.6000003814697266, 0.0, -148.23348999023438, 10.100866570078805
4213, -923.974853515625, 1080.9896240234375, 0.007002859376370907, 0.5750004053115845, 0.0, -148.19198608398438, 10.1289393228237
4214, -924.0848388671875, 1080.921630859375, 0.00572961987927556, 0.5250004529953003, 0.0, -148.15248107910156, 10.154524773752001
4215, -924.1978149414062, 1080.851806640625, 0.005093000363558531, 0.5000004768371582, 0.0, -148.1142120361328, 10.177864312791742
4216, -924.3087158203125, 1080.7830810546875, 0.004456380847841501, 0.4750004708766937, 0.0, -148.07884216308594, 10.197903727792639
4217, -924.4180297851562, 1080.715087890625, 0.0038197608664631844, 0.45000046491622925, 0.0, -148.04615783691406, 10.214890151469541
4218, -924.532470703125, 1080.64404296875, 0.0031831408850848675, 0.42500045895576477, 0.0, -148.01412963867188, 10.229813455967916
4219, -924.643310546875, 1080.5750732421875, 0.0019099012715741992, 0.3750004470348358, 0.0, -147.98538208007812, 10.241353226407437
4220, -924.756103515625, 1080.5050048828125, 0.001273281523026526, 0.35000044107437134, 0.0, -147.9584503173828, 10.24997204673932
4221, -924.8692016601562, 1080.4345703125, 0.0, 0.32500043511390686, 0.0, -147.93385314941406, 10.255507094661136
4222, -924.982421875, 1080.364013671875, 0.0, 0.3000004291534424, 0.0, -147.91160583496094, 10.257984866273052
4223, -925.0944213867188, 1080.294189453125, 0.0, 0.2500004172325134, 0.0, -147.8916473388672, 10.257378843514125
4224, -925.2106323242188, 1080.2216796875, 0.0, 0.22500041127204895, 0.0, -147.8728790283203, 10.253375543255443
4225, -925.3203735351562, 1080.1531982421875, 0.0, 0.20000040531158447, 0.0, -147.8568572998047, 10.246529210054133
4226, -925.4315185546875, 1080.0838623046875, 0.0, 0.17500039935112, 0.0, -147.84213256835938, 10.236745117831646
4227, -925.5421752929688, 1080.0146484375, 0.0019098592456430197, 0.15000039339065552, 0.0, -147.82847595214844, 10.224242911665915
4228, -925.6536254882812, 1079.9449462890625, 0.005729577504098415, 0.10000038892030716, 0.0, -147.8147735595703, 10.208841083335377
4229, -925.765869140625, 1079.8746337890625, 0.007639436982572079, 0.07500039041042328, 0.0, -147.80039978027344, 10.190340045307213
4230, -925.8731689453125, 1079.80712890625, 0.009549296461045742, 0.0500003919005394, 0.0, -147.7856903076172, 10.169868219763634
4231, -925.9808349609375, 1079.7393798828125, 0.01145915500819683, 0.02500039152801037, 0.0, -147.7696075439453, 10.146745996936202
4232, -926.1979370117188, 1079.602294921875, 0.015278873965144157, -0.02499960921704769, 0.0, -147.731689453125, 10.09253905632521
4233, -926.413330078125, 1079.4656982421875, 0.019098592922091484, 0.0, 0.0, -147.68368530273438, 10.030127215682887
4234, -926.51953125, 1079.3980712890625, 0.02291831001639366, 0.0, 0.0, -147.6553955078125, 9.996864856153312
4235, -926.6245727539062, 1079.330810546875, 0.024828169494867325, 0.0, 0.0, -147.62405395507812, 9.962579443208384
4236, -926.838134765625, 1079.1937255859375, 0.02864788845181465, 0.0, 0.0, -147.5482940673828, 9.889401694988381
4237, -926.94287109375, 1079.1260986328125, 0.03246760740876198, 0.0, 0.0, -147.50479125976562, 9.852054368304627
4238, -927.04833984375, 1079.057861328125, 0.03437746688723564, 0.0, 0.0, -147.4566650390625, 9.813656652212853
4239, -927.1596069335938, 1078.985595703125, 0.036287322640419006, 0.0, 0.0, -147.4009246826172, 9.772414115256487
4240, -927.2639770507812, 1078.91748046875, 0.035014085471630096, 0.0, 0.0, -147.3446044921875, 9.733137423647339
4241, -927.367431640625, 1078.849853515625, 0.03437746688723564, 0.0, 0.0, -147.285400390625, 9.693752942539927
4242, -927.4732666015625, 1078.780517578125, 0.03374084457755089, 0.0, 0.0, -147.22178649902344, 9.65305363946392
4243, -927.5764770507812, 1078.7127685546875, 0.03310422599315643, 0.0, 0.0, -147.15716552734375, 9.612998316081814
4244, -927.7787475585938, 1078.5792236328125, 0.03183098882436752, 0.0, 0.0, -147.02487182617188, 9.53360063248279
4245, -927.8811645507812, 1078.5115966796875, 0.030557749792933464, 0.0, 0.0, -146.95571899414062, 9.493054268418092
4246, -927.9817504882812, 1078.44482421875, 0.02992113120853901, 0.0, 0.0, -146.8866729736328, 9.453010371275658
4247, -928.0848388671875, 1078.3763427734375, 0.029284512624144554, 0.0, 0.0, -146.81512451171875, 9.411820078059785
4248, -928.1847534179688, 1078.3099365234375, 0.028011273592710495, 0.0, 0.0, -146.74530029296875, 9.371748637305716
4249, -928.28271484375, 1078.2445068359375, 0.02737465500831604, 0.0, 0.0, -146.67649841308594, 9.332295868530268
4250, -928.3837280273438, 1078.1768798828125, 0.026738034561276436, 0.0, 0.0, -146.60548400878906, 9.291469052727344
4251, -928.4811401367188, 1078.1116943359375, 0.025464797392487526, 0.0, 0.0, -146.53720092773438, 9.252025187422866
4252, -928.5802001953125, 1078.045166015625, 0.024828176945447922, 0.0, 0.0, -146.46817016601562, 9.211797591653903
4253, -928.6759643554688, 1077.9808349609375, 0.024191558361053467, 0.0, 0.0, -146.40191650390625, 9.17283900785981
4254, -928.7713623046875, 1077.916748046875, 0.023554939776659012, 0.0, 0.0, -146.3364715576172, 9.133969997486426
4255, -928.8675537109375, 1077.851806640625, 0.022918321192264557, 0.0, 0.0, -146.2711639404297, 9.094691357005598
4256, -928.966552734375, 1077.784912109375, 0.021645082160830498, 0.0, 0.0, -146.2049102783203, 9.054208529190902
4257, -929.0612182617188, 1077.720703125, 0.021645082160830498, 0.0, 0.0, -146.14236450195312, 9.015383748055092
4258, -929.1560668945312, 1077.6563720703125, 0.02037184312939644, 0.0, 0.0, -146.08074951171875, 8.976472183050518
4259, -929.2521362304688, 1077.591064453125, 0.01909860596060753, 0.0, 0.0, -146.0195770263672, 8.93698727300358
4260, -929.347412109375, 1077.5263671875, 0.01909860596060753, 0.0, 0.0, -145.9602508544922, 8.897853030895204
4261, -929.4409790039062, 1077.4625244140625, 0.018461985513567924, 0.0, 0.0, -145.90304565429688, 8.859302060237239
4262, -929.53271484375, 1077.39990234375, 0.01782536692917347, 0.0, 0.0, -145.84820556640625, 8.82149042724647
4263, -929.626220703125, 1077.3359375, 0.01655212789773941, 0.0, 0.0, -145.79367065429688, 8.782912412665915
4264, -929.7179565429688, 1077.273193359375, 0.015915509313344955, 0.0, 0.0, -145.74163818359375, 8.745055075270034
4265, -929.8096923828125, 1077.210205078125, 0.015278889797627926, 0.0, 0.0, -145.69100952148438, 8.70714724025048
4266, -929.9006958007812, 1077.1478271484375, 0.014642269350588322, 0.0, 0.0, -145.64224243164062, 8.669511464629185
4267, -929.9922485351562, 1077.084716796875, 0.013369029387831688, 0.0, 0.0, -145.5947265625, 8.631573748322031
4268, -930.0817260742188, 1077.023193359375, 0.012732408940792084, 0.0, 0.0, -145.55001831054688, 8.59453882779041
4269, -930.1722412109375, 1076.960693359375, 0.01209578849375248, 0.0, 0.0, -145.50624084472656, 8.556985441416595
4270, -930.2649536132812, 1076.8966064453125, 0.01145916897803545, 0.0, 0.0, -145.4631805419922, 8.5185101816545
4271, -930.3555908203125, 1076.833984375, 0.008276070468127728, 0.0, 0.0, -145.4232635498047, 8.480927092729871
4272, -930.44677734375, 1076.77099609375, 0.0019098724005743861, 0.0, 0.0, -145.38658142089844, 8.443091324699028
4273, -930.5350341796875, 1076.7100830078125, 0.0, 0.0, 0.0, -145.35467529296875, 8.406441634944027
4274, -930.6237182617188, 1076.64892578125, -0.0019098592456430197, 0.0, 0.0, -145.32650756835938, 8.369632781522666
4275, -930.7117919921875, 1076.588134765625, -0.0038197184912860394, 0.0, 0.0, -145.30238342285156, 8.33306490598342
4276, -930.8851928710938, 1076.46875, -0.007639436982572079, 0.0, 0.0, -145.26780700683594, 8.260943643547181
4277, -930.9711303710938, 1076.4097900390625, -0.01145915500819683, 0.0, 0.0, -145.2572479248047, 8.225222338836817
4278, -931.0552368164062, 1076.35205078125, -0.013369014486670494, 0.0, 0.0, -145.25112915039062, 8.190271362523154
4279, -931.1412353515625, 1076.2930908203125, -0.015278873965144157, 0.0, 0.0, -145.2493133544922, 8.154508040974816
4280, -931.228515625, 1076.2332763671875, -0.01718873344361782, 0.0, 0.0, -145.2520294189453, 8.118232344581132
4281, -931.3201904296875, 1076.1705322265625, -0.021008450537919998, 0.0, 0.0, -145.260498046875, 8.080003105542803
4282, -931.4064331054688, 1076.11181640625, -0.02291831001639366, 0.0, 0.0, -145.27342224121094, 8.0441265697888
4283, -931.4908447265625, 1076.0543212890625, -0.024828169494867325, 0.0, 0.0, -145.29080200195312, 8.009007083711275
4284, -931.57421875, 1075.9976806640625, -0.026738028973340988, 0.0, 0.0, -145.31268310546875, 7.974276203862509
4285, -931.6591186523438, 1075.940185546875, -0.030557747930288315, 0.0, 0.0, -145.34007263183594, 7.938882045884667
4286, -931.7427978515625, 1075.883544921875, -0.03246760740876198, 0.0, 0.0, -145.3721160888672, 7.9040304925957034
4287, -931.8257446289062, 1075.82763671875, -0.03437746688723564, 0.0, 0.0, -145.40878295898438, 7.869496449743564
4288, -931.9099731445312, 1075.7711181640625, -0.036287322640419006, 0.0, 0.0, -145.4510040283203, 7.834472253726776
4289, -931.9940185546875, 1075.7147216796875, -0.035014085471630096, 0.05000000074505806, 0.0, -145.49745178222656, 7.800087038628633
4290, -932.0767822265625, 1075.6593017578125, -0.03374084457755089, 0.10000000149011612, 0.0, -145.5466766357422, 7.767082692120959
4291, -932.1605834960938, 1075.6033935546875, -0.03374084457755089, 0.125, 0.0, -145.59967041015625, 7.735008645579172
4292, -932.2422485351562, 1075.548828125, -0.03246760740876198, 0.15000000596046448, 0.0, -145.6536102294922, 7.705347002113774
4293, -932.3253173828125, 1075.4937744140625, -0.03246760740876198, 0.17500001192092896, 0.0, -145.71055603027344, 7.676890016133041
4294, -932.4061279296875, 1075.43994140625, -0.031194370239973068, 0.2250000238418579, 0.0, -145.76759338378906, 7.650976177038903
4295, -932.488037109375, 1075.3857421875, -0.030557749792933464, 0.2250000238418579, 0.0, -145.8264923095703, 7.626828114579163
4296, -932.5670166015625, 1075.3333740234375, -0.02992113120853901, 0.27500003576278687, 0.0, -145.88417053222656, 7.6053952141796
4297, -932.6509399414062, 1075.278076171875, -0.029284512624144554, 0.30000004172325134, 0.0, -145.94606018066406, 7.584949383782345
4298, -932.7325439453125, 1075.22412109375, -0.02864789217710495, 0.3250000476837158, 0.0, -146.00657653808594, 7.5674775558310605
4299, -932.8157348632812, 1075.1693115234375, -0.026738034561276436, 0.3750000596046448, 0.0, -146.06820678710938, 7.552144252358261
4300, -932.8975830078125, 1075.115478515625, -0.02610141597688198, 0.40000006556510925, 0.0, -146.12828063964844, 7.539812205817711
4301, -932.979736328125, 1075.0614013671875, -0.025464797392487526, 0.42500007152557373, 0.0, -146.18817138671875, 7.530080020379766
4302, -933.1412963867188, 1074.95556640625, -0.025464797392487526, 0.4500000774860382, 0.0, -146.3041229248047, 7.518501804918167
4303, -933.2216796875, 1074.90283203125, -0.023554939776659012, 0.5000000596046448, 0.0, -146.36061096191406, 7.51634881062563
4304, -933.3035888671875, 1074.849365234375, -0.022918321192264557, 0.5250000357627869, 0.0, -146.41717529296875, 7.5165326394790295
4305, -933.3865356445312, 1074.7952880859375, -0.022281700745224953, 0.550000011920929, 0.0, -146.47328186035156, 7.519081426328761
4306, -933.546630859375, 1074.69091796875, -0.021008463576436043, 0.5999999642372131, 0.0, -146.5781707763672, 7.530946428067721
4307, -933.6265258789062, 1074.638916015625, -0.019735224545001984, 0.6499999165534973, 0.0, -146.6286163330078, 7.54041110476381
4308, -933.70654296875, 1074.5870361328125, -0.01909860596060753, 0.6749998927116394, 0.0, -146.67787170410156, 7.552114639144072
4309, -933.7896118164062, 1074.5330810546875, -0.018461985513567924, 0.7249998450279236, 0.0, -146.72756958007812, 7.5665594783397285
4310, -933.8727416992188, 1074.479248046875, -0.017188748344779015, 0.7749997973442078, 0.0, -146.7758026123047, 7.583636684211507
4311, -933.952880859375, 1074.4273681640625, -0.01655212789773941, 0.7749997973442078, 0.0, -146.82090759277344, 7.602661479497161
4312, -934.0371704101562, 1074.3729248046875, -0.015278889797627926, 0.8249997496604919, 0.0, -146.8665771484375, 7.624947403076653
4313, -934.1213989257812, 1074.318603515625, -0.014642269350588322, 0.849999725818634, 0.0, -146.91053771972656, 7.649757627764945
4314, -934.2028198242188, 1074.26611328125, -0.014005648903548717, 0.8749997019767761, 0.0, -146.95144653320312, 7.676016250370437
4315, -934.2849731445312, 1074.2130126953125, -0.012732408940792084, 0.9249996542930603, 0.0, -146.9910125732422, 7.7047278726311035
4316, -934.3692626953125, 1074.1588134765625, -0.01209578849375248, 0.9499996304512024, 0.0, -147.02984619140625, 7.736543233504304
4317, -934.455078125, 1074.1036376953125, -0.01145916897803545, 0.9749996066093445, 0.0, -147.0675506591797, 7.771296476293187
4318, -934.5405883789062, 1074.048583984375, -0.010822548530995846, 0.9999995827674866, 0.0, -147.103515625, 7.808213476704923
4319, -934.6251831054688, 1073.994140625, -0.009549308568239212, 1.0, 0.0, -147.13720703125, 7.846682421581817
4320, -934.7112426757812, 1073.93896484375, -0.008912688121199608, 1.0, 0.0, -147.1697235107422, 7.887402554901425
4321, -934.794921875, 1073.8853759765625, -0.008276067674160004, 1.0, 0.0, -147.1996307373047, 7.928213960197808
4322, -934.8810424804688, 1073.830078125, -0.007639448624104261, 1.0, 0.0, -147.22872924804688, 7.9712602016831635
4323, -934.9685668945312, 1073.77392578125, -0.0070028286427259445, 1.0, 0.0, -147.2566375732422, 8.015794338332723
4324, -935.0545043945312, 1073.718994140625, -0.005729589611291885, 1.0, 0.0, -147.2822265625, 8.0601667983666
4325, -935.141845703125, 1073.6630859375, -0.005092970095574856, 1.0, 0.0, -147.30645751953125, 8.105699181496565
4326, -935.2327270507812, 1073.6048583984375, -0.004456350114196539, 1.0, 0.0, -147.32989501953125, 8.153492787702177
4327, -935.322998046875, 1073.547119140625, -0.0038197303656488657, 1.0, 0.0, -147.35137939453125, 8.20130559327609
4328, -935.4141845703125, 1073.48876953125, -0.0031831106171011925, 1.0, 0.0, -147.3712615966797, 8.249725001345222
4329, -935.5017700195312, 1073.4327392578125, -0.0025464906357228756, 1.0, 0.0, -147.38882446289062, 8.296351114745368
4330, -935.5926513671875, 1073.37451171875, -0.0019098708871752024, 1.0, 0.0, -147.40538024902344, 8.344794095099408
4331, -935.682373046875, 1073.317138671875, -0.0012732511386275291, 1.0, 0.0, -147.42013549804688, 8.392662899328343
4332, -935.7731323242188, 1073.2591552734375, 0.0, 1.0, 0.0, -147.43331909179688, 8.440956464802301
4333, -935.8665161132812, 1073.199462890625, 0.0, 1.0, 0.0, -147.4451904296875, 8.490636934825178
4334, -935.9583129882812, 1073.1407470703125, 0.0, 1.0, 0.0, -147.45547485351562, 8.539343013997177
4335, -936.0499267578125, 1073.0821533203125, 0.0, 1.0, 0.0, -147.46449279785156, 8.587809365565066
4336, -936.142578125, 1073.02294921875, 0.0, 1.0, 0.0, -147.472412109375, 8.636659340801453
4337, -936.237548828125, 1072.962158203125, 0.0, 1.0, 0.0, -147.4794921875, 8.686605192962155
4338, -936.3318481445312, 1072.9019775390625, 0.0, 1.0, 0.0, -147.48561096191406, 8.735940698095044
4339, -936.42529296875, 1072.8424072265625, 0.0, 1.0, 0.0, -147.49090576171875, 8.7846539949075
4340, -936.519287109375, 1072.7823486328125, 0.0, 1.0, 0.0, -147.49549865722656, 8.833455821103994
4341, -936.6163940429688, 1072.720458984375, 0.0, 1.0, 0.0, -147.49957275390625, 8.883611505094645
4342, -936.7159423828125, 1072.6568603515625, 0.0, 0.9500000476837158, 0.0, -147.5031280517578, 8.934626954291678
4343, -936.8157348632812, 1072.5931396484375, 0.0, 0.9250000715255737, 0.0, -147.5061798095703, 8.984916996415306
4344, -936.9126586914062, 1072.53125, 0.0, 0.9000000953674316, 0.0, -147.50865173339844, 9.03269859735907
4345, -937.01123046875, 1072.4683837890625, 0.0, 0.8750001192092896, 0.0, -147.51071166992188, 9.08007436189936
4346, -937.1080932617188, 1072.40673828125, 0.0, 0.8250001668930054, 0.0, -147.51243591308594, 9.125207231499088
4347, -937.2059326171875, 1072.344482421875, 0.0, 0.8000001907348633, 0.0, -147.51377868652344, 9.169061445695409
4348, -937.306396484375, 1072.280517578125, 0.0, 0.7750002145767212, 0.0, -147.5149383544922, 9.212239445905913
4349, -937.4083862304688, 1072.2154541015625, 0.0, 0.7500002384185791, 0.0, -147.51580810546875, 9.254107590526234
4350, -937.5086669921875, 1072.151611328125, 0.0, 0.725000262260437, 0.0, -147.51641845703125, 9.293189042723453
4351, -937.6104736328125, 1072.086669921875, 0.0, 0.6750003099441528, 0.0, -147.5169219970703, 9.33072510989388
4352, -937.7110595703125, 1072.0225830078125, 0.0, 0.6500003337860107, 0.0, -147.51718139648438, 9.365404877345158
4353, -937.812255859375, 1071.9581298828125, 0.0, 0.6250003576278687, 0.0, -147.5172882080078, 9.397867759833774
4354, -937.9137573242188, 1071.8934326171875, 0.0, 0.6000003814697266, 0.0, -147.5172882080078, 9.427982535143858
4355, -938.0155029296875, 1071.82861328125, 0.0, 0.5750004053115845, 0.0, -147.51718139648438, 9.455757465140737
4356, -938.1156005859375, 1071.7647705078125, 0.0038197184912860394, 0.5250004529953003, 0.0, -147.51625061035156, 9.480565504136074
4357, -938.2188110351562, 1071.698974609375, 0.005729577504098415, 0.5000004768371582, 0.0, -147.51390075683594, 9.503359716755195
4358, -938.3212280273438, 1071.633544921875, 0.007639436982572079, 0.4750004708766937, 0.0, -147.5098419189453, 9.523187887586408
4359, -938.4246826171875, 1071.5675048828125, 0.009549296461045742, 0.45000046491622925, 0.0, -147.5037078857422, 9.54042201066548
4360, -938.5277099609375, 1071.5015869140625, 0.01145915500819683, 0.42500045895576477, 0.0, -147.4951934814453, 9.554858992734514
4361, -938.6312255859375, 1071.4351806640625, 0.015278873965144157, 0.3750004470348358, 0.0, -147.48365783691406, 9.56649823390484
4362, -938.7369384765625, 1071.367431640625, 0.01718873344361782, 0.35000044107437134, 0.0, -147.468505859375, 9.57526723927959
4363, -938.8438720703125, 1071.298583984375, 0.016552112996578217, 0.32500043511390686, 0.0, -147.44998168945312, 9.581068695636139
4364, -938.9478759765625, 1071.2315673828125, 0.015915492549538612, 0.3000004291534424, 0.0, -147.42942810058594, 9.583772734431916
4365, -939.0524291992188, 1071.1641845703125, 0.014642253518104553, 0.2500004172325134, 0.0, -147.40682983398438, 9.583552452180944
4366, -939.153076171875, 1071.09912109375, 0.014005633071064949, 0.22500041127204895, 0.0, -147.38352966308594, 9.580314732923968
4367, -939.2562255859375, 1071.0323486328125, 0.013369012624025345, 0.20000040531158447, 0.0, -147.35848999023438, 9.57410552560472
4368, -939.3590698242188, 1070.9659423828125, 0.012732393108308315, 0.17500039935112, 0.0, -147.3326416015625, 9.56509653278065
4369, -939.4637451171875, 1070.898193359375, 0.012095772661268711, 0.20000040531158447, 0.0, -147.30563354492188, 9.553351320613528
4370, -939.5687255859375, 1070.8302001953125, 0.010822532698512077, 0.2500004172325134, 0.0, -147.27825927734375, 9.539814795899579
4371, -939.66943359375, 1070.764892578125, 0.010185912251472473, 0.2750004231929779, 0.0, -147.2519073486328, 9.526018099846727
4372, -939.7728881835938, 1070.69775390625, 0.009549291804432869, 0.3000004291534424, 0.0, -147.22499084472656, 9.511587063509776
4373, -939.8795166015625, 1070.628662109375, 0.00891267228871584, 0.32500043511390686, 0.0, -147.19754028320312, 9.496840933166826
4374, -939.9887084960938, 1070.5577392578125, 0.007639432325959206, 0.3750004470348358, 0.0, -147.17001342773438, 9.482326687996641
4375, -940.091796875, 1070.490966796875, 0.007002812810242176, 0.4000004529953003, 0.0, -147.144775390625, 9.46977011333102
4376, -940.1937255859375, 1070.4246826171875, 0.0063661932945251465, 0.42500045895576477, 0.0, -147.12060546875, 9.45864346341791
4377, -940.2950439453125, 1070.3590087890625, 0.0050929537974298, 0.4750004708766937, 0.0, -147.0975799560547, 9.449085598897392
4378, -940.3951416015625, 1070.2940673828125, 0.0044563342817127705, 0.5000004768371582, 0.0, -147.07589721679688, 9.441510907351175
4379, -940.4953002929688, 1070.2291259765625, 0.0038197143003344536, 0.5250004529953003, 0.0, -147.05532836914062, 9.435903334300603
4380, -940.6992797851562, 1070.0965576171875, 0.0031830943189561367, 0.5500004291534424, 0.0, -147.01719665527344, 9.43083867422339
4381, -940.7980346679688, 1070.0325927734375, 0.0019098548218607903, 0.6000003814697266, 0.0, -147.00062561035156, 9.431757008199973
4382, -940.901611328125, 1069.9652099609375, 0.0, 0.6250003576278687, 0.0, -146.98483276367188, 9.434816579469599
4383, -941.0032348632812, 1069.899169921875, 0.0, 0.6500003337860107, 0.0, -146.97088623046875, 9.439948808082082
4384, -941.1049194335938, 1069.8331298828125, 0.0, 0.7000002861022949, 0.0, -146.95835876464844, 9.44720959080013
4385, -941.2077026367188, 1069.766357421875, 0.0, 0.7500002384185791, 0.0, -146.94686889648438, 9.457028396398732
4386, -941.307861328125, 1069.701171875, 0.0, 0.7750002145767212, 0.0, -146.93678283691406, 9.469201876984172
4387, -941.4100341796875, 1069.634765625, 0.0, 0.8000001907348633, 0.0, -146.92747497558594, 9.484162358560821
4388, -941.5126342773438, 1069.568115234375, 0.0, 0.8250001668930054, 0.0, -146.9189910888672, 9.501682864692306
4389, -941.617919921875, 1069.4996337890625, 0.0, 0.8500001430511475, 0.0, -146.91114807128906, 9.52211507004859
4390, -941.7207641601562, 1069.4327392578125, 0.0, 0.9000000953674316, 0.0, -146.90414428710938, 9.544474401905957
4391, -941.8225708007812, 1069.3665771484375, 0.0, 0.9250000715255737, 0.0, -146.8977813720703, 9.56910931863366
4392, -941.92724609375, 1069.2984619140625, 0.0, 0.9500000476837158, 0.0, -146.891845703125, 9.5968649927282
4393, -942.1380004882812, 1069.1612548828125, 0.0, 0.9500000476837158, 0.0, -146.88119506835938, 9.659565762708334
4394, -942.2447509765625, 1069.091796875, 0.0, 1.0, 0.0, -146.87637329101562, 9.69454209198588
4395, -942.3507690429688, 1069.022705078125, 0.0, 1.0, 0.0, -146.87197875976562, 9.731168540928277
4396, -942.455810546875, 1068.9542236328125, 0.0, 1.0, 0.0, -146.86788940429688, 9.769020891088806
4397, -942.5597534179688, 1068.886474609375, 0.0, 1.0, 0.0, -146.86407470703125, 9.80766650043977
4398, -942.6654663085938, 1068.817626953125, 0.0, 1.0, 0.0, -146.86041259765625, 9.848045767833247
4399, -942.7701416015625, 1068.749267578125, 0.0, 1.0, 0.0, -146.85694885253906, 9.88893952167809
4400, -942.8760986328125, 1068.680419921875, 0.0, 1.0, 0.0, -146.85366821289062, 9.93102504245645
4401, -942.9835205078125, 1068.6102294921875, 0.0, 1.0, 0.0, -146.8504180908203, 9.974345446162259
4402, -943.0884399414062, 1068.541748046875, 0.0, 1.0, 0.0, -146.84742736816406, 10.017175005807491
4403, -943.1962890625, 1068.471435546875, 0.0, 1.0, 0.0, -146.8444366455078, 10.061625267693278
4404, -943.306396484375, 1068.399658203125, 0.0, 1.0, 0.0, -146.841552734375, 10.107280501392742
4405, -943.4194946289062, 1068.3258056640625, 0.0, 1.0, 0.0, -146.83865356445312, 10.154527348473204
4406, -943.5280151367188, 1068.2550048828125, 0.0, 1.0, 0.0, -146.83595275878906, 10.200059540535083
4407, -943.6387329101562, 1068.1827392578125, 0.0, 1.0, 0.0, -146.83328247070312, 10.246661767908217
4408, -943.7494506835938, 1068.1104736328125, 0.0, 1.0, 0.0, -146.83070373535156, 10.293365469550748
4409, -943.860107421875, 1068.0382080078125, 0.0, 1.0, 0.0, -146.828125, 10.340103456046988
4410, -944.081787109375, 1067.8936767578125, 0.0, 1.0, 0.0, -146.82318115234375, 10.433808906844282
4411, -944.196044921875, 1067.819091796875, 0.0, 1.0, 0.0, -146.82069396972656, 10.482100352816149
4412, -944.313232421875, 1067.742431640625, 0.0, 1.0, 0.0, -146.81820678710938, 10.531567030747674
4413, -944.4261474609375, 1067.6688232421875, 0.0, 1.0, 0.0, -146.8158416748047, 10.579119991407762
4414, -944.5397338867188, 1067.5946044921875, 0.0, 1.0, 0.0, -146.81350708007812, 10.626921384367876
4415, -944.6541137695312, 1067.519775390625, 0.0, 1.0, 0.0, -146.8111572265625, 10.674925189886705
4416, -944.7695922851562, 1067.4443359375, 0.0, 1.0, 0.0, -146.80880737304688, 10.72326706920858
4417, -944.884033203125, 1067.36962890625, 0.0, 1.0, 0.0, -146.8065185546875, 10.77106523103078
4418, -944.999267578125, 1067.29443359375, 0.0, 1.0, 0.0, -146.80422973632812, 10.818993565612045
4419, -945.1160888671875, 1067.2181396484375, 0.0, 1.0, 0.0, -146.8018798828125, 10.867455959813032
4420, -945.2345581054688, 1067.140625, 0.0, 1.0, 0.0, -146.79957580566406, 10.916479368035608
4421, -945.3517456054688, 1067.0640869140625, 0.0, 1.0, 0.0, -146.79733276367188, 10.96479318396163
4422, -945.4691162109375, 1066.9871826171875, 0.0, 1.0, 0.0, -146.79507446289062, 11.012995685711005
4423, -945.5874633789062, 1066.9097900390625, 0.0, 0.9750000238418579, 0.0, -146.79278564453125, 11.061346302722969
4424, -945.7109985351562, 1066.8291015625, 0.0, 0.9250000715255737, 0.0, -146.79043579101562, 11.111197105501828
4425, -945.83203125, 1066.75, 0.0, 0.9000000953674316, 0.0, -146.78811645507812, 11.159093802845907
4426, -945.95068359375, 1066.6724853515625, 0.0, 0.8750001192092896, 0.0, -146.78587341308594, 11.20495757129879
4427, -946.0723876953125, 1066.5928955078125, 0.0, 0.8500001430511475, 0.0, -146.78359985351562, 11.250745333009753
4428, -946.1920776367188, 1066.5145263671875, 0.0, 0.8250001668930054, 0.0, -146.78140258789062, 11.294372929385522
4429, -946.314453125, 1066.4344482421875, 0.0, 0.7750002145767212, 0.0, -146.77914428710938, 11.337360332422543
4430, -946.4400634765625, 1066.3524169921875, 0.0, 0.7500002384185791, 0.0, -146.77687072753906, 11.379487732297747
4431, -946.5606079101562, 1066.2735595703125, 0.0, 0.725000262260437, 0.0, -146.77474975585938, 11.417960829613477
4432, -946.685546875, 1066.1917724609375, 0.0, 0.7000002861022949, 0.0, -146.77255249023438, 11.455755868647694
4433, -946.8086547851562, 1066.111328125, 0.0, 0.6750003099441528, 0.0, -146.77044677734375, 11.490849011066027
4434, -946.9315185546875, 1066.0308837890625, 0.0, 0.6250003576278687, 0.0, -146.7683868408203, 11.523626401506183
4435, -947.056640625, 1065.9488525390625, 0.0, 0.6000003814697266, 0.0, -146.76634216308594, 11.554433940746243
4436, -947.1803588867188, 1065.867919921875, 0.0, 0.5750004053115845, 0.0, -146.76437377929688, 11.582316607888151
4437, -947.305908203125, 1065.78564453125, 0.0, 0.5500004291534424, 0.0, -146.76243591308594, 11.608019695405467
4438, -947.4349975585938, 1065.701171875, 0.0038197184912860394, 0.5000004768371582, 0.0, -146.7597198486328, 11.631582975771174
4439, -947.5619506835938, 1065.617919921875, 0.005729577504098415, 0.4750004708766937, 0.0, -146.75572204589844, 11.651683056667746
4440, -947.6887817382812, 1065.53466796875, 0.007639436982572079, 0.45000046491622925, 0.0, -146.75001525878906, 11.668742941471434
4441, -947.8128662109375, 1065.453125, 0.009549296461045742, 0.42500045895576477, 0.0, -146.74253845214844, 11.682517132205765
4442, -947.939208984375, 1065.3699951171875, 0.01145915500819683, 0.4000004529953003, 0.0, -146.73251342773438, 11.693598248969417
4443, -948.0633544921875, 1065.2882080078125, 0.015278873965144157, 0.35000044107437134, 0.0, -146.71974182128906, 11.701469522030862
4444, -948.186279296875, 1065.2071533203125, 0.01718873344361782, 0.32500043511390686, 0.0, -146.70384216308594, 11.706157576162829
4445, -948.3107299804688, 1065.1248779296875, 0.019098592922091484, 0.3000004291534424, 0.0, -146.68426513671875, 11.707797540996298
4446, -948.4368286132812, 1065.0413818359375, 0.01846197247505188, 0.2750004231929779, 0.0, -146.6611785888672, 11.70636596967939
4447, -948.5648193359375, 1064.9564208984375, 0.01718873530626297, 0.22500041127204895, 0.0, -146.6348876953125, 11.70170478160005
4448, -948.6891479492188, 1064.8739013671875, 0.016552114859223366, 0.20000040531158447, 0.0, -146.6071319580078, 11.693903714760534
4449, -948.8123779296875, 1064.7918701171875, 0.01591549627482891, 0.17500039935112, 0.0, -146.57772827148438, 11.683119903943867
4450, -948.9359130859375, 1064.709716796875, 0.015278875827789307, 0.15000039339065552, 0.0, -146.5467529296875, 11.669386436253173
4451, -949.0607299804688, 1064.6265869140625, 0.014642256312072277, 0.12500038743019104, 0.0, -146.5142059326172, 11.652622711249508
4452, -949.1869506835938, 1064.5423583984375, 0.013369015417993069, 0.07500039041042328, 0.0, -146.48028564453125, 11.632704225271707
4453, -949.3099975585938, 1064.4600830078125, 0.012732395902276039, 0.0500003919005394, 0.0, -146.4466552734375, 11.610237651273389
4454, -949.4328002929688, 1064.3780517578125, 0.012095775455236435, 0.02500039152801037, 0.0, -146.41278076171875, 11.584946511487939
4455, -949.554443359375, 1064.2967529296875, 0.01145915500819683, 3.915280046840053e-07, 0.0, -146.3790283203125, 11.55712406116795
4456, -949.679443359375, 1064.213134765625, 0.010822535492479801, -0.02499960921704769, 0.0, -146.34432983398438, 11.525897819879463
4457, -949.8029174804688, 1064.1304931640625, 0.009549295529723167, 0.0, 0.0, -146.31036376953125, 11.492620129642082
4458, -949.9216918945312, 1064.051025390625, 0.008912675082683563, 0.0, 0.0, -146.27813720703125, 11.458655489784084
4459, -950.0431518554688, 1063.9696044921875, 0.008276054635643959, 0.0, 0.0, -146.2457275390625, 11.422134493552457
4460, -950.1646728515625, 1063.8880615234375, 0.0076394351199269295, 0.0, 0.0, -146.21405029296875, 11.384056118437323
4461, -950.2838745117188, 1063.80810546875, 0.0070028156042099, 0.0, 0.0, -146.18373107910156, 11.345350295732818
4462, -950.4066162109375, 1063.7257080078125, 0.0057295761071145535, 0.0, 0.0, -146.15362548828125, 11.304264092199219
4463, -950.5274658203125, 1063.6444091796875, 0.005092956591397524, 0.0, 0.0, -146.12506103515625, 11.262726414994836
4464, -950.647216796875, 1063.5660400390625, 0.004456337075680494, 0.0, 0.0, -146.1150665283203, 11.229907807886729
4465, -950.7649536132812, 1063.4871826171875, 0.0038197170943021774, 0.0, 0.0, -146.0959014892578, 11.187778470186345
4466, -950.8834838867188, 1063.4080810546875, 0.003183097345754504, 0.0, 0.0, -146.0772247314453, 11.14364279278846
4467, -951.0045166015625, 1063.3271484375, 0.001909857615828514, 0.0, 0.0, -146.0589599609375, 11.097560978314503
4468, -951.1212158203125, 1063.2490234375, 0.0, 0.0, 0.0, -146.0424346923828, 11.05255853110239
4469, -951.2443237304688, 1063.166748046875, 0.0, 0.0, 0.0, -146.02638244628906, 11.004757535501057
4470, -951.3595581054688, 1063.0897216796875, 0.0, 0.0, 0.0, -146.0125274658203, 10.959757239579446
4471, -951.4743041992188, 1063.0128173828125, 0.0, 0.0, 0.0, -145.99986267089844, 10.914766825437113
4472, -951.59130859375, 1062.9344482421875, 0.0, 0.0, 0.0, -145.98805236816406, 10.868724543736866
4473, -951.7059936523438, 1062.857666015625, 0.0, 0.0, 0.0, -145.97755432128906, 10.823464156310925
4474, -951.8206787109375, 1062.7806396484375, 0.0, 0.0, 0.0, -145.968017578125, 10.778065303830925
4475, -951.9365234375, 1062.7027587890625, 0.0, 0.0, 0.0, -145.95936584472656, 10.73211387215344
4476, -952.048095703125, 1062.6278076171875, 0.0, 0.0, 0.0, -145.95181274414062, 10.687739269369331
4477, -952.1610107421875, 1062.5518798828125, 0.0, 0.0, 0.0, -145.9450225830078, 10.642795766111655
4478, -952.2769165039062, 1062.4737548828125, 0.0, 0.0, 0.0, -145.93878173828125, 10.596513535893244
4479, -952.3880004882812, 1062.398681640625, 0.0, 0.0, 0.0, -145.9335479736328, 10.552065989132279
4480, -952.498046875, 1062.324462890625, 0.0, 0.0, 0.0, -145.92884826660156, 10.508028245072929
4481, -952.6097412109375, 1062.2489013671875, 0.0, 0.0, 0.0, -145.9246826171875, 10.463199329897007
4482, -952.7190551757812, 1062.1749267578125, 0.0, 0.0, 0.0, -145.92271423339844, 10.432163950746437
4483, -952.8296508789062, 1062.0999755859375, 0.0, 0.0, 0.0, -145.9228057861328, 10.411192457522523
4484, -952.9386596679688, 1062.0272216796875, 0.0, 0.0, 0.0, -145.908447265625, 10.39813564937023
4485, -953.0494995117188, 1061.9522705078125, 0.0, 0.0, 0.0, -145.90951538085938, 10.387325956827226
4486, -953.1597290039062, 1061.877685546875, 0.0, 0.0, 0.0, -145.91064453125, 10.378385969426335
4487, -953.270263671875, 1061.802734375, 0.0, 0.0, 0.0, -145.91201782226562, 10.370894972896483
4488, -953.3797607421875, 1061.728515625, 0.0, 0.0, 0.0, -145.91372680664062, 10.364721996188257
4489, -953.4928588867188, 1061.6517333984375, 0.0, 0.0, 0.0, -145.916015625, 10.35940868959399
4490, -953.603515625, 1061.576416015625, 0.0, 0.0, 0.0, -145.91879272460938, 10.355108462631714
4491, -953.7131958007812, 1061.5018310546875, 0.0, 0.0, 0.0, -145.9221954345703, 10.351563898165711
4492, -953.8226318359375, 1061.42724609375, 0.0, 0.0, 0.0, -145.92630004882812, 10.348628233472764
4493, -953.931396484375, 1061.3529052734375, 0.0, 0.0, 0.0, -145.93115234375, 10.346215207811165
4494, -954.0421752929688, 1061.2769775390625, 0.0, 0.0, 0.0, -145.9303741455078, 10.297174832578252
4495, -954.1506958007812, 1061.2027587890625, 0.0, 0.0, 0.0, -145.9212646484375, 10.225723916410901
4496, -954.2576293945312, 1061.12939453125, 0.0, 0.0, 0.0, -145.91123962402344, 10.172788380583345
4497, -954.3719482421875, 1061.0511474609375, 0.0, 0.0, 0.02500000037252903, -145.90237426757812, 10.123202463712882
4498, -954.4757690429688, 1060.9801025390625, 0.0, 0.0, 0.05000000074505806, -145.89688110351562, 10.079839415484944
4499, -954.5848999023438, 1060.9053955078125, 0.0, 0.0, 0.10000000149011612, -145.8949432373047, 10.02780840407535
4500, -954.6890258789062, 1060.8341064453125, 0.0, 0.0, 0.125, -145.89627075195312, 9.971487794666285
4501, -954.7908935546875, 1060.7642822265625, 0.0, 0.0, 0.15000000596046448, -145.90017700195312, 9.909520867875449
4502, -954.8958129882812, 1060.6925048828125, 0.0, 0.0, 0.17500001192092896, -145.9054718017578, 9.840933651029365
4503, -955.000732421875, 1060.620849609375, 0.0, 0.0, 0.20000001788139343, -145.91526794433594, 9.79717888036717
4504, -955.1065673828125, 1060.5484619140625, 0.0, 0.0, 0.2250000238418579, -145.9284210205078, 9.773949226001537
4505, -955.2099609375, 1060.4776611328125, 0.0, 0.0, 0.27500003576278687, -145.94224548339844, 9.7630387499064
4506, -955.3106079101562, 1060.408935546875, 0.0, 0.0, 0.30000004172325134, -145.95594787597656, 9.754852274189282
4507, -955.4161987304688, 1060.3365478515625, 0.0, 0.0, 0.3250000476837158, -145.97055053710938, 9.746205590280525
4508, -955.5178833007812, 1060.2669677734375, 0.0, 0.0, 0.3500000536441803, -145.9845733642578, 9.737492522521551
4509, -955.6227416992188, 1060.1953125, 0.0, 0.0, 0.40000006556510925, -145.99169921875, 9.679712189838305
4510, -955.7247924804688, 1060.125732421875, 0.0, 0.0, 0.42500007152557373, -145.99053955078125, 9.591601732740084
4511, -955.8256225585938, 1060.056884765625, 0.0, 0.0, 0.4500000774860382, -145.98880004882812, 9.505140612020814
4512, -955.9266967773438, 1059.9879150390625, 0.0, 0.0, 0.4750000834465027, -145.98753356933594, 9.422116572797552
4513, -956.0313720703125, 1059.91650390625, 0.0, 0.0, 0.5250000357627869, -145.98670959472656, 9.339745227621943
4514, -956.1284790039062, 1059.8504638671875, 0.0, 0.0, 0.550000011920929, -145.98622131347656, 9.266326485905063
4515, -956.2240600585938, 1059.785400390625, 0.0, 0.0, 0.574999988079071, -145.98605346679688, 9.196612869078164
4516, -956.3220825195312, 1059.7186279296875, 0.0, 0.0, 0.5999999642372131, -145.986083984375, 9.127291558243162
4517, -956.4171752929688, 1059.654052734375, 0.0, 0.0, 0.6249999403953552, -145.98635864257812, 9.061899346629229
4518, -956.5138549804688, 1059.58837890625, 0.0, 0.0, 0.6749998927116394, -145.98675537109375, 8.99706715335159
4519, -956.6075439453125, 1059.5247802734375, 0.0, 0.0, 0.6999998688697815, -145.98728942871094, 8.93549657848978
4520, -956.7023315429688, 1059.4603271484375, 0.0, 0.0, 0.7249998450279236, -145.98800659179688, 8.87412422456988
4521, -956.7974243164062, 1059.3958740234375, 0.0, 0.0, 0.7499998211860657, -145.98878479003906, 8.81342164639985
4522, -956.8901977539062, 1059.3328857421875, 0.0, 0.0, 0.7999997735023499, -145.9896240234375, 8.754768186868704
4523, -956.9835815429688, 1059.26953125, 0.0, 0.0, 0.8249997496604919, -145.9905242919922, 8.69600086562534
4524, -957.07373046875, 1059.20849609375, 0.0, 0.0, 0.849999725818634, -145.9915771484375, 8.63949935766545
4525, -957.1663208007812, 1059.145751953125, 0.0, 0.0, 0.8749997019767761, -145.9925994873047, 8.581471563751439
4526, -957.256591796875, 1059.084716796875, 0.0, 0.0, 0.9249996542930603, -145.99371337890625, 8.524901005873533
4527, -957.3438110351562, 1059.025634765625, 0.0, 0.0, 0.9499996304512024, -145.99484252929688, 8.470005007356203
4528, -957.4324951171875, 1058.9656982421875, 0.0, 0.0, 0.9749996066093445, -145.99609375, 8.413935407165381
4529, -957.5218505859375, 1058.9052734375, 0.0, 0.0, 0.9999995827674866, -145.997314453125, 8.35705025547951
4530, -957.6105346679688, 1058.8453369140625, 0.0, 0.0, 1.0249996185302734, -145.9986114501953, 8.300175585752159
4531, -957.70068359375, 1058.7843017578125, 0.0, 0.0, 1.0, -146.00001525878906, 8.242012179448892
4532, -957.7857055664062, 1058.7269287109375, 0.0, 0.0, 1.0, -146.00135803222656, 8.186868000820557
4533, -957.8720703125, 1058.6685791015625, 0.0, 0.0, 1.0, -146.00277709960938, 8.130490935010227
4534, -957.9568481445312, 1058.6112060546875, 0.0, 0.0, 1.0, -146.0041961669922, 8.074868932926613
4535, -958.0410766601562, 1058.554443359375, 0.0, 0.0, 1.0, -146.00563049316406, 8.019426422860066
4536, -958.1264038085938, 1058.496826171875, 0.0, 0.0, 1.0, -146.00711059570312, 7.962938597420783
4537, -958.2118530273438, 1058.4390869140625, 0.0, 0.0, 1.0, -146.00865173339844, 7.906098063385031
4538, -958.2955322265625, 1058.382568359375, 0.0, 0.0, 1.0, -146.01019287109375, 7.850245623089905
4539, -958.376953125, 1058.32763671875, 0.0, 0.0, 1.0, -146.0116729736328, 7.795715188178726
4540, -958.47607421875, 1058.2606201171875, 0.0, 0.0, 1.0, -146.01358032226562, 7.728866928225506
4541, -958.5751953125, 1058.193603515625, 0.0, 0.0, 1.0, -146.01544189453125, 7.6617610839981936
4542, -958.669921875, 1058.1297607421875, 0.0, 0.0, 1.0, -146.01730346679688, 7.597395418225319
4543, -958.7661743164062, 1058.0648193359375, 0.0, 0.0, 1.0, -146.01919555664062, 7.5316707222418
4544, -958.8616333007812, 1058.00048828125, 0.0, 0.0, 1.0, -146.0210418701172, 7.466179875607973
4545, -958.9573974609375, 1057.935791015625, 0.0, 0.0, 1.0, -146.0229949951172, 7.400183424256556
4546, -959.0494384765625, 1057.873779296875, 0.0, 0.0, 1.0, -146.0248260498047, 7.336476070459361
4547, -959.1410522460938, 1057.8118896484375, 0.0, 0.0, 1.0, -146.02670288085938, 7.272723213099052
4548, -959.2314453125, 1057.7509765625, 0.0, 0.0, 1.0, -146.028564453125, 7.209638356690742
4549, -959.3212890625, 1057.6903076171875, 0.0, 0.0, 1.0, -146.03041076660156, 7.146665881878358
4550, -959.40771484375, 1057.6322021484375, 0.0, 0.0, 1.0, -146.03211975097656, 7.085856806526326
4551, -959.496826171875, 1057.5721435546875, 0.0, 0.0, 1.0, -146.03395080566406, 7.022850914652095
4552, -959.5831909179688, 1057.513916015625, 0.0, 0.0, 1.0, -146.0357666015625, 6.961584791026939
4553, -959.6690673828125, 1057.4561767578125, 0.0, 0.0, 1.0, -146.03749084472656, 6.900402191105453
4554, -959.753173828125, 1057.3992919921875, 0.0, 0.0, 1.0, -146.03921508789062, 6.840158274001769
4555, -959.838623046875, 1057.3416748046875, 0.0, 0.0, 1.0, -146.04100036621094, 6.778687751961089
4556, -959.9261474609375, 1057.28271484375, 0.0, 0.0, 1.0, -146.04281616210938, 6.715473368492204
4557, -960.0089721679688, 1057.2269287109375, 0.0, 0.0, 1.0, -146.04449462890625, 6.655410813491016
4558, -960.08935546875, 1057.1727294921875, 0.0, 0.0, 1.0, -146.04608154296875, 6.596898202516685
4559, -960.17138671875, 1057.117431640625, 0.0, 0.0, 1.0, -146.04776000976562, 6.536929909495048
4560, -960.2498168945312, 1057.0645751953125, 0.0, 0.0, 1.0, -146.04934692382812, 6.4793149997486585
4561, -960.3287353515625, 1057.0113525390625, 0.0, 0.0, 1.0, -146.05099487304688, 6.421105516215183
4562, -960.4071044921875, 1056.9586181640625, 0.0, 0.0, 1.0, -146.0525665283203, 6.363100272083381
4563, -960.486083984375, 1056.9053955078125, 0.0, 0.0, 1.0, -146.05413818359375, 6.304380363933745
4564, -960.563720703125, 1056.8531494140625, 0.0, 0.0, 1.0, -146.05569458007812, 6.246380349136929
4565, -960.6387329101562, 1056.8026123046875, 0.0, 0.0, 1.0, -146.05715942382812, 6.190158790904777
4566, -960.7155151367188, 1056.7508544921875, 0.0, 0.0, 1.0, -146.05873107910156, 6.1322073831306065
4567, -960.7960205078125, 1056.6966552734375, 0.0, 0.0, 1.0, -146.06028747558594, 6.07128319947391
4568, -960.8795166015625, 1056.640380859375, 0.0, 0.0, 1.0, -146.0619659423828, 6.007791472392289
4569, -960.9520263671875, 1056.5914306640625, 0.0, 0.0, 1.0, -146.0634002685547, 5.952415413596379
4570, -961.0259399414062, 1056.541748046875, 0.0, 0.0, 1.0, -146.06483459472656, 5.895715785470349
4571, -961.0990600585938, 1056.4925537109375, 0.0, 0.0, 1.0, -146.06629943847656, 5.839362296978383
4572, -961.1715698242188, 1056.44384765625, 0.0, 0.0, 1.0, -146.0676727294922, 5.783253767186205
4573, -961.2413940429688, 1056.396728515625, 0.0, 0.0, 1.0, -146.0690155029297, 5.7288803005679485
4574, -961.3123168945312, 1056.3489990234375, 0.0, 0.0, 1.0, -146.0703582763672, 5.673433223326678
4575, -961.3842163085938, 1056.3006591796875, 0.0, 0.0, 1.0, -146.07174682617188, 5.616980647089207
4576, -961.4533081054688, 1056.2540283203125, 0.0, 0.0, 1.0, -146.07305908203125, 5.562397100825195
4577, -961.5213012695312, 1056.2083740234375, 0.0, 0.0, 1.0, -146.07435607910156, 5.5085366094052155
4578, -961.587890625, 1056.1634521484375, 0.0, 0.0, 1.0, -146.07557678222656, 5.455454051557975
4579, -961.6527099609375, 1056.119873046875, 0.0, 0.0, 1.0, -146.07681274414062, 5.403493948697551
4580, -961.7178955078125, 1056.0760498046875, 0.0, 0.0, 1.0, -146.0779266357422, 5.3511119754956145
4581, -961.7838745117188, 1056.031494140625, 0.0, 0.0, 1.0, -146.07904052734375, 5.297773827765835
4582, -961.8480834960938, 1055.98828125, 0.0, 0.0, 1.0, -146.07984924316406, 5.245859531148479
4583, -961.9116821289062, 1055.945556640625, 0.0, 0.0, 1.0, -146.0803680419922, 5.194774688218386
4584, -961.9757690429688, 1055.90234375, 0.0, 0.0, 1.0, -146.0808868408203, 5.141199081205266
4585, -962.0379638671875, 1055.860595703125, 0.0, 0.0, 1.0, -146.0818634033203, 5.086112854980017
4586, -962.1002807617188, 1055.818603515625, 0.0, 0.0, 1.0, -146.08279418945312, 5.030468791013983
4587, -962.161376953125, 1055.777587890625, 0.0, 0.0, 1.0, -146.0836181640625, 4.976519731002479
4588, -962.2224731445312, 1055.736572265625, 0.0, 0.0, 1.0, -146.0847930908203, 4.927982381848017
4589, -962.2821044921875, 1055.696533203125, 0.0, 0.0, 1.0, -146.0858612060547, 4.879702248086007
4590, -962.3435668945312, 1055.6551513671875, 0.0, 0.0, 1.0, -146.0870361328125, 4.829062182240375
4591, -962.4041748046875, 1055.6143798828125, 0.0, 0.0, 1.0, -146.08807373046875, 4.778433995718158
4592, -962.461669921875, 1055.5758056640625, 0.0, 0.0, 1.0, -146.089111328125, 4.729892670169736
4593, -962.5196533203125, 1055.5367431640625, 0.0, 0.0, 1.0, -146.0901641845703, 4.680410127340136
4594, -962.5782470703125, 1055.497314453125, 0.0, 0.0, 1.0, -146.09120178222656, 4.630023441007465
4595, -962.6343383789062, 1055.4595947265625, 0.0, 0.0, 1.0, -146.09219360351562, 4.58134372028446
4596, -962.6923217773438, 1055.420654296875, 0.0, 0.0, 1.0, -146.09320068359375, 4.530668287168533
4597, -962.7476196289062, 1055.3834228515625, 0.0, 0.0, 1.0, -146.0941925048828, 4.482016963467557
4598, -962.8046875, 1055.3450927734375, 0.0, 0.0, 1.0, -146.09515380859375, 4.431501231979051
4599, -962.8599853515625, 1055.307861328125, 0.0, 0.0, 1.0, -146.09613037109375, 4.382139141612992
4600, -962.9140625, 1055.271484375, 0.0, 0.0, 1.0, -146.09707641601562, 4.333605101071692
4601, -962.9671630859375, 1055.23583984375, 0.0, 0.0, 1.0, -146.0979766845703, 4.285665082348067
4602, -963.0215454101562, 1055.19921875, 0.0, 0.0, 1.0, -146.09889221191406, 4.236276499326501
4603, -963.0768432617188, 1055.162109375, 0.0, 0.0, 1.0, -146.09983825683594, 4.185599329589509
4604, -963.12890625, 1055.1270751953125, 0.0, 0.0, 1.0, -146.10072326660156, 4.137571333266344
4605, -963.1788940429688, 1055.093505859375, 0.0, 0.0, 1.0, -146.10159301757812, 4.091191677693333
4606, -963.2294921875, 1055.0594482421875, 0.0, 0.0, 1.0, -146.1024169921875, 4.0438766439350236
4607, -963.2788696289062, 1055.0262451171875, 0.0, 0.0, 1.0, -146.10328674316406, 3.99751597403311
4608, -963.339111328125, 1054.9857177734375, 0.0, 0.0, 1.0, -146.10426330566406, 3.940423707208942
4609, -963.4071655273438, 1054.9400634765625, 0.0, 0.0, 1.0, -146.10540771484375, 3.875465518746649
4610, -963.4789428710938, 1054.8917236328125, 0.0, 0.0, 1.0, -146.10658264160156, 3.8062079647354237
4611, -963.5494995117188, 1054.84423828125, 0.0, 0.0, 1.0, -146.10775756835938, 3.7374044509802102
4612, -963.6199951171875, 1054.796875, 0.0, 0.0, 1.0, -146.1089324951172, 3.6679768534029407
4613, -963.6831665039062, 1054.7545166015625, 0.0, 0.0, 1.0, -146.10997009277344, 3.604983189858411
4614, -963.7459106445312, 1054.7122802734375, 0.0, 0.0, 1.0, -146.11099243164062, 3.5418873165507203
4615, -963.8126831054688, 1054.6673583984375, 0.0, 0.0, 1.0, -146.112060546875, 3.473906258891194
4616, -963.8720703125, 1054.6275634765625, 0.0, 0.0, 1.0, -146.11306762695312, 3.412895874849269
4617, -963.9302978515625, 1054.58837890625, 0.0, 0.0, 1.0, -146.11399841308594, 3.352451770819256
4618, -963.9898071289062, 1054.54833984375, 0.0, 0.0, 1.0, -146.11492919921875, 3.2897703009138937
4619, -964.0487060546875, 1054.5086669921875, 0.0, 0.0, 1.0, -146.11585998535156, 3.227157893001661
4620, -964.1145629882812, 1054.4644775390625, 0.0, 0.0, 1.0, -146.11691284179688, 3.1561520591909664
4621, -964.1691284179688, 1054.4278564453125, 0.0, 0.0, 1.0, -146.11778259277344, 3.0966562079337154
4622, -964.2240600585938, 1054.39111328125, 0.0, 0.0, 1.0, -146.11866760253906, 3.03606397102028
4623, -964.2774047851562, 1054.355224609375, 0.0, 0.0, 1.0, -146.11949157714844, 2.976363003741954
4624, -964.3292846679688, 1054.3203125, 0.0, 0.0, 1.0, -146.12030029296875, 2.917606192113945
4625, -964.3790283203125, 1054.2869873046875, 0.0, 0.0, 1.0, -146.12107849121094, 2.8605627145717034
4626, -964.4291381835938, 1054.253173828125, 0.0, 0.0, 1.0, -146.12185668945312, 2.8022953777529964
4627, -964.4807739257812, 1054.218505859375, 0.0, 0.0, 1.0, -146.1226806640625, 2.741491672443147
4628, -964.530517578125, 1054.1851806640625, 0.0, 0.0, 1.0, -146.1234130859375, 2.6820752820949365
4629, -964.5768432617188, 1054.154052734375, 0.0, 0.0, 1.0, -146.1241912841797, 2.625894513983055
4630, -964.6212158203125, 1054.1241455078125, 0.0, 0.0, 1.0, -146.12484741210938, 2.571321011385952
4631, -964.6658325195312, 1054.09423828125, 0.0, 0.0, 1.0, -146.12554931640625, 2.515749865024872
4632, -964.7084350585938, 1054.0655517578125, 0.0, 0.0, 1.0, -146.12619018554688, 2.461883923117496
4633, -964.7517700195312, 1054.0364990234375, 0.0, 0.0, 1.0, -146.12689208984375, 2.4061783291047667
4634, -964.7952270507812, 1054.0074462890625, 0.0, 0.0, 1.0, -146.12754821777344, 2.3495107153270336
4635, -964.83544921875, 1053.98046875, 0.0, 0.0, 1.0, -146.12815856933594, 2.2961866507713315
4636, -964.8739013671875, 1053.9547119140625, 0.0, 0.0, 1.0, -146.12875366210938, 2.2442707509365136
4637, -964.911865234375, 1053.92919921875, 0.0, 0.0, 1.0, -146.1293487548828, 2.192357297862549
4638, -964.9490356445312, 1053.9041748046875, 0.0, 0.0, 1.0, -146.12989807128906, 2.140576797435018
4639, -964.9857788085938, 1053.879638671875, 0.0, 0.0, 1.0, -146.1304473876953, 2.088600570572518
4640, -965.0223388671875, 1053.85498046875, 0.0, 0.0, 1.0, -146.13099670410156, 2.035919152475767
4641, -965.0564575195312, 1053.83203125, 0.0, 0.0, 1.0, -146.1315155029297, 1.9858562508826358
4642, -965.0895385742188, 1053.8099365234375, 0.0, 0.0, 1.0, -146.13201904296875, 1.9365470907889293
4643, -965.1217041015625, 1053.7884521484375, 0.0, 0.0, 1.0, -146.1325225830078, 1.88754614596878
4644, -965.1546020507812, 1053.766357421875, 0.0, 0.0, 1.0, -146.13304138183594, 1.8364897579506052
4645, -965.1853637695312, 1053.7457275390625, 0.0, 0.0, 1.0, -146.13356018066406, 1.78774954866465
4646, -965.2158203125, 1053.7252197265625, 0.0, 0.0, 1.0, -146.13397216796875, 1.738431476950951
4647, -965.24609375, 1053.7049560546875, 0.0, 0.0, 1.0, -146.1342315673828, 1.6886107873026732
4648, -965.2747192382812, 1053.685791015625, 0.0, 0.0, 1.0, -146.1355438232422, 1.6371259623759435
4649, -965.3024291992188, 1053.667236328125, 0.0, 0.0, 1.0, -146.13455200195312, 1.58672943396694
4650, -965.3291015625, 1053.6492919921875, 0.0, 0.0, 1.0, -146.1367645263672, 1.5367529764044041
4651, -965.3549194335938, 1053.6319580078125, 0.0, 0.0, 1.0, -146.13526916503906, 1.4867859046002085
4652, -965.3800659179688, 1053.6151123046875, 0.0, 0.0, 1.0, -146.13758850097656, 1.4358470203052354
4653, -965.4044189453125, 1053.5986328125, 0.0, 0.0, 1.0, -146.1356658935547, 1.3840611845054798
4654, -965.4292602539062, 1053.58203125, 0.0, 0.0, 1.0, -146.13839721679688, 1.3254059140845864
4655, -965.4541015625, 1053.5653076171875, 0.0, 0.0, 1.0, -146.13523864746094, 1.2616232304449677
4656, -965.4754638671875, 1053.551025390625, 0.0, 0.0, 1.0, -146.1338653564453, 0.8859559152321462
4657, -965.4869384765625, 1053.5433349609375, 0.0, 0.0, 1.0, -146.1343536376953, 0.4239266530057269
4658, -965.4898071289062, 1053.54150390625, 0.0, 0.0, 1.0, -146.13525390625, 0.007069245835758945
4659, -965.48974609375, 1053.54150390625, 0.0, 0.0, 1.0, -146.13526916503906, 0.0004822373074546248
4660, -965.4898071289062, 1053.54150390625, 0.0, 0.0, 1.0, -146.13526916503906, 0.0005817919719270515
