1, 14.740650177001953, -186.75062561035156, 0.0, 0.0, 0.0, -89.99981689453125, 0.0
2, 14.740649223327637, -186.75062561035156, 0.0, 0.5000000596046448, 0.0, -89.99981689453125, 0.0018321379373340174
3, 14.740645408630371, -186.7550811767578, 0.0, 1.0, 0.0, -89.9994888305664, 0.34385257261468194
4, 14.740632057189941, -186.76641845703125, 0.0, 1.0, 0.0, -89.99838256835938, 0.7003668611238931
5, 14.74061107635498, -186.78231811523438, 0.0, 1.0, 0.0, -89.99684143066406, 1.0117229171713695
6, 14.740583419799805, -186.80372619628906, 0.0, 1.0, 0.0, -89.99474334716797, 1.3104128281660052
7, 14.740545272827148, -186.8324737548828, 0.0, 1.0, 0.0, -89.99188232421875, 1.6111975880195237
8, 14.74050521850586, -186.86309814453125, 0.0, 1.0, 0.0, -89.98867797851562, 1.8631503167544008
9, 14.740453720092773, -186.9013671875, 0.0, 1.0, 0.0, -89.98446655273438, 2.1132374657831976
10, 14.740402221679688, -186.93991088867188, 0.0, 1.0, 0.0, -89.98016357421875, 2.3175239979853663
11, 14.740352630615234, -186.98214721679688, 0.0, 1.0, 0.0, -89.9757080078125, 2.5004086579031473
12, 14.74030876159668, -187.02841186523438, 0.0, 1.0, 0.0, -89.97142791748047, 2.664615396847848
13, 14.740276336669922, -187.07492065429688, 0.0, 1.0, 0.0, -89.96773529052734, 2.80232672569174
14, 14.740252494812012, -187.13096618652344, 0.0, 1.0, 0.0, -89.96402740478516, 2.9401464436628664
15, 14.740241050720215, -187.18605041503906, 0.0, 1.0, 0.0, -89.96092987060547, 3.0534472578560705
16, 14.740239143371582, -187.2421112060547, 0.0, 1.0, 0.0, -89.95830535888672, 3.1527770965624398
17, 14.74020004272461, -187.30218505859375, -0.0038197184912860394, 1.0, 0.0, -89.95720672607422, 3.2469612333761275
18, 14.740113258361816, -187.3592529296875, -0.005729577504098415, 1.0, 0.0, -89.958251953125, 3.3285318383495195
19, 14.739934921264648, -187.42245483398438, -0.009549296461045742, 1.0, 0.0, -89.96253967285156, 3.4125299358728696
20, 14.73969554901123, -187.4809112548828, -0.01145915500819683, 1.0, 0.0, -89.96925354003906, 3.4861809304751445
21, 14.73936653137207, -187.5399932861328, -0.015278873965144157, 1.0, 0.0, -89.97927856445312, 3.5575742162077137
22, 14.738892555236816, -187.60372924804688, -0.019098592922091484, 1.0, 0.0, -89.99420166015625, 3.63188907914832
23, 14.738276481628418, -187.6708984375, -0.021008450537919998, 1.0, 0.0, -90.01409149169922, 3.707907702585818
24, 14.737466812133789, -187.74343872070312, -0.024828169494867325, 1.0, 0.0, -90.04055786132812, 3.787665565898034
25, 14.736607551574707, -187.8087921142578, -0.02864788845181465, 1.0, 0.0, -90.0687484741211, 3.8578257336251744
26, 14.73564338684082, -187.8749542236328, -0.028011269867420197, 1.0, 0.0, -90.10059356689453, 3.9274652108093
27, 14.734560012817383, -187.9451141357422, -0.026738030835986137, 1.0, 0.0, -90.1363525390625, 3.9998507781566124
28, 14.7334623336792, -188.0145721435547, -0.024828173220157623, 1.0, 0.0, -90.17253875732422, 4.070186703407822
29, 14.732196807861328, -188.0934600830078, -0.02419155463576317, 1.0, 0.0, -90.2138900756836, 4.148444731184463
30, 14.73099422454834, -188.1676483154297, -0.02419155463576317, 1.0, 0.0, -90.25241088867188, 4.220737793489551
31, 14.729789733886719, -188.2418670654297, -0.0216450784355402, 1.0, 0.0, -90.29013061523438, 4.291735006231402
32, 14.728574752807617, -188.31634521484375, -0.021008459851145744, 1.0, 0.0, -90.32709503173828, 4.361765950566947
33, 14.727317810058594, -188.39315795898438, -0.019735220819711685, 1.0, 0.0, -90.36399841308594, 4.432777026603648
34, 14.725895881652832, -188.48001098632812, -0.018461981788277626, 1.0, 0.0, -90.40404510498047, 4.511613450239928
35, 14.724556922912598, -188.56134033203125, -0.01782536320388317, 1.0, 0.0, -90.44004821777344, 4.584202671455775
36, 14.723219871520996, -188.64231872558594, -0.016552124172449112, 1.0, 0.0, -90.47433471679688, 4.655314989438422
37, 14.721902847290039, -188.72198486328125, -0.015278885141015053, 1.0, 0.0, -90.50638580322266, 4.724180877670591
38, 14.720565795898438, -188.80270385742188, -0.014642265625298023, 1.0, 0.0, -90.53729248046875, 4.792921817739356
39, 14.719000816345215, -188.89727783203125, -0.01336902566254139, 1.0, 0.0, -90.57128143310547, 4.872087940447577
40, 14.717551231384277, -188.9850311279297, -0.012095784768462181, 1.0, 0.0, -90.6008071899414, 4.944426875263078
41, 14.716066360473633, -189.07479858398438, -0.011459165252745152, 1.0, 0.0, -90.62910461425781, 5.017272367652584
42, 14.714616775512695, -189.16275024414062, -0.010185924358665943, 1.0, 0.0, -90.65487670898438, 5.0877520839007015
43, 14.713171005249023, -189.25108337402344, -0.00891268439590931, 0.9500000476837158, 0.0, -90.67866516113281, 5.157031675604429
44, 14.711565017700195, -189.3496856689453, -0.008276063948869705, 0.9250000715255737, 0.0, -90.70301055908203, 5.231687066755013
45, 14.71004581451416, -189.44349670410156, -0.007002824917435646, 0.8750001192092896, 0.0, -90.72399139404297, 5.299683733798371
46, 14.708532333374023, -189.53797912597656, -0.005729585886001587, 0.8250001668930054, 0.0, -90.74298858642578, 5.364513605733984
47, 14.706854820251465, -189.6437225341797, -0.00509296590462327, 0.8000001907348633, 0.0, -90.76178741455078, 5.432475250157608
48, 14.705375671386719, -189.7379913330078, -0.0038197266403585672, 0.7500002384185791, 0.0, -90.77648162841797, 5.48885600426286
49, 14.703797340393066, -189.84075927734375, -0.001909867045469582, 0.6750003099441528, 0.0, -90.78995513916016, 5.545405720661063
50, 14.702383995056152, -189.93467712402344, -0.0012732472969219089, 0.6500003337860107, 0.0, -90.80004119873047, 5.590955363548908
51, 14.700942039489746, -190.03250122070312, 0.0, 0.6000003814697266, 0.0, -90.808349609375, 5.631663291902058
52, 14.699369430541992, -190.1409149169922, 0.0, 0.5500004291534424, 0.0, -90.8150863647461, 5.663445358861143
53, 14.697843551635742, -190.24620056152344, 0.0, 0.5250004529953003, 0.0, -90.81895446777344, 5.671150121570244
54, 14.696481704711914, -190.34165954589844, 0.0, 0.4750004708766937, 0.0, -90.82305908203125, 5.6691855626525705
55, 14.695099830627441, -190.438720703125, 0.0, 0.4750004708766937, 0.0, -90.82671356201172, 5.6749613350025205
56, 14.6936674118042, -190.53912353515625, 0.0, 0.5000004768371582, 0.0, -90.82970428466797, 5.680421166006087
57, 14.692173957824707, -190.6436309814453, 0.0, 0.5500004291534424, 0.0, -90.832275390625, 5.683476324191813
58, 14.6907958984375, -190.7398223876953, 0.0, 0.5750004053115845, 0.0, -90.83421325683594, 5.6884263690834596
59, 14.689231872558594, -190.8484344482422, 0.0, 0.6250003576278687, 0.0, -90.83590698242188, 5.703084706514226
60, 14.687649726867676, -190.9579620361328, 0.0, 0.6750003099441528, 0.0, -90.83721923828125, 5.706713144413472
61, 14.686262130737305, -191.05380249023438, 0.0, 0.7000002861022949, 0.0, -90.83816528320312, 5.7204946990510726
62, 14.684657096862793, -191.1642303466797, 0.0, 0.7500002384185791, 0.0, -90.83885955810547, 5.754016724941724
63, 14.683061599731445, -191.27371215820312, 0.0, 0.8000001907348633, 0.0, -90.83931732177734, 5.772844680009527
64, 14.681563377380371, -191.37619018554688, 0.0, 0.8750001192092896, 0.0, -90.83953094482422, 5.801243059486211
65, 14.679999351501465, -191.48297119140625, 0.0, 0.9000000953674316, 0.0, -90.83946990966797, 5.8474272852548355
66, 14.678507804870605, -191.58456420898438, 0.0, 0.9500000476837158, 0.0, -90.83924102783203, 5.896668524619613
67, 14.676958084106445, -191.6898956298828, 0.0, 1.0, 0.0, -90.83870697021484, 5.963409376036228
68, 14.67528247833252, -191.80357360839844, 0.0, 1.0, 0.0, -90.837890625, 6.0396743063991
69, 14.67370891571045, -191.91018676757812, 0.0, 1.0, 0.0, -90.83695220947266, 6.1089438745824065
70, 14.672073364257812, -192.0210723876953, 0.0, 1.0, 0.0, -90.83574676513672, 6.193275671071736
71, 14.670455932617188, -192.13050842285156, 0.0, 1.0, 0.0, -90.83434295654297, 6.283267419549901
72, 14.668859481811523, -192.23858642578125, 0.0, 1.0, 0.0, -90.8328857421875, 6.372440520921517
73, 14.667112350463867, -192.35693359375, 0.0, 1.0, 0.0, -90.8310546875, 6.465899399417603
74, 14.665401458740234, -192.47280883789062, 0.0, 1.0, 0.0, -90.82916259765625, 6.552415424047251
75, 14.663533210754395, -192.5995330810547, 0.0, 1.0, 0.0, -90.82701873779297, 6.642410290005235
76, 14.661829948425293, -192.71533203125, 0.0, 1.0, 0.0, -90.8250503540039, 6.721027973339873
77, 14.660118103027344, -192.831787109375, 0.0, 1.0, 0.0, -90.82302856445312, 6.7973043729028
78, 14.658191680908203, -192.963134765625, 0.0, 1.0, 0.0, -90.82073974609375, 6.880515110085563
79, 14.656472206115723, -193.0807342529297, 0.0, 1.0, 0.0, -90.81868743896484, 6.952876831686284
80, 14.654619216918945, -193.2077178955078, 0.0, 1.0, 0.0, -90.8165283203125, 7.0291200257051445
81, 14.652626991271973, -193.34454345703125, 0.0, 1.0, 0.0, -90.81414794921875, 7.1093944280717
82, 14.650849342346191, -193.46682739257812, 0.0, 1.0, 0.0, -90.81208038330078, 7.179686937018302
83, 14.648883819580078, -193.60260009765625, 0.0, 1.0, 0.0, -90.80976104736328, 7.256347789531832
84, 14.646889686584473, -193.74061584472656, 0.0, 1.0, 0.0, -90.80741119384766, 7.332955087470519
85, 14.645030975341797, -193.86944580078125, 0.0, 1.0, 0.0, -90.80524444580078, 7.403391677752087
86, 14.643088340759277, -194.0045928955078, 0.0, 1.0, 0.0, -90.802978515625, 7.476251559341288
87, 14.641082763671875, -194.14447021484375, 0.0, 1.0, 0.0, -90.80065155029297, 7.550655397886278
88, 14.639188766479492, -194.27685546875, 0.0, 1.0, 0.0, -90.79845428466797, 7.620201371230137
89, 14.637096405029297, -194.42347717285156, 0.0, 1.0, 0.0, -90.79608154296875, 7.6962935520100615
90, 14.635162353515625, -194.5595245361328, 0.0, 1.0, 0.0, -90.79389190673828, 7.766094926887304
91, 14.63331413269043, -194.68983459472656, 0.0, 1.0, 0.0, -90.79175567626953, 7.832246831447832
92, 14.63134765625, -194.82882690429688, 0.0, 1.0, 0.0, -90.78948974609375, 7.902088092033602
93, 14.629339218139648, -194.9711151123047, 0.0, 1.0, 0.0, -90.78717803955078, 7.972847687421478
94, 14.627245903015137, -195.1199493408203, 0.0, 1.0, 0.0, -90.7847900390625, 8.046102570885665
95, 14.625250816345215, -195.26202392578125, 0.0, 1.0, 0.0, -90.78250122070312, 8.11533127903826
96, 14.62319278717041, -195.40911865234375, 0.0, 1.0, 0.0, -90.78015899658203, 8.186309948391624
97, 14.621261596679688, -195.54750061035156, 0.0, 1.0, 0.0, -90.77796173095703, 8.25247326991003
98, 14.619114875793457, -195.70181274414062, 0.0, 1.0, 0.0, -90.77552795410156, 8.325559449210601
99, 14.616962432861328, -195.85690307617188, 0.0, 1.0, 0.0, -90.77301788330078, 8.398306967125759
100, 14.614909172058105, -196.00534057617188, 0.0, 1.0, 0.0, -90.7706527709961, 8.467291077958254
101, 14.612781524658203, -196.15953063964844, 0.0, 1.0, 0.0, -90.76824188232422, 8.538293128700884
102, 14.610474586486816, -196.32723999023438, 0.0, 1.0, 0.0, -90.76555633544922, 8.61478648603872
103, 14.608379364013672, -196.48004150390625, 0.0, 1.0, 0.0, -90.76317596435547, 8.683847566901553
104, 14.606237411499023, -196.63671875, 0.0, 1.0, 0.0, -90.76073455810547, 8.754040594385073
105, 14.60395336151123, -196.80429077148438, 0.0, 1.0, 0.0, -90.7580795288086, 8.828437411649885
106, 14.60183048248291, -196.96055603027344, 0.0, 1.0, 0.0, -90.75564575195312, 8.897214962045148
107, 14.59968090057373, -197.11935424804688, 0.0, 1.0, 0.0, -90.75316619873047, 8.966516949367703
108, 14.597567558288574, -197.2758026123047, 0.0, 1.0, 0.0, -90.75070190429688, 9.034228084871884
109, 14.595365524291992, -197.43931579589844, 0.0, 1.0, 0.0, -90.74816131591797, 9.104413003756916
110, 14.59302806854248, -197.613525390625, 0.0, 1.0, 0.0, -90.74549102783203, 9.178532745091847
111, 14.590882301330566, -197.77389526367188, 0.0, 1.0, 0.0, -90.74298858642578, 9.246208313149063
112, 14.588598251342773, -197.94525146484375, 0.0, 1.0, 0.0, -90.74030303955078, 9.317901669110304
113, 14.586191177368164, -198.1263427734375, 0.0, 1.0, 0.0, -90.73749542236328, 9.39302913897045
114, 14.584071159362793, -198.2864990234375, 0.0, 1.0, 0.0, -90.73499298095703, 9.458934381368666
115, 14.581740379333496, -198.46304321289062, 0.0, 1.0, 0.0, -90.73223876953125, 9.530994599134457
116, 14.579548835754395, -198.6294708251953, 0.0, 1.0, 0.0, -90.72968292236328, 9.598399796941045
117, 14.577425003051758, -198.7914276123047, 0.0, 1.0, 0.0, -90.7271728515625, 9.663504627862993
118, 14.574953079223633, -198.98052978515625, 0.0, 1.0, 0.0, -90.7242431640625, 9.738896696490785
119, 14.572758674621582, -199.14906311035156, 0.0, 1.0, 0.0, -90.72164916992188, 9.80556918466389
120, 14.57038402557373, -199.33189392089844, 0.0, 1.0, 0.0, -90.71881866455078, 9.877334207588376
121, 14.568190574645996, -199.50149536132812, 0.0, 1.0, 0.0, -90.71619415283203, 9.94340378621641
122, 14.56593132019043, -199.6767578125, 0.0, 1.0, 0.0, -90.71349334716797, 10.011172721552194
123, 14.563413619995117, -199.87266540527344, 0.0, 1.0, 0.0, -90.71051025390625, 10.086320113986197
124, 14.56120777130127, -200.04495239257812, 0.0, 1.0, 0.0, -90.70781707763672, 10.151915436071677
125, 14.55892276763916, -200.22412109375, 0.0, 1.0, 0.0, -90.7051010131836, 10.219628772824953
126, 14.556682586669922, -200.4003448486328, 0.0, 1.0, 0.0, -90.70238494873047, 10.285761787214208
127, 14.554391860961914, -200.5812225341797, 0.0, 1.0, 0.0, -90.69960021972656, 10.353155457639303
128, 14.551889419555664, -200.77951049804688, 0.0, 1.0, 0.0, -90.69654846191406, 10.426470334159273
129, 14.54959774017334, -200.96173095703125, 0.0, 1.0, 0.0, -90.6937484741211, 10.49336122980811
130, 14.547250747680664, -201.14915466308594, 0.0, 1.0, 0.0, -90.69088745117188, 10.561666313334896
131, 14.54238224029541, -201.54014587402344, 0.0, 1.0, 0.0, -90.68489837646484, 10.70261152421269
132, 14.5399169921875, -201.74172973632812, 0.0019098592456430197, 1.0, 0.0, -90.68102264404297, 10.774469612408488
133, 14.537728309631348, -201.92559814453125, 0.0038197184912860394, 1.0, 0.0, -90.67597961425781, 10.839550234589804
134, 14.535529136657715, -202.12001037597656, 0.007639436982572079, 1.0, 0.0, -90.66757202148438, 10.907822910059839
135, 14.533440589904785, -202.31790161132812, 0.009549296461045742, 1.0, 0.0, -90.65497589111328, 10.976804280245235
136, 14.531560897827148, -202.5133514404297, 0.013369014486670494, 1.0, 0.0, -90.63751220703125, 11.044379048962448
137, 14.5298490524292, -202.71641540527344, 0.01718873344361782, 1.0, 0.0, -90.61264038085938, 11.114003406869996
138, 14.528404235839844, -202.9125518798828, 0.016552112996578217, 0.9750000238418579, 0.0, -90.58287048339844, 11.180786493832064
139, 14.527127265930176, -203.10792541503906, 0.015278873033821583, 0.9250000715255737, 0.0, -90.54888153076172, 11.246289459803062
140, 14.525912284851074, -203.3163299560547, 0.014005633071064949, 0.8750001192092896, 0.0, -90.50907135009766, 11.314168311512638
141, 14.524871826171875, -203.51522827148438, 0.013369012624025345, 0.8500001430511475, 0.0, -90.46862030029297, 11.376408900440213
142, 14.523874282836914, -203.72706604003906, 0.012095772661268711, 0.8000001907348633, 0.0, -90.42367553710938, 11.43973922916099
143, 14.522964477539062, -203.9405059814453, 0.010822532698512077, 0.7500002384185791, 0.0, -90.3774642944336, 11.49979616947306
144, 14.522175788879395, -204.14292907714844, 0.009549291804432869, 0.7000002861022949, 0.0, -90.33355712890625, 11.552719282709429
145, 14.521429061889648, -204.35513305664062, 0.00891267228871584, 0.6750003099441528, 0.0, -90.28783416748047, 11.603721993922381
146, 14.520788192749023, -204.55555725097656, 0.007639432325959206, 0.6250003576278687, 0.0, -90.2454605102539, 11.64755258823873
147, 14.520191192626953, -204.76087951660156, 0.0063661932945251465, 0.5750004053115845, 0.0, -90.2035140991211, 11.68772615359206
148, 14.519618034362793, -204.98092651367188, 0.00572957331314683, 0.5500004291534424, 0.0, -90.16033172607422, 11.725260240537883
149, 14.519144058227539, -205.17906188964844, 0.0038197143003344536, 0.4750004708766937, 0.0, -90.1236572265625, 11.75390058508497
150, 14.518649101257324, -205.4047088623047, 0.0025464745704084635, 0.42500045895576477, 0.0, -90.08502960205078, 11.780040653457215
151, 14.518195152282715, -205.6334686279297, 0.0019098548218607903, 0.4000004529953003, 0.0, -90.04927062988281, 11.799192085487281
152, 14.517818450927734, -205.83729553222656, 0.0, 0.35000044107437134, 0.0, -90.0207748413086, 11.810090962580144
153, 14.517457008361816, -206.0513458251953, 0.0, 0.32500043511390686, 0.0, -89.99415588378906, 11.815418114824158
154, 14.517151832580566, -206.25665283203125, 0.0, 0.2750004231929779, 0.0, -89.97148132324219, 11.814671069241912
155, 14.516901969909668, -206.45985412597656, 0.0, 0.22500041127204895, 0.0, -89.9515609741211, 11.80809705170821
156, 14.516706466674805, -206.6604766845703, 0.0, 0.20000040531158447, 0.0, -89.93401336669922, 11.795969010460643
157, 14.516560554504395, -206.87245178222656, 0.0, 0.15000039339065552, 0.0, -89.91767120361328, 11.77751844535326
158, 14.516474723815918, -207.09007263183594, 0.0, 0.10000038892030716, 0.0, -89.90286254882812, 11.752365940281702
159, 14.516451835632324, -207.29583740234375, 0.0, 0.07500039041042328, 0.0, -89.89053344726562, 11.72277167434556
160, 14.516485214233398, -207.49615478515625, 0.0, 3.915280046840053e-07, 0.0, -89.87993621826172, 11.688726079140094
161, 14.516575813293457, -207.70242309570312, 0.0, -0.02499960921704769, 0.0, -89.8703842163086, 11.648180711933378
162, 14.51671314239502, -207.902099609375, 0.0, 0.0, 0.0, -89.86225891113281, 11.604397911954772
163, 14.51691722869873, -208.12025451660156, 0.0, 0.0, 0.0, -89.85467529296875, 11.552327264098285
164, 14.51715087890625, -208.32000732421875, 0.0, 0.0, 0.0, -89.84862518310547, 11.501270345941348
165, 14.517448425292969, -208.53358459472656, 0.0, 0.0, 0.0, -89.8431625366211, 11.443817473467975
166, 14.517783164978027, -208.74346923828125, 0.0, 0.0, 0.0, -89.83867645263672, 11.384908343853482
167, 14.518133163452148, -208.94029235839844, 0.0, 0.0, 0.0, -89.83515930175781, 11.327793814691056
168, 14.518548011779785, -209.15293884277344, 0.0, 0.0, 0.0, -89.83207702636719, 11.26441857254956
169, 14.51894474029541, -209.34165954589844, 0.0, 0.0, 0.0, -89.82991790771484, 11.206928929956076
170, 14.519381523132324, -209.53726196289062, 0.0, 0.0, 0.0, -89.82813262939453, 11.146312128514863
171, 14.519815444946289, -209.7215118408203, 0.0, 0.0, 0.0, -89.82691192626953, 11.088381498812948
172, 14.520297050476074, -209.91798400878906, 0.0, 0.0, 0.0, -89.82604217529297, 11.02587698673072
173, 14.520833015441895, -210.1273651123047, 0.0, 0.0, 0.0, -89.82553100585938, 10.958546768462352
174, 14.521332740783691, -210.3158416748047, 0.0, 0.0, 0.0, -89.82540130615234, 10.897392090724212
175, 14.521838188171387, -210.50152587890625, 0.0, 0.0, 0.0, -89.82554626464844, 10.836736886142894
176, 14.522375106811523, -210.69430541992188, 0.0, 0.0, 0.0, -89.82598114013672, 10.773384505102747
177, 14.52289867401123, -210.87863159179688, 0.0, 0.0, 0.0, -89.82662963867188, 10.712516168072192
178, 14.523481369018555, -211.08042907714844, 0.0, 0.0, 0.0, -89.82757568359375, 10.645568956597204
179, 14.52402400970459, -211.26695251464844, 0.0, 0.0, 0.0, -89.82864379882812, 10.583467088767968
180, 14.524592399597168, -211.45960998535156, 0.0, 0.05000000074505806, 0.0, -89.82992553710938, 10.519965042286238
181, 14.525174140930176, -211.65579223632812, 0.0, 0.07500000298023224, 0.0, -89.83135223388672, 10.45637316091521
182, 14.525700569152832, -211.8323974609375, 0.0, 0.125, 0.0, -89.83277130126953, 10.400645114363353
183, 14.526278495788574, -212.026123046875, 0.0, 0.17500001192092896, 0.0, -89.83440399169922, 10.342037773221037
184, 14.526834487915039, -212.21206665039062, 0.0, 0.20000001788139343, 0.0, -89.83604431152344, 10.289018846059983
185, 14.527366638183594, -212.39028930664062, 0.0, 0.2500000298023224, 0.0, -89.837646484375, 10.241415751004375
186, 14.527910232543945, -212.57298278808594, 0.0, 0.30000004172325134, 0.0, -89.83932495117188, 10.196507647092663
187, 14.528425216674805, -212.7473907470703, 0.0, 0.3250000476837158, 0.0, -89.84088897705078, 10.15777359315256
188, 14.528963088989258, -212.93075561523438, 0.0, 0.3750000596046448, 0.0, -89.8425064086914, 10.12139122321965
189, 14.529485702514648, -213.1101531982422, 0.0, 0.40000006556510925, 0.0, -89.8440170288086, 10.090526796073181
190, 14.52997875213623, -213.28041076660156, 0.0, 0.4750000834465027, 0.0, -89.84539794921875, 10.065571354447636
191, 14.530519485473633, -213.46893310546875, 0.0, 0.4750000834465027, 0.0, -89.84687042236328, 10.043712424438985
192, 14.530988693237305, -213.63392639160156, 0.0, 0.550000011920929, 0.0, -89.84803009033203, 10.030091437214512
193, 14.531524658203125, -213.8246612548828, 0.0, 0.5999999642372131, 0.0, -89.84923553466797, 10.020085759231856
194, 14.532011032104492, -213.9999237060547, 0.0, 0.6499999165534973, 0.0, -89.8501968383789, 10.0168913167968
195, 14.532485008239746, -214.17161560058594, 0.0, 0.6749998927116394, 0.0, -89.85102081298828, 10.019177701853435
196, 14.532999992370605, -214.36009216308594, 0.0, 0.7249998450279236, 0.0, -89.85174560546875, 10.02723001062841
197, 14.533456802368164, -214.52944946289062, 0.0, 0.7749997973442078, 0.0, -89.85222625732422, 10.03970176037683
198, 14.53396224975586, -214.71884155273438, 0.0, 0.7999997735023499, 0.0, -89.85265350341797, 10.05908385530797
199, 14.53450870513916, -214.90435791015625, 0.0038197184912860394, 0.849999725818634, 0.0, -89.8512954711914, 10.083341644116576
200, 14.535118103027344, -215.07765197753906, 0.007639436982572079, 0.8999996781349182, 0.0, -89.84685516357422, 10.110796395355486
201, 14.535937309265137, -215.2687225341797, 0.009549296461045742, 0.9249996542930603, 0.0, -89.83739471435547, 10.146181308564751
202, 14.536846160888672, -215.443603515625, 0.013369014486670494, 0.9749996066093445, 0.0, -89.82372283935547, 10.183044716334269
203, 14.537946701049805, -215.620361328125, 0.015278873965144157, 0.9999995827674866, 0.0, -89.80443572998047, 10.224576984792941
204, 14.539278030395508, -215.8001251220703, 0.019098592922091484, 1.0, 0.0, -89.7782974243164, 10.270585877939187
205, 14.540736198425293, -215.97293090820312, 0.017825353890657425, 1.0, 0.0, -89.7478256225586, 10.3179023666362
206, 14.542637825012207, -216.17677307128906, 0.016552114859223366, 1.0, 0.0, -89.70659637451172, 10.376591139613415
207, 14.544455528259277, -216.35787963867188, 0.01591549627482891, 1.0, 0.0, -89.66644287109375, 10.430924461883063
208, 14.546514511108398, -216.55140686035156, 0.014642256312072277, 1.0, 0.0, -89.62084197998047, 10.490660934866217
209, 14.5485200881958, -216.7318572998047, 0.013369015417993069, 1.0, 0.0, -89.57683563232422, 10.54763217849087
210, 14.550639152526855, -216.9154815673828, 0.012732395902276039, 1.0, 0.0, -89.53105163574219, 10.606520774190301
211, 14.55296802520752, -217.111328125, 0.010822535492479801, 1.0, 0.0, -89.48220825195312, 10.670114481865337
212, 14.555193901062012, -217.2939453125, 0.009549295529723167, 1.0, 0.0, -89.43721771240234, 10.729979112607626
213, 14.557679176330566, -217.4929962158203, 0.008912675082683563, 1.0, 0.0, -89.38914489746094, 10.795636649054812
214, 14.56004810333252, -217.67623901367188, 0.010185914114117622, 1.0, 0.0, -89.3453140258789, 10.85632560902591
215, 14.562705039978027, -217.8716583251953, 0.012095773592591286, 1.0, 0.0, -89.29790496826172, 10.921181182439426
216, 14.565689086914062, -218.07569885253906, 0.015915492549538612, 1.0, 0.0, -89.24612426757812, 10.988857960833265
217, 14.56881332397461, -218.27154541015625, 0.01973521150648594, 1.0, 0.0, -89.19255828857422, 11.05370713915415
218, 14.572197914123535, -218.46633911132812, 0.021645070984959602, 1.0, 0.0, -89.13487243652344, 11.11812562784501
219, 14.575858116149902, -218.6590118408203, 0.02546478994190693, 1.0, 0.0, -89.07254791259766, 11.181603577436825
220, 14.579788208007812, -218.84815979003906, 0.029284508898854256, 1.0, 0.0, -89.005126953125, 11.243641455538173
221, 14.584671020507812, -219.06210327148438, 0.03119436837732792, 1.0, 0.0, -88.92089080810547, 11.313587895430244
222, 14.589409828186035, -219.2548065185547, 0.02992112934589386, 1.0, 0.0, -88.83927917480469, 11.37656644667503
223, 14.595110893249512, -219.47181701660156, 0.0286478903144598, 1.0, 0.0, -88.7421875, 11.447343062869713
224, 14.600835800170898, -219.6775665283203, 0.028011271730065346, 1.0, 0.0, -88.64611053466797, 11.514223235391121
225, 14.606729507446289, -219.879150390625, 0.026738032698631287, 1.0, 0.0, -88.54934692382812, 11.579524082957475
226, 14.613492012023926, -220.099853515625, 0.025464795529842377, 1.0, 0.0, -88.44127655029297, 11.6507292170408
227, 14.619853019714355, -220.2992401123047, 0.024191556498408318, 1.0, 0.0, -88.34270477294922, 11.71476797301028
228, 14.626845359802246, -220.50990295410156, 0.023554937914013863, 1.0, 0.0, -88.238037109375, 11.78209771183413
229, 14.63375473022461, -220.710693359375, 0.022281698882579803, 0.9500000476837158, 0.0, -88.13835144042969, 11.845751907719198
230, 14.64117431640625, -220.9188232421875, 0.02164508029818535, 0.9250000715255737, 0.0, -88.03549194335938, 11.910441207418803
231, 14.649406433105469, -221.1416778564453, 0.02037184126675129, 0.9750000238418579, 0.0, -87.92637634277344, 11.978347344391011
232, 14.65742301940918, -221.35174560546875, 0.01909860409796238, 1.0, 0.0, -87.82498168945312, 12.041971090673304
233, 14.665933609008789, -221.56787109375, 0.01782536506652832, 1.0, 0.0, -87.72265625, 12.107365696552096
234, 14.67453670501709, -221.78009033203125, 0.01655212603509426, 1.0, 0.0, -87.62442016601562, 12.171486427592537
235, 14.683260917663574, -221.989501953125, 0.015278887934982777, 1.0, 0.0, -87.53006744384766, 12.234612074861014
236, 14.69286060333252, -222.21353149414062, 0.014642267487943172, 1.0, 0.0, -87.43204498291016, 12.301947485244684
237, 14.702287673950195, -222.42782592773438, 0.013369027525186539, 0.9500000476837158, 0.0, -87.34120178222656, 12.365941844108201
238, 14.712905883789062, -222.6629638671875, 0.01209578663110733, 0.9000000953674316, 0.0, -87.24532318115234, 12.434719951320485
239, 14.7228422164917, -222.87771606445312, 0.0114591671153903, 0.8750001192092896, 0.0, -87.16099548339844, 12.495562244383395
240, 14.733199119567871, -223.09640502929688, 0.010185926221311092, 0.8250001668930054, 0.0, -87.07861328125, 12.555313771417227
241, 14.74465274810791, -223.33282470703125, 0.008912686258554459, 0.7750002145767212, 0.0, -86.99378204345703, 12.61672265935621
242, 14.755659103393555, -223.5551300048828, 0.008276065811514854, 0.7500002384185791, 0.0, -86.91788482666016, 12.670917257909908
243, 14.767166137695312, -223.78294372558594, 0.007002826780080795, 0.7000002861022949, 0.0, -86.84417724609375, 12.722786513019326
244, 14.778449058532715, -224.00205993652344, 0.006366207264363766, 0.6750003099441528, 0.0, -86.77709197998047, 12.76875298030288
245, 14.790389060974121, -224.229736328125, 0.005092968232929707, 0.6250003576278687, 0.0, -86.711669921875, 12.812398857453784
246, 14.803573608398438, -224.4769744873047, 0.0031831085216253996, 0.5500004291534424, 0.0, -86.64600372314453, 12.854396146195326
247, 14.815571784973145, -224.69854736328125, 0.0025464887730777264, 0.5250004529953003, 0.0, -86.59168243408203, 12.886405232728995
248, 14.827804565429688, -224.92141723632812, 0.00127324927598238, 0.4750004708766937, 0.0, -86.54161834716797, 12.913432908864312
249, 14.841594696044922, -225.16932678222656, 0.0, 0.42500045895576477, 0.0, -86.49166107177734, 12.937122655015857
250, 14.854533195495605, -225.39898681640625, 0.0, 0.4000004529953003, 0.0, -86.4501724243164, 12.95264121567898
251, 14.86854076385498, -225.6443328857422, 0.0, 0.35000044107437134, 0.0, -86.4105453491211, 12.962759014524703
252, 14.882705688476562, -225.88916015625, 0.0, 0.3000004291534424, 0.0, -86.37533569335938, 12.965750905116666
253, 14.896434783935547, -226.12347412109375, 0.0, 0.2500004172325134, 0.0, -86.34527587890625, 12.961667632717605
254, 14.910131454467773, -226.35452270507812, 0.0, 0.22500041127204895, 0.0, -86.3187255859375, 12.951112775398455
255, 14.923710823059082, -226.58108520507812, 0.0, 0.17500039935112, 0.0, -86.29540252685547, 12.934862774425998
256, 14.936864852905273, -226.79837036132812, 0.0, 0.15000039339065552, 0.0, -86.27531433105469, 12.913788713387456
257, 14.951272010803223, -227.03404235839844, 0.0, 0.10000038892030716, 0.0, -86.25591278076172, 12.885302356643134
258, 14.965027809143066, -227.25701904296875, 0.0, 0.0500003919005394, 0.0, -86.23942565917969, 12.852608100509414
259, 14.979732513427734, -227.49331665039062, 0.0, 3.915280046840053e-07, 0.0, -86.22398376464844, 12.81188416944807
260, 14.993959426879883, -227.72015380859375, 0.0, -0.02499960921704769, 0.0, -86.21080780029297, 12.767081197938035
261, 15.007830619812012, -227.93975830078125, 0.0, 0.0, 0.0, -86.1994857788086, 12.719183810343964
262, 15.0230073928833, -228.17832946777344, 0.0, 0.0, 0.0, -86.18865203857422, 12.66289528966518
263, 15.036848068237305, -228.39459228515625, 0.0, 0.0, 0.0, -86.1800537109375, 12.60848874682614
264, 15.051379203796387, -228.61993408203125, 0.0019098592456430197, 0.0, 0.0, -86.1715316772461, 12.548981852783612
265, 15.065674781799316, -228.83966064453125, 0.0038197184912860394, 0.0, 0.0, -86.1626968383789, 12.488557825059445
266, 15.079607009887695, -229.05136108398438, 0.007639436982572079, 0.0, 0.0, -86.15228271484375, 12.428405653745529
267, 15.095012664794922, -229.28187561035156, 0.01145915500819683, 0.0, 0.0, -86.13695526123047, 12.361064373154296
268, 15.110057830810547, -229.50335693359375, 0.013369014486670494, 0.0, 0.0, -86.11766815185547, 12.294788776886051
269, 15.125642776489258, -229.72857666015625, 0.01718873344361782, 0.0, 0.0, -86.09217071533203, 12.226017173845348
270, 15.141485214233398, -229.95278930664062, 0.021008450537919998, 0.0, 0.0, -86.05956268310547, 12.156351085766376
271, 15.155966758728027, -230.15380859375, 0.02291831001639366, 0.0, 0.0, -86.02391815185547, 12.093044074625908
272, 15.17241096496582, -230.37696838378906, 0.026738028973340988, 0.0, 0.0, -85.97578430175781, 12.021881114712388
273, 15.187793731689453, -230.58120727539062, 0.02864788845181465, 0.0, 0.0, -85.9239501953125, 11.956091500590958
274, 15.204216957092285, -230.79449462890625, 0.02992112934589386, 0.0, 0.0, -85.86161041259766, 11.886808135834022
275, 15.219624519348145, -230.99082946777344, 0.0286478903144598, 0.0, 0.0, -85.79790496826172, 11.822640354747719
276, 15.236682891845703, -231.2044219970703, 0.02737465314567089, 0.0, 0.0, -85.7227554321289, 11.752459745179303
277, 15.254717826843262, -231.42654418945312, 0.02610141411423683, 0.0, 0.0, -85.63939666748047, 11.679131354193128
278, 15.270430564880371, -231.61740112304688, 0.024828175082802773, 0.0, 0.0, -85.5646743774414, 11.615883612019392
279, 15.287907600402832, -231.82675170898438, 0.024191556498408318, 0.0, 0.0, -85.47985076904297, 11.546255532797755
280, 15.304793357849121, -232.02642822265625, 0.022918319329619408, 0.0, 0.0, -85.3969955444336, 11.47966327215756
281, 15.321819305419922, -232.22532653808594, 0.02164508029818535, 0.0, 0.0, -85.31332397460938, 11.4131618761437
282, 15.33980655670166, -232.432861328125, 0.021008461713790894, 0.0, 0.0, -85.22527313232422, 11.343611305450619
283, 15.356633186340332, -232.6244659423828, 0.022281700745224953, 0.0, 0.0, -85.14307403564453, 11.27926030288308
284, 15.374919891357422, -232.82937622070312, 0.024191560223698616, 0.0, 0.0, -85.05329132080078, 11.21025881724424
285, 15.39219856262207, -233.0194549560547, 0.028011279180645943, 0.0, 0.0, -84.96704864501953, 11.14607329162333
286, 15.40966796875, -233.2078857421875, 0.029921138659119606, 0.0, 0.0, -84.8779525756836, 11.08230891041656
287, 15.429482460021973, -233.4165802001953, 0.033740852028131485, 0.0, 0.0, -84.77360534667969, 11.011462303028146
288, 15.447676658630371, -233.60354614257812, 0.03756056725978851, 0.0, 0.0, -84.67414855957031, 10.947823975820423
289, 15.467845916748047, -233.80545043945312, 0.039470426738262177, 0.05000000074505806, 0.0, -84.5595703125, 10.879806396405222
290, 15.486960411071777, -233.9915771484375, 0.04519999772310257, 0.10000000149011612, 0.0, -84.44609832763672, 10.818110561547883
291, 15.50713062286377, -234.18255615234375, 0.04647323861718178, 0.15000000596046448, 0.0, -84.3213119506836, 10.756865381704191
292, 15.528773307800293, -234.38194274902344, 0.045836616307497025, 0.17500001192092896, 0.0, -84.18296813964844, 10.695952772097726
293, 15.549599647521973, -234.56922912597656, 0.044563379138708115, 0.2250000238418579, 0.0, -84.04698944091797, 10.641955692955056
294, 15.570720672607422, -234.75502014160156, 0.043290141969919205, 0.27500003576278687, 0.0, -83.90740966796875, 10.59211247722824
295, 15.592233657836914, -234.94029235839844, 0.04265352338552475, 0.30000004172325134, 0.0, -83.76438903808594, 10.546504478809291
296, 15.613142013549805, -235.11692810058594, 0.04138028249144554, 0.3500000536441803, 0.0, -83.62541961669922, 10.507003191506207
297, 15.636824607849121, -235.3130340576172, 0.04010704532265663, 0.40000006556510925, 0.0, -83.46898651123047, 10.468105091029866
298, 15.65881061553955, -235.4917449951172, 0.039470426738262177, 0.42500007152557373, 0.0, -83.32518768310547, 10.437695107457765
299, 15.683477401733398, -235.6884765625, 0.03819718956947327, 0.4750000834465027, 0.0, -83.16619873046875, 10.409472045827956
300, 15.705697059631348, -235.86265563964844, 0.03692394867539406, 0.5250000357627869, 0.0, -83.02547454833984, 10.389705096630077
301, 15.727946281433105, -236.03427124023438, 0.0362873300909996, 0.550000011920929, 0.0, -82.88729095458984, 10.375044431517036
302, 15.752461433410645, -236.22023010253906, 0.03501409292221069, 0.5999999642372131, 0.0, -82.73857116699219, 10.364352838929515
303, 15.776262283325195, -236.39788818359375, 0.033740852028131485, 0.6499999165534973, 0.0, -82.59789276123047, 10.359649223983535
304, 15.802156448364258, -236.5880584716797, 0.03310423344373703, 0.6749998927116394, 0.0, -82.44915771484375, 10.360433777810288
305, 15.826099395751953, -236.7612762451172, 0.03183099627494812, 0.7249998450279236, 0.0, -82.31547546386719, 10.366223977278864
306, 15.851506233215332, -236.9424591064453, 0.03055775724351406, 0.7749997973442078, 0.0, -82.17809295654297, 10.377434720785594
307, 15.876033782958984, -237.1149139404297, 0.029921138659119606, 0.7999997735023499, 0.0, -82.0494613647461, 10.393026886775951
308, 15.901972770690918, -237.29489135742188, 0.028647899627685547, 0.849999725818634, 0.0, -81.91780090332031, 10.41399386174606
309, 15.930201530456543, -237.48802185058594, 0.027374662458896637, 0.8999996781349182, 0.0, -81.77971649169922, 10.441946174133577
310, 15.957303047180176, -237.67100524902344, 0.026738042011857033, 0.9249996542930603, 0.0, -81.65180969238281, 10.473631457026535
311, 15.984737396240234, -237.85394287109375, 0.025464804843068123, 0.9749996066093445, 0.0, -81.5269546508789, 10.50993895835286
312, 16.012950897216797, -238.03990173339844, 0.02355494722723961, 1.0, 0.0, -81.40360260009766, 10.551556027135954
313, 16.041534423828125, -238.22608947753906, 0.022918328642845154, 1.0, 0.0, -81.28361511230469, 10.597373553392295
314, 16.072704315185547, -238.4268035888672, 0.021645089611411095, 1.0, 0.0, -81.15835571289062, 10.650376209421648
315, 16.100271224975586, -238.6025390625, 0.020371850579977036, 1.0, 0.0, -81.05205535888672, 10.69936154157918
316, 16.132917404174805, -238.808349609375, 0.01973523199558258, 1.0, 0.0, -80.9317626953125, 10.758957198337495
317, 16.164371490478516, -239.00462341308594, 0.01846199296414852, 1.0, 0.0, -80.82109832763672, 10.817671531251865
318, 16.194971084594727, -239.1937255859375, 0.01718875579535961, 1.0, 0.0, -80.7182846069336, 10.875606600894887
319, 16.225826263427734, -239.3826904296875, 0.016552135348320007, 1.0, 0.0, -80.61920928955078, 10.934512937979228
320, 16.256515502929688, -239.5690155029297, 0.015278897248208523, 1.0, 0.0, -80.52516174316406, 10.993393134274477
321, 16.28750991821289, -239.75567626953125, 0.014642276801168919, 1.0, 0.0, -80.43447875976562, 11.052949233272452
322, 16.322147369384766, -239.96249389648438, 0.013369036838412285, 1.0, 0.0, -80.33837127685547, 11.119444824139965
323, 16.354236602783203, -240.15261840820312, 0.012095795944333076, 1.0, 0.0, -80.25386810302734, 11.18094532018104
324, 16.3887939453125, -240.3558807373047, 0.010822555981576443, 1.0, 0.0, -80.1679916381836, 11.246922787276844
325, 16.422054290771484, -240.5501708984375, 0.010185936465859413, 1.0, 0.0, -80.08991241455078, 11.310119619761998
326, 16.45627784729004, -240.748779296875, 0.008912695571780205, 1.0, 0.0, -80.01425170898438, 11.374782377700143
327, 16.492109298706055, -240.95542907714844, 0.007639456074684858, 1.0, 0.0, -79.94010925292969, 11.442044823660218
328, 16.5258731842041, -241.1490020751953, 0.007002836558967829, 1.0, 0.0, -79.8746109008789, 11.50499259786234
329, 16.562702178955078, -241.35897827148438, 0.005729597061872482, 1.0, 0.0, -79.80814361572266, 11.573150062681327
330, 16.59760284423828, -241.556884765625, 0.005092977546155453, 1.0, 0.0, -79.74949645996094, 11.637250038103378
331, 16.633075714111328, -241.7571563720703, 0.0031831180676817894, 1.0, 0.0, -79.69452667236328, 11.701929933517194
332, 16.6727237701416, -241.98001098632812, 0.0019098784541711211, 1.0, 0.0, -79.63876342773438, 11.773648228546401
333, 16.707042694091797, -242.17218017578125, 0.001273258705623448, 1.0, 0.0, -79.5948486328125, 11.8352698637546
334, 16.746610641479492, -242.39295959472656, 0.0, 1.0, 0.0, -79.5494155883789, 11.905760655580371
335, 16.78211212158203, -242.59036254882812, 0.0, 1.0, 0.0, -79.51271057128906, 11.968527230033784
336, 16.820219039916992, -242.80148315429688, 0.0, 1.0, 0.0, -79.47727966308594, 12.035355682742564
337, 16.860868453979492, -243.02581787109375, 0.0, 1.0, 0.0, -79.44330596923828, 12.106014298216266
338, 16.898147583007812, -243.23085021972656, 0.0, 1.0, 0.0, -79.41519927978516, 12.170282731523022
339, 16.937286376953125, -243.44520568847656, 0.0019098592456430197, 1.0, 0.0, -79.38773345947266, 12.237120650784384
340, 16.97614860534668, -243.6569061279297, 0.005729577504098415, 1.0, 0.0, -79.36065673828125, 12.302729657132712
341, 17.013633728027344, -243.85975646972656, 0.009549296461045742, 1.0, 0.0, -79.33314514160156, 12.36520892513075
342, 17.055593490600586, -244.08518981933594, 0.01145915500819683, 1.0, 0.0, -79.29954528808594, 12.43425051310413
343, 17.09541130065918, -244.29774475097656, 0.010185915045440197, 1.0, 0.0, -79.26570892333984, 12.499116226969864
344, 17.1390438079834, -244.52943420410156, 0.008912675082683563, 1.0, 0.0, -79.22737884521484, 12.569484387779296
345, 17.1796875, -244.74427795410156, 0.008276054635643959, 1.0, 0.0, -79.1910171508789, 12.634411023670472
346, 17.219417572021484, -244.9534912109375, 0.0070028156042099, 1.0, 0.0, -79.1554946899414, 12.697344970777753
347, 17.26441192626953, -245.1896209716797, 0.0057295761071145535, 1.0, 0.0, -79.11602783203125, 12.7679981393496
348, 17.30396270751953, -245.39663696289062, 0.005092956591397524, 1.0, 0.0, -79.08218383789062, 12.829607986183643
349, 17.34992218017578, -245.6365203857422, 0.0038197170943021774, 1.0, 0.0, -79.04447937011719, 12.900619433630212
350, 17.392297744750977, -245.8572540283203, 0.0025464773643761873, 1.0, 0.0, -79.01152038574219, 12.96559520021416
351, 17.43372344970703, -246.07276916503906, 0.0, 1.0, 0.0, -78.98184204101562, 13.02869773633133
352, 17.47572898864746, -246.29103088378906, 0.0, 1.0, 0.0, -78.95439147949219, 13.092267665682147
353, 17.518171310424805, -246.51123046875, 0.0, 1.0, 0.0, -78.92896270751953, 13.156058775852863
354, 17.565826416015625, -246.75775146484375, 0.0038197184912860394, 1.0, 0.0, -78.90135192871094, 13.227030259753711
355, 17.608436584472656, -246.97723388671875, 0.007639436982572079, 1.0, 0.0, -78.87574768066406, 13.28980911062816
356, 17.65606689453125, -247.22134399414062, 0.009549296461045742, 1.0, 0.0, -78.84484100341797, 13.359211595719055
357, 17.701433181762695, -247.4524688720703, 0.013369014486670494, 1.0, 0.0, -78.81196594238281, 13.424460510735146
358, 17.747039794921875, -247.68325805664062, 0.01718873344361782, 1.0, 0.0, -78.77416229248047, 13.489154846734298
359, 17.79638671875, -247.93128967285156, 0.016552112996578217, 1.0, 0.0, -78.72820281982422, 13.558414265801382
360, 17.84037208557129, -248.15118408203125, 0.015278873033821583, 1.0, 0.0, -78.68409729003906, 13.619594366715354
361, 17.892078399658203, -248.40834045410156, 0.014005633071064949, 1.0, 0.0, -78.62937927246094, 13.690831574312682
362, 17.94391441345215, -248.6649627685547, 0.012732393108308315, 1.0, 0.0, -78.57262420654297, 13.761564418590957
363, 17.988508224487305, -248.88487243652344, 0.012095772661268711, 1.0, 0.0, -78.52281188964844, 13.821882592822622
364, 18.040264129638672, -249.13916015625, 0.010822532698512077, 1.0, 0.0, -78.46464538574219, 13.891288101566502
365, 18.08642578125, -249.3651885986328, 0.010185912251472473, 1.0, 0.0, -78.41276550292969, 13.952671890227272
366, 18.140859603881836, -249.63082885742188, 0.00891267228871584, 1.0, 0.0, -78.35222625732422, 14.02443607453794
367, 18.193449020385742, -249.88645935058594, 0.010185911320149899, 1.0, 0.0, -78.29399108886719, 14.093072255428
368, 18.240436553955078, -250.11392211914062, 0.012095770798623562, 1.0, 0.0, -78.24149322509766, 14.153782968989054
369, 18.293264389038086, -250.36817932128906, 0.015915488824248314, 1.0, 0.0, -78.18022918701172, 14.221165327752043
370, 18.34654426574707, -250.622802734375, 0.01973520778119564, 1.0, 0.0, -78.11454772949219, 14.288148062663975
371, 18.39724349975586, -250.86325073242188, 0.023554926738142967, 1.0, 0.0, -78.04727935791016, 14.350933801858803
372, 18.448049545288086, -251.1022186279297, 0.027374645695090294, 1.0, 0.0, -77.97417449951172, 14.412872617483707
373, 18.500080108642578, -251.34494018554688, 0.02673802524805069, 1.0, 0.0, -77.89385986328125, 14.475633991941876
374, 18.560283660888672, -251.62342834472656, 0.02546478807926178, 1.0, 0.0, -77.79544830322266, 14.547433246873286
375, 18.612913131713867, -251.8651580810547, 0.02419154904782772, 1.0, 0.0, -77.70606994628906, 14.609555628127483
376, 18.666521072387695, -252.1097412109375, 0.02291831001639366, 1.0, 0.0, -77.61262512207031, 14.672200035212164
377, 18.72132110595703, -252.3582000732422, 0.022281691431999207, 1.0, 0.0, -77.51533508300781, 14.735556934524862
378, 18.78000259399414, -252.62252807617188, 0.021008452400565147, 1.0, 0.0, -77.40998077392578, 14.802687026287987
379, 18.838531494140625, -252.8843536376953, 0.022281693294644356, 1.0, 0.0, -77.30363464355469, 14.868772869588737
380, 18.896657943725586, -253.14247131347656, 0.02419155277311802, 1.0, 0.0, -77.19615173339844, 14.933496993045047
381, 18.957763671875, -253.4114532470703, 0.028011271730065346, 1.0, 0.0, -77.07984924316406, 15.000386729355828
382, 19.013317108154297, -253.65377807617188, 0.03183098882436752, 1.0, 0.0, -76.97020721435547, 15.060161045208003
383, 19.072046279907227, -253.9075164794922, 0.03374084457755089, 1.0, 0.0, -76.84963989257812, 15.12239430796179
384, 19.13729476928711, -254.18621826171875, 0.037560559809207916, 1.0, 0.0, -76.70919799804688, 15.190189401945528
385, 19.19576072692871, -254.43341064453125, 0.03692394122481346, 1.0, 0.0, -76.57850646972656, 15.250204051528916
386, 19.26482391357422, -254.72225952148438, 0.03565070405602455, 1.0, 0.0, -76.41922760009766, 15.32019568723181
387, 19.33503532409668, -255.0127716064453, 0.03437746688723564, 1.0, 0.0, -76.25363159179688, 15.390388558575468
388, 19.398651123046875, -255.27345275878906, 0.03310422599315643, 1.0, 0.0, -76.10150146484375, 15.453188304911231
389, 19.46828269958496, -255.5560302734375, 0.03246760740876198, 1.0, 0.0, -75.93350219726562, 15.520978399786937
390, 19.531579971313477, -255.81057739257812, 0.031194370239973068, 1.0, 0.0, -75.78021240234375, 15.581842308424187
391, 19.598596572875977, -256.07769775390625, 0.02992113120853901, 0.9500000476837158, 0.0, -75.6180648803711, 15.645284152607356
392, 19.670677185058594, -256.3622131347656, 0.029284512624144554, 0.9000000953674316, 0.0, -75.4444580078125, 15.711500620489128
393, 19.738616943359375, -256.6280212402344, 0.029284512624144554, 0.9000000953674316, 0.0, -75.28225708007812, 15.771452752349997
394, 19.807832717895508, -256.8964538574219, 0.02737465500831604, 0.8500001430511475, 0.0, -75.1191177368164, 15.829489508884864
395, 19.876943588256836, -257.162109375, 0.025464797392487526, 0.7750002145767212, 0.0, -74.95858001708984, 15.883941090936212
396, 19.94801902770996, -257.4329833984375, 0.024191558361053467, 0.725000262260437, 0.0, -74.79641723632812, 15.936222084377683
397, 20.029043197631836, -257.73876953125, 0.022918321192264557, 0.6750003099441528, 0.0, -74.61573028564453, 15.990781218010122
398, 20.101484298706055, -258.009765625, 0.021645082160830498, 0.6250003576278687, 0.0, -74.45804595947266, 16.03444951088463
399, 20.17982292175293, -258.3001403808594, 0.021008463576436043, 0.6000003814697266, 0.0, -74.29206085205078, 16.07617134866676
400, 20.25775146484375, -258.5863952636719, 0.019735224545001984, 0.5500004291534424, 0.0, -74.13168334960938, 16.111989270401445
401, 20.331640243530273, -258.85546875, 0.018461985513567924, 0.5000004768371582, 0.0, -73.98423767089844, 16.14037042271524
402, 20.410783767700195, -259.14117431640625, 0.01782536692917347, 0.4750004708766937, 0.0, -73.8314208984375, 16.164703803017584
403, 20.48549461364746, -259.4086608886719, 0.01655212789773941, 0.42500045895576477, 0.0, -73.69208526611328, 16.181898544435743
404, 20.562475204467773, -259.6819763183594, 0.015915509313344955, 0.4000004529953003, 0.0, -73.5535659790039, 16.193694959733662
405, 20.6440372467041, -259.96917724609375, 0.014642269350588322, 0.35000044107437134, 0.0, -73.41255187988281, 16.199847530243613
406, 20.722074508666992, -260.24176025390625, 0.013369029387831688, 0.3000004291534424, 0.0, -73.28318786621094, 16.199250711890663
407, 20.805889129638672, -260.5321960449219, 0.012732408940792084, 0.2750004231929779, 0.0, -73.15032196044922, 16.19170490622802
408, 20.884721755981445, -260.8032531738281, 0.01145916897803545, 0.22500041127204895, 0.0, -73.03092956542969, 16.178285197137313
409, 20.968502044677734, -261.0892333984375, 0.009549308568239212, 0.15000039339065552, 0.0, -72.91047668457031, 16.15735876065694
410, 21.051782608032227, -261.3714599609375, 0.008912688121199608, 0.12500038743019104, 0.0, -72.79702758789062, 16.1293971816279
411, 21.13404655456543, -261.64837646484375, 0.007639448624104261, 0.07500039041042328, 0.0, -72.69096374511719, 16.09528389251055
412, 21.21165657043457, -261.9079895019531, 0.006366209127008915, 0.02500039152801037, 0.0, -72.59642028808594, 16.057146243302196
413, 21.30062484741211, -262.2037048339844, 0.005729589611291885, 3.915280046840053e-07, 0.0, -72.49474334716797, 16.006802597655735
414, 21.382795333862305, -262.4752197265625, 0.004456350114196539, 0.0, 0.0, -72.40672302246094, 15.954028663813679
415, 21.466793060302734, -262.7511901855469, 0.0031831106171011925, 0.0, 0.0, -72.32289123535156, 15.89520640805729
416, 21.546730041503906, -263.0124206542969, 0.0025464906357228756, 0.0, 0.0, -72.2486343383789, 15.835241762142255
417, 21.628211975097656, -263.27734375, 0.003819730132818222, 0.0, 0.0, -72.17766571044922, 15.770751673808524
418, 21.71756362915039, -263.56597900390625, 0.007639449089765549, 0.0, 0.0, -72.10335540771484, 15.696754927262223
419, 21.798234939575195, -263.8249206542969, 0.009549308568239212, 0.0, 0.0, -72.03802490234375, 15.627340302713277
420, 21.88298797607422, -264.0951843261719, 0.013369027525186539, 0.0, 0.0, -71.96941375732422, 15.552260396689833
421, 21.971586227416992, -264.3755187988281, 0.017188746482133865, 0.0, 0.0, -71.89602661132812, 15.471791286428214
422, 22.049589157104492, -264.62054443359375, 0.021008465439081192, 0.02500000037252903, 0.0, -71.82861328125, 15.399984210653248
423, 22.13751220703125, -264.8944396972656, 0.02482818439602852, 0.07500000298023224, 0.0, -71.74778747558594, 15.318476237723715
424, 22.227008819580078, -265.1709899902344, 0.024191563948988914, 0.10000000149011612, 0.0, -71.66063690185547, 15.235998749868271
425, 22.306787490844727, -265.4158020019531, 0.022918326780200005, 0.15000000596046448, 0.0, -71.57976531982422, 15.16343960308891
426, 22.396732330322266, -265.6899108886719, 0.021645087748765945, 0.20000001788139343, 0.0, -71.48580932617188, 15.083591941597529
427, 22.47968864440918, -265.94110107421875, 0.02100846916437149, 0.2250000238418579, 0.0, -71.39722442626953, 15.012449934646794
428, 22.56170654296875, -266.18798828125, 0.01973523013293743, 0.27500003576278687, 0.0, -71.30852508544922, 14.94476430825815
429, 22.653181076049805, -266.4617614746094, 0.018461991101503372, 0.3250000476837158, 0.0, -71.20896911621094, 14.873020936977975
430, 22.738859176635742, -266.71673583984375, 0.017188753932714462, 0.3750000596046448, 0.0, -71.11589813232422, 14.810144677594414
431, 22.828487396240234, -266.98199462890625, 0.016552133485674858, 0.40000006556510925, 0.0, -71.01909637451172, 14.749139685877967
432, 22.919591903686523, -267.25018310546875, 0.015278895385563374, 0.4500000774860382, 0.0, -70.92195129394531, 14.692294981758739
433, 23.00236701965332, -267.49267578125, 0.014005654491484165, 0.5000000596046448, 0.0, -70.83525085449219, 14.645723655887206
434, 23.08037757873535, -267.7201843261719, 0.013369034975767136, 0.5250000357627869, 0.0, -70.75511169433594, 14.606468308171443
435, 23.163774490356445, -267.9621887207031, 0.017188753932714462, 0.574999988079071, 0.0, -70.66988372802734, 14.569321792441833
436, 23.24915885925293, -268.2084655761719, 0.02100847288966179, 0.6249999403953552, 0.0, -70.58135986328125, 14.536897898229991
437, 23.338802337646484, -268.4653015136719, 0.022918332368135452, 0.6499999165534973, 0.0, -70.48599243164062, 14.509173266898609
438, 23.42281723022461, -268.70428466796875, 0.022918332368135452, 0.6499999165534973, 0.0, -70.39322662353516, 14.488981128190302
439, 23.510889053344727, -268.9531555175781, 0.02673805132508278, 0.6999998688697815, 0.0, -70.29281616210938, 14.474186048930264
440, 23.591779708862305, -269.18035888671875, 0.02419157326221466, 0.7999997735023499, 0.0, -70.19853973388672, 14.466967811093596
441, 23.67978858947754, -269.4260559082031, 0.02291833609342575, 0.849999725818634, 0.0, -70.09467315673828, 14.465564633416562
442, 23.772705078125, -269.6839599609375, 0.02164509706199169, 0.849999725818634, 0.0, -69.98421478271484, 14.471065373204615
443, 23.856525421142578, -269.9153747558594, 0.021008478477597237, 0.8249997496604919, 0.0, -69.8843994140625, 14.481101214830838
444, 23.94862174987793, -270.1683044433594, 0.019735239446163177, 0.7749997973442078, 0.0, -69.77506256103516, 14.495756870856358
445, 24.04357147216797, -270.4277038574219, 0.01846200041472912, 0.7249998450279236, 0.0, -69.66333770751953, 14.513045636545966
446, 24.13486099243164, -270.6758117675781, 0.017825381830334663, 0.6999998688697815, 0.0, -69.55720520019531, 14.530410393144221
447, 24.23011589050293, -270.9334411621094, 0.016552144661545753, 0.6499999165534973, 0.0, -69.44833374023438, 14.54843725574952
448, 24.314355850219727, -271.1603088378906, 0.01527890469878912, 0.5999999642372131, 0.0, -69.35393524169922, 14.563316098314855
449, 24.403072357177734, -271.398193359375, 0.014642284251749516, 0.574999988079071, 0.0, -69.25680541992188, 14.577190350529296
450, 24.50153350830078, -271.6609802246094, 0.013369044288992882, 0.5250000357627869, 0.0, -69.15213012695312, 14.590016835548129
451, 24.591344833374023, -271.8996887207031, 0.012095804326236248, 0.4750000536441803, 0.0, -69.0596923828125, 14.598516232742794
452, 24.679012298583984, -272.1318359375, 0.01082256343215704, 0.42500004172325134, 0.0, -68.97265625, 14.603314154270342
453, 24.765575408935547, -272.36016845703125, 0.01018594391644001, 0.40000003576278687, 0.0, -68.88992309570312, 14.604244676209719
454, 24.862262725830078, -272.6141052246094, 0.01145918294787407, 0.3500000238418579, 0.0, -68.8006591796875, 14.600772330831731
455, 24.95806121826172, -272.86456298828125, 0.013369042426347733, 0.32500001788139343, 0.0, -68.71418762207031, 14.592200231528878
456, 25.046310424804688, -273.0940856933594, 0.01718876138329506, 0.2750000059604645, 0.0, -68.63469696044922, 14.579773797693878
457, 25.145057678222656, -273.34942626953125, 0.021008480340242386, 0.22499999403953552, 0.0, -68.54389190673828, 14.560624832697286
458, 25.246015548706055, -273.6086730957031, 0.024828199297189713, 0.17499998211860657, 0.0, -68.44745635986328, 14.534975069316141
459, 25.337352752685547, -273.8416748046875, 0.02864791825413704, 0.12499997764825821, 0.0, -68.35578918457031, 14.506224030713634
460, 25.436264038085938, -274.0921325683594, 0.03246763348579407, 0.07499998062849045, 0.0, -68.25023651123047, 14.469292273622049
461, 25.528139114379883, -274.3230285644531, 0.036287348717451096, 0.024999981746077538, 0.0, -68.14556884765625, 14.429326574187497
462, 25.621023178100586, -274.55474853515625, 0.03819720819592476, 0.04999998211860657, 0.0, -68.03287506103516, 14.383906148630095
463, 25.72503089904785, -274.81201171875, 0.04201692342758179, 0.09999997913837433, 0.0, -67.89728546142578, 14.328823386371601
464, 25.816640853881836, -275.036865234375, 0.04074368253350258, 0.1499999761581421, 0.0, -67.77105712890625, 14.278205400493738
465, 25.913442611694336, -275.27276611328125, 0.040107063949108124, 0.17499998211860657, 0.0, -67.63147735595703, 14.223901527280708
466, 26.020673751831055, -275.53204345703125, 0.038833826780319214, 0.22499999403953552, 0.0, -67.47078704833984, 14.163731710057247
467, 26.113021850585938, -275.75384521484375, 0.037560585886240005, 0.2750000059604645, 0.0, -67.3287124633789, 14.112898373191399
468, 26.215587615966797, -275.99847412109375, 0.03692396730184555, 0.30000001192092896, 0.0, -67.1674575805664, 14.058299362148626
469, 26.307323455810547, -276.2158508300781, 0.03565073013305664, 0.3500000238418579, 0.0, -67.02115631103516, 14.011610385340601
470, 26.40603256225586, -276.4482421875, 0.03437749296426773, 0.40000003576278687, 0.0, -66.86241149902344, 13.9643286742272
471, 26.504899978637695, -276.6794738769531, 0.033740874379873276, 0.42500004172325134, 0.0, -66.70259857177734, 13.920597711312352
472, 26.596710205078125, -276.8928527832031, 0.03246763348579407, 0.4750000536441803, 0.0, -66.55409240722656, 13.883487992372737
473, 26.700735092163086, -277.1330871582031, 0.031194396317005157, 0.5250000357627869, 0.0, -66.38648986816406, 13.84596688372425
474, 26.797292709350586, -277.3546142578125, 0.030557777732610703, 0.5000000596046448, 0.0, -66.23197937011719, 13.81566720919583
475, 26.8944034576416, -277.5760803222656, 0.029284538701176643, 0.4500000476837158, 0.0, -66.07807922363281, 13.788230358840858
476, 26.999887466430664, -277.8150329589844, 0.028011299669742584, 0.40000003576278687, 0.0, -65.91319274902344, 13.760140749491166
477, 27.09564971923828, -278.0306396484375, 0.02737468108534813, 0.3750000298023224, 0.0, -65.76569366455078, 13.735066601320694
478, 27.198469161987305, -278.2607116699219, 0.02610144205391407, 0.32500001788139343, 0.0, -65.61011505126953, 13.7078351874811
479, 27.304943084716797, -278.4974365234375, 0.02482820488512516, 0.2750000059604645, 0.0, -65.45246887207031, 13.678164177147279
480, 27.405292510986328, -278.71923828125, 0.0235549658536911, 0.22499999403953552, 0.0, -65.30723571777344, 13.6479351236401
481, 27.51359748840332, -278.9571228027344, 0.022918347269296646, 0.19999998807907104, 0.0, -65.1544418334961, 13.612290624846985
482, 27.619564056396484, -279.1884765625, 0.021645108237862587, 0.1499999761581421, 0.0, -65.00890350341797, 13.574126374918901
483, 27.72275161743164, -279.4125061035156, 0.019735250622034073, 0.07499998062849045, 0.0, -64.87145233154297, 13.533132181973832
484, 27.82561492919922, -279.6346435546875, 0.018462013453245163, 0.024999981746077538, 0.0, -64.73889923095703, 13.487660928113378
485, 27.922714233398438, -279.8432312011719, 0.018462013453245163, -1.8253922817734747e-08, 0.0, -64.61759185791016, 13.44029544919123
486, 28.020116806030273, -280.05145263671875, 0.01655215583741665, 0.0, 0.0, -64.49996185302734, 13.388561433054978
487, 28.132080078125, -280.28955078125, 0.015278915874660015, 0.0, 0.0, -64.37007904052734, 13.32520135834879
488, 28.2242431640625, -280.48468017578125, 0.014642295427620411, 0.0, 0.0, -64.26712036132812, 13.270186209548065
489, 28.333297729492188, -280.71441650390625, 0.013369055464863777, 0.0, 0.0, -64.1504135131836, 13.20256413814982
490, 28.444520950317383, -280.9476013183594, 0.012095815502107143, 0.0, 0.0, -64.0371322631836, 13.131125448461576
491, 28.544368743896484, -281.1560363769531, 0.01082257553935051, 0.0, 0.0, -63.94031524658203, 13.065175491728683
492, 28.647655487060547, -281.3707275390625, 0.010185955092310905, 0.0, 0.0, -63.84510040283203, 12.99549059797139
493, 28.752914428710938, -281.5885925292969, 0.008912715129554272, 0.0, 0.0, -63.75339889526367, 12.923194832288084
494, 28.854095458984375, -281.7972412109375, 0.007639475166797638, 0.0, 0.0, -63.6702880859375, 12.852668088653195
495, 28.95309066772461, -282.0006408691406, 0.007002855185419321, 0.0, 0.0, -63.59378433227539, 12.782847295760488
496, 29.062225341796875, -282.22406005859375, 0.005729616153985262, 0.0, 0.0, -63.51515579223633, 12.705107024681887
497, 29.15665054321289, -282.416748046875, 0.0044563766568899155, 0.0, 0.0, -63.45183181762695, 12.637287641875862
498, 29.265567779541016, -282.6383056640625, 0.0038197569083422422, 0.0, 0.0, -63.384498596191406, 12.558539680564579
499, 29.37056541442871, -282.8512268066406, 0.002546517178416252, 0.0, 0.0, -63.325172424316406, 12.48217872914568
500, 29.4655704498291, -283.0434265136719, 0.0012732776813209057, 0.02500000037252903, 0.0, -63.27635192871094, 12.413378598391853
501, 29.572153091430664, -283.25848388671875, 0.0, 0.07500000298023224, 0.0, -63.227447509765625, 12.336673731639301
502, 29.67656135559082, -283.4686584472656, 0.0, 0.10000000149011612, 0.0, -63.18501281738281, 12.263001724901994
503, 29.773475646972656, -283.663330078125, 0.0, 0.15000000596046448, 0.0, -63.14994430541992, 12.196442309862542
504, 29.87130355834961, -283.8594055175781, 0.0, 0.15000000596046448, 0.0, -63.11845016479492, 12.131844433902764
505, 29.96647834777832, -284.0497741699219, 0.0, 0.2500000298023224, 0.0, -63.0911979675293, 12.072232441614773
506, 30.058256149291992, -284.2330017089844, 0.0, 0.30000004172325134, 0.0, -63.06779098510742, 12.01838708347833
507, 30.158668518066406, -284.4330749511719, 0.0, 0.3500000536441803, 0.0, -63.04518508911133, 11.964044185849746
508, 30.24858283996582, -284.61187744140625, 0.0, 0.3750000596046448, 0.0, -63.027191162109375, 11.919977975420352
509, 30.358734130859375, -284.8305969238281, 0.0, 0.42500007152557373, 0.0, -63.007755279541016, 11.872029555256672
510, 30.454246520996094, -285.0199279785156, 0.0, 0.4750000834465027, 0.0, -62.99320602416992, 11.835680216127805
511, 30.54994010925293, -285.2093200683594, 0.0, 0.5250000357627869, 0.0, -62.980377197265625, 11.804867912195872
512, 30.643985748291016, -285.39520263671875, 0.0, 0.550000011920929, 0.0, -62.96930694580078, 11.78025792139323
513, 30.738983154296875, -285.5827331542969, 0.0, 0.5999999642372131, 0.0, -62.95949172973633, 11.760937140958415
514, 30.831876754760742, -285.7659606933594, 0.0, 0.6249999403953552, 0.0, -62.95103073120117, 11.747633808247024
515, 30.93017578125, -285.9595947265625, 0.0, 0.6749998927116394, 0.0, -62.94319534301758, 11.739305625996277
516, 31.018260955810547, -286.1329345703125, 0.0, 0.7249998450279236, 0.0, -62.93693161010742, 11.737331211201129
517, 31.12355613708496, -286.34002685546875, 0.0, 0.7749997973442078, 0.0, -62.93043518066406, 11.741505485179996
518, 31.21120262145996, -286.5122985839844, 0.0, 0.7999997735023499, 0.0, -62.92551803588867, 11.750697467495488
519, 31.302764892578125, -286.6921081542969, 0.0, 0.849999725818634, 0.0, -62.920902252197266, 11.765141209611203
520, 31.399084091186523, -286.88116455078125, 0.0, 0.8749997019767761, 0.0, -62.91652297973633, 11.785639183746289
521, 31.495731353759766, -287.0707702636719, 0.0, 0.9249996542930603, 0.0, -62.912498474121094, 11.81138779532129
522, 31.59882164001465, -287.27294921875, 0.0, 0.9749996066093445, 0.0, -62.908485412597656, 11.844581883427923
523, 31.690298080444336, -287.4522399902344, 0.0, 1.0249996185302734, 0.0, -62.9051628112793, 11.879093292382343
524, 31.78652000427246, -287.6407775878906, 0.0, 1.0, 0.0, -62.901832580566406, 11.919715634925652
525, 31.88808250427246, -287.8396911621094, 0.0, 1.0, 0.0, -62.89848327636719, 11.966500330781011
526, 31.986494064331055, -288.03240966796875, 0.0, 1.0, 0.0, -62.89535140991211, 12.015007426463677
527, 32.07834243774414, -288.21221923828125, 0.0, 1.0, 0.0, -62.892433166503906, 12.062588988605162
528, 32.18699264526367, -288.4248352050781, 0.0, 1.0, 0.0, -62.88911437988281, 12.121053529246751
529, 32.278587341308594, -288.60406494140625, 0.0, 1.0, 0.0, -62.88633346557617, 12.171999907003789
530, 32.38249588012695, -288.8073425292969, 0.0, 1.0, 0.0, -62.88323211669922, 12.231142034163636
531, 32.47401428222656, -288.986328125, 0.0, 1.0, 0.0, -62.8804817199707, 12.284277727098424
532, 32.573692321777344, -289.1812744140625, 0.0, 1.0, 0.0, -62.87751007080078, 12.34297854411112
533, 32.680381774902344, -289.3898620605469, 0.0, 1.0, 0.0, -62.874298095703125, 12.406579640366767
534, 32.77958297729492, -289.5837707519531, 0.0, 1.0, 0.0, -62.871368408203125, 12.466301584839313
535, 32.880760192871094, -289.7815246582031, 0.0, 1.0, 0.0, -62.86836242675781, 12.527637011855294
536, 32.982906341552734, -289.98114013671875, 0.0, 1.0, 0.0, -62.86527633666992, 12.589888942351983
537, 33.080650329589844, -290.1720886230469, 0.0, 1.0, 0.0, -62.86234664916992, 12.649683704835459
538, 33.1891975402832, -290.3841552734375, 0.0, 1.0, 0.0, -62.85908889770508, 12.716225158700246
539, 33.28782653808594, -290.5768127441406, 0.0, 1.0, 0.0, -62.8560905456543, 12.776781624213342
540, 33.39802169799805, -290.7920227050781, 0.0, 1.0, 0.0, -62.85272979736328, 12.844452311454095
541, 33.51185607910156, -291.0143127441406, 0.0, 1.0, 0.0, -62.84925079345703, 12.914317030663904
542, 33.62058639526367, -291.2265930175781, 0.0, 1.0, 0.0, -62.84593200683594, 12.980976775526738
543, 33.72953796386719, -291.43927001953125, 0.0, 0.9750000238418579, 0.0, -62.84260177612305, 13.04752674824817
544, 33.829742431640625, -291.63482666015625, 0.0, 0.9500000476837158, 0.0, -62.83949279785156, 13.108105992050042
545, 33.936302185058594, -291.8428039550781, 0.0, 0.9000000953674316, 0.0, -62.836219787597656, 13.171368112274267
546, 34.0525016784668, -292.0695495605469, 0.0, 0.8500001430511475, 0.0, -62.83262634277344, 13.238152527419942
547, 34.15418243408203, -292.2679443359375, 0.0, 0.8250001668930054, 0.0, -62.8294792175293, 13.294119508391388
548, 34.26380920410156, -292.4817810058594, 0.0, 0.7750002145767212, 0.0, -62.82615280151367, 13.351689350753196
549, 34.382591247558594, -292.7134704589844, 0.0, 0.725000262260437, 0.0, -62.822574615478516, 13.410159448870543
550, 34.4881477355957, -292.9193115234375, 0.0, 0.7000002861022949, 0.0, -62.81943130493164, 13.45818025871782
551, 34.60227966308594, -293.1418762207031, 0.0, 0.6500003337860107, 0.0, -62.816139221191406, 13.505956071014873
552, 34.70746612548828, -293.3469543457031, 0.0, 0.6000003814697266, 0.0, -62.81315612792969, 13.54557645073192
553, 34.81489181518555, -293.5563659667969, 0.0, 0.5750004053115845, 0.0, -62.81026077270508, 13.581462202605131
554, 34.93083190917969, -293.7823181152344, 0.0, 0.5250004529953003, 0.0, -62.80716323852539, 13.614992027359694
555, 35.03641891479492, -293.9880676269531, 0.0, 0.4750004708766937, 0.0, -62.8045539855957, 13.640250209494942
556, 35.1588134765625, -294.2265625, 0.0, 0.45000046491622925, 0.0, -62.8016471862793, 13.663303561393173
557, 35.264732360839844, -294.4328918457031, 0.0, 0.4000004529953003, 0.0, -62.7993049621582, 13.677531346364564
558, 35.37990951538086, -294.6572265625, 0.0, 0.32500043511390686, 0.0, -62.79694747924805, 13.686751428494127
559, 35.49072265625, -294.873046875, 0.0, 0.3000004291534424, 0.0, -62.79484176635742, 13.68868199169767
560, 35.60054016113281, -295.0869140625, 0.0, 0.3000004291534424, 0.0, -62.792972564697266, 13.684415966801428
561, 35.70966339111328, -295.29937744140625, 0.0, 0.32500043511390686, 0.0, -62.79133224487305, 13.675198278020583
562, 35.83047103881836, -295.5345458984375, 0.0, 0.3750004470348358, 0.0, -62.78977584838867, 13.661121576371066
563, 35.94417190551758, -295.755859375, 0.0, 0.42500045895576477, 0.0, -62.78853225708008, 13.645860877585942
564, 36.05863952636719, -295.9786682128906, 0.0, 0.45000046491622925, 0.0, -62.787391662597656, 13.629952999266935
565, 36.16741943359375, -296.19036865234375, 0.0, 0.5000004768371582, 0.0, -62.786537170410156, 13.615118213567131
566, 36.273014068603516, -296.3958435058594, 0.0, 0.5500004291534424, 0.0, -62.78584289550781, 13.602016954377621
567, 36.388973236083984, -296.6214599609375, 0.0, 0.5750004053115845, 0.0, -62.78517150878906, 13.589895058518271
568, 36.49274444580078, -296.8233642578125, 0.0, 0.6250003576278687, 0.0, -62.7846794128418, 13.581523571671575
569, 36.60808181762695, -297.0477600097656, 0.0, 0.7000002861022949, 0.0, -62.784236907958984, 13.575689556576801
570, 36.71725082397461, -297.2601318359375, 0.0, 0.725000262260437, 0.0, -62.7838249206543, 13.574606007344917
571, 36.82957077026367, -297.4786376953125, 0.0, 0.7500002384185791, 0.0, -62.783409118652344, 13.577836512719124
572, 36.945884704589844, -297.7048645019531, 0.0, 0.8250001668930054, 0.0, -62.782958984375, 13.585819994469738
573, 37.058712005615234, -297.9242858886719, 0.0019098592456430197, 0.8500001430511475, 0.0, -62.78182601928711, 13.598782726633106
574, 37.165706634521484, -298.1321716308594, 0.005729577504098415, 0.9000000953674316, 0.0, -62.7784309387207, 13.615690282142976
575, 37.26850891113281, -298.3316650390625, 0.007639436982572079, 0.9250000715255737, 0.0, -62.77226257324219, 13.636253334570581
576, 37.38214111328125, -298.55181884765625, 0.01145915500819683, 0.9750000238418579, 0.0, -62.760658264160156, 13.663508989391985
577, 37.50086212158203, -298.78131103515625, 0.015278873965144157, 1.0, 0.0, -62.74166488647461, 13.697174372938777
578, 37.605674743652344, -298.98345947265625, 0.01718873344361782, 1.0, 0.0, -62.71887969970703, 13.73107647803956
579, 37.720340728759766, -299.20404052734375, 0.021008450537919998, 1.0, 0.0, -62.68617630004883, 13.77153206989493
580, 37.8419075012207, -299.43719482421875, 0.022281691431999207, 1.0, 0.0, -62.64262390136719, 13.81776976915605
581, 37.95325469970703, -299.6501770019531, 0.021008452400565147, 1.0, 0.0, -62.596160888671875, 13.86284094754008
582, 38.07480239868164, -299.8821716308594, 0.020371833816170692, 1.0, 0.0, -62.53927993774414, 13.91432354408762
583, 38.19150161743164, -300.1044006347656, 0.019098596647381783, 0.9750000238418579, 0.0, -62.47993087768555, 13.965583349236836
584, 38.30021667480469, -300.31109619140625, 0.017825357615947723, 0.9250000715255737, 0.0, -62.421478271484375, 14.014153824845767
585, 38.42631149291992, -300.5503845214844, 0.01718873903155327, 0.9000000953674316, 0.0, -62.35062026977539, 14.070335107802213
586, 38.54573059082031, -300.7765808105469, 0.01591550000011921, 0.8500001430511475, 0.0, -62.28151321411133, 14.122814058507823
587, 38.66212463378906, -300.9967041015625, 0.014642260037362576, 0.8000001907348633, 0.0, -62.21302032470703, 14.172425470712227
588, 38.788909912109375, -301.2360534667969, 0.014005639590322971, 0.7750002145767212, 0.0, -62.13773727416992, 14.224069637220808
589, 38.90418243408203, -301.4533386230469, 0.012732399627566338, 0.7000002861022949, 0.0, -62.0693473815918, 14.268366395318939
590, 39.03034591674805, -301.6907653808594, 0.0108225392177701, 0.6500003337860107, 0.0, -61.995479583740234, 14.313018515131605
591, 39.14578628540039, -301.90771484375, 0.010185918770730495, 0.6250003576278687, 0.0, -61.92916488647461, 14.34981028129895
592, 39.26595687866211, -302.1330261230469, 0.014005637727677822, 0.5750004053115845, 0.0, -61.859981536865234, 14.383847871591103
593, 39.38875961303711, -302.36260986328125, 0.017825355753302574, 0.5250004529953003, 0.0, -61.787322998046875, 14.413578393634657
594, 39.503849029541016, -302.57708740234375, 0.019735215231776237, 0.5000004768371582, 0.0, -61.716712951660156, 14.436517352971453
595, 39.63318634033203, -302.8171691894531, 0.023554934188723564, 0.45000046491622925, 0.0, -61.632781982421875, 14.45670148061234
596, 39.76578140258789, -303.06219482421875, 0.02737465314567089, 0.4000004529953003, 0.0, -61.54047393798828, 14.470712761743638
597, 39.88664245605469, -303.2844543457031, 0.031194372102618217, 0.35000044107437134, 0.0, -61.4498291015625, 14.477142008570487
598, 40.01025390625, -303.5107421875, 0.030557751655578613, 0.32500043511390686, 0.0, -61.351104736328125, 14.477746061598888
599, 40.13254928588867, -303.7336120605469, 0.029284514486789703, 0.2750004231929779, 0.0, -61.24859619140625, 14.47250330827975
600, 40.25162887573242, -303.9497375488281, 0.0286478940397501, 0.2500004172325134, 0.0, -61.14504623413086, 14.461719263892226
601, 40.38917541503906, -304.19830322265625, 0.02737465687096119, 0.20000040531158447, 0.0, -61.02175521850586, 14.44291938609732
602, 40.516536712646484, -304.4275207519531, 0.02610141783952713, 0.15000039339065552, 0.0, -60.90520477294922, 14.419008168588803
603, 40.63539123535156, -304.6405944824219, 0.025464799255132675, 0.12500038743019104, 0.0, -60.795005798339844, 14.391134496719864
604, 40.76799392700195, -304.8774108886719, 0.024191560223698616, 0.07500039041042328, 0.0, -60.671077728271484, 14.354272584162244
605, 40.88969039916992, -305.0939636230469, 0.022918323054909706, 0.02500039152801037, 0.0, -60.55708312988281, 14.31469179468455
606, 41.023109436035156, -305.33050537109375, 0.021645084023475647, 0.0, 0.0, -60.43260955810547, 14.264975517596927
607, 41.151649475097656, -305.5575256347656, 0.021008465439081192, 0.0, 0.0, -60.31346130371094, 14.211487240698547
608, 41.267024993896484, -305.7606506347656, 0.019098607823252678, 0.0, 0.0, -60.207786560058594, 14.159493626007068
609, 41.40389633178711, -306.0006408691406, 0.020371846854686737, 0.0, 0.0, -60.08366775512695, 14.093907728460291
610, 41.52265548706055, -306.2080383300781, 0.0222817063331604, 0.0, 0.0, -59.9761962890625, 14.03382462510787
611, 41.645103454589844, -306.4209289550781, 0.026101425290107727, 0.02500000037252903, 0.0, -59.864131927490234, 13.969863473903226
612, 41.77748107910156, -306.6498107910156, 0.029921144247055054, 0.07500000298023224, 0.0, -59.739768981933594, 13.899036851367018
613, 41.90883255004883, -306.8756103515625, 0.03183100372552872, 0.10000000149011612, 0.0, -59.61233139038086, 13.828292258175457
614, 42.03226089477539, -307.08648681640625, 0.035650718957185745, 0.15000000596046448, 0.0, -59.487831115722656, 13.762058392748223
615, 42.164939880371094, -307.31170654296875, 0.03947043418884277, 0.20000001788139343, 0.0, -59.34746170043945, 13.692206881593398
616, 42.28350830078125, -307.5115966796875, 0.04138028994202614, 0.2250000238418579, 0.0, -59.216041564941406, 13.631797675369308
617, 42.41352081298828, -307.7292785644531, 0.045200005173683167, 0.27500003576278687, 0.0, -59.06429672241211, 13.567994141019387
618, 42.53623962402344, -307.93328857421875, 0.046473246067762375, 0.3250000476837158, 0.0, -58.913917541503906, 13.511024908824483
619, 42.6505012512207, -308.1219787597656, 0.04583662375807762, 0.3750000596046448, 0.0, -58.76834487915039, 13.461472458621591
620, 42.787803649902344, -308.34716796875, 0.04392676800489426, 0.42500007152557373, 0.0, -58.58759689331055, 13.406840415323103
621, 42.91746139526367, -308.558349609375, 0.0432901494204998, 0.4500000774860382, 0.0, -58.41242980957031, 13.360710413280716
622, 43.04002380371094, -308.7567443847656, 0.04201691225171089, 0.5000000596046448, 0.0, -58.24384689331055, 13.321984968458787
623, 43.1585693359375, -308.94744873046875, 0.04138028994202614, 0.5250000357627869, 0.0, -58.07868576049805, 13.289254458044539
624, 43.281986236572266, -309.1448059082031, 0.04010705277323723, 0.574999988079071, 0.0, -57.90531539916992, 13.260065586237765
625, 43.41008377075195, -309.348388671875, 0.03883381560444832, 0.6249999403953552, 0.0, -57.72467803955078, 13.235446808963145
626, 43.53056716918945, -309.53875732421875, 0.038197197020053864, 0.6499999165534973, 0.0, -57.55466079711914, 13.217807421618636
627, 43.66640090942383, -309.75201416015625, 0.036923956125974655, 0.6999998688697815, 0.0, -57.3635368347168, 13.203945961368127
628, 43.79096603393555, -309.9464416503906, 0.035650718957185745, 0.7499998211860657, 0.0, -57.18939971923828, 13.197359759394116
629, 43.916927337646484, -310.1418762207031, 0.03501410037279129, 0.7749997973442078, 0.0, -57.01472091674805, 13.196499373641
630, 44.050594329833984, -310.3480529785156, 0.03374085947871208, 0.8249997496604919, 0.0, -56.831398010253906, 13.201551194167573
631, 44.17766189575195, -310.5428771972656, 0.03246762230992317, 0.8749997019767761, 0.0, -56.65946960449219, 13.21222372238448
632, 44.312992095947266, -310.74920654296875, 0.031194385141134262, 0.9249996542930603, 0.0, -56.47929382324219, 13.22970320119259
633, 44.451908111572266, -310.9597473144531, 0.029921146109700203, 0.9749996066093445, 0.0, -56.29777145385742, 13.254185456608276
634, 44.576438903808594, -311.1474609375, 0.028647907078266144, 1.0249996185302734, 0.0, -56.13819885253906, 13.281700614699108
635, 44.71492004394531, -311.35504150390625, 0.027374669909477234, 1.0, 0.0, -55.964637756347656, 13.317414563497866
636, 44.8627815246582, -311.5754699707031, 0.026101430878043175, 1.0, 0.0, -55.78410339355469, 13.360429215136195
637, 44.99036407470703, -311.7646484375, 0.02546481229364872, 1.0, 0.0, -55.63187789916992, 13.400972201510077
638, 45.14345932006836, -311.9903564453125, 0.029284531250596046, 1.0, 0.0, -55.45164489746094, 13.452654738083805
639, 45.31691360473633, -312.2441101074219, 0.033104248344898224, 1.0, 0.0, -55.2479133605957, 13.51407893401135
640, 45.46179962158203, -312.4543762207031, 0.03692396357655525, 1.0, 0.0, -55.07594299316406, 13.567089822006624
641, 45.60248565673828, -312.65704345703125, 0.038833823055028915, 1.0, 0.0, -54.90638732910156, 13.61993033220237
642, 45.74500274658203, -312.8608703613281, 0.042653538286685944, 1.0, 0.0, -54.730796813964844, 13.674315159084403
643, 45.90052795410156, -313.0814514160156, 0.04647325351834297, 1.0, 0.0, -54.53319549560547, 13.734337584478356
644, 46.061527252197266, -313.30792236328125, 0.05029296875, 1.0, 0.0, -54.32155990600586, 13.797142083631723
645, 46.21059799194336, -313.51568603515625, 0.05156620591878891, 1.0, 0.0, -54.11825942993164, 13.855748225939038
646, 46.37034606933594, -313.7364501953125, 0.050929587334394455, 1.0, 0.0, -53.89398193359375, 13.919135300310149
647, 46.52508544921875, -313.9485778808594, 0.04965634644031525, 1.0, 0.0, -53.67197036743164, 13.981013104053284
648, 46.68067932128906, -314.1602783203125, 0.04838310927152634, 1.0, 0.0, -53.445316314697266, 14.043519410953506
649, 46.82952117919922, -314.361328125, 0.04710987210273743, 1.0, 0.0, -53.22639846801758, 14.103465804971778
650, 46.99951934814453, -314.58935546875, 0.04583663120865822, 0.9500000476837158, 0.0, -52.97488784790039, 14.171643613679295
651, 47.14842224121094, -314.7875061035156, 0.04520001262426376, 0.9250000715255737, 0.0, -52.75397872924805, 14.230299078353562
652, 47.310115814208984, -315.00115966796875, 0.043926775455474854, 0.8750001192092896, 0.0, -52.51417922973633, 14.292427370653606
653, 47.479026794433594, -315.22271728515625, 0.042653538286685944, 0.8250001668930054, 0.0, -52.26457214355469, 14.354732706281466
654, 47.63787841796875, -315.4295654296875, 0.04201691970229149, 0.8000001907348633, 0.0, -52.031089782714844, 14.410264468205087
655, 47.80425262451172, -315.6446838378906, 0.040107060223817825, 0.725000262260437, 0.0, -51.78874969482422, 14.465047751786658
656, 47.980369567871094, -315.87066650390625, 0.038833823055028915, 0.6750003099441528, 0.0, -51.53535461425781, 14.518185883015375
657, 48.16429901123047, -316.1050109863281, 0.03756058216094971, 0.6250003576278687, 0.0, -51.2744026184082, 14.567342741308758
658, 48.35676956176758, -316.3482666015625, 0.0362873449921608, 0.5750004053115845, 0.0, -51.006195068359375, 14.611899979770131
659, 48.526615142822266, -316.56121826171875, 0.03501410782337189, 0.5250004529953003, 0.0, -50.77427291870117, 14.645391880395634
660, 48.68656539916992, -316.7604064941406, 0.03437748923897743, 0.5000004768371582, 0.0, -50.55983352661133, 14.671334052624292
661, 48.87757110595703, -316.99658203125, 0.033104248344898224, 0.45000046491622925, 0.0, -50.3088493347168, 14.69507664956669
662, 49.04648208618164, -317.2038269042969, 0.031831011176109314, 0.4000004529953003, 0.0, -50.092350006103516, 14.709966272255057
663, 49.212791442871094, -317.406494140625, 0.03119439259171486, 0.42500045895576477, 0.0, -49.88394546508789, 14.718732859110428
664, 49.40497589111328, -317.63909912109375, 0.0299211535602808, 0.4750004708766937, 0.0, -49.648841857910156, 14.723340613913173
665, 49.574100494384766, -317.8422546386719, 0.02864791639149189, 0.5250004529953003, 0.0, -49.447750091552734, 14.724708896132059
666, 49.7575569152832, -318.06109619140625, 0.02737467736005783, 0.5750004053115845, 0.0, -49.23583984375, 14.724942071400045
667, 49.93758010864258, -318.27435302734375, 0.02610143832862377, 0.6250003576278687, 0.0, -49.034080505371094, 14.725306857492301
668, 50.12537384033203, -318.49530029296875, 0.025464819744229317, 0.6500003337860107, 0.0, -48.830162048339844, 14.726909856810757
669, 50.31170654296875, -318.71307373046875, 0.023554962128400803, 0.725000262260437, 0.0, -48.63457107543945, 14.730495912692726
670, 50.486244201660156, -318.9157409667969, 0.022281723096966743, 0.7750002145767212, 0.0, -48.45756149291992, 14.73694442938747
671, 50.679466247558594, -319.1388244628906, 0.021008485928177834, 0.8250001668930054, 0.0, -48.26826095581055, 14.748581953749147
672, 50.87273406982422, -319.3603515625, 0.02037186548113823, 0.8500001430511475, 0.0, -48.0866813659668, 14.764552174296945
673, 51.066219329833984, -319.5807800292969, 0.01909862831234932, 0.9000000953674316, 0.0, -47.91193389892578, 14.785340815868144
674, 51.24179458618164, -319.7796630859375, 0.01782538928091526, 0.9500000476837158, 0.0, -47.75928497314453, 14.808788139552721
675, 51.43674850463867, -319.9992370605469, 0.01655215211212635, 1.0, 0.0, -47.59672164916992, 14.839996661672583
676, 51.61659240722656, -320.20074462890625, 0.015915531665086746, 1.0, 0.0, -47.452674865722656, 14.873727401423364
677, 51.800537109375, -320.4057312011719, 0.014642291702330112, 1.0, 0.0, -47.31126403808594, 14.912197082239517
678, 51.997230529785156, -320.62384033203125, 0.013369051739573479, 1.0, 0.0, -47.1667366027832, 14.956982691342267
679, 52.196533203125, -320.84368896484375, 0.012095811776816845, 1.0, 0.0, -47.02717590332031, 15.005596159838909
680, 52.38092803955078, -321.04620361328125, 0.010822570882737637, 1.0, 0.0, -46.904109954833984, 15.053035683340791
681, 52.58079528808594, -321.26470947265625, 0.009549330919981003, 1.0, 0.0, -46.777488708496094, 15.106565577468773
682, 52.77843475341797, -321.4798583984375, 0.008912711404263973, 1.0, 0.0, -46.65877914428711, 15.161315491279806
683, 52.96399688720703, -321.6810302734375, 0.007002851460129023, 1.0, 0.0, -46.553306579589844, 15.214158510557018
684, 53.16758728027344, -321.90087890625, 0.0057296124286949635, 1.0, 0.0, -46.444602966308594, 15.273355645611916
685, 53.374778747558594, -322.1237487792969, 0.005092992912977934, 1.0, 0.0, -46.341068267822266, 15.334685554949383
686, 53.58582305908203, -322.3500061035156, 0.0038197531830519438, 1.0, 0.0, -46.2421989440918, 15.398210801762389
687, 53.77351760864258, -322.550537109375, 0.0025465134531259537, 1.0, 0.0, -46.160640716552734, 15.455277648568277
688, 53.978885650634766, -322.7692565917969, 0.0012732739560306072, 1.0, 0.0, -46.078189849853516, 15.518241354176997
689, 54.18962097167969, -322.9930114746094, 0.0, 1.0, 0.0, -46.00086212158203, 15.583321491737662
690, 54.40605926513672, -323.22216796875, 0.0, 1.0, 0.0, -45.92784118652344, 15.650584215878482
691, 54.59305953979492, -323.41961669921875, 0.0, 1.0, 0.0, -45.87009811401367, 15.708862326704569
692, 54.80537796020508, -323.64312744140625, 0.0, 1.0, 0.0, -45.80989456176758, 15.775154764525274
693, 55.02320098876953, -323.8718566894531, 0.0, 1.0, 0.0, -45.75325393676758, 15.843267463938906
694, 55.237762451171875, -324.0965576171875, 0.0, 1.0, 0.0, -45.70195388793945, 15.910405545638648
695, 55.438148498535156, -324.305908203125, 0.0, 1.0, 0.0, -45.65767288208008, 15.973115279427823
696, 55.67659378051758, -324.5544128417969, 0.0, 1.0, 0.0, -45.60891342163086, 16.047713269205477
697, 55.896728515625, -324.78326416015625, 0.0, 1.0, 0.0, -45.5677375793457, 16.116438629332855
698, 56.11508560180664, -325.009765625, 0.0, 1.0, 0.0, -45.52996063232422, 16.184486038198205
699, 56.3277473449707, -325.22991943359375, 0.0, 1.0, 0.0, -45.49580383300781, 16.250615116376643
700, 56.54422378540039, -325.45355224609375, 0.0, 1.0, 0.0, -45.463523864746094, 16.31775931855791
701, 56.76606369018555, -325.6823425292969, 0.0, 1.0, 0.0, -45.4327278137207, 16.386364929311554
702, 56.9931640625, -325.9161376953125, 0.0, 1.0, 0.0, -45.403404235839844, 16.4563694383021
703, 57.217376708984375, -326.1465148925781, 0.0, 1.0, 0.0, -45.37641906738281, 16.525246803152758
704, 57.443607330322266, -326.3786315917969, 0.0, 1.0, 0.0, -45.35103225708008, 16.59448981983603
705, 57.66971969604492, -326.6102600097656, 0.0, 1.0, 0.0, -45.32728576660156, 16.66343475941684
706, 57.89942932128906, -326.8452453613281, 0.0, 1.0, 0.0, -45.30470275878906, 16.733198922734427
707, 58.1285514831543, -327.0792541503906, 0.0038197184912860394, 1.0, 0.0, -45.28187561035156, 16.802392585077442
708, 58.34635543823242, -327.30126953125, 0.005729577504098415, 1.0, 0.0, -45.25868225097656, 16.867846472312017
709, 58.58359909057617, -327.54254150390625, 0.01145915500819683, 1.0, 0.0, -45.22938537597656, 16.938605176621103
710, 58.825809478759766, -327.7882080078125, 0.015278873965144157, 1.0, 0.0, -45.19276428222656, 17.010322447840586
711, 59.03948211669922, -328.0042419433594, 0.019098592922091484, 1.0, 0.0, -45.153114318847656, 17.073099825494985
712, 59.26531982421875, -328.2319030761719, 0.021008450537919998, 1.0, 0.0, -45.10333251953125, 17.13908081909418
713, 59.50333023071289, -328.4710998535156, 0.024828169494867325, 1.0, 0.0, -45.041053771972656, 17.208048440071998
714, 59.75571060180664, -328.72381591796875, 0.02864788845181465, 1.0, 0.0, -44.9637336730957, 17.28059191261381
715, 59.9727668762207, -328.9403381347656, 0.03246760740876198, 1.0, 0.0, -44.88601303100586, 17.342411916949356
716, 60.22089385986328, -329.18695068359375, 0.03437746688723564, 1.0, 0.0, -44.78535079956055, 17.412661793552534
717, 60.465858459472656, -329.42919921875, 0.03819718211889267, 1.0, 0.0, -44.67134094238281, 17.481300366829053
718, 60.73000717163086, -329.6893005371094, 0.0420168936252594, 1.0, 0.0, -44.53348922729492, 17.554592418641402
719, 60.95539855957031, -329.9100036621094, 0.04774646833539009, 1.0, 0.0, -44.400917053222656, 17.616250099764073
720, 61.207763671875, -330.15576171875, 0.05156618356704712, 1.0, 0.0, -44.23548126220703, 17.68454131643314
721, 61.461082458496094, -330.4009704589844, 0.053476039320230484, 0.9750000238418579, 0.0, -44.0522575378418, 17.752433902269473
722, 61.7149772644043, -330.6452331542969, 0.05729575455188751, 0.9250000715255737, 0.0, -43.85130310058594, 17.81893381838937
723, 61.95515060424805, -330.8748779296875, 0.0560225173830986, 0.8750001192092896, 0.0, -43.647090911865234, 17.880231987768127
724, 62.19947052001953, -331.1071472167969, 0.05474928021430969, 0.8250001668930054, 0.0, -43.427001953125, 17.940209093682366
725, 62.4586067199707, -331.3519592285156, 0.05411265790462494, 0.8000001907348633, 0.0, -43.181678771972656, 18.00050824139653
726, 62.73518753051758, -331.61163330078125, 0.05283942073583603, 0.7500002384185791, 0.0, -42.90937423706055, 18.060469149886625
727, 62.97719192504883, -331.8373107910156, 0.05156618356704712, 0.7000002861022949, 0.0, -42.66273880004883, 18.109107415746394
728, 63.23026657104492, -332.07177734375, 0.05029294267296791, 0.6500003337860107, 0.0, -42.3984260559082, 18.155396413187642
729, 63.48786544799805, -332.3089294433594, 0.049019705504179, 0.6000003814697266, 0.0, -42.1241340637207, 18.197132134301434
730, 63.76261520385742, -332.5601806640625, 0.048383086919784546, 0.5750004053115845, 0.0, -41.82727813720703, 18.234727921123966
731, 64.03140258789062, -332.8040466308594, 0.047109849750995636, 0.5000004768371582, 0.0, -41.53318405151367, 18.265449383578645
732, 64.2801284790039, -333.0281677246094, 0.04583660885691643, 0.45000046491622925, 0.0, -41.25918960571289, 18.287174019981187
733, 64.56718444824219, -333.284912109375, 0.04392675310373306, 0.4000004529953003, 0.0, -40.94228744506836, 18.30354878722291
734, 64.8492202758789, -333.53521728515625, 0.04265351593494415, 0.35000044107437134, 0.0, -40.631160736083984, 18.31065420771791
735, 65.10697174072266, -333.7620544433594, 0.041380275040864944, 0.3000004291534424, 0.0, -40.347930908203125, 18.30973686036779
736, 65.3680419921875, -333.9900817871094, 0.04074365645647049, 0.2750004231929779, 0.0, -40.062557220458984, 18.300945113943378
737, 65.65687561035156, -334.24041748046875, 0.03947041928768158, 0.22500041127204895, 0.0, -39.74906921386719, 18.281883900044875
738, 65.93340301513672, -334.4778747558594, 0.03819718211889267, 0.17500039935112, 0.0, -39.45191192626953, 18.255808449041915
739, 66.21121215820312, -334.714599609375, 0.03692394122481346, 0.12500038743019104, 0.0, -39.156532287597656, 18.22055230829737
740, 66.47996520996094, -334.94158935546875, 0.03565070405602455, 0.07500039041042328, 0.0, -38.87448501586914, 18.179258098927914
741, 66.75397491455078, -335.17108154296875, 0.03437746688723564, 0.02500039152801037, 0.0, -38.59098434448242, 18.12926907948924
742, 67.03492736816406, -335.4045715332031, 0.03310422599315643, -0.02499960921704769, 0.0, -38.304420471191406, 18.069498818013187
743, 67.33486938476562, -335.6515808105469, 0.03183098882436752, 0.0, 0.0, -38.00379180908203, 17.99781642155648
744, 67.61105346679688, -335.876953125, 0.031194370239973068, 0.0, 0.0, -37.73209762573242, 17.925842540774862
745, 67.89747619628906, -336.1087341308594, 0.02992113120853901, 0.0, 0.0, -37.45508575439453, 17.845236774253813
746, 68.15666961669922, -336.3166198730469, 0.02864789217710495, 0.0, 0.0, -37.20939254760742, 17.768419190699436
747, 68.42164611816406, -336.5274963378906, 0.02737465500831604, 0.0, 0.0, -36.96321105957031, 17.6863304242689
748, 68.70526885986328, -336.75140380859375, 0.025464797392487526, 0.0, 0.0, -36.70539855957031, 17.594797008494357
749, 68.97978210449219, -336.9661560058594, 0.024191558361053467, 0.0, 0.0, -36.46253967285156, 17.503497788010456
750, 69.24706268310547, -337.17352294921875, 0.02610141783952713, 0.0, 0.0, -36.231048583984375, 17.411974401991703
751, 69.50115966796875, -337.3689880371094, 0.029921136796474457, 0.0, 0.0, -36.013607025146484, 17.322746267354
752, 69.78618621826172, -337.58636474609375, 0.033740852028131485, 0.0, 0.0, -35.770511627197266, 17.220322990921822
753, 70.07608032226562, -337.8051452636719, 0.03756056725978851, 0.0, 0.0, -35.522071838378906, 17.114094311658402
754, 70.361328125, -338.0181884765625, 0.04138028249144554, 0.0, 0.0, -35.27444839477539, 17.00779920354339
755, 70.60934448242188, -338.2013854980469, 0.043290141969919205, 0.0, 0.0, -35.05539321899414, 16.91430953215848
756, 70.86834716796875, -338.39080810546875, 0.04710985720157623, 0.0, 0.0, -34.821754455566406, 16.81555636172949
757, 71.1336441040039, -338.5827941894531, 0.05092957243323326, 0.0, 0.0, -34.575809478759766, 16.713366050372628
758, 71.41549682617188, -338.7846374511719, 0.05220280960202217, 0.0, 0.0, -34.30744552612305, 16.603994678375397
759, 71.66077423095703, -338.9583435058594, 0.050292953848838806, 0.0, 0.0, -34.06797790527344, 16.508561797234453
760, 71.91007995605469, -339.1332092285156, 0.04965633153915405, 0.0, 0.0, -33.82011795043945, 16.41125740899767
761, 72.19842529296875, -339.33331298828125, 0.04838309437036514, 0.0, 0.0, -33.52913284301758, 16.29844096445706
762, 72.4736328125, -339.5222473144531, 0.04710985720157623, 0.0, 0.0, -33.24790954589844, 16.19056719518148
763, 72.7179183959961, -339.6882019042969, 0.045836616307497025, 0.0, 0.0, -32.99601745605469, 16.094700887828907
764, 72.96820831298828, -339.8565673828125, 0.044563379138708115, 0.0, 0.0, -32.73674392700195, 15.996404842353932
765, 73.22577667236328, -340.0281066894531, 0.043290141969919205, 0.0, 0.0, -32.46931076049805, 15.895206802170861
766, 73.50176239013672, -340.2101135253906, 0.042016901075839996, 0.0, 0.0, -32.18293380737305, 15.786772156650189
767, 73.73821258544922, -340.3644714355469, 0.04138028249144554, 0.0, 0.0, -31.938068389892578, 15.693840777776451
768, 73.99010467529297, -340.52728271484375, 0.04010704532265663, 0.0, 0.0, -31.678241729736328, 15.594883506977759
769, 74.24994659423828, -340.6935729980469, 0.03883380815386772, 0.0, 0.0, -31.41197395324707, 15.492879099960644
770, 74.52772521972656, -340.86962890625, 0.03756056725978851, 0.0, 0.0, -31.129650115966797, 15.383957628868801
771, 74.75895690917969, -341.0146484375, 0.0362873300909996, 0.0, 0.0, -30.897226333618164, 15.293377348599222
772, 75.011474609375, -341.1715087890625, 0.03565071150660515, 0.0, 0.0, -30.646221160888672, 15.19453422677156
773, 75.28459930419922, -341.3395690917969, 0.03437747433781624, 0.0, 0.0, -30.378210067749023, 15.087816182100685
774, 75.5453872680664, -341.4984436035156, 0.03310423344373703, 0.0, 0.0, -30.126314163208008, 14.986083855447474
775, 75.80014038085938, -341.65191650390625, 0.03183099627494812, 0.0, 0.0, -29.884763717651367, 14.886818798368534
776, 76.04573822021484, -341.7984619140625, 0.03183099627494812, 0.0, 0.0, -29.656225204467773, 14.791298371138431
777, 76.29010009765625, -341.94293212890625, 0.03055775724351406, 0.0, 0.0, -29.433441162109375, 14.696426431776484
778, 76.5472412109375, -342.09368896484375, 0.022918321192264557, 0.0, 0.0, -29.205808639526367, 14.597044257902763
779, 76.79727172851562, -342.2389831542969, 0.019735220819711685, 0.0, 0.0, -28.99398422241211, 14.500568112527045
780, 77.05531311035156, -342.38787841796875, 0.010185923427343369, 0.07500000298023224, 0.0, -28.78753089904785, 14.402453507853895
781, 77.28434753417969, -342.51922607421875, 0.00381972617469728, 0.125, 0.0, -28.618925094604492, 14.317021892204002
782, 77.5330810546875, -342.6611328125, -0.0019098592456430197, 0.17500001192092896, 0.0, -28.451745986938477, 14.227342315795605
783, 77.76933288574219, -342.79510498046875, -0.005729577504098415, 0.2250000238418579, 0.0, -28.31179428100586, 14.145324713074737
784, 78.016845703125, -342.9349670410156, -0.009549296461045742, 0.27500003576278687, 0.0, -28.182880401611328, 14.064176172805807
785, 78.23591613769531, -343.05810546875, -0.01145915500819683, 0.30000004172325134, 0.0, -28.085988998413086, 13.996224705665826
786, 78.47854614257812, -343.19403076171875, -0.015278873965144157, 0.3500000536441803, 0.0, -27.997547149658203, 13.925677416172423
787, 78.7122573852539, -343.3244323730469, -0.019098592922091484, 0.40000006556510925, 0.0, -27.9310245513916, 13.863176891157156
788, 78.94197845458984, -343.4523010253906, -0.020371831953525543, 0.4500000774860382, 0.0, -27.883106231689453, 13.807436447539356
789, 79.16888427734375, -343.57818603515625, -0.019735213369131088, 0.4750000834465027, 0.0, -27.851282119750977, 13.758243573254836
790, 79.41608428955078, -343.71490478515625, -0.01846197433769703, 0.5250000357627869, 0.0, -27.83089256286621, 13.711686831310358
791, 79.65292358398438, -343.845458984375, -0.016552116721868515, 0.5999999642372131, 0.0, -27.824905395507812, 13.673474744112424
792, 79.90046691894531, -343.9814758300781, -0.015278877690434456, 0.6499999165534973, 0.0, -27.82872200012207, 13.64239475716768
793, 80.1346206665039, -344.1097106933594, -0.014005637727677822, 0.6999998688697815, 0.0, -27.841482162475586, 13.620432228362834
794, 80.36012268066406, -344.23291015625, -0.013369017280638218, 0.7249998450279236, 0.0, -27.860218048095703, 13.606836776224519
795, 80.60613250732422, -344.3669738769531, -0.012095777317881584, 0.7749997973442078, 0.0, -27.886005401611328, 13.600483741121272
796, 80.83892822265625, -344.4935607910156, -0.01082253735512495, 0.8249997496604919, 0.0, -27.914905548095703, 13.601635704696696
797, 81.06488800048828, -344.61614990234375, -0.009549297392368317, 0.8749997019767761, 0.0, -27.945575714111328, 13.60999744017386
798, 81.2801513671875, -344.7328186035156, -0.008912676945328712, 0.8999996781349182, 0.0, -27.97642707824707, 13.624364742057896
799, 81.52703094482422, -344.8663635253906, -0.007639436982572079, 0.9499996304512024, 0.0, -28.01274299621582, 13.648203541409943
800, 81.75912475585938, -344.9917907714844, -0.0063661979511380196, 0.9999995827674866, 0.0, -28.04701805114746, 13.676850128003599
801, 81.98406982421875, -345.1131896972656, -0.005092958454042673, 1.0, 0.0, -28.07952117919922, 13.710612433232049
802, 82.21257781982422, -345.2364501953125, -0.0038197189569473267, 1.0, 0.0, -28.111103057861328, 13.749780536971496
803, 82.46479034423828, -345.3722839355469, -0.0025464792270213366, 1.0, 0.0, -28.143848419189453, 13.797962036067227
804, 82.70389556884766, -345.50103759765625, -0.0019098594784736633, 1.0, 0.0, -28.172260284423828, 13.8470445774606
805, 82.93373107910156, -345.62469482421875, 0.0, 1.0, 0.0, -28.196704864501953, 13.897045620085127
806, 83.1734848022461, -345.75360107421875, 0.0, 1.0, 0.0, -28.21916961669922, 13.951606792903325
807, 83.41507720947266, -345.8834228515625, 0.0, 1.0, 0.0, -28.23906135559082, 14.00865636442254
808, 83.6566390991211, -346.01324462890625, 0.0, 1.0, 0.0, -28.256521224975586, 14.067412065282543
809, 83.89031982421875, -346.13885498046875, 0.0, 1.0, 0.0, -28.27138328552246, 14.125601022708995
810, 84.12554168701172, -346.2652587890625, 0.0, 1.0, 0.0, -28.28450584411621, 14.18526415855742
811, 84.3817138671875, -346.4029541015625, 0.0, 1.0, 0.0, -28.29711151123047, 14.251344204834508
812, 84.63003540039062, -346.5364685058594, 0.0, 1.0, 0.0, -28.307546615600586, 14.316107770390898
813, 84.86515808105469, -346.6629333496094, 0.0, 1.0, 0.0, -28.3161563873291, 14.378020463091422
814, 85.09296417236328, -346.78546142578125, 0.0, 1.0, 0.0, -28.32341766357422, 14.438452917187194
815, 85.3599853515625, -346.9291687011719, 0.0, 1.0, 0.0, -28.330738067626953, 14.509749815142078
816, 85.61892700195312, -347.0685729980469, 0.0, 0.9750000238418579, 0.0, -28.336753845214844, 14.579018948528246
817, 85.86582946777344, -347.2015075683594, 0.0, 0.9250000715255737, 0.0, -28.34148406982422, 14.644511256755713
818, 86.12218475341797, -347.339599609375, 0.0, 0.9250000715255737, 0.0, -28.345542907714844, 14.711089123506827
819, 86.37848663330078, -347.4776916503906, 0.0, 0.8500001430511475, 0.0, -28.3488712310791, 14.775686594068901
820, 86.64324188232422, -347.6203918457031, 0.0, 0.7750002145767212, 0.0, -28.351648330688477, 14.839094709336411
821, 86.8831787109375, -347.74969482421875, 0.0, 0.725000262260437, 0.0, -28.35359764099121, 14.893084214460533
822, 87.1343765258789, -347.8851013183594, 0.0, 0.6750003099441528, 0.0, -28.355186462402344, 14.945262643654772
823, 87.3918228149414, -348.0238952636719, 0.0, 0.6500003337860107, 0.0, -28.35634422302246, 14.993685878720846
824, 87.65870666503906, -348.1677551269531, 0.0, 0.6000003814697266, 0.0, -28.357227325439453, 15.03790600050861
825, 87.90161895751953, -348.29876708984375, 0.0, 0.5500004291534424, 0.0, -28.35771942138672, 15.07313625960897
826, 88.15603637695312, -348.4360046386719, 0.0, 0.5000004768371582, 0.0, -28.358022689819336, 15.104112005883099
827, 88.40827941894531, -348.5720520019531, 0.0, 0.45000046491622925, 0.0, -28.358116149902344, 15.128324974619904
828, 88.68363189697266, -348.7206115722656, 0.0, 0.4000004529953003, 0.0, -28.35811996459961, 15.146402565764996
829, 88.92774200439453, -348.8523254394531, 0.0, 0.3750004470348358, 0.0, -28.357994079589844, 15.155887727705998
830, 89.18994903564453, -348.99383544921875, 0.0, 0.32500043511390686, 0.0, -28.35787010192871, 15.158952885566139
831, 89.44605255126953, -349.13201904296875, 0.0, 0.2750004231929779, 0.0, -28.357751846313477, 15.15429165340098
832, 89.72019958496094, -349.27996826171875, 0.0, 0.22500041127204895, 0.0, -28.357662200927734, 15.140283012198172
833, 89.95643615722656, -349.40740966796875, 0.0, 0.20000040531158447, 0.0, -28.357656478881836, 15.121849149393784
834, 90.22175598144531, -349.5506286621094, 0.0, 0.15000039339065552, 0.0, -28.357812881469727, 15.094255958424034
835, 90.48182678222656, -349.69097900390625, 0.0, 0.10000038892030716, 0.0, -28.358055114746094, 15.059804568887238
836, 90.72716522216797, -349.8233947753906, 0.0, 0.0500003919005394, 0.0, -28.358448028564453, 15.020482254665094
837, 90.97848510742188, -349.9590148925781, 0.0, -0.02499960921704769, 0.0, -28.35906410217285, 14.973526122553675
838, 91.24900817871094, -350.10498046875, 0.0, 0.0, 0.0, -28.359880447387695, 14.915151800788992
839, 91.51026153564453, -350.2460021972656, 0.0, 0.0, 0.0, -28.360950469970703, 14.85295779351789
840, 91.77518463134766, -350.38897705078125, 0.0, 0.0, 0.0, -28.362266540527344, 14.784148557913609
841, 92.0221939086914, -350.5222473144531, 0.0, 0.0, 0.0, -28.363727569580078, 14.716118073172355
842, 92.26165008544922, -350.6514892578125, 0.0, 0.0, 0.0, -28.3653507232666, 14.646830148743682
843, 92.52008819580078, -350.7908935546875, 0.0, 0.0, 0.0, -28.367300033569336, 14.56875638158512
844, 92.785400390625, -350.93408203125, 0.0, 0.05000000074505806, 0.0, -28.369525909423828, 14.486597957705547
845, 93.00566101074219, -351.0529479980469, 0.0, 0.07500000298023224, 0.0, -28.371604919433594, 14.417456575106328
846, 93.26071166992188, -351.19061279296875, 0.0, 0.125, 0.0, -28.37413787841797, 14.33726944707943
847, 93.50048828125, -351.320068359375, 0.0, 0.17500001192092896, 0.0, -28.376699447631836, 14.262702404716904
848, 93.73403930664062, -351.4461364746094, 0.0, 0.2250000238418579, 0.0, -28.37932586669922, 14.191921534445793
849, 93.9639892578125, -351.5702209472656, 0.0, 0.2500000298023224, 0.0, -28.38201332092285, 14.124724991208426
850, 94.2116470336914, -351.7039794921875, 0.0, 0.30000004172325134, 0.0, -28.38496971130371, 14.05547877940974
851, 94.46511840820312, -351.8408203125, 0.0, 0.3500000536441803, 0.0, -28.388051986694336, 13.989271620618762
852, 94.71576690673828, -351.9761657714844, 0.0, 0.40000006556510925, 0.0, -28.391098022460938, 13.928776819022447
853, 94.94542694091797, -352.1001892089844, 0.0019098592456430197, 0.4500000774860382, 0.0, -28.39308738708496, 13.87794531038414
854, 95.17647552490234, -352.2248229980469, 0.005729577504098415, 0.5000000596046448, 0.0, -28.392515182495117, 13.832192754806542
855, 95.4231948852539, -352.3577575683594, 0.009549296461045742, 0.550000011920929, 0.0, -28.387258529663086, 13.790283997234305
856, 95.66570281982422, -352.4881896972656, 0.013369014486670494, 0.5999999642372131, 0.0, -28.37544822692871, 13.755965326745713
857, 95.89041900634766, -352.6087341308594, 0.01718873344361782, 0.6499999165534973, 0.0, -28.356525421142578, 13.730157497222953
858, 96.12104034423828, -352.732177734375, 0.021008450537919998, 0.6999998688697815, 0.0, -28.3279972076416, 13.710472419120517
859, 96.36349487304688, -352.8614807128906, 0.024828169494867325, 0.7499998211860657, 0.0, -28.287742614746094, 13.698033334999684
860, 96.583251953125, -352.978271484375, 0.026738028973340988, 0.7749997973442078, 0.0, -28.24053192138672, 13.693157112110343
861, 96.81266021728516, -353.0997619628906, 0.030557747930288315, 0.8249997496604919, 0.0, -28.180042266845703, 13.694583690331736
862, 97.05302429199219, -353.22650146484375, 0.03437746688723564, 0.8749997019767761, 0.0, -28.103471755981445, 13.703189527759694
863, 97.30372619628906, -353.35809326171875, 0.03819718211889267, 0.9249996542930603, 0.0, -28.009695053100586, 13.72038955914447
864, 97.52235412597656, -353.4721374511719, 0.0420168936252594, 0.9749996066093445, 0.0, -27.91423225402832, 13.741180986243377
865, 97.75301361083984, -353.59185791015625, 0.04392675310373306, 0.9999995827674866, 0.0, -27.800247192382812, 13.769260130691483
866, 97.99515533447266, -353.71685791015625, 0.04265351593494415, 1.0, 0.0, -27.667829513549805, 13.804996000920514
867, 98.24616241455078, -353.8458251953125, 0.041380275040864944, 1.0, 0.0, -27.520069122314453, 13.847947972901716
868, 98.505615234375, -353.9783630371094, 0.040107037872076035, 1.0, 0.0, -27.357315063476562, 13.896993785492182
869, 98.73516082763672, -354.09503173828125, 0.038833800703287125, 1.0, 0.0, -27.206098556518555, 13.943452167879212
870, 98.9710922241211, -354.21441650390625, 0.03819718211889267, 1.0, 0.0, -27.045238494873047, 13.993770447992688
871, 99.22022247314453, -354.33978271484375, 0.03692394122481346, 1.0, 0.0, -26.87067985534668, 14.049258559716638
872, 99.47842407226562, -354.4691467285156, 0.035014085471630096, 1.0, 0.0, -26.686595916748047, 14.10908858553937
873, 99.71630859375, -354.5876159667969, 0.03374084457755089, 0.9500000476837158, 0.0, -26.51493263244629, 14.165344891666232
874, 99.9525375366211, -354.7046813964844, 0.03310422599315643, 0.9250000715255737, 0.0, -26.343271255493164, 14.221284553282628
875, 100.21491241455078, -354.83404541015625, 0.03183098882436752, 0.8750001192092896, 0.0, -26.152076721191406, 14.282672502305775
876, 100.44176483154297, -354.94525146484375, 0.030557749792933464, 0.8250001668930054, 0.0, -25.986982345581055, 14.334385657614416
877, 100.68380737304688, -355.0632629394531, 0.029284512624144554, 0.7750002145767212, 0.0, -25.811748504638672, 14.387293698509067
878, 100.96297454833984, -355.1986999511719, 0.028011273592710495, 0.725000262260437, 0.0, -25.611461639404297, 14.444215981015654
879, 101.21285247802734, -355.3190612792969, 0.026738034561276436, 0.6750003099441528, 0.0, -25.434606552124023, 14.491260860478844
880, 101.4576187133789, -355.4363098144531, 0.02610141597688198, 0.6500003337860107, 0.0, -25.263771057128906, 14.533035934780035
881, 101.70844268798828, -355.5557861328125, 0.024828176945447922, 0.6000003814697266, 0.0, -25.091588973999023, 14.57136319150257
882, 101.96487426757812, -355.6771545410156, 0.023554939776659012, 0.5500004291534424, 0.0, -24.91907501220703, 14.605278505895987
883, 102.23573303222656, -355.8045959472656, 0.022281700745224953, 0.5000004768371582, 0.0, -24.74081802368164, 14.634265409845248
884, 102.48821258544922, -355.922607421875, 0.021008463576436043, 0.42500045895576477, 0.0, -24.579261779785156, 14.655305080933564
885, 102.72542572021484, -356.0328369140625, 0.02037184312939644, 0.4000004529953003, 0.0, -24.43134117126465, 14.668658324705282
886, 103.00310516357422, -356.1611328125, 0.018461985513567924, 0.35000044107437134, 0.0, -24.2633113861084, 14.676292300235827
887, 103.2704849243164, -356.2839050292969, 0.017188748344779015, 0.3000004291534424, 0.0, -24.10730743408203, 14.675560551133124
888, 103.55323028564453, -356.4129333496094, 0.015915509313344955, 0.2500004172325134, 0.0, -23.94883155822754, 14.66609301184505
889, 103.79493713378906, -356.52252197265625, 0.014642269350588322, 0.20000040531158447, 0.0, -23.81903648376465, 14.65126499287073
890, 104.06285095214844, -356.6434020996094, 0.014005648903548717, 0.17500039935112, 0.0, -23.6805477142334, 14.626832719117909
891, 104.3206787109375, -356.7589416503906, 0.012732408940792084, 0.12500038743019104, 0.0, -23.55341339111328, 14.596863705978018
892, 104.59407806396484, -356.880859375, 0.01145916897803545, 0.07500039041042328, 0.0, -23.424482345581055, 14.556914419833761
893, 104.85065460205078, -356.99456787109375, 0.010185928083956242, 0.02500039152801037, 0.0, -23.309885025024414, 14.512816796831016
894, 105.10209655761719, -357.10546875, 0.008912688121199608, -0.02499960921704769, 0.0, -23.203346252441406, 14.463073280131782
895, 105.36833953857422, -357.2223205566406, 0.007639448624104261, 0.0, 0.0, -23.09650993347168, 14.403617022433156
896, 105.63677215576172, -357.3396301269531, 0.006366209127008915, 0.0, 0.0, -22.995494842529297, 14.338046699268716
897, 105.87925720214844, -357.4450988769531, 0.005729589611291885, 0.0, 0.0, -22.910322189331055, 14.274882838983261
898, 106.13219451904297, -357.5546875, 0.004456350114196539, 0.0, 0.0, -22.827438354492188, 14.205397793631391
899, 106.395263671875, -357.66815185546875, 0.0031831106171011925, 0.0, 0.0, -22.747299194335938, 14.129592296995147
900, 106.64895629882812, -357.777099609375, 0.0019098708871752024, 0.05000000074505806, 0.0, -22.676950454711914, 14.054684035810673
901, 106.92508697509766, -357.8952941894531, 0.0, 0.10000000149011612, 0.0, -22.607681274414062, 13.97211186820353
902, 107.16148376464844, -357.99615478515625, 0.0, 0.17500001192092896, 0.0, -22.55476188659668, 13.901733754271342
903, 107.40567016601562, -358.0999450683594, 0.0, 0.20000001788139343, 0.0, -22.505598068237305, 13.830736148612058
904, 107.653076171875, -358.204833984375, 0.0019098592456430197, 0.2500000298023224, 0.0, -22.460161209106445, 13.761193915165808
905, 107.91934204101562, -358.3171691894531, 0.005729577504098415, 0.30000004172325134, 0.0, -22.413408279418945, 13.69031895616924
906, 108.14527893066406, -358.41204833984375, 0.009549296461045742, 0.3500000536441803, 0.0, -22.373641967773438, 13.633606413376313
907, 108.37661743164062, -358.50872802734375, 0.01145915500819683, 0.3750000596046448, 0.0, -22.33149528503418, 13.579534016327617
908, 108.62442016601562, -358.6117858886719, 0.015278873965144157, 0.42500007152557373, 0.0, -22.28291130065918, 13.526239362754824
909, 108.88021087646484, -358.7176208496094, 0.016552112996578217, 0.4750000834465027, 0.0, -22.228652954101562, 13.477498907291858
910, 109.12437438964844, -358.8180236816406, 0.015278873033821583, 0.5250000357627869, 0.0, -22.17310905456543, 13.436576467870074
911, 109.35655975341797, -358.9131164550781, 0.014005633071064949, 0.574999988079071, 0.0, -22.118209838867188, 13.40373377344051
912, 109.59754943847656, -359.011474609375, 0.012732393108308315, 0.6249999403953552, 0.0, -22.059885025024414, 13.376182625423635
913, 109.84573364257812, -359.1124267578125, 0.012095772661268711, 0.6499999165534973, 0.0, -21.999130249023438, 13.355522233741532
914, 110.0755615234375, -359.2055358886719, 0.010822532698512077, 0.6999998688697815, 0.0, -21.94279670715332, 13.342225862537177
915, 110.32716369628906, -359.3072509765625, 0.009549291804432869, 0.7499998211860657, 0.0, -21.881790161132812, 13.33543127681419
916, 110.57324981689453, -359.4064636230469, 0.008276051841676235, 0.8249997496604919, 0.0, -21.823686599731445, 13.335812869300879
917, 110.82085418701172, -359.50604248046875, 0.0063661932945251465, 0.8749997019767761, 0.0, -21.76728630065918, 13.344979155867572
918, 111.09014129638672, -359.6140441894531, 0.0050929537974298, 0.9249996542930603, 0.0, -21.709245681762695, 13.363737265191665
919, 111.31513214111328, -359.70416259765625, 0.0044563342817127705, 0.9499996304512024, 0.0, -21.663528442382812, 13.385821406454241
920, 111.55806732177734, -359.80126953125, 0.0031830943189561367, 0.9999995827674866, 0.0, -21.617328643798828, 13.415948122501796
921, 111.8078384399414, -359.9010314941406, 0.0019098548218607903, 1.0, 0.0, -21.573200225830078, 13.453912606141081
922, 112.06044006347656, -360.0017395019531, 0.0, 1.0, 0.0, -21.53285789489746, 13.497619579480657
923, 112.30409240722656, -360.09869384765625, 0.0038197184912860394, 1.0, 0.0, -21.496509552001953, 13.54357065891244
924, 112.53965759277344, -360.1922302246094, 0.005729577504098415, 1.0, 0.0, -21.461811065673828, 13.59121000267581
925, 112.79443359375, -360.2929992675781, 0.009549296461045742, 1.0, 0.0, -21.422807693481445, 13.64572996620122
926, 113.05254364013672, -360.3948059082031, 0.013369014486670494, 1.0, 0.0, -21.37947654724121, 13.703311817768508
927, 113.29684448242188, -360.49066162109375, 0.01718873344361782, 1.0, 0.0, -21.332780838012695, 13.759398726371503
928, 113.5482406616211, -360.58880615234375, 0.021008450537919998, 1.0, 0.0, -21.277517318725586, 13.818528647566719
929, 113.79907989501953, -360.6862487792969, 0.022281691431999207, 1.0, 0.0, -21.214893341064453, 13.878857766895148
930, 114.05311584472656, -360.7844543457031, 0.02164507284760475, 1.0, 0.0, -21.144859313964844, 13.941146737254055
931, 114.31541442871094, -360.8853759765625, 0.020371833816170692, 1.0, 0.0, -21.067401885986328, 14.006596095811348
932, 114.56039428710938, -360.9792785644531, 0.019098596647381783, 1.0, 0.0, -20.99102020263672, 14.068377580089384
933, 114.82455444335938, -361.08026123046875, 0.01718873903155327, 1.0, 0.0, -20.90620994567871, 14.135695386088104
934, 115.10108184814453, -361.1855773925781, 0.01591550000011921, 1.0, 0.0, -20.81581687927246, 14.206648009794456
935, 115.33798217773438, -361.2755432128906, 0.014642260037362576, 1.0, 0.0, -20.737815856933594, 14.267695099896782
936, 115.58462524414062, -361.3688659667969, 0.014005639590322971, 1.0, 0.0, -20.656578063964844, 14.33142473024424
937, 115.85187530517578, -361.4697265625, 0.012732399627566338, 1.0, 0.0, -20.569272994995117, 14.400618701706312
938, 116.1245346069336, -361.57232666015625, 0.011459159664809704, 1.0, 0.0, -20.4814395904541, 14.471353970587744
939, 116.38055419921875, -361.6683654785156, 0.012732398696243763, 1.0, 0.0, -20.399869918823242, 14.5376683793272
940, 116.64045715332031, -361.7654113769531, 0.016552116721868515, 1.0, 0.0, -20.31594467163086, 14.60476526037797
941, 116.91752624511719, -361.8683776855469, 0.02037183567881584, 1.0, 0.0, -20.22329330444336, 14.676033364402661
942, 117.19649505615234, -361.9715270996094, 0.022281695157289505, 1.0, 0.0, -20.125486373901367, 14.747556855021013
943, 117.4883041381836, -362.07867431640625, 0.02610141411423683, 1.0, 0.0, -20.016693115234375, 14.82194105042795
944, 117.74581909179688, -362.1725158691406, 0.02992113307118416, 1.0, 0.0, -19.913423538208008, 14.887141305730973
945, 118.00961303710938, -362.2680358886719, 0.031194373965263367, 1.0, 0.0, -19.800504684448242, 14.953708569614834
946, 118.3038330078125, -362.3739013671875, 0.029921134933829308, 1.0, 0.0, -19.66787338256836, 15.02791388567436
947, 118.59020233154297, -362.4761962890625, 0.02864789590239525, 1.0, 0.0, -19.533082962036133, 15.099984156873312
948, 118.8635025024414, -362.5731506347656, 0.028011277318000793, 1.0, 0.0, -19.399965286254883, 15.168502616629203
949, 119.14169311523438, -362.67120361328125, 0.026738038286566734, 1.0, 0.0, -19.261383056640625, 15.238026274689732
950, 119.43585968017578, -362.7743225097656, 0.02482818067073822, 1.0, 0.0, -19.11307144165039, 15.311334878359391
951, 119.74320983886719, -362.8813171386719, 0.02355494350194931, 1.0, 0.0, -18.957096099853516, 15.3875769975226
952, 120.03243255615234, -362.98138427734375, 0.02228170447051525, 1.0, 0.0, -18.810277938842773, 15.45896395163587
953, 120.31625366210938, -363.078857421875, 0.026101423427462578, 1.0, 0.0, -18.664737701416016, 15.528361209856476
954, 120.60285949707031, -363.1766052246094, 0.02801128290593624, 1.0, 0.0, -18.515138626098633, 15.597930560166976
955, 120.9111099243164, -363.2808532714844, 0.03183100000023842, 1.0, 0.0, -18.34982681274414, 15.672045315850307
956, 121.20338439941406, -363.3786926269531, 0.03565071523189545, 1.0, 0.0, -18.18653106689453, 15.741596856988796
957, 121.51658630371094, -363.4825439453125, 0.039470430463552475, 1.0, 0.0, -18.00376319885254, 15.815412201554812
958, 121.80033111572266, -363.5755310058594, 0.0432901456952095, 1.0, 0.0, -17.829050064086914, 15.881593228399764
959, 122.08602142333984, -363.66815185546875, 0.04456338286399841, 1.0, 0.0, -17.644567489624023, 15.947860127753856
960, 122.38030242919922, -363.762451171875, 0.04392676427960396, 1.0, 0.0, -17.44660758972168, 16.015925103209472
961, 122.70216369628906, -363.8645324707031, 0.04265352711081505, 0.9750000238418579, 0.0, -17.223033905029297, 16.089973653469542
962, 122.99569702148438, -363.95648193359375, 0.04138028621673584, 0.9250000715255737, 0.0, -17.013261795043945, 16.156577680559938
963, 123.29647827148438, -364.0496826171875, 0.04010704904794693, 0.8750001192092896, 0.0, -16.794174194335938, 16.222992786925012
964, 123.6023178100586, -364.1433410644531, 0.03883381187915802, 0.8250001668930054, 0.0, -16.568313598632812, 16.287802534728474
965, 123.92585754394531, -364.24139404296875, 0.03756057098507881, 0.7750002145767212, 0.0, -16.327346801757812, 16.352285613982566
966, 124.22515106201172, -364.33099365234375, 0.0362873338162899, 0.725000262260437, 0.0, -16.103256225585938, 16.408121706812388
967, 124.5325927734375, -364.4219970703125, 0.03565071523189545, 0.7000002861022949, 0.0, -15.872636795043945, 16.46089199605291
968, 124.84164428710938, -364.5124206542969, 0.03374085575342178, 0.6250003576278687, 0.0, -15.64140510559082, 16.50904408444857
969, 125.1755142211914, -364.60894775390625, 0.032467618584632874, 0.5750004053115845, 0.0, -15.393113136291504, 16.553935386264214
970, 125.51405334472656, -364.7055358886719, 0.031194381415843964, 0.5250004529953003, 0.0, -15.143787384033203, 16.59192320736106
971, 125.80647277832031, -364.7878723144531, 0.029921142384409904, 0.4750004708766937, 0.0, -14.931142807006836, 16.618641084606548
972, 126.12923431396484, -364.8776550292969, 0.031194383278489113, 0.42500045895576477, 0.0, -14.698598861694336, 16.640022392007374
973, 126.43598175048828, -364.9617614746094, 0.03310424089431763, 0.4000004529953003, 0.0, -14.478961944580078, 16.653316507263884
974, 126.76416015625, -365.0504455566406, 0.036923956125974655, 0.35000044107437134, 0.0, -14.243488311767578, 16.658702043199174
975, 127.10645294189453, -365.1414489746094, 0.04074367135763168, 0.3000004291534424, 0.0, -13.99516773223877, 16.655048161476923
976, 127.40789031982422, -365.2200622558594, 0.04456338658928871, 0.2500004172325134, 0.0, -13.772235870361328, 16.644265964453858
977, 127.7159423828125, -365.29901123046875, 0.04838310182094574, 0.20000040531158447, 0.0, -13.538836479187012, 16.625410956028386
978, 128.040283203125, -365.3807067871094, 0.05220281705260277, 0.15000039339065552, 0.0, -13.286151885986328, 16.59636606870114
979, 128.37542724609375, -365.46331787109375, 0.05411267280578613, 0.12500038743019104, 0.0, -13.016131401062012, 16.557733723921647
980, 128.70204162597656, -365.5421447753906, 0.05538591369986534, 0.07500039041042328, 0.0, -12.744250297546387, 16.512086449478755
981, 129.02870178222656, -365.61932373046875, 0.05347605422139168, 3.915280046840053e-07, 0.0, -12.464797973632812, 16.45866289518279
982, 129.33892822265625, -365.6910400390625, 0.05220281705260277, 0.0, 0.0, -12.193195343017578, 16.400804868011253
983, 129.697998046875, -365.7723388671875, 0.05092957988381386, 0.0, 0.0, -11.873519897460938, 16.325704275425114
984, 130.0356903076172, -365.8470153808594, 0.04965633898973465, 0.0, 0.0, -11.56852912902832, 16.248643516561447
985, 130.360595703125, -365.91729736328125, 0.04838310182094574, 0.0, 0.0, -11.272019386291504, 16.169506573654296
986, 130.68881225585938, -365.9866638183594, 0.04710986465215683, 0.0, 0.0, -10.970351219177246, 16.085318658073874
987, 131.0174560546875, -366.0545654296875, 0.04583662375807762, 0.0, 0.0, -10.667009353637695, 15.997319111982977
988, 131.3193817138672, -366.1153869628906, 0.04456338658928871, 0.0, 0.0, -10.387831687927246, 15.913803759760771
989, 131.62852478027344, -366.17626953125, 0.04392676800489426, 0.0, 0.0, -10.102033615112305, 15.825768260595629
990, 131.95468139648438, -366.239013671875, 0.04265353083610535, 0.0, 0.0, -9.801161766052246, 15.730392673806232
991, 132.2764434814453, -366.29931640625, 0.04138028994202614, 0.0, 0.0, -9.50562858581543, 15.634279879531608
992, 132.5992431640625, -366.3582763671875, 0.04010705277323723, 0.0, 0.0, -9.210980415344238, 15.536083410689985
993, 132.9101104736328, -366.41357421875, 0.038197197020053864, 0.0, 0.0, -8.929790496826172, 15.440099775070461
994, 133.23764038085938, -366.4701843261719, 0.036923956125974655, 0.0, 0.0, -8.636913299560547, 15.33763935291859
995, 133.5204315185547, -366.5177307128906, 0.035650718957185745, 0.0, 0.0, -8.387432098388672, 15.248235448909059
996, 133.82525634765625, -366.5677185058594, 0.034377481788396835, 0.0, 0.0, -8.122076988220215, 15.150974987568857
997, 134.1295928955078, -366.6162109375, 0.03374085947871208, 0.0, 0.0, -7.861181735992432, 15.053055904161802
998, 134.4407501220703, -366.6643371582031, 0.03246762230992317, 0.0, 0.0, -7.5989155769348145, 14.952249752819927
999, 134.71835327148438, -366.7059631347656, 0.031194385141134262, 0.0, 0.0, -7.369269847869873, 14.861788954186208
1000, 135.00790405273438, -366.74810791015625, 0.029921146109700203, 0.0, 0.0, -7.134436130523682, 14.7669851898937
1001, 135.3044891357422, -366.7901916503906, 0.028647907078266144, 0.0, 0.0, -6.89859676361084, 14.669491487467067
1002, 135.62408447265625, -366.8340148925781, 0.027374669909477234, 0.05000000074505806, 0.0, -6.650671482086182, 14.565065174690234
1003, 135.92820739746094, -366.8744201660156, 0.026101430878043175, 0.10000000149011612, 0.0, -6.420964241027832, 14.46690003943357
1004, 136.2288360595703, -366.91302490234375, 0.024828193709254265, 0.15000000596046448, 0.0, -6.200168609619141, 14.372137941123619
1005, 136.54469299316406, -366.9522705078125, 0.023554954677820206, 0.20000001788139343, 0.0, -5.975407123565674, 14.2760892206293
1006, 136.85092163085938, -366.9890441894531, 0.022281715646386147, 0.2500000298023224, 0.0, -5.764743328094482, 14.187411389362431
1007, 137.15194702148438, -367.02392578125, 0.021008478477597237, 0.30000004172325134, 0.0, -5.564913749694824, 14.105309401352587
1008, 137.42176818847656, -367.05413818359375, 0.019735239446163177, 0.3500000536441803, 0.0, -5.392611503601074, 14.036302568947567
1009, 137.70883178710938, -367.0853576660156, 0.017825381830334663, 0.42500007152557373, 0.0, -5.216036796569824, 13.969227005883951
1010, 137.98316955566406, -367.1141357421875, 0.016552144661545753, 0.4750000834465027, 0.0, -5.055087089538574, 13.91126955817582
1011, 138.27801513671875, -367.1441650390625, 0.01527890469878912, 0.5250000357627869, 0.0, -4.889711380004883, 13.85742334753175
1012, 138.5623321533203, -367.1722106933594, 0.014005664736032486, 0.574999988079071, 0.0, -4.738221645355225, 13.813541120036481
1013, 138.86419677734375, -367.2010192871094, 0.012732423841953278, 0.6249999403953552, 0.0, -4.586305141448975, 13.775825545720226
1014, 139.1507110595703, -367.2274169921875, 0.012095804326236248, 0.6499999165534973, 0.0, -4.450135707855225, 13.748631375113819
1015, 139.42489624023438, -367.25189208984375, 0.01082256343215704, 0.6999998688697815, 0.0, -4.327088356018066, 13.73015120810799
1016, 139.7010040283203, -367.2758483886719, 0.009549323469400406, 0.7499998211860657, 0.0, -4.210512161254883, 13.719193122523862
1017, 139.9862518310547, -367.2999267578125, 0.008276083506643772, 0.7999997735023499, 0.0, -4.097840785980225, 13.71613234314796
1018, 140.26535034179688, -367.32281494140625, 0.007002844009548426, 0.849999725818634, 0.0, -3.9950876235961914, 13.721323125801677
1019, 140.5530548095703, -367.3458251953125, 0.005729604512453079, 0.8999996781349182, 0.0, -3.89691162109375, 13.734941673369658
1020, 140.83541870117188, -367.3677673339844, 0.003819745499640703, 0.9749996066093445, 0.0, -3.8083505630493164, 13.756434742334042
1021, 141.13450622558594, -367.3904724121094, 0.002546505769714713, 1.0249996185302734, 0.0, -3.7230236530303955, 13.787978074866663
1022, 141.41600036621094, -367.4114074707031, 0.0012732662726193666, 1.0, 0.0, -3.6503307819366455, 13.824936878030616
1023, 141.72882080078125, -367.4341735839844, 0.0, 1.0, 0.0, -3.5783398151397705, 13.872439548860381
1024, 141.99551391601562, -367.45318603515625, 0.0, 1.0, 0.0, -3.523743152618408, 13.917139512762043
1025, 142.27818298339844, -367.4729919433594, 0.0, 1.0, 0.0, -3.4711616039276123, 13.96841895684749
1026, 142.5709991455078, -367.4931640625, 0.0, 1.0, 0.0, -3.422119617462158, 14.024708128821068
1027, 142.862548828125, -367.51287841796875, 0.0, 1.0, 0.0, -3.3781440258026123, 14.083398193195098
1028, 143.15740966796875, -367.5325012207031, 0.0, 1.0, 0.0, -3.337921380996704, 14.144934574455238
1029, 143.46435546875, -367.5525207519531, 0.0, 1.0, 0.0, -3.300110340118408, 14.210874327831396
1030, 143.75062561035156, -367.5708923339844, 0.0019098592456430197, 1.0, 0.0, -3.267212390899658, 14.273764263588893
1031, 144.06130981445312, -367.59039306640625, 0.005729577504098415, 1.0, 0.0, -3.231506824493408, 14.34311761232408
1032, 144.3484649658203, -367.60791015625, 0.009549296461045742, 1.0, 0.0, -3.195923089981079, 14.407927415240316
1033, 144.64588928222656, -367.6256408691406, 0.013369014486670494, 1.0, 0.0, -3.154602527618408, 14.47576536099025
1034, 144.93409729003906, -367.6423034667969, 0.01718873344361782, 1.0, 0.0, -3.107757806777954, 14.541853601207867
1035, 145.24281311035156, -367.65966796875, 0.015278873033821583, 1.0, 0.0, -3.052063226699829, 14.613430207779663
1036, 145.55836486816406, -367.67694091796875, 0.014005633071064949, 1.0, 0.0, -2.9905097484588623, 14.687077871439827
1037, 145.8672637939453, -367.69342041015625, 0.012732393108308315, 1.0, 0.0, -2.9271249771118164, 14.759503176793714
1038, 146.18038940429688, -367.7098388671875, 0.011459152214229107, 1.0, 0.0, -2.860931873321533, 14.833126555887377
1039, 146.47344970703125, -367.7248840332031, 0.010185912251472473, 1.0, 0.0, -2.798218250274658, 14.90209213692081
1040, 146.77880859375, -367.7402648925781, 0.009549291804432869, 1.0, 0.0, -2.732788562774658, 14.974012729404775
1041, 147.08941650390625, -367.7556457519531, 0.008276051841676235, 1.0, 0.0, -2.666778802871704, 15.04714259818473
1042, 147.41281127929688, -367.7713623046875, 0.009549290873110294, 1.0, 0.0, -2.5982367992401123, 15.123123720345859
1043, 147.7177734375, -367.7857666015625, 0.013369009830057621, 1.0, 0.0, -2.531921863555908, 15.19449547221632
1044, 148.05303955078125, -367.8011779785156, 0.017188729718327522, 1.0, 0.0, -2.454437732696533, 15.27257816649302
1045, 148.37510681152344, -367.81536865234375, 0.01846196874976158, 1.0, 0.0, -2.374725103378296, 15.347354146363351
1046, 148.71841430664062, -367.8299865722656, 0.01718873158097267, 1.0, 0.0, -2.285003662109375, 15.426932673232416
1047, 149.03208923339844, -367.8428955078125, 0.015915490686893463, 1.0, 0.0, -2.200103998184204, 15.499472420508113
1048, 149.38037109375, -367.85675048828125, 0.0140056312084198, 0.9250000715255737, 0.0, -2.104156732559204, 15.579145034673118
1049, 149.69325256347656, -367.8687744140625, 0.013369010761380196, 0.9000000953674316, 0.0, -2.017303705215454, 15.648694022823092
1050, 150.01882934570312, -367.8809814453125, 0.012095770798623562, 0.8500001430511475, 0.0, -1.9270936250686646, 15.71856086249118
1051, 150.34251403808594, -367.8927001953125, 0.010822530835866928, 0.8000001907348633, 0.0, -1.8383485078811646, 15.784659585826898
1052, 150.6879425048828, -367.90478515625, 0.00954928994178772, 0.7500002384185791, 0.0, -1.74554443359375, 15.85070809258005
1053, 151.01708984375, -367.91595458984375, 0.008276049979031086, 0.7000002861022949, 0.0, -1.65960693359375, 15.90859081685367
1054, 151.35763549804688, -367.92718505859375, 0.007002810947597027, 0.6500003337860107, 0.0, -1.573943853378296, 15.962698746257292
1055, 151.69773864746094, -367.93798828125, 0.00572957145050168, 0.6000003814697266, 0.0, -1.49224853515625, 16.010241669184367
1056, 152.04818725585938, -367.94879150390625, 0.004456332419067621, 0.5500004291534424, 0.0, -1.4126893281936646, 16.051903224548127
1057, 152.3927764892578, -367.95904541015625, 0.0031830924563109875, 0.5000004768371582, 0.0, -1.33953857421875, 16.085075344041062
1058, 152.7098846435547, -367.9681701660156, 0.0019098528428003192, 0.42500045895576477, 0.0, -1.2773743867874146, 16.10870984912489
1059, 153.0430450439453, -367.97747802734375, 0.0, 0.3750004470348358, 0.0, -1.2174378633499146, 16.124337635581444
1060, 153.36471557617188, -367.9862365722656, 0.0, 0.32500043511390686, 0.0, -1.1654359102249146, 16.13144263367059
1061, 153.71243286132812, -367.9954528808594, 0.0, 0.2750004231929779, 0.0, -1.1143798828125, 16.128512852767155
1062, 154.04107666015625, -368.00384521484375, 0.0, 0.22500041127204895, 0.0, -1.070892333984375, 16.116210433270336
1063, 154.397705078125, -368.0126037597656, 0.0, 0.17500039935112, 0.0, -1.02850341796875, 16.092792055750547
1064, 154.73834228515625, -368.0207214355469, 0.0, 0.12500038743019104, 0.0, -0.9922181367874146, 16.06070747586498
1065, 155.09130859375, -368.02880859375, 0.0, 0.07500039041042328, 0.0, -0.9584959745407104, 16.017789170862994
1066, 155.42958068847656, -368.03631591796875, 0.0, 0.02500039152801037, 0.0, -0.9295651912689209, 15.96747603795005
1067, 155.78073120117188, -368.0438537597656, 0.0, -0.02499960921704769, 0.0, -0.9027099013328552, 15.906464577703998
1068, 156.09388732910156, -368.05035400390625, 0.0, 0.0, 0.0, -0.88140869140625, 15.845467026592699
1069, 156.4203643798828, -368.0569152832031, 0.0, 0.0, 0.0, -0.8613585233688354, 15.775353809889415
1070, 156.72962951660156, -368.06292724609375, 0.0, 0.0, 0.0, -0.8444823622703552, 15.704337654521437
1071, 157.07809448242188, -368.0694885253906, 0.0, 0.0, 0.0, -0.8275452256202698, 15.619120890250803
1072, 157.3986053466797, -368.0753479003906, 0.0, 0.0, 0.0, -0.81378173828125, 15.536774906926308
1073, 157.7375030517578, -368.08135986328125, 0.0, 0.0, 0.0, -0.8010253310203552, 15.446201113196423
1074, 158.05328369140625, -368.0868225097656, 0.0, 0.0, 0.0, -0.7906492948532104, 15.358961350674639
1075, 158.36135864257812, -368.0920104980469, 0.0, 0.0, 0.0, -0.7818601727485657, 15.271562711755378
1076, 158.6534881591797, -368.0968322753906, 0.0, 0.05000000074505806, 0.0, -0.7747191786766052, 15.187681445768149
1077, 158.95535278320312, -368.1017150878906, 0.0, 0.10000000149011612, 0.0, -0.768402099609375, 15.10064861648665
1078, 159.2541961669922, -368.1064453125, 0.0, 0.15000000596046448, 0.0, -0.76312255859375, 15.015319252232056
1079, 159.5769500732422, -368.11138916015625, 0.0, 0.20000001788139343, 0.0, -0.7583617568016052, 14.925501345047012
1080, 159.87074279785156, -368.1158447265625, 0.0, 0.2500000298023224, 0.0, -0.7548827528953552, 14.846338163417919
1081, 160.18138122558594, -368.1204528808594, 0.0, 0.30000004172325134, 0.0, -0.75189208984375, 14.766836241265453
1082, 160.45883178710938, -368.12451171875, 0.0, 0.3250000476837158, 0.0, -0.7498779296875, 14.699452054194644
1083, 160.75242614746094, -368.1287841796875, 0.0, 0.3750000596046448, 0.0, -0.7482299208641052, 14.632800332456164
1084, 161.04153442382812, -368.13287353515625, 0.0, 0.42500007152557373, 0.0, -0.7471006512641907, 14.571739694420982
1085, 161.34567260742188, -368.13714599609375, 0.0, 0.4750000834465027, 0.0, -0.7463378310203552, 14.514066049700272
1086, 161.62322998046875, -368.1410217285156, 0.0, 0.5250000357627869, 0.0, -0.7459412217140198, 14.466945393615651
1087, 161.91091918945312, -368.1449890136719, 0.0, 0.5999999642372131, 0.0, -0.7458190321922302, 14.424665642381887
1088, 162.18948364257812, -368.1488342285156, 0.0, 0.6249999403953552, 0.0, -0.7458800673484802, 14.390941077753903
1089, 162.4872283935547, -368.15289306640625, 0.0, 0.6749998927116394, 0.0, -0.7460631132125854, 14.363107719746877
1090, 162.78274536132812, -368.1568603515625, 0.0, 0.7249998450279236, 0.0, -0.7463683485984802, 14.343580547281459
1091, 163.08433532714844, -368.1609802246094, 0.0, 0.7749997973442078, 0.0, -0.7466735243797302, 14.332224368194046
1092, 163.36526489257812, -368.1647033691406, 0.0, 0.8249997496604919, 0.0, -0.7469482421875, 14.329153308939155
1093, 163.6510467529297, -368.1685485839844, 0.0, 0.8749997019767761, 0.0, -0.7471616864204407, 14.334069555010013
1094, 163.93417358398438, -368.17230224609375, 0.0, 0.9249996542930603, 0.0, -0.7472838759422302, 14.346785189640636
1095, 164.23977661132812, -368.1763916015625, 0.0, 0.9749996066093445, 0.0, -0.747283935546875, 14.369530287764112
1096, 164.52972412109375, -368.1802673339844, 0.0, 0.9999995827674866, 0.0, -0.7471007704734802, 14.398765073184519
1097, 164.7971649169922, -368.18377685546875, 0.0, 1.0, 0.0, -0.74676513671875, 14.431112981650026
1098, 165.0715789794922, -368.1873779296875, 0.0, 1.0, 0.0, -0.7462462782859802, 14.46909220799502
1099, 165.38946533203125, -368.1916198730469, 0.0, 1.0, 0.0, -0.7454529404640198, 14.518348383869997
1100, 165.67982482910156, -368.1954650878906, 0.0, 1.0, 0.0, -0.7444761991500854, 14.56692320133377
1101, 165.98123168945312, -368.1994323730469, 0.0, 1.0, 0.0, -0.7432860732078552, 14.620806550632057
1102, 166.27767944335938, -368.2033386230469, 0.0, 1.0, 0.0, -0.7418822646141052, 14.676408587031329
1103, 166.5745849609375, -368.20721435546875, 0.0, 1.0, 0.0, -0.7403258681297302, 14.734223206331507
1104, 166.853759765625, -368.21087646484375, 0.0, 1.0, 0.0, -0.7386779189109802, 14.790079837121876
1105, 167.17315673828125, -368.21514892578125, 0.0, 1.0, 0.0, -0.736572265625, 14.855694439914044
1106, 167.47007751464844, -368.21905517578125, 0.0, 1.0, 0.0, -0.734466552734375, 14.917838364319515
1107, 167.78369140625, -368.22314453125, 0.0, 1.0, 0.0, -0.732086181640625, 14.984662658653278
1108, 168.06106567382812, -368.2267761230469, 0.0, 1.0, 0.0, -0.729827880859375, 15.044452349062006
1109, 168.34535217285156, -368.2304992675781, 0.0, 1.0, 0.0, -0.7273865342140198, 15.106313127965002
1110, 168.65013122558594, -368.2344970703125, 0.0, 1.0, 0.0, -0.7246398329734802, 15.173240378854155
1111, 168.98312377929688, -368.2388610839844, 0.0, 1.0, 0.0, -0.7214965224266052, 15.246836180600706
1112, 169.2633514404297, -368.24249267578125, 0.0, 1.0, 0.0, -0.71875, 15.30902778356631
1113, 169.56228637695312, -368.2463684082031, 0.0, 1.0, 0.0, -0.715728759765625, 15.375576270753768
1114, 169.8805389404297, -368.25048828125, 0.0, 1.0, 0.0, -0.71240234375, 15.446653190800157
1115, 170.2101287841797, -368.2547607421875, 0.0, 1.0, 0.0, -0.7088317275047302, 15.520365533937289
1116, 170.51898193359375, -368.2586669921875, 0.0, 1.0, 0.0, -0.7054137587547302, 15.589441866519287
1117, 170.85202026367188, -368.2629089355469, 0.0, 1.0, 0.0, -0.7016295790672302, 15.663957249601761
1118, 171.16001892089844, -368.2668762207031, 0.0, 1.0, 0.0, -0.6980591416358948, 15.732780071141505
1119, 171.4666748046875, -368.2707214355469, 0.0, 1.0, 0.0, -0.6944274306297302, 15.801222982193028
1120, 171.7855987548828, -368.2748107910156, 0.0019098592456430197, 1.0, 0.0, -0.68975830078125, 15.872304708349253
1121, 172.12110900878906, -368.2789001464844, 0.005729577504098415, 1.0, 0.0, -0.6818237900733948, 15.94685926997002
1122, 172.43370056152344, -368.28253173828125, 0.004456338472664356, 0.9500000476837158, 0.0, -0.671539306640625, 16.015899752611436
1123, 172.76266479492188, -368.2863464355469, 0.0038197184912860394, 0.9250000715255737, 0.0, -0.658935546875, 16.087136885455784
1124, 173.0644073486328, -368.2897644042969, 0.0025464787613600492, 0.8750001192092896, 0.0, -0.6463317275047302, 16.15087485056824
1125, 173.3962860107422, -368.2935485839844, 0.0, 0.8250001668930054, 0.0, -0.6329345703125, 16.218061449884946
1126, 173.72023010253906, -368.29718017578125, 0.0, 0.7750002145767212, 0.0, -0.620758056640625, 16.28037080032605
1127, 174.06654357910156, -368.3010559082031, 0.0, 0.725000262260437, 0.0, -0.6085509657859802, 16.342060360915827
1128, 174.39553833007812, -368.3048095703125, 0.0, 0.6500003337860107, 0.0, -0.5977172255516052, 16.395435091373244
1129, 174.71212768554688, -368.308349609375, 0.0, 0.6000003814697266, 0.0, -0.5879821181297302, 16.44154173691642
1130, 175.0251007080078, -368.3117980957031, 0.0, 0.5750004053115845, 0.0, -0.5789488554000854, 16.481269465943097
1131, 175.37890625, -368.3156433105469, 0.0, 0.5250004529953003, 0.0, -0.5693969130516052, 16.51867763779219
1132, 175.70632934570312, -368.3191833496094, 0.0, 0.4750004708766937, 0.0, -0.561248779296875, 16.54664182902953
1133, 176.06838989257812, -368.3230285644531, 0.0, 0.42500045895576477, 0.0, -0.5528869032859802, 16.568483987166797
1134, 176.37808227539062, -368.3263244628906, 0.0, 0.3750004470348358, 0.0, -0.54632568359375, 16.58014262368298
1135, 176.70376586914062, -368.3297424316406, 0.0, 0.32500043511390686, 0.0, -0.540008544921875, 16.584673939262665
1136, 177.0258026123047, -368.33306884765625, 0.0, 0.2750004231929779, 0.0, -0.5343018174171448, 16.58087570413057
1137, 177.37049865722656, -368.336669921875, 0.0, 0.2500004172325134, 0.0, -0.528778076171875, 16.56720189556009
1138, 177.7041015625, -368.34002685546875, 0.0, 0.20000040531158447, 0.0, -0.524017333984375, 16.545708850820812
1139, 178.0335235595703, -368.34332275390625, 0.0, 0.15000039339065552, 0.0, -0.5198974013328552, 16.517182107922782
1140, 178.3502655029297, -368.3464660644531, 0.0, 0.10000038892030716, 0.0, -0.5164489150047302, 16.482175345990026
1141, 178.68968200683594, -368.34979248046875, 0.0, 0.0500003919005394, 0.0, -0.5132447481155396, 16.435928027705593
1142, 179.02398681640625, -368.3529968261719, 0.0, 3.915280046840053e-07, 0.0, -0.5106201171875, 16.38213996877666
1143, 179.37640380859375, -368.3563537597656, 0.0, 0.0, 0.0, -0.508453369140625, 16.316810427291884
1144, 179.71620178222656, -368.35955810546875, 0.0, 0.0, 0.0, -0.5068970322608948, 16.24686079569046
1145, 180.0286102294922, -368.36248779296875, 0.0, 0.0, 0.0, -0.5059509873390198, 16.17768174505982
1146, 180.354736328125, -368.36553955078125, 0.0, 0.0, 0.0, -0.5054016709327698, 16.100585634352093
1147, 180.663818359375, -368.3683776855469, 0.0, 0.0, 0.0, -0.505340576171875, 16.024015464092457
1148, 180.9884490966797, -368.3713684082031, 0.0, 0.0, 0.0, -0.5056763291358948, 15.9399488648158
1149, 181.2811737060547, -368.37396240234375, 0.0038197184912860394, 0.0, 0.0, -0.5048829913139343, 15.86164549019558
1150, 181.59803771972656, -368.3766174316406, 0.009549296461045742, 0.0, 0.0, -0.500244140625, 15.774244766980479
1151, 181.90933227539062, -368.3790588378906, 0.010822535492479801, 0.0, 0.0, -0.4901122450828552, 15.686272418397516
1152, 182.23941040039062, -368.3814392089844, 0.009549295529723167, 0.0, 0.0, -0.4749755859375, 15.590810278597422
1153, 182.548095703125, -368.383544921875, 0.008276054635643959, 0.0, 0.0, -0.45721426606178284, 15.499896219519925
1154, 182.84552001953125, -368.3854064941406, 0.0076394351199269295, 0.0, 0.0, -0.4377746284008026, 15.410903492691826
1155, 183.138671875, -368.3871765136719, 0.00636619608849287, 0.0, 0.0, -0.4171142578125, 15.32201565161824
1156, 183.4530792236328, -368.38909912109375, 0.005092956591397524, 0.0, 0.0, -0.3942565619945526, 15.225535693165519
1157, 183.75518798828125, -368.3907775878906, 0.0038197170943021774, 0.0, 0.0, -0.3723143935203552, 15.131851590701851
1158, 184.06051635742188, -368.39251708984375, 0.0025464773643761873, 0.0, 0.0, -0.3508605659008026, 15.036311799672509
1159, 184.34300231933594, -368.3941345214844, 0.001909857615828514, 0.0, 0.0, -0.332183837890625, 14.947216852255046
1160, 184.6329803466797, -368.3957214355469, 0.0, 0.0, 0.0, -0.3149108588695526, 14.85513593852808
1161, 184.9303436279297, -368.39739990234375, 0.0, 0.0, 0.0, -0.2991028130054474, 14.760175926942177
1162, 185.24037170410156, -368.3990783691406, 0.0, 0.0, 0.0, -0.2847289741039276, 14.660630448378816
1163, 185.51217651367188, -368.4006042480469, 0.0, 0.0, 0.0, -0.2738341689109802, 14.572900861967282
1164, 185.788330078125, -368.4021301269531, 0.0, 0.05000000074505806, 0.0, -0.2641296088695526, 14.484215029012573
1165, 186.07493591308594, -368.40362548828125, 0.0, 0.07500000298023224, 0.0, -0.2554931044578552, 14.392975796407573
1166, 186.3723602294922, -368.4051513671875, 0.0, 0.125, 0.0, -0.2477416694164276, 14.300046471779702
1167, 186.9183807373047, -368.4078369140625, 0.0, 0.2250000238418579, 0.0, -0.23681640625, 14.13665641345414
1168, 187.1920623779297, -368.40911865234375, 0.0, 0.27500003576278687, 0.0, -0.2326660007238388, 14.060121652122048
1169, 187.47915649414062, -368.41046142578125, 0.0, 0.3250000476837158, 0.0, -0.22909538447856903, 13.98514320857233
1170, 187.75930786132812, -368.4117736816406, 0.0, 0.3500000536441803, 0.0, -0.2263183295726776, 13.917254864369639
1171, 188.029052734375, -368.4129638671875, 0.0, 0.40000006556510925, 0.0, -0.2242431491613388, 13.856553987755673
1172, 188.30918884277344, -368.4142150878906, 0.0, 0.4500000774860382, 0.0, -0.2225646674633026, 13.79992368538624
1173, 188.5723419189453, -368.41534423828125, 0.0, 0.5000000596046448, 0.0, -0.2214355319738388, 13.752236705481637
1174, 188.85609436035156, -368.41650390625, 0.0, 0.550000011920929, 0.0, -0.22055049240589142, 13.708341737294564
1175, 189.13206481933594, -368.4176940917969, 0.0, 0.5999999642372131, 0.0, -0.2199706733226776, 13.672988472572527
1176, 189.38748168945312, -368.4187927246094, 0.0, 0.6499999165534973, 0.0, -0.2196349948644638, 13.646587036136925
1177, 189.64341735839844, -368.4197998046875, 0.0019098592456430197, 0.6999998688697815, 0.0, -0.2186279147863388, 13.627067954203689
1178, 189.92831420898438, -368.4208068847656, 0.005729577504098415, 0.7499998211860657, 0.0, -0.21478271484375, 13.61427298753032
1179, 190.19723510742188, -368.4216003417969, 0.009549296461045742, 0.7999997735023499, 0.0, -0.20599365234375, 13.609812734123658
1180, 190.48641967773438, -368.4222106933594, 0.010822535492479801, 0.849999725818634, 0.0, -0.19085693359375, 13.61457690941295
1181, 190.73704528808594, -368.422607421875, 0.009549295529723167, 0.8999996781349182, 0.0, -0.1732177436351776, 13.625562790276083
1182, 191.00205993652344, -368.4228820800781, 0.008912675082683563, 0.9249996542930603, 0.0, -0.1511230319738388, 13.644169844402718
1183, 191.26837158203125, -368.4230651855469, 0.0076394351199269295, 0.9749996066093445, 0.0, -0.1264343112707138, 13.66962137929471
1184, 191.55625915527344, -368.4232482910156, 0.00636619608849287, 1.0249996185302734, 0.0, -0.0981445387005806, 13.704938229144625
1185, 191.81239318847656, -368.42327880859375, 0.005092956591397524, 1.0, 0.0, -0.0723266452550888, 13.741560278861417
1186, 192.0671844482422, -368.4233093261719, 0.0038197170943021774, 1.0, 0.0, -0.0468139573931694, 13.782272813122162
1187, 192.35995483398438, -368.42333984375, 0.0025464773643761873, 1.0, 0.0, -0.01849365234375, 13.833587498450003
1188, 192.63450622558594, -368.42340087890625, 0.001909857615828514, 1.0, 0.0, 0.006681820843368769, 13.884864896216984
1189, 192.89675903320312, -368.42340087890625, 0.0, 1.0, 0.0, 0.02877192385494709, 13.936425727361454
1190, 193.1659698486328, -368.42340087890625, 0.0, 1.0, 0.0, 0.04940847307443619, 13.991500813424038
1191, 193.44686889648438, -368.42333984375, 0.0, 1.0, 0.0, 0.06916692107915878, 14.051031239864006
1192, 193.72860717773438, -368.4233093261719, 0.0, 1.0, 0.0, 0.08710150420665741, 14.11216342413821
1193, 194.02456665039062, -368.4231872558594, 0.0, 1.0, 0.0, 0.10444127023220062, 14.17791395308279
1194, 194.28713989257812, -368.42303466796875, 0.0, 1.0, 0.0, 0.11852585524320602, 14.23714740838542
1195, 194.56211853027344, -368.4228820800781, 0.0, 1.0, 0.0, 0.13217875361442566, 14.299963461259338
1196, 194.8470458984375, -368.422607421875, 0.0, 1.0, 0.0, 0.1452828198671341, 14.365734647346983
1197, 195.14894104003906, -368.42230224609375, 0.0, 1.0, 0.0, 0.158235102891922, 14.436114804208637
1198, 195.41249084472656, -368.42193603515625, 0.0, 1.0, 0.0, 0.16874901950359344, 14.497894749691124
1199, 195.68701171875, -368.4215087890625, 0.0, 1.0, 0.0, 0.17903578281402588, 14.56252871775474
1200, 195.98489379882812, -368.4210510253906, 0.0, 1.0, 0.0, 0.1895715743303299, 14.632965729054543
1201, 196.2799835205078, -368.4205322265625, 0.0, 1.0, 0.0, 0.19939452409744263, 14.702895811854763
1202, 196.5639190673828, -368.4199523925781, 0.0, 1.0, 0.0, 0.20829562842845917, 14.770223501786534
1203, 196.82989501953125, -368.41937255859375, 0.0, 1.0, 0.0, 0.21623435616493225, 14.833315862645449
1204, 197.14295959472656, -368.4186706542969, 0.0, 1.0, 0.0, 0.2251548022031784, 14.907598108128225
1205, 197.4404296875, -368.4178771972656, 0.0, 1.0, 0.0, 0.23319947719573975, 14.978066555349839
1206, 197.7584686279297, -368.4170227050781, 0.0, 1.0, 0.0, 0.24144607782363892, 15.053338470602158
1207, 198.03619384765625, -368.4162292480469, 0.0, 1.0, 0.0, 0.24834086000919342, 15.1189107175248
1208, 198.32823181152344, -368.41534423828125, 0.0, 1.0, 0.0, 0.255327433347702, 15.18770787712377
1209, 198.63406372070312, -368.41436767578125, 0.0, 1.0, 0.0, 0.26240596175193787, 15.259587826552597
1210, 198.9427947998047, -368.4132995605469, 0.0, 1.0, 0.0, 0.26931214332580566, 15.331928623733102
1211, 199.23480224609375, -368.4122619628906, 0.0, 0.9750000238418579, 0.0, 0.27563121914863586, 15.399982320153915
1212, 199.52487182617188, -368.41119384765625, 0.0, 0.9500000476837158, 0.0, 0.28173357248306274, 15.46679341562836
1213, 199.84292602539062, -368.4100036621094, 0.0, 0.8750001192092896, 0.0, 0.2882499098777771, 15.538281239191155
1214, 200.1627960205078, -368.40875244140625, 0.0, 0.8250001668930054, 0.0, 0.2946109473705292, 15.60710271425123
1215, 200.48619079589844, -368.40740966796875, 0.0, 0.7750002145767212, 0.0, 0.3008451461791992, 15.672781034366055
1216, 200.79356384277344, -368.4061584472656, 0.0, 0.725000262260437, 0.0, 0.3065680265426636, 15.73123008419694
1217, 201.0950469970703, -368.40484619140625, 0.0, 0.6750003099441528, 0.0, 0.31199416518211365, 15.78392545281641
1218, 201.40744018554688, -368.4034423828125, 0.0, 0.6250003576278687, 0.0, 0.3174063265323639, 15.833182169488367
1219, 201.74072265625, -368.40191650390625, 0.0, 0.5750004053115845, 0.0, 0.32294708490371704, 15.878647613175849
1220, 202.03489685058594, -368.4005432128906, 0.0, 0.5500004291534424, 0.0, 0.32759565114974976, 15.913184680842448
1221, 202.34120178222656, -368.3990173339844, 0.0038197184912860394, 0.5000004768371582, 0.0, 0.3338702619075775, 15.943175336501024
1222, 202.65390014648438, -368.3973083496094, 0.007639436982572079, 0.45000046491622925, 0.0, 0.34385859966278076, 15.966956698579716
1223, 202.99110412597656, -368.3952331542969, 0.008912676014006138, 0.4000004529953003, 0.0, 0.35911402106285095, 15.983850527032345
1224, 203.30198669433594, -368.39306640625, 0.007639436051249504, 0.35000044107437134, 0.0, 0.3770492374897003, 15.992169448742192
1225, 203.61309814453125, -368.3908386230469, 0.0070028165355324745, 0.32500043511390686, 0.0, 0.39757782220840454, 15.992747184312421
1226, 203.90272521972656, -368.388671875, 0.005729577038437128, 0.2750004231929779, 0.0, 0.4181482791900635, 15.986359509118907
1227, 204.2397003173828, -368.38604736328125, 0.004456338007003069, 0.22500041127204895, 0.0, 0.4428046941757202, 15.970058275286256
1228, 204.56695556640625, -368.3834228515625, 0.003183098277077079, 0.17500039935112, 0.0, 0.4666736125946045, 15.945630009763638
1229, 204.89471435546875, -368.3807373046875, 0.0019098585471510887, 0.12500038743019104, 0.0, 0.4896518588066101, 15.912770581362754
1230, 205.2011260986328, -368.37823486328125, 0.0, 0.07500039041042328, 0.0, 0.5092007517814636, 15.874999157747897
1231, 205.48663330078125, -368.3758850097656, 0.0, 0.02500039152801037, 0.0, 0.5256896615028381, 15.833024161276285
1232, 205.8070526123047, -368.3732604980469, 0.0, 3.915280046840053e-07, 0.0, 0.5424366593360901, 15.777957318334629
1233, 206.12466430664062, -368.37060546875, 0.0, 0.0, 0.0, 0.5572283864021301, 15.715987740773732
1234, 206.4176483154297, -368.3680725097656, 0.0, 0.0, 0.0, 0.5692888498306274, 15.653789195652646
1235, 206.71939086914062, -368.3654479980469, 0.0, 0.0, 0.0, 0.5803142189979553, 15.585067872297175
1236, 207.0166015625, -368.36279296875, 0.0, 0.0, 0.0, 0.5898988842964172, 15.513326536949936
1237, 207.34454345703125, -368.35986328125, 0.0, 0.0, 0.0, 0.5991910099983215, 15.429975690755704
1238, 207.62342834472656, -368.3572998046875, 0.0, 0.0, 0.0, 0.6059892773628235, 15.356364707934022
1239, 207.91921997070312, -368.3544921875, 0.0, 0.0, 0.0, 0.6122004389762878, 15.275792810912762
1240, 208.21807861328125, -368.3516845703125, 0.0, 0.0, 0.0, 0.6175154447555542, 15.192060351799245
1241, 208.5243377685547, -368.3486633300781, 0.0, 0.0, 0.0, 0.6221055388450623, 15.104070434864312
1242, 208.8129119873047, -368.3458251953125, 0.0, 0.0, 0.0, 0.6255748867988586, 15.019528474085265
1243, 209.08856201171875, -368.3430480957031, 0.0, 0.0, 0.0, 0.628221869468689, 14.937393115744555
1244, 209.3844451904297, -368.3399963378906, 0.0, 0.0, 0.0, 0.6303679943084717, 14.847939988661146
1245, 209.6931610107422, -368.33685302734375, 0.0, 0.0, 0.0, 0.6319617033004761, 14.753320799735164
1246, 209.96693420410156, -368.33404541015625, 0.0, 0.02500000037252903, 0.0, 0.6327924728393555, 14.669099193227199
1247, 210.25177001953125, -368.3310852050781, 0.0, 0.07500000298023224, 0.0, 0.6331444382667542, 14.581362378835863
1248, 210.5340576171875, -368.328125, 0.0, 0.10000000149011612, 0.0, 0.6330294609069824, 14.49528173656388
1249, 210.82139587402344, -368.3250732421875, 0.0, 0.17500001192092896, 0.0, 0.6324813365936279, 14.409193259169845
1250, 211.10202026367188, -368.3221130371094, 0.0, 0.2250000238418579, 0.0, 0.6315789818763733, 14.32802923898683
1251, 211.3655548095703, -368.3192443847656, 0.0, 0.2500000298023224, 0.0, 0.6304497718811035, 14.25514095505901
1252, 211.64329528808594, -368.3162841796875, 0.0, 0.30000004172325134, 0.0, 0.6290017366409302, 14.182029590077196
1253, 211.93475341796875, -368.3131103515625, 0.0, 0.3500000536441803, 0.0, 0.6272706389427185, 14.110619518192832
1254, 212.19549560546875, -368.3102722167969, 0.0, 0.40000006556510925, 0.0, 0.6255570650100708, 14.051219279720254
1255, 212.45335388183594, -368.3074645996094, 0.0, 0.4500000774860382, 0.0, 0.623759388923645, 13.99756048415314
1256, 212.737060546875, -368.3043518066406, 0.0, 0.4750000834465027, 0.0, 0.6217151880264282, 13.945149274852332
1257, 212.9830780029297, -368.30169677734375, 0.0, 0.5250000357627869, 0.0, 0.61991286277771, 13.904641676733942
1258, 213.23980712890625, -368.2988586425781, 0.0, 0.574999988079071, 0.0, 0.6180399060249329, 13.868023688181541
1259, 213.50579833984375, -368.29595947265625, 0.0, 0.6249999403953552, 0.0, 0.6161412596702576, 13.836633406763509
1260, 213.78956604003906, -368.2928771972656, 0.0, 0.6749998927116394, 0.0, 0.6141970753669739, 13.811458840692346
1261, 214.04083251953125, -368.2901611328125, 0.0, 0.7249998450279236, 0.0, 0.612586259841919, 13.795651627152123
1262, 214.298828125, -368.28729248046875, 0.0, 0.7749997973442078, 0.0, 0.6110647320747375, 13.786481056750734
1263, 214.56900024414062, -368.2843933105469, -0.0038197184912860394, 0.8249997496604919, 0.0, 0.6078876852989197, 13.784718087041263
1264, 214.84872436523438, -368.2816467285156, -0.007639436982572079, 0.8749997019767761, 0.0, 0.6010765433311462, 13.79184082529128
1265, 215.10003662109375, -368.27923583984375, -0.009549296461045742, 0.8999996781349182, 0.0, 0.5905213952064514, 13.804621765479375
1266, 215.3651123046875, -368.2769470214844, -0.010822535492479801, 0.9499996304512024, 0.0, 0.5746451020240784, 13.824575648119152
1267, 215.6383514404297, -368.27471923828125, -0.009549295529723167, 0.9999995827674866, 0.0, 0.5542058944702148, 13.852178736742234
1268, 215.90542602539062, -368.27264404296875, -0.008912675082683563, 0.9749996066093445, 0.0, 0.5312159061431885, 13.885558298146995
1269, 216.16357421875, -368.2707824707031, -0.0076394351199269295, 0.9249996542930603, 0.0, 0.507114589214325, 13.922058645253804
1270, 216.443115234375, -368.2687683105469, -0.0057295761071145535, 0.849999725818634, 0.0, 0.48028039932250977, 13.964115404058353
1271, 216.71514892578125, -368.2668762207031, -0.004456337075680494, 0.7999997735023499, 0.0, 0.4543018341064453, 14.005421487976118
1272, 217.00425720214844, -368.26483154296875, -0.003183097345754504, 0.7499998211860657, 0.0, 0.42759940028190613, 14.048273095663234
1273, 217.26171875, -368.26312255859375, -0.0025464773643761873, 0.7249998450279236, 0.0, 0.4050542712211609, 14.084899599704936
1274, 217.5252685546875, -368.2613525390625, 0.0, 0.6749998927116394, 0.0, 0.3841622471809387, 14.120314977643998
1275, 217.8097381591797, -368.2593688964844, 0.0, 0.6249999403953552, 0.0, 0.3639856278896332, 14.15500472633063
1276, 218.0941925048828, -368.2574157714844, 0.0, 0.574999988079071, 0.0, 0.34615153074264526, 14.185460500462352
1277, 218.3574981689453, -368.2556457519531, 0.0, 0.550000011920929, 0.0, 0.3316099941730499, 14.209724086841259
1278, 218.6282958984375, -368.25384521484375, 0.0, 0.5000000596046448, 0.0, 0.31829220056533813, 14.230267288513325
1279, 218.92401123046875, -368.251953125, 0.0, 0.4500000476837158, 0.0, 0.3052924573421478, 14.246453923568412
1280, 219.20944213867188, -368.25018310546875, 0.0, 0.40000003576278687, 0.0, 0.29417291283607483, 14.255721107265952
1281, 219.46630859375, -368.2486267089844, 0.0, 0.3500000238418579, 0.0, 0.285287082195282, 14.258705434455658
1282, 219.7547607421875, -368.2469177246094, 0.0, 0.30000001192092896, 0.0, 0.2762781083583832, 14.254619455474758
1283, 220.0116729736328, -368.24542236328125, 0.0, 0.3500000238418579, 0.0, 0.2690981924533844, 14.245567669522213
1284, 220.26942443847656, -368.2439270019531, 0.0, 0.40000003576278687, 0.0, 0.26254892349243164, 14.233077899591208
1285, 220.5257568359375, -368.24249267578125, 0.0, 0.42500004172325134, 0.0, 0.2566106617450714, 14.218817386851134
1286, 220.79054260253906, -368.2410583496094, 0.0, 0.4750000536441803, 0.0, 0.25102105736732483, 14.20324366803567
1287, 221.0374298095703, -368.23974609375, 0.0, 0.5250000357627869, 0.0, 0.24625052511692047, 14.189167201104324
1288, 221.3020477294922, -368.23834228515625, 0.0, 0.5250000357627869, 0.0, 0.2415892779827118, 14.17551782694343
1289, 221.57460021972656, -368.2369689941406, 0.0, 0.5999999642372131, 0.0, 0.2372380495071411, 14.163624410929016
1290, 221.83460998535156, -368.2356872558594, 0.0, 0.6499999165534973, 0.0, 0.23348037898540497, 14.155287138378615
1291, 222.0863800048828, -368.2344970703125, 0.0, 0.6999998688697815, 0.0, 0.23019179701805115, 14.150755709549182
1292, 222.36192321777344, -368.2331848144531, 0.0, 0.7249998450279236, 0.0, 0.22698254883289337, 14.150206772700045
1293, 222.61636352539062, -368.2320251464844, 0.0, 0.7749997973442078, 0.0, 0.22435012459754944, 14.153983747403846
1294, 222.87261962890625, -368.2308654785156, 0.0, 0.8249997496604919, 0.0, 0.22201398015022278, 14.162300651898848
1295, 223.15081787109375, -368.2296447753906, 0.0, 0.849999725818634, 0.0, 0.21982988715171814, 14.176585748684397
1296, 223.39401245117188, -368.22857666015625, 0.0, 0.8999996781349182, 0.0, 0.2181960791349411, 14.19364134911242
1297, 223.66883850097656, -368.2274169921875, 0.0, 0.9749996066093445, 0.0, 0.2166706919670105, 14.21811077150914
1298, 223.93006896972656, -368.2262878417969, 0.0, 0.9999995827674866, 0.0, 0.2155187427997589, 14.247180386358592
1299, 224.18557739257812, -368.2252502441406, 0.0, 1.0, 0.0, 0.21467019617557526, 14.28056773510486
1300, 224.45367431640625, -368.22418212890625, 0.0, 1.0, 0.0, 0.214072585105896, 14.319897668561776
1301, 224.73870849609375, -368.2229919433594, 0.0, 1.0, 0.0, 0.21375435590744019, 14.365729989912007
1302, 224.99269104003906, -368.22198486328125, 0.0, 1.0, 0.0, 0.21372249722480774, 14.409617388790286
1303, 225.26004028320312, -368.2209167480469, 0.0, 1.0, 0.0, 0.21394285559654236, 14.45828196033192
1304, 225.51031494140625, -368.21990966796875, 0.0, 1.0, 0.0, 0.21436630189418793, 14.50584063671775
1305, 225.7771453857422, -368.2189025878906, 0.0, 1.0, 0.0, 0.2150435596704483, 14.558272788586718
1306, 226.05442810058594, -368.2178039550781, 0.0, 1.0, 0.0, 0.21597757935523987, 14.61436729885104
1307, 226.35032653808594, -368.2166748046875, 0.0, 1.0, 0.0, 0.21719734370708466, 14.675869423204851
1308, 226.61398315429688, -368.2156677246094, 0.0, 1.0, 0.0, 0.21849098801612854, 14.731664078559447
1309, 226.87416076660156, -368.2146301269531, 0.0, 1.0, 0.0, 0.21993519365787506, 14.78756386178065
1310, 227.13038635253906, -368.2136535644531, 0.0, 1.0, 0.0, 0.22150997817516327, 14.843297910162475
1311, 227.3959503173828, -368.212646484375, 0.0, 1.0, 0.0, 0.22329291701316833, 14.901632847512424
1312, 227.673583984375, -368.2115783691406, 0.0, 1.0, 0.0, 0.22531045973300934, 14.963134225963529
1313, 227.93898010253906, -368.2105712890625, 0.0, 1.0, 0.0, 0.22737261652946472, 15.02233550813489
1314, 228.21551513671875, -368.20953369140625, 0.0, 1.0, 0.0, 0.22965380549430847, 15.08434369468171
1315, 228.49761962890625, -368.2084655761719, 0.0, 1.0, 0.0, 0.23210909962654114, 15.14786082278732
1316, 228.76702880859375, -368.2074279785156, 0.0, 1.0, 0.0, 0.23456452786922455, 15.208715415314215
1317, 229.0585479736328, -368.2062683105469, 0.0, 1.0, 0.0, 0.23733745515346527, 15.274687750350335
1318, 229.34426879882812, -368.2052001953125, 0.0, 1.0, 0.0, 0.24016118049621582, 15.339438587489749
1319, 229.61756896972656, -368.2041320800781, 0.0, 1.0, 0.0, 0.24295277893543243, 15.401412413162575
1320, 229.9091796875, -368.2029724121094, 0.0, 1.0, 0.0, 0.24602484703063965, 15.467528374017768
1321, 230.20367431640625, -368.2018127441406, 0.0, 1.0, 0.0, 0.2492161989212036, 15.534251086343671
1322, 230.47621154785156, -368.2007751464844, 0.0, 1.0, 0.0, 0.2522415816783905, 15.595948856909919
1323, 230.76593017578125, -368.19964599609375, 0.0, 1.0, 0.0, 0.2555307447910309, 15.661437820900126
1324, 231.06362915039062, -368.19842529296875, 0.0, 1.0, 0.0, 0.258981853723526, 15.72859597800144
1325, 231.35975646972656, -368.19720458984375, 0.0, 1.0, 0.0, 0.26248085498809814, 15.795251711108303
1326, 231.6414794921875, -368.1960754394531, 0.0, 1.0, 0.0, 0.2658655643463135, 15.858517130100534
1327, 231.94537353515625, -368.1947937011719, 0.0, 1.0, 0.0, 0.26957473158836365, 15.92656662197606
1328, 232.5239715576172, -368.1922912597656, 0.0, 1.0, 0.0, 0.2767840325832367, 16.055563720442386
1329, 232.8353729248047, -368.19091796875, 0.0, 1.0, 0.0, 0.2807367444038391, 16.12464857466943
1330, 233.1245574951172, -368.18963623046875, 0.0, 1.0, 0.0, 0.28444769978523254, 16.188591062092602
1331, 233.44081115722656, -368.1882629394531, 0.0, 1.0, 0.0, 0.2885483503341675, 16.2582580835096
1332, 233.75067138671875, -368.1869201660156, 0.0, 1.0, 0.0, 0.2926044762134552, 16.326258162543883
1333, 234.03028869628906, -368.18560791015625, 0.0, 1.0, 0.0, 0.29629388451576233, 16.387397172880558
1334, 234.33758544921875, -368.1842041015625, 0.0, 1.0, 0.0, 0.3003801107406616, 16.45433323800956
1335, 234.65757751464844, -368.1827392578125, 0.0, 0.9500000476837158, 0.0, 0.30466631054878235, 16.523505110946942
1336, 234.95628356933594, -368.1813049316406, 0.0, 0.9250000715255737, 0.0, 0.3086893558502197, 16.586876517041993
1337, 235.25729370117188, -368.17987060546875, 0.0, 0.8750001192092896, 0.0, 0.31275779008865356, 16.64915329340757
1338, 235.56692504882812, -368.1783447265625, 0.0, 0.8250001668930054, 0.0, 0.3169459104537964, 16.71084291090607
1339, 235.8641357421875, -368.1769104003906, 0.0, 0.8000001907348633, 0.0, 0.32095590233802795, 16.76726432029178
1340, 236.19696044921875, -368.1752624511719, 0.0, 0.7500002384185791, 0.0, 0.3254181146621704, 16.826980555201548
1341, 236.52993774414062, -368.173583984375, 0.0, 0.7000002861022949, 0.0, 0.3298327624797821, 16.882310016792268
1342, 236.82090759277344, -368.1720886230469, 0.0, 0.6750003099441528, 0.0, 0.3336341679096222, 16.92654556710883
1343, 237.13685607910156, -368.1705017089844, 0.0, 0.6000003814697266, 0.0, 0.33768054842948914, 16.9701274854865
1344, 237.46798706054688, -368.1687316894531, 0.0, 0.5500004291534424, 0.0, 0.3418075144290924, 17.009849297699766
1345, 237.7703399658203, -368.1671447753906, 0.0, 0.5000004768371582, 0.0, 0.34545472264289856, 17.0401958980533
1346, 238.0714569091797, -368.16552734375, 0.0, 0.4750004708766937, 0.0, 0.34894755482673645, 17.064618232669417
1347, 238.40460205078125, -368.1636962890625, 0.0, 0.42500045895576477, 0.0, 0.3526226282119751, 17.08499571132632
1348, 238.71031188964844, -368.1620178222656, 0.0, 0.3750004470348358, 0.0, 0.3558059334754944, 17.096860028870346
1349, 239.02249145507812, -368.1602783203125, 0.0, 0.35000044107437134, 0.0, 0.35884347558021545, 17.102151634172895
1350, 239.35494995117188, -368.1583557128906, 0.0, 0.3000004291534424, 0.0, 0.36181649565696716, 17.10028519309207
1351, 239.6722412109375, -368.1565246582031, 0.0, 0.2500004172325134, 0.0, 0.36439064145088196, 17.09081548435979
1352, 239.9730682373047, -368.1547546386719, 0.0, 0.22500041127204895, 0.0, 0.36658304929733276, 17.075012765740077
1353, 240.2903594970703, -368.15289306640625, 0.0, 0.17500039935112, 0.0, 0.36861762404441833, 17.05166454141727
1354, 240.59669494628906, -368.1510925292969, 0.0, 0.12500038743019104, 0.0, 0.37030738592147827, 17.02237819309354
1355, 240.91842651367188, -368.1491394042969, 0.0, 0.10000038892030716, 0.0, 0.3717760741710663, 16.98467455205106
1356, 241.24107360839844, -368.1471862792969, 0.0, 0.02500039152801037, 0.0, 0.37292781472206116, 16.939819822182287
1357, 241.5413055419922, -368.1453552246094, 0.0, -0.02499960921704769, 0.0, 0.3737069368362427, 16.891420498609776
1358, 241.84915161132812, -368.1434631347656, 0.0, 0.0, 0.0, 0.3741982579231262, 16.835749998165273
1359, 242.18089294433594, -368.1414489746094, 0.0, 0.0, 0.0, 0.37436947226524353, 16.76974329795554
1360, 242.48509216308594, -368.1395568847656, 0.0, 0.0, 0.0, 0.37421149015426636, 16.70424702941986
1361, 242.79718017578125, -368.1376037597656, 0.0, 0.0, 0.0, 0.3737281858921051, 16.632860427408506
1362, 243.11488342285156, -368.1355285644531, 0.0, 0.0, 0.0, 0.3729069232940674, 16.55634255900618
1363, 243.40150451660156, -368.13372802734375, 0.0, 0.0, 0.0, 0.37189432978630066, 16.484306368411893
1364, 243.71005249023438, -368.1317443847656, 0.0019098592456430197, 0.0, 0.0, 0.3712599277496338, 16.40403970789925
1365, 244.0269317626953, -368.1296081542969, 0.005729577504098415, 0.0, 0.0, 0.37287428975105286, 16.31894543394166
1366, 244.3150177001953, -368.1275634765625, 0.005729577504098415, 0.0, 0.0, 0.37721189856529236, 16.24000689417809
1367, 244.6091766357422, -368.1252746582031, 0.01145915500819683, 0.07500000298023224, 0.0, 0.3859649896621704, 16.158215841836448
1368, 244.908935546875, -368.1227111816406, 0.015278873965144157, 0.125, 0.0, 0.4009757936000824, 16.074673252071914
1369, 245.20001220703125, -368.1199951171875, 0.01718873344361782, 0.15000000596046448, 0.0, 0.4220937192440033, 15.994207468630103
1370, 245.4931182861328, -368.1169738769531, 0.021008450537919998, 0.20000001788139343, 0.0, 0.4511272609233856, 15.914314592991554
1371, 245.80548095703125, -368.1134033203125, 0.024828169494867325, 0.2500000298023224, 0.0, 0.49229347705841064, 15.831294457345269
1372, 246.0902557373047, -368.1097106933594, 0.030557747930288315, 0.3250000476837158, 0.0, 0.540476381778717, 15.758325256228733
1373, 246.37326049804688, -368.1056823730469, 0.03246760740876198, 0.3500000536441803, 0.0, 0.5993160009384155, 15.689291494674295
1374, 246.67825317382812, -368.1008605957031, 0.03374084457755089, 0.40000006556510925, 0.0, 0.6751251816749573, 15.619125134782129
1375, 246.964599609375, -368.0958557128906, 0.03246760740876198, 0.4500000774860382, 0.0, 0.7564768195152283, 15.558081301176978
1376, 247.2281036376953, -368.0909423828125, 0.03183098882436752, 0.4750000834465027, 0.0, 0.8390589952468872, 15.506413872329523
1377, 247.52395629882812, -368.0849609375, 0.030557749792933464, 0.5250000357627869, 0.0, 0.9398044347763062, 15.453477164285534
1378, 247.80335998535156, -368.0789794921875, 0.029284512624144554, 0.574999988079071, 0.0, 1.0412479639053345, 15.40914419291982
1379, 248.09780883789062, -368.072265625, 0.028011273592710495, 0.6249999403953552, 0.0, 1.1537556648254395, 15.36868221327944
1380, 248.38107299804688, -368.0654296875, 0.02737465500831604, 0.6499999165534973, 0.0, 1.2664581537246704, 15.336210450392642
1381, 248.66429138183594, -368.0581970214844, 0.02610141597688198, 0.6999998688697815, 0.0, 1.3826388120651245, 15.309980030750726
1382, 248.94692993164062, -368.0506286621094, 0.024828176945447922, 0.6999998688697815, 0.0, 1.5010881423950195, 15.29011529554677
1383, 249.24221801757812, -368.0422668457031, 0.024191558361053467, 0.6749998927116394, 0.0, 1.6268699169158936, 15.274970751965915
1384, 249.50991821289062, -368.0343322753906, 0.022281700745224953, 0.5999999642372131, 0.0, 1.7417328357696533, 15.26488177793894
1385, 249.7871856689453, -368.0257263183594, 0.02610141970217228, 0.550000011920929, 0.0, 1.8626750707626343, 15.255710535040492
1386, 250.0751495361328, -368.0162048339844, 0.028011279180645943, 0.5250000357627869, 0.0, 1.9914731979370117, 15.246375729332733
1387, 250.34947204589844, -368.006591796875, 0.03183099627494812, 0.4750000536441803, 0.0, 2.118497848510742, 15.236819836931868
1388, 250.6387481689453, -367.9957275390625, 0.03565071150660515, 0.42500004172325134, 0.0, 2.25874662399292, 15.224908204182485
1389, 250.93719482421875, -367.9837341308594, 0.039470426738262177, 0.3750000298023224, 0.0, 2.411736488342285, 15.209632653491141
1390, 251.20431518554688, -367.9723205566406, 0.04138028249144554, 0.3500000238418579, 0.0, 2.555994987487793, 15.192825897784141
1391, 251.4866943359375, -367.95941162109375, 0.04519999772310257, 0.30000001192092896, 0.0, 2.717409133911133, 15.171566642327694
1392, 251.77813720703125, -367.9452209472656, 0.04392676055431366, 0.25, 0.0, 2.892702341079712, 15.145538336522746
1393, 252.04681396484375, -367.931396484375, 0.043290141969919205, 0.22499999403953552, 0.0, 3.0609230995178223, 15.117338197317611
1394, 252.32484436035156, -367.9162902832031, 0.042016901075839996, 0.17499998211860657, 0.0, 3.240777015686035, 15.083987748865626
1395, 252.61422729492188, -367.89971923828125, 0.040743663907051086, 0.12499997764825821, 0.0, 3.4331281185150146, 15.04424385932522
1396, 252.88221740722656, -367.8836975097656, 0.04010704532265663, 0.09999997913837433, 0.0, 3.615064859390259, 15.002476084937788
1397, 253.1626739501953, -367.86614990234375, 0.03883380815386772, 0.04999998211860657, 0.0, 3.8086652755737305, 14.953864646440705
1398, 253.4432830810547, -367.84783935546875, 0.03692394867539406, 0.0, 0.0, 4.0044989585876465, 14.899491614405994
1399, 253.7078094482422, -367.8298645019531, 0.0362873300909996, 0.0, 0.0, 4.190509796142578, 14.843114778366008
1400, 253.9841766357422, -367.8103332519531, 0.03501409292221069, 0.0, 0.0, 4.385681629180908, 14.779783323654305
1401, 254.27284240722656, -367.78912353515625, 0.033740852028131485, 0.0, 0.0, 4.589759826660156, 14.709437156100021
1402, 254.52911376953125, -367.7696533203125, 0.032467614859342575, 0.0, 0.0, 4.770584583282471, 14.643763312941221
1403, 254.80043029785156, -367.7482604980469, 0.03183099627494812, 0.0, 0.0, 4.961282730102539, 14.571473413859648
1404, 255.07884216308594, -367.7254943847656, 0.03055775724351406, 0.0, 0.0, 5.155724048614502, 14.49469326755377
1405, 255.32431030273438, -367.704833984375, 0.02928452007472515, 0.0, 0.0, 5.3257036209106445, 14.425042213634152
1406, 255.59307861328125, -367.6814270019531, 0.028647899627685547, 0.0, 0.0, 5.509929656982422, 14.346990793873152
1407, 255.8662567138672, -367.6568603515625, 0.027374662458896637, 0.02500000037252903, 0.0, 5.694763660430908, 14.266590009479378
1408, 256.11224365234375, -367.63409423828125, 0.026101423427462578, 0.07500000298023224, 0.0, 5.858802795410156, 14.193541896475589
1409, 256.3856506347656, -367.6080627441406, 0.024828186258673668, 0.125, 0.0, 6.0378546714782715, 14.112791848106431
1410, 256.6522521972656, -367.58197021484375, 0.021645085886120796, 0.15000000596046448, 0.0, 6.208017826080322, 14.035475068048383
1411, 256.8996887207031, -367.5572204589844, 0.015278887934982777, 0.20000001788139343, 0.0, 6.359787940979004, 13.965531363671795
1412, 257.16845703125, -367.52978515625, 0.005729591473937035, 0.27500003576278687, 0.0, 6.513242244720459, 13.89240927012451
1413, 257.4261169433594, -367.50311279296875, 0.0, 0.3250000476837158, 0.0, 6.64699125289917, 13.82627958749245
1414, 257.6695251464844, -367.4776611328125, -0.0019098592456430197, 0.3500000536441803, 0.0, 6.760919094085693, 13.767913270956683
1415, 257.9281005859375, -367.4502258300781, -0.005729577504098415, 0.40000006556510925, 0.0, 6.867614269256592, 13.710341263517117
1416, 258.2080993652344, -367.42022705078125, -0.007002817466855049, 0.4500000774860382, 0.0, 6.968099594116211, 13.654299026992762
1417, 258.4505615234375, -367.39385986328125, -0.0063661979511380196, 0.4750000834465027, 0.0, 7.042113304138184, 13.610657797486775
1418, 258.6957702636719, -367.3668212890625, -0.005092958454042673, 0.5250000357627869, 0.0, 7.10687255859375, 13.571555360228137
1419, 258.95947265625, -367.3373718261719, -0.0038197189569473267, 0.574999988079071, 0.0, 7.1667985916137695, 13.535572871817951
1420, 259.2258605957031, -367.30712890625, -0.0025464792270213366, 0.6249999403953552, 0.0, 7.218935012817383, 13.50619077188528
1421, 259.47430419921875, -367.2785949707031, -0.0019098594784736633, 0.6499999165534973, 0.0, 7.261255741119385, 13.485385719645917
1422, 259.72271728515625, -367.2496032714844, 0.0, 0.6999998688697815, 0.0, 7.298850059509277, 13.470674170898507
1423, 259.97381591796875, -367.2199401855469, 0.0, 0.7499998211860657, 0.0, 7.332764148712158, 13.462366740370179
1424, 260.2191162109375, -367.19061279296875, 0.0, 0.7999997735023499, 0.0, 7.362395286560059, 13.460925362926414
1425, 260.465576171875, -367.1607971191406, 0.0, 0.849999725818634, 0.0, 7.389058589935303, 13.46615933681141
1426, 260.7402038574219, -367.1273498535156, 0.0, 0.8999996781349182, 0.0, 7.4157819747924805, 13.480252818417219
1427, 261.0079345703125, -367.09429931640625, 0.0, 0.9499996304512024, 0.0, 7.438783168792725, 13.501083831491126
1428, 261.2455139160156, -367.06475830078125, 0.0, 0.9749996066093445, 0.0, 7.457259654998779, 13.525919139470886
1429, 261.4939880371094, -367.0336608886719, 0.0, 1.0249996185302734, 0.0, 7.474809169769287, 13.557408715474962
1430, 261.7577209472656, -367.0003967285156, 0.0, 1.0, 0.0, 7.491734504699707, 13.59633658177298
1431, 261.99798583984375, -366.9699401855469, 0.0, 1.0, 0.0, 7.505868434906006, 13.636005675350484
1432, 262.2489318847656, -366.9379577636719, 0.0, 1.0, 0.0, 7.5194478034973145, 13.680839549542302
1433, 262.5169982910156, -366.9036560058594, 0.0, 1.0, 0.0, 7.532785415649414, 13.731916714048312
1434, 262.7574157714844, -366.8727722167969, 0.0, 1.0, 0.0, 7.543889045715332, 13.780153894765538
1435, 263.0116882324219, -366.8399658203125, 0.0, 1.0, 0.0, 7.5548272132873535, 13.833142439943389
1436, 263.2804870605469, -366.8051452636719, 0.0, 1.0, 0.0, 7.565589904785156, 13.890999609486757
1437, 263.5285339355469, -366.7729187011719, 0.0, 1.0, 0.0, 7.5749053955078125, 13.945831571088624
1438, 263.7891845703125, -366.7389831542969, 0.0, 1.0, 0.0, 7.584109306335449, 14.004630560212103
1439, 264.0699768066406, -366.7022705078125, 0.0, 1.0, 0.0, 7.593488693237305, 14.069196182721019
1440, 264.3510437011719, -366.66546630859375, 0.0, 1.0, 0.0, 7.602336406707764, 14.13475050784915
1441, 264.5967102050781, -366.63323974609375, 0.0, 1.0, 0.0, 7.609658241271973, 14.192619726347742
1442, 264.8760681152344, -366.5964660644531, 0.0, 1.0, 0.0, 7.617574691772461, 14.25893245163594
1443, 265.1475524902344, -366.56060791015625, 0.0038197184912860394, 1.0, 0.0, 7.626604080200195, 14.323785044709508
1444, 265.419189453125, -366.5245666503906, 0.005729577504098415, 1.0, 0.0, 7.638169288635254, 14.38899079713935
1445, 265.6795654296875, -366.4898376464844, 0.009549296461045742, 1.0, 0.0, 7.653104305267334, 14.45164720018252
1446, 265.9584045410156, -366.4523620605469, 0.013369014486670494, 1.0, 0.0, 7.6751708984375, 14.518790779001169
1447, 266.21051025390625, -366.4181823730469, 0.01718873344361782, 1.0, 0.0, 7.701555252075195, 14.579515436925877
1448, 266.474853515625, -366.38201904296875, 0.019098592922091484, 1.0, 0.0, 7.736582279205322, 14.643213107710706
1449, 266.7610168457031, -366.3424987792969, 0.02291831001639366, 1.0, 0.0, 7.7841315269470215, 14.712026381626877
1450, 267.01470947265625, -366.30706787109375, 0.026738028973340988, 1.0, 0.0, 7.835168361663818, 14.772889032438085
1451, 267.2967224121094, -366.2672424316406, 0.026101410388946533, 1.0, 0.0, 7.90149450302124, 14.840648945643776
1452, 267.5796203613281, -366.2268981933594, 0.024828171357512474, 1.0, 0.0, 7.976269721984863, 14.908683217213348
1453, 267.83917236328125, -366.1896057128906, 0.023554934188723564, 1.0, 0.0, 8.050625801086426, 14.971097284593311
1454, 268.1047668457031, -366.151123046875, 0.02164507657289505, 0.9250000715255737, 0.0, 8.131123542785645, 15.034611533223718
1455, 268.3932800292969, -366.1090393066406, 0.021008457988500595, 0.9000000953674316, 0.0, 8.222658157348633, 15.10198189284556
1456, 268.65673828125, -366.0703430175781, 0.019735218957066536, 0.8500001430511475, 0.0, 8.308916091918945, 15.161621660419055
1457, 268.9345397949219, -366.0292053222656, 0.018461979925632477, 0.8000001907348633, 0.0, 8.401771545410156, 15.221912909226145
1458, 269.21868896484375, -365.9869079589844, 0.017825361341238022, 0.7750002145767212, 0.0, 8.498133659362793, 15.280240210843203
1459, 269.49578857421875, -365.9453430175781, 0.016552122309803963, 0.725000262260437, 0.0, 8.592700958251953, 15.333619603028643
1460, 269.7857666015625, -365.9015197753906, 0.015278883278369904, 0.6750003099441528, 0.0, 8.691507339477539, 15.385213382510836
1461, 270.08843994140625, -365.85540771484375, 0.01400564331561327, 0.6250003576278687, 0.0, 8.793707847595215, 15.433821292574398
1462, 270.36865234375, -365.81243896484375, 0.01336902379989624, 0.6000003814697266, 0.0, 8.887131690979004, 15.473543257490954
1463, 270.6396789550781, -365.7706298828125, 0.012095782905817032, 0.5500004291534424, 0.0, 8.97591781616211, 15.507121208380699
1464, 270.9398193359375, -365.7238464355469, 0.01591550186276436, 0.5000004768371582, 0.0, 9.074039459228516, 15.538206876449912
1465, 271.2149658203125, -365.68060302734375, 0.019735220819711685, 0.45000046491622925, 0.0, 9.165624618530273, 15.560399472857666
1466, 271.4842834472656, -365.63775634765625, 0.02164508029818535, 0.42500045895576477, 0.0, 9.257772445678711, 15.57621837440133
1467, 271.7794189453125, -365.5902404785156, 0.025464799255132675, 0.3750004470348358, 0.0, 9.363216400146484, 15.586912964103336
1468, 272.0603942871094, -365.5443420410156, 0.031194377690553665, 0.3000004291534424, 0.0, 9.469913482666016, 15.589784720514933
1469, 272.3391418457031, -365.4981689453125, 0.03310423344373703, 0.2750004231929779, 0.0, 9.58272933959961, 15.585325210106408
1470, 272.64410400390625, -365.44677734375, 0.03692394867539406, 0.2750004231929779, 0.0, 9.715523719787598, 15.572818874618774
1471, 272.9174499511719, -365.3999938964844, 0.040743663907051086, 0.32500043511390686, 0.0, 9.843438148498535, 15.555841384049248
1472, 273.1919250488281, -365.3522644042969, 0.04010704532265663, 0.35000044107437134, 0.0, 9.980186462402344, 15.535467591248715
1473, 273.5060729980469, -365.29681396484375, 0.03883380815386772, 0.4000004529953003, 0.0, 10.144854545593262, 15.50944213650118
1474, 273.7829895019531, -365.24713134765625, 0.03756056725978851, 0.45000046491622925, 0.0, 10.296832084655762, 15.485696310728727
1475, 274.0608825683594, -365.1966247558594, 0.0362873300909996, 0.5000004768371582, 0.0, 10.454257011413574, 15.462286452699187
1476, 274.3606262207031, -365.141357421875, 0.03501409292221069, 0.5500004291534424, 0.0, 10.628457069396973, 15.43869127057406
1477, 274.65460205078125, -365.0863952636719, 0.03437747433781624, 0.5750004053115845, 0.0, 10.802823066711426, 15.41807186940229
1478, 274.93450927734375, -365.0333557128906, 0.03310423344373703, 0.6250003576278687, 0.0, 10.971179962158203, 15.401235783459253
1479, 275.23065185546875, -364.9764709472656, 0.03183099627494812, 0.6750003099441528, 0.0, 11.150885581970215, 15.387186009119947
1480, 275.55499267578125, -364.91326904296875, 0.03055775724351406, 0.725000262260437, 0.0, 11.348532676696777, 15.377490518632307
1481, 275.89154052734375, -364.84674072265625, 0.02928452007472515, 0.7750002145767212, 0.0, 11.553640365600586, 15.373980818982618
1482, 276.1927185058594, -364.78631591796875, 0.027374662458896637, 0.8500001430511475, 0.0, 11.73612117767334, 15.376705096079819
1483, 276.47686767578125, -364.72857666015625, 0.026738042011857033, 0.8750001192092896, 0.0, 11.906952857971191, 15.385333604982945
1484, 276.7641906738281, -364.66943359375, 0.025464804843068123, 0.9250000715255737, 0.0, 12.077921867370605, 15.39982340485771
1485, 277.06500244140625, -364.60675048828125, 0.024191565811634064, 0.9750000238418579, 0.0, 12.254490852355957, 15.421381126040837
1486, 277.3678894042969, -364.5428771972656, 0.022918328642845154, 1.0, 0.0, 12.429621696472168, 15.450212286011247
1487, 277.6511535644531, -364.48236083984375, 0.021645089611411095, 1.0, 0.0, 12.590229034423828, 15.482154938150908
1488, 277.935302734375, -364.42095947265625, 0.02100847102701664, 1.0, 0.0, 12.748336791992188, 15.51857268343295
1489, 278.2477111816406, -364.3527526855469, 0.01973523199558258, 1.0, 0.0, 12.918729782104492, 15.563157315486102
1490, 278.56689453125, -364.28216552734375, 0.01846199296414852, 1.0, 0.0, 13.088489532470703, 15.612532169209933
1491, 278.8373107910156, -364.22174072265625, 0.01718875579535961, 1.0, 0.0, 13.228452682495117, 15.656816318579091
1492, 279.1324462890625, -364.1550598144531, 0.016552135348320007, 1.0, 0.0, 13.377235412597656, 15.707384190243982
1493, 279.44256591796875, -364.08428955078125, 0.014642276801168919, 1.0, 0.0, 13.52908706665039, 15.762936263405894
1494, 279.75146484375, -364.0130920410156, 0.013369036838412285, 1.0, 0.0, 13.675101280212402, 15.820148193563274
1495, 280.0656433105469, -363.9399108886719, 0.01273241639137268, 1.0, 0.0, 13.818306922912598, 15.87992512643357
1496, 280.38739013671875, -363.8641662597656, 0.01336903590708971, 1.0, 0.0, 13.960142135620117, 15.942451987383247
1497, 280.6713562011719, -363.7966003417969, 0.017188753932714462, 1.0, 0.0, 14.0831298828125, 15.99832652923602
1498, 280.9801940917969, -363.72222900390625, 0.02100847288966179, 1.0, 0.0, 14.217326164245605, 16.059720603565705
1499, 281.30133056640625, -363.6440124511719, 0.022918332368135452, 1.0, 0.0, 14.358576774597168, 16.12438997363293
1500, 281.61383056640625, -363.5668640136719, 0.02673805132508278, 1.0, 0.0, 14.499850273132324, 16.187681587457952
1501, 281.92193603515625, -363.48980712890625, 0.02546481229364872, 1.0, 0.0, 14.642355918884277, 16.250870387317462
1502, 282.232177734375, -363.4113464355469, 0.02419157326221466, 0.9500000476837158, 0.0, 14.788005828857422, 16.314859477325815
1503, 282.54986572265625, -363.3302307128906, 0.02291833609342575, 0.9000000953674316, 0.0, 14.938362121582031, 16.37952612904659
1504, 282.88604736328125, -363.2433776855469, 0.02164509706199169, 0.8500001430511475, 0.0, 15.09797191619873, 16.446006173158082
1505, 283.2048034667969, -363.16009521484375, 0.021008478477597237, 0.8250001668930054, 0.0, 15.249149322509766, 16.506621145256872
1506, 283.5447998046875, -363.0704650878906, 0.019735239446163177, 0.7750002145767212, 0.0, 15.409597396850586, 16.567843868090947
1507, 283.8504333496094, -362.989013671875, 0.01846200041472912, 0.725000262260437, 0.0, 15.552271842956543, 16.619588425505587
1508, 284.1482849121094, -362.9089660644531, 0.016552144661545753, 0.6500003337860107, 0.0, 15.689108848571777, 16.666086603779153
1509, 284.4773864746094, -362.8197937011719, 0.01527890469878912, 0.6000003814697266, 0.0, 15.837276458740234, 16.711474840764065
1510, 284.8052673339844, -362.7301330566406, 0.014005664736032486, 0.5500004291534424, 0.0, 15.981022834777832, 16.750261069075304
1511, 285.1227111816406, -362.64263916015625, 0.012732423841953278, 0.5000004768371582, 0.0, 16.115657806396484, 16.781728021087922
1512, 285.4393615722656, -362.55462646484375, 0.012095804326236248, 0.4750004708766937, 0.0, 16.245616912841797, 16.806265933583376
1513, 285.75732421875, -362.4654846191406, 0.01082256343215704, 0.42500045895576477, 0.0, 16.371421813964844, 16.8240576727128
1514, 286.0882873535156, -362.3720703125, 0.009549323469400406, 0.3750004470348358, 0.0, 16.497329711914062, 16.834184134552668
1515, 286.4292907714844, -362.2750549316406, 0.008276083506643772, 0.32500043511390686, 0.0, 16.620906829833984, 16.835943064088
1516, 286.7513427734375, -362.1827392578125, 0.007002844009548426, 0.2750004231929779, 0.0, 16.73114585876465, 16.82979641909587
1517, 287.0478820800781, -362.09710693359375, 0.006366224493831396, 0.3000004291534424, 0.0, 16.827533721923828, 16.816997957896003
1518, 287.3747253417969, -362.0021667480469, 0.00509298499673605, 0.35000044107437134, 0.0, 16.92817497253418, 16.796856526660758
1519, 287.716796875, -361.9021911621094, 0.003819745499640703, 0.4000004529953003, 0.0, 17.02652359008789, 16.771826464299135
1520, 288.0700988769531, -361.7982482910156, 0.002546505769714713, 0.45000046491622925, 0.0, 17.120384216308594, 16.743870388831603
1521, 288.4151916503906, -361.696044921875, 0.0012732662726193666, 0.5000004768371582, 0.0, 17.204315185546875, 16.716270549870607
1522, 288.7425842285156, -361.59857177734375, 0.0, 0.5500004291534424, 0.0, 17.276718139648438, 16.691220128973285
1523, 289.560546875, -361.3527526855469, 0.0, 0.7000002861022949, 0.0, 17.42911148071289, 16.64341857530302
1524, 289.77099609375, -361.2890930175781, 0.0, 0.725000262260437, 0.0, 17.46259880065918, 16.63618313720188
1525, 290.07861328125, -361.1955261230469, 0.0, 0.7750002145767212, 0.0, 17.5074405670166, 16.629258095134414
1526, 290.4169616699219, -361.0922546386719, 0.0, 0.8250001668930054, 0.0, 17.552379608154297, 16.628257866431085
1527, 290.7377624511719, -360.9938659667969, 0.0, 0.8750001192092896, 0.0, 17.590930938720703, 16.633695954845845
1528, 291.0577392578125, -360.8952941894531, 0.0, 0.9250000715255737, 0.0, 17.625850677490234, 16.645543656452066
1529, 291.361328125, -360.8014221191406, 0.0, 0.9750000238418579, 0.0, 17.655874252319336, 16.66250961237174
1530, 291.67401123046875, -360.7044372558594, 0.0, 1.0, 0.0, 17.68415069580078, 16.686317618620524
1531, 291.9949035644531, -360.60455322265625, 0.0, 1.0, 0.0, 17.7109432220459, 16.71726441489453
1532, 292.3243408203125, -360.5017395019531, 0.0, 1.0, 0.0, 17.736169815063477, 16.754291251051153
1533, 292.65447998046875, -360.3983459472656, 0.0019098592456430197, 1.0, 0.0, 17.760271072387695, 16.795880134762626
1534, 292.9914855957031, -360.2923889160156, 0.007639436982572079, 1.0, 0.0, 17.786828994750977, 16.84206762075642
1535, 293.3035583496094, -360.1937561035156, 0.01145915500819683, 1.0, 0.0, 17.815988540649414, 16.887539904245493
1536, 293.6124267578125, -360.095703125, 0.013369014486670494, 1.0, 0.0, 17.850021362304688, 16.935007750282026
1537, 293.9434509277344, -359.9901123046875, 0.01718873344361782, 1.0, 0.0, 17.893226623535156, 16.98823047837874
1538, 294.289306640625, -359.8791198730469, 0.021008450537919998, 1.0, 0.0, 17.948101043701172, 17.045839864638182
1539, 294.6260986328125, -359.7704162597656, 0.024828169494867325, 1.0, 0.0, 18.012496948242188, 17.103602217170174
1540, 294.9378356933594, -359.6690979003906, 0.02864788845181465, 1.0, 0.0, 18.083810806274414, 17.15815827716833
1541, 295.2463684082031, -359.5682067871094, 0.030557747930288315, 1.0, 0.0, 18.16523551940918, 17.213264422209136
1542, 295.5979309082031, -359.45245361328125, 0.031194370239973068, 1.0, 0.0, 18.26987648010254, 17.277373830890195
1543, 295.93115234375, -359.34210205078125, 0.02992113120853901, 0.9750000238418579, 0.0, 18.379770278930664, 17.339134310525914
1544, 296.26922607421875, -359.2294006347656, 0.02864789217710495, 0.9250000715255737, 0.0, 18.50023651123047, 17.401860188864
1545, 296.5907287597656, -359.12164306640625, 0.02737465500831604, 0.8750001192092896, 0.0, 18.622159957885742, 17.460656595037783
1546, 296.9046936035156, -359.0157775878906, 0.026738034561276436, 0.8500001430511475, 0.0, 18.746597290039062, 17.51642413528674
1547, 297.245361328125, -358.90032958984375, 0.025464797392487526, 0.8000001907348633, 0.0, 18.8861083984375, 17.574441587019578
1548, 297.5855712890625, -358.7844543457031, 0.024191558361053467, 0.7500002384185791, 0.0, 19.02924156188965, 17.629093021420342
1549, 297.9489440917969, -358.6598815917969, 0.022918321192264557, 0.7000002861022949, 0.0, 19.185100555419922, 17.68302465920206
1550, 298.3129577636719, -358.5343933105469, 0.021645082160830498, 0.6500003337860107, 0.0, 19.343034744262695, 17.73162503467182
1551, 298.62127685546875, -358.4274597167969, 0.02037184312939644, 0.6000003814697266, 0.0, 19.4774227142334, 17.768277942679454
1552, 298.9361877441406, -358.31768798828125, 0.01909860596060753, 0.5250004529953003, 0.0, 19.6143741607666, 17.800530575369482
1553, 299.2975769042969, -358.19097900390625, 0.017188748344779015, 0.4750004708766937, 0.0, 19.77012062072754, 17.8295264118928
1554, 299.6253356933594, -358.07537841796875, 0.01655212789773941, 0.45000046491622925, 0.0, 19.909351348876953, 17.848958935911487
1555, 299.9703369140625, -357.95306396484375, 0.015278889797627926, 0.4000004529953003, 0.0, 20.053537368774414, 17.86129105893932
1556, 300.31573486328125, -357.8298645019531, 0.014005648903548717, 0.35000044107437134, 0.0, 20.194669723510742, 17.865427610836786
1557, 300.6252136230469, -357.7188720703125, 0.012732408940792084, 0.35000044107437134, 0.0, 20.317697525024414, 17.862567702155108
1558, 300.9753112792969, -357.5926208496094, 0.01145916897803545, 0.4000004529953003, 0.0, 20.45282745361328, 17.852351518278923
1559, 301.3190612792969, -357.4679260253906, 0.010185928083956242, 0.45000046491622925, 0.0, 20.58076286315918, 17.837805719254817
1560, 301.6779479980469, -357.3370361328125, 0.008912688121199608, 0.5000004768371582, 0.0, 20.708763122558594, 17.82001375317508
1561, 301.98052978515625, -357.2260437011719, 0.008276067674160004, 0.5250004529953003, 0.0, 20.81201934814453, 17.804151848779412
1562, 302.3053894042969, -357.1063232421875, 0.0070028286427259445, 0.5750004053115845, 0.0, 20.91791343688965, 17.787116828848646
1563, 302.65997314453125, -356.9749450683594, 0.0070028286427259445, 0.5750004053115845, 0.0, 21.028955459594727, 17.787116828848646
1564, 302.9925231933594, -356.85089111328125, 0.01209578663110733, 0.6750003099441528, 0.0, 21.13050079345703, 17.755949922318457
1565, 303.3311462402344, -356.72381591796875, 0.015915505588054657, 0.725000262260437, 0.0, 21.23405647277832, 17.745224702513685
1566, 303.6893615722656, -356.5883483886719, 0.021645084023475647, 0.8000001907348633, 0.0, 21.347095489501953, 17.7383254106252
1567, 304.01300048828125, -356.4648742675781, 0.025464802980422974, 0.8500001430511475, 0.0, 21.455013275146484, 17.73696165419576
1568, 304.3354797363281, -356.34088134765625, 0.027374662458896637, 0.8750001192092896, 0.0, 21.568742752075195, 17.741072682749582
1569, 304.67840576171875, -356.2080078125, 0.031194381415843964, 0.9250000715255737, 0.0, 21.697418212890625, 17.75159319203819
1570, 305.0266418457031, -356.07183837890625, 0.03501409664750099, 0.9750000238418579, 0.0, 21.838502883911133, 17.76861773309725
1571, 305.35369873046875, -355.94268798828125, 0.03883381187915802, 1.0, 0.0, 21.982912063598633, 17.790110965489532
1572, 305.6804504394531, -355.81243896484375, 0.04265352711081505, 1.0, 0.0, 22.139360427856445, 17.816905790349963
1573, 306.0035705566406, -355.6824645996094, 0.04392676427960396, 1.0, 0.0, 22.306196212768555, 17.848116196861127
1574, 306.3523864746094, -355.54095458984375, 0.0432901456952095, 1.0, 0.0, 22.497900009155273, 17.88675719670509
1575, 306.698486328125, -355.399169921875, 0.042016904801130295, 1.0, 0.0, 22.699251174926758, 17.92920909796903
1576, 307.031005859375, -355.26177978515625, 0.040743667632341385, 1.0, 0.0, 22.901569366455078, 17.97330128816631
1577, 307.37603759765625, -355.1180114746094, 0.03883381187915802, 1.0, 0.0, 23.119028091430664, 18.02202299651081
1578, 307.7093200683594, -354.9779357910156, 0.03756057098507881, 1.0, 0.0, 23.334890365600586, 18.071508231330185
1579, 308.0186767578125, -354.84674072265625, 0.0362873338162899, 1.0, 0.0, 23.539608001708984, 18.119175835472355
1580, 308.373291015625, -354.69525146484375, 0.03501409664750099, 1.0, 0.0, 23.77781105041504, 18.175805810822652
1581, 308.7078552246094, -354.55108642578125, 0.03374085575342178, 1.0, 0.0, 24.00520133972168, 18.230831514326436
1582, 309.0405578613281, -354.4064025878906, 0.03565071523189545, 1.0, 0.0, 24.234586715698242, 18.286474473655286
1583, 309.36236572265625, -354.2652282714844, 0.039470430463552475, 1.0, 0.0, 24.460939407348633, 18.34092044688031
1584, 309.6765441894531, -354.12603759765625, 0.0432901456952095, 1.0, 0.0, 24.68790054321289, 18.394552371905885
1585, 310.0143737792969, -353.9749450683594, 0.04710986092686653, 1.0, 0.0, 24.93967056274414, 18.45269204933067
1586, 310.37811279296875, -353.8103332519531, 0.05092957615852356, 1.0, 0.0, 25.221988677978516, 18.51568288810845
1587, 310.7101745605469, -353.658203125, 0.052839431911706924, 1.0, 0.0, 25.49116325378418, 18.573693664671605
1588, 311.0481872558594, -353.50164794921875, 0.05665914714336395, 1.0, 0.0, 25.775907516479492, 18.632894077998625
1589, 311.3681640625, -353.35150146484375, 0.06047886237502098, 1.0, 0.0, 26.058198928833008, 18.688954996081332
1590, 311.7185363769531, -353.1852722167969, 0.058569006621837616, 1.0, 0.0, 26.378725051879883, 18.751271756987276
1591, 312.0762939453125, -353.01336669921875, 0.05729576572775841, 0.9750000238418579, 0.0, 26.717464447021484, 18.815409474728142
1592, 312.41259765625, -352.849609375, 0.0560225285589695, 0.9250000715255737, 0.0, 27.045578002929688, 18.875542956555666
1593, 312.76361083984375, -352.6767883300781, 0.05474929139018059, 0.8750001192092896, 0.0, 27.395320892333984, 18.93684566135622
1594, 313.08807373046875, -352.51495361328125, 0.054112669080495834, 0.8500001430511475, 0.0, 27.725345611572266, 18.991749189701366
1595, 313.4391784667969, -352.33782958984375, 0.052839431911706924, 0.8000001907348633, 0.0, 28.08779525756836, 19.048424736113756
1596, 313.78167724609375, -352.1629333496094, 0.051566194742918015, 0.7500002384185791, 0.0, 28.445947647094727, 19.100371191776627
1597, 314.1368713378906, -351.979248046875, 0.050292957574129105, 0.7000002861022949, 0.0, 28.82108497619629, 19.15001424858828
1598, 314.49505615234375, -351.7915954589844, 0.049019716680049896, 0.6500003337860107, 0.0, 29.202178955078125, 19.19496366806605
1599, 314.80865478515625, -351.6252136230469, 0.047746479511260986, 0.6000003814697266, 0.0, 29.537389755249023, 19.229880989870093
1600, 315.14306640625, -351.4456481933594, 0.046473242342472076, 0.5500004291534424, 0.0, 29.89552116394043, 19.261705929872004
1601, 315.48779296875, -351.2584228515625, 0.04583662003278732, 0.5250004529953003, 0.0, 30.264877319335938, 19.287463207325242
1602, 315.8416442871094, -351.06378173828125, 0.04392676427960396, 0.45000046491622925, 0.0, 30.6433048248291, 19.3069241320972
1603, 316.2038269042969, -350.86181640625, 0.04265352711081505, 0.4000004529953003, 0.0, 31.029104232788086, 19.318384919910784
1604, 316.5635986328125, -350.6585388183594, 0.04138028621673584, 0.35000044107437134, 0.0, 31.410005569458008, 19.32073230590976
1605, 316.9072265625, -350.46185302734375, 0.04010704904794693, 0.3000004291534424, 0.0, 31.7711181640625, 19.3140972236597
1606, 317.21185302734375, -350.2853088378906, 0.03883381187915802, 0.2500004172325134, 0.0, 32.08851623535156, 19.30121190800827
1607, 317.55755615234375, -350.0826416015625, 0.03756057098507881, 0.20000040531158447, 0.0, 32.4454345703125, 19.277246787074024
1608, 317.90814208984375, -349.87451171875, 0.0362873338162899, 0.15000039339065552, 0.0, 32.80323791503906, 19.24333487624259
1609, 318.24078369140625, -349.674560546875, 0.03501409664750099, 0.10000038892030716, 0.0, 33.138729095458984, 19.202060775718344
1610, 318.5574951171875, -349.48175048828125, 0.03437747806310654, 0.07500039041042328, 0.0, 33.454166412353516, 19.155219569986116
1611, 318.8687744140625, -349.29010009765625, 0.03310423716902733, 0.02500039152801037, 0.0, 33.7603874206543, 19.101676814727206
1612, 319.20416259765625, -349.0814514160156, 0.03183100000023842, -0.02499960921704769, 0.0, 34.08614730834961, 19.035324235901445
1613, 319.55401611328125, -348.86102294921875, 0.03055776096880436, 0.0, 0.0, 34.42079544067383, 18.95774746256913
1614, 319.8856201171875, -348.64959716796875, 0.02928452380001545, 0.0, 0.0, 34.733001708984375, 18.877012619859183
1615, 320.2344970703125, -348.4244384765625, 0.02801128476858139, 0.0, 0.0, 35.05587387084961, 18.785477919215385
1616, 320.5491027832031, -348.2190856933594, 0.02673804759979248, 0.0, 0.0, 35.34192657470703, 18.697633208265252
1617, 320.84283447265625, -348.0251770019531, 0.024828189983963966, 0.0, 0.0, 35.60382080078125, 18.611875949486997
1618, 321.15338134765625, -347.8182067871094, 0.023554950952529907, 0.0, 0.0, 35.87543869018555, 18.517153054890258
1619, 321.46478271484375, -347.60845947265625, 0.022918332368135452, 0.0, 0.0, 36.142051696777344, 18.418564243950275
1620, 321.7779235839844, -347.3953857421875, 0.021645093336701393, 0.0, 0.0, 36.40415573120117, 18.31615584723461
1621, 322.0972900390625, -347.17572021484375, 0.020371854305267334, 0.0, 0.0, 36.664947509765625, 18.20863144494194
1622, 322.4015197753906, -346.96435546875, 0.019098617136478424, 0.0, 0.0, 36.907005310058594, 18.103575919701868
1623, 322.69891357421875, -346.7557067871094, 0.017825378105044365, 0.0, 0.0, 37.137298583984375, 17.998616795276153
1624, 322.9830322265625, -346.55438232421875, 0.016552140936255455, 0.0, 0.0, 37.35075378417969, 17.89645326553253
1625, 323.2813720703125, -346.3412170410156, 0.012732421979308128, 0.0, 0.0, 37.56747055053711, 17.787433744612006
1626, 323.57098388671875, -346.1325378417969, 0.006366224959492683, 0.0, 0.0, 37.76769256591797, 17.6801829988532
1627, 323.8822937011719, -345.9064636230469, 0.0, 0.0, 0.0, 37.967979431152344, 17.563471139825914
1628, 324.17926025390625, -345.689208984375, -0.0019098592456430197, 0.0, 0.0, 38.143775939941406, 17.450675534374025
1629, 324.48089599609375, -345.46710205078125, -0.007639436982572079, 0.0, 0.0, 38.30491638183594, 17.33490511697302
1630, 324.77423095703125, -345.24969482421875, -0.01145915500819683, 0.0, 0.0, 38.44315719604492, 17.221189710051117
1631, 325.03216552734375, -345.0574035644531, -0.015278873965144157, 0.0, 0.0, 38.547515869140625, 17.120336623443936
1632, 325.2972106933594, -344.85888671875, -0.019098592922091484, 0.0, 0.0, 38.63750076293945, 17.0159324819782
1633, 325.5788269042969, -344.64715576171875, -0.020371831953525543, 0.0, 0.0, 38.71541976928711, 16.90429013396008
1634, 325.8541564941406, -344.439208984375, -0.019098594784736633, 0.0, 0.0, 38.77424621582031, 16.794398317183465
1635, 326.1429138183594, -344.2200622558594, -0.017825355753302574, 0.0, 0.0, 38.81928634643555, 16.678387551002697
1636, 326.3923645019531, -344.02996826171875, -0.01718873716890812, 0.0, 0.0, 38.84513473510742, 16.57757407540311
1637, 326.63134765625, -343.8470764160156, -0.01591549813747406, 0.0, 0.0, 38.86040496826172, 16.480548366922793
1638, 326.9132080078125, -343.6305847167969, -0.014642258174717426, 0.0, 0.0, 38.868385314941406, 16.365660527913825
1639, 327.17620849609375, -343.4278564453125, -0.013369017280638218, 0.0, 0.0, 38.866939544677734, 16.258021088317292
1640, 327.44146728515625, -343.2225646972656, -0.012095777317881584, 0.0, 0.0, 38.85798263549805, 16.14903098631778
1641, 327.6852722167969, -343.03326416015625, -0.01082253735512495, 0.0, 0.0, 38.843833923339844, 16.048441202148624
1642, 327.9363098144531, -342.8377990722656, -0.009549297392368317, 0.0, 0.0, 38.82477569580078, 15.94456057047008
1643, 328.1900329589844, -342.6397705078125, -0.008276056498289108, 0.0, 0.0, 38.80220413208008, 15.839381159944308
1644, 328.4514465332031, -342.4351501464844, -0.007002817466855049, 0.0, 0.0, 38.77610778808594, 15.730745044445813
1645, 328.7218322753906, -342.22296142578125, -0.005092958454042673, 0.05000000074505806, 0.0, 38.74739456176758, 15.619052588109103
1646, 328.97430419921875, -342.02447509765625, -0.0038197189569473267, 0.10000000149011612, 0.0, 38.72001266479492, 15.515971989040317
1647, 329.2197265625, -341.8310852050781, -0.0031830992083996534, 0.125, 0.0, 38.693389892578125, 15.417680315565121
1648, 329.4488525390625, -341.6501770019531, -0.0019098594784736633, 0.17500001192092896, 0.0, 38.66911697387695, 15.327845377181152
1649, 329.6750183105469, -341.4714050292969, 0.0, 0.2250000238418579, 0.0, 38.64662551879883, 15.242056329865251
1650, 329.91754150390625, -341.27935791015625, 0.0, 0.27500003576278687, 0.0, 38.624122619628906, 15.154360093814846
1651, 330.1688232421875, -341.0801086425781, 0.0019098592456430197, 0.3250000476837158, 0.0, 38.60345458984375, 15.068530835776969
1652, 330.4106140136719, -340.8880310058594, 0.005729577504098415, 0.3750000596046448, 0.0, 38.587860107421875, 14.991532630548397
1653, 330.64569091796875, -340.7010498046875, 0.007639436982572079, 0.40000006556510925, 0.0, 38.57801055908203, 14.922358525629674
1654, 330.86322021484375, -340.5277404785156, 0.01145915500819683, 0.4500000774860382, 0.0, 38.57535934448242, 14.86307032142488
1655, 331.0994567871094, -340.3390808105469, 0.015278873965144157, 0.5000000596046448, 0.0, 38.580406188964844, 14.805284243279342
1656, 331.3371887207031, -340.1487121582031, 0.019098592922091484, 0.550000011920929, 0.0, 38.595970153808594, 14.754024307052662
1657, 331.5481872558594, -339.9792785644531, 0.02291831001639366, 0.5999999642372131, 0.0, 38.620506286621094, 14.714367186888262
1658, 331.7781982421875, -339.7942199707031, 0.02164507284760475, 0.6749998927116394, 0.0, 38.65670394897461, 14.679008794015152
1659, 332.0101623535156, -339.6070556640625, 0.021008452400565147, 0.6999998688697815, 0.0, 38.70259094238281, 14.651760868751346
1660, 332.2583923339844, -339.40643310546875, 0.019098596647381783, 0.7499998211860657, 0.0, 38.760276794433594, 14.631752567654559
1661, 332.4835510253906, -339.22412109375, 0.017825357615947723, 0.7999997735023499, 0.0, 38.818939208984375, 14.621544482223621
1662, 332.7162780761719, -339.0354309082031, 0.016552118584513664, 0.849999725818634, 0.0, 38.883758544921875, 14.62032814228651
1663, 332.9327392578125, -338.8595886230469, 0.015278879553079605, 0.8999996781349182, 0.0, 38.94730758666992, 14.62644182657048
1664, 333.14666748046875, -338.68560791015625, 0.014005639590322971, 0.9499996304512024, 0.0, 39.01201629638672, 14.639827123887152
1665, 333.3813171386719, -338.49456787109375, 0.014005639590322971, 0.9499996304512024, 0.0, 39.08435821533203, 14.662961339997851
1666, 333.61187744140625, -338.30657958984375, 0.012095779180526733, 1.0249996185302734, 0.0, 39.156211853027344, 14.692925566074015
1667, 333.8492126464844, -338.1127624511719, 0.012095779180526733, 1.0249996185302734, 0.0, 39.23008346557617, 14.730274852874103
1668, 334.07379150390625, -337.92919921875, 0.009549299255013466, 1.0, 0.0, 39.29905700683594, 14.770314223188768
1669, 334.28839111328125, -337.7535400390625, 0.008276058360934258, 1.0, 0.0, 39.36358642578125, 14.812494931646917
1670, 334.52099609375, -337.5629577636719, 0.007002819329500198, 1.0, 0.0, 39.431583404541016, 14.86197808086588
1671, 334.76129150390625, -337.3658447265625, 0.005729580298066139, 1.0, 0.0, 39.49894332885742, 14.916249372344675
1672, 335.00823974609375, -337.1629638671875, 0.004456340800970793, 1.0, 0.0, 39.5646858215332, 14.974817791121625
1673, 335.244140625, -336.9690246582031, 0.0031831010710448027, 1.0, 0.0, 39.62376022338867, 15.032968186989407
1674, 335.45941162109375, -336.7917785644531, 0.0019098614575341344, 1.0, 0.0, 39.67390060424805, 15.087479304847882
1675, 335.70599365234375, -336.58856201171875, 0.0031831010710448027, 1.0, 0.0, 39.72822952270508, 15.151548501660498
1676, 335.94012451171875, -336.395263671875, 0.005092960316687822, 1.0, 0.0, 39.777809143066406, 15.213486886063189
1677, 336.18084716796875, -336.1961364746094, 0.008912678807973862, 1.0, 0.0, 39.829315185546875, 15.278267125979736
1678, 336.43963623046875, -335.98150634765625, 0.01018591783940792, 1.0, 0.0, 39.88666534423828, 15.348872004182555
1679, 336.6547546386719, -335.80267333984375, 0.008912677876651287, 0.9750000238418579, 0.0, 39.93545913696289, 15.408127765910528
1680, 336.87750244140625, -335.61724853515625, 0.007002818398177624, 0.9250000715255737, 0.0, 39.985931396484375, 15.469357011715516
1681, 337.115966796875, -335.41839599609375, 0.005729578901082277, 0.8750001192092896, 0.0, 40.03909683227539, 15.53358488098902
1682, 337.36151123046875, -335.2132873535156, 0.004456339869648218, 0.8250001668930054, 0.0, 40.09214782714844, 15.597368169077996
1683, 337.61175537109375, -335.0040283203125, 0.003183100139722228, 0.7750002145767212, 0.0, 40.143741607666016, 15.659043049833757
1684, 337.8362731933594, -334.8160095214844, 0.002546480158343911, 0.7500002384185791, 0.0, 40.18750762939453, 15.711198619709288
1685, 338.0815124511719, -334.61041259765625, 0.002546480158343911, 0.7500002384185791, 0.0, 40.23243713378906, 15.763926954798631
1686, 338.3221130371094, -334.4084777832031, 0.0, 0.6500003337860107, 0.0, 40.272640228271484, 15.811334659831706
1687, 338.5712890625, -334.1991271972656, 0.0, 0.6000003814697266, 0.0, 40.3109130859375, 15.85444195103235
1688, 338.8302307128906, -333.9813232421875, 0.0, 0.5500004291534424, 0.0, 40.3470458984375, 15.892655312341
1689, 339.0699462890625, -333.7794494628906, 0.0, 0.5000004768371582, 0.0, 40.37732696533203, 15.921993952596193
1690, 339.3011169433594, -333.58447265625, 0.0, 0.45000046491622925, 0.0, 40.40399932861328, 15.943847493756056
1691, 339.5621032714844, -333.3641662597656, 0.0, 0.45000046491622925, 0.0, 40.43156051635742, 15.960475206068311
1692, 339.80419921875, -333.1595764160156, 0.0, 0.4750004708766937, 0.0, 40.45454406738281, 15.97015688986242
1693, 340.0710754394531, -332.9337463378906, 0.0, 0.5250004529953003, 0.0, 40.47755813598633, 15.975576845570249
1694, 340.3186950683594, -332.7239685058594, 0.0, 0.6000003814697266, 0.0, 40.496822357177734, 15.978087610110167
1695, 340.55865478515625, -332.5204162597656, 0.0038197184912860394, 0.6250003576278687, 0.0, 40.515342712402344, 15.980168848664707
1696, 340.788818359375, -332.32476806640625, 0.009549296461045742, 0.7000002861022949, 0.0, 40.53602600097656, 15.982686896362694
1697, 341.02935791015625, -332.1198425292969, 0.013369014486670494, 0.7500002384185791, 0.0, 40.563087463378906, 15.98754799732497
1698, 341.2919006347656, -331.89556884765625, 0.01718873344361782, 0.8000001907348633, 0.0, 40.600303649902344, 15.996930754943703
1699, 341.537109375, -331.68548583984375, 0.019098592922091484, 0.8250001668930054, 0.0, 40.64345169067383, 16.009917677264774
1700, 341.7698669433594, -331.4853820800781, 0.02291831001639366, 0.8750001192092896, 0.0, 40.6938591003418, 16.02576605327397
1701, 342.00054931640625, -331.2864685058594, 0.026738028973340988, 0.9250000715255737, 0.0, 40.75368118286133, 16.04568870578931
1702, 342.2489013671875, -331.0715026855469, 0.030557747930288315, 0.9750000238418579, 0.0, 40.82958984375, 16.072680312217134
1703, 342.49603271484375, -330.8568420410156, 0.03183098882436752, 1.0, 0.0, 40.91785430908203, 16.105202554059687
1704, 342.7243347167969, -330.6576843261719, 0.030557749792933464, 1.0, 0.0, 41.0101203918457, 16.139746796235002
1705, 342.9539794921875, -330.456787109375, 0.02992113120853901, 1.0, 0.0, 41.111366271972656, 16.17843927633609
1706, 343.2041320800781, -330.2372131347656, 0.02864789217710495, 1.0, 0.0, 41.22919845581055, 16.224673649574818
1707, 343.4622497558594, -330.00994873046875, 0.02737465500831604, 1.0, 0.0, 41.358062744140625, 16.275864736487772
1708, 343.7193603515625, -329.78277587890625, 0.02610141597688198, 1.0, 0.0, 41.49232482910156, 16.329866040450028
1709, 343.9435729980469, -329.5840148925781, 0.024191558361053467, 1.0, 0.0, 41.61296463012695, 16.37894620052898
1710, 344.1925354003906, -329.3627624511719, 0.022918321192264557, 1.0, 0.0, 41.749229431152344, 16.435498675752402
1711, 344.43701171875, -329.1447448730469, 0.021645082160830498, 1.0, 0.0, 41.88481140136719, 16.49257872476115
1712, 344.6915283203125, -328.91705322265625, 0.022918323054909706, 1.0, 0.0, 42.027774810791016, 16.553501680710667
1713, 344.9595642089844, -328.67633056640625, 0.026738040149211884, 1.0, 0.0, 42.1824951171875, 16.61875040579478
1714, 345.2129211425781, -328.44769287109375, 0.028647899627685547, 1.0, 0.0, 42.33384323120117, 16.681435902141427
1715, 345.4502258300781, -328.2324523925781, 0.032467618584632874, 1.0, 0.0, 42.4820671081543, 16.740668081090966
1716, 345.6811218261719, -328.02203369140625, 0.0362873338162899, 1.0, 0.0, 42.63349914550781, 16.798733399134324
1717, 345.9441833496094, -327.78094482421875, 0.04010704904794693, 1.0, 0.0, 42.81587219238281, 16.865378452789304
1718, 346.2040100097656, -327.5412292480469, 0.04392676427960396, 1.0, 0.0, 43.00830841064453, 16.93159623547085
1719, 346.4466857910156, -327.3158264160156, 0.04520000144839287, 1.0, 0.0, 43.20009994506836, 16.9939347536942
1720, 346.7005310058594, -327.07861328125, 0.04392676427960396, 1.0, 0.0, 43.41035842895508, 17.05991434301987
1721, 346.940185546875, -326.85321044921875, 0.0432901456952095, 1.0, 0.0, 43.618045806884766, 17.122686708228457
1722, 347.1961975097656, -326.61090087890625, 0.042016904801130295, 1.0, 0.0, 43.84722137451172, 17.19027240753827
1723, 347.4562683105469, -326.36322021484375, 0.040743667632341385, 1.0, 0.0, 44.086910247802734, 17.259364495837506
1724, 347.7098693847656, -326.12005615234375, 0.039470430463552475, 1.0, 0.0, 44.32606506347656, 17.327079474228874
1725, 347.9781188964844, -325.8612365722656, 0.038197193294763565, 1.0, 0.0, 44.58364486694336, 17.398983632670507
1726, 348.216552734375, -325.62957763671875, 0.0362873338162899, 1.0, 0.0, 44.81551742553711, 17.463177364943068
1727, 348.4632263183594, -325.3883972167969, 0.03501409664750099, 1.0, 0.0, 45.05718231201172, 17.529742021003734
1728, 348.72528076171875, -325.1306457519531, 0.03437747806310654, 1.0, 0.0, 45.31516647338867, 17.60053068277349
1729, 348.974365234375, -324.8838195800781, 0.03310423716902733, 1.0, 0.0, 45.561126708984375, 17.66795973593697
1730, 349.2296447753906, -324.62933349609375, 0.03183100000023842, 1.0, 0.0, 45.81312561035156, 17.737150308575586
1731, 349.4957275390625, -324.3622131347656, 0.03055776096880436, 1.0, 0.0, 46.0750617980957, 17.80936076670269
1732, 349.73480224609375, -324.1204833984375, 0.02928452380001545, 1.0, 0.0, 46.309139251708984, 17.87431701219056
1733, 349.9893798828125, -323.8614196777344, 0.03310424089431763, 1.0, 0.0, 46.558799743652344, 17.942983308262217
1734, 350.2392578125, -323.60491943359375, 0.036923956125974655, 1.0, 0.0, 46.80677795410156, 18.010000184818004
1735, 350.51373291015625, -323.3209228515625, 0.03883381560444832, 1.0, 0.0, 47.08356857299805, 18.083444231838428
1736, 350.7672119140625, -323.0563659667969, 0.04265353083610535, 1.0, 0.0, 47.34498596191406, 18.1508682752899
1737, 351.0315856933594, -322.77783203125, 0.046473246067762375, 1.0, 0.0, 47.62587356567383, 18.220821432540202
1738, 351.2843017578125, -322.5091247558594, 0.04710986465215683, 0.9500000476837158, 0.0, 47.90256118774414, 18.287475923326397
1739, 351.5242004394531, -322.2514953613281, 0.04583662375807762, 0.9000000953674316, 0.0, 48.172489166259766, 18.350088844978753
1740, 351.78350830078125, -321.9708251953125, 0.04456338658928871, 0.8500001430511475, 0.0, 48.46978759765625, 18.41568035105546
1741, 352.0373840332031, -321.69342041015625, 0.0432901494204998, 0.8000001907348633, 0.0, 48.765907287597656, 18.477147962310337
1742, 352.2944030761719, -321.4100646972656, 0.0432901494204998, 0.8000001907348633, 0.0, 49.06971740722656, 18.53579049675138
1743, 352.5632019042969, -321.1108093261719, 0.04074367135763168, 0.7000002861022949, 0.0, 49.390689849853516, 18.592470468297964
1744, 352.7862854003906, -320.8601379394531, 0.04010705277323723, 0.6750003099441528, 0.0, 49.65913391113281, 18.63558771502083
1745, 353.0353698730469, -320.5780334472656, 0.03883381560444832, 0.6250003576278687, 0.0, 49.959983825683594, 18.678694870236576
1746, 353.284912109375, -320.2928161621094, 0.03756057471036911, 0.5750004053115845, 0.0, 50.26205062866211, 18.716239488656438
1747, 353.5387878417969, -319.99993896484375, 0.0362873375415802, 0.5000004768371582, 0.0, 50.569210052490234, 18.747816708754662
1748, 353.7631530761719, -319.7386779785156, 0.034377481788396835, 0.45000046491622925, 0.0, 50.83966827392578, 18.769802577373078
1749, 354.0016784667969, -319.4585266113281, 0.03374085947871208, 0.42500045895576477, 0.0, 51.125553131103516, 18.78616521050123
1750, 354.256591796875, -319.1564636230469, 0.03246762230992317, 0.3750004470348358, 0.0, 51.42901611328125, 18.794849707692837
1751, 354.4949951171875, -318.8712158203125, 0.03246762230992317, 0.3750004470348358, 0.0, 51.71002197265625, 18.795474879977686
1752, 354.7406921386719, -318.5747375488281, 0.029921146109700203, 0.2750004231929779, 0.0, 51.99658966064453, 18.786670457299586
1753, 354.9731140136719, -318.2916259765625, 0.028647907078266144, 0.22500041127204895, 0.0, 52.2640495300293, 18.770572026235072
1754, 355.1999816894531, -318.0128479003906, 0.02801128849387169, 0.20000040531158447, 0.0, 52.521854400634766, 18.746783543940552
1755, 355.4581604003906, -317.69281005859375, 0.02673805132508278, 0.15000039339065552, 0.0, 52.81112289428711, 18.709875950000562
1756, 355.7046813964844, -317.3843688964844, 0.02546481229364872, 0.10000038892030716, 0.0, 53.08277893066406, 18.665217917826524
1757, 355.9476013183594, -317.07763671875, 0.02419157326221466, 0.0500003919005394, 0.0, 53.34587097167969, 18.61211313379105
1758, 356.1945495605469, -316.76287841796875, 0.02291833609342575, 3.915280046840053e-07, 0.0, 53.6082649230957, 18.548733927008005
1759, 356.43743896484375, -316.4505310058594, 0.02164509706199169, 0.0, 0.0, 53.86113357543945, 18.477093099912242
1760, 356.6764831542969, -316.140380859375, 0.020371858030557632, 0.0, 0.0, 54.10472106933594, 18.39888090710617
1761, 356.91497802734375, -315.82818603515625, 0.01846200041472912, 0.0, 0.0, 54.34189224243164, 18.3141190392437
1762, 357.1254577636719, -315.5502624511719, 0.01718876324594021, 0.0, 0.0, 54.54568862915039, 18.234482487864458
1763, 357.345703125, -315.2574462890625, 0.01591552421450615, 0.0, 0.0, 54.75361251831055, 18.14633020842961
1764, 357.5754089355469, -314.9495544433594, 0.014642284251749516, 0.0, 0.0, 54.96403121948242, 18.04991340424913
1765, 357.8034362792969, -314.64141845703125, 0.013369044288992882, 0.0, 0.0, 55.166160583496094, 17.950062238777775
1766, 358.0231018066406, -314.34222412109375, 0.012095804326236248, 0.0, 0.0, 55.35416030883789, 17.850306082600813
1767, 358.24810791015625, -314.0334777832031, 0.01082256343215704, 0.0, 0.0, 55.53948974609375, 17.744887335906068
1768, 358.4711608886719, -313.72515869140625, 0.007002844940871, 0.0, 0.0, 55.71452331542969, 17.63749962458372
1769, 358.6848449707031, -313.42791748046875, 0.0, 0.0, 0.0, 55.8709602355957, 17.532293781550507
1770, 358.8955383300781, -313.1330261230469, 0.0, 0.0, 0.0, 56.0136604309082, 17.426327023136178
1771, 359.0826110839844, -312.8695983886719, 0.0, 0.0, 0.0, 56.13079071044922, 17.330511730584284
1772, 359.2911682128906, -312.57440185546875, 0.0, 0.0, 0.0, 56.25239562988281, 17.221918252563594
1773, 359.49945068359375, -312.2778015136719, 0.0, 0.0, 0.0, 56.36445999145508, 17.111763079866563
1774, 359.7100830078125, -311.97607421875, 0.0, 0.0, 0.0, 56.46879577636719, 16.998729898008744
1775, 359.90545654296875, -311.6946105957031, 0.0, 0.0, 0.0, 56.558082580566406, 16.892539150908032
1776, 360.108154296875, -311.4010314941406, 0.0, 0.0, 0.0, 56.643375396728516, 16.781092181854675
1777, 360.2850341796875, -311.1435546875, 0.0, 0.0, 0.0, 56.711753845214844, 16.682851909994522
1778, 360.4812927246094, -310.8565368652344, 0.0, 0.0, 0.0, 56.78212356567383, 16.57288049689873
1779, 360.6719055175781, -310.5763854980469, 0.0, 0.0, 0.0, 56.84492492675781, 16.46513401874883
1780, 360.8672180175781, -310.28802490234375, 0.0, 0.0, 0.0, 56.90388107299805, 16.353842137095548
1781, 361.0474853515625, -310.02069091796875, 0.0, 0.0, 0.0, 56.95342254638672, 16.250321661956317
1782, 361.2417907714844, -309.7314453125, 0.0, 0.0, 0.0, 57.0025634765625, 16.13809835414025
1783, 361.4377136230469, -309.43853759765625, 0.0, 0.0, 0.0, 57.04755401611328, 16.024209803859364
1784, 361.6041564941406, -309.1888122558594, 0.0, 0.0, 0.0, 57.08226013183594, 15.926884952940338
1785, 361.7771301269531, -308.9284973144531, 0.0, 0.0, 0.0, 57.11521911621094, 15.82527909991178
1786, 361.9626770019531, -308.64837646484375, 0.0, 0.05000000074505806, 0.0, 57.147518157958984, 15.716815733460784
1787, 362.1393737792969, -308.3808898925781, 0.0, 0.10000000149011612, 0.0, 57.175331115722656, 15.614475714896829
1788, 362.32232666015625, -308.10296630859375, 0.0, 0.15000000596046448, 0.0, 57.20125961303711, 15.510482398977576
1789, 362.49432373046875, -307.8412170410156, 0.0, 0.20000001788139343, 0.0, 57.22316360473633, 15.415621316800967
1790, 362.66925048828125, -307.5740661621094, 0.0038197184912860394, 0.2500000298023224, 0.0, 57.2447395324707, 15.32271869677051
1791, 362.8294372558594, -307.32867431640625, 0.007639436982572079, 0.30000004172325134, 0.0, 57.26618957519531, 15.24120224854368
1792, 362.99945068359375, -307.0676574707031, 0.0063661979511380196, 0.3500000536441803, 0.0, 57.29048156738281, 15.160083870204089
1793, 363.1763610839844, -306.7951965332031, 0.005092958454042673, 0.40000006556510925, 0.0, 57.316650390625, 15.081713112903769
1794, 363.3414611816406, -306.5403137207031, 0.0038197189569473267, 0.4500000774860382, 0.0, 57.341087341308594, 15.014868935332629
1795, 363.51556396484375, -306.27117919921875, 0.0025464792270213366, 0.5000000596046448, 0.0, 57.365962982177734, 14.951481589420434
1796, 363.673583984375, -306.02655029296875, 0.0, 0.574999988079071, 0.0, 57.38644027709961, 14.900399419395205
1797, 363.8254699707031, -305.7911071777344, 0.0, 0.5999999642372131, 0.0, 57.404117584228516, 14.858327826906358
1798, 364.0003967285156, -305.5196533203125, 0.0, 0.6499999165534973, 0.0, 57.4223518371582, 14.818784596719413
1799, 364.1684265136719, -305.2586364746094, 0.0, 0.6999998688697815, 0.0, 57.43785858154297, 14.78960785902197
1800, 364.3379211425781, -304.9948425292969, 0.0038197184912860394, 0.7499998211860657, 0.0, 57.45345687866211, 14.769099217432846
1801, 364.50213623046875, -304.73883056640625, 0.007639436982572079, 0.7999997735023499, 0.0, 57.47112274169922, 14.75802942720549
1802, 364.6734619140625, -304.47113037109375, 0.01145915500819683, 0.849999725818634, 0.0, 57.4947395324707, 14.755756027533181
1803, 364.8240661621094, -304.2351379394531, 0.012732394970953465, 0.8999996781349182, 0.0, 57.52094650268555, 14.761203240841011
1804, 364.9743957519531, -303.9989929199219, 0.01209577452391386, 0.9249996542930603, 0.0, 57.55154037475586, 14.773884439296216
1805, 365.1394958496094, -303.7392578125, 0.010822534561157227, 0.9749996066093445, 0.0, 57.58879089355469, 14.795985639842614
1806, 365.308349609375, -303.4731140136719, 0.009549293667078018, 1.0249996185302734, 0.0, 57.629920959472656, 14.826498179545407
1807, 365.474365234375, -303.2110595703125, 0.007639434188604355, 1.0, 0.0, 57.671913146972656, 14.863374327942282
1808, 365.6355285644531, -302.95648193359375, 0.006366195157170296, 1.0, 0.0, 57.71310043334961, 14.904482805172545
1809, 365.7965393066406, -302.7018737792969, 0.005092955660074949, 1.0, 0.0, 57.75383758544922, 14.949867850024397
1810, 365.955810546875, -302.44976806640625, 0.003819716162979603, 1.0, 0.0, 57.7928352355957, 14.998028755372296
1811, 366.11651611328125, -302.19512939453125, 0.005092955660074949, 1.0, 0.0, 57.83164596557617, 15.049860541701884
1812, 366.282958984375, -301.9310607910156, 0.008912674151360989, 1.0, 0.0, 57.873199462890625, 15.106074836227695
1813, 366.4583435058594, -301.652099609375, 0.012732393108308315, 1.0, 0.0, 57.92113494873047, 15.167637585806462
1814, 366.62060546875, -301.3934020996094, 0.014642252586781979, 1.0, 0.0, 57.970367431640625, 15.226480466742633
1815, 366.78118896484375, -301.136474609375, 0.01846197061240673, 1.0, 0.0, 58.025882720947266, 15.285989516330439
1816, 366.9346008300781, -300.8902282714844, 0.022281689569354057, 1.0, 0.0, 58.08635711669922, 15.343947216772104
1817, 367.1058654785156, -300.6144714355469, 0.023554930463433266, 1.0, 0.0, 58.16240310668945, 15.409975718475959
1818, 367.2804260253906, -300.3323974609375, 0.022281691431999207, 1.0, 0.0, 58.248409271240234, 15.478558706098983
1819, 367.45257568359375, -300.05328369140625, 0.021008452400565147, 1.0, 0.0, 58.339908599853516, 15.547226621547987
1820, 367.61572265625, -299.78790283203125, 0.019735215231776237, 1.0, 0.0, 58.431636810302734, 15.613017477855621
1821, 367.777099609375, -299.5247497558594, 0.01846197620034218, 1.0, 0.0, 58.52559280395508, 15.678682931405007
1822, 367.9352111816406, -299.2663269042969, 0.01718873903155327, 1.0, 0.0, 58.619712829589844, 15.743486191913107
1823, 368.1153564453125, -298.9710998535156, 0.015278879553079605, 1.0, 0.0, 58.72802734375, 15.817843022852616
1824, 368.2815856933594, -298.6978454589844, 0.016552118584513664, 1.0, 0.0, 58.829193115234375, 15.886711262160915
1825, 368.4576110839844, -298.40753173828125, 0.02037183754146099, 1.0, 0.0, 58.93964385986328, 15.959690220684555
1826, 368.62158203125, -298.13592529296875, 0.022281697019934654, 1.0, 0.0, 59.04721450805664, 16.027788784468726
1827, 368.7807312011719, -297.8712158203125, 0.02610141597688198, 1.0, 0.0, 59.15727615356445, 16.09386023642631
1828, 368.9464416503906, -297.59429931640625, 0.029921134933829308, 1.0, 0.0, 59.279720306396484, 16.162605685141056
1829, 369.11749267578125, -297.3069763183594, 0.033740848302841187, 1.0, 0.0, 59.415313720703125, 16.233553147021624
1830, 369.2939453125, -297.0087585449219, 0.035014089196920395, 1.0, 0.0, 59.566226959228516, 16.30696066661066
1831, 369.46807861328125, -296.7127990722656, 0.033740848302841187, 1.0, 0.0, 59.7247428894043, 16.37977769654338
1832, 369.6412353515625, -296.41680908203125, 0.03246761113405228, 1.0, 0.0, 59.89019775390625, 16.45247526612159
1833, 369.81781005859375, -296.1132507324219, 0.031194373965263367, 1.0, 0.0, 60.065460205078125, 16.52683797569045
1834, 369.97564697265625, -295.8403015136719, 0.029921134933829308, 1.0, 0.0, 60.226871490478516, 16.59348117257497
1835, 370.14154052734375, -295.5520324707031, 0.029284516349434853, 1.0, 0.0, 60.40010452270508, 16.663554716724317
1836, 370.3095703125, -295.258544921875, 0.028011277318000793, 1.0, 0.0, 60.57829666137695, 16.734654217017393
1837, 370.4869384765625, -294.9471435546875, 0.02610141970217228, 1.0, 0.0, 60.76821517944336, 16.809802629447898
1838, 370.657958984375, -294.6452941894531, 0.02482818067073822, 1.0, 0.0, 60.952125549316406, 16.882286578418725
1839, 370.8341369628906, -294.33233642578125, 0.02610142156481743, 1.0, 0.0, 61.14287185668945, 16.956832201373885
1840, 371.0001525878906, -294.0355224609375, 0.029921140521764755, 1.0, 0.0, 61.32582092285156, 17.026740731156057
1841, 371.16204833984375, -293.74407958984375, 0.03183100000023842, 1.0, 0.0, 61.508567810058594, 17.094829146196496
1842, 371.34283447265625, -293.4163513183594, 0.03565071523189545, 1.0, 0.0, 61.71914291381836, 17.170553550829315
1843, 371.5105285644531, -293.1097717285156, 0.039470430463552475, 1.0, 0.0, 61.92283248901367, 17.240582900801737
1844, 371.6896057128906, -292.7794494628906, 0.0432901456952095, 1.0, 0.0, 62.151432037353516, 17.315155880589163
1845, 371.8646545410156, -292.4533386230469, 0.04710986092686653, 1.0, 0.0, 62.3876953125, 17.387901799438247
1846, 372.0404357910156, -292.1225280761719, 0.05092957615852356, 1.0, 0.0, 62.63947677612305, 17.46081748682378
1847, 372.216552734375, -291.7875671386719, 0.05474929139018059, 1.0, 0.0, 62.90794372558594, 17.533743955454323
1848, 372.3772888183594, -291.4783020019531, 0.05347605049610138, 1.0, 0.0, 63.16746520996094, 17.600942771799673
1849, 372.5310363769531, -291.1796875, 0.05220281332731247, 0.9500000476837158, 0.0, 63.426265716552734, 17.665434924063348
1850, 372.7070617675781, -290.8344421386719, 0.050292957574129105, 0.9000000953674316, 0.0, 63.733070373535156, 17.73829717475105
1851, 372.8731689453125, -290.5052185058594, 0.049019716680049896, 0.8500001430511475, 0.0, 64.03187561035156, 17.805087951917198
1852, 373.0411376953125, -290.1686706542969, 0.047746479511260986, 0.8000001907348633, 0.0, 64.34214782714844, 17.869834107765495
1853, 373.21343994140625, -289.8197326660156, 0.046473242342472076, 0.7500002384185791, 0.0, 64.66757202148438, 17.932408954308567
1854, 373.387451171875, -289.4631042480469, 0.04520000144839287, 0.7000002861022949, 0.0, 65.00264739990234, 17.990819396739795
1855, 373.5632629394531, -289.098388671875, 0.04392676427960396, 0.6500003337860107, 0.0, 65.34656524658203, 18.044074338487064
1856, 373.7321472167969, -288.7438659667969, 0.04265352711081505, 0.6000003814697266, 0.0, 65.68087768554688, 18.088934719027613
1857, 373.9031982421875, -288.38031005859375, 0.04138028621673584, 0.5500004291534424, 0.0, 66.02255249023438, 18.127372751964213
1858, 374.0831604003906, -287.9927978515625, 0.039470430463552475, 0.4750004708766937, 0.0, 66.38412475585938, 18.1592298673354
1859, 374.25, -287.6288146972656, 0.038197193294763565, 0.42500045895576477, 0.0, 66.72021484375, 18.179464017086726
1860, 374.4129943847656, -287.26861572265625, 0.03692395240068436, 0.3750004470348358, 0.0, 67.0488052368164, 18.190037651991645
1861, 374.5775451660156, -286.90008544921875, 0.03565071523189545, 0.32500043511390686, 0.0, 67.38021850585938, 18.190884650061303
1862, 374.7362365722656, -286.5399475097656, 0.03437747806310654, 0.2750004231929779, 0.0, 67.69877624511719, 18.181697090135124
1863, 374.8929748535156, -286.1796569824219, 0.03310423716902733, 0.22500041127204895, 0.0, 68.01184844970703, 18.16262803939705
1864, 375.03704833984375, -285.8442077636719, 0.032467618584632874, 0.20000040531158447, 0.0, 68.29834747314453, 18.136154394819478
1865, 375.1893310546875, -285.4850769042969, 0.031194381415843964, 0.15000039339065552, 0.0, 68.59928894042969, 18.099252515061384
1866, 375.3355407714844, -285.1357727050781, 0.02928452380001545, 0.07500039041042328, 0.0, 68.88594055175781, 18.05458070762685
1867, 375.4812316894531, -284.7830505371094, 0.02801128476858139, 0.02500039152801037, 0.0, 69.16893768310547, 18.00029916286675
1868, 375.6260070800781, -284.4280090332031, 0.02673804759979248, -0.02499960921704769, 0.0, 69.4471206665039, 17.93688070239059
1869, 375.7727966308594, -284.063232421875, 0.024828189983963966, 0.0, 0.0, 69.72555541992188, 17.86341688278694
1870, 375.92181396484375, -283.68780517578125, 0.023554950952529907, 0.0, 0.0, 70.0039291381836, 17.780127781460457
1871, 376.05859375, -283.3385925292969, 0.022281711921095848, 0.0, 0.0, 70.25545501708984, 17.696586851633565
1872, 376.2022705078125, -282.967041015625, 0.021008474752306938, 0.0, 0.0, 70.51493835449219, 17.602311964443064
1873, 376.3347473144531, -282.6198425292969, 0.01973523572087288, 0.0, 0.0, 70.74982452392578, 17.50979708337857
1874, 376.4740905761719, -282.25, 0.01846199668943882, 0.0, 0.0, 70.99158477783203, 17.407273576373854
1875, 376.60296630859375, -281.9036560058594, 0.01718875952064991, 0.0, 0.0, 71.2100830078125, 17.307989629477404
1876, 376.7384033203125, -281.53485107421875, 0.01591552048921585, 0.0, 0.0, 71.43399047851562, 17.199305034806994
1877, 376.8612365722656, -281.1961975097656, 0.014642280526459217, 0.0, 0.0, 71.63162994384766, 17.097120280051236
1878, 376.9949645996094, -280.8228759765625, 0.013369040563702583, 0.0, 0.0, 71.84022521972656, 16.982248684516662
1879, 377.1123352050781, -280.49127197265625, 0.01209580060094595, 0.0, 0.0, 72.01747131347656, 16.878463730157314
1880, 377.2350769042969, -280.1405944824219, 0.010822559706866741, 0.0, 0.0, 72.19627380371094, 16.767174819291547
1881, 377.3562316894531, -279.79022216796875, 0.009549319744110107, 0.0, 0.0, 72.36595916748047, 16.65460530608895
1882, 377.47125244140625, -279.4539489746094, 0.008276079781353474, 0.0, 0.0, 72.52018737792969, 16.545454012704326
1883, 377.58709716796875, -279.1116638183594, 0.006366220768541098, 0.0, 0.0, 72.6679916381836, 16.433384534990132
1884, 377.6961364746094, -278.7862548828125, 0.005092981271445751, 0.0, 0.0, 72.79976654052734, 16.326050174496768
1885, 377.8112487792969, -278.439208984375, 0.0038197417743504047, 0.0, 0.0, 72.93048858642578, 16.210823306927775
1886, 377.9085388183594, -278.14312744140625, 0.0025465020444244146, 0.0, 0.0, 73.03364562988281, 16.111966422535847
1887, 378.0162048339844, -277.8128967285156, 0.0012732625473290682, 0.0, 0.0, 73.14031982421875, 16.00122023196213
1888, 378.1202697753906, -277.4908752441406, 0.0, 0.05000000074505806, 0.0, 73.23519134521484, 15.893706490099516
1889, 378.22088623046875, -277.1771545410156, 0.0, 0.10000000149011612, 0.0, 73.31934356689453, 15.789971657776901
1890, 378.33245849609375, -276.82635498046875, 0.0, 0.15000000596046448, 0.0, 73.40425872802734, 15.67638343097143
1891, 378.4331970214844, -276.5071716308594, 0.0, 0.20000001788139343, 0.0, 73.47398376464844, 15.576355234818601
1892, 378.5311584472656, -276.1944580078125, 0.0, 0.2500000298023224, 0.0, 73.53575134277344, 15.482274813136575
1893, 378.6325988769531, -275.8682556152344, 0.0, 0.30000004172325134, 0.0, 73.59369659423828, 15.389111609855092
1894, 378.73052978515625, -275.5511169433594, 0.0, 0.3500000536441803, 0.0, 73.64427947998047, 15.304237789444601
1895, 378.8298034667969, -275.2274475097656, 0.0038197184912860394, 0.40000006556510925, 0.0, 73.69232940673828, 15.224048332995249
1896, 378.9268798828125, -274.9083251953125, 0.007639436982572079, 0.4500000774860382, 0.0, 73.73909759521484, 15.152017154727504
1897, 379.01873779296875, -274.60369873046875, 0.013369014486670494, 0.5250000357627869, 0.0, 73.78652954101562, 15.09034192935044
1898, 379.1144104003906, -274.28363037109375, 0.01718873344361782, 0.574999988079071, 0.0, 73.8422622680664, 15.034044769311327
1899, 379.2035217285156, -273.9827880859375, 0.021008450537919998, 0.6249999403953552, 0.0, 73.90196228027344, 14.989619241031843
1900, 379.29736328125, -273.6625671386719, 0.024828169494867325, 0.6749998927116394, 0.0, 73.97543334960938, 14.951513638842872
1901, 379.38372802734375, -273.3650207519531, 0.026101410388946533, 0.7249998450279236, 0.0, 74.05317687988281, 14.925125093776561
1902, 379.47564697265625, -273.04547119140625, 0.024828171357512474, 0.7749997973442078, 0.0, 74.14574432373047, 14.906617908180804
1903, 379.5589294433594, -272.75360107421875, 0.023554934188723564, 0.7249998450279236, 0.0, 74.23676300048828, 14.897980248374145
1904, 379.6456298828125, -272.4473876953125, 0.022281695157289505, 0.6749998927116394, 0.0, 74.33749389648438, 14.89430863041464
1905, 379.727294921875, -272.1570129394531, 0.021008457988500595, 0.6249999403953552, 0.0, 74.4366226196289, 14.893691433216878
1906, 379.81268310546875, -271.8511047363281, 0.022281697019934654, 0.574999988079071, 0.0, 74.54491424560547, 14.893829616138042
1907, 379.90155029296875, -271.5299987792969, 0.02610141597688198, 0.5250000357627869, 0.0, 74.66452026367188, 14.892894263386998
1908, 379.9877624511719, -271.2154541015625, 0.029921134933829308, 0.4750000536441803, 0.0, 74.7895278930664, 14.889413755329162
1909, 380.0711975097656, -270.9079895019531, 0.033740848302841187, 0.42500004172325134, 0.0, 74.92100524902344, 14.882359311829521
1910, 380.1578369140625, -270.5848693847656, 0.037560563534498215, 0.3750000298023224, 0.0, 75.07085418701172, 14.870070585716503
1911, 380.2379150390625, -270.2824401855469, 0.04138027876615524, 0.32500001788139343, 0.0, 75.2230224609375, 14.853235447074248
1912, 380.32440185546875, -269.9512939453125, 0.04519999399781227, 0.2750000059604645, 0.0, 75.40460205078125, 14.828336979647093
1913, 380.4007263183594, -269.6551208496094, 0.043290138244628906, 0.19999998807907104, 0.0, 75.5784683227539, 14.799951163093347
1914, 380.4792785644531, -269.3465270996094, 0.0420168973505497, 0.1499999761581421, 0.0, 75.769287109375, 14.763385212076559
1915, 380.5580139160156, -269.03326416015625, 0.04074366018176079, 0.09999997913837433, 0.0, 75.97113800048828, 14.71866030181452
1916, 380.63494873046875, -268.7231750488281, 0.03947042301297188, 0.04999998211860657, 0.0, 76.17735290527344, 14.666643731793407
1917, 380.71026611328125, -268.41583251953125, 0.03819718584418297, -1.8253922817734747e-08, 0.0, 76.38664245605469, 14.607348064464361
1918, 380.7877197265625, -268.0951232910156, 0.03692394495010376, 0.0, 0.0, 76.60890197753906, 14.537331337585432
1919, 380.8588562011719, -267.7969970703125, 0.03565070778131485, 0.0, 0.0, 76.81783294677734, 14.466244272870393
1920, 380.93365478515625, -267.47900390625, 0.03437747061252594, 0.0, 0.0, 77.04210662841797, 14.385234637325016
1921, 381.0044860839844, -267.17401123046875, 0.03437747061252594, 0.0, 0.0, 77.25759887695312, 14.30322639376275
1922, 381.0753479003906, -266.864501953125, 0.03183099254965782, 0.0, 0.0, 77.47577667236328, 14.216432837976683
1923, 381.1434631347656, -266.5625, 0.030557753518223763, 0.0, 0.0, 77.6873779296875, 14.128792467738634
1924, 381.2126770019531, -266.25146484375, 0.02864789590239525, 0.0, 0.0, 77.90290069580078, 14.036003598038388
1925, 381.27960205078125, -265.9460144042969, 0.02737465873360634, 0.05000000074505806, 0.0, 78.11141204833984, 13.943770685171305
1926, 381.33843994140625, -265.67364501953125, 0.02610141970217228, 0.10000000149011612, 0.0, 78.29421997070312, 13.86150149420324
1927, 381.3987731933594, -265.3905944824219, 0.02482818067073822, 0.15000000596046448, 0.0, 78.4804916381836, 13.777289862401314
1928, 381.4556579589844, -265.1202087402344, 0.02355494350194931, 0.20000001788139343, 0.0, 78.65448760986328, 13.699157791287874
1929, 381.5182800292969, -264.818115234375, 0.02228170447051525, 0.2500000298023224, 0.0, 78.84365844726562, 13.615637075542075
1930, 381.5792541503906, -264.5191345214844, 0.020371846854686737, 0.3250000476837158, 0.0, 79.02478790283203, 13.538090985558988
1931, 381.63714599609375, -264.2315673828125, 0.019098609685897827, 0.3750000596046448, 0.0, 79.19279479980469, 13.469710285720804
1932, 381.6949157714844, -263.94036865234375, 0.012732410803437233, 0.42500007152557373, 0.0, 79.35380554199219, 13.407473687854015
1933, 381.74993896484375, -263.6600646972656, 0.006366213317960501, 0.4750000834465027, 0.0, 79.49674224853516, 13.354770870036452
1934, 381.80657958984375, -263.3691101074219, 0.0, 0.5250000357627869, 0.0, 79.62896728515625, 13.307924540848717
1935, 381.86077880859375, -263.0888366699219, -0.0038197184912860394, 0.574999988079071, 0.0, 79.73928833007812, 13.270794968655956
1936, 381.92010498046875, -262.77978515625, -0.007639436982572079, 0.6249999403953552, 0.0, 79.84007263183594, 13.23919558493368
1937, 381.97296142578125, -262.5028991699219, -0.008912676014006138, 0.6749998927116394, 0.0, 79.91300964355469, 13.219636793774121
1938, 382.0282287597656, -262.2112731933594, -0.007639436051249504, 0.7249998450279236, 0.0, 79.97409057617188, 13.207990761912718
1939, 382.0791015625, -261.941162109375, -0.006366197019815445, 0.7749997973442078, 0.0, 80.01901245117188, 13.205664170693844
1940, 382.13232421875, -261.6562805175781, -0.0050929575227200985, 0.8249997496604919, 0.0, 80.0566635131836, 13.211811668820088
1941, 382.18597412109375, -261.3672180175781, -0.003819718025624752, 0.8749997019767761, 0.0, 80.08686065673828, 13.226915655529213
1942, 382.2337951660156, -261.10693359375, -0.002546478295698762, 0.9249996542930603, 0.0, 80.10868072509766, 13.247518293946182
1943, 382.28369140625, -260.833740234375, 0.0, 0.9749996066093445, 0.0, 80.12891387939453, 13.277161943443886
1944, 382.3319396972656, -260.5676574707031, 0.0, 1.0249996185302734, 0.0, 80.14664459228516, 13.313051925912365
1945, 382.38232421875, -260.2881164550781, 0.0, 1.0, 0.0, 80.1634292602539, 13.357123284896703
1946, 382.4308166503906, -260.0174865722656, 0.0, 1.0, 0.0, 80.17816925048828, 13.40484913789841
1947, 382.48333740234375, -259.7230224609375, 0.0, 1.0, 0.0, 80.19281768798828, 13.461227528042432
1948, 382.53668212890625, -259.4224548339844, 0.0, 1.0, 0.0, 80.2064208984375, 13.522648369400345
1949, 382.58831787109375, -259.13031005859375, 0.0, 1.0, 0.0, 80.21855926513672, 13.585372803325926
1950, 382.6407775878906, -258.8323669433594, 0.0, 1.0, 0.0, 80.23001861572266, 13.651762720528193
1951, 382.6918640136719, -258.54058837890625, 0.0038197184912860394, 1.0, 0.0, 80.24237823486328, 13.718602341916775
1952, 382.7438049316406, -258.2424011230469, 0.007639436982572079, 1.0, 0.0, 80.25882720947266, 13.788327260943367
1953, 382.79534912109375, -257.9443359375, 0.01145915500819683, 1.0, 0.0, 80.281494140625, 13.859138297131159
1954, 382.8490295410156, -257.631103515625, 0.015278873965144157, 1.0, 0.0, 80.3142318725586, 13.934420989007037
1955, 382.8990478515625, -257.33642578125, 0.019098592922091484, 1.0, 0.0, 80.3547592163086, 14.005843854564114
1956, 382.9502258300781, -257.0317077636719, 0.02291831001639366, 1.0, 0.0, 80.40837097167969, 14.08011107084036
1957, 383.0029602050781, -256.71484375, 0.02164507284760475, 1.0, 0.0, 80.47527313232422, 14.15796936600735
1958, 383.0525817871094, -256.4139404296875, 0.020371833816170692, 1.0, 0.0, 80.54708099365234, 14.232328020834485
1959, 383.1021728515625, -256.1107482910156, 0.019098596647381783, 1.0, 0.0, 80.6256332397461, 14.3074863308791
1960, 383.1527404785156, -255.79959106445312, 0.017825357615947723, 1.0, 0.0, 80.71102905273438, 14.384742487574394
1961, 383.20306396484375, -255.48760986328125, 0.01591550000011921, 1.0, 0.0, 80.79969024658203, 14.462258755550629
1962, 383.2525329589844, -255.17938232421875, 0.014642260037362576, 1.0, 0.0, 80.8887939453125, 14.538773915006566
1963, 383.3052978515625, -254.84815979003906, 0.012732399627566338, 1.0, 0.0, 80.98473358154297, 14.620885195811486
1964, 383.3547668457031, -254.53614807128906, 0.012095779180526733, 1.0, 0.0, 81.0744857788086, 14.698024651976281
1965, 383.40850830078125, -254.1951141357422, 0.010185918770730495, 1.0, 0.0, 81.17078399658203, 14.782102458756336
1966, 383.45648193359375, -253.888916015625, 0.008912678807973862, 1.0, 0.0, 81.25492095947266, 14.85734288143604
1967, 383.508544921875, -253.5543670654297, 0.007639438845217228, 1.0, 0.0, 81.3434829711914, 14.93922926860492
1968, 383.55426025390625, -253.25900268554688, 0.006366199813783169, 1.0, 0.0, 81.41822814941406, 15.011222399703248
1969, 383.6056213378906, -252.9257049560547, 0.005092960316687822, 1.0, 0.0, 81.4985122680664, 15.09214928781198
1970, 383.65155029296875, -252.62579345703125, 0.003819720819592476, 1.0, 0.0, 81.566650390625, 15.164660965519321
1971, 383.6993713378906, -252.3114776611328, 0.005092960316687822, 1.0, 0.0, 81.63453674316406, 15.240266189026833
1972, 383.7472229003906, -251.99473571777344, 0.007002819795161486, 1.0, 0.0, 81.70093536376953, 15.316040571150277
1973, 383.7966003417969, -251.66513061523438, 0.007002819795161486, 1.0, 0.0, 81.77136993408203, 15.394247883968232
1974, 383.84698486328125, -251.3245391845703, 0.014005636796355247, 1.0, 0.0, 81.84736633300781, 15.47463048657123
1975, 383.8960876464844, -250.98939514160156, 0.012732396833598614, 1.0, 0.0, 81.92457580566406, 15.553422448910414
1976, 383.9449462890625, -250.65206909179688, 0.010822536423802376, 1.0, 0.0, 82.00323486328125, 15.632399146071002
1977, 383.9953308105469, -250.30157470703125, 0.009549296461045742, 1.0, 0.0, 82.08465576171875, 15.714059547972285
1978, 384.04388427734375, -249.9608612060547, 0.008276055566966534, 1.0, 0.0, 82.16265869140625, 15.793039142123066
1979, 384.09295654296875, -249.6137237548828, 0.0070028165355324745, 1.0, 0.0, 82.24010467529297, 15.873079877079231
1980, 384.1413269042969, -249.26931762695312, 0.005729577038437128, 1.0, 0.0, 82.31426239013672, 15.952078983859424
1981, 384.19183349609375, -248.90682983398438, 0.004456338007003069, 1.0, 0.0, 82.38865661621094, 16.03475257216042
1982, 384.2381896972656, -248.5718536376953, 0.003183098277077079, 1.0, 0.0, 82.45365905761719, 16.110748986739846
1983, 384.2877197265625, -248.2115020751953, 0.0019098585471510887, 1.0, 0.0, 82.51898956298828, 16.192052323967886
1984, 384.3355712890625, -247.86199951171875, 0.0, 1.0, 0.0, 82.57709503173828, 16.270480978297677
1985, 384.3865966796875, -247.48614501953125, 0.0019098592456430197, 1.0, 0.0, 82.6349868774414, 16.35428498245864
1986, 384.4339294433594, -247.1345977783203, 0.005729577504098415, 1.0, 0.0, 82.68767547607422, 16.43211185310001
1987, 384.48187255859375, -246.775390625, 0.009549296461045742, 1.0, 0.0, 82.74300384521484, 16.511041656282167
1988, 384.5318298339844, -246.39573669433594, 0.015278873965144157, 1.0, 0.0, 82.80709075927734, 16.593675072465665
1989, 384.5775451660156, -246.04348754882812, 0.016552112996578217, 1.0, 0.0, 82.87285614013672, 16.669926382409944
1990, 384.6258239746094, -245.6668243408203, 0.015278873033821583, 1.0, 0.0, 82.94889068603516, 16.751164683978995
1991, 384.67205810546875, -245.3011474609375, 0.013369012624025345, 1.0, 0.0, 83.02650451660156, 16.829737249298873
1992, 384.7173767089844, -244.93955993652344, 0.012095772661268711, 1.0, 0.0, 83.10538482666016, 16.90706605411872
1993, 384.76165771484375, -244.5824432373047, 0.010822532698512077, 1.0, 0.0, 83.18434143066406, 16.98308306326562
1994, 384.8076477050781, -244.20794677734375, 0.010185912251472473, 1.0, 0.0, 83.26746368408203, 17.06235671156997
1995, 384.852294921875, -243.84100341796875, 0.008276051841676235, 1.0, 0.0, 83.34822082519531, 17.139668475560146
1996, 384.8994140625, -243.45016479492188, 0.007002812810242176, 1.0, 0.0, 83.43228912353516, 17.221568093503027
1997, 384.94232177734375, -243.0911407470703, 0.00572957331314683, 1.0, 0.0, 83.50716400146484, 17.296403774266835
1998, 384.98968505859375, -242.6918487548828, 0.007002813275903463, 1.0, 0.0, 83.58838653564453, 17.379094621360107
1999, 385.0334777832031, -242.31805419921875, 0.010822531767189503, 1.0, 0.0, 83.66480255126953, 17.455903669688503
2000, 385.07965087890625, -241.9184112548828, 0.01464225072413683, 1.0, 0.0, 83.74999237060547, 17.537362456825576
2001, 385.11932373046875, -241.56898498535156, 0.01846196874976158, 1.0, 0.0, 83.82977294921875, 17.6079917960634
2002, 385.1625061035156, -241.18289184570312, 0.02419154718518257, 1.0, 0.0, 83.92610168457031, 17.685255487423095
2003, 385.2055358886719, -240.78982543945312, 0.022918308153748512, 1.0, 0.0, 84.03302764892578, 17.763733578877382
2004, 385.2447814941406, -240.42507934570312, 0.021645070984959602, 1.0, 0.0, 84.13853454589844, 17.836327749953774
2005, 385.2850646972656, -240.04493713378906, 0.020371831953525543, 1.0, 0.0, 84.2535171508789, 17.91171311263647
2006, 385.32342529296875, -239.6763153076172, 0.019098594784736633, 1.0, 0.0, 84.36862182617188, 17.98452018600256
2007, 385.3642883300781, -239.27737426757812, 0.017825355753302574, 1.0, 0.0, 84.49589538574219, 18.062974604390767
2008, 385.4028015136719, -238.89503479003906, 0.016552116721868515, 1.0, 0.0, 84.6193618774414, 18.137815042059877
2009, 385.443359375, -238.48585510253906, 0.015278877690434456, 1.0, 0.0, 84.75199127197266, 18.217519247480507
2010, 385.4818420410156, -238.09092712402344, 0.014005637727677822, 1.0, 0.0, 84.87959289550781, 18.294058954508486
2011, 385.5216979980469, -237.67410278320312, 0.012732397764921188, 1.0, 0.0, 85.01286315917969, 18.37444000565458
2012, 385.55804443359375, -237.2884063720703, 0.01145915687084198, 0.9750000238418579, 0.0, 85.13424682617188, 18.448263197253564
2013, 385.5963134765625, -236.8743133544922, 0.010185916908085346, 0.9250000715255737, 0.0, 85.26161193847656, 18.526152311843123
2014, 385.6322937011719, -236.47821044921875, 0.008912676945328712, 0.8750001192092896, 0.0, 85.38009643554688, 18.598340154655723
2015, 385.6705322265625, -236.0496368408203, 0.007639436982572079, 0.8250001668930054, 0.0, 85.50384521484375, 18.67291287462035
2016, 385.70806884765625, -235.6211395263672, 0.0063661979511380196, 0.7750002145767212, 0.0, 85.62237548828125, 18.74287122276749
2017, 385.7439880371094, -235.2034454345703, 0.007639437448233366, 0.725000262260437, 0.0, 85.7337417602539, 18.80570684236566
2018, 385.7784423828125, -234.7927703857422, 0.013369015417993069, 0.6500003337860107, 0.0, 85.84258270263672, 18.861151929616685
2019, 385.8128967285156, -234.37069702148438, 0.013369015417993069, 0.6500003337860107, 0.0, 85.95706176757812, 18.91064497587091
2020, 385.84490966796875, -233.96682739257812, 0.02291831187903881, 0.5250004529953003, 0.0, 86.07215118408203, 18.94990934533253
2021, 385.8775329589844, -233.54022216796875, 0.026738030835986137, 0.4750004708766937, 0.0, 86.2022933959961, 18.9820746232576
2022, 385.9076232910156, -233.1317596435547, 0.030557749792933464, 0.42500045895576477, 0.0, 86.33661651611328, 19.003321304499377
2023, 385.9372863769531, -232.71156311035156, 0.03437746688723564, 0.3750004470348358, 0.0, 86.48651123046875, 19.01509357971452
2024, 385.9654235839844, -232.29397583007812, 0.03565070405602455, 0.32500043511390686, 0.0, 86.64743041992188, 19.01646789475602
2025, 385.9927978515625, -231.86962890625, 0.03437746688723564, 0.2750004231929779, 0.0, 86.82171630859375, 19.007253008198507
2026, 386.0182189941406, -231.4559326171875, 0.03310422599315643, 0.22500041127204895, 0.0, 87.00017547607422, 18.987840816341258
2027, 386.04302978515625, -231.0321502685547, 0.03183098882436752, 0.17500039935112, 0.0, 87.19025421142578, 18.957469510191686
2028, 386.06634521484375, -230.61428833007812, 0.030557749792933464, 0.12500038743019104, 0.0, 87.38339233398438, 18.917217058438254
2029, 386.0882263183594, -230.20071411132812, 0.029284512624144554, 0.07500039041042328, 0.0, 87.57879638671875, 18.8674345547795
2030, 386.1094970703125, -229.77764892578125, 0.028011273592710495, 0.02500039152801037, 0.0, 87.78195190429688, 18.80642563209974
2031, 386.128662109375, -229.37237548828125, 0.026738034561276436, -0.02499960921704769, 0.0, 87.97859954833984, 18.73885821798457
2032, 386.14739990234375, -228.95286560058594, 0.024828176945447922, 0.0, 0.0, 88.18297576904297, 18.660393385784264
2033, 386.1640930175781, -228.55596923828125, 0.024191558361053467, 0.0, 0.0, 88.37645721435547, 18.578995566529436
2034, 386.1806945800781, -228.13116455078125, 0.022281700745224953, 0.0, 0.0, 88.58263397216797, 18.485371032011603
2035, 386.1955261230469, -227.72377014160156, 0.021008463576436043, 0.0, 0.0, 88.77863311767578, 18.389959230074286
2036, 386.209716796875, -227.30079650878906, 0.019735224545001984, 0.0, 0.0, 88.97954559326172, 18.285899649359184
2037, 386.2216796875, -226.91036987304688, 0.018461985513567924, 0.0, 0.0, 89.162109375, 18.18581351879729
2038, 386.2332458496094, -226.4971466064453, 0.017188748344779015, 0.0, 0.0, 89.35165405273438, 18.07625578231778
2039, 386.2431640625, -226.1062774658203, 0.015915509313344955, 0.0, 0.0, 89.52696228027344, 17.969548184821885
2040, 386.2525939941406, -225.6869354248047, 0.014005648903548717, 0.0, 0.0, 89.70967102050781, 17.852200550662186
2041, 386.2601013183594, -225.3104705810547, 0.012732408940792084, 0.0, 0.0, 89.86859130859375, 17.744557861751257
2042, 386.2667236328125, -224.93019104003906, 0.01145916897803545, 0.0, 0.0, 90.0236587524414, 17.63390105945827
2043, 386.27252197265625, -224.53627014160156, 0.010185928083956242, 0.0, 0.0, 90.1780014038086, 17.51746949734363
2044, 386.2770690917969, -224.1685333251953, 0.008912688121199608, 0.05000000074505806, 0.0, 90.31605529785156, 17.408154169109192
2045, 386.2810363769531, -223.7629852294922, 0.007639448624104261, 0.10000000149011612, 0.0, 90.46089935302734, 17.28773682245685
2046, 386.28375244140625, -223.39442443847656, 0.006366209127008915, 0.17500001192092896, 0.0, 90.58562469482422, 17.17970153993634
2047, 386.2857360839844, -222.99948120117188, 0.004456350114196539, 0.2250000238418579, 0.0, 90.71099853515625, 17.067074727078232
2048, 386.2867431640625, -222.6368865966797, 0.0031831106171011925, 0.27500003576278687, 0.0, 90.81829833984375, 16.967566591810023
2049, 386.2869873046875, -222.2646484375, 0.0019098708871752024, 0.3250000476837158, 0.0, 90.92015838623047, 16.870097294052183
2050, 386.28656005859375, -221.91241455078125, 0.0, 0.3750000596046448, 0.0, 91.00835418701172, 16.783077652774455
2051, 386.2853698730469, -221.54510498046875, 0.0, 0.42500007152557373, 0.0, 91.09186553955078, 16.69836362641515
2052, 386.28375244140625, -221.20928955078125, 0.0, 0.4750000834465027, 0.0, 91.16134643554688, 16.627020945999043
2053, 386.2815856933594, -220.87501525878906, -0.0038197184912860394, 0.5250000357627869, 0.0, 91.22277069091797, 16.56232309617826
2054, 386.2789611816406, -220.53871154785156, -0.007639436982572079, 0.574999988079071, 0.0, 91.27503967285156, 16.504128014754865
2055, 386.2756652832031, -220.16661071777344, -0.01145915500819683, 0.5250000357627869, 0.0, 91.31957244873047, 16.447231343230595
2056, 386.2723083496094, -219.82708740234375, -0.012732394970953465, 0.4750000536441803, 0.0, 91.3480453491211, 16.40026647811268
2057, 386.268310546875, -219.45318603515625, -0.011459154076874256, 0.42500004172325134, 0.0, 91.36712646484375, 16.351577379524283
2058, 386.2640686035156, -219.09249877929688, -0.010185914114117622, 0.3750000298023224, 0.0, 91.37564849853516, 16.30579956746441
2059, 386.2596435546875, -218.74501037597656, -0.008912674151360989, 0.32500001788139343, 0.0, 91.37643432617188, 16.261212842710044
2060, 386.25482177734375, -218.39187622070312, -0.007639434188604355, 0.2750000059604645, 0.0, 91.37128448486328, 16.214050395762655
2061, 386.249755859375, -218.03973388671875, -0.006366195157170296, 0.22499999403953552, 0.0, 91.36158752441406, 16.16400462628957
2062, 386.2443542480469, -217.69126892089844, -0.005092955660074949, 0.1499999761581421, 0.0, 91.34886169433594, 16.110327721696173
2063, 386.23870849609375, -217.34060668945312, -0.003819716162979603, 0.09999997913837433, 0.0, 91.33405303955078, 16.050891984217852
2064, 386.2330627441406, -217.00762939453125, -0.0019098566845059395, 0.04999998211860657, 0.0, 91.31938934326172, 15.988837943216508
2065, 386.2267761230469, -216.6519317626953, 0.0, -1.8253922817734747e-08, 0.0, 91.30452728271484, 15.916070982469222
2066, 386.2209167480469, -216.3349609375, 0.0, 0.0, 0.0, 91.29228973388672, 15.845472947878635
2067, 386.2147216796875, -216.00579833984375, 0.0, 0.0, 0.0, 91.28034210205078, 15.767021130813411
2068, 386.2084045410156, -215.67938232421875, 0.0, 0.0, 0.0, 91.26918029785156, 15.685078365935395
2069, 386.201904296875, -215.3515167236328, 0.0, 0.0, 0.0, 91.2586441040039, 15.59917840913686
2070, 386.19525146484375, -215.01919555664062, 0.0, 0.0, 0.0, 91.24848175048828, 15.508930942495832
2071, 386.1883544921875, -214.67999267578125, 0.0, 0.0, 0.0, 91.23860931396484, 15.413962106005252
2072, 386.18170166015625, -214.357666015625, 0.0, 0.02500000037252903, 0.0, 91.22966766357422, 15.322087124239484
2073, 386.1744384765625, -214.00881958007812, 0.0, 0.07500000298023224, 0.0, 91.22039031982422, 15.221528596310606
2074, 386.167724609375, -213.685546875, 0.0, 0.125, 0.0, 91.21208190917969, 15.128683525207416
2075, 386.1606140136719, -213.3447265625, 0.0, 0.17500001192092896, 0.0, 91.20366668701172, 15.03251762824623
2076, 386.1539611816406, -213.0277099609375, 0.0, 0.2500000298023224, 0.0, 91.19615173339844, 14.945879163793695
2077, 386.1471862792969, -212.70155334472656, 0.0, 0.30000004172325134, 0.0, 91.18869018554688, 14.861070903965361
2078, 386.14019775390625, -212.3681640625, 0.0, 0.3500000536441803, 0.0, 91.18135070800781, 14.779901948310748
2079, 386.1336669921875, -212.0579071044922, 0.0, 0.40000006556510925, 0.0, 91.17485046386719, 14.710177307936727
2080, 386.1269836425781, -211.73634338378906, 0.0, 0.4500000774860382, 0.0, 91.1684341430664, 14.64441454069028
2081, 386.1202392578125, -211.41378784179688, 0.0, 0.5000000596046448, 0.0, 91.16233825683594, 14.585778494582717
2082, 386.11358642578125, -211.09385681152344, 0.0, 0.550000011920929, 0.0, 91.15663146972656, 14.535422361629228
2083, 386.10699462890625, -210.77340698242188, 0.0, 0.5999999642372131, 0.0, 91.15131378173828, 14.493234131687187
2084, 386.1009826660156, -210.4829864501953, 0.0, 0.6499999165534973, 0.0, 91.14683532714844, 14.462572910274885
2085, 386.0945129394531, -210.16932678222656, 0.0, 0.6999998688697815, 0.0, 91.1424331665039, 14.437740508862646
2086, 386.0885009765625, -209.8752899169922, 0.0, 0.7499998211860657, 0.0, 91.13864135742188, 14.422727124835456
2087, 386.0826110839844, -209.58407592773438, 0.0, 0.7999997735023499, 0.0, 91.13525390625, 14.415918119459315
2088, 386.0758972167969, -209.2538299560547, 0.0, 0.849999725818634, 0.0, 91.13190460205078, 14.417897962730756
2089, 386.06964111328125, -208.946533203125, 0.0, 0.8999996781349182, 0.0, 91.12922668457031, 14.428961827924486
2090, 386.0633850097656, -208.63429260253906, -0.0019098592456430197, 0.9499996304512024, 0.0, 91.1259536743164, 14.448855124543737
2091, 386.05706787109375, -208.31002807617188, -0.005729577504098415, 0.9999995827674866, 0.0, 91.11967468261719, 14.478404934560666
2092, 386.0511779785156, -207.99790954589844, -0.009549296461045742, 1.0, 0.0, 91.10848236083984, 14.514743755361438
2093, 386.04534912109375, -207.67201232910156, -0.013369014486670494, 1.0, 0.0, 91.0890884399414, 14.559201637926874
2094, 386.0401611328125, -207.37046813964844, -0.011459154076874256, 0.9750000238418579, 0.0, 91.0651626586914, 14.605243231350151
2095, 386.0345153808594, -207.0295867919922, -0.010185914114117622, 0.9250000715255737, 0.0, 91.03308868408203, 14.660658919196306
2096, 386.0295715332031, -206.7215576171875, -0.008912674151360989, 0.8750001192092896, 0.0, 91.00101470947266, 14.71206533727713
2097, 386.02447509765625, -206.3960723876953, -0.007639434188604355, 0.8250001668930054, 0.0, 90.96533203125, 14.76604168920474
2098, 386.0195617675781, -206.0759735107422, -0.006366195157170296, 0.7750002145767212, 0.0, 90.92949676513672, 14.817451159270904
2099, 386.0148620605469, -205.76394653320312, -0.005092955660074949, 0.725000262260437, 0.0, 90.89480590820312, 14.864866488927555
2100, 386.0099182128906, -205.42996215820312, -0.003819716162979603, 0.6750003099441528, 0.0, 90.85890197753906, 14.911654036088047
2101, 386.0051574707031, -205.1063995361328, -0.0025464764330536127, 0.6250003576278687, 0.0, 90.82605743408203, 14.952154330216072
2102, 386.0008239746094, -204.8095703125, 0.0, 0.5750004053115845, 0.0, 90.79896545410156, 14.984809913454155
2103, 385.9962158203125, -204.49310302734375, 0.0, 0.5250004529953003, 0.0, 90.7730484008789, 15.01342193209587
2104, 385.9918518066406, -204.19024658203125, 0.0, 0.4750004708766937, 0.0, 90.75096130371094, 15.034619583129869
2105, 385.9871826171875, -203.85986328125, 0.0, 0.42500045895576477, 0.0, 90.72953796386719, 15.050380877116115
2106, 385.9826965332031, -203.54200744628906, 0.0, 0.3750004470348358, 0.0, 90.71125793457031, 15.057673444266175
2107, 385.9781494140625, -203.21250915527344, 0.0, 0.32500043511390686, 0.0, 90.69438171386719, 15.056724993900959
2108, 385.97357177734375, -202.8773956298828, 0.0, 0.2750004231929779, 0.0, 90.67913055419922, 15.046569102470457
2109, 385.9691467285156, -202.5468292236328, 0.0, 0.22500041127204895, 0.0, 90.66568756103516, 15.027482381499276
2110, 385.96490478515625, -202.222900390625, 0.0, 0.17500039935112, 0.0, 90.65380096435547, 15.000118628825971
2111, 385.9606018066406, -201.89073181152344, 0.0, 0.12500038743019104, 0.0, 90.64269256591797, 14.963248537589717
2112, 385.9564514160156, -201.56298828125, 0.0, 0.02500039152801037, 0.0, 90.63272857666016, 14.917764894847057
2113, 385.9523620605469, -201.23556518554688, 0.0, -0.02499960921704769, 0.0, 90.62354278564453, 14.862845481015267
2114, 385.9482727050781, -200.90370178222656, 0.0, 0.0, 0.0, 90.61480712890625, 14.798487122773581
2115, 385.9442138671875, -200.56507873535156, 0.0, 0.0, 0.0, 90.60645294189453, 14.72514465852994
2116, 385.94049072265625, -200.2500762939453, 0.0, 0.0, 0.0, 90.59910583496094, 14.651049747634008
2117, 385.9367980957031, -199.9332733154297, 0.0, 0.0, 0.0, 90.59197998046875, 14.571792649040304
2118, 385.9330749511719, -199.6089630126953, 0.0, 0.0, 0.0, 90.58496856689453, 14.486495438867372
2119, 385.9293518066406, -199.2786102294922, 0.0, 0.0, 0.0, 90.57804107666016, 14.39595177257343
2120, 385.9256896972656, -198.9514923095703, 0.0, 0.0, 0.0, 90.57134246826172, 14.303190421408805
2121, 385.92236328125, -198.65318298339844, 0.0, 0.0, 0.0, 90.56538391113281, 14.216300677305147
2122, 385.9190673828125, -198.34388732910156, 0.0, 0.0, 0.0, 90.55931854248047, 14.124259177119708
2123, 385.9156799316406, -198.0351104736328, 0.0, 0.0, 0.0, 90.55337524414062, 14.030664157721526
2124, 385.9123229980469, -197.71929931640625, 0.0, 0.0, 0.0, 90.54731750488281, 13.933414982531117
2125, 385.90911865234375, -197.407470703125, -0.0019098592456430197, 0.05000000074505806, 0.0, 90.54048919677734, 13.837179378318513
2126, 385.906005859375, -197.09837341308594, -0.0038197184912860394, 0.10000000149011612, 0.0, 90.53153228759766, 13.742480724049173
2127, 385.9032287597656, -196.802001953125, -0.007639436982572079, 0.15000000596046448, 0.0, 90.51890563964844, 13.653636542018432
2128, 385.9006652832031, -196.49639892578125, -0.012732394970953465, 0.2250000238418579, 0.0, 90.4986572265625, 13.565272308069035
2129, 385.89837646484375, -196.19708251953125, -0.011459154076874256, 0.27500003576278687, 0.0, 90.47195434570312, 13.483659424712526
2130, 385.8963623046875, -195.89669799804688, -0.010185914114117622, 0.3250000476837158, 0.0, 90.44001007080078, 13.407578025488824
2131, 385.89459228515625, -195.6127471923828, -0.008912674151360989, 0.3750000596046448, 0.0, 90.40641784667969, 13.341754577180104
2132, 385.89312744140625, -195.35800170898438, -0.007639434188604355, 0.42500007152557373, 0.0, 90.37440490722656, 13.287860311957484
2133, 385.8916320800781, -195.0759735107422, -0.007002814672887325, 0.4500000774860382, 0.0, 90.33794403076172, 13.235183908601673
2134, 385.8902893066406, -194.81553649902344, -0.005729575175791979, 0.5000000596046448, 0.0, 90.30398559570312, 13.192182352171193
2135, 385.8890686035156, -194.5463104248047, -0.00445633614435792, 0.550000011920929, 0.0, 90.26949310302734, 13.15489905447839
2136, 385.8878173828125, -194.26661682128906, -0.0031830964144319296, 0.5999999642372131, 0.0, 90.23524475097656, 13.123655436201409
2137, 385.8866271972656, -193.9864044189453, -0.0019098566845059395, 0.6499999165534973, 0.0, 90.2032241821289, 13.100428932606917
2138, 385.8855285644531, -193.70741271972656, 0.0, 0.6999998688697815, 0.0, 90.1746826171875, 13.085625437577608
2139, 385.8844299316406, -193.4227294921875, 0.0, 0.7499998211860657, 0.0, 90.14910125732422, 13.079282355526649
2140, 385.8833923339844, -193.15505981445312, 0.0, 0.7999997735023499, 0.0, 90.12796783447266, 13.081517210921502
2141, 385.8824157714844, -192.88938903808594, 0.0, 0.849999725818634, 0.0, 90.10954284667969, 13.091361966209403
2142, 385.8815612792969, -192.6291046142578, 0.0, 0.8999996781349182, 0.0, 90.09383392333984, 13.10773214878984
2143, 385.8807067871094, -192.35333251953125, 0.0, 0.9499996304512024, 0.0, 90.07915496826172, 13.133426733304448
2144, 385.8798828125, -192.0749053955078, 0.0, 0.9999995827674866, 0.0, 90.06626892089844, 13.167173245127955
2145, 385.8791198730469, -191.78334045410156, 0.0, 1.0, 0.0, 90.05467224121094, 13.210156231800287
2146, 385.8785095214844, -191.5110626220703, 0.0, 1.0, 0.0, 90.04539489746094, 13.256045024838306
2147, 385.8779602050781, -191.22715759277344, 0.0, 0.9500000476837158, 0.0, 90.037109375, 13.30805108633708
2148, 385.8774108886719, -190.94595336914062, 0.0, 0.9000000953674316, 0.0, 90.03019714355469, 13.361659031704972
2149, 385.876953125, -190.68568420410156, 0.0, 0.8500001430511475, 0.0, 90.02484130859375, 13.411636186771121
2150, 385.8765563964844, -190.4193572998047, 0.0, 0.8000001907348633, 0.0, 90.02020263671875, 13.461934194346428
2151, 385.87615966796875, -190.13629150390625, 0.0, 0.7500002384185791, 0.0, 90.01605224609375, 13.513073672045998
2152, 385.8758544921875, -189.85479736328125, 0.0, 0.725000262260437, 0.0, 90.01266479492188, 13.560929130217575
2153, 385.8755798339844, -189.5590362548828, 0.0, 0.6750003099441528, 0.0, 90.00981903076172, 13.6075155412159
2154, 385.8753356933594, -189.2704315185547, 0.0, 0.6250003576278687, 0.0, 90.00759887695312, 13.648434622325393
2155, 385.87506103515625, -188.97767639160156, 0.0, 0.5500004291534424, 0.0, 90.00582122802734, 13.684396749978417
2156, 385.87493896484375, -188.70082092285156, 0.0, 0.5250004529953003, 0.0, 90.0045166015625, 13.712399760091335
2157, 385.8748474121094, -188.4080352783203, 0.0, 0.4750004708766937, 0.0, 90.00346374511719, 13.735685069373108
2158, 385.8746643066406, -188.1337432861328, 0.0, 0.42500045895576477, 0.0, 90.00270080566406, 13.751522337226135
2159, 385.87457275390625, -187.85755920410156, 0.0, 0.3750004470348358, 0.0, 90.0020751953125, 13.760113682750372
2160, 385.87445068359375, -187.5762481689453, 0.0, 0.32500043511390686, 0.0, 90.00157165527344, 13.761492458455969
2161, 385.87432861328125, -187.2795867919922, 0.0, 0.2750004231929779, 0.0, 90.00105285644531, 13.75456191994472
2162, 385.87420654296875, -186.9927520751953, 0.0, 0.20000040531158447, 0.0, 90.00059509277344, 13.739336375595785
2163, 385.8741455078125, -186.7030029296875, 0.0, 0.15000039339065552, 0.0, 90.00006866455078, 13.715091966236782
2164, 385.87408447265625, -186.41162109375, 0.0, 0.10000038892030716, 0.0, 89.99945831298828, 13.681889718917814
2165, 385.87408447265625, -186.13589477539062, 0.0, 0.0500003919005394, 0.0, 89.99876403808594, 13.642388474184937
2166, 385.87408447265625, -185.87167358398438, 0.0, 3.915280046840053e-07, 0.0, 89.99791717529297, 13.597785085781098
2167, 385.87408447265625, -185.59524536132812, 0.0, -0.02499960921704769, 0.0, 89.99690246582031, 13.543566760862142
2168, 385.8740539550781, -185.30963134765625, 0.0, 0.0, 0.0, 89.99564361572266, 13.481192620474188
2169, 385.8740539550781, -185.0214080810547, 0.0, 0.0, 0.0, 89.994140625, 13.412662519686718
2170, 385.8740539550781, -184.7394561767578, 0.0, 0.0, 0.0, 89.99246215820312, 13.341087344338039
2171, 385.8740234375, -184.4708709716797, 0.0, 0.0, 0.0, 89.99064636230469, 13.269409179725484
2172, 385.8740234375, -184.2127685546875, 0.0, 0.0, 0.0, 89.98869323730469, 13.197943692040191
2173, 385.87396240234375, -183.95362854003906, 0.0, 0.0, 0.0, 89.98657989501953, 13.123875635877432
2174, 385.8739318847656, -183.68960571289062, 0.0, 0.02500000037252903, 0.0, 89.98424530029297, 13.047019047307488
2175, 385.8739318847656, -183.4116973876953, 0.0, 0.07500000298023224, 0.0, 89.98161315917969, 12.965325438284895
2176, 385.8739013671875, -183.1555633544922, 0.0, 0.125, 0.0, 89.97907257080078, 12.890492574732678
2177, 385.8739318847656, -182.91140747070312, 0.0, 0.15000000596046448, 0.0, 89.97649383544922, 12.82065316423534
2178, 385.8740234375, -182.66017150878906, 0.0, 0.2250000238418579, 0.0, 89.97380065917969, 12.750903420754705
2179, 385.87408447265625, -182.3957977294922, 0.0, 0.27500003576278687, 0.0, 89.97087097167969, 12.681744985070784
2180, 385.8741760253906, -182.12705993652344, 0.0, 0.3250000476837158, 0.0, 89.96792602539062, 12.616443238975263
2181, 385.8742370605469, -181.86659240722656, 0.0, 0.3750000596046448, 0.0, 89.96505737304688, 12.55870892398161
2182, 385.87432861328125, -181.6130828857422, 0.0, 0.42500007152557373, 0.0, 89.96232604980469, 12.508367517167336
2183, 385.8744201660156, -181.36746215820312, 0.0, 0.4750000834465027, 0.0, 89.95972442626953, 12.465141496438754
2184, 385.87445068359375, -181.12969970703125, 0.0, 0.5000000596046448, 0.0, 89.95735168457031, 12.429372274210708
2185, 385.87451171875, -180.8766326904297, 0.0, 0.550000011920929, 0.0, 89.95491027832031, 12.398123509663433
2186, 385.8746337890625, -180.61724853515625, 0.0, 0.5999999642372131, 0.0, 89.95260620117188, 12.373254858575482
2187, 385.8747253417969, -180.3604278564453, 0.0, 0.6499999165534973, 0.0, 89.95052337646484, 12.3561710689609
2188, 385.8748779296875, -180.12319946289062, 0.0, 0.6999998688697815, 0.0, 89.94876861572266, 12.346875927142378
2189, 385.875, -179.89085388183594, 0.0, 0.7499998211860657, 0.0, 89.94727325439453, 12.34461794910605
2190, 385.8752136230469, -179.6253662109375, 0.0, 0.8249997496604919, 0.0, 89.9458236694336, 12.350821014314727
2191, 385.8754577636719, -179.37310791015625, 0.0, 0.849999725818634, 0.0, 89.94466400146484, 12.365007262504312
2192, 385.8756408691406, -179.1230010986328, 0.0, 0.8999996781349182, 0.0, 89.94379425048828, 12.38625640823735
2193, 385.8758850097656, -178.8607177734375, 0.0, 0.9499996304512024, 0.0, 89.94315338134766, 12.416006604210747
2194, 385.8761291503906, -178.61578369140625, 0.0, 0.9999995827674866, 0.0, 89.94286346435547, 12.450164640934785
2195, 385.8763732910156, -178.3772430419922, 0.0, 1.0, 0.0, 89.94281005859375, 12.48949155885301
2196, 385.8765869140625, -178.1213836669922, 0.0, 1.0, 0.0, 89.9429702758789, 12.537253709177941
2197, 385.8768310546875, -177.86373901367188, 0.0, 1.0, 0.0, 89.94343566894531, 12.589644004739993
2198, 385.8771057128906, -177.60787963867188, 0.0, 1.0, 0.0, 89.94415283203125, 12.64509555261282
2199, 385.8773498535156, -177.34820556640625, 0.0, 1.0, 0.0, 89.94510650634766, 12.70417865040033
2200, 385.8775634765625, -177.10299682617188, 0.0, 1.0, 0.0, 89.94628143310547, 12.761881735725636
2201, 385.8778381347656, -176.84683227539062, 0.0, 1.0, 0.0, 89.94767761230469, 12.824085165802181
2202, 385.8780822753906, -176.57382202148438, 0.0, 1.0, 0.0, 89.94934844970703, 12.891914273718792
2203, 385.8783264160156, -176.30189514160156, 0.0, 1.0, 0.0, 89.95124816894531, 12.96073324709361
2204, 385.8785705566406, -176.03651428222656, 0.0, 1.0, 0.0, 89.9532699584961, 13.028844551286038
2205, 385.87884521484375, -175.783935546875, 0.0, 1.0, 0.0, 89.95535278320312, 13.094248344337442
2206, 385.87908935546875, -175.53219604492188, 0.0, 1.0, 0.0, 89.95757293701172, 13.159652103436754
2207, 385.8793640136719, -175.2632598876953, 0.0, 0.9000000953674316, 0.0, 89.9601058959961, 13.228469967180395
2208, 385.879638671875, -174.98057556152344, 0.0, 0.8500001430511475, 0.0, 89.96285247802734, 13.298522793682887
2209, 385.8798828125, -174.70587158203125, 0.0, 0.8000001907348633, 0.0, 89.9655990600586, 13.363433387840585
2210, 385.8801574707031, -174.45291137695312, 0.0, 0.7500002384185791, 0.0, 89.96819305419922, 13.419992661843906
2211, 385.88043212890625, -174.18902587890625, 0.0, 0.7000002861022949, 0.0, 89.97093200683594, 13.474855322092589
2212, 385.8805847167969, -173.9202880859375, 0.0, 0.6750003099441528, 0.0, 89.97371673583984, 13.525908991550988
2213, 385.880859375, -173.6327667236328, 0.0, 0.6250003576278687, 0.0, 89.9766616821289, 13.57460991824329
2214, 385.8810729980469, -173.35317993164062, 0.0, 0.5750004053115845, 0.0, 89.9794692993164, 13.615900808544918
2215, 385.88128662109375, -173.0639190673828, 0.0, 0.5250004529953003, 0.0, 89.98230743408203, 13.651854935304037
2216, 385.8814392089844, -172.8067169189453, 0.0, 0.45000046491622925, 0.0, 89.98471069335938, 13.677863245038617
2217, 385.8816223144531, -172.53744506835938, 0.0, 0.4000004529953003, 0.0, 89.98709869384766, 13.697852919631611
2218, 385.88177490234375, -172.25588989257812, 0.0, 0.35000044107437134, 0.0, 89.98938751220703, 13.709794546355907
2219, 385.88189697265625, -171.96954345703125, 0.0, 0.3000004291534424, 0.0, 89.99154663085938, 13.713022473456958
2220, 385.8820495605469, -171.69390869140625, 0.0, 0.2500004172325134, 0.0, 89.99339294433594, 13.707386036710306
2221, 385.88214111328125, -171.42721557617188, 0.0, 0.22500041127204895, 0.0, 89.99491882324219, 13.694669557488083
2222, 385.8822326660156, -171.16946411132812, 0.0, 0.17500039935112, 0.0, 89.99615478515625, 13.675448098366664
2223, 385.88238525390625, -170.885986328125, 0.0, 0.12500038743019104, 0.0, 89.99728393554688, 13.645992773374193
2224, 385.8824768066406, -170.59378051757812, 0.0, 0.07500039041042328, 0.0, 89.99811553955078, 13.607197185479032
2225, 385.882568359375, -170.31117248535156, 0.0, 0.02500039152801037, 0.0, 89.99860382080078, 13.561512281892657
2226, 385.882568359375, -170.03274536132812, 0.0, -0.02499960921704769, 0.0, 89.998779296875, 13.509195548244815
2227, 385.8826599121094, -169.7650909423828, 0.0, 0.0, 0.0, 89.9986572265625, 13.453053644743326
2228, 385.8826599121094, -169.5111083984375, 0.0, 0.0, 0.0, 89.99824523925781, 13.394766942598809
2229, 385.8826599121094, -169.2380828857422, 0.0, 0.0, 0.0, 89.99752807617188, 13.327394593955587
2230, 385.8826599121094, -168.9574737548828, 0.0, 0.0, 0.0, 89.99650573730469, 13.254170508403488
2231, 385.8825988769531, -168.6870880126953, 0.0, 0.0, 0.0, 89.99524688720703, 13.180369458178681
2232, 385.8825988769531, -168.4368896484375, 0.0, 0.0, 0.0, 89.99380493164062, 13.109787064943676
2233, 385.882568359375, -168.1870880126953, 0.0, 0.0, 0.0, 89.99217224121094, 13.037318309438367
2234, 385.882568359375, -167.9226531982422, 0.0, 0.02500000037252903, 0.0, 89.99022674560547, 12.959437458917122
2235, 385.8825378417969, -167.65237426757812, 0.0, 0.10000000149011612, 0.0, 89.98802947998047, 12.87927256605804
2236, 385.8825378417969, -167.39295959472656, 0.0, 0.15000000596046448, 0.0, 89.98574829101562, 12.80363095870558
2237, 385.8824768066406, -167.14947509765625, 0.0, 0.17500001192092896, 0.0, 89.98347473144531, 12.734509630339508
2238, 385.8824768066406, -166.90264892578125, 0.0019098592456430197, 0.2250000238418579, 0.0, 89.98188781738281, 12.667002680781382
2239, 385.8824157714844, -166.6487274169922, 0.005729577504098415, 0.27500003576278687, 0.0, 89.98272705078125, 12.601491270259912
2240, 385.88214111328125, -166.38784790039062, 0.009549296461045742, 0.3250000476837158, 0.0, 89.98847198486328, 12.538773940219999
2241, 385.8817138671875, -166.13107299804688, 0.013369014486670494, 0.3750000596046448, 0.0, 90.00084686279297, 12.482334421547012
2242, 385.8809814453125, -165.89498901367188, 0.01718873344361782, 0.42500007152557373, 0.0, 90.020263671875, 12.435252174752469
2243, 385.8799133300781, -165.65122985839844, 0.021008450537919998, 0.4750000834465027, 0.0, 90.04957580566406, 12.392417414217936
2244, 385.8785400390625, -165.40243530273438, 0.022281691431999207, 0.5250000357627869, 0.0, 90.08843231201172, 12.355829476273726
2245, 385.8768310546875, -165.14547729492188, 0.02164507284760475, 0.550000011920929, 0.0, 90.13782501220703, 12.325157115312127
2246, 385.8749084472656, -164.8968505859375, 0.020371833816170692, 0.5999999642372131, 0.0, 90.1928939819336, 12.302272626373504
2247, 385.8729248046875, -164.6678924560547, 0.019098596647381783, 0.6499999165534973, 0.0, 90.2488784790039, 12.287014274907234
2248, 385.87066650390625, -164.43116760253906, 0.017825357615947723, 0.6999998688697815, 0.0, 90.310546875, 12.277913173988003
2249, 385.8680725097656, -164.18014526367188, 0.016552118584513664, 0.7499998211860657, 0.0, 90.37857818603516, 12.276464206654996
2250, 385.8653564453125, -163.92747497558594, 0.015278879553079605, 0.7999997735023499, 0.0, 90.44893646240234, 12.28280378284894
2251, 385.8624267578125, -163.67137145996094, 0.014005639590322971, 0.849999725818634, 0.0, 90.52107238769531, 12.297027174838323
2252, 385.8595275878906, -163.4401092529297, 0.013369019143283367, 0.8749997019767761, 0.0, 90.5864486694336, 12.315929449995838
2253, 385.8564453125, -163.2008056640625, 0.012095779180526733, 0.9249996542930603, 0.0, 90.65359497070312, 12.3414883002084
2254, 385.8529968261719, -162.94566345214844, 0.0108225392177701, 0.9749996066093445, 0.0, 90.72401428222656, 12.375961956524247
2255, 385.8494567871094, -162.69491577148438, 0.009549299255013466, 1.0249996185302734, 0.0, 90.79143524169922, 12.416302278002444
2256, 385.84564208984375, -162.4365692138672, 0.007639438845217228, 1.0, 0.0, 90.85813903808594, 12.463602997072098
2257, 385.8419494628906, -162.19297790527344, 0.006366199813783169, 1.0, 0.0, 90.9177017211914, 12.512201154430171
2258, 385.8382873535156, -161.95704650878906, 0.005729580298066139, 1.0, 0.0, 90.97244262695312, 12.562555982893045
2259, 385.833984375, -161.6932373046875, 0.004456340800970793, 1.0, 0.0, 91.03022766113281, 12.6220900743848
2260, 385.82958984375, -161.42953491210938, 0.0031831010710448027, 1.0, 0.0, 91.08377075195312, 12.684144308108037
2261, 385.8251953125, -161.17135620117188, 0.0019098614575341344, 1.0, 0.0, 91.13185119628906, 12.746850911500475
2262, 385.82080078125, -160.9203643798828, 0.0, 1.0, 0.0, 91.17364501953125, 12.809150164589187
2263, 385.81646728515625, -160.67796325683594, 0.0, 1.0, 0.0, 91.20992279052734, 12.870449182251958
2264, 385.81182861328125, -160.42190551757812, 0.0, 1.0, 0.0, 91.24433135986328, 12.936142244440635
2265, 385.8068542480469, -160.15716552734375, 0.0, 1.0, 0.0, 91.27665710449219, 13.00495993361259
2266, 385.8022155761719, -159.9112091064453, 0.0, 1.0, 0.0, 91.30358123779297, 13.069373132487069
2267, 385.7973327636719, -159.6642608642578, 0.0019098592456430197, 1.0, 0.0, 91.32897186279297, 13.13442490134769
2268, 385.7917785644531, -159.3912353515625, 0.005729577504098415, 1.0, 0.0, 91.3575210571289, 13.206670469209735
2269, 385.785888671875, -159.1197509765625, 0.009549296461045742, 1.0, 0.0, 91.38865661621094, 13.278636008113768
2270, 385.7796936035156, -158.84869384765625, 0.013369014486670494, 1.0, 0.0, 91.42455291748047, 13.350500539455822
2271, 385.7732849121094, -158.58912658691406, 0.01718873344361782, 1.0, 0.0, 91.4657211303711, 13.419182608961517
2272, 385.7668151855469, -158.34165954589844, 0.019098592922091484, 1.0, 0.0, 91.51129913330078, 13.48464467865537
2273, 385.75927734375, -158.0692901611328, 0.02291831001639366, 1.0, 0.0, 91.56925964355469, 13.556526710621236
2274, 385.75128173828125, -157.7967987060547, 0.023554932326078415, 1.0, 0.0, 91.6358871459961, 13.628405184555678
2275, 385.7431640625, -157.53536987304688, 0.022281693294644356, 1.0, 0.0, 91.70703125, 13.69733106764511
2276, 385.735107421875, -157.28558349609375, 0.021008456125855446, 0.9500000476837158, 0.0, 91.77972412109375, 13.762900037387082
2277, 385.72576904296875, -157.00784301757812, 0.02037183567881584, 0.9250000715255737, 0.0, 91.86461639404297, 13.83442488135735
2278, 385.71624755859375, -156.73316955566406, 0.019098598510026932, 0.8750001192092896, 0.0, 91.95213317871094, 13.90338714328914
2279, 385.7068786621094, -156.47276306152344, 0.017825359478592873, 0.8250001668930054, 0.0, 92.03704833984375, 13.966223706953041
2280, 385.6975402832031, -156.21986389160156, 0.016552120447158813, 0.7750002145767212, 0.0, 92.1205062866211, 14.024244934028504
2281, 385.6868591308594, -155.9393768310547, 0.015278881415724754, 0.725000262260437, 0.0, 92.2132339477539, 14.084526932268595
2282, 385.676513671875, -155.67538452148438, 0.014642261900007725, 0.7000002861022949, 0.0, 92.30022430419922, 14.136768530623993
2283, 385.665771484375, -155.40744018554688, 0.013369021005928516, 0.6500003337860107, 0.0, 92.38760375976562, 14.185291066165432
2284, 385.6539611816406, -155.11895751953125, 0.012095781043171883, 0.6000003814697266, 0.0, 92.4800796508789, 14.231456089665935
2285, 385.64190673828125, -154.8321075439453, 0.010822541080415249, 0.5500004291534424, 0.0, 92.56966400146484, 14.271015177064264
2286, 385.6305236816406, -154.5692901611328, 0.010185920633375645, 0.5250004529953003, 0.0, 92.64925384521484, 14.301835775535753
2287, 385.61871337890625, -154.30059814453125, 0.008912680670619011, 0.4750004708766937, 0.0, 92.72782897949219, 14.327613144846314
2288, 385.60601806640625, -154.01788330078125, 0.007639440707862377, 0.42500045895576477, 0.0, 92.80696868896484, 14.348053450247034
2289, 385.5924377441406, -153.72280883789062, 0.0057295821607112885, 0.35000044107437134, 0.0, 92.88526916503906, 14.36076784248023
2290, 385.5798645019531, -153.4550018310547, 0.004456342663615942, 0.3000004291534424, 0.0, 92.9515380859375, 14.3650371523808
2291, 385.5676574707031, -153.19833374023438, 0.0038197229150682688, 0.2750004231929779, 0.0, 93.01101684570312, 14.361969855415747
2292, 385.5533142089844, -152.90171813964844, 0.002546482952311635, 0.22500041127204895, 0.0, 93.07478332519531, 14.349753467628759
2293, 385.53955078125, -152.6230010986328, 0.0012732435716316104, 0.17500039935112, 0.0, 93.1290283203125, 14.33091010089272
2294, 385.5265808105469, -152.36366271972656, 0.0, 0.12500038743019104, 0.0, 93.17469787597656, 14.306355528855665
2295, 385.51287841796875, -152.09231567382812, 0.0, 0.07500039041042328, 0.0, 93.21772003173828, 14.273608620109995
2296, 385.49835205078125, -151.8091278076172, 0.0, 0.0500003919005394, 0.0, 93.25796508789062, 14.231882067279209
2297, 385.484130859375, -151.53623962402344, 0.0, 3.915280046840053e-07, 0.0, 93.29270935058594, 14.184692181133817
2298, 385.4703063964844, -151.27406311035156, 0.0, 0.0, 0.0, 93.3227310180664, 14.132790509143607
2299, 385.4552917480469, -150.992919921875, 0.0, 0.0, 0.0, 93.35147857666016, 14.071539843012784
2300, 385.4403381347656, -150.71597290039062, 0.0, 0.0, 0.0, 93.3767318725586, 14.006301624623303
2301, 385.4266357421875, -150.4655303955078, 0.0, 0.0, 0.0, 93.39717864990234, 13.94368789051454
2302, 385.4121398925781, -150.2035369873047, 0.0, 0.0, 0.0, 93.41629028320312, 13.8751422912477
2303, 385.3966369628906, -149.9254913330078, 0.0, 0.0, 0.0, 93.43443298339844, 13.79929151609845
2304, 385.3807373046875, -149.64414978027344, 0.0, 0.0, 0.0, 93.45056915283203, 13.71994423571579
2305, 385.3669738769531, -149.40164184570312, 0.0, 0.0, 0.0, 93.46277618408203, 13.649777134049028
2306, 385.3526611328125, -149.1513214111328, 0.0, 0.0, 0.0, 93.47389221191406, 13.575801495852385
2307, 385.33721923828125, -148.88345336914062, 0.0, 0.0, 0.0, 93.48423767089844, 13.495133160941538
2308, 385.3226013183594, -148.63267517089844, 0.0019098592456430197, 0.0, 0.0, 93.49339294433594, 13.418361679702498
2309, 385.3080139160156, -148.3846893310547, 0.0019098592456430197, 0.0, 0.0, 93.50226593017578, 13.341428476754702
2310, 385.2917785644531, -148.11204528808594, 0.007639436982572079, 0.0, 0.0, 93.51416015625, 13.255797318159141
2311, 385.27545166015625, -147.84283447265625, 0.01145915500819683, 0.0, 0.0, 93.53055572509766, 13.170311150050422
2312, 385.25933837890625, -147.58258056640625, 0.015278873965144157, 0.0, 0.0, 93.55314636230469, 13.086871690991526
2313, 385.244140625, -147.3429718017578, 0.019098592922091484, 0.0, 0.0, 93.58080291748047, 13.009421220933001
2314, 385.22882080078125, -147.10609436035156, 0.02291831001639366, 0.0, 0.0, 93.6160659790039, 12.932323099504016
2315, 385.2117614746094, -146.84982299804688, 0.024828169494867325, 0.0, 0.0, 93.66383361816406, 12.84841972580841
2316, 385.1939697265625, -146.58900451660156, 0.02864788845181465, 0.0, 0.0, 93.7226791381836, 12.762572256581933
2317, 385.1773681640625, -146.3528289794922, 0.03246760740876198, 0.0, 0.0, 93.78730773925781, 12.684379133675613
2318, 385.1595153808594, -146.10650634765625, 0.036287322640419006, 0.0, 0.0, 93.86691284179688, 12.602419134760737
2319, 385.140380859375, -145.85018920898438, 0.040107037872076035, 0.0, 0.0, 93.9627685546875, 12.516792627208087
2320, 385.12115478515625, -145.6012420654297, 0.04392675310373306, 0.0, 0.0, 94.07026672363281, 12.433261364136404
2321, 385.1028137207031, -145.37191772460938, 0.04583660885691643, 0.0, 0.0, 94.18296813964844, 12.35603175761649
2322, 385.08453369140625, -145.15084838867188, 0.049656324088573456, 0.0, 0.0, 94.3037338256836, 12.281310053174158
2323, 385.0632019042969, -144.9010772705078, 0.053476039320230484, 0.0, 0.0, 94.45449829101562, 12.196619502911956
2324, 385.0435791015625, -144.68016052246094, 0.05729575455188751, 0.0, 0.0, 94.60275268554688, 12.121375780673022
2325, 385.02301025390625, -144.45684814453125, 0.06111546978354454, 0.0, 0.0, 94.76683044433594, 12.045044367605822
2326, 384.99993896484375, -144.2152099609375, 0.0630253255367279, 0.0, 0.0, 94.95918273925781, 11.962333475922419
2327, 384.9762268066406, -143.97679138183594, 0.06684504449367523, 0.0, 0.0, 95.16532135009766, 11.88041388046788
2328, 384.95166015625, -143.73944091796875, 0.07066475600004196, 0.0, 0.0, 95.38729858398438, 11.798558377761161
2329, 384.9275207519531, -143.5168914794922, 0.07066475600004196, 0.0, 0.0, 95.61306762695312, 11.72130929921909
2330, 384.9031677246094, -143.30133056640625, 0.08021404594182968, 0.0, 0.0, 95.84761047363281, 11.646208911157107
2331, 384.8752746582031, -143.06448364257812, 0.08403375744819641, 0.0, 0.0, 96.1226577758789, 11.563433291349439
2332, 384.84796142578125, -142.84286499023438, 0.08594361692667007, 0.0, 0.0, 96.39840698242188, 11.485790912057288
2333, 384.819091796875, -142.61846923828125, 0.08467037975788116, 0.0, 0.0, 96.69278717041016, 11.4073275059934
2334, 384.79095458984375, -142.40794372558594, 0.08339714258909225, 0.0, 0.0, 96.980712890625, 11.333828436701626
2335, 384.75811767578125, -142.17010498046875, 0.08212390542030334, 0.0, 0.0, 97.31707763671875, 11.250927092065595
2336, 384.7259826660156, -141.94602966308594, 0.08085066080093384, 0.0, 0.0, 97.64363098144531, 11.172871436021431
2337, 384.6954345703125, -141.74075317382812, 0.08021404594182968, 0.0, 0.0, 97.9502944946289, 11.101301950134564
2338, 384.6624450683594, -141.5267333984375, 0.07894080877304077, 0.0, 0.0, 98.27600860595703, 11.026698075467406
2339, 384.6263732910156, -141.29920959472656, 0.07766757160425186, 0.0, 0.0, 98.62710571289062, 10.947435926721917
2340, 384.5901184082031, -141.07875061035156, 0.07639432698488235, 0.0, 0.0, 98.9712905883789, 10.870619769337479
2341, 384.5559387207031, -140.87742614746094, 0.07512108981609344, 0.0, 0.0, 99.28826141357422, 10.800397164169658
2342, 384.52008056640625, -140.6727294921875, 0.07384785264730453, 0.0, 0.0, 99.61206817626953, 10.728974447369696
2343, 384.4840087890625, -140.47264099121094, 0.07257461547851562, 0.0, 0.0, 99.92935180664062, 10.659122700815693
2344, 384.443115234375, -140.25201416015625, 0.07130137830972672, 0.0, 0.0, 100.27935791015625, 10.582085643687247
2345, 384.39959716796875, -140.02455139160156, 0.0700281411409378, 0.0, 0.0, 100.63951110839844, 10.502586468854147
2346, 384.35833740234375, -139.81507873535156, 0.0687548965215683, 0.0, 0.0, 100.97003173828125, 10.429313758032308
2347, 384.31463623046875, -139.5993194580078, 0.06748165935277939, 0.0, 0.0, 101.30876159667969, 10.353751689780735
2348, 384.2720642089844, -139.3952178955078, 0.06620842218399048, 0.0, 0.0, 101.62713623046875, 10.282201998137252
2349, 384.2296142578125, -139.19699096679688, 0.06493518501520157, 0.0, 0.0, 101.9337387084961, 10.212601737014454
2350, 384.1860046386719, -138.9986114501953, 0.06366194784641266, 0.0, 0.0, 102.23774719238281, 10.142890098701537
2351, 384.1398010253906, -138.79254150390625, 0.06366194784641266, 0.0, 0.0, 102.54838562011719, 10.070758536330183
2352, 384.0922546386719, -138.5851287841797, 0.05092955008149147, 0.0, 0.0, 102.8521728515625, 9.998294297413029
2353, 384.04400634765625, -138.37831115722656, 0.04456334933638573, 0.0, 0.0, 103.14324188232422, 9.926124107106464
2354, 383.9967956542969, -138.17906188964844, 0.038197148591279984, 0.0, 0.0, 103.40995788574219, 9.856639877691588
2355, 383.95050048828125, -137.98641967773438, 0.03183095157146454, 0.0, 0.0, 103.6528549194336, 9.78947633359222
2356, 383.9049987792969, -137.7995147705078, 0.025464750826358795, 0.0, 0.0, 103.87100219726562, 9.72423693379868
2357, 383.8573303222656, -137.60546875, 0.0190985519438982, 0.0, 0.0, 104.0801773071289, 9.65652603529188
2358, 383.808349609375, -137.40760803222656, 0.012732354924082756, 0.0, 0.0, 104.27217102050781, 9.587403088116623
2359, 383.7572937011719, -137.202880859375, 0.006366157438606024, 0.0, 0.0, 104.4466781616211, 9.515774027321285
2360, 383.70501708984375, -136.99456787109375, 0.0, 0.0, 0.0, 104.5978012084961, 9.44276078672255
2361, 383.656982421875, -136.80392456054688, -0.0038197184912860394, 0.0, 0.0, 104.71334075927734, 9.375837333283268
2362, 383.60943603515625, -136.61561584472656, -0.007639436982572079, 0.0, 0.0, 104.80631256103516, 9.309637061900977
2363, 383.56103515625, -136.42474365234375, -0.01145915500819683, 0.0, 0.0, 104.87934112548828, 9.242441605794264
2364, 383.5121765136719, -136.23228454589844, -0.01718873344361782, 0.0, 0.0, 104.93091583251953, 9.174582456218692
2365, 383.4690246582031, -136.06228637695312, -0.019098592922091484, 0.0, 0.0, 104.95767974853516, 9.11454513619141
2366, 383.4248046875, -135.88807678222656, -0.02291831001639366, 0.0, 0.0, 104.96800994873047, 9.05295756766345
2367, 383.37799072265625, -135.70323181152344, -0.026738028973340988, 0.0, 0.0, 104.96175384521484, 8.98761743076546
2368, 383.3308410644531, -135.5165557861328, -0.030557747930288315, 0.0, 0.0, 104.93630981445312, 8.921558848949049
2369, 383.2853088378906, -135.3350372314453, -0.03437746688723564, 0.0, 0.0, 104.89336395263672, 8.85725980836435
2370, 383.2403564453125, -135.15492248535156, -0.03819718211889267, 0.0, 0.0, 104.83320617675781, 8.79339669642369
2371, 383.1990966796875, -134.9884796142578, -0.0420168936252594, 0.0, 0.0, 104.76087188720703, 8.734265985041667
2372, 383.1590576171875, -134.82542419433594, -0.04583660885691643, 0.0, 0.0, 104.67536926269531, 8.67628827916363
2373, 383.1174011230469, -134.65432739257812, -0.049656324088573456, 0.0, 0.0, 104.57120513916016, 8.615474147071453
2374, 383.0738220214844, -134.4729766845703, -0.053476039320230484, 0.0, 0.0, 104.44326782226562, 8.550921543481918
2375, 383.0323486328125, -134.2978515625, -0.05729575455188751, 0.0, 0.0, 104.30302429199219, 8.488543997126449
2376, 382.9917907714844, -134.12432861328125, -0.06111546978354454, 0.0, 0.0, 104.14788818359375, 8.4266807189604
2377, 382.9523010253906, -133.95237731933594, -0.06493518501520157, 0.0, 0.0, 103.97842407226562, 8.365331766317773
2378, 382.91229248046875, -133.77493286132812, -0.0687548965215683, 0.05000000074505806, 0.0, 103.78694152832031, 8.303217266441433
2379, 382.874755859375, -133.60511779785156, -0.07257461547851562, 0.10000000149011612, 0.0, 103.58832550048828, 8.245843412117331
2380, 382.8405456542969, -133.44683837890625, -0.07448447495698929, 0.15000000596046448, 0.0, 103.3892822265625, 8.195250005273648
2381, 382.80755615234375, -133.29087829589844, -0.08021404594182968, 0.20000001788139343, 0.0, 103.18025970458984, 8.14914453684769
2382, 382.7717590332031, -133.11740112304688, -0.08403375744819641, 0.2500000298023224, 0.0, 102.93343353271484, 8.103651884611276
2383, 382.73834228515625, -132.9515838623047, -0.0827605202794075, 0.30000004172325134, 0.0, 102.6850814819336, 8.066407155332257
2384, 382.7055358886719, -132.78466796875, -0.08148728311061859, 0.3500000536441803, 0.0, 102.42570495605469, 8.03545919653186
2385, 382.6739501953125, -132.62022399902344, -0.08021404594182968, 0.40000006556510925, 0.0, 102.16349792480469, 8.01169499918489
2386, 382.64276123046875, -132.4539031982422, -0.07894080877304077, 0.4500000774860382, 0.0, 101.89360046386719, 7.994646218733576
2387, 382.6126403808594, -132.2895050048828, -0.07766757160425186, 0.5000000596046448, 0.0, 101.62409973144531, 7.984849151259136
2388, 382.5852966308594, -132.13661193847656, -0.07639432698488235, 0.550000011920929, 0.0, 101.37226104736328, 7.9817268334361415
2389, 382.5590515136719, -131.98646545410156, -0.0757577121257782, 0.574999988079071, 0.0, 101.12464904785156, 7.984570851739868
2390, 382.53131103515625, -131.8246307373047, -0.07448447495698929, 0.6249999403953552, 0.0, 100.85824584960938, 7.993798704678082
2391, 382.5025329589844, -131.65199279785156, -0.07257461547851562, 0.6999998688697815, 0.0, 100.5758285522461, 8.010360537714027
2392, 382.47784423828125, -131.5001983642578, -0.07130137830972672, 0.7499998211860657, 0.0, 100.32974243164062, 8.030915569620166
2393, 382.45458984375, -131.35385131835938, -0.0700281411409378, 0.7999997735023499, 0.0, 100.09488677978516, 8.056402762313171
2394, 382.4308166503906, -131.20059204101562, -0.06939151883125305, 0.8249997496604919, 0.0, 99.85151672363281, 8.088543888489443
2395, 382.4060363769531, -131.03671264648438, -0.07066475600004196, 0.8749997019767761, 0.0, 99.59312438964844, 8.12861442277256
2396, 382.3807373046875, -130.86387634277344, -0.07448447495698929, 0.9249996542930603, 0.0, 99.3206558227539, 8.176437833898865
2397, 382.35748291015625, -130.6995086669922, -0.07830418646335602, 0.9749996066093445, 0.0, 99.05934143066406, 8.227231004359709
2398, 382.33587646484375, -130.5401611328125, -0.08212390542030334, 1.0249996185302734, 0.0, 98.80204010009766, 8.280723745615582
2399, 382.31488037109375, -130.37850952148438, -0.08594361692667007, 1.0, 0.0, 98.53575897216797, 8.33889744074201
2400, 382.29327392578125, -130.20533752441406, -0.08721685409545898, 1.0, 0.0, 98.24498748779297, 8.404871462120047
2401, 382.2727966308594, -130.03396606445312, -0.08594361692667007, 1.0, 0.0, 97.95280456542969, 8.472799880991738
2402, 382.2535705566406, -129.86508178710938, -0.08467037975788116, 0.9500000476837158, 0.0, 97.66191101074219, 8.540973662696853
2403, 382.23638916015625, -129.70762634277344, -0.08403375744819641, 0.9250000715255737, 0.0, 97.38916778564453, 8.604281634465556
2404, 382.21929931640625, -129.54452514648438, -0.0827605202794075, 0.8750001192092896, 0.0, 97.10598754882812, 8.668822258529719
2405, 382.2020568847656, -129.37234497070312, -0.08148728311061859, 0.8250001668930054, 0.0, 96.80707550048828, 8.734611213237228
2406, 382.18475341796875, -129.19224548339844, -0.08021404594182968, 0.7750002145767212, 0.0, 96.49520111083984, 8.79954709224022
2407, 382.1699523925781, -129.0299072265625, -0.07830418646335602, 0.7000002861022949, 0.0, 96.21568298339844, 8.854394857192316
2408, 382.1551818847656, -128.859375, -0.07766757160425186, 0.6750003099441528, 0.0, 95.92385864257812, 8.907042568163915
2409, 382.14068603515625, -128.68310546875, -0.07639432698488235, 0.6250003576278687, 0.0, 95.62454223632812, 8.95625390713287
2410, 382.1269836425781, -128.50686645507812, -0.07512108981609344, 0.5750004053115845, 0.0, 95.32791900634766, 8.999717516496299
2411, 382.11431884765625, -128.3345489501953, -0.07384785264730453, 0.5250004529953003, 0.0, 95.04060363769531, 9.036343637257566
2412, 382.10260009765625, -128.16490173339844, -0.07321123778820038, 0.5000004768371582, 0.0, 94.76042175292969, 9.066604868837269
2413, 382.09124755859375, -127.98899841308594, -0.07193799316883087, 0.45000046491622925, 0.0, 94.47288513183594, 9.092308841742158
2414, 382.0805358886719, -127.81104278564453, -0.07066475600004196, 0.4000004529953003, 0.0, 94.18522644042969, 9.11207270909475
2415, 382.07080078125, -127.63574981689453, -0.06939151883125305, 0.35000044107437134, 0.0, 93.9052963256836, 9.12513799766121
2416, 382.0622863769531, -127.47004699707031, -0.06811828166246414, 0.3000004291534424, 0.0, 93.64380645751953, 9.131412872699183
2417, 382.0535888671875, -127.28697204589844, -0.06748165935277939, 0.2750004231929779, 0.0, 93.3581314086914, 9.13119360424992
2418, 382.04644775390625, -127.12006378173828, -0.06620842218399048, 0.22500041127204895, 0.0, 93.10099029541016, 9.125735160708281
2419, 382.0400390625, -126.95477294921875, -0.06493518501520157, 0.17500039935112, 0.0, 92.84943389892578, 9.114776502957547
2420, 382.03350830078125, -126.76715850830078, -0.06366194784641266, 0.12500038743019104, 0.0, 92.5674819946289, 9.095111693665228
2421, 382.0279235839844, -126.5831527709961, -0.06238870695233345, 0.0500003919005394, 0.0, 92.29478454589844, 9.068618438100405
2422, 382.0235595703125, -126.41594696044922, -0.061752088367938995, 0.02500039152801037, 0.0, 92.05027770996094, 9.038495383962086
2423, 382.0198669433594, -126.2501449584961, -0.05984223261475563, -0.02499960921704769, 0.0, 91.8110580444336, 9.003415260431787
2424, 382.01666259765625, -126.07345581054688, -0.05856899172067642, 0.0, 0.0, 91.55978393554688, 8.961045224488204
2425, 382.014404296875, -125.91758728027344, -0.05729575455188751, 0.0, 0.0, 91.34129333496094, 8.920027017158674
2426, 382.01263427734375, -125.75865173339844, -0.05665913596749306, 0.0, 0.0, 91.12149047851562, 8.875541949401933
2427, 382.0113830566406, -125.58374786376953, -0.05538589879870415, 0.0, 0.0, 90.88324737548828, 8.824198469422965
2428, 382.0107727050781, -125.40592193603516, -0.05411265790462494, 0.0, 0.0, 90.64474487304688, 8.769843559735596
2429, 382.0108642578125, -125.24107360839844, -0.05283942073583603, 0.0, 0.0, 90.4275894165039, 8.718124025060336
2430, 382.011474609375, -125.0885009765625, -0.052202802151441574, 0.0, 0.0, 90.2296371459961, 8.669268815220688
2431, 382.0127258300781, -124.91890716552734, -0.050929564982652664, 0.0, 0.0, 90.01335144042969, 8.61413210788571
2432, 382.0143737792969, -124.76520538330078, -0.049656324088573456, 0.0, 0.0, 89.8206558227539, 8.563549278908235
2433, 382.0166015625, -124.60740661621094, -0.048383086919784546, 0.0, 0.0, 89.62649536132812, 8.511162829884034
2434, 382.01953125, -124.44025421142578, -0.04774646833539009, 0.0, 0.0, 89.42465209960938, 8.455230742463636
2435, 382.0227966308594, -124.28031921386719, -0.04647323116660118, 0.0, 0.0, 89.23524475097656, 8.40141616106017
2436, 382.02630615234375, -124.13204193115234, -0.04519999027252197, 0.0, 0.0, 89.06300354003906, 8.35132168688663
2437, 382.0306091308594, -123.97215270996094, -0.04456337168812752, 0.0, 0.0, 88.88095092773438, 8.297100468196282
2438, 382.03515625, -123.82027435302734, -0.04329013451933861, 0.0, 0.0, 88.71147918701172, 8.245471449652955
2439, 382.0400390625, -123.66910552978516, -0.041380275040864944, 0.0, 0.0, 88.54659271240234, 8.19400270573507
2440, 382.0453796386719, -123.51625061035156, -0.03756055608391762, 0.0, 0.0, 88.38494873046875, 8.141934334040176
2441, 382.0513610839844, -123.3554916381836, -0.034377459436655045, 0.0, 0.0, 88.22160339355469, 8.087131014989119
2442, 382.0569763183594, -123.21123504638672, -0.0280112586915493, 0.0, 0.0, 88.08247375488281, 8.037980806391296
2443, 382.0631103515625, -123.05722045898438, -0.021645059809088707, 0.0, 0.0, 87.94446563720703, 7.98548056474824
2444, 382.0694580078125, -122.9013442993164, -0.015278860926628113, 0.0, 0.0, 87.81768035888672, 7.9322968974678645
2445, 382.0751037597656, -122.7628402709961, -0.01209576241672039, 0.0, 0.0, 87.71581268310547, 7.884962854978995
2446, 382.0810546875, -122.61824035644531, -0.005729564931243658, 0.0, 0.0, 87.6219711303711, 7.835482523524514
2447, 382.0872497558594, -122.46678161621094, 0.0, 0.0, 0.0, 87.53874969482422, 7.783573284793647
2448, 382.0929260253906, -122.3261489868164, 0.0038197184912860394, 0.0, 0.0, 87.47489166259766, 7.735300372924451
2449, 382.0986633300781, -122.18415069580078, 0.005729577504098415, 0.0, 0.0, 87.42312622070312, 7.686524881046609
2450, 382.1045227050781, -122.03839874267578, 0.009549296461045742, 0.0, 0.0, 87.38311004638672, 7.6364502080408565
2451, 382.1097106933594, -121.90660858154297, 0.013369014486670494, 0.0, 0.0, 87.35810852050781, 7.591108488386681
2452, 382.11517333984375, -121.76580047607422, 0.012732394970953465, 0.0, 0.0, 87.34207916259766, 7.542792302372769
2453, 382.12066650390625, -121.62554168701172, 0.011459154076874256, 0.0, 0.0, 87.33475494384766, 7.4949071223562225
2454, 382.1261901855469, -121.48393249511719, 0.010185914114117622, 0.0, 0.0, 87.33413696289062, 7.447044265522895
2455, 382.1315612792969, -121.34822082519531, 0.008912674151360989, 0.0, 0.0, 87.33818054199219, 7.401333716098891
2456, 382.1424865722656, -121.07670593261719, 0.006366195157170296, 0.0, 0.0, 87.3543701171875, 7.309636082201752
2457, 382.1478576660156, -120.94741821289062, 0.005092955660074949, 0.0, 0.0, 87.36338806152344, 7.2659844835517555
2458, 382.1536560058594, -120.8083724975586, 0.00445633614435792, 0.0, 0.0, 87.37354278564453, 7.219104488293702
2459, 382.15924072265625, -120.67506408691406, 0.0031830964144319296, 0.0, 0.0, 87.38247680664062, 7.173902727412835
2460, 382.1647033691406, -120.54692840576172, 0.0019098566845059395, 0.0, 0.0, 87.3902587890625, 7.1305694976070315
2461, 382.1706237792969, -120.4089584350586, 0.005729575175791979, 0.0, 0.0, 87.3995590209961, 7.0845804934488354
2462, 382.1760559082031, -120.28003692626953, 0.007639434654265642, 0.0, 0.0, 87.40989685058594, 7.040136759757329
2463, 382.18109130859375, -120.16001892089844, 0.011459153145551682, 0.0, 0.0, 87.42242431640625, 6.99897512704205
2464, 382.1864318847656, -120.02838897705078, 0.015278872102499008, 0.0, 0.0, 87.44092559814453, 6.955361942648257
2465, 382.19134521484375, -119.90337371826172, 0.01718873158097267, 0.0, 0.0, 87.46320343017578, 6.91195482560553
2466, 382.19622802734375, -119.77294921875, 0.02100844867527485, 0.0, 0.0, 87.4924087524414, 6.8673497878979495
2467, 382.2010803222656, -119.64060974121094, 0.022281689569354057, 0.05000000074505806, 0.0, 87.5281753540039, 6.821581645204108
2468, 382.2053527832031, -119.5205078125, 0.021008450537919998, 0.10000000149011612, 0.0, 87.56475830078125, 6.780099158240322
2469, 382.2095642089844, -119.3973617553711, 0.020371831953525543, 0.125, 0.0, 87.6054458618164, 6.742331833110538
2470, 382.2138977050781, -119.26866912841797, 0.019098594784736633, 0.17500001192092896, 0.0, 87.6502914428711, 6.704715150587452
2471, 382.21795654296875, -119.14397430419922, 0.017825355753302574, 0.2250000238418579, 0.0, 87.69503784179688, 6.668875936850433
2472, 382.22186279296875, -119.02459716796875, 0.016552116721868515, 0.27500003576278687, 0.0, 87.73823547363281, 6.638554121416971
2473, 382.2259216308594, -118.89859008789062, 0.01591549813747406, 0.3250000476837158, 0.0, 87.7837905883789, 6.6121359424219
2474, 382.2298278808594, -118.77811431884766, 0.014005637727677822, 0.3750000596046448, 0.0, 87.82660675048828, 6.588081711102489
2475, 382.2336120605469, -118.65830993652344, 0.012732397764921188, 0.42500007152557373, 0.0, 87.8679428100586, 6.570438483214432
2476, 382.2376403808594, -118.5317153930664, 0.012095777317881584, 0.4500000774860382, 0.0, 87.9100112915039, 6.556071783386218
2477, 382.2413330078125, -118.41470336914062, 0.01082253735512495, 0.5000000596046448, 0.0, 87.94731903076172, 6.54395882395759
2478, 382.24505615234375, -118.29673767089844, 0.009549297392368317, 0.550000011920929, 0.0, 87.9830322265625, 6.5415847084754475
2479, 382.2490234375, -118.1689453125, 0.008276056498289108, 0.5999999642372131, 0.0, 88.01919555664062, 6.5423875285750395
2480, 382.2527160644531, -118.05162811279297, 0.007639436982572079, 0.6249999403953552, 0.0, 88.05028533935547, 6.542897718848072
2481, 382.2565002441406, -117.93021392822266, 0.0063661979511380196, 0.6749998927116394, 0.0, 88.0800552368164, 6.555312890456544
2482, 382.26031494140625, -117.80608367919922, 0.010185915976762772, 0.7249998450279236, 0.0, 88.10982513427734, 6.570482605487138
2483, 382.263671875, -117.69178771972656, 0.014005634933710098, 0.7749997973442078, 0.0, 88.13831329345703, 6.5898409904075335
2484, 382.2672119140625, -117.56625366210938, 0.01591549441218376, 0.7999997735023499, 0.0, 88.17205810546875, 6.624470572272547
2485, 382.2706604003906, -117.43824768066406, 0.019735213369131088, 0.849999725818634, 0.0, 88.21026611328125, 6.656858807227403
2486, 382.27374267578125, -117.31464385986328, 0.023554932326078415, 0.8999996781349182, 0.0, 88.25189208984375, 6.691164629104873
2487, 382.2764892578125, -117.1933822631836, 0.02737465128302574, 0.9499996304512024, 0.0, 88.29828643798828, 6.737282479920477
2488, 382.2791748046875, -117.06460571289062, 0.026738030835986137, 0.9749996066093445, 0.0, 88.35287475585938, 6.7992471740409535
2489, 382.2815856933594, -116.93917846679688, 0.025464793667197227, 1.0249996185302734, 0.0, 88.4095687866211, 6.866314756127638
2490, 382.283935546875, -116.81105041503906, 0.02419155463576317, 1.0, 0.0, 88.46977996826172, 6.945327702352255
2491, 382.2862548828125, -116.68008422851562, 0.02291831560432911, 1.0, 0.0, 88.53262329101562, 7.028701455456808
2492, 382.2884216308594, -116.55023193359375, 0.022281697019934654, 1.0, 0.0, 88.59549713134766, 7.109712510215437
2493, 382.29046630859375, -116.4215316772461, 0.021008459851145744, 1.0, 0.0, 88.65776824951172, 7.187822545023824
2494, 382.2926025390625, -116.28345489501953, 0.01909860223531723, 1.0, 0.0, 88.72354125976562, 7.2693757203953515
2495, 382.2945556640625, -116.15147399902344, 0.018461981788277626, 1.0, 0.0, 88.78515625, 7.345318285210511
2496, 382.296630859375, -116.00875854492188, 0.017188744619488716, 1.0, 0.0, 88.84998321533203, 7.42559034290027
2497, 382.2985534667969, -115.86776733398438, 0.018461983650922775, 1.0, 0.0, 88.91301727294922, 7.50319088978638
2498, 382.30023193359375, -115.73448181152344, 0.02037184312939644, 1.0, 0.0, 88.97269439697266, 7.575186044945397
2499, 382.30181884765625, -115.5895767211914, 0.024191562086343765, 1.0, 0.0, 89.03955841064453, 7.6520501100665
2500, 382.3031921386719, -115.4423828125, 0.028011281043291092, 1.0, 0.0, 89.11123657226562, 7.728773608128477
2501, 382.3041687011719, -115.30500793457031, 0.03183100000023842, 1.0, 0.0, 89.18272399902344, 7.799263979803017
2502, 382.3048400878906, -115.16038513183594, 0.03310423716902733, 1.0, 0.0, 89.2629623413086, 7.872545978729627
2503, 382.3052978515625, -115.00965881347656, 0.032467618584632874, 1.0, 0.0, 89.35092163085938, 7.948084276771318
2504, 382.3054504394531, -114.86297607421875, 0.031194381415843964, 1.0, 0.0, 89.43929290771484, 8.020814524613918
2505, 382.3053894042969, -114.71897888183594, 0.029921142384409904, 1.0, 0.0, 89.52762603759766, 8.091482173862303
2506, 382.3051452636719, -114.56471252441406, 0.02928452380001545, 1.0, 0.0, 89.6232681274414, 8.166375305446712
2507, 382.3047180175781, -114.41767120361328, 0.02801128476858139, 1.0, 0.0, 89.71461486816406, 8.23703371945244
2508, 382.3041076660156, -114.26201629638672, 0.02673804759979248, 1.0, 0.0, 89.81079864501953, 8.311076109083908
2509, 382.30322265625, -114.10018920898438, 0.02546480856835842, 1.0, 0.0, 89.90962219238281, 8.387267327653312
2510, 382.3022155761719, -113.94221496582031, 0.024828189983963966, 1.0, 0.0, 90.0047378540039, 8.460879675565964
2511, 382.3011169433594, -113.79510498046875, 0.023554950952529907, 1.0, 0.0, 90.09176635742188, 8.528799142427445
2512, 382.2997131347656, -113.62494659423828, 0.022281711921095848, 1.0, 0.0, 90.1900863647461, 8.606597237761587
2513, 382.29815673828125, -113.46810913085938, 0.021008474752306938, 1.0, 0.0, 90.2782974243164, 8.677633743251594
2514, 382.2965087890625, -113.31428527832031, 0.020371854305267334, 1.0, 0.0, 90.36249542236328, 8.746676531304958
2515, 382.2945251464844, -113.1414794921875, 0.019098617136478424, 1.0, 0.0, 90.4540786743164, 8.823519067887421
2516, 382.2925720214844, -112.98546600341797, 0.017825378105044365, 1.0, 0.0, 90.53397369384766, 8.892284107357103
2517, 382.2902526855469, -112.81656646728516, 0.01718875952064991, 1.0, 0.0, 90.6174545288086, 8.966054681460326
2518, 382.2877502441406, -112.64327239990234, 0.015278900973498821, 1.0, 0.0, 90.69944763183594, 9.041073471120507
2519, 382.28533935546875, -112.48605346679688, 0.014005660079419613, 1.0, 0.0, 90.7706069946289, 9.108561978532704
2520, 382.28253173828125, -112.31028747558594, 0.013369040563702583, 1.0, 0.0, 90.84646606445312, 9.18334766464287
2521, 382.2795715332031, -112.13483428955078, 0.01209580060094595, 1.0, 0.0, 90.9183120727539, 9.257344782310422
2522, 382.2765197753906, -111.96253967285156, 0.010822559706866741, 0.9750000238418579, 0.0, 90.98509216308594, 9.329245586157347
2523, 382.2734680175781, -111.796875, 0.009549319744110107, 0.9250000715255737, 0.0, 91.04573059082031, 9.397061937209338
2524, 382.26983642578125, -111.60602569580078, 0.008912699297070503, 0.9000000953674316, 0.0, 91.11161041259766, 9.472629568206116
2525, 382.2665100097656, -111.43701934814453, 0.007639459799975157, 0.8500001430511475, 0.0, 91.16595458984375, 9.537104351688622
2526, 382.26300048828125, -111.2655029296875, 0.006366220768541098, 0.8000001907348633, 0.0, 91.21739959716797, 9.599419676650323
2527, 382.2591247558594, -111.08147430419922, 0.005729600787162781, 0.7750002145767212, 0.0, 91.2684555053711, 9.662360904141835
2528, 382.2553405761719, -110.90593719482422, 0.004456361755728722, 0.725000262260437, 0.0, 91.31330871582031, 9.718431083394472
2529, 382.25152587890625, -110.73064422607422, 0.0031831220258027315, 0.6750003099441528, 0.0, 91.3541488647461, 9.770108657079906
2530, 382.24658203125, -110.51205444335938, 0.0019098822958767414, 0.6250003576278687, 0.0, 91.3996810913086, 9.827655084248129
2531, 382.2420654296875, -110.31222534179688, 0.0, 0.5500004291534424, 0.0, 91.43568420410156, 9.873265274481824
2532, 382.2379455566406, -110.13459014892578, 0.0, 0.5250004529953003, 0.0, 91.46320343017578, 9.908155529187656
2533, 382.23394775390625, -109.96083068847656, 0.0, 0.4750004708766937, 0.0, 91.48675537109375, 9.936947301924626
2534, 382.2294006347656, -109.77020263671875, 0.0, 0.42500045895576477, 0.0, 91.50918579101562, 9.962288000774635
2535, 382.22509765625, -109.59213256835938, 0.0, 0.4000004529953003, 0.0, 91.52745819091797, 9.979783124410636
2536, 382.22064208984375, -109.4105453491211, 0.0, 0.35000044107437134, 0.0, 91.5436782836914, 9.991882574844496
2537, 382.21575927734375, -109.21488189697266, 0.0, 0.3000004291534424, 0.0, 91.55874633789062, 9.99818997846151
2538, 382.21124267578125, -109.03610229492188, 0.0, 0.2500004172325134, 0.0, 91.57066345214844, 9.997424805208516
2539, 382.2063903808594, -108.84718322753906, 0.0, 0.20000040531158447, 0.0, 91.58146667480469, 9.989972692552296
2540, 382.2014465332031, -108.65652465820312, 0.0, 0.17500039935112, 0.0, 91.5908203125, 9.97572607739341
2541, 382.19671630859375, -108.47676849365234, 0.0, 0.12500038743019104, 0.0, 91.59838104248047, 9.956575863049862
2542, 382.1920471191406, -108.30156707763672, 0.0, 0.07500039041042328, 0.0, 91.60472106933594, 9.932494631676835
2543, 382.18682861328125, -108.10643005371094, 0.0, 0.0500003919005394, 0.0, 91.61062622070312, 9.89960424315836
2544, 382.1822204589844, -107.93622589111328, 0.0, 3.915280046840053e-07, 0.0, 91.6150131225586, 9.865761143637343
2545, 382.17724609375, -107.75384521484375, 0.0, 0.0, 0.0, 91.61885070800781, 9.824172980590173
2546, 382.1719970703125, -107.56246185302734, 0.0, 0.0, 0.0, 91.62217712402344, 9.776108231740803
2547, 382.1673278808594, -107.39474487304688, 0.0, 0.0, 0.0, 91.62450408935547, 9.730909342505543
2548, 382.162109375, -107.20730590820312, 0.0, 0.0, 0.0, 91.6264877319336, 9.67782027081588
2549, 382.1570739746094, -107.0250473022461, 0.0, 0.0, 0.0, 91.62792205810547, 9.624024338008388
2550, 382.1520690917969, -106.84732818603516, 0.0, 0.0, 0.0, 91.62886047363281, 9.569928560289862
2551, 382.1473693847656, -106.67964935302734, 0.0, 0.0, 0.0, 91.6293716430664, 9.5176813664323
2552, 382.1422119140625, -106.49701690673828, 0.0, 0.0, 0.0, 91.62962341308594, 9.459723756755054
2553, 382.137451171875, -106.32784271240234, 0.0, 0.0, 0.0, 91.62952423095703, 9.40521690805339
2554, 382.1325378417969, -106.15374755859375, 0.0, 0.0, 0.0, 91.62922668457031, 9.348484123273176
2555, 382.1275939941406, -105.97940063476562, 0.0, 0.0, 0.0, 91.62860107421875, 9.291128004871908
2556, 382.1229248046875, -105.81381225585938, 0.0, 0.0, 0.0, 91.62791442871094, 9.236251029704803
2557, 382.1178894042969, -105.63597106933594, 0.0, 0.0, 0.0, 91.62694549560547, 9.176954426197874
2558, 382.1127014160156, -105.4548110961914, 0.0, 0.0, 0.0, 91.62578582763672, 9.116240276377802
2559, 382.1080017089844, -105.28888702392578, 0.0, 0.0, 0.0, 91.62464141845703, 9.060419683507739
2560, 382.1035461425781, -105.13148498535156, 0.0, 0.0, 0.0, 91.62342834472656, 9.007321725862706
2561, 382.09857177734375, -104.9572525024414, 0.0, 0.0, 0.0, 91.62196350097656, 8.949146125871685
2562, 382.0941467285156, -104.80078125, 0.0, 0.07500000298023224, 0.0, 91.6206283569336, 8.897660503810954
2563, 382.0895690917969, -104.64012145996094, 0.0, 0.125, 0.0, 91.61918640136719, 8.846695927971169
2564, 382.0848083496094, -104.47206115722656, 0.0, 0.17500001192092896, 0.0, 91.61762237548828, 8.796473709880503
2565, 382.0803527832031, -104.31571197509766, 0.0, 0.2250000238418579, 0.0, 91.6161880493164, 8.753463824754986
2566, 382.07562255859375, -104.15046691894531, 0.0, 0.27500003576278687, 0.0, 91.61466217041016, 8.712484432404773
2567, 382.07086181640625, -103.98079681396484, 0.0, 0.2500000298023224, 0.0, 91.6131820678711, 8.675168109882765
2568, 382.06640625, -103.82324981689453, 0.0, 0.20000001788139343, 0.0, 91.61185455322266, 8.643063951807921
2569, 382.06207275390625, -103.67146301269531, 0.0, 0.15000000596046448, 0.0, 91.61064147949219, 8.612540758648107
2570, 382.0574035644531, -103.50657653808594, 0.0, 0.10000000149011612, 0.0, 91.60932159423828, 8.578201859349612
2571, 382.0528869628906, -103.34678649902344, 0.0, 0.07500000298023224, 0.0, 91.60810089111328, 8.542701124511103
2572, 382.0484619140625, -103.19037628173828, 0.0, 0.02500000409781933, 0.0, 91.60688781738281, 8.505419335028982
2573, 382.0437927246094, -103.02477264404297, 0.0, -0.02499999664723873, 0.0, 91.60562896728516, 8.4627354699674
2574, 382.0397033691406, -102.880126953125, 0.0, 0.0, 0.0, 91.6044921875, 8.422714124248882
2575, 382.0353698730469, -102.7280044555664, 0.0, 0.0, 0.0, 91.603271484375, 8.378438438126697
2576, 382.03076171875, -102.56414794921875, 0.0, 0.0, 0.0, 91.60186767578125, 8.328780562711882
2577, 382.02655029296875, -102.41448974609375, 0.0, 0.0, 0.0, 91.60060119628906, 8.282013893416316
2578, 382.0222473144531, -102.26246643066406, 0.0, 0.0, 0.0, 91.5992660522461, 8.233456342912843
2579, 382.0177917480469, -102.10252380371094, 0.0, 0.0, 0.0, 91.59782409667969, 8.181478197192517
2580, 382.01361083984375, -101.95474243164062, 0.0, 0.0, 0.0, 91.596435546875, 8.1328224015822
2581, 382.0093994140625, -101.80615997314453, 0.0019098592456430197, 0.0, 0.0, 91.59579467773438, 8.083426554371277
2582, 382.0050354003906, -101.65251922607422, 0.0038197184912860394, 0.0, 0.0, 91.59680938720703, 8.031950754811852
2583, 382.000732421875, -101.5062026977539, 0.007639436982572079, 0.0, 0.0, 91.60086059570312, 7.98261894842892
2584, 381.9965515136719, -101.36808013916016, 0.01145915500819683, 0.0, 0.0, 91.60874938964844, 7.9358233480589195
2585, 381.99163818359375, -101.21196746826172, 0.010822535492479801, 0.0, 0.0, 91.62224578857422, 7.882742566996393
2586, 381.9869689941406, -101.06620788574219, 0.009549295529723167, 0.0, 0.0, 91.63777160644531, 7.8330657327817335
2587, 381.9823303222656, -100.92159271240234, 0.008276054635643959, 0.0, 0.0, 91.6550064086914, 7.78368759104486
2588, 381.9774475097656, -100.77155303955078, 0.0070028156042099, 0.0, 0.0, 91.67375183105469, 7.732369938641849
2589, 381.9731140136719, -100.63743591308594, 0.00636619608849287, 0.0, 0.0, 91.69078063964844, 7.686470561927024
2590, 381.96875, -100.503662109375, 0.005092956591397524, 0.0, 0.0, 91.70742797851562, 7.640639748674503
2591, 381.9637756347656, -100.35061645507812, 0.0038197170943021774, 0.0, 0.0, 91.72554016113281, 7.58823722048388
2592, 381.95947265625, -100.2176513671875, 0.003183097345754504, 0.0, 0.0, 91.74008178710938, 7.542617435971573
2593, 381.9552001953125, -100.0843505859375, 0.003183097345754504, 0.0, 0.0, 91.75321197509766, 7.496861883572863
2594, 381.9505920410156, -99.93814849853516, 0.0, 0.0, 0.0, 91.76517486572266, 7.446642845125308
2595, 381.9465026855469, -99.8087387084961, 0.0, 0.0, 0.0, 91.77384185791016, 7.402190231174977
2596, 381.94232177734375, -99.67556762695312, 0.0, 0.0, 0.0, 91.78108215332031, 7.356437650741256
2597, 381.93780517578125, -99.53072357177734, 0.0, 0.0, 0.0, 91.78748321533203, 7.306681774617713
2598, 381.9337158203125, -99.39964294433594, 0.0, 0.0, 0.0, 91.79209899902344, 7.261710089667839
2599, 381.929443359375, -99.26318359375, 0.0, 0.0, 0.0, 91.796142578125, 7.215077799228292
2600, 381.9252624511719, -99.12969207763672, 0.0, 0.0, 0.0, 91.79947662353516, 7.169538269129893
2601, 381.9212951660156, -99.00213623046875, 0.0, 0.0, 0.0, 91.80155944824219, 7.125247333637302
2602, 381.9172668457031, -98.87347412109375, 0.0, 0.0, 0.0, 91.80303955078125, 7.079937709384652
2603, 381.91302490234375, -98.73976135253906, 0.0, 0.0, 0.0, 91.8043212890625, 7.032067593677856
2604, 381.90911865234375, -98.61486053466797, 0.0, 0.0, 0.0, 91.80474853515625, 6.987650335328659
2605, 381.9050598144531, -98.48641204833984, 0.0, 0.0, 0.0, 91.80546569824219, 6.943440200838174
2606, 381.9009704589844, -98.35418701171875, 0.0, 0.0, 0.0, 91.80618286132812, 6.8980745324552535
2607, 381.8970642089844, -98.23101043701172, 0.0, 0.02500000037252903, 0.0, 91.80572509765625, 6.856500621143885
2608, 381.89300537109375, -98.10140228271484, 0.0, 0.07500000298023224, 0.0, 91.80598449707031, 6.813888465787206
2609, 381.8889465332031, -97.97190856933594, 0.0, 0.10000000149011612, 0.0, 91.80587768554688, 6.771588885021276
2610, 381.8851623535156, -97.85216522216797, 0.0, 0.15000000596046448, 0.0, 91.80508422851562, 6.734955511508845
2611, 381.8813171386719, -97.7296371459961, 0.0, 0.2250000238418579, 0.0, 91.80476379394531, 6.7011193405080345
2612, 381.8771667480469, -97.59879302978516, 0.0, 0.27500003576278687, 0.0, 91.80502319335938, 6.666606897756528
2613, 381.8734436035156, -97.4801025390625, 0.0, 0.30000004172325134, 0.0, 91.80397033691406, 6.6387645060507685
2614, 381.86968994140625, -97.36127471923828, 0.0, 0.2500000298023224, 0.0, 91.8033447265625, 6.616712849608697
2615, 381.8656311035156, -97.2328872680664, 0.0, 0.20000001788139343, 0.0, 91.8035888671875, 6.59209676249645
2616, 381.8620300292969, -97.11754608154297, 0.0, 0.17500001192092896, 0.0, 91.80242919921875, 6.569920992799386
2617, 381.8581848144531, -96.99583435058594, 0.0, 0.125, 0.0, 91.80220794677734, 6.548475682534046
2618, 381.8542175292969, -96.8682861328125, 0.0, 0.07500000298023224, 0.0, 91.80220031738281, 6.520506413013935
2619, 381.85052490234375, -96.75259399414062, 0.0, 0.05000000447034836, 0.0, 91.80107116699219, 6.493934560430658
2620, 381.84686279296875, -96.63626861572266, 0.0, 4.0978194171259474e-09, 0.0, 91.80044555664062, 6.468092066391572
2621, 381.84283447265625, -96.50823974609375, 0.0, 0.0, 0.0, 91.8010482788086, 6.432635072675221
2622, 381.8393249511719, -96.39569854736328, 0.0, 0.05000000074505806, 0.0, 91.79971313476562, 6.400061489268636
2623, 381.8357238769531, -96.28079986572266, 0.0, 0.07500000298023224, 0.0, 91.79907989501953, 6.3697595056110075
2624, 381.8318176269531, -96.15572357177734, 0.0, 0.125, 0.0, 91.79936218261719, 6.33337937711594
2625, 381.82818603515625, -96.04113006591797, 0.0, 0.17500001192092896, 0.0, 91.79822540283203, 6.30025420630988
2626, 381.82476806640625, -95.93215942382812, 0.0, 0.2250000238418579, 0.0, 91.79718780517578, 6.274481326727914
2627, 381.8209228515625, -95.81108856201172, 0.0, 0.27500003576278687, 0.0, 91.79755401611328, 6.246872263711256
2628, 381.8174133300781, -95.69966888427734, 0.0, 0.2250000238418579, 0.0, 91.79644012451172, 6.221979000351683
2629, 381.8138122558594, -95.5848159790039, 0.0, 0.17500001192092896, 0.0, 91.79600524902344, 6.199480011395032
2630, 381.8101806640625, -95.46878814697266, 0.0, 0.15000000596046448, 0.0, 91.79557037353516, 6.174579653449469
2631, 381.8067626953125, -95.35919952392578, 0.0, 0.10000000149011612, 0.0, 91.794677734375, 6.15194873556395
2632, 381.8030090332031, -95.2401351928711, 0.0, 0.05000000447034836, 0.0, 91.79496765136719, 6.124944263046025
2633, 381.79937744140625, -95.1251449584961, 0.0, 4.0978194171259474e-09, 0.0, 91.79434204101562, 6.0938842983381525
2634, 381.7959289550781, -95.01619720458984, 0.0, -0.02499999664723873, 0.0, 91.79348754882812, 6.065487329757813
2635, 381.79241943359375, -94.90276336669922, 0.0, 0.02500000037252903, 0.0, 91.7933120727539, 6.034599872431211
2636, 381.788818359375, -94.78865051269531, 0.0, 0.07500000298023224, 0.0, 91.79299926757812, 5.999885492166819
2637, 381.7853698730469, -94.67875671386719, 0.0, 0.10000000149011612, 0.0, 91.79237365722656, 5.967306050199251
2638, 381.7819519042969, -94.56861114501953, 0.0, 0.15000000596046448, 0.0, 91.79193115234375, 5.936176764809467
2639, 381.77850341796875, -94.45750427246094, 0.0, 0.15000000596046448, 0.0, 91.7916259765625, 5.90490332373606
2640, 381.7751770019531, -94.35199737548828, 0.0, 0.10000000149011612, 0.0, 91.79090118408203, 5.877251705932493
2641, 381.77178955078125, -94.24324035644531, 0.0, 0.05000000447034836, 0.0, 91.79066467285156, 5.8487704103663924
2642, 381.7682800292969, -94.13056182861328, 0.0, 4.0978194171259474e-09, 0.0, 91.79068756103516, 5.814234826222701
2643, 381.76513671875, -94.03125762939453, 0.0, -0.02499999664723873, 0.0, 91.78971862792969, 5.785946104811114
2644, 381.7618713378906, -93.9254150390625, 0.0, 0.0, 0.0, 91.78983306884766, 5.75551442055618
2645, 381.7584228515625, -93.814208984375, 0.0, 0.0, 0.0, 91.7900161743164, 5.7154080030231675
2646, 381.7552185058594, -93.71099090576172, 0.0, 0.0, 0.0, 91.7894287109375, 5.67867187698924
2647, 381.751953125, -93.60543823242188, 0.0, 0.0, 0.0, 91.78924560546875, 5.641559639760576
2648, 381.7485046386719, -93.4947509765625, -0.0019098592456430197, 0.0, 0.0, 91.78877258300781, 5.597776371894703
2649, 381.7453918457031, -93.39234161376953, -0.005729577504098415, 0.0, 0.0, 91.78559112548828, 5.558755859741815
2650, 381.74261474609375, -93.2975082397461, -0.009549296461045742, 0.0, 0.0, 91.7793197631836, 5.5273280022881774
2651, 381.7395935058594, -93.18946838378906, -0.01145915500819683, 0.0, 0.0, 91.76983642578125, 5.486948819550968
2652, 381.7369079589844, -93.08720397949219, -0.015278873965144157, 0.0, 0.0, 91.75501251220703, 5.44499980821423
2653, 381.7344970703125, -92.99063873291016, -0.019098592922091484, 0.0, 0.0, 91.7355728149414, 5.409312871850551
2654, 381.73199462890625, -92.88512420654297, -0.017825353890657425, 0.0, 0.0, 91.71085357666016, 5.366658049145083
2655, 381.7277526855469, -92.69598388671875, -0.015278875827789307, 0.0, 0.0, 91.65681457519531, 5.297126061219103
2656, 381.7255859375, -92.59515380859375, -0.014642256312072277, 0.0, 0.0, 91.62654876708984, 5.255155729959742
2657, 381.72357177734375, -92.50373077392578, -0.013369015417993069, 0.0, 0.0, 91.59785461425781, 5.220275794061434
2658, 381.7215576171875, -92.4106216430664, -0.012095775455236435, 0.0, 0.0, 91.5689926147461, 5.1858127203003335
2659, 381.7193603515625, -92.30852508544922, -0.010822535492479801, 0.0, 0.0, 91.53917694091797, 5.1402928194543485
2660, 381.7173767089844, -92.21720123291016, -0.010185915045440197, 0.0, 0.0, 91.51237487792969, 5.103140654747883
2661, 381.71539306640625, -92.12722778320312, -0.008912675082683563, 0.02500000037252903, 0.0, 91.48674011230469, 5.070625326214168
2662, 381.7132263183594, -92.02825927734375, -0.0076394351199269295, 0.07500000298023224, 0.0, 91.46153259277344, 5.0292028899829635
2663, 381.7112121582031, -91.9361343383789, -0.00636619608849287, 0.125, 0.0, 91.43911743164062, 4.992700426632636
2664, 381.7091979980469, -91.84571075439453, -0.0057295761071145535, 0.15000000596046448, 0.0, 91.41961669921875, 5.001435935685366
2665, 381.70703125, -91.74674224853516, -0.004456337075680494, 0.20000001788139343, 0.0, 91.40098571777344, 5.0119602585238905
2666, 381.7049255371094, -91.65312957763672, -0.003183097345754504, 0.2500000298023224, 0.0, 91.38594818115234, 5.0142623681090805
2667, 381.7028503417969, -91.56204223632812, -0.001909857615828514, 0.30000004172325134, 0.0, 91.37362670898438, 5.014344628636419
2668, 381.7006530761719, -91.46794891357422, 0.0, 0.3250000476837158, 0.0, 91.3634262084961, 5.015114425770237
2669, 381.69854736328125, -91.37831115722656, 0.0, 0.3750000596046448, 0.0, 91.35530853271484, 5.016169107446117
2670, 381.69647216796875, -91.29117584228516, 0.0, 0.42500007152557373, 0.0, 91.35077667236328, 5.0052072790686
2671, 381.6940612792969, -91.19221496582031, 0.0038197184912860394, 0.4750000834465027, 0.0, 91.34904479980469, 4.987491248592319
2672, 381.6918029785156, -91.10138702392578, 0.005729577504098415, 0.5000000596046448, 0.0, 91.34931182861328, 5.0150976511217875
2673, 381.6895751953125, -91.01345825195312, 0.004456338472664356, 0.550000011920929, 0.0, 91.35184478759766, 5.040239031739227
2674, 381.68707275390625, -90.91558074951172, 0.003183098742738366, 0.5999999642372131, 0.0, 91.35602569580078, 5.068790834166137
2675, 381.6846923828125, -90.82095336914062, 0.0025464787613600492, 0.6249999403953552, 0.0, 91.3606185913086, 5.09820571956098
2676, 381.6823425292969, -90.72705078125, 0.0, 0.6749998927116394, 0.0, 91.3646469116211, 5.1291047353724055
2677, 381.6799011230469, -90.62776184082031, 0.0, 0.7249998450279236, 0.0, 91.36847686767578, 5.161274210799579
2678, 381.67767333984375, -90.53655242919922, 0.0, 0.7749997973442078, 0.0, 91.37123107910156, 5.1779276801712095
2679, 381.6754150390625, -90.44361877441406, 0.0, 0.7999997735023499, 0.0, 91.37307739257812, 5.1716198832851505
2680, 381.6729736328125, -90.34078979492188, 0.0, 0.849999725818634, 0.0, 91.37477111816406, 5.152364200902099
2681, 381.6707763671875, -90.24927520751953, 0.0, 0.7999997735023499, 0.0, 91.37591552734375, 5.157887370752732
2682, 381.6686096191406, -90.15757751464844, 0.0, 0.7249998450279236, 0.0, 91.37690734863281, 5.1754873525496885
2683, 381.6660461425781, -90.05196380615234, 0.0, 0.6749998927116394, 0.0, 91.37805938720703, 5.2550636845893965
2684, 381.6636962890625, -89.9554443359375, 0.0, 0.6499999165534973, 0.0, 91.37931060791016, 5.34413503855984
2685, 381.66143798828125, -89.85972595214844, 0.0, 0.6249999403953552, 0.0, 91.38062286376953, 5.417737591465247
2686, 381.6589050292969, -89.75415802001953, 0.0, 0.550000011920929, 0.0, 91.38214111328125, 5.481725145642602
2687, 381.6566467285156, -89.65921783447266, 0.0, 0.5250000357627869, 0.0, 91.38343048095703, 5.51301439169474
2688, 381.6540832519531, -89.5513916015625, 0.0, 0.4750000536441803, 0.0, 91.38468933105469, 5.521239743032177
2689, 381.6515197753906, -89.4437484741211, 0.0, 0.42500004172325134, 0.0, 91.38566589355469, 5.507873633927592
2690, 381.649169921875, -89.34550476074219, 0.0, 0.4750000536441803, 0.0, 91.3863525390625, 5.5024597521787095
2691, 381.6468200683594, -89.2471923828125, 0.0, 0.5000000596046448, 0.0, 91.38697814941406, 5.509476777983221
2692, 381.6441345214844, -89.13526153564453, 0.0, 0.550000011920929, 0.0, 91.38764953613281, 5.541072220513386
2693, 381.6417541503906, -89.03374481201172, 0.0, 0.5999999642372131, 0.0, 91.3884048461914, 5.5950232755595435
2694, 381.639404296875, -88.93531036376953, 0.0, 0.6499999165534973, 0.0, 91.38915252685547, 5.623553115059917
2695, 381.63671875, -88.82192993164062, 0.0, 0.6249999403953552, 0.0, 91.39002990722656, 5.671279782038546
2696, 381.63427734375, -88.72103118896484, 0.0, 0.574999988079071, 0.0, 91.39090728759766, 5.721886258096999
2697, 381.6317443847656, -88.61530303955078, 0.0, 0.5250000357627869, 0.0, 91.391845703125, 5.757975396491147
2698, 381.62908935546875, -88.5048599243164, 0.0, 0.4750000536441803, 0.0, 91.39273071289062, 5.767902147344794
2699, 381.62652587890625, -88.39885711669922, 0.0, 0.4500000476837158, 0.0, 91.39340209960938, 5.762130101776146
2700, 381.6239318847656, -88.29218292236328, 0.0, 0.40000003576278687, 0.0, 91.39397430419922, 5.761735057848102
2701, 381.62127685546875, -88.18302917480469, 0.0, 0.3500000238418579, 0.0, 91.39448547363281, 5.76063402599145
2702, 381.6188659667969, -88.08232116699219, 0.0, 0.40000003576278687, 0.0, 91.39485931396484, 5.760516804234683
2703, 381.61627197265625, -87.97481536865234, 0.0, 0.42500004172325134, 0.0, 91.39521026611328, 5.7677426049978315
2704, 381.61358642578125, -87.86214447021484, 0.0, 0.4750000536441803, 0.0, 91.39556884765625, 5.766732772332865
2705, 381.611083984375, -87.76043701171875, 0.0, 0.5250000357627869, 0.0, 91.39582824707031, 5.767396458380442
2706, 381.6085205078125, -87.65557098388672, 0.0, 0.550000011920929, 0.0, 91.3961181640625, 5.781367771533032
2707, 381.60577392578125, -87.54351043701172, 0.0, 0.5250000357627869, 0.0, 91.39643096923828, 5.792067892416455
2708, 381.60296630859375, -87.42654418945312, 0.0, 0.4750000536441803, 0.0, 91.39681243896484, 5.8262030262628075
2709, 381.6003112792969, -87.31812286376953, 0.0, 0.42500004172325134, 0.0, 91.39739990234375, 5.885331303502241
2710, 381.5975036621094, -87.20384216308594, 0.0, 0.3750000298023224, 0.0, 91.39815521240234, 5.924174407242805
2711, 381.59466552734375, -87.0897216796875, 0.0, 0.3500000238418579, 0.0, 91.39888000488281, 5.929471585225961
2712, 381.5921325683594, -86.98487091064453, 0.0, 0.30000001192092896, 0.0, 91.39940643310547, 5.925575832999071
2713, 381.5893249511719, -86.87089538574219, 0.0, 0.25, 0.0, 91.39985656738281, 5.916356722373072
2714, 381.5865783691406, -86.75856018066406, 0.0, 0.22499999403953552, 0.0, 91.40021514892578, 5.903402755808227
2715, 381.5840148925781, -86.65354919433594, 0.0, 0.17499998211860657, 0.0, 91.4004135131836, 5.896335055155267
2716, 381.5813903808594, -86.5464859008789, 0.0, 0.12499997764825821, 0.0, 91.40055847167969, 5.887609285761547
2717, 381.5785827636719, -86.4302749633789, 0.0, 0.07499998062849045, 0.0, 91.40061950683594, 5.866494822461807
2718, 381.5760803222656, -86.3271255493164, 0.0, 0.04999998211860657, 0.0, 91.40059661865234, 5.852312040092778
2719, 381.57342529296875, -86.21953582763672, 0.0, -1.8253922817734747e-08, 0.0, 91.40049743652344, 5.83361022239233
2720, 381.5707092285156, -86.1064453125, 0.0, 0.0, 0.0, 91.40034484863281, 5.802531088946885
2721, 381.568115234375, -86.00005340576172, 0.0, 0.0, 0.0, 91.40003967285156, 5.774434794482747
2722, 381.56561279296875, -85.89695739746094, 0.0, 0.0, 0.0, 91.39967346191406, 5.747857002652811
2723, 381.5628967285156, -85.78544616699219, 0.0, 0.0, 0.0, 91.39920043945312, 5.710737267727413
2724, 381.5602722167969, -85.67952728271484, 0.0, 0.0, 0.0, 91.39871978759766, 5.676522664701575
2725, 381.5577697753906, -85.5779800415039, 0.0, 0.0, 0.0, 91.39812469482422, 5.645643867511328
2726, 381.55511474609375, -85.46804809570312, 0.0, 0.0, 0.0, 91.3974609375, 5.604293220893572
2727, 381.55267333984375, -85.36940002441406, 0.0, 0.0, 0.0, 91.39678955078125, 5.573552940739032
2728, 381.5502014160156, -85.26776885986328, 0.0, 0.0, 0.0, 91.39607238769531, 5.538735208860335
2729, 381.547607421875, -85.16383361816406, 0.0, 0.0, 0.0, 91.39531707763672, 5.499181909750031
2730, 381.5451965332031, -85.064697265625, 0.0, 0.0, 0.0, 91.39531707763672, 5.463930441483452
2731, 381.5428466796875, -84.96920776367188, 0.0, 0.0, 0.0, 91.39373779296875, 5.431887521799901
2732, 381.5401611328125, -84.85945892333984, 0.0, 0.0, 0.0, 91.39286804199219, 5.418476306922705
2733, 381.5377197265625, -84.7612075805664, 0.0, 0.0, 0.0, 91.39213562011719, 5.399210806645056
2734, 381.53533935546875, -84.66569519042969, 0.0, 0.0, 0.0, 91.39143371582031, 5.360975229210027
2735, 381.5328369140625, -84.56297302246094, 0.0, 0.0, 0.0, 91.39060974121094, 5.318779281372632
2736, 381.5304870605469, -84.46540832519531, 0.0, 0.0, 0.0, 91.38980102539062, 5.2731381207724795
2737, 381.5282287597656, -84.3735122680664, 0.0, 0.0, 0.0, 91.38895416259766, 5.234062532790798
2738, 381.5257263183594, -84.27202606201172, 0.0, 0.0, 0.0, 91.38802337646484, 5.19379966448786
2739, 381.52349853515625, -84.18151092529297, 0.0, 0.0, 0.0, 91.38713073730469, 5.151192900132016
2740, 381.5211486816406, -84.08478546142578, 0.0, 0.0, 0.0, 91.3862075805664, 5.113068728276604
2741, 381.51873779296875, -83.98442077636719, 0.0, 0.0, 0.0, 91.38518524169922, 5.066348915079149
2742, 381.51654052734375, -83.89521026611328, 0.0, 0.0, 0.0, 91.38424682617188, 5.02323023161531
2743, 381.51416015625, -83.79756927490234, 0.0, 0.0, 0.0, 91.38321685791016, 4.989250062584052
2744, 381.5118408203125, -83.7022476196289, 0.0, 0.0, 0.0, 91.38243103027344, 4.991909604039387
2745, 381.5095520019531, -83.60770416259766, 0.0, 0.0, 0.0, 91.38179016113281, 4.981036878243153
2746, 381.5074462890625, -83.51918029785156, 0.0, 0.0, 0.0, 91.38125610351562, 4.963287216503936
2747, 381.5052185058594, -83.42698669433594, 0.0, 0.0, 0.0, 91.3807373046875, 4.93994991391432
2748, 381.5028381347656, -83.3301773071289, 0.0, 0.0, 0.0, 91.38019561767578, 4.912038574478008
2749, 381.5006408691406, -83.23977661132812, 0.0, 0.0, 0.0, 91.37968444824219, 4.883962273878924
2750, 381.49853515625, -83.15328979492188, 0.0, 0.0, 0.0, 91.37918090820312, 4.855942074891919
2751, 381.49627685546875, -83.05787658691406, 0.0, 0.0, 0.0, 91.37860107421875, 4.824187136870594
2752, 381.4941711425781, -82.96904754638672, 0.0, 0.0, 0.0, 91.37806701660156, 4.794102157973732
2753, 381.49212646484375, -82.8848648071289, 0.0, 0.0, 0.0, 91.37755584716797, 4.765294184404293
2754, 381.4899597167969, -82.79373931884766, 0.0, 0.0, 0.0, 91.37696075439453, 4.733904642723884
2755, 381.4878845214844, -82.71052551269531, 0.0, 0.0, 0.0, 91.3764419555664, 4.705119618315499
2756, 381.4858093261719, -82.6244125366211, 0.0, 0.0, 0.0, 91.37586212158203, 4.675247417315526
2757, 381.4835205078125, -82.53032684326172, 0.0038197184912860394, 0.0, 0.0, 91.37671661376953, 4.64255852196819
2758, 381.4813537597656, -82.44924926757812, 0.007639436982572079, 0.0, 0.0, 91.3802261352539, 4.6143200418728485
2759, 381.4791564941406, -82.36782836914062, 0.009549296461045742, 0.0, 0.0, 91.38677215576172, 4.585925553285745
2760, 381.4765625, -82.27672576904297, 0.015278873965144157, 0.0, 0.0, 91.39958190917969, 4.55406989820022
2761, 381.4738464355469, -82.19039154052734, 0.019098592922091484, 0.0, 0.0, 91.41765594482422, 4.5238324982276765
2762, 381.4713134765625, -82.11275482177734, 0.02291831001639366, 0.0, 0.0, 91.43930053710938, 4.496606159076812
2763, 381.46826171875, -82.0257568359375, 0.024828169494867325, 0.0, 0.0, 91.46966552734375, 4.4660945949935185
2764, 381.46533203125, -81.94681549072266, 0.02864788845181465, 0.0, 0.0, 91.50271606445312, 4.438371114243634
2765, 381.46209716796875, -81.86470794677734, 0.03246760740876198, 0.0, 0.0, 91.54332733154297, 4.409493030887688
2766, 381.45843505859375, -81.77788543701172, 0.036287322640419006, 0.0, 0.0, 91.5934829711914, 4.3789151790855385
2767, 381.45452880859375, -81.69023132324219, 0.040107037872076035, 0.0, 0.0, 91.6512222290039, 4.348028303607426
2768, 381.450927734375, -81.61442565917969, 0.0420168936252594, 0.0, 0.0, 91.70713806152344, 4.3213256757595895
2769, 381.4467468261719, -81.53095245361328, 0.04583660885691643, 0.0, 0.0, 91.77517700195312, 4.291871564444227
2770, 381.4422912597656, -81.4466552734375, 0.049656324088573456, 0.0, 0.0, 91.85088348388672, 4.262083268445888
2771, 381.4380798339844, -81.37067413330078, 0.05156618356704712, 0.0, 0.0, 91.92455291748047, 4.235259322442495
2772, 381.4336242675781, -81.29459381103516, 0.05538589879870415, 0.0, 0.0, 92.0038833618164, 4.208351699321979
2773, 381.4285888671875, -81.21286010742188, 0.059205614030361176, 0.0, 0.0, 92.0957260131836, 4.179396684876155
2774, 381.4237365722656, -81.13861846923828, 0.0630253255367279, 0.0, 0.0, 92.18505859375, 4.153055922784876
2775, 381.41827392578125, -81.05806732177734, 0.06493518501520157, 0.0, 0.0, 92.28816223144531, 4.124512380099285
2776, 381.41259765625, -80.9786376953125, 0.0687548965215683, 0.0, 0.0, 92.3960952758789, 4.096315451131741
2777, 381.4071350097656, -80.90585327148438, 0.07448447495698929, 0.0, 0.0, 92.5012435913086, 4.070360127790096
2778, 381.4010314941406, -80.82901763916016, 0.07830418646335602, 0.0, 0.0, 92.61924743652344, 4.0429917967578275
2779, 381.39459228515625, -80.75151062011719, 0.08021404594182968, 0.0, 0.0, 92.74484252929688, 4.015498812522366
2780, 381.3877258300781, -80.6723403930664, 0.08403375744819641, 0.05000000074505806, 0.0, 92.87992858886719, 3.9888159076469516
2781, 381.3811950683594, -80.60020446777344, 0.08785347640514374, 0.10000000149011612, 0.0, 93.00880432128906, 3.9670609124958505
2782, 381.3746032714844, -80.53057861328125, 0.09167318791151047, 0.15000000596046448, 0.0, 93.13883209228516, 3.9494743275084967
2783, 381.366943359375, -80.45317077636719, 0.09358304738998413, 0.17500001192092896, 0.0, 93.2894287109375, 3.9341877008409902
2784, 381.3595886230469, -80.38179779052734, 0.09740276634693146, 0.2250000238418579, 0.0, 93.43368530273438, 3.923948814610075
2785, 381.35162353515625, -80.30757141113281, 0.10122247785329819, 0.27500003576278687, 0.0, 93.58955383300781, 3.9178672681157916
2786, 381.34295654296875, -80.22987365722656, 0.10504218935966492, 0.3250000476837158, 0.0, 93.75922393798828, 3.9168252014865748
2787, 381.3345642089844, -80.15790557861328, 0.10695204883813858, 0.3500000536441803, 0.0, 93.92152404785156, 3.9203412761861465
2788, 381.3257751464844, -80.08531188964844, 0.11077176779508591, 0.40000006556510925, 0.0, 94.09040832519531, 3.9277378924056956
2789, 381.3157043457031, -80.00466918945312, 0.11459147930145264, 0.40000006556510925, 0.0, 94.28395080566406, 3.939786092333826
2790, 381.3055725097656, -79.92736053466797, 0.11841119825839996, 0.3500000536441803, 0.0, 94.47618103027344, 3.952106474149376
2791, 381.2945556640625, -79.84599304199219, 0.1222309097647667, 0.30000004172325134, 0.0, 94.68487548828125, 3.9628068428141248
2792, 381.2843017578125, -79.77310943603516, 0.12796048820018768, 0.2250000238418579, 0.0, 94.87870025634766, 3.9684871158231387
2793, 381.2734375, -79.69916534423828, 0.12987034022808075, 0.20000001788139343, 0.0, 95.0814437866211, 3.9699118802960283
2794, 381.2611999511719, -79.61885833740234, 0.13369005918502808, 0.15000000596046448, 0.0, 95.30812072753906, 3.9665095397672165
2795, 381.24847412109375, -79.53791046142578, 0.1375097632408142, 0.10000000149011612, 0.0, 95.54388427734375, 3.957684057694991
2796, 381.23529052734375, -79.45757293701172, 0.14132948219776154, 0.05000000447034836, 0.0, 95.7851333618164, 3.9434123728479262
2797, 381.2227783203125, -79.3837661743164, 0.14514920115470886, 4.0978194171259474e-09, 0.0, 96.013916015625, 3.9253994527215297
2798, 381.20989990234375, -79.31069946289062, 0.1489689201116562, 0.0, 0.0, 96.24679565429688, 3.9037468099029056
2799, 381.19561767578125, -79.23207092285156, 0.15087877213954926, 0.0, 0.0, 96.50365447998047, 3.878158404450413
2800, 381.18115234375, -79.15512084960938, 0.15469849109649658, 0.0, 0.0, 96.76158905029297, 3.851740213398017
2801, 381.1660461425781, -79.07736206054688, 0.15851819515228271, 0.0, 0.0, 97.02909851074219, 3.824263980927115
2802, 381.1517028808594, -79.00618743896484, 0.16233791410923004, 0.0, 0.0, 97.28068542480469, 3.798712911465611
2803, 381.13763427734375, -78.93846130371094, 0.16615763306617737, 0.0, 0.0, 97.52581787109375, 3.7741734720761646
2804, 381.1214294433594, -78.86289978027344, 0.1699773520231247, 0.0, 0.0, 97.80589294433594, 3.7466766177066346
2805, 381.1041564941406, -78.7848129272461, 0.17379705607891083, 0.0, 0.0, 98.10297393798828, 3.7181829116062532
2806, 381.0890197753906, -78.71849822998047, 0.17761677503585815, 0.0, 0.0, 98.36174011230469, 3.6938966132960425
2807, 381.0731201171875, -78.65093994140625, 0.17952664196491241, 0.02500000037252903, 0.0, 98.63094329833984, 3.6687669750465597
2808, 381.0549621582031, -78.57583618164062, 0.18334634602069855, 0.07500000298023224, 0.0, 98.936279296875, 3.643536783611937
2809, 381.03704833984375, -78.5041732788086, 0.18716606497764587, 0.125, 0.0, 99.23397827148438, 3.6234647873989427
2810, 381.0201110839844, -78.43824768066406, 0.1909857839345932, 0.17500001192092896, 0.0, 99.51387023925781, 3.6092415996961718
2811, 381.0023498535156, -78.37097930908203, 0.19480548799037933, 0.2500000298023224, 0.0, 99.80517578125, 3.5998877887840814
2812, 380.9840087890625, -78.3036117553711, 0.19862520694732666, 0.30000004172325134, 0.0, 100.10279083251953, 3.5967247851172393
2813, 380.9642639160156, -78.23258209228516, 0.19989845156669617, 0.30000004172325134, 0.0, 100.4215316772461, 3.5987003642913287
2814, 380.9437561035156, -78.16071319580078, 0.20053507387638092, 0.2500000298023224, 0.0, 100.74840545654297, 3.6020196487309444
2815, 380.92279052734375, -78.08916473388672, 0.20180830359458923, 0.20000001788139343, 0.0, 101.07760620117188, 3.6031231254632776
2816, 380.9011535644531, -78.01686096191406, 0.20053507387638092, 0.15000000596046448, 0.0, 101.41294860839844, 3.600467313029014
2817, 380.87939453125, -77.9457778930664, 0.20180830359458923, 0.10000000149011612, 0.0, 101.74510192871094, 3.592993876830718
2818, 380.85699462890625, -77.8740234375, 0.20053507387638092, 0.05000000447034836, 0.0, 102.08216857910156, 3.5803686824994894
2819, 380.8370666503906, -77.81148529052734, 0.19989845156669617, 0.02500000409781933, 0.0, 102.37698364257812, 3.5654858304847825
2820, 380.8133239746094, -77.73820495605469, 0.20117168128490448, -0.02499999664723873, 0.0, 102.72401428222656, 3.5446633469024222
2821, 380.7892761230469, -77.66564178466797, 0.19989845156669617, 0.0, 0.0, 103.06876373291016, 3.5231848097867005
2822, 380.7652893066406, -77.59474182128906, 0.20117168128490448, 0.0, 0.0, 103.40703582763672, 3.499658693143144
2823, 380.74114990234375, -77.52462768554688, 0.19989845156669617, 0.0, 0.0, 103.74256896972656, 3.4752936198312465
2824, 380.71917724609375, -77.46202087402344, 0.20117168128490448, 0.0, 0.0, 104.0433120727539, 3.452841886566161
2825, 380.697021484375, -77.4000244140625, 0.19989845156669617, 0.0, 0.0, 104.3417739868164, 3.4304128465536756
2826, 380.6748046875, -77.33891296386719, 0.20180830359458923, 0.0, 0.0, 104.63722229003906, 3.4079369010053586
2827, 380.6481628417969, -77.26686096191406, 0.19989845156669617, 0.0, 0.0, 104.98621368408203, 3.3815035981198194
2828, 380.623046875, -77.20018005371094, 0.20053507387638092, 0.0, 0.0, 105.30989837646484, 3.3568612991392492
2829, 380.59783935546875, -77.13459014892578, 0.20180830359458923, 0.0, 0.0, 105.62969970703125, 3.332421116306893
2830, 380.57232666015625, -77.06922149658203, 0.20053507387638092, 0.0, 0.0, 105.9493179321289, 3.3081590610222475
2831, 380.5470275878906, -77.00542449951172, 0.20180830359458923, 0.0, 0.0, 106.2624282836914, 3.2843484581984
2832, 380.5216064453125, -76.94229125976562, 0.20053507387638092, 0.0, 0.0, 106.57305908203125, 3.260862388517968
2833, 380.4972839355469, -76.88294982910156, 0.19989845156669617, 0.0, 0.0, 106.86534881591797, 3.238724216612983
2834, 380.4722595214844, -76.8226318359375, 0.20117168128490448, 0.0, 0.0, 107.1632080078125, 3.2160678168837675
2835, 380.44775390625, -76.76465606689453, 0.19989845156669617, 0.0, 0.0, 107.45018005371094, 3.194344852229789
2836, 380.420654296875, -76.70130157470703, 0.20117168128490448, 0.0, 0.0, 107.76468658447266, 3.170437270211305
2837, 380.3940124511719, -76.64008331298828, 0.19989845156669617, 0.0, 0.0, 108.06922912597656, 3.147410257771197
2838, 380.36669921875, -76.57817840576172, 0.20117168128490448, 0.0, 0.0, 108.37821197509766, 3.1239401138996987
2839, 380.3387145996094, -76.51567840576172, 0.19989845156669617, 0.0, 0.0, 108.6908187866211, 3.1003202840860276
2840, 380.3111877441406, -76.45516204833984, 0.20117168128490448, 0.0, 0.0, 108.99453735351562, 3.0772393687096935
2841, 380.2840576171875, -76.3962173461914, 0.19989845156669617, 0.0, 0.0, 109.29114532470703, 3.054817253188659
2842, 380.2569580078125, -76.33821105957031, 0.20117168128490448, 0.05000000074505806, 0.0, 109.58414459228516, 3.0300134816489206
2843, 380.22900390625, -76.27930450439453, 0.19989845156669617, 0.10000000149011612, 0.0, 109.88227081298828, 3.0109322720835285
2844, 380.2029724121094, -76.22508239746094, 0.20117168128490448, 0.15000000596046448, 0.0, 110.15729522705078, 2.9985691252172866
2845, 380.1763610839844, -76.17032623291016, 0.19989845156669617, 0.20000001788139343, 0.0, 110.43518829345703, 2.991577762869993
2846, 380.1484680175781, -76.11373138427734, 0.20053507387638092, 0.27500003576278687, 0.0, 110.72260284423828, 2.990362815397592
2847, 380.1205749511719, -76.05774688720703, 0.20180830359458923, 0.3250000476837158, 0.0, 111.0075912475586, 2.9958952250492215
2848, 380.09100341796875, -75.99929809570312, 0.20053507387638092, 0.3750000596046448, 0.0, 111.30538177490234, 3.0081884247842825
2849, 380.0613708496094, -75.94129943847656, 0.20180830359458923, 0.42500007152557373, 0.0, 111.60138702392578, 3.026020622237961
2850, 380.0303039550781, -75.88134765625, 0.20053507387638092, 0.4750000834465027, 0.0, 111.90740203857422, 3.050262258937908
2851, 379.9994201660156, -75.82247161865234, 0.20180830359458923, 0.5250000357627869, 0.0, 112.2083969116211, 3.0791835926167153
2852, 379.96697998046875, -75.76144409179688, 0.20053507387638092, 0.574999988079071, 0.0, 112.52047729492188, 3.1145859014862887
2853, 379.9342041015625, -75.70052337646484, 0.20180830359458923, 0.6249999403953552, 0.0, 112.8323745727539, 3.154825622063058
2854, 379.90252685546875, -75.64230346679688, 0.20053507387638092, 0.6749998927116394, 0.0, 113.13050079345703, 3.1978979119033504
2855, 379.86810302734375, -75.57991790771484, 0.20180830359458923, 0.7249998450279236, 0.0, 113.45038604736328, 3.248612586548095
2856, 379.8331298828125, -75.51719665527344, 0.20053507387638092, 0.7749997973442078, 0.0, 113.77197265625, 3.304359201589956
2857, 379.7967834472656, -75.452880859375, 0.20053507387638092, 0.7749997973442078, 0.0, 114.10196685791016, 3.366184002339001
2858, 379.7596435546875, -75.38796997070312, 0.20053507387638092, 0.8999996781349182, 0.0, 114.43502807617188, 3.4339600936085666
2859, 379.722412109375, -75.32365417480469, 0.20117168128490448, 0.9499996304512024, 0.0, 114.76524353027344, 3.5054503632686274
2860, 379.68182373046875, -75.2543716430664, 0.19989845156669617, 0.9999995827674866, 0.0, 115.1207275390625, 3.5868788844960897
2861, 379.6423034667969, -75.18778228759766, 0.20117168128490448, 1.0, 0.0, 115.46269989013672, 3.6676579858362732
2862, 379.6003112792969, -75.1178970336914, 0.19989845156669617, 1.0, 0.0, 115.82173919677734, 3.7532940423887844
2863, 379.5570373535156, -75.04678344726562, 0.20117168128490448, 1.0, 0.0, 116.1877670288086, 3.8399237355596942
2864, 379.5119934082031, -74.9737548828125, 0.19989845156669617, 1.0, 0.0, 116.5640869140625, 3.9281414326527817
2865, 379.4638977050781, -74.8968505859375, 0.20053507387638092, 0.9500000476837158, 0.0, 116.96102905273438, 4.018461368007699
2866, 379.4158020019531, -74.82109832763672, 0.20180830359458923, 0.9000000953674316, 0.0, 117.3537368774414, 4.103069466966738
2867, 379.36431884765625, -74.74108123779297, 0.20053507387638092, 0.8500001430511475, 0.0, 117.76994323730469, 4.187044274872416
2868, 379.3123474121094, -74.6614990234375, 0.20180830359458923, 0.8000001907348633, 0.0, 118.18573760986328, 4.264232781981047
2869, 379.2565612792969, -74.57733154296875, 0.20053507387638092, 0.7500002384185791, 0.0, 118.62721252441406, 4.339190502510029
2870, 379.20245361328125, -74.49691009521484, 0.20180830359458923, 0.7000002861022949, 0.0, 119.05123138427734, 4.404042723115899
2871, 379.1452941894531, -74.41332244873047, 0.20053507387638092, 0.6500003337860107, 0.0, 119.493896484375, 4.464832966035392
2872, 379.08935546875, -74.33271789550781, 0.20117168128490448, 0.5750004053115845, 0.0, 119.92286682128906, 4.5162725235305725
2873, 379.0297546386719, -74.24806213378906, 0.19989845156669617, 0.5250004529953003, 0.0, 120.37530517578125, 4.56257522184273
2874, 378.9693908691406, -74.1637954711914, 0.20117168128490448, 0.4750004708766937, 0.0, 120.82829284667969, 4.600929957413058
2875, 378.9071350097656, -74.07820892333984, 0.20180830359458923, 0.4000004529953003, 0.0, 121.29173278808594, 4.6318533428617386
2876, 378.8450012207031, -73.99425506591797, 0.20053507387638092, 0.35000044107437134, 0.0, 121.74932861328125, 4.654356090114374
2877, 378.78167724609375, -73.9100341796875, 0.20180830359458923, 0.3000004291534424, 0.0, 122.21167755126953, 4.669279835276565
2878, 378.7166748046875, -73.82503509521484, 0.20053507387638092, 0.2500004172325134, 0.0, 122.68152618408203, 4.677248747191974
2879, 378.6518249511719, -73.74171447753906, 0.20180830359458923, 0.20000040531158447, 0.0, 123.14572143554688, 4.6779310651805375
2880, 378.5887756347656, -73.66191101074219, 0.20053507387638092, 0.15000039339065552, 0.0, 123.59358978271484, 4.672346132003409
2881, 378.5244140625, -73.58173370361328, 0.20180830359458923, 0.10000038892030716, 0.0, 124.04721069335938, 4.6602076052489005
2882, 378.4576416015625, -73.5, 0.20053507387638092, 0.0500003919005394, 0.0, 124.51327514648438, 4.64137859099411
2883, 378.3929748535156, -73.42206573486328, 0.20180830359458923, 3.915280046840053e-07, 0.0, 124.96167755126953, 4.616934561556976
2884, 378.3242492675781, -73.34064483642578, 0.20180830359458923, 3.915280046840053e-07, 0.0, 125.43390655517578, 4.5858045706446235
2885, 378.26202392578125, -73.2680435180664, 0.20117168128490448, 0.0, 0.0, 125.8584976196289, 4.555228267749763
2886, 378.1953125, -73.19142150878906, 0.19989845156669617, 0.0, 0.0, 126.30989074707031, 4.521454936791144
2887, 378.1309814453125, -73.11869812011719, 0.20117168128490448, 0.0, 0.0, 126.74205017089844, 4.488231041486521
2888, 378.0613708496094, -73.04129791259766, 0.20180830359458923, 0.0, 0.0, 127.20647430419922, 4.45208728349699
2889, 377.9955749511719, -72.9693832397461, 0.20053507387638092, 0.0, 0.0, 127.64163970947266, 4.418173314809327
2890, 377.9299011230469, -72.89865112304688, 0.20180830359458923, 0.0, 0.0, 128.07342529296875, 4.3843036601511525
2891, 377.8640441894531, -72.82886505126953, 0.20053507387638092, 0.0, 0.0, 128.50279235839844, 4.350732469551481
2892, 377.79681396484375, -72.7587661743164, 0.20180830359458923, 0.0, 0.0, 128.9378662109375, 4.31656928739618
2893, 377.7292175292969, -72.68927764892578, 0.20053507387638092, 0.02500000037252903, 0.0, 129.3726043701172, 4.283865645198675
2894, 377.65338134765625, -72.61278533935547, 0.20180830359458923, 0.07500000298023224, 0.0, 129.8556365966797, 4.2501518345294516
2895, 377.564453125, -72.52461242675781, 0.19989845156669617, 0.15000000596046448, 0.0, 130.4169464111328, 4.218308227612212
2896, 377.4931945800781, -72.45524597167969, 0.20053507387638092, 0.2250000238418579, 0.0, 130.86170959472656, 4.200572429677458
2897, 377.4262390136719, -72.39098358154297, 0.19989845156669617, 0.2500000298023224, 0.0, 131.27601623535156, 4.1906294248864056
2898, 377.34906005859375, -72.31813049316406, 0.20053507387638092, 0.3250000476837158, 0.0, 131.7489013671875, 4.186393379519501
2899, 377.2744140625, -72.24884033203125, 0.20180830359458923, 0.3750000596046448, 0.0, 132.2026824951172, 4.190416532816807
2900, 377.1986999511719, -72.17963409423828, 0.20053507387638092, 0.42500007152557373, 0.0, 132.6591033935547, 4.202032953690765
2901, 377.1213684082031, -72.11012268066406, 0.20117168128490448, 0.5000000596046448, 0.0, 133.12086486816406, 4.221030898607066
2902, 377.0499267578125, -72.04682159423828, 0.19989845156669617, 0.550000011920929, 0.0, 133.54376220703125, 4.24562333440611
2903, 376.97314453125, -71.97987365722656, 0.20117168128490448, 0.6249999403953552, 0.0, 133.99404907226562, 4.278459825787117
2904, 376.8917541503906, -71.90994262695312, 0.20180830359458923, 0.6749998927116394, 0.0, 134.46853637695312, 4.321001549738561
2905, 376.81072998046875, -71.84144592285156, 0.19989845156669617, 0.7499998211860657, 0.0, 134.93609619140625, 4.370572633348383
2906, 376.7256164550781, -71.77062225341797, 0.20117168128490448, 0.7499998211860657, 0.0, 135.4230499267578, 4.428384873392856
2907, 376.6429748535156, -71.70297241210938, 0.19989845156669617, 0.6999998688697815, 0.0, 135.8910675048828, 4.485854531492313
2908, 376.55364990234375, -71.6310806274414, 0.20053507387638092, 0.6249999403953552, 0.0, 136.3924560546875, 4.543845074441376
2909, 376.46343994140625, -71.55963897705078, 0.20180830359458923, 0.574999988079071, 0.0, 136.8961944580078, 4.595880961452903
2910, 376.3713684082031, -71.48802947998047, 0.20053507387638092, 0.5250000357627869, 0.0, 137.4063720703125, 4.641913927253299
2911, 376.27984619140625, -71.41806030273438, 0.20117168128490448, 0.4500000476837158, 0.0, 137.910400390625, 4.679566956155757
2912, 376.1881103515625, -71.34917449951172, 0.19989845156669617, 0.40000003576278687, 0.0, 138.41188049316406, 4.708888666795032
2913, 376.091796875, -71.278076171875, 0.20053507387638092, 0.32500001788139343, 0.0, 138.9354705810547, 4.730319125002603
2914, 375.9908752441406, -71.2051010131836, 0.20180830359458923, 0.2750000059604645, 0.0, 139.4810333251953, 4.742504669974618
2915, 375.89959716796875, -71.14031219482422, 0.20053507387638092, 0.22499999403953552, 0.0, 139.97195434570312, 4.745633378344944
2916, 375.79974365234375, -71.07080078125, 0.20180830359458923, 0.17499998211860657, 0.0, 140.5066375732422, 4.741013711446309
2917, 375.7012939453125, -71.0036392211914, 0.20180830359458923, 0.07499998062849045, 0.0, 141.03175354003906, 4.72749950000756
2918, 375.6018371582031, -70.9371337890625, 0.20053507387638092, 0.024999981746077538, 0.0, 141.5595703125, 4.703983213147482
2919, 375.50445556640625, -70.87328338623047, 0.20117168128490448, 0.0, 0.0, 142.0744171142578, 4.672846672207018
2920, 375.4072570800781, -70.8108139038086, 0.19989845156669617, 0.0, 0.0, 142.58578491210938, 4.6372764084314895
2921, 375.30792236328125, -70.74820709228516, 0.20117168128490448, 0.0, 0.0, 143.10675048828125, 4.598535732774716
2922, 375.208740234375, -70.68702697753906, 0.20180830359458923, 0.0, 0.0, 143.62527465820312, 4.558815423546876
2923, 375.1120300292969, -70.62855529785156, 0.20053507387638092, 0.0, 0.0, 144.1288604736328, 4.519775640232845
2924, 375.0152282714844, -70.5712661743164, 0.20180830359458923, 0.0, 0.0, 144.6307830810547, 4.48039660252408
2925, 374.91595458984375, -70.51371765136719, 0.19989845156669617, 0.0, 0.0, 145.1427764892578, 4.44031971084578
2926, 374.8200378417969, -70.45924377441406, 0.20117168128490448, 0.0, 0.0, 145.63551330566406, 4.401449033406908
2927, 374.72381591796875, -70.40573120117188, 0.19989845156669617, 0.0, 0.0, 146.12709045410156, 4.3627447528663135
2928, 374.62994384765625, -70.35457611083984, 0.20053507387638092, 0.0, 0.0, 146.6046905517578, 4.325145944252056
2929, 374.5299072265625, -70.30123138427734, 0.20117168128490448, 0.0, 0.0, 147.112060546875, 4.285156500612072
2930, 374.4410400390625, -70.2547607421875, 0.19989845156669617, 0.0, 0.0, 147.5609893798828, 4.249995003541542
2931, 374.3409423828125, -70.20355987548828, 0.20053507387638092, 0.0, 0.0, 148.064453125, 4.210510278879873
2932, 374.2467041015625, -70.15641784667969, 0.20180830359458923, 0.0, 0.0, 148.53726196289062, 4.17342130012026
2933, 374.1474914550781, -70.10784912109375, 0.19989845156669617, 0.0, 0.0, 149.0331268310547, 4.134850202275442
2934, 374.0549621582031, -70.06354522705078, 0.20117168128490448, 0.0, 0.0, 149.49386596679688, 4.098738778465586
2935, 373.9676818847656, -70.0225830078125, 0.19989845156669617, 0.0, 0.0, 149.92694091796875, 4.065058319424568
2936, 373.87750244140625, -69.9811782836914, 0.20117168128490448, 0.0, 0.0, 150.3729705810547, 4.030306358307677
2937, 373.7859802246094, -69.94007873535156, 0.20180830359458923, 0.0, 0.0, 150.82493591308594, 3.9950775714008238
2938, 373.7017517089844, -69.90302276611328, 0.20053507387638092, 0.0, 0.0, 151.23974609375, 3.9627741522649753
2939, 373.6085205078125, -69.8629150390625, 0.20053507387638092, 0.0, 0.0, 151.6978302001953, 3.9270914863993105
2940, 373.52239990234375, -69.82666015625, 0.19989845156669617, 0.0, 0.0, 152.119384765625, 3.8945402527541195
2941, 373.43011474609375, -69.78865814208984, 0.20053507387638092, 0.0, 0.0, 152.5695343017578, 3.8596106633277936
2942, 373.3458251953125, -69.75471496582031, 0.20180830359458923, 0.0, 0.0, 152.98004150390625, 3.8276265448572078
2943, 373.26300048828125, -69.7220687866211, 0.20053507387638092, 0.02500000037252903, 0.0, 153.38253784179688, 3.796768720742717
2944, 373.1756591796875, -69.68840789794922, 0.20117168128490448, 0.10000000149011612, 0.0, 153.80577087402344, 3.768166313252848
2945, 373.08612060546875, -69.65467834472656, 0.19989845156669617, 0.15000000596046448, 0.0, 154.2376708984375, 3.7462495719361955
2946, 373.0015869140625, -69.6235580444336, 0.20117168128490448, 0.20000001788139343, 0.0, 154.64385986328125, 3.732157079656628
2947, 372.9135437011719, -69.5918960571289, 0.20180830359458923, 0.27500003576278687, 0.0, 155.06602478027344, 3.7250846335776306
2948, 372.8268737792969, -69.56145477294922, 0.20053507387638092, 0.3250000476837158, 0.0, 155.47962951660156, 3.726722364724951
2949, 372.7386169433594, -69.53118133544922, 0.20180830359458923, 0.3750000596046448, 0.0, 155.89927673339844, 3.7357858241194735
2950, 372.65374755859375, -69.50273132324219, 0.20053507387638092, 0.42500007152557373, 0.0, 156.30108642578125, 3.751129825237981
2951, 372.5670471191406, -69.47435760498047, 0.20117168128490448, 0.5000000596046448, 0.0, 156.70944213867188, 3.7733263028673933
2952, 372.4835205078125, -69.4476089477539, 0.19989845156669617, 0.4500000476837158, 0.0, 157.10118103027344, 3.798774003862759
2953, 372.3856201171875, -69.41707611083984, 0.20117168128490448, 0.40000003576278687, 0.0, 157.55853271484375, 3.8264770835331516
2954, 372.2984924316406, -69.39059448242188, 0.20117168128490448, 0.30000001192092896, 0.0, 157.96466064453125, 3.8456327541210222
2955, 372.20849609375, -69.36392974853516, 0.19989845156669617, 0.25, 0.0, 158.38282775878906, 3.857280269557157
2956, 372.1199645996094, -69.33832550048828, 0.19862520694732666, 0.19999998807907104, 0.0, 158.79290771484375, 3.8613196615630456
2957, 372.0279235839844, -69.3124008178711, 0.19735197722911835, 0.1499999761581421, 0.0, 159.21705627441406, 3.8581424061000043
2958, 371.9380798339844, -69.2877197265625, 0.1954421103000641, 0.07499998062849045, 0.0, 159.6288604736328, 3.847333999455532
2959, 371.84283447265625, -69.26227569580078, 0.19416888058185577, 0.024999981746077538, 0.0, 160.06243896484375, 3.827242144697055
2960, 371.75311279296875, -69.23893737792969, 0.1922590136528015, 0.0, 0.0, 160.46827697753906, 3.802509254943945
2961, 371.65960693359375, -69.21527099609375, 0.1909857839345932, 0.02500000037252903, 0.0, 160.88839721679688, 3.7730153819583605
2962, 371.56866455078125, -69.19290924072266, 0.1897125393152237, 0.07500000298023224, 0.0, 161.29397583007812, 3.7460143540648154
2963, 371.4754333496094, -69.1706314086914, 0.18780268728733063, 0.15000000596046448, 0.0, 161.70631408691406, 3.7236491133338716
2964, 371.3874816894531, -69.15019989013672, 0.18652944266796112, 0.20000001788139343, 0.0, 162.09181213378906, 3.7097519410075304
2965, 371.2941589355469, -69.129150390625, 0.18461959064006805, 0.27500003576278687, 0.0, 162.49632263183594, 3.7031649767343935
2966, 371.20538330078125, -69.10970306396484, 0.18334634602069855, 0.3250000476837158, 0.0, 162.8770294189453, 3.7053784401413474
2967, 371.11468505859375, -69.09040069580078, 0.18207311630249023, 0.3750000596046448, 0.0, 163.26202392578125, 3.715111413900589
2968, 371.0285339355469, -69.0725326538086, 0.1757069230079651, 0.42500007152557373, 0.0, 163.62139892578125, 3.7310852978260383
2969, 370.9421691894531, -69.05489349365234, 0.16615763306617737, 0.5000000596046448, 0.0, 163.97218322753906, 3.7538175993856076
2970, 370.8489074707031, -69.0362319946289, 0.16488438844680786, 0.550000011920929, 0.0, 164.3406982421875, 3.785916205883334
2971, 370.75439453125, -69.01777648925781, 0.16361115872859955, 0.5999999642372131, 0.0, 164.7061004638672, 3.8253628514428373
2972, 370.6565856933594, -68.99921417236328, 0.1617012917995453, 0.6749998927116394, 0.0, 165.0768280029297, 3.8730600594818356
2973, 370.556640625, -68.98079681396484, 0.16042806208133698, 0.7249998450279236, 0.0, 165.44964599609375, 3.9292599042092267
2974, 370.4581298828125, -68.96318054199219, 0.15788158774375916, 0.8249997496604919, 0.0, 165.81106567382812, 3.9916675160729556
2975, 370.3542785644531, -68.94517517089844, 0.15660834312438965, 0.8749997019767761, 0.0, 166.1861114501953, 4.065767955471081
2976, 370.2576904296875, -68.92893981933594, 0.15533511340618134, 0.9249996542930603, 0.0, 166.53045654296875, 4.140656882796707
2977, 370.1488342285156, -68.91121673583984, 0.15342524647712708, 0.9999995827674866, 0.0, 166.91334533691406, 4.231078523915472
2978, 370.0396728515625, -68.89407348632812, 0.15215201675891876, 1.0, 0.0, 167.29180908203125, 4.326371425396966
2979, 369.92626953125, -68.87687683105469, 0.1502421498298645, 1.0, 0.0, 167.6799774169922, 4.426971999614628
2980, 369.81085205078125, -68.86003875732422, 0.1489689201116562, 1.0, 0.0, 168.06979370117188, 4.529022460065783
2981, 369.6911315917969, -68.84319305419922, 0.1445125788450241, 1.0, 0.0, 168.46749877929688, 4.6339241444116
2982, 369.5799560546875, -68.82803344726562, 0.13814638555049896, 1.0, 0.0, 168.82846069335938, 4.730164358721095
2983, 369.4539489746094, -68.81132507324219, 0.13178019225597382, 1.0, 0.0, 169.2250518798828, 4.837295222049689
2984, 369.3299865722656, -68.79528045654297, 0.1222309097647667, 1.0, 0.0, 169.59970092773438, 4.94087639917782
2985, 369.1978454589844, -68.77855682373047, 0.11586471647024155, 1.0, 0.0, 169.9810028076172, 5.048881238771381
2986, 369.07073974609375, -68.76283264160156, 0.11586471647024155, 1.0, 0.0, 170.33047485351562, 5.1507620475204305
2987, 368.9293518066406, -68.74568176269531, 0.09994924068450928, 1.0, 0.0, 170.6969451904297, 5.261734574386422
2988, 368.7943420410156, -68.72953033447266, 0.09039995074272156, 1.0, 0.0, 171.02476501464844, 5.365337277494128
2989, 368.650146484375, -68.71248626708984, 0.08085066080093384, 1.0, 0.0, 171.3489532470703, 5.474061900723695
2990, 368.506591796875, -68.69574737548828, 0.07448447495698929, 1.0, 0.0, 171.6475830078125, 5.579249703640923
2991, 368.3606262207031, -68.67890930175781, 0.06493518501520157, 1.0, 0.0, 171.9259796142578, 5.684927218069299
2992, 368.207763671875, -68.66144561767578, 0.058568984270095825, 1.0, 0.0, 172.19285583496094, 5.791412721469706
2993, 368.0448303222656, -68.64299011230469, 0.04901968687772751, 1.0, 0.0, 172.4467010498047, 5.9025261986179105
2994, 367.8849792480469, -68.62503051757812, 0.04519996792078018, 1.0, 0.0, 172.6745147705078, 6.000953931717839
2995, 367.7125549316406, -68.60609436035156, 0.04329011216759682, 1.0, 0.0, 172.89073181152344, 6.088698039714749
2996, 367.559326171875, -68.58954620361328, 0.04201687127351761, 1.0, 0.0, 173.0759735107422, 6.171539743806666
2997, 367.3868713378906, -68.57142639160156, 0.040107015520334244, 1.0, 0.0, 173.26296997070312, 6.277041267059507
2998, 367.2277526855469, -68.5550308227539, 0.038833778351545334, 1.0, 0.0, 173.43165588378906, 6.37462212872046
2999, 367.04998779296875, -68.53717803955078, 0.03692391887307167, 1.0, 0.0, 173.60379028320312, 6.490375709279623
3000, 366.88232421875, -68.52068328857422, 0.03565068170428276, 1.0, 0.0, 173.76278686523438, 6.596230977644026
3001, 366.7027587890625, -68.50341033935547, 0.03310420364141464, 1.0, 0.0, 173.92019653320312, 6.714401286272433
3002, 366.5208435058594, -68.48625946044922, 0.03183096647262573, 1.0, 0.0, 174.0744171142578, 6.832730255248327
3003, 366.3461608886719, -68.47013854980469, 0.030557727441191673, 1.0, 0.0, 174.21473693847656, 6.94349827417038
3004, 366.16058349609375, -68.45333099365234, 0.02864786982536316, 1.0, 0.0, 174.35765075683594, 7.0566765333941746
3005, 365.9598388671875, -68.43550872802734, 0.026738012209534645, 1.0, 0.0, 174.50396728515625, 7.1748434377594315
3006, 365.7698669433594, -68.41897583007812, 0.025464775040745735, 1.0, 0.0, 174.63568115234375, 7.28317623398436
3007, 365.5767517089844, -68.40245819091797, 0.02355491742491722, 1.0, 0.0, 174.7626953125, 7.390590231059269
3008, 365.371826171875, -68.38526153564453, 0.022281678393483162, 1.0, 0.0, 174.8902130126953, 7.501900606747764
3009, 365.1727294921875, -68.36885070800781, 0.021008439362049103, 0.9500000476837158, 0.0, 175.00759887695312, 7.606991084540118
3010, 364.9480285644531, -68.35066986083984, 0.01909858174622059, 0.8750001192092896, 0.0, 175.13209533691406, 7.719328986720942
3011, 364.7449035644531, -68.33450317382812, 0.017188724130392075, 0.8000001907348633, 0.0, 175.23741149902344, 7.8128949252618
3012, 364.53607177734375, -68.31814575195312, 0.017188724130392075, 0.8000001907348633, 0.0, 175.33871459960938, 7.900520686840645
3013, 364.3226013183594, -68.3016357421875, 0.013369005173444748, 0.8500001430511475, 0.0, 175.43431091308594, 7.983796783336365
3014, 364.11138916015625, -68.28550720214844, 0.012095765210688114, 0.9000000953674316, 0.0, 175.521240234375, 8.06489767658337
3015, 363.8992919921875, -68.26956176757812, 0.013369004242122173, 0.9500000476837158, 0.0, 175.60313415527344, 8.14762236027255
3016, 363.6864013671875, -68.25399780273438, 0.01909858174622059, 1.0, 0.0, 175.6855926513672, 8.233391360182443
3017, 363.4631652832031, -68.2382583618164, 0.022918300703167915, 0.9750000238418579, 0.0, 175.77716064453125, 8.32613701991019
3018, 363.24505615234375, -68.22350311279297, 0.026101401075720787, 0.9000000953674316, 0.0, 175.87374877929688, 8.416451265318168
3019, 363.0149841308594, -68.20850372314453, 0.024828162044286728, 0.8500001430511475, 0.0, 175.9816436767578, 8.508256056291247
3020, 362.7942810058594, -68.1945571899414, 0.022918304428458214, 0.7750002145767212, 0.0, 176.08779907226562, 8.590958477544596
3021, 362.5457458496094, -68.17926788330078, 0.0210084468126297, 0.7000002861022949, 0.0, 176.20726013183594, 8.675255507249151
3022, 362.3148498535156, -68.1654052734375, 0.01973520964384079, 0.6500003337860107, 0.0, 176.31668090820312, 8.743832150043596
3023, 362.08880615234375, -68.15215301513672, 0.01846197061240673, 0.6000003814697266, 0.0, 176.4212646484375, 8.801866064473229
3024, 361.85565185546875, -68.13876342773438, 0.016552112996578217, 0.5250004529953003, 0.0, 176.52520751953125, 8.851805165195868
3025, 361.5945739746094, -68.12407684326172, 0.014642253518104553, 0.45000046491622925, 0.0, 176.63534545898438, 8.894396649583365
3026, 361.3426513671875, -68.11022186279297, 0.013369012624025345, 0.4000004529953003, 0.0, 176.73501586914062, 8.921639019281965
3027, 361.10797119140625, -68.0975341796875, 0.010822532698512077, 0.3000004291534424, 0.0, 176.82101440429688, 8.934678846433135
3028, 360.8694152832031, -68.08485412597656, 0.009549291804432869, 0.2500004172325134, 0.0, 176.90109252929688, 8.93447306959294
3029, 360.63018798828125, -68.07231140136719, 0.007639432325959206, 0.17500039935112, 0.0, 176.9735870361328, 8.921220924564214
3030, 360.4051513671875, -68.06067657470703, 0.0063661932945251465, 0.12500038743019104, 0.0, 177.03477478027344, 8.897109265832938
3031, 360.15380859375, -68.0478286743164, 0.0044563342817127705, 0.0500003919005394, 0.0, 177.0944366455078, 8.85772474793
3032, 359.9132385253906, -68.03564453125, 0.0031830943189561367, 3.915280046840053e-07, 0.0, 177.1432342529297, 8.807592433212374
3033, 359.6802673339844, -68.0239486694336, 0.0019098548218607903, 0.0, 0.0, 177.18301391601562, 8.748851649636197
3034, 359.4561767578125, -68.01274108886719, 0.0, 0.0, 0.0, 177.2139129638672, 8.686231843263256
3035, 359.2282409667969, -68.00141143798828, 0.0, 0.0, 0.0, 177.2386932373047, 8.618261113496184
3036, 358.9986572265625, -67.99007415771484, 0.0, 0.0, 0.0, 177.25811767578125, 8.546704555624155
3037, 358.78338623046875, -67.9795150756836, 0.0, 0.0, 0.0, 177.27230834960938, 8.477609580371336
3038, 358.5478515625, -67.96804809570312, 0.0, 0.0, 0.0, 177.28407287597656, 8.400455929595843
3039, 358.3059997558594, -67.95635986328125, 0.0, 0.0, 0.0, 177.29287719726562, 8.320034409313738
3040, 358.0760192871094, -67.9453125, 0.0, 0.0, 0.0, 177.29893493652344, 8.242768721191048
3041, 357.8544921875, -67.93472290039062, 0.0, 0.07500000298023224, 0.0, 177.30299377441406, 8.169921625142383
3042, 357.6382751464844, -67.92443084716797, 0.0, 0.125, 0.0, 177.30563354492188, 8.103149560449094
3043, 357.4322509765625, -67.91466522216797, 0.0, 0.20000001788139343, 0.0, 177.30728149414062, 8.045352979001152
3044, 357.21429443359375, -67.90435028076172, 0.0, 0.2500000298023224, 0.0, 177.30821228027344, 7.992685567587974
3045, 356.9983825683594, -67.8941650390625, 0.0, 0.3250000476837158, 0.0, 177.30865478515625, 7.950043006193981
3046, 356.7735900878906, -67.8835678100586, 0.0, 0.3750000596046448, 0.0, 177.30877685546875, 7.917068316404457
3047, 356.56182861328125, -67.87358856201172, 0.0, 0.4500000774860382, 0.0, 177.3087158203125, 7.896797868577678
3048, 356.3599853515625, -67.86409759521484, 0.0, 0.5000000596046448, 0.0, 177.30859375, 7.888010746205886
3049, 356.14776611328125, -67.8541030883789, 0.0, 0.574999988079071, 0.0, 177.30850219726562, 7.889544617076893
3050, 355.9390563964844, -67.84428405761719, 0.0, 0.6249999403953552, 0.0, 177.30850219726562, 7.902117036013613
3051, 355.7402648925781, -67.83493041992188, 0.0, 0.7249998450279236, 0.0, 177.30865478515625, 7.923724199423826
3052, 355.5153503417969, -67.82434844970703, 0.0, 0.7749997973442078, 0.0, 177.30902099609375, 7.960602789329565
3053, 355.2830505371094, -67.81342315673828, 0.0, 0.849999725818634, 0.0, 177.3096466064453, 8.011345225692985
3054, 355.0652770996094, -67.80316925048828, 0.0, 0.8749997019767761, 0.0, 177.310546875, 8.069508787822837
3055, 354.8464660644531, -67.79287719726562, 0.0, 0.8249997496604919, 0.0, 177.31166076660156, 8.134230385926871
3056, 354.6238098144531, -67.78240203857422, 0.0, 0.7499998211860657, 0.0, 177.3130645751953, 8.200898367614673
3057, 354.3829345703125, -67.77107238769531, 0.0, 0.6999998688697815, 0.0, 177.3147430419922, 8.269405199715655
3058, 354.1571350097656, -67.76045227050781, 0.0, 0.6249999403953552, 0.0, 177.31642150878906, 8.327771982649859
3059, 353.9393005371094, -67.75021362304688, 0.0, 0.574999988079071, 0.0, 177.31800842285156, 8.376750219491324
3060, 353.7162780761719, -67.73973846435547, 0.0, 0.5000000596046448, 0.0, 177.31967163085938, 8.418388532681389
3061, 353.4841613769531, -67.72883605957031, 0.0, 0.4500000476837158, 0.0, 177.3212432861328, 8.451369494535065
3062, 353.2498779296875, -67.71784210205078, 0.0, 0.3750000298023224, 0.0, 177.3226776123047, 8.473485500254364
3063, 353.02392578125, -67.7072525024414, 0.0, 0.32500001788139343, 0.0, 177.3238983154297, 8.483470513648564
3064, 352.7995300292969, -67.69673919677734, 0.0, 0.25, 0.0, 177.32485961914062, 8.482293626846806
3065, 352.5728454589844, -67.6861343383789, 0.0, 0.17499998211860657, 0.0, 177.32557678222656, 8.468988946204163
3066, 352.3514099121094, -67.67577362060547, 0.0, 0.12499997764825821, 0.0, 177.3259735107422, 8.444402859023713
3067, 352.11712646484375, -67.66481018066406, 0.0, 0.04999998211860657, 0.0, 177.3261260986328, 8.406575967705288
3068, 351.8748474121094, -67.65349578857422, 0.0, -1.8253922817734747e-08, 0.0, 177.32589721679688, 8.354631428283305
3069, 351.6597900390625, -67.64344787597656, 0.0, 0.0, 0.0, 177.32540893554688, 8.298778587569696
3070, 351.4363098144531, -67.63301849365234, 0.0, 0.0, 0.0, 177.32452392578125, 8.234837184556664
3071, 351.2125244140625, -67.62256622314453, 0.0, 0.0, 0.0, 177.32345581054688, 8.16666634941929
3072, 350.99285888671875, -67.61231231689453, 0.0, 0.05000000074505806, 0.0, 177.32215881347656, 8.098752191517239
3073, 350.7629089355469, -67.60157775878906, 0.0, 0.10000000149011612, 0.0, 177.32058715820312, 8.029488070827364
3074, 350.54217529296875, -67.59127044677734, 0.0, 0.17500001192092896, 0.0, 177.3190155029297, 7.9676877884733175
3075, 350.33233642578125, -67.58146667480469, 0.0, 0.2250000238418579, 0.0, 177.3174591064453, 7.915967701906244
3076, 350.0986328125, -67.57054901123047, 0.0, 0.30000004172325134, 0.0, 177.3157958984375, 7.86782376271304
3077, 349.8631591796875, -67.55953216552734, 0.0, 0.3750000596046448, 0.0, 177.31427001953125, 7.8320152957586915
3078, 349.64990234375, -67.54955291748047, 0.0, 0.42500007152557373, 0.0, 177.31301879882812, 7.810727602970704
3079, 349.4454650878906, -67.53997802734375, 0.0, 0.5000000596046448, 0.0, 177.31210327148438, 7.800581183779789
3080, 349.2286682128906, -67.52981567382812, 0.0, 0.550000011920929, 0.0, 177.3113250732422, 7.801481055118401
3081, 349.0119934082031, -67.5196533203125, 0.0, 0.574999988079071, 0.0, 177.31080627441406, 7.812800079555612
3082, 348.7890930175781, -67.50919342041016, 0.0, 0.5000000596046448, 0.0, 177.310546875, 7.83004199809016
3083, 348.56768798828125, -67.49879455566406, 0.0, 0.5000000596046448, 0.0, 177.3105010986328, 7.8462485381015865
3084, 348.3703308105469, -67.48953247070312, 0.0, 0.3750000298023224, 0.0, 177.310546875, 7.856548114508672
3085, 348.15191650390625, -67.4792709350586, 0.0, 0.32500001788139343, 0.0, 177.3106689453125, 7.860930073976359
3086, 347.94140625, -67.46937561035156, 0.0, 0.25, 0.0, 177.3107452392578, 7.856270011616835
3087, 347.74334716796875, -67.46007537841797, 0.0, 0.17499998211860657, 0.0, 177.31076049804688, 7.84298264698078
3088, 347.5363464355469, -67.45035552978516, 0.0, 0.09999997913837433, 0.0, 177.31063842773438, 7.817843277679257
3089, 347.3243713378906, -67.44039154052734, 0.0, 0.04999998211860657, 0.0, 177.310302734375, 7.781588759048694
3090, 347.10968017578125, -67.4303207397461, 0.0, 0.0, 0.0, 177.3097686767578, 7.732135770569954
3091, 346.8973083496094, -67.42034149169922, 0.0, 0.0, 0.0, 177.30897521972656, 7.6777442359298345
3092, 346.6995544433594, -67.41105651855469, 0.0, 0.0, 0.0, 177.30807495117188, 7.618096058312537
3093, 346.494140625, -67.40141296386719, 0.0, 0.0, 0.0, 177.30690002441406, 7.559907016956659
3094, 346.3016662597656, -67.39237976074219, 0.0, 0.0, 0.0, 177.30572509765625, 7.49549842833213
3095, 346.11712646484375, -67.38371276855469, 0.0, 0.0, 0.0, 177.30441284179688, 7.4403652157946
3096, 345.9111328125, -67.3740463256836, 0.0, 0.0, 0.0, 177.3028564453125, 7.367665950601152
3097, 345.70758056640625, -67.3644790649414, 0.0, 0.0, 0.0, 177.30120849609375, 7.306805224890296
3098, 345.5184326171875, -67.35559844970703, 0.0, 0.0, 0.0, 177.29959106445312, 7.236957969736821
3099, 345.3294372558594, -67.34671020507812, 0.0, 0.0, 0.0, 177.29791259765625, 7.179006197845734
3100, 345.1340637207031, -67.3375244140625, 0.0, 0.05000000074505806, 0.0, 177.29612731933594, 7.107813121093679
3101, 344.9437561035156, -67.32855987548828, 0.0, 0.10000000149011612, 0.0, 177.29437255859375, 7.054067179159173
3102, 344.7406921386719, -67.3189926147461, 0.0, 0.17500001192092896, 0.0, 177.2925567626953, 6.985443935873122
3103, 344.5562744140625, -67.310302734375, 0.0, 0.2250000238418579, 0.0, 177.29087829589844, 6.9452995664708315
3104, 344.3664245605469, -67.30135345458984, 0.0, 0.30000004172325134, 0.0, 177.28929138183594, 6.896443015568571
3105, 344.1810607910156, -67.2926025390625, 0.0, 0.3500000536441803, 0.0, 177.28790283203125, 6.871245924661255
3106, 343.98260498046875, -67.28323364257812, 0.0, 0.42500007152557373, 0.0, 177.2865447998047, 6.833190148356512
3107, 343.8023376464844, -67.27484893798828, 0.005729577504098415, 0.5000000596046448, 0.0, 177.28932189941406, 6.827027857490904
3108, 343.62603759765625, -67.2668685913086, 0.009549296461045742, 0.550000011920929, 0.0, 177.29913330078125, 6.82096365689284
3109, 343.43841552734375, -67.25869750976562, 0.013369014486670494, 0.5999999642372131, 0.0, 177.31980895996094, 6.837087831013608
3110, 343.25457763671875, -67.2510757446289, 0.013369014486670494, 0.5999999642372131, 0.0, 177.35243225097656, 6.843115797126357
3111, 343.0643005371094, -67.24376678466797, 0.026738028973340988, 0.4750000536441803, 0.0, 177.40391540527344, 6.8688459361947745
3112, 342.8713073730469, -67.23681640625, 0.025464791804552078, 0.42500004172325134, 0.0, 177.47088623046875, 6.873692384883094
3113, 342.6965026855469, -67.23080444335938, 0.023554934188723564, 0.3500000238418579, 0.0, 177.5396728515625, 6.896871507996804
3114, 342.5127258300781, -67.22467803955078, 0.022281695157289505, 0.30000001192092896, 0.0, 177.61700439453125, 6.906055634481589
3115, 342.3254089355469, -67.21862030029297, 0.02037183754146099, 0.22499999403953552, 0.0, 177.69810485839844, 6.915019293932815
3116, 342.1410827636719, -67.21277618408203, 0.01909860037267208, 0.17499998211860657, 0.0, 177.77804565429688, 6.899439242688319
3117, 341.9571533203125, -67.20708465576172, 0.017825361341238022, 0.12499997764825821, 0.0, 177.8568115234375, 6.890237208313828
3118, 341.7790222167969, -67.20166778564453, 0.015915503725409508, 0.04999998211860657, 0.0, 177.9306640625, 6.860256595335092
3119, 341.587890625, -67.19597625732422, 0.014642263762652874, -1.8253922817734747e-08, 0.0, 178.0063934326172, 6.8310067975956175
3120, 341.4073486328125, -67.19068145751953, 0.012732403352856636, 0.0, 0.0, 178.0738067626953, 6.778262355420623
3121, 341.2271423339844, -67.18547821044922, 0.012732403352856636, 0.0, 0.0, 178.13601684570312, 6.778262355420623
3122, 341.0508117675781, -67.18043518066406, 0.00891268253326416, 0.0, 0.0, 178.19143676757812, 6.677945564722883
3123, 340.8795166015625, -67.17557525634766, 0.007639442570507526, 0.0, 0.0, 178.23980712890625, 6.633284309822224
3124, 340.70159912109375, -67.1705551147461, 0.005729584023356438, 0.0, 0.0, 178.28396606445312, 6.567959455361633
3125, 340.5291442871094, -67.16571044921875, 0.004456344526261091, 0.0, 0.0, 178.32089233398438, 6.51912633723368
3126, 340.362060546875, -67.16101837158203, 0.002546485047787428, 0.05000000074505806, 0.0, 178.35079956054688, 6.456907309639893
3127, 340.1836242675781, -67.15599822998047, 0.0012732454342767596, 0.10000000149011612, 0.0, 178.376220703125, 6.408171316008541
3128, 340.01141357421875, -67.15111541748047, 0.0, 0.17500001192092896, 0.0, 178.39492797851562, 6.345261707183742
3129, 339.8431091308594, -67.14635467529297, 0.0, 0.2250000238418579, 0.0, 178.40846252441406, 6.310048000524302
3130, 339.6810607910156, -67.14176940917969, 0.0, 0.30000004172325134, 0.0, 178.418212890625, 6.2659060786659175
3131, 339.512451171875, -67.13703155517578, 0.0, 0.3500000536441803, 0.0, 178.4256591796875, 6.244550645463859
3132, 339.3524169921875, -67.13256072998047, 0.0, 0.42500007152557373, 0.0, 178.43093872070312, 6.214366214380051
3133, 339.1883850097656, -67.12799835205078, 0.0, 0.4750000834465027, 0.0, 178.4349365234375, 6.21160276408381
3134, 339.01983642578125, -67.12333679199219, 0.0, 0.550000011920929, 0.0, 178.4380340576172, 6.193875120393055
3135, 338.85711669921875, -67.11885070800781, 0.0, 0.5999999642372131, 0.0, 178.4403076171875, 6.208841655484796
3136, 338.6962890625, -67.1144790649414, 0.0019098592456430197, 0.6749998927116394, 0.0, 178.4433135986328, 6.218030966125644
3137, 338.5241394042969, -67.10994720458984, 0.005729577504098415, 0.7249998450279236, 0.0, 178.4506378173828, 6.254159742818198
3138, 338.3543701171875, -67.10576629638672, 0.01145915500819683, 0.7999997735023499, 0.0, 178.46566772460938, 6.27534699750416
3139, 338.1919860839844, -67.10213470458984, 0.01718873344361782, 0.8749997019767761, 0.0, 178.49099731445312, 6.3388884426853656
3140, 338.0196533203125, -67.09873962402344, 0.02291831001639366, 0.9499996304512024, 0.0, 178.5325164794922, 6.407533797202633
3141, 337.84521484375, -67.09581756591797, 0.026738028973340988, 0.9999995827674866, 0.0, 178.5901641845703, 6.5061376556462465
3142, 337.6663513183594, -67.0933837890625, 0.03246760740876198, 1.0, 0.0, 178.6663818359375, 6.611858572911858
3143, 337.4765930175781, -67.0914535522461, 0.036287322640419006, 0.9500000476837158, 0.0, 178.7657470703125, 6.741891923981822
3144, 337.29534912109375, -67.09025573730469, 0.0420168936252594, 0.8750001192092896, 0.0, 178.87838745117188, 6.853398070871109
3145, 337.1164245605469, -67.0897216796875, 0.04583660885691643, 0.8250001668930054, 0.0, 179.0059051513672, 6.954729941697044
3146, 336.9263916015625, -67.08992004394531, 0.05156618356704712, 0.7500002384185791, 0.0, 179.15992736816406, 7.050200347332198
3147, 336.7255859375, -67.09088134765625, 0.049656324088573456, 0.6750003099441528, 0.0, 179.338134765625, 7.138400693719572
3148, 336.53753662109375, -67.09233856201172, 0.048383086919784546, 0.6250003576278687, 0.0, 179.51380920410156, 7.208575028262431
3149, 336.348388671875, -67.09429168701172, 0.04647323116660118, 0.5500004291534424, 0.0, 179.6951904296875, 7.267805218989666
3150, 336.1400451660156, -67.09699249267578, 0.04519999027252197, 0.5000004768371582, 0.0, 179.89747619628906, 7.319694563140862
3151, 335.9390869140625, -67.10011291503906, 0.04329013451933861, 0.42500045895576477, 0.0, -179.90773010253906, 7.357033594891655
3152, 335.7471008300781, -67.10356140136719, 0.0420168936252594, 0.3750004470348358, 0.0, -179.72303771972656, 7.380843452893826
3153, 335.54974365234375, -67.10758972167969, 0.040107037872076035, 0.3000004291534424, 0.0, -179.53648376464844, 7.393988880525942
3154, 335.3487854003906, -67.11217498779297, 0.038833800703287125, 0.2500004172325134, 0.0, -179.35000610351562, 7.394729238998978
3155, 335.14739990234375, -67.1172866821289, 0.03692394122481346, 0.15000039339065552, 0.0, -179.16920471191406, 7.3838013652761925
3156, 334.958740234375, -67.1225357055664, 0.037560559809207916, 0.10000038892030716, 0.0, -179.0011444091797, 7.360273764474556
3157, 334.7658996582031, -67.12858581542969, 0.04329013451933861, 0.02500039152801037, 0.0, -178.8307342529297, 7.3259842639068085
3158, 334.56768798828125, -67.13557434082031, 0.047109849750995636, -0.02499960921704769, 0.0, -178.64573669433594, 7.278591490642931
3159, 334.3702697753906, -67.1435317993164, 0.05283942073583603, 0.0, 0.0, -178.45628356933594, 7.223840481446626
3160, 334.17877197265625, -67.15203094482422, 0.05156618356704712, 0.0, 0.0, -178.25967407226562, 7.165621958556398
3161, 333.9896545410156, -67.16118621826172, 0.049656324088573456, 0.0, 0.0, -178.06480407714844, 7.10695199393142
3162, 333.8065490722656, -67.17061614990234, 0.048383086919784546, 0.0, 0.0, -177.87062072753906, 7.0472003969694965
3163, 333.6184997558594, -67.180908203125, 0.04647323116660118, 0.0, 0.0, -177.67294311523438, 6.986943888305065
3164, 333.4334411621094, -67.19155883789062, 0.04519999027252197, 0.0, 0.0, -177.4760284423828, 6.923926226827734
3165, 333.2462463378906, -67.20293426513672, 0.04583660885691643, 0.0, 0.0, -177.27899169921875, 6.861841884932388
3166, 333.0545959472656, -67.21527862548828, 0.049656324088573456, 0.0, 0.0, -177.0711212158203, 6.793818423824543
3167, 332.8772888183594, -67.2275390625, 0.05538589879870415, 0.0, 0.0, -176.87472534179688, 6.732862821700303
3168, 332.70635986328125, -67.24017333984375, 0.059205614030361176, 0.0, 0.0, -176.6744842529297, 6.673469147833246
3169, 332.5353088378906, -67.2537612915039, 0.06493518501520157, 0.0, 0.0, -176.46490478515625, 6.614973730918455
3170, 332.36126708984375, -67.26856994628906, 0.0687548965215683, 0.0, 0.0, -176.2360382080078, 6.552444429976238
3171, 332.1814270019531, -67.2850112915039, 0.07448447495698929, 0.0, 0.0, -175.98614501953125, 6.486928092068939
3172, 332.0115661621094, -67.30158233642578, 0.07830418646335602, 0.0, 0.0, -175.73175048828125, 6.4236030495584355
3173, 331.8468933105469, -67.3185806274414, 0.07830418646335602, 0.0, 0.0, -175.47665405273438, 6.365854237113421
3174, 331.6787414550781, -67.33674621582031, 0.07512108981609344, 0.0, 0.0, -175.20559692382812, 6.304441792325947
3175, 331.5051574707031, -67.35633850097656, 0.07257461547851562, 0.0, 0.0, -174.92462158203125, 6.239758694153914
3176, 331.3373107910156, -67.3759765625, 0.07130137830972672, 0.0, 0.0, -174.6475372314453, 6.175613266594575
3177, 331.17596435546875, -67.39555358886719, 0.06939151883125305, 0.0, 0.0, -174.38490295410156, 6.117551178062452
3178, 331.0160217285156, -67.41558074951172, 0.06811828166246414, 0.0, 0.0, -174.1226806640625, 6.058905723208051
3179, 330.857421875, -67.43609619140625, 0.06620842218399048, 0.0, 0.0, -173.86863708496094, 6.001508091846826
3180, 330.69927978515625, -67.45713806152344, 0.06493518501520157, 0.0, 0.0, -173.61512756347656, 5.942134806438672
3181, 330.53173828125, -67.4801254272461, 0.0630253255367279, 0.0, 0.0, -173.35459899902344, 5.875217745853534
3182, 330.3941650390625, -67.4994888305664, 0.061752088367938995, 0.0, 0.0, -173.14085388183594, 5.8272757908010595
3183, 330.2416076660156, -67.52151489257812, 0.05984223261475563, 0.0, 0.0, -172.91177368164062, 5.774391010568902
3184, 330.0970764160156, -67.54286193847656, 0.05856899172067642, 0.0, 0.0, -172.69602966308594, 5.720758939499512
3185, 329.9510498046875, -67.56494140625, 0.05665913596749306, 0.0, 0.0, -172.48614501953125, 5.66723319957371
3186, 329.8065185546875, -67.58721160888672, 0.05474928021430969, 0.0, 0.0, -172.28016662597656, 5.612158082365738
3187, 329.66351318359375, -67.6098403930664, 0.05856899172067642, 0.0, 0.0, -172.0818328857422, 5.557870737767594
3188, 329.5242614746094, -67.63246154785156, 0.06238870695233345, 0.0, 0.0, -171.88360595703125, 5.504600123729502
3189, 329.3821105957031, -67.6563491821289, 0.06811828166246414, 0.0, 0.0, -171.67926025390625, 5.44855765776056
3190, 329.2413635253906, -67.68075561523438, 0.07193799316883087, 0.0, 0.0, -171.46505737304688, 5.3909661692458135
3191, 329.10003662109375, -67.70618438720703, 0.07766757160425186, 0.0, 0.0, -171.24325561523438, 5.332043537911392
3192, 328.9635925292969, -67.7315444946289, 0.08148728311061859, 0.0, 0.0, -171.01382446289062, 5.275882775371723
3193, 328.8312072753906, -67.7570571899414, 0.08721685409545898, 0.0, 0.0, -170.78297424316406, 5.223837365582992
3194, 328.6999816894531, -67.78315734863281, 0.09103657305240631, 0.0, 0.0, -170.53782653808594, 5.171037131282981
3195, 328.5668640136719, -67.81060028076172, 0.0967661440372467, 0.0, 0.0, -170.2789764404297, 5.114982488648076
3196, 328.44195556640625, -67.83717346191406, 0.10058585554361343, 0.0, 0.0, -170.0193328857422, 5.065063677366574
3197, 328.3095703125, -67.86632537841797, 0.10440557450056076, 0.0, 0.0, -169.73399353027344, 5.0067821744020735
3198, 328.18133544921875, -67.8956069946289, 0.11204500496387482, 0.10000000149011612, 0.0, -169.44175720214844, 4.996140935523451
3199, 328.05926513671875, -67.92451477050781, 0.11586471647024155, 0.15000000596046448, 0.0, -169.1507110595703, 4.982333444956418
3200, 327.9298095703125, -67.95630645751953, 0.12159428745508194, 0.2250000238418579, 0.0, -168.82708740234375, 4.96560462052065
3201, 327.8028869628906, -67.98857879638672, 0.12541399896144867, 0.27500003576278687, 0.0, -168.49546813964844, 4.953164492455206
3202, 327.6720886230469, -68.02300262451172, 0.13114358484745026, 0.3500000536441803, 0.0, -168.1386260986328, 4.946847749874109
3203, 327.54315185546875, -68.05810546875, 0.1349632889032364, 0.40000006556510925, 0.0, -167.77206420898438, 4.9492446171184366
3204, 327.41607666015625, -68.09375, 0.13559991121292114, 0.4750000834465027, 0.0, -167.3999481201172, 4.960387721028281
3205, 327.28619384765625, -68.13117980957031, 0.13432668149471283, 0.5250000357627869, 0.0, -167.01222229003906, 4.981506352543408
3206, 327.15179443359375, -68.1708755493164, 0.13241681456565857, 0.5999999642372131, 0.0, -166.60751342773438, 5.013014395169753
3207, 327.0204162597656, -68.2105712890625, 0.13114358484745026, 0.6749998927116394, 0.0, -166.21099853515625, 5.053065302111796
3208, 326.8885803222656, -68.25126647949219, 0.12859709560871124, 0.7499998211860657, 0.0, -165.814697265625, 5.103260628112686
3209, 326.752197265625, -68.29423522949219, 0.12732386589050293, 0.7999997735023499, 0.0, -165.40771484375, 5.165560351852615
3210, 326.6183776855469, -68.33724212646484, 0.12541399896144867, 0.8749997019767761, 0.0, -165.01153564453125, 5.232919604194015
3211, 326.47955322265625, -68.38277435302734, 0.12414076924324036, 0.9249996542930603, 0.0, -164.6046600341797, 5.303396497422935
3212, 326.3399963378906, -68.42937469482422, 0.1222309097647667, 0.9999995827674866, 0.0, -164.19479370117188, 5.333694599684734
3213, 326.1990966796875, -68.4774398803711, 0.12095767259597778, 1.0, 0.0, -163.78912353515625, 5.375952291262839
3214, 326.0602722167969, -68.52559661865234, 0.11904781311750412, 1.0, 0.0, -163.39315795898438, 5.397310893041672
3215, 325.9197082519531, -68.5754165649414, 0.1222309097647667, 1.0, 0.0, -162.99208068847656, 5.477802825132658
3216, 325.779296875, -68.62631225585938, 0.1222309097647667, 1.0, 0.0, -162.5895233154297, 5.549223955006772
3217, 325.6388854980469, -68.67855834960938, 0.12605062127113342, 1.0, 0.0, -162.1808624267578, 5.675925016113942
3218, 325.49090576171875, -68.7350845336914, 0.13559991121292114, 1.0, 0.0, -161.74160766601562, 5.7996143812925895
3219, 325.3401184082031, -68.79434204101562, 0.14132948219776154, 1.0, 0.0, -161.28245544433594, 5.953044163923077
3220, 325.1881408691406, -68.8557357788086, 0.14705905318260193, 0.9750000238418579, 0.0, -160.80555725097656, 6.097897290811551
3221, 325.035400390625, -68.91924285888672, 0.15278862416744232, 0.9000000953674316, 0.0, -160.3104248046875, 6.237632394781566
3222, 324.8808898925781, -68.98529052734375, 0.15660834312438965, 0.8500001430511475, 0.0, -159.79248046875, 6.359646767244101
3223, 324.71893310546875, -69.05657196044922, 0.16233791410923004, 0.7750002145767212, 0.0, -159.2310333251953, 6.471387005686524
3224, 324.5539245605469, -69.13138580322266, 0.16615763306617737, 0.725000262260437, 0.0, -158.63890075683594, 6.568335734651462
3225, 324.39105224609375, -69.20751953125, 0.17188720405101776, 0.6500003337860107, 0.0, -158.03468322753906, 6.649863570782
3226, 324.2198486328125, -69.29012298583984, 0.17761677503585815, 0.5750004053115845, 0.0, -157.37571716308594, 6.718650549584661
3227, 324.04937744140625, -69.37508392333984, 0.18143649399280548, 0.5250004529953003, 0.0, -156.69790649414062, 6.773107930119231
3228, 323.8748474121094, -69.46473693847656, 0.17952664196491241, 0.45000046491622925, 0.0, -155.98257446289062, 6.808170924874011
3229, 323.7066650390625, -69.5536880493164, 0.17761677503585815, 0.3750004470348358, 0.0, -155.2849884033203, 6.822460294650537
3230, 323.53997802734375, -69.64415740966797, 0.17634354531764984, 0.32500043511390686, 0.0, -154.58151245117188, 6.825306702878016
3231, 323.3771667480469, -69.73497009277344, 0.17443367838859558, 0.2500004172325134, 0.0, -153.8910369873047, 6.8216239838637955
3232, 323.2261047363281, -69.8212661743164, 0.17316044867038727, 0.20000040531158447, 0.0, -153.24346923828125, 6.812280050134149
3233, 323.06549072265625, -69.91536712646484, 0.171250581741333, 0.12500038743019104, 0.0, -152.5517578125, 6.796919970580108
3234, 322.8984069824219, -70.01571655273438, 0.16934072971343994, 0.0500003919005394, 0.0, -151.8253173828125, 6.761496831740611
3235, 322.7406311035156, -70.11293029785156, 0.16806748509407043, 3.915280046840053e-07, 0.0, -151.13648986816406, 6.722546623707869
3236, 322.58538818359375, -70.21089935302734, 0.16552101075649261, 0.0, 0.0, -150.45352172851562, 6.673925692620846
3237, 322.43170166015625, -70.31033325195312, 0.1642477810382843, 0.0, 0.0, -149.7761688232422, 6.622951982134493
3238, 322.2773742675781, -70.41256713867188, 0.16233791410923004, 0.0, 0.0, -149.0911407470703, 6.5629468262539055
3239, 322.12750244140625, -70.51431274414062, 0.16042806208133698, 0.0, 0.0, -148.42623901367188, 6.505223335004749
3240, 321.9877624511719, -70.61135864257812, 0.15915481746196747, 0.0, 0.0, -147.80274963378906, 6.447801533691859
3241, 321.8459777832031, -70.712158203125, 0.15788158774375916, 0.0, 0.0, -147.1712188720703, 6.39127790978527
3242, 321.7061767578125, -70.81375122070312, 0.1559717208147049, 0.0, 0.0, -146.54525756835938, 6.3293685538900535
3243, 321.5640563964844, -70.91944885253906, 0.15406186878681183, 0.0, 0.0, -145.91099548339844, 6.266697784347263
3244, 321.4259033203125, -71.0244140625, 0.15278862416744232, 0.02500000037252903, 0.0, -145.29107666015625, 6.2031198727854475
3245, 321.2903137207031, -71.1297607421875, 0.15087877213954926, 0.10000000149011612, 0.0, -144.68606567382812, 6.145123093305911
3246, 321.1559753417969, -71.23633575439453, 0.14960552752017975, 0.15000000596046448, 0.0, -144.08436584472656, 6.087797147499514
3247, 321.0238342285156, -71.34345245361328, 0.14769567549228668, 0.2250000238418579, 0.0, -143.49705505371094, 6.038275614347308
3248, 320.89697265625, -71.44827270507812, 0.14514920115470886, 0.3250000476837158, 0.0, -142.9331817626953, 5.996778160245522
3249, 320.77044677734375, -71.55492401123047, 0.14387595653533936, 0.3750000596046448, 0.0, -142.3771514892578, 5.96572929879362
3250, 320.6471252441406, -71.66091918945312, 0.1445125788450241, 0.4500000774860382, 0.0, -141.83399963378906, 5.942348983483098
3251, 320.52532958984375, -71.76782989501953, 0.14833229780197144, 0.5000000596046448, 0.0, -141.2983856201172, 5.930610718975988
3252, 320.406494140625, -71.8743896484375, 0.15406186878681183, 0.574999988079071, 0.0, -140.76646423339844, 5.92778312467294
3253, 320.28662109375, -71.98443603515625, 0.15788158774375916, 0.6249999403953552, 0.0, -140.2222137451172, 5.935637292251943
3254, 320.1644592285156, -72.09918975830078, 0.16361115872859955, 0.6999998688697815, 0.0, -139.650634765625, 5.9473706131361155
3255, 320.0482482910156, -72.2110824584961, 0.16934072971343994, 0.6249999403953552, 0.0, -139.09361267089844, 5.975038202079633
3256, 319.9312744140625, -72.3263931274414, 0.17316044867038727, 0.574999988079071, 0.0, -138.51309204101562, 6.0095162125480845
3257, 319.8174133300781, -72.44145965576172, 0.17889001965522766, 0.5000000596046448, 0.0, -137.9322509765625, 6.046489905578926
3258, 319.70086669921875, -72.56219482421875, 0.18461959064006805, 0.42500004172325134, 0.0, -137.31280517578125, 6.076230480274372
3259, 319.5875244140625, -72.68270874023438, 0.18843930959701538, 0.3750000298023224, 0.0, -136.68975830078125, 6.098862872678018
3260, 319.4769592285156, -72.80314636230469, 0.19416888058185577, 0.30000001192092896, 0.0, -136.05615234375, 6.115091135361465
3261, 319.365234375, -72.92813110351562, 0.1979885846376419, 0.25, 0.0, -135.3924102783203, 6.123197234411078
3262, 319.25677490234375, -73.05257415771484, 0.20117168128490448, 0.17499998211860657, 0.0, -134.72055053710938, 6.119548884293343
3263, 319.1457824707031, -73.18321990966797, 0.1992618292570114, 0.1499999761581421, 0.0, -134.01239013671875, 6.106635242822224
3264, 319.0346374511719, -73.31731414794922, 0.1979885846376419, 0.19999998807907104, 0.0, -133.28041076660156, 6.0809168471470505
3265, 318.9262390136719, -73.45137786865234, 0.19607873260974884, 0.2750000059604645, 0.0, -132.5525665283203, 6.056643433016671
3266, 318.8271484375, -73.57683563232422, 0.19480548799037933, 0.32500001788139343, 0.0, -131.873046875, 6.041206803316084
3267, 318.72857666015625, -73.70465850830078, 0.19289563596248627, 0.40000003576278687, 0.0, -131.19007873535156, 6.034108255393705
3268, 318.6259765625, -73.84082794189453, 0.19034916162490845, 0.5000000596046448, 0.0, -130.4691162109375, 6.022368475251585
3269, 318.5334167480469, -73.96664428710938, 0.19034916162490845, 0.5000000596046448, 0.0, -129.8147735595703, 6.028326929463135
3270, 318.4353332519531, -74.10297393798828, 0.18207311630249023, 0.6249999403953552, 0.0, -129.1179962158203, 6.039664321905695
3271, 318.33636474609375, -74.24349212646484, 0.1757069230079651, 0.6749998927116394, 0.0, -128.4213409423828, 6.054241474950294
3272, 318.2433776855469, -74.37809753417969, 0.16615763306617737, 0.7499998211860657, 0.0, -127.77278137207031, 6.0846255164380825
3273, 318.1533508300781, -74.5108642578125, 0.15979143977165222, 0.7999997735023499, 0.0, -127.16116333007812, 6.1392737757572755
3274, 318.0577392578125, -74.65430450439453, 0.1502421498298645, 0.8749997019767761, 0.0, -126.528076171875, 6.206424296433122
3275, 317.9651794433594, -74.7957763671875, 0.14642244577407837, 0.9249996542930603, 0.0, -125.93633270263672, 6.281564321134025
3276, 317.87408447265625, -74.93744659423828, 0.1445125788450241, 0.9999995827674866, 0.0, -125.36390686035156, 6.378193414150964
3277, 317.7828063964844, -75.0822982788086, 0.1432393491268158, 1.0, 0.0, -124.80365753173828, 6.491583485818491
3278, 317.6922302246094, -75.2287368774414, 0.14132948219776154, 0.9250000715255737, 0.0, -124.24927520751953, 6.605794191220727
3279, 317.5986022949219, -75.38322448730469, 0.14005625247955322, 0.8750001192092896, 0.0, -123.68280792236328, 6.722686837992565
3280, 317.5054931640625, -75.53985595703125, 0.13814638555049896, 0.8000001907348633, 0.0, -123.11798858642578, 6.829105503225013
3281, 317.4153137207031, -75.69462585449219, 0.13687315583229065, 0.7500002384185791, 0.0, -122.57167053222656, 6.924065921024439
3282, 317.3216857910156, -75.85858154296875, 0.1349632889032364, 0.6750003099441528, 0.0, -122.00200653076172, 7.010109682672462
3283, 317.2293395996094, -76.02374267578125, 0.13369005918502808, 0.6250003576278687, 0.0, -121.43877410888672, 7.084165448405548
3284, 317.1363525390625, -76.19355773925781, 0.13114358484745026, 0.5250004529953003, 0.0, -120.86878204345703, 7.145096487437934
3285, 317.0447998046875, -76.36432647705078, 0.12987034022808075, 0.4750004708766937, 0.0, -120.30668640136719, 7.192838581831315
3286, 316.95458984375, -76.53620147705078, 0.12796048820018768, 0.4000004529953003, 0.0, -119.74872589111328, 7.2244739327748775
3287, 316.8630065917969, -76.7146987915039, 0.12668724358081818, 0.35000044107437134, 0.0, -119.18122100830078, 7.243933401757013
3288, 316.77667236328125, -76.88652038574219, 0.12477738410234451, 0.2750004231929779, 0.0, -118.64070892333984, 7.247392993518249
3289, 316.6907043457031, -77.06156158447266, 0.1235041469335556, 0.22500041127204895, 0.0, -118.1015625, 7.2419712793457665
3290, 316.6092834472656, -77.23085021972656, 0.12159428745508194, 0.15000039339065552, 0.0, -117.58509063720703, 7.2260478501652425
3291, 316.5257263183594, -77.40846252441406, 0.11968443542718887, 0.07500039041042328, 0.0, -117.05361938476562, 7.201125239971986
3292, 316.44366455078125, -77.58677673339844, 0.11841119825839996, 0.02500039152801037, 0.0, -116.52458190917969, 7.161508597475823
3293, 316.3624267578125, -77.76741027832031, 0.1165013387799263, 0.0, 0.0, -115.99674224853516, 7.114823755858943
3294, 316.28900146484375, -77.93413543701172, 0.11522810161113739, 0.0, 0.0, -115.51256561279297, 7.063372445795398
3295, 316.2176513671875, -78.09962463378906, 0.10886190831661224, 0.0, 0.0, -115.0419921875, 7.013263109464926
3296, 316.1448059082031, -78.27143096923828, 0.09931261837482452, 0.0, 0.0, -114.56603240966797, 6.9543674127771915
3297, 316.0748596191406, -78.43928527832031, 0.09294642508029938, 0.0, 0.0, -114.12042236328125, 6.8979897610377785
3298, 316.0090026855469, -78.59951782226562, 0.08594361692667007, 0.0, 0.0, -113.71119689941406, 6.839999430293148
3299, 315.9397277832031, -78.7708511352539, 0.08467037975788116, 0.0, 0.0, -113.29483795166016, 6.7796896231292445
3300, 315.8735656738281, -78.937255859375, 0.08212390542030334, 0.0, 0.0, -112.9034194946289, 6.716229494338966
3301, 315.8068542480469, -79.10816955566406, 0.08085066080093384, 0.0, 0.0, -112.51858520507812, 6.653769463386219
3302, 315.74163818359375, -79.27813720703125, 0.07894080877304077, 0.0, 0.0, -112.14481353759766, 6.587975004559128
3303, 315.6776428222656, -79.44822692871094, 0.07766757160425186, 0.0, 0.0, -111.78496551513672, 6.524697849037639
3304, 315.61810302734375, -79.60907745361328, 0.0757577121257782, 0.0, 0.0, -111.45121002197266, 6.463408257933956
3305, 315.56256103515625, -79.76176452636719, 0.07448447495698929, 0.0, 0.0, -111.14550018310547, 6.409583977982178
3306, 315.50689697265625, -79.91752624511719, 0.07766757160425186, 0.07500000298023224, 0.0, -110.83670043945312, 6.3537446346022675
3307, 315.4508972167969, -80.07759857177734, 0.08148728311061859, 0.125, 0.0, -110.52317810058594, 6.299973377464366
3308, 315.39947509765625, -80.22793579101562, 0.08721685409545898, 0.20000001788139343, 0.0, -110.2234878540039, 6.252856359791812
3309, 315.34295654296875, -80.39762878417969, 0.09103657305240631, 0.20000001788139343, 0.0, -109.88129425048828, 6.202829285286277
3310, 315.28753662109375, -80.56849670410156, 0.0967661440372467, 0.10000000149011612, 0.0, -109.52264404296875, 6.147606439461798
3311, 315.23651123046875, -80.73079681396484, 0.10440557450056076, 0.02500000409781933, 0.0, -109.17218780517578, 6.09859722279608
3312, 315.1883239746094, -80.88867950439453, 0.10822528600692749, -0.02499999664723873, 0.0, -108.81401824951172, 6.049736697295533
3313, 315.1409606933594, -81.04896545410156, 0.11395486444234848, 0.0, 0.0, -108.43816375732422, 5.996184536124118
3314, 315.0964050292969, -81.20458221435547, 0.11777457594871521, 0.0, 0.0, -108.05481719970703, 5.940547397300721
3315, 315.0548095703125, -81.35488891601562, 0.1235041469335556, 0.0, 0.0, -107.67283630371094, 5.888898208534276
3316, 315.0140686035156, -81.50731658935547, 0.12732386589050293, 0.0, 0.0, -107.26700592041016, 5.832430723166104
3317, 314.977294921875, -81.65018463134766, 0.13305343687534332, 0.0, 0.0, -106.87525939941406, 5.78252627967708
3318, 314.93994140625, -81.80034637451172, 0.13178019225597382, 0.0, 0.0, -106.44803619384766, 5.725489796878123
3319, 314.9042053222656, -81.94940948486328, 0.12987034022808075, 0.0, 0.0, -106.01908874511719, 5.667908096968612
3320, 314.86981201171875, -82.09724426269531, 0.12859709560871124, 0.0, 0.0, -105.58521270751953, 5.608853461461476
3321, 314.8352966308594, -82.25105285644531, 0.12668724358081818, 0.0, 0.0, -105.1355209350586, 5.5446851149150165
3322, 314.80450439453125, -82.39258575439453, 0.12477738410234451, 0.0, 0.0, -104.71758270263672, 5.489133561597625
3323, 314.7732849121094, -82.54129791259766, 0.1235041469335556, 0.0, 0.0, -104.28404235839844, 5.4288603070257375
3324, 314.74456787109375, -82.68273162841797, 0.12159428745508194, 0.0, 0.0, -103.86988067626953, 5.372149582214013
3325, 314.71331787109375, -82.842529296875, 0.11968443542718887, 0.0, 0.0, -103.40995788574219, 5.324993814773908
3326, 314.6877136230469, -82.97879028320312, 0.11841119825839996, 0.0, 0.0, -103.02375030517578, 5.275879695312105
3327, 314.6632995605469, -83.11309051513672, 0.1165013387799263, 0.0, 0.0, -102.64327239990234, 5.22091518194378
3328, 314.6393127441406, -83.25041198730469, 0.11522810161113739, 0.0, 0.0, -102.2619857788086, 5.162929961672964
3329, 314.6175537109375, -83.37887573242188, 0.11331824213266373, 0.0, 0.0, -101.90523529052734, 5.111907302999617
3330, 314.5962829589844, -83.50963592529297, 0.11204500496387482, 0.0, 0.0, -101.55022430419922, 5.059712515352426
3331, 314.57562255859375, -83.64108276367188, 0.11013514548540115, 0.0, 0.0, -101.1938705444336, 5.003992429444595
3332, 314.5564880371094, -83.76827239990234, 0.10886190831661224, 0.0, 0.0, -100.8584213256836, 4.992748105345088
3333, 314.53924560546875, -83.88798522949219, 0.10758867114782333, 0.0, 0.0, -100.54985046386719, 4.971679740302174
3334, 314.52105712890625, -84.0195083618164, 0.10567881166934967, 0.0, 0.0, -100.21783447265625, 4.938038023382423
3335, 314.50445556640625, -84.14501953125, 0.10440557450056076, 0.0, 0.0, -99.90668487548828, 4.900340813742848
3336, 314.4895935058594, -84.26140594482422, 0.10440557450056076, 0.0, 0.0, -99.6227798461914, 4.862789755971945
3337, 314.4726867675781, -84.39994812011719, 0.1024957150220871, 0.0, 0.0, -99.29053497314453, 4.816310203223255
3338, 314.45843505859375, -84.52165222167969, 0.09931261837482452, 0.0, 0.0, -99.00342559814453, 4.774657388454647
3339, 314.445556640625, -84.63556671142578, 0.09740276634693146, 0.0, 0.0, -98.73898315429688, 4.735320255843326
3340, 314.4320373535156, -84.76052856445312, 0.0954929068684578, 0.0, 0.0, -98.4539794921875, 4.691959670605855
3341, 314.419189453125, -84.88377380371094, 0.09421966969966888, 0.0, 0.0, -98.17766571044922, 4.649041549750948
3342, 314.4079895019531, -84.99590301513672, 0.09230981022119522, 0.0, 0.0, -97.93040466308594, 4.6099721011331996
3343, 314.3970642089844, -85.10958099365234, 0.09103657305240631, 0.0, 0.0, -97.683837890625, 4.57033036165817
3344, 314.3861083984375, -85.22843933105469, 0.0897633358836174, 0.0, 0.0, -97.43002319335938, 4.528850954240567
3345, 314.37640380859375, -85.33790588378906, 0.08785347640514374, 0.05000000074505806, 0.0, -97.20010375976562, 4.492880861276358
3346, 314.366943359375, -85.44969177246094, 0.08658023923635483, 0.10000000149011612, 0.0, -96.96920776367188, 4.460234656800242
3347, 314.35723876953125, -85.56927490234375, 0.08467037975788116, 0.17500001192092896, 0.0, -96.7269287109375, 4.43222913132677
3348, 314.3482666015625, -85.68499755859375, 0.08339714258909225, 0.2250000238418579, 0.0, -96.49691772460938, 4.413719596942084
3349, 314.3402099609375, -85.79338073730469, 0.08148728311061859, 0.30000004172325134, 0.0, -96.28571319580078, 4.404256790633422
3350, 314.33209228515625, -85.90766143798828, 0.08021404594182968, 0.3500000536441803, 0.0, -96.0673599243164, 4.403535886096853
3351, 314.3245544433594, -86.0185317993164, 0.07894080877304077, 0.40000006556510925, 0.0, -95.85962677001953, 4.410937366000664
3352, 314.3176574707031, -86.12429809570312, 0.07703094929456711, 0.4750000834465027, 0.0, -95.66524505615234, 4.425161724066108
3353, 314.31048583984375, -86.23955535888672, 0.0757577121257782, 0.5250000357627869, 0.0, -95.45769500732422, 4.449330150112866
3354, 314.30340576171875, -86.3585433959961, 0.07384785264730453, 0.5999999642372131, 0.0, -95.24822998046875, 4.4830017230667005
3355, 314.29705810546875, -86.4698486328125, 0.07257461547851562, 0.6499999165534973, 0.0, -95.05641174316406, 4.5224922422929446
3356, 314.29058837890625, -86.5901870727539, 0.07130137830972672, 0.6999998688697815, 0.0, -94.85327911376953, 4.572685735980229
3357, 314.28448486328125, -86.70836639404297, 0.06939151883125305, 0.7749997973442078, 0.0, -94.65814208984375, 4.629062670109763
3358, 314.2786865234375, -86.827392578125, 0.06811828166246414, 0.7249998450279236, 0.0, -94.46588134765625, 4.690197054203701
3359, 314.27349853515625, -86.93946075439453, 0.06620842218399048, 0.6499999165534973, 0.0, -94.28875732421875, 4.74626320162965
3360, 314.2680358886719, -87.06341552734375, 0.06493518501520157, 0.5999999642372131, 0.0, -94.09720611572266, 4.802931400981961
3361, 314.2628173828125, -87.1888427734375, 0.06366194784641266, 0.550000011920929, 0.0, -93.90753936767578, 4.85357959702242
3362, 314.25823974609375, -87.30461883544922, 0.061752088367938995, 0.4750000536441803, 0.0, -93.73625946044922, 4.893254201234289
3363, 314.2538146972656, -87.42591857910156, 0.060478851199150085, 0.42500004172325134, 0.0, -93.56075286865234, 4.9266267595145745
3364, 314.24945068359375, -87.55218505859375, 0.059205614030361176, 0.3750000298023224, 0.0, -93.38208770751953, 4.9528990288574635
3365, 314.2454528808594, -87.6771011352539, 0.05729575455188751, 0.30000001192092896, 0.0, -93.20947265625, 4.969985565891291
3366, 314.2418212890625, -87.798828125, 0.0560225173830986, 0.22499999403953552, 0.0, -93.04515075683594, 4.977018517011017
3367, 314.2384338378906, -87.92082977294922, 0.05474928021430969, 0.17499998211860657, 0.0, -92.8841781616211, 4.9746688340253655
3368, 314.2351989746094, -88.04837799072266, 0.05283942073583603, 0.12499997764825821, 0.0, -92.72006225585938, 4.9633059641492485
3369, 314.2322692871094, -88.1745376586914, 0.050929564982652664, 0.04999998211860657, 0.0, -92.5621566772461, 4.943029403516382
3370, 314.2296142578125, -88.29865264892578, 0.049656324088573456, 0.0, 0.0, -92.41094207763672, 4.913759379936228
3371, 314.2272033691406, -88.4222640991211, 0.04774646833539009, 0.0, 0.0, -92.2646255493164, 4.878263026451722
3372, 314.22503662109375, -88.54554748535156, 0.04583660885691643, 0.0, 0.0, -92.12315368652344, 4.8394373450070765
3373, 314.2230529785156, -88.66960144042969, 0.04456337168812752, 0.0, 0.0, -91.98526000976562, 4.798470531494039
3374, 314.2214050292969, -88.78474426269531, 0.04329013451933861, 0.0, 0.0, -91.86101531982422, 4.759520242912432
3375, 314.22003173828125, -88.89488983154297, 0.0420168936252594, 0.0, 0.0, -91.74547576904297, 4.721801332683694
3376, 314.2187194824219, -89.01375579833984, 0.040107037872076035, 0.0, 0.0, -91.62493133544922, 4.680821422410303
3377, 314.2175598144531, -89.13336944580078, 0.038833800703287125, 0.0, 0.0, -91.50775909423828, 4.63941998802163
3378, 314.2166442871094, -89.24714660644531, 0.037560559809207916, 0.0, 0.0, -91.40006256103516, 4.599948056911334
3379, 314.21588134765625, -89.35505676269531, 0.03565070405602455, 0.0, 0.0, -91.30147552490234, 4.562491527637464
3380, 314.2151794433594, -89.47330474853516, 0.03437746688723564, 0.0, 0.0, -91.19760131835938, 4.521393464516476
3381, 314.21466064453125, -89.58592224121094, 0.03246760740876198, 0.0, 0.0, -91.10279083251953, 4.482247928139851
3382, 314.2142333984375, -89.69561004638672, 0.031194370239973068, 0.0, 0.0, -91.01434326171875, 4.44410204722598
3383, 314.21392822265625, -89.80388641357422, 0.02992113120853901, 0.0, 0.0, -90.93060302734375, 4.406436161695627
3384, 314.213623046875, -89.91209411621094, 0.023554932326078415, 0.0, 0.0, -90.85317993164062, 4.36882908272981
3385, 314.213134765625, -90.0245132446289, 0.014005634002387524, 0.0, 0.0, -90.78466033935547, 4.329724181566649
3386, 314.21240234375, -90.13525390625, 0.007639436516910791, 0.0, 0.0, -90.73138427734375, 4.291124152284936
3387, 314.2113952636719, -90.2401123046875, -0.0019098592456430197, 0.0, 0.0, -90.69650268554688, 4.254446619200032
3388, 314.2101135253906, -90.34693145751953, -0.005729577504098415, 0.0, 0.0, -90.67639923095703, 4.217070871517074
3389, 314.20855712890625, -90.4521255493164, -0.01145915500819683, 0.0, 0.0, -90.67127227783203, 4.180209557292061
3390, 314.2068786621094, -90.55322265625, -0.012732394970953465, 0.0, 0.0, -90.67760467529297, 4.144824902710442
3391, 314.20513916015625, -90.65234375, -0.011459154076874256, 0.0, 0.0, -90.69097137451172, 4.110175841224049
3392, 314.203369140625, -90.7505874633789, -0.010185914114117622, 0.0, 0.0, -90.70799255371094, 4.075860701719414
3393, 314.20159912109375, -90.85112762451172, -0.008276053704321384, 0.0, 0.0, -90.7268295288086, 4.040741495556794
3394, 314.1998596191406, -90.95478057861328, -0.006366195157170296, 0.0, 0.0, -90.74559783935547, 4.004540399405367
3395, 314.19830322265625, -91.05026245117188, -0.005092955660074949, 0.0, 0.0, -90.76146697998047, 3.971268684240486
3396, 314.1966857910156, -91.15371704101562, -0.0031830964144319296, 0.05000000074505806, 0.0, -90.77606201171875, 3.937693511895974
3397, 314.1951904296875, -91.25181579589844, -0.0019098566845059395, 0.10000000149011612, 0.0, -90.78710174560547, 3.910184529062069
3398, 314.1937255859375, -91.35317993164062, 0.0, 0.17500001192092896, 0.0, -90.79503631591797, 3.8883532794252993
3399, 314.19244384765625, -91.44566345214844, 0.0, 0.2250000238418579, 0.0, -90.79987335205078, 3.8759364851161755
3400, 314.19110107421875, -91.54175567626953, 0.0, 0.30000004172325134, 0.0, -90.80314636230469, 3.870901015645115
3401, 314.1897277832031, -91.64212036132812, 0.0, 0.3500000536441803, 0.0, -90.8053207397461, 3.8749608601096024
3402, 314.1883239746094, -91.74114227294922, 0.0, 0.40000006556510925, 0.0, -90.80664825439453, 3.8869216624938896
3403, 314.1870422363281, -91.83210754394531, 0.0, 0.4750000834465027, 0.0, -90.80731964111328, 3.9045169269059357
3404, 314.1855773925781, -91.93647003173828, 0.0, 0.5250000357627869, 0.0, -90.80764770507812, 3.933374390320688
3405, 314.1842346191406, -92.03358459472656, 0.0, 0.574999988079071, 0.0, -90.80764770507812, 3.9673054609538516
3406, 314.1828308105469, -92.13442993164062, 0.0, 0.6499999165534973, 0.0, -90.80742645263672, 4.009417843057844
3407, 314.1814880371094, -92.22953796386719, 0.0, 0.6999998688697815, 0.0, -90.80699920654297, 4.0559366647557225
3408, 314.17999267578125, -92.33399963378906, 0.0, 0.7499998211860657, 0.0, -90.80638885498047, 4.113680135011176
3409, 314.178466796875, -92.44178771972656, 0.0, 0.8249997496604919, 0.0, -90.80558776855469, 4.179964371754664
3410, 314.1768798828125, -92.55256652832031, 0.0, 0.8749997019767761, 0.0, -90.80460357666016, 4.255272920675985
3411, 314.1754150390625, -92.65652465820312, 0.0, 0.9249996542930603, 0.0, -90.80352020263672, 4.33142301097548
3412, 314.1740417480469, -92.7535400390625, 0.0, 0.9999995827674866, 0.0, -90.80239868164062, 4.406947829024218
3413, 314.1724548339844, -92.86638641357422, 0.0, 1.0, 0.0, -90.80096435546875, 4.499282430975955
3414, 314.17083740234375, -92.98184204101562, 0.0, 1.0, 0.0, -90.79940795898438, 4.595849669308637
3415, 314.1692199707031, -93.09539031982422, 0.0, 1.0, 0.0, -90.79776000976562, 4.691086231229021
3416, 314.16766357421875, -93.20588684082031, 0.0, 1.0, 0.0, -90.79607391357422, 4.7831890684739005
3417, 314.16595458984375, -93.32733917236328, 0.0, 1.0, 0.0, -90.79422760009766, 4.883162065813235
3418, 314.1641845703125, -93.45191955566406, 0.0, 1.0, 0.0, -90.79225158691406, 4.984123425205766
3419, 314.16241455078125, -93.57767486572266, 0.0, 1.0, 0.0, -90.79022979736328, 5.084423618669305
3420, 314.1607666015625, -93.69718170166016, 0.0, 1.0, 0.0, -90.78827667236328, 5.1779144286729375
3421, 314.1590270996094, -93.82010650634766, 0.0, 1.0, 0.0, -90.78622436523438, 5.271681860112652
3422, 314.1572570800781, -93.94536590576172, 0.0, 0.9000000953674316, 0.0, -90.78421020507812, 5.362716234207709
3423, 314.1553649902344, -94.08012390136719, 0.0, 0.8250001668930054, 0.0, -90.78201293945312, 5.454075130265039
3424, 314.1534729003906, -94.2181625366211, 0.0, 0.7750002145767212, 0.0, -90.77984619140625, 5.539180070388944
3425, 314.1515808105469, -94.35432434082031, 0.0, 0.725000262260437, 0.0, -90.77783203125, 5.615045414434756
3426, 314.1496276855469, -94.49513244628906, 0.0, 0.6500003337860107, 0.0, -90.77581787109375, 5.684492313745182
3427, 314.1477355957031, -94.6330337524414, 0.0, 0.6000003814697266, 0.0, -90.7740478515625, 5.743480324610247
3428, 314.1457824707031, -94.77550506591797, 0.0, 0.5500004291534424, 0.0, -90.77227783203125, 5.795083826935784
3429, 314.1437683105469, -94.92257690429688, 0.0, 0.4750004708766937, 0.0, -90.77079772949219, 5.83929662174145
3430, 314.1418151855469, -95.0638198852539, 0.0, 0.42500045895576477, 0.0, -90.76899719238281, 5.869700196039882
3431, 314.1398620605469, -95.20417022705078, -0.0019098592456430197, 0.3750004470348358, 0.0, -90.76958465576172, 5.890994207294221
3432, 314.1377868652344, -95.34439086914062, -0.005729577504098415, 0.32500043511390686, 0.0, -90.77161407470703, 5.896638492888199
3433, 314.1353759765625, -95.49146270751953, -0.01145915500819683, 0.2500004172325134, 0.0, -90.78326416015625, 5.897249389935458
3434, 314.1328125, -95.6397476196289, -0.010185915045440197, 0.20000040531158447, 0.0, -90.80023956298828, 5.873329722849801
3435, 314.1302185058594, -95.78398132324219, -0.008912675082683563, 0.15000039339065552, 0.0, -90.82100677490234, 5.862242044542626
3436, 314.1276550292969, -95.92243194580078, -0.0070028156042099, 0.07500039041042328, 0.0, -90.84203338623047, 5.834268330849439
3437, 314.1251220703125, -96.06303405761719, -0.0057295761071145535, 0.02500039152801037, 0.0, -90.86309814453125, 5.816871369325671
3438, 314.1225280761719, -96.20902252197266, -0.004456337075680494, -0.02499960921704769, 0.0, -90.8837890625, 5.773158636206503
3439, 314.1201171875, -96.34796905517578, -0.001909857615828514, 0.0, 0.0, -90.90095520019531, 5.744530015628372
3440, 314.11767578125, -96.49431610107422, 0.0, 0.0, 0.0, -90.9154052734375, 5.689098322089298
3441, 314.1154479980469, -96.62740325927734, 0.0, 0.0, 0.0, -90.92562103271484, 5.657816575826967
3442, 314.11328125, -96.76305389404297, 0.0, 0.0, 0.0, -90.93384552001953, 5.606337372697066
3443, 314.1109924316406, -96.90382385253906, 0.0, 0.0, 0.0, -90.9405517578125, 5.567061505724455
3444, 314.1087646484375, -97.0419692993164, 0.0, 0.0, 0.0, -90.9458999633789, 5.505406821917946
3445, 314.1065673828125, -97.17597198486328, 0.0, 0.0, 0.0, -90.95008087158203, 5.4682821032416635
3446, 314.10443115234375, -97.3084945678711, 0.0, 0.0, 0.0, -90.95355987548828, 5.410160340706644
3447, 314.1023254394531, -97.43848419189453, 0.0, 0.0, 0.0, -90.95643615722656, 5.374152334237693
3448, 314.10009765625, -97.57238006591797, 0.0, 0.0, 0.0, -90.95895385742188, 5.31211359264041
3449, 314.09796142578125, -97.70197296142578, 0.0, 0.0, 0.0, -90.96112060546875, 5.27487432746175
3450, 314.0959167480469, -97.82594299316406, 0.0, 0.0, 0.0, -90.96298217773438, 5.21875266951423
3451, 314.0939025878906, -97.9486083984375, 0.0, 0.0, 0.0, -90.96466064453125, 5.185604829490617
3452, 314.0917663574219, -98.07659149169922, 0.0, 0.0, 0.0, -90.96624755859375, 5.12419424130964
3453, 314.0896301269531, -98.2049331665039, 0.0, 0.0, 0.0, -90.96774291992188, 5.084652931039726
3454, 314.0876159667969, -98.32501983642578, 0.0, 0.0, 0.0, -90.96913146972656, 5.025378182102332
3455, 314.0854797363281, -98.45174407958984, 0.0, 0.0, 0.0, -90.97052764892578, 4.9875408675950155
3456, 314.0835876464844, -98.5645523071289, 0.0, 0.0, 0.0, -90.97159576416016, 4.9695448433485865
3457, 314.08148193359375, -98.689697265625, 0.0, 0.0, 0.0, -90.9725341796875, 4.9392546611766335
3458, 314.0793151855469, -98.81673431396484, 0.0, 0.0, 0.0, -90.97344970703125, 4.902314415951193
3459, 314.07733154296875, -98.935791015625, 0.0, 0.0, 0.0, -90.97427368164062, 4.86458877887005
3460, 314.0754089355469, -99.04949188232422, 0.0, 0.0, 0.0, -90.97503662109375, 4.826992272562949
3461, 314.0734558105469, -99.16495513916016, 0.0, 0.0, 0.0, -90.97576141357422, 4.787928736763279
3462, 314.0715026855469, -99.27950286865234, 0.0, 0.0, 0.0, -90.97655487060547, 4.748669109800898
3463, 314.0694885253906, -99.40057373046875, 0.0, 0.0, 0.0, -90.97735595703125, 4.706858518918896
3464, 314.0675048828125, -99.51713562011719, 0.0, 0.0, 0.0, -90.97814178466797, 4.666436128852282
3465, 314.0655212402344, -99.6337661743164, 0.0, 0.0, 0.0, -90.9789047241211, 4.625900678063696
3466, 314.0637512207031, -99.73566436767578, 0.0, 0.0, 0.0, -90.97957611083984, 4.590446114836884
3467, 314.0618896484375, -99.8465805053711, 0.0, 0.0, 0.0, -90.98031616210938, 4.551822394059869
3468, 314.0599670410156, -99.96028137207031, 0.0, 0.0, 0.0, -90.9810562133789, 4.51220583332891
3469, 314.0580749511719, -100.07154846191406, 0.0, 0.0, 0.0, -90.9817886352539, 4.473424302384492
3470, 314.0562744140625, -100.1790542602539, 0.0, 0.0, 0.0, -90.98249816894531, 4.435949925939256
3471, 314.0545349121094, -100.2822265625, 0.0, 0.0, 0.0, -90.98316192626953, 4.399975844786609
3472, 314.0526428222656, -100.39234924316406, 0.0, 0.0, 0.0, -90.9838638305664, 4.361566201989559
3473, 314.05078125, -100.50233459472656, 0.0, 0.0, 0.0, -90.98453521728516, 4.3232032961327445
3474, 314.0490417480469, -100.60494232177734, 0.0, 0.0, 0.0, -90.98519897460938, 4.287409421199339
3475, 314.0472106933594, -100.71053314208984, 0.0, 0.0, 0.0, -90.98585510253906, 4.25056442054976
3476, 314.04559326171875, -100.80518341064453, 0.0, 0.0, 0.0, -90.9864273071289, 4.217539868377742
3477, 314.04388427734375, -100.90544891357422, 0.0, 0.0, 0.0, -90.98706817626953, 4.182547541856542
3478, 314.04217529296875, -101.00418090820312, 0.0, 0.02500000037252903, 0.0, -90.98764038085938, 4.149467625467595
3479, 314.0403747558594, -101.10836791992188, 0.0, 0.05000000074505806, 0.0, -90.98829650878906, 4.116526035589056
3480, 314.0387268066406, -101.20504760742188, 0.0, 0.125, 0.0, -90.98880767822266, 4.089675420321343
3481, 314.0370178222656, -101.30382537841797, 0.0, 0.20000001788139343, 0.0, -90.98932647705078, 4.0692468260491275
3482, 314.03546142578125, -101.39693450927734, 0.0, 0.2500000298023224, 0.0, -90.98969268798828, 4.057744425798008
3483, 314.0338134765625, -101.49089813232422, 0.0, 0.30000004172325134, 0.0, -90.98995971679688, 4.053365505385369
3484, 314.03216552734375, -101.58517456054688, 0.0, 0.3500000536441803, 0.0, -90.9901123046875, 4.0558959298728805
3485, 314.0304870605469, -101.6827621459961, 0.0, 0.40000006556510925, 0.0, -90.99024200439453, 4.065418678693901
3486, 314.0287780761719, -101.78153991699219, 0.0, 0.4750000834465027, 0.0, -90.99019622802734, 4.082175519287951
3487, 314.02703857421875, -101.88239288330078, 0.0, 0.5250000357627869, 0.0, -90.99005126953125, 4.10730101944697
3488, 314.0252685546875, -101.98491668701172, 0.0, 0.574999988079071, 0.0, -90.98976135253906, 4.140093158141214
3489, 314.0236511230469, -102.07624053955078, 0.0, 0.6249999403953552, 0.0, -90.9893798828125, 4.174800947505722
3490, 314.02191162109375, -102.17662811279297, 0.0, 0.6999998688697815, 0.0, -90.98889923095703, 4.2190610192486675
3491, 314.0201721191406, -102.27882385253906, 0.0, 0.7499998211860657, 0.0, -90.98825073242188, 4.2712009271144105
3492, 314.0184020996094, -102.38178253173828, 0.0, 0.7999997735023499, 0.0, -90.98748779296875, 4.3299573065354195
3493, 314.01654052734375, -102.48912811279297, 0.0, 0.849999725818634, 0.0, -90.9865493774414, 4.397059871593062
3494, 314.01458740234375, -102.60027313232422, 0.0, 0.7499998211860657, 0.0, -90.98548126220703, 4.468184940472976
3495, 314.0126647949219, -102.71109771728516, 0.0, 0.6999998688697815, 0.0, -90.98431396484375, 4.534990454656233
3496, 314.0108337402344, -102.8171157836914, 0.0, 0.6499999165534973, 0.0, -90.98321533203125, 4.5936550579100555
3497, 314.00885009765625, -102.9312973022461, 0.0, 0.6499999165534973, 0.0, -90.98202514648438, 4.649573879525171
3498, 314.0068664550781, -103.04572296142578, 0.0, 0.5250000357627869, 0.0, -90.98092651367188, 4.697361829567212
3499, 314.0048522949219, -103.1607894897461, 0.0, 0.4750000536441803, 0.0, -90.9798583984375, 4.737495392660923
3500, 314.0029296875, -103.27381896972656, 0.0, 0.42500004172325134, 0.0, -90.97898864746094, 4.769458643433317
3501, 314.00103759765625, -103.38469696044922, 0.0, 0.3500000238418579, 0.0, -90.97818756103516, 4.793072308374908
3502, 313.99908447265625, -103.4986572265625, 0.0, 0.30000001192092896, 0.0, -90.97747039794922, 4.808952517678502
3503, 313.9971618652344, -103.61273956298828, 0.0, 0.25, 0.0, -90.97693634033203, 4.816921466632681
3504, 313.9951477050781, -103.72820281982422, 0.0, 0.19999998807907104, 0.0, -90.9765625, 4.817295832417543
3505, 313.9930419921875, -103.85020446777344, 0.0, 0.12499997764825821, 0.0, -90.97626495361328, 4.808802296119399
3506, 313.9911193847656, -103.96453857421875, 0.0, 0.07499998062849045, 0.0, -90.97615814208984, 4.792531126412412
3507, 313.9891662597656, -104.07740783691406, 0.0, 0.024999981746077538, 0.0, -90.9761962890625, 4.7691771507735865
3508, 313.9873046875, -104.18563842773438, 0.0, 0.0, 0.0, -90.97634887695312, 4.74040237613219
3509, 313.9854736328125, -104.29412078857422, 0.0, 0.0, 0.0, -90.9766616821289, 4.70764845729787
3510, 313.9837341308594, -104.39788055419922, 0.0, 0.0, 0.0, -90.97701263427734, 4.674226560923665
3511, 313.9818420410156, -104.50637817382812, 0.0, 0.0, 0.0, -90.97747802734375, 4.638031117002733
3512, 313.9799499511719, -104.61774444580078, 0.0, 0.0, 0.0, -90.97802734375, 4.60013088749835
3513, 313.97808837890625, -104.728271484375, 0.0, 0.0, 0.0, -90.9786376953125, 4.562100085708862
3514, 313.9762878417969, -104.8342056274414, 0.0, 0.0, 0.0, -90.979248046875, 4.5254390079238584
3515, 313.9744567871094, -104.94107055664062, 0.0, 0.0, 0.0, -90.97989654541016, 4.488333518937954
3516, 313.97259521484375, -105.05009460449219, 0.0, 0.0, 0.0, -90.9805679321289, 4.450420209914646
3517, 313.9708557128906, -105.15296936035156, 0.0, 0.0, 0.0, -90.98119354248047, 4.414610990905384
3518, 313.96923828125, -105.25074005126953, 0.0, 0.0, 0.0, -90.98004913330078, 4.380551490517122
3519, 313.96771240234375, -105.3521957397461, 0.007639436982572079, 0.0, 0.0, -90.97478485107422, 4.345164371126599
3520, 313.96636962890625, -105.45347595214844, 0.013369014486670494, 0.0, 0.0, -90.9629898071289, 4.309766575143081
3521, 313.96527099609375, -105.5570068359375, 0.01718873344361782, 0.0, 0.0, -90.9427719116211, 4.273534490536489
3522, 313.9644470214844, -105.65925598144531, 0.021008450537919998, 0.0, 0.0, -90.91436767578125, 4.2377218820552125
3523, 313.9638671875, -105.76231384277344, 0.024828169494867325, 0.0, 0.0, -90.87686157226562, 4.201585686339175
3524, 313.96356201171875, -105.86138153076172, 0.030557747930288315, 0.0, 0.0, -90.83126831054688, 4.166766807841462
3525, 313.96356201171875, -105.95220184326172, 0.03437746688723564, 0.0, 0.0, -90.781005859375, 4.134829147895168
3526, 313.96380615234375, -106.04283905029297, 0.03819718211889267, 0.0, 0.0, -90.72257995605469, 4.102927448647893
3527, 313.96435546875, -106.13352966308594, 0.0420168936252594, 0.0, 0.0, -90.65581512451172, 4.070984326674941
3528, 313.9651794433594, -106.22234344482422, 0.04583660885691643, 0.0, 0.0, -90.58246612548828, 4.039679148848352
3529, 313.96624755859375, -106.31180572509766, 0.049656324088573456, 0.0, 0.0, -90.50037384033203, 4.008187190940295
3530, 313.9676818847656, -106.40141296386719, 0.05538589879870415, 0.0, 0.0, -90.40908813476562, 3.9766100689414983
3531, 313.96942138671875, -106.49143981933594, 0.059205614030361176, 0.0, 0.0, -90.30810546875, 3.9449106285266833
3532, 313.9715270996094, -106.58077239990234, 0.0630253255367279, 0.0, 0.0, -90.1990737915039, 3.9134833389003685
3533, 313.9739685058594, -106.66883850097656, 0.06684504449367523, 0.0, 0.0, -90.08309173583984, 3.8825571305943076
3534, 313.9766845703125, -106.75499725341797, 0.07066475600004196, 0.0, 0.0, -89.96160125732422, 3.852315169431356
3535, 313.9797668457031, -106.84193420410156, 0.07448447495698929, 0.0, 0.0, -89.8309555053711, 3.8218009377202637
3536, 313.9830017089844, -106.92400360107422, 0.08021404594182968, 0.0, 0.0, -89.69951629638672, 3.7928924484085473
3537, 313.98681640625, -107.01041412353516, 0.08403375744819641, 0.0, 0.0, -89.55223846435547, 3.7624614783925043
3538, 313.9908447265625, -107.09198760986328, 0.08785347640514374, 0.0, 0.0, -89.4052963256836, 3.733738980984162
3539, 313.9949951171875, -107.16985321044922, 0.09167318791151047, 0.0, 0.0, -89.25785064697266, 3.706306333628827
3540, 313.9998779296875, -107.25383758544922, 0.0954929068684578, 0.02500000037252903, 0.0, -89.09088897705078, 3.6764141264135044
3541, 314.0051574707031, -107.33692169189453, 0.09931261837482452, 0.07500000298023224, 0.0, -88.9178237915039, 3.6499692601478575
3542, 314.0104675292969, -107.41533660888672, 0.10313233733177185, 0.125, 0.0, -88.74750518798828, 3.6293924989522726
3543, 314.01611328125, -107.49288177490234, 0.10695204883813858, 0.17500001192092896, 0.0, -88.57239532470703, 3.6141408004714326
3544, 314.02215576171875, -107.57063293457031, 0.11077176779508591, 0.2250000238418579, 0.0, -88.39002990722656, 3.604436744414283
3545, 314.0289611816406, -107.65241241455078, 0.11459147930145264, 0.27500003576278687, 0.0, -88.1910629272461, 3.600541670323747
3546, 314.035888671875, -107.73095703125, 0.11841119825839996, 0.3250000476837158, 0.0, -87.99324798583984, 3.6027723759820143
3547, 314.0431213378906, -107.80806732177734, 0.1222309097647667, 0.3750000596046448, 0.0, -87.79264068603516, 3.6105366414692623
3548, 314.0509338378906, -107.88681030273438, 0.12605062127113342, 0.42500007152557373, 0.0, -87.58122253417969, 3.6241172057051214
3549, 314.0594177246094, -107.96778869628906, 0.12987034022808075, 0.4750000834465027, 0.0, -87.35704803466797, 3.6438958490358004
3550, 314.0687255859375, -108.05197143554688, 0.13559991121292114, 0.550000011920929, 0.0, -87.11603546142578, 3.670639747514108
3551, 314.07806396484375, -108.13178253173828, 0.14132948219776154, 0.6249999403953552, 0.0, -86.87942504882812, 3.7026762935018285
3552, 314.08795166015625, -108.21174621582031, 0.14514920115470886, 0.6749998927116394, 0.0, -86.63482666015625, 3.741581355355993
3553, 314.0985412597656, -108.29356384277344, 0.1489689201116562, 0.7249998450279236, 0.0, -86.37716674804688, 3.7873667841770273
3554, 314.11004638671875, -108.37804412841797, 0.15278862416744232, 0.7749997973442078, 0.0, -86.103759765625, 3.840175896837468
3555, 314.1219482421875, -108.46178436279297, 0.15660834312438965, 0.8249997496604919, 0.0, -85.82592010498047, 3.8974332983423823
3556, 314.1343688964844, -108.54531860351562, 0.16042806208133698, 0.8749997019767761, 0.0, -85.5421371459961, 3.9590178132010267
3557, 314.1476745605469, -108.63103485107422, 0.1642477810382843, 0.9249996542930603, 0.0, -85.24425506591797, 4.0265171496714585
3558, 314.1620178222656, -108.71953582763672, 0.16806748509407043, 0.9749996066093445, 0.0, -84.92980194091797, 4.1004597231552555
3559, 314.17803955078125, -108.81426239013672, 0.17188720405101776, 1.0249996185302734, 0.0, -84.5857162475586, 4.1834516415051555
3560, 314.19403076171875, -108.90499114990234, 0.1757069230079651, 1.0, 0.0, -84.24922943115234, 4.2649653826759035
3561, 314.21099853515625, -108.99715423583984, 0.17952664196491241, 0.9500000476837158, 0.0, -83.9005126953125, 4.347218229011427
3562, 314.22869873046875, -109.08982849121094, 0.18334634602069855, 0.9000000953674316, 0.0, -83.54267883300781, 4.4269773657195435
3563, 314.2483825683594, -109.18866729736328, 0.18716606497764587, 0.8500001430511475, 0.0, -83.15319061279297, 4.507121720029805
3564, 314.26873779296875, -109.28665924072266, 0.1909857839345932, 0.8000001907348633, 0.0, -82.75907897949219, 4.58093321513722
3565, 314.28955078125, -109.383056640625, 0.19480548799037933, 0.7500002384185791, 0.0, -82.36347961425781, 4.64756354732472
3566, 314.31219482421875, -109.48387145996094, 0.19862520694732666, 0.7000002861022949, 0.0, -81.94115447998047, 4.710871036192638
3567, 314.3353271484375, -109.58299255371094, 0.19989845156669617, 0.6500003337860107, 0.0, -81.51862335205078, 4.7671079601065465
3568, 314.3592224121094, -109.68186950683594, 0.20053507387638092, 0.5750004053115845, 0.0, -81.09123992919922, 4.816904422197523
3569, 314.38482666015625, -109.78450012207031, 0.20180830359458923, 0.5250004529953003, 0.0, -80.64213562011719, 4.8609797053516495
3570, 314.4127502441406, -109.89249420166016, 0.20053507387638092, 0.4750004708766937, 0.0, -80.1651382446289, 4.899790954914097
3571, 314.4404296875, -109.99626922607422, 0.20117168128490448, 0.4000004529953003, 0.0, -79.70343017578125, 4.929219139070028
3572, 314.4688720703125, -110.09978485107422, 0.19989845156669617, 0.35000044107437134, 0.0, -79.24028015136719, 4.950915968464316
3573, 314.49871826171875, -110.20498657226562, 0.20117168128490448, 0.3000004291534424, 0.0, -78.7670669555664, 4.965245366240455
3574, 314.5303039550781, -110.31307220458984, 0.19989845156669617, 0.2500004172325134, 0.0, -78.27860260009766, 4.972645079102051
3575, 314.56243896484375, -110.4196548461914, 0.20117168128490448, 0.20000040531158447, 0.0, -77.7944564819336, 4.972585194710876
3576, 314.59368896484375, -110.52051544189453, 0.19989845156669617, 0.15000039339065552, 0.0, -77.33435821533203, 4.966301324560786
3577, 314.6263732910156, -110.6229476928711, 0.20117168128490448, 0.10000038892030716, 0.0, -76.86475372314453, 4.953413768209889
3578, 314.6612548828125, -110.72908020019531, 0.19989845156669617, 0.0500003919005394, 0.0, -76.3759536743164, 4.933100185766298
3579, 314.69439697265625, -110.82723236083984, 0.20117168128490448, 3.915280046840053e-07, 0.0, -75.92152404785156, 4.908481335667236
3580, 314.7300720214844, -110.93014526367188, 0.19989845156669617, 0.0, 0.0, -75.44275665283203, 4.8770955192804495
3581, 314.7643737792969, -111.02647399902344, 0.20117168128490448, 0.0, 0.0, -74.99223327636719, 4.844766092437083
3582, 314.8025207519531, -111.13088989257812, 0.19989845156669617, 0.0, 0.0, -74.50162506103516, 4.808167129806319
3583, 314.8382873535156, -111.22628784179688, 0.20117168128490448, 0.0, 0.0, -74.051025390625, 4.77346254982279
3584, 314.87579345703125, -111.32380676269531, 0.19989845156669617, 0.0, 0.0, -73.58853912353516, 4.737484231268008
3585, 314.9132080078125, -111.41875457763672, 0.20053507387638092, 0.0, 0.0, -73.13633728027344, 4.701773793129753
3586, 314.9523620605469, -111.51577758789062, 0.20180830359458923, 0.0, 0.0, -72.67147064208984, 4.664883091600525
3587, 314.9908752441406, -111.60888671875, 0.20053507387638092, 0.0, 0.0, -72.22325897216797, 4.629415882688157
3588, 315.02935791015625, -111.69986724853516, 0.20117168128490448, 0.0, 0.0, -71.78333282470703, 4.594452760816075
3589, 315.0709228515625, -111.79586791992188, 0.19989845156669617, 0.0, 0.0, -71.31755065917969, 4.5574225182254695
3590, 315.1107177734375, -111.88571166992188, 0.20117168128490448, 0.0, 0.0, -70.87975311279297, 4.52237018542139
3591, 315.150390625, -111.97347259521484, 0.19989845156669617, 0.0, 0.0, -70.45040893554688, 4.488149640814164
3592, 315.1911926269531, -112.06177520751953, 0.20117168128490448, 0.0, 0.0, -70.01648712158203, 4.453386287680851
3593, 315.2308044433594, -112.14584350585938, 0.19989845156669617, 0.0, 0.0, -69.60162353515625, 4.420352828435104
3594, 315.2751770019531, -112.23810577392578, 0.20117168128490448, 0.0, 0.0, -69.14411926269531, 4.383655917751453
3595, 315.3166809082031, -112.32268524169922, 0.19989845156669617, 0.0, 0.0, -68.72273254394531, 4.349945709429644
3596, 315.35906982421875, -112.40740203857422, 0.20117168128490448, 0.0, 0.0, -68.29865264892578, 4.316074142199138
3597, 315.39776611328125, -112.4832763671875, 0.19989845156669617, 0.05000000074505806, 0.0, -67.91730499267578, 4.287185129836902
3598, 315.43914794921875, -112.5631103515625, 0.20117168128490448, 0.10000000149011612, 0.0, -67.51428985595703, 4.259655805538601
3599, 315.48040771484375, -112.64140319824219, 0.19989845156669617, 0.15000000596046448, 0.0, -67.11775207519531, 4.237052165504739
3600, 315.52276611328125, -112.72039794921875, 0.20117168128490448, 0.20000001788139343, 0.0, -66.71617126464844, 4.2195891762394
3601, 315.5672302246094, -112.80184936523438, 0.19989845156669617, 0.2500000298023224, 0.0, -66.3009262084961, 4.207605040136975
3602, 315.6100769042969, -112.87911987304688, 0.20117168128490448, 0.30000004172325134, 0.0, -65.90570831298828, 4.201776185983288
3603, 315.65386962890625, -112.95690155029297, 0.19989845156669617, 0.3500000536441803, 0.0, -65.5069351196289, 4.201891298886944
3604, 315.69989013671875, -113.03724670410156, 0.20117168128490448, 0.40000006556510925, 0.0, -65.09391784667969, 4.208008099581848
3605, 315.7425231933594, -113.11052703857422, 0.19989845156669617, 0.4500000774860382, 0.0, -64.71637725830078, 4.2189827627577285
3606, 315.78826904296875, -113.18797302246094, 0.20117168128490448, 0.5000000596046448, 0.0, -64.31636047363281, 4.236218286451626
3607, 315.8338928222656, -113.2640380859375, 0.19989845156669617, 0.574999988079071, 0.0, -63.92271423339844, 4.258931424693516
3608, 315.8821105957031, -113.34324645996094, 0.20053507387638092, 0.6249999403953552, 0.0, -63.51197814941406, 4.289355669853682
3609, 315.9272766113281, -113.4161605834961, 0.20180830359458923, 0.6749998927116394, 0.0, -63.13288116455078, 4.323135428094878
3610, 315.97454833984375, -113.49150848388672, 0.20053507387638092, 0.7249998450279236, 0.0, -62.740509033203125, 4.363699806659573
3611, 316.0229187011719, -113.56736755371094, 0.20180830359458923, 0.7749997973442078, 0.0, -62.344322204589844, 4.409424728204157
3612, 316.0769348144531, -113.65084075927734, 0.20053507387638092, 0.8249997496604919, 0.0, -61.907684326171875, 4.46554508019075
3613, 316.13226318359375, -113.73497772216797, 0.20180830359458923, 0.8749997019767761, 0.0, -61.46617889404297, 4.527476807738765
3614, 316.184814453125, -113.81365966796875, 0.20053507387638092, 0.9249996542930603, 0.0, -61.052490234375, 4.590219421934553
3615, 316.2403869628906, -113.89559173583984, 0.20180830359458923, 0.9749996066093445, 0.0, -60.62041091918945, 4.6600113820503255
3616, 316.2972106933594, -113.97813415527344, 0.20053507387638092, 1.0249996185302734, 0.0, -60.184261322021484, 4.734671582054706
3617, 316.35552978515625, -114.06157684326172, 0.20180830359458923, 1.0, 0.0, -59.74187088012695, 4.812712872771481
3618, 316.41253662109375, -114.14193725585938, 0.20053507387638092, 1.0, 0.0, -59.31472396850586, 4.889414054349209
3619, 316.4767150878906, -114.23096466064453, 0.20180830359458923, 1.0, 0.0, -58.83977508544922, 4.974561921062096
3620, 316.5369567871094, -114.31330108642578, 0.20053507387638092, 1.0, 0.0, -58.39908981323242, 5.053296471755536
3621, 316.5992126464844, -114.39715576171875, 0.20180830359458923, 1.0, 0.0, -57.94859313964844, 5.1330585225287555
3622, 316.6608581542969, -114.47889709472656, 0.20117168128490448, 1.0, 0.0, -57.50767517089844, 5.210417275853125
3623, 316.73077392578125, -114.57027435302734, 0.20180830359458923, 0.9500000476837158, 0.0, -57.01252365112305, 5.295541575835058
3624, 316.798828125, -114.6578369140625, 0.20117168128490448, 0.9250000715255737, 0.0, -56.535865783691406, 5.374205334262343
3625, 316.8714904785156, -114.74989318847656, 0.20180830359458923, 0.8500001430511475, 0.0, -56.032203674316406, 5.453590286379826
3626, 316.9411926269531, -114.83673858642578, 0.20117168128490448, 0.8250001668930054, 0.0, -55.55442810058594, 5.523941453194532
3627, 317.0198059082031, -114.93312072753906, 0.20117168128490448, 0.725000262260437, 0.0, -55.02128601074219, 5.59664079357398
3628, 317.09246826171875, -115.02075958251953, 0.19989845156669617, 0.6750003099441528, 0.0, -54.53408432006836, 5.656070276858741
3629, 317.1639404296875, -115.10553741455078, 0.20180830359458923, 0.6500003337860107, 0.0, -54.05927276611328, 5.707820544463193
3630, 317.240234375, -115.19468688964844, 0.20053507387638092, 0.6000003814697266, 0.0, -53.55685806274414, 5.756456284390298
3631, 317.3228759765625, -115.28949737548828, 0.20180830359458923, 0.5500004291534424, 0.0, -53.01808166503906, 5.801408190316268
3632, 317.4010925292969, -115.37773132324219, 0.20053507387638092, 0.5000004768371582, 0.0, -52.5129280090332, 5.837283139240907
3633, 317.4827575683594, -115.46826934814453, 0.20180830359458923, 0.45000046491622925, 0.0, -51.99015426635742, 5.8676413979858415
3634, 317.56732177734375, -115.56033325195312, 0.20053507387638092, 0.4000004529953003, 0.0, -51.45412063598633, 5.892203950022771
3635, 317.6539001464844, -115.6528091430664, 0.20180830359458923, 0.35000044107437134, 0.0, -50.91063690185547, 5.909115943457348
3636, 317.7469482421875, -115.75028228759766, 0.20053507387638092, 0.3000004291534424, 0.0, -50.332374572753906, 5.920055480696932
3637, 317.8385009765625, -115.84429168701172, 0.20117168128490448, 0.22500041127204895, 0.0, -49.768924713134766, 5.922253715871036
3638, 317.9242858886719, -115.93077087402344, 0.20053507387638092, 0.20000040531158447, 0.0, -49.245445251464844, 5.9172321488579875
3639, 318.01336669921875, -116.01883697509766, 0.20180830359458923, 0.15000039339065552, 0.0, -48.70586013793945, 5.904210785501516
3640, 318.0950012207031, -116.0980453491211, 0.20053507387638092, 0.10000038892030716, 0.0, -48.2142219543457, 5.88342417382217
3641, 318.1789855957031, -116.17816162109375, 0.20180830359458923, 0.0500003919005394, 0.0, -47.70758819580078, 5.848075720836089
3642, 318.2694396972656, -116.2630615234375, 0.20053507387638092, 3.915280046840053e-07, 0.0, -47.163578033447266, 5.823159080844197
3643, 318.359130859375, -116.3456802368164, 0.20180830359458923, 0.0, 0.0, -46.628597259521484, 5.7911352075556675
3644, 318.45343017578125, -116.43084716796875, 0.20053507387638092, 0.0, 0.0, -46.07068634033203, 5.758433544799256
3645, 318.5437927246094, -116.5109634399414, 0.20180830359458923, 0.0, 0.0, -45.53923034667969, 5.716600323479476
3646, 318.63299560546875, -116.58858489990234, 0.20053507387638092, 0.0, 0.0, -45.017879486083984, 5.682916504340603
3647, 318.7230224609375, -116.6655044555664, 0.20180830359458923, 0.0, 0.0, -44.495277404785156, 5.639661760997661
3648, 318.8087158203125, -116.73739624023438, 0.20053507387638092, 0.0, 0.0, -44.00096130371094, 5.606301089511601
3649, 318.89697265625, -116.81012725830078, 0.20180830359458923, 0.0, 0.0, -43.49551010131836, 5.563694779614578
3650, 318.9805908203125, -116.87772369384766, 0.20053507387638092, 0.0, 0.0, -43.018714904785156, 5.517387582462391
3651, 319.0720520019531, -116.95052337646484, 0.20180830359458923, 0.0, 0.0, -42.49565124511719, 5.482871551684534
3652, 319.16204833984375, -117.02082824707031, 0.19989845156669617, 0.0, 0.0, -41.98609924316406, 5.438609560097324
3653, 319.25836181640625, -117.09452056884766, 0.20117168128490448, 0.0, 0.0, -41.444522857666016, 5.400711554871678
3654, 319.34844970703125, -117.16220092773438, 0.19989845156669617, 0.0, 0.0, -40.941558837890625, 5.354148145712129
3655, 319.4410095214844, -117.2303695678711, 0.20117168128490448, 0.0, 0.0, -40.42763900756836, 5.318521442598811
3656, 319.5334777832031, -117.29719543457031, 0.19989845156669617, 0.0, 0.0, -39.91813278198242, 5.270539655180511
3657, 319.6213073730469, -117.35941314697266, 0.20117168128490448, 0.0, 0.0, -39.436683654785156, 5.238184226161176
3658, 319.7066955566406, -117.4188461303711, 0.19989845156669617, 0.0, 0.0, -38.97215270996094, 5.197128412273179
3659, 319.78857421875, -117.47474670410156, 0.20117168128490448, 0.0, 0.0, -38.52826690673828, 5.149224491418365
3660, 319.8792419433594, -117.53564453125, 0.19989845156669617, 0.0, 0.0, -38.03472900390625, 5.117563390116018
3661, 319.9698181152344, -117.59532928466797, 0.20117168128490448, 0.0, 0.0, -37.54569625854492, 5.071950414728316
3662, 320.05908203125, -117.6529541015625, 0.19989845156669617, 0.0, 0.0, -37.06666564941406, 5.041039753507881
3663, 320.14752197265625, -117.7090072631836, 0.20117168128490448, 0.0, 0.0, -36.59587478637695, 5.005366231205006
3664, 320.2366027832031, -117.76425170898438, 0.19989845156669617, 0.0, 0.0, -36.12655258178711, 4.974568193880115
3665, 320.3292236328125, -117.82048797607422, 0.20117168128490448, 0.0, 0.0, -35.64276123046875, 4.940109488191608
3666, 320.41375732421875, -117.87079620361328, 0.19989845156669617, 0.0, 0.0, -35.20453643798828, 4.907530205996308
3667, 320.49761962890625, -117.91971588134766, 0.20180830359458923, 0.0, 0.0, -34.772132873535156, 4.874383350132349
3668, 320.5855712890625, -117.9700927734375, 0.20053507387638092, 0.0, 0.0, -34.32096481323242, 4.8395124578721065
3669, 320.67364501953125, -118.01957702636719, 0.20180830359458923, 0.0, 0.0, -33.87107467651367, 4.804221886387971
3670, 320.7642822265625, -118.06948852539062, 0.20053507387638092, 0.0, 0.0, -33.41032409667969, 4.768040436389676
3671, 320.85406494140625, -118.1179428100586, 0.20180830359458923, 0.0, 0.0, -32.95573425292969, 4.7321243992976605
3672, 320.9425964355469, -118.16480255126953, 0.20053507387638092, 0.0, 0.0, -32.50944519042969, 4.696988726477908
3673, 321.0308837890625, -118.21062469482422, 0.20180830359458923, 0.0, 0.0, -32.06571578979492, 4.661889045990875
3674, 321.118896484375, -118.25540924072266, 0.20053507387638092, 0.0, 0.0, -31.625009536743164, 4.627153373676707
3675, 321.2040100097656, -118.2978515625, 0.20180830359458923, 0.0, 0.0, -31.200387954711914, 4.593568704460527
3676, 321.2828369140625, -118.33639526367188, 0.19989845156669617, 0.0, 0.0, -30.808881759643555, 4.562791460311954
3677, 321.3626708984375, -118.37474060058594, 0.20117168128490448, 0.0, 0.0, -30.413362503051758, 4.531553524290384
3678, 321.44842529296875, -118.41519927978516, 0.19989845156669617, 0.0, 0.0, -29.990262985229492, 4.498271887370703
3679, 321.5400390625, -118.45751953125, 0.20117168128490448, 0.0, 0.0, -29.539764404296875, 4.46269912483332
3680, 321.6250915527344, -118.49602508544922, 0.19989845156669617, 0.0, 0.0, -29.122955322265625, 4.429930317412193
3681, 321.71148681640625, -118.5343246459961, 0.20117168128490448, 0.0, 0.0, -28.700740814208984, 4.3966196729331575
3682, 321.7987365722656, -118.57221221923828, 0.19989845156669617, 0.0, 0.0, -28.27587127685547, 4.363247985716338
3683, 321.8863525390625, -118.60945892333984, 0.20117168128490448, 0.0, 0.0, -27.850088119506836, 4.3296906977510625
3684, 321.97174072265625, -118.6449966430664, 0.19989845156669617, 0.0, 0.0, -27.436479568481445, 4.29724436752898
3685, 322.05670166015625, -118.67960357666016, 0.20117168128490448, 0.0, 0.0, -27.025766372680664, 4.264945991576075
3686, 322.1398010253906, -118.71275329589844, 0.19989845156669617, 0.0, 0.0, -26.62543487548828, 4.233646798903144
3687, 322.2178955078125, -118.74327087402344, 0.20117168128490448, 0.0, 0.0, -26.249704360961914, 4.204185058367624
3688, 322.30023193359375, -118.77479553222656, 0.19989845156669617, 0.0, 0.0, -25.85474395751953, 4.1733949547988916
3689, 322.3793029785156, -118.8044204711914, 0.20117168128490448, 0.0, 0.0, -25.47614288330078, 4.14379980095483
3690, 322.4618225097656, -118.8346939086914, 0.19989845156669617, 0.0, 0.0, -25.08194351196289, 4.113150310034209
3691, 322.5451354980469, -118.86457824707031, 0.20117168128490448, 0.0, 0.0, -24.684579849243164, 4.082150955319098
3692, 322.62762451171875, -118.89348602294922, 0.19989845156669617, 0.0, 0.0, -24.292335510253906, 4.051707882951012
3693, 322.7099914550781, -118.92171478271484, 0.20117168128490448, 0.0, 0.0, -23.900949478149414, 4.0212247216747565
3694, 322.7890625, -118.94818878173828, 0.19989845156669617, 0.0, 0.0, -23.526132583618164, 3.992178586117081
3695, 322.86724853515625, -118.9737777709961, 0.20053507387638092, 0.0, 0.0, -23.156383514404297, 3.9634586162683956
3696, 322.94683837890625, -118.99922943115234, 0.20180830359458923, 0.05000000074505806, 0.0, -22.780073165893555, 3.93517826526386
3697, 323.02984619140625, -119.025146484375, 0.20053507387638092, 0.10000000149011612, 0.0, -22.388103485107422, 3.9096589263703407
3698, 323.1047058105469, -119.04794311523438, 0.20053507387638092, 0.10000000149011612, 0.0, -22.035354614257812, 3.890899963652349
3699, 323.1773376464844, -119.0695571899414, 0.20053507387638092, 0.20000001788139343, 0.0, -21.69407844543457, 3.8774987111145514
3700, 323.2561340332031, -119.09249114990234, 0.20180830359458923, 0.2500000298023224, 0.0, -21.324392318725586, 3.8686023822881515
3701, 323.3352966308594, -119.11495208740234, 0.20053507387638092, 0.30000004172325134, 0.0, -20.9544620513916, 3.865741644539183
3702, 323.4158630371094, -119.13722229003906, 0.20180830359458923, 0.3500000536441803, 0.0, -20.578941345214844, 3.8686934625010636
3703, 323.4955749511719, -119.15872955322266, 0.20053507387638092, 0.40000006556510925, 0.0, -20.20876121520996, 3.8775266434138436
3704, 323.5750732421875, -119.17961883544922, 0.20180830359458923, 0.4500000774860382, 0.0, -19.840728759765625, 3.891698913537561
3705, 323.65545654296875, -119.20021057128906, 0.20053507387638092, 0.5000000596046448, 0.0, -19.469789505004883, 3.9116454812679864
3706, 323.7370910644531, -119.22055053710938, 0.20180830359458923, 0.550000011920929, 0.0, -19.09436798095703, 3.9371306366351386
3707, 323.8228454589844, -119.24134826660156, 0.20053507387638092, 0.5999999642372131, 0.0, -18.701358795166016, 3.9697081971165633
3708, 323.9090270996094, -119.26162719726562, 0.20180830359458923, 0.6499999165534973, 0.0, -18.307687759399414, 4.0077012078080125
3709, 323.99212646484375, -119.28062438964844, 0.20053507387638092, 0.6999998688697815, 0.0, -17.929542541503906, 4.049350982392575
3710, 324.0732421875, -119.29865264892578, 0.20180830359458923, 0.7499998211860657, 0.0, -17.561351776123047, 4.094252046088185
3711, 324.1550598144531, -119.3163070678711, 0.20053507387638092, 0.7499998211860657, 0.0, -17.191387176513672, 4.14304411312872
3712, 324.23681640625, -119.33341217041016, 0.20180830359458923, 0.6999998688697815, 0.0, -16.822643280029297, 4.192223378639448
3713, 324.3241882324219, -119.35114288330078, 0.20053507387638092, 0.6499999165534973, 0.0, -16.429637908935547, 4.242729059005565
3714, 324.4125061035156, -119.36845397949219, 0.20180830359458923, 0.5999999642372131, 0.0, -16.033124923706055, 4.289649660484455
3715, 324.5046081542969, -119.38585662841797, 0.20053507387638092, 0.550000011920929, 0.0, -15.620621681213379, 4.333589593913521
3716, 324.59637451171875, -119.40253448486328, 0.20180830359458923, 0.5000000596046448, 0.0, -15.210161209106445, 4.371491826282753
3717, 324.6907653808594, -119.41902923583984, 0.20053507387638092, 0.4500000476837158, 0.0, -14.78849983215332, 4.404533146212833
3718, 324.78070068359375, -119.43409729003906, 0.20180830359458923, 0.40000003576278687, 0.0, -14.387042999267578, 4.429969988840669
3719, 324.8663330078125, -119.44783020019531, 0.20053507387638092, 0.3500000238418579, 0.0, -14.005085945129395, 4.449057277001993
3720, 324.9586181640625, -119.46200561523438, 0.20180830359458923, 0.2750000059604645, 0.0, -13.59355640411377, 4.462733656630689
3721, 325.04632568359375, -119.474853515625, 0.19989845156669617, 0.22499999403953552, 0.0, -13.202717781066895, 4.469392259532887
3722, 325.1392822265625, -119.48783111572266, 0.20117168128490448, 0.17499998211860657, 0.0, -12.788714408874512, 4.46932004188894
3723, 325.23431396484375, -119.50041961669922, 0.19989845156669617, 0.12499997764825821, 0.0, -12.365436553955078, 4.462651132178419
3724, 325.3308410644531, -119.51246643066406, 0.20117168128490448, 0.07499998062849045, 0.0, -11.935198783874512, 4.449097827232163
3725, 325.42352294921875, -119.52335357666016, 0.19989845156669617, 0.024999981746077538, 0.0, -11.52208137512207, 4.4301775818191595
3726, 325.51605224609375, -119.53353118896484, 0.20117168128490448, 0.0, 0.0, -11.108932495117188, 4.40546615381862
3727, 325.6094970703125, -119.54312133789062, 0.19989845156669617, 0.0, 0.0, -10.691543579101562, 4.377080582095608
3728, 325.7034606933594, -119.55204772949219, 0.20117168128490448, 0.0, 0.0, -10.271317481994629, 4.346363240979883
3729, 325.7863464355469, -119.55931091308594, 0.19989845156669617, 0.0, 0.0, -9.90028190612793, 4.318434069116156
3730, 325.86627197265625, -119.56578063964844, 0.20180830359458923, 0.0, 0.0, -9.54200553894043, 4.290833631573613
3731, 325.9580993652344, -119.57257843017578, 0.20053507387638092, 0.0, 0.0, -9.130230903625488, 4.259008635894799
3732, 326.0506896972656, -119.57875061035156, 0.20180830359458923, 0.0, 0.0, -8.714275360107422, 4.226613856888821
3733, 326.141357421875, -119.58412170410156, 0.20053507387638092, 0.0, 0.0, -8.306894302368164, 4.194980291637144
3734, 326.2281188964844, -119.58863067626953, 0.20180830359458923, 0.0, 0.0, -7.916694164276123, 4.164572192159645
3735, 326.3158264160156, -119.59257507324219, 0.20053507387638092, 0.0, 0.0, -7.5221943855285645, 4.133984257805652
3736, 326.4027404785156, -119.5958480834961, 0.20180830359458923, 0.0, 0.0, -7.130987167358398, 4.103551061289538
3737, 326.48974609375, -119.5985107421875, 0.20053507387638092, 0.0, 0.0, -6.739141464233398, 4.073223105499376
3738, 326.5712585449219, -119.6004638671875, 0.20180830359458923, 0.0, 0.0, -6.371952056884766, 4.044705517786821
3739, 326.6501770019531, -119.60179138183594, 0.20053507387638092, 0.0, 0.0, -6.016422748565674, 4.017221227806042
3740, 326.7344970703125, -119.6026840209961, 0.20180830359458923, 0.0, 0.0, -5.636142253875732, 3.9877280940139426
3741, 326.8215637207031, -119.60299682617188, 0.20053507387638092, 0.0, 0.0, -5.243411064147949, 3.957422704823389
3742, 326.9060363769531, -119.60269927978516, 0.20180830359458923, 0.0, 0.0, -4.862154006958008, 3.9278964225486743
3743, 326.9861755371094, -119.60189819335938, 0.20053507387638092, 0.0, 0.0, -4.500367164611816, 3.9000166907557725
3744, 327.0697021484375, -119.60050201416016, 0.20117168128490448, 0.0, 0.0, -4.1229567527771, 3.87086057497269
3745, 327.1529235839844, -119.59856414794922, 0.19989845156669617, 0.0, 0.0, -3.747255325317383, 3.8419344875371033
3746, 327.23681640625, -119.59602355957031, 0.20117168128490448, 0.0, 0.0, -3.3680732250213623, 3.812598819998015
3747, 327.31512451171875, -119.5931625366211, 0.19989845156669617, 0.0, 0.0, -3.0142829418182373, 3.785355219384699
3748, 327.39569091796875, -119.58966827392578, 0.20117168128490448, 0.0, 0.0, -2.650055408477783, 3.7572166413285677
3749, 327.4693298339844, -119.58598327636719, 0.19989845156669617, 0.0, 0.0, -2.317047357559204, 3.7316247403166884
3750, 327.5443420410156, -119.58180236816406, 0.20117168128490448, 0.0, 0.0, -1.9774476289749146, 3.7054539199342234
3751, 327.6186218261719, -119.57721710205078, 0.19989845156669617, 0.0, 0.0, -1.6410523653030396, 3.6796899669615724
3752, 327.69781494140625, -119.57181549072266, 0.20117168128490448, 0.0, 0.0, -1.2819823026657104, 3.652093873190275
3753, 327.77349853515625, -119.56617736816406, 0.19989845156669617, 0.0, 0.0, -0.9386594891548157, 3.625847806404321
3754, 327.8515930175781, -119.55988311767578, 0.20117168128490448, 0.0, 0.0, -0.5839537382125854, 3.5986289043479505
3755, 327.9274597167969, -119.55327606201172, 0.19989845156669617, 0.0, 0.0, -0.2392272800207138, 3.5723130445977036
3756, 328.0012512207031, -119.54638671875, 0.20117168128490448, 0.05000000074505806, 0.0, 0.09662513434886932, 3.5461842011915525
3757, 328.074951171875, -119.5390625, 0.19989845156669617, 0.10000000149011612, 0.0, 0.43228885531425476, 3.524392007137912
3758, 328.14398193359375, -119.53179168701172, 0.19862520694732666, 0.15000000596046448, 0.0, 0.7456874251365662, 3.508682573382091
3759, 328.21136474609375, -119.52435302734375, 0.19735197722911835, 0.20000001788139343, 0.0, 1.0506950616836548, 3.498312803400838
3760, 328.28546142578125, -119.515869140625, 0.1909857839345932, 0.2500000298023224, 0.0, 1.382336139678955, 3.493186872387805
3761, 328.3587341308594, -119.5072250366211, 0.18461959064006805, 0.2500000298023224, 0.0, 1.704355239868164, 3.492728099039651
3762, 328.4273681640625, -119.4989013671875, 0.1782533973455429, 0.20000001788139343, 0.0, 1.998758316040039, 3.4930214665069834
3763, 328.5000305175781, -119.48992919921875, 0.17188720405101776, 0.15000000596046448, 0.0, 2.302661895751953, 3.4906730980944785
3764, 328.56573486328125, -119.4816665649414, 0.16552101075649261, 0.10000000149011612, 0.0, 2.569530725479126, 3.484993291058124
3765, 328.6307067871094, -119.47335052490234, 0.16233791410923004, 0.07500000298023224, 0.0, 2.826834201812744, 3.4756113003229583
3766, 328.7007751464844, -119.46421813964844, 0.1559717208147049, 0.02500000409781933, 0.0, 3.0975797176361084, 3.4613564657694647
3767, 328.7704162597656, -119.45502471923828, 0.14960552752017975, -0.02499999664723873, 0.0, 3.358161449432373, 3.443748086986114
3768, 328.83935546875, -119.44580078125, 0.1432393491268158, 0.0, 0.0, 3.607560157775879, 3.4256781545709742
3769, 328.9043273925781, -119.43701934814453, 0.13687315583229065, 0.0, 0.0, 3.833712339401245, 3.4064218827615544
3770, 328.96771240234375, -119.42838287353516, 0.1305069625377655, 0.0, 0.0, 4.046294212341309, 3.386441506452001
3771, 329.0368957519531, -119.41895294189453, 0.12095767259597778, 0.0, 0.0, 4.2680206298828125, 3.36400681932301
3772, 329.1058044433594, -119.40953826904297, 0.11459147930145264, 0.0, 0.0, 4.477966785430908, 3.3411251026045035
3773, 329.171630859375, -119.40048217773438, 0.11140838265419006, 0.0, 0.0, 4.669510841369629, 3.3189059867010133
3774, 329.2349548339844, -119.3917236328125, 0.10504218935966492, 0.0, 0.0, 4.844991207122803, 3.297441049661291
3775, 329.29559326171875, -119.38333892822266, 0.09867600351572037, 0.0, 0.0, 5.004976749420166, 3.276850883626373
3776, 329.36065673828125, -119.37434387207031, 0.09230981022119522, 0.0, 0.0, 5.168316841125488, 3.2546915840153448
3777, 329.4270935058594, -119.36516571044922, 0.08594361692667007, 0.0, 0.0, 5.325385570526123, 3.2319977431666183
3778, 329.4885559082031, -119.35669708251953, 0.07957742363214493, 0.0, 0.0, 5.461121559143066, 3.210977677696445
3779, 329.546875, -119.34870147705078, 0.07321123778820038, 0.0, 0.0, 5.5819172859191895, 3.190993294822273
3780, 329.6102600097656, -119.34003448486328, 0.0700281411409378, 0.0, 0.0, 5.70558500289917, 3.16919471616847
3781, 329.6740417480469, -119.33134460449219, 0.06366194039583206, 0.0, 0.0, 5.821569919586182, 3.1472516781502646
3782, 329.7342529296875, -119.3232192993164, 0.05729574337601662, 0.0, 0.0, 5.922214031219482, 3.1265234456212077
3783, 329.7950439453125, -119.31509399414062, 0.05092954635620117, 0.0, 0.0, 6.015200614929199, 3.1055779294592254
3784, 329.85589599609375, -119.30703735351562, 0.04456334561109543, 0.0, 0.0, 6.0995097160339355, 3.0845543985257273
3785, 329.9172058105469, -119.29904174804688, 0.038197144865989685, 0.02500000037252903, 0.0, 6.176023960113525, 3.060311914716424
3786, 329.97894287109375, -119.29109954833984, 0.03183094784617424, 0.07500000298023224, 0.0, 6.243692398071289, 3.0401672979419363
3787, 330.0377197265625, -119.28367614746094, 0.025464747101068497, 0.125, 0.0, 6.298694133758545, 3.0256283196645555
3788, 330.09405517578125, -119.27664947509766, 0.022281648591160774, 0.15000000596046448, 0.0, 6.344192028045654, 3.015859225242143
3789, 330.15673828125, -119.26895141601562, 0.01591544970870018, 0.20000001788139343, 0.0, 6.386777400970459, 3.009491397297566
3790, 330.2166748046875, -119.26172637939453, 0.009549252688884735, 0.2500000298023224, 0.0, 6.4189887046813965, 3.008196768602315
3791, 330.27679443359375, -119.254638671875, 0.0031830547377467155, 0.30000004172325134, 0.0, 6.442614555358887, 3.0118593359452888
3792, 330.332763671875, -119.24819946289062, -0.0019098592456430197, 0.3500000536441803, 0.0, 6.456543445587158, 3.0198453337292155
3793, 330.38897705078125, -119.24185180664062, -0.0038197184912860394, 0.3750000596046448, 0.0, 6.46444034576416, 3.0319386205711503
3794, 330.4500427246094, -119.23505401611328, -0.007639436982572079, 0.42500007152557373, 0.0, 6.467179298400879, 3.049105254974911
3795, 330.5121765136719, -119.22827911376953, -0.01145915500819683, 0.4750000834465027, 0.0, 6.463751316070557, 3.0711224777550874
3796, 330.572265625, -119.22183990478516, -0.015278873965144157, 0.5250000357627869, 0.0, 6.454381465911865, 3.096816533834119
3797, 330.63226318359375, -119.21553802490234, -0.019098592922091484, 0.574999988079071, 0.0, 6.439614295959473, 3.126925035525908
3798, 330.6961364746094, -119.2089614868164, -0.02291831001639366, 0.6499999165534973, 0.0, 6.4185333251953125, 3.163904676882748
3799, 330.76104736328125, -119.20246124267578, -0.02864788845181465, 0.6999998688697815, 0.0, 6.390615463256836, 3.206944360992579
3800, 330.8258056640625, -119.19613647460938, -0.03246760740876198, 0.6999998688697815, 0.0, 6.3564252853393555, 3.253607917670729
3801, 330.88818359375, -119.19022369384766, -0.03437746688723564, 0.6749998927116394, 0.0, 6.31817626953125, 3.299336236239246
3802, 330.95147705078125, -119.18436431884766, -0.03819718211889267, 0.6249999403953552, 0.0, 6.274491786956787, 3.344214922865239
3803, 331.01922607421875, -119.1782455444336, -0.0420168936252594, 0.574999988079071, 0.0, 6.222543716430664, 3.388600885061137
3804, 331.08880615234375, -119.17215728759766, -0.04583660885691643, 0.5250000357627869, 0.0, 6.163335800170898, 3.4292835334998344
3805, 331.1612854003906, -119.16602325439453, -0.049656324088573456, 0.4750000536441803, 0.0, 6.095358848571777, 3.466021244170799
3806, 331.2253112792969, -119.16080474853516, -0.053476039320230484, 0.42500004172325134, 0.0, 6.029705047607422, 3.493654805319835
3807, 331.2935485839844, -119.15542602539062, -0.05538589879870415, 0.40000003576278687, 0.0, 5.954653263092041, 3.5184997600735612
3808, 331.36907958984375, -119.14971160888672, -0.06111546978354454, 0.32500001788139343, 0.0, 5.865240097045898, 3.539904481843533
3809, 331.44012451171875, -119.14456939697266, -0.0630253255367279, 0.30000001192092896, 0.0, 5.775296211242676, 3.5545453197878425
3810, 331.51214599609375, -119.13957977294922, -0.06684504449367523, 0.25, 0.0, 5.678462982177734, 3.5644543103827897
3811, 331.5805358886719, -119.13508605957031, -0.07066475600004196, 0.19999998807907104, 0.0, 5.5806097984313965, 3.56905412901068
3812, 331.6461181640625, -119.1310043334961, -0.07448447495698929, 0.1499999761581421, 0.0, 5.481507778167725, 3.568687750761721
3813, 331.7197265625, -119.12667846679688, -0.07830418646335602, 0.09999997913837433, 0.0, 5.36433744430542, 3.562493839034142
3814, 331.7926940917969, -119.12267303466797, -0.08212390542030334, 0.09999997913837433, 0.0, 5.241578102111816, 3.5520441566651093
3815, 331.8605651855469, -119.11922454833984, -0.08594361692667007, 0.1499999761581421, 0.0, 5.121026992797852, 3.5415768585455925
3816, 331.92767333984375, -119.11607360839844, -0.08785347640514374, 0.17499998211860657, 0.0, 4.996915340423584, 3.532865255451153
3817, 331.99908447265625, -119.11296844482422, -0.09167318791151047, 0.22499999403953552, 0.0, 4.859692096710205, 3.5264250487779396
3818, 332.07220458984375, -119.11009216308594, -0.0954929068684578, 0.2750000059604645, 0.0, 4.713402271270752, 3.524163371921515
3819, 332.1394348144531, -119.10774993896484, -0.09931261837482452, 0.32500001788139343, 0.0, 4.573277473449707, 3.5265250323770636
3820, 332.21490478515625, -119.10545349121094, -0.10313233733177185, 0.32500001788139343, 0.0, 4.410085678100586, 3.533324923673463
3821, 332.2811279296875, -119.10374450683594, -0.10313233733177185, 0.32500001788139343, 0.0, 4.2614359855651855, 3.5398556881206567
3822, 332.34808349609375, -119.10231018066406, -0.11077176779508591, 0.22499999403953552, 0.0, 4.105822563171387, 3.544242400676434
3823, 332.4173278808594, -119.10115051269531, -0.11459147930145264, 0.17499998211860657, 0.0, 3.939133405685425, 3.5449671670880596
3824, 332.4914245605469, -119.1002426147461, -0.11459147930145264, 0.17499998211860657, 0.0, 3.7544748783111572, 3.5405692983996215
3825, 332.5642395019531, -119.09971618652344, -0.1222309097647667, 0.07499998062849045, 0.0, 3.5666496753692627, 3.530955154198827
3826, 332.6393737792969, -119.09957885742188, -0.12605062127113342, 0.024999981746077538, 0.0, 3.3657634258270264, 3.515373001659414
3827, 332.70758056640625, -119.09982299804688, -0.12987034022808075, 0.0, 0.0, 3.1769609451293945, 3.4981618689415086
3828, 332.7732238769531, -119.1003646850586, -0.13178019225597382, 0.0, 0.0, 2.9901442527770996, 3.4786753632191054
3829, 332.83795166015625, -119.1012191772461, -0.13559991121292114, 0.0, 0.0, 2.80117130279541, 3.4578345947563025
3830, 332.908203125, -119.10250091552734, -0.14132948219776154, 0.0, 0.0, 2.5900015830993652, 3.4340755196329353
3831, 332.9793701171875, -119.10415649414062, -0.14005625247955322, 0.0, 0.0, 2.370703935623169, 3.4097972217883012
3832, 333.05096435546875, -119.10614013671875, -0.13878300786018372, 0.0, 0.0, 2.1472408771514893, 3.3852864070174906
3833, 333.1151428222656, -119.10812377929688, -0.1349632889032364, 0.0, 0.0, 1.9465237855911255, 3.3633956516443644
3834, 333.1775207519531, -119.11019897460938, -0.13178019225597382, 0.0, 0.0, 1.7525464296340942, 3.342127804903095
3835, 333.24462890625, -119.112548828125, -0.12541399896144867, 0.0, 0.0, 1.547418475151062, 3.3194308607080107
3836, 333.3128356933594, -119.11499786376953, -0.11904781311750412, 0.0, 0.0, 1.3445589542388916, 3.296413464099784
3837, 333.3805847167969, -119.11747741699219, -0.11268161982297897, 0.0, 0.0, 1.1500930786132812, 3.2735631257097304
3838, 333.44158935546875, -119.11972045898438, -0.10631543397903442, 0.0, 0.0, 0.9822429418563843, 3.252980270986179
3839, 333.5027770996094, -119.12198638916016, -0.09994924068450928, 0.0, 0.0, 0.821299135684967, 3.2323291671972534
3840, 333.57080078125, -119.12448120117188, -0.09358304738998413, 0.0, 0.0, 0.651021420955658, 3.2093393258452587
3841, 333.6344909667969, -119.12677764892578, -0.08721685409545898, 0.0, 0.0, 0.5010032057762146, 3.1877566359468705
3842, 333.6946716308594, -119.12892150878906, -0.08085066080093384, 0.0, 0.0, 0.3674483895301819, 3.16734571857851
3843, 333.7553405761719, -119.1310806274414, -0.07766757160425186, 0.0, 0.0, 0.24015621840953827, 3.146681285189055
3844, 333.82098388671875, -119.13339233398438, -0.07130137830972672, 0.0, 0.0, 0.11039657890796661, 3.124340334399408
3845, 333.883544921875, -119.13555145263672, -0.06493518501520157, 0.0, 0.0, -0.004943847190588713, 3.1030132187686403
3846, 333.9461364746094, -119.13763427734375, -0.058568984270095825, 0.0, 0.0, -0.111572265625, 3.081660170469295
3847, 334.0039367675781, -119.13948822021484, -0.05220278725028038, 0.0, 0.0, -0.20166015625, 3.0618799396600553
3848, 334.06158447265625, -119.1412582397461, -0.04583658650517464, 0.0, 0.0, -0.2833556830883026, 3.0421303092733916
3849, 334.12396240234375, -119.14305114746094, -0.03947038948535919, 0.0, 0.0, -0.3630981147289276, 3.0207259659189405
3850, 334.18463134765625, -119.14470672607422, -0.035650670528411865, 0.05000000074505806, 0.0, -0.4323730170726776, 2.9971331100457244
3851, 334.2394714355469, -119.14617919921875, -0.03501405194401741, 0.07500000298023224, 0.0, -0.4892882704734802, 2.9800320968660525
3852, 334.295654296875, -119.14768981933594, -0.0337408110499382, 0.125, 0.0, -0.5433654189109802, 2.9666280873376323
3853, 334.356201171875, -119.14933013916016, -0.03246757388114929, 0.17500001192092896, 0.0, -0.597991943359375, 2.9573777134771286
3854, 334.4149475097656, -119.15093231201172, -0.031194334849715233, 0.2250000238418579, 0.0, -0.6476441025733948, 2.9535880229847353
3855, 334.4703063964844, -119.1524658203125, -0.029921097680926323, 0.27500003576278687, 0.0, -0.6919860243797302, 2.9549174853362925
3856, 334.5287170410156, -119.15409851074219, -0.028647858649492264, 0.3250000476837158, 0.0, -0.7362974882125854, 2.9614132405770284
3857, 334.5899963378906, -119.15579986572266, -0.027374619618058205, 0.3750000596046448, 0.0, -0.78057861328125, 2.9736002418509258
3858, 334.6511535644531, -119.15752410888672, -0.02673800103366375, 0.40000006556510925, 0.0, -0.8227843642234802, 2.9902520395955365
3859, 334.7116394042969, -119.15924835205078, -0.02546476200222969, 0.4500000774860382, 0.0, -0.86260986328125, 3.0104865879504357
3860, 334.7755432128906, -119.16107940673828, -0.02419152483344078, 0.5000000596046448, 0.0, -0.9026792645454407, 3.0364812645387387
3861, 334.83514404296875, -119.16278076171875, -0.022281667217612267, 0.574999988079071, 0.0, -0.9378968477249146, 3.0653281249043625
3862, 334.8969421386719, -119.1645278930664, -0.021008428186178207, 0.6249999403953552, 0.0, -0.9724122881889343, 3.100768570985608
3863, 334.9623107910156, -119.16636657714844, -0.019735191017389297, 0.6749998927116394, 0.0, -1.006622314453125, 3.1433732372706054
3864, 335.0281677246094, -119.16822814941406, -0.01846195198595524, 0.7249998450279236, 0.0, -1.038909673690796, 3.191055566824212
3865, 335.0972900390625, -119.17015075683594, -0.01718871295452118, 0.7749997973442078, 0.0, -1.07049560546875, 3.245695234654802
3866, 335.16888427734375, -119.1721420288086, -0.01591547392308712, 0.8249997496604919, 0.0, -1.1008912324905396, 3.306688811120657
3867, 335.2394104003906, -119.1740951538086, -0.014642233960330486, 0.8749997019767761, 0.0, -1.128570556640625, 3.3707043287364638
3868, 335.31341552734375, -119.17620849609375, -0.01846195198595524, 0.9249996542930603, 0.0, -1.157501220703125, 3.4417366892409076
3869, 335.38397216796875, -119.17832946777344, -0.022281670942902565, 0.9749996066093445, 0.0, -1.186920166015625, 3.5127369613813064
3870, 335.45440673828125, -119.18061065673828, -0.02610138989984989, 1.0249996185302734, 0.0, -1.219635009765625, 3.58593283013668
3871, 335.53143310546875, -119.18325805664062, -0.02992110885679722, 1.0, 0.0, -1.2596436738967896, 3.6677105637425496
3872, 335.6111145019531, -119.18621063232422, -0.033740825951099396, 0.9500000476837158, 0.0, -1.30633544921875, 3.7511499521934257
3873, 335.6915588378906, -119.18941497802734, -0.037560541182756424, 0.9000000953674316, 0.0, -1.3591917753219604, 3.8318607148390273
3874, 335.7757263183594, -119.19298553466797, -0.04138025641441345, 0.8500001430511475, 0.0, -1.42095947265625, 3.9112480405025907
3875, 335.85675048828125, -119.19667053222656, -0.04519997164607048, 0.8000001907348633, 0.0, -1.4865413904190063, 3.9821356629171656
3876, 335.9423828125, -119.20079803466797, -0.04901968687772751, 0.7500002384185791, 0.0, -1.5625914335250854, 4.050876697325595
3877, 336.0209045410156, -119.20481872558594, -0.05283940210938454, 0.7000002861022949, 0.0, -1.638732671737671, 4.10827306882287
3878, 336.102294921875, -119.20923614501953, -0.0547492578625679, 0.6750003099441528, 0.0, -1.723388910293579, 4.162639989046655
3879, 336.1935119628906, -119.21443176269531, -0.05856897309422493, 0.6250003576278687, 0.0, -1.824585199356079, 4.217509913920761
3880, 336.2823486328125, -119.21977233886719, -0.06238868832588196, 0.5750004053115845, 0.0, -1.9300237894058228, 4.264811195983164
3881, 336.37396240234375, -119.2256088256836, -0.06620840728282928, 0.5000004768371582, 0.0, -2.046173334121704, 4.306731990192325
3882, 336.46435546875, -119.23169708251953, -0.07002812623977661, 0.4750004708766937, 0.0, -2.16802978515625, 4.34141892243193
3883, 336.5587158203125, -119.23845672607422, -0.07002812623977661, 0.4750004708766937, 0.0, -2.303924798965454, 4.370746924586569
3884, 336.6500244140625, -119.24537658691406, -0.07957740873098373, 0.35000044107437134, 0.0, -2.4440925121307373, 4.392177582831535
3885, 336.73760986328125, -119.25241088867188, -0.08339712768793106, 0.3000004291534424, 0.0, -2.586822986602783, 4.4066690764144845
3886, 336.8221130371094, -119.25953674316406, -0.08721683919429779, 0.2500004172325134, 0.0, -2.731781005859375, 4.414948005193851
3887, 336.9160461425781, -119.26786804199219, -0.09103655815124512, 0.20000040531158447, 0.0, -2.900909900665283, 4.41752910158894
3888, 337.0089416503906, -119.27655029296875, -0.09485626965761185, 0.15000039339065552, 0.0, -3.076813220977783, 4.413605240602641
3889, 337.1036376953125, -119.2858657836914, -0.09867598861455917, 0.10000038892030716, 0.0, -3.2649545669555664, 4.4031965464534215
3890, 337.194091796875, -119.29520416259766, -0.1024957001209259, 0.0500003919005394, 0.0, -3.452972888946533, 4.387336180057139
3891, 337.28411865234375, -119.30496978759766, -0.10631541907787323, 3.915280046840053e-07, 0.0, -3.6482245922088623, 4.365782703805828
3892, 337.3765869140625, -119.31548309326172, -0.11013513058423996, 0.0, 0.0, -3.8574538230895996, 4.3384463529088535
3893, 337.45855712890625, -119.32524108886719, -0.11395484209060669, 0.0, 0.0, -4.050508499145508, 4.312000866922749
3894, 337.5430908203125, -119.33576965332031, -0.11777456104755402, 0.0, 0.0, -4.257172584533691, 4.283377575347617
3895, 337.6311340332031, -119.34720611572266, -0.12159427255392075, 0.0, 0.0, -4.480103492736816, 4.252713179800537
3896, 337.7204895019531, -119.35932159423828, -0.12541398406028748, 0.0, 0.0, -4.714723587036133, 4.221099246441886
3897, 337.81201171875, -119.372314453125, -0.1292337030172348, 0.0, 0.0, -4.963900089263916, 4.188396899783815
3898, 337.9039306640625, -119.38594818115234, -0.13305342197418213, 0.0, 0.0, -5.222843170166016, 4.155396582262467
3899, 337.9906311035156, -119.39935302734375, -0.13687314093112946, 0.0, 0.0, -5.475009441375732, 4.1242177805624225
3900, 338.0762939453125, -119.41315460205078, -0.1406928449869156, 0.02500000037252903, 0.0, -5.732272624969482, 4.094354751155806
3901, 338.1650695800781, -119.42804718017578, -0.14451256394386292, 0.07500000298023224, 0.0, -6.006900310516357, 4.065605267366293
3902, 338.241943359375, -119.44145965576172, -0.14833228290081024, 0.125, 0.0, -6.25171422958374, 4.044020746057699
3903, 338.31695556640625, -119.45499420166016, -0.14960551261901855, 0.17500001192092896, 0.0, -6.49579381942749, 4.0271952864060605
3904, 338.3997497558594, -119.4703598022461, -0.14833228290081024, 0.2250000238418579, 0.0, -6.769018173217773, 4.01430209619405
3905, 338.48486328125, -119.4865951538086, -0.14705903828144073, 0.27500003576278687, 0.0, -7.052129745483398, 4.007235690546968
3906, 338.56829833984375, -119.5029067993164, -0.14578580856323242, 0.3250000476837158, 0.0, -7.33029842376709, 4.0063533195837255
3907, 338.6525573730469, -119.519775390625, -0.14451256394386292, 0.3750000596046448, 0.0, -7.61099910736084, 4.0114395053736525
3908, 338.736328125, -119.53691101074219, -0.1432393342256546, 0.42500007152557373, 0.0, -7.8887410163879395, 4.0222681711589425
3909, 338.8194885253906, -119.55430603027344, -0.1419660896062851, 0.4750000834465027, 0.0, -8.163156509399414, 4.0385858187900885
3910, 338.8967590332031, -119.57080841064453, -0.1406928449869156, 0.5250000357627869, 0.0, -8.416208267211914, 4.058603104561193
3911, 338.9750061035156, -119.58782196044922, -0.13941961526870728, 0.574999988079071, 0.0, -8.670482635498047, 4.0837795491301225
3912, 339.05755615234375, -119.6060791015625, -0.13814637064933777, 0.6249999403953552, 0.0, -8.936624526977539, 4.115571583793928
3913, 339.1429748535156, -119.62532043457031, -0.13687314093112946, 0.6749998927116394, 0.0, -9.209514617919922, 4.153692874917612
3914, 339.22662353515625, -119.64450073242188, -0.13559989631175995, 0.7249998450279236, 0.0, -9.47400951385498, 4.195903728818154
3915, 339.3147277832031, -119.66509246826172, -0.13432665169239044, 0.7749997973442078, 0.0, -9.749889373779297, 4.245397268317343
3916, 339.40380859375, -119.68626403808594, -0.13432665169239044, 0.7749997973442078, 0.0, -10.025771141052246, 4.300680525222234
3917, 339.48583984375, -119.70612335205078, -0.13241679966449738, 0.849999725818634, 0.0, -10.276992797851562, 4.355953475137806
3918, 339.5661315917969, -119.72583770751953, -0.1305069476366043, 0.9249996542930603, 0.0, -10.520492553710938, 4.413688868282087
3919, 339.65667724609375, -119.74842834472656, -0.1292337030172348, 0.9749996066093445, 0.0, -10.792527198791504, 4.483129734206035
3920, 339.7497863769531, -119.77208709716797, -0.1305069476366043, 1.0249996185302734, 0.0, -11.070449829101562, 4.558208912192456
3921, 339.84210205078125, -119.79603576660156, -0.13432665169239044, 0.9749996662139893, 0.0, -11.346177101135254, 4.634221824158436
3922, 339.9344482421875, -119.82051849365234, -0.13814637064933777, 0.9249997138977051, 0.0, -11.624255180358887, 4.70942782874146
3923, 340.02569580078125, -119.84529876708984, -0.1419660896062851, 0.8749997615814209, 0.0, -11.902880668640137, 4.780991176347941
3924, 340.1145935058594, -119.87002563476562, -0.14578580856323242, 0.8249998092651367, 0.0, -12.17918872833252, 4.847229002009245
3925, 340.21734619140625, -119.89925384521484, -0.14960551261901855, 0.7749998569488525, 0.0, -12.504474639892578, 4.918473349152789
3926, 340.3148498535156, -119.92771911621094, -0.15342523157596588, 0.7249999046325684, 0.0, -12.820240020751953, 4.98055841390658
3927, 340.41326904296875, -119.95718383789062, -0.1572449505329132, 0.6749999523162842, 0.0, -13.146227836608887, 5.037460523221916
3928, 340.5166015625, -119.98892974853516, -0.16106466948986053, 0.625, 0.0, -13.49712085723877, 5.091455971578991
3929, 340.6199951171875, -120.02156829833984, -0.16488437354564667, 0.5750000476837158, 0.0, -13.857379913330078, 5.138803531861493
3930, 340.7151184082031, -120.0523681640625, -0.16679424047470093, 0.5500000715255737, 0.0, -14.196523666381836, 5.177290822753108
3931, 340.81268310546875, -120.08475494384766, -0.17061394453048706, 0.5000001192092896, 0.0, -14.552202224731445, 5.211684198511222
3932, 340.91259765625, -120.11865234375, -0.1744336634874344, 0.4500001072883606, 0.0, -14.924304008483887, 5.239963786950093
3933, 341.0190124511719, -120.15573120117188, -0.1782533824443817, 0.40000009536743164, 0.0, -15.329943656921387, 5.264199487802474
3934, 341.11981201171875, -120.19175720214844, -0.18207310140132904, 0.3500000834465027, 0.0, -15.724385261535645, 5.2761799208738145
3935, 341.2131042480469, -120.22596740722656, -0.18589280545711517, 0.30000007152557373, 0.0, -16.100051879882812, 5.276147773749894
3936, 341.30596923828125, -120.26078033447266, -0.19162239134311676, 0.2250000536441803, 0.0, -16.485187530517578, 5.255725223849704
3937, 341.41265869140625, -120.30187225341797, -0.1954420953989029, 0.17500004172325134, 0.0, -16.936227798461914, 5.250185508136683
3938, 341.51141357421875, -120.34091186523438, -0.19926181435585022, 0.1250000298023224, 0.0, -17.365339279174805, 5.247193864904622
3939, 341.6069030761719, -120.37971496582031, -0.2011716663837433, 0.10000003129243851, 0.0, -17.79221534729004, 5.229740857030148
3940, 341.70758056640625, -120.42153930664062, -0.19989843666553497, 0.050000034272670746, 0.0, -18.24827003479004, 5.20786584758122
3941, 341.807373046875, -120.4640121459961, -0.2011716663837433, 3.390014313708889e-08, 0.0, -18.71051597595215, 5.189392711012604
3942, 341.8996887207031, -120.5041732788086, -0.19989843666553497, 0.0, 0.0, -19.146671295166016, 5.157009870673797
3943, 341.9919128417969, -120.54507446289062, -0.2011716663837433, 0.0, 0.0, -19.586118698120117, 5.100330793326338
3944, 342.0845642089844, -120.58692932128906, -0.19989843666553497, 0.0, 0.0, -20.03121566772461, 5.074133529816167
3945, 342.17816162109375, -120.63011169433594, -0.2011716663837433, 0.0, 0.0, -20.492271423339844, 5.047440959947039
3946, 342.26275634765625, -120.67011260986328, -0.20053505897521973, 0.0, 0.0, -20.900413513183594, 5.02328142975368
3947, 342.35028076171875, -120.71226501464844, -0.20180828869342804, 0.0, 0.0, -21.333728790283203, 5.000853702183695
3948, 342.4420166015625, -120.75740051269531, -0.20053505897521973, 0.0, 0.0, -21.789207458496094, 4.972600491094849
3949, 342.5358581542969, -120.80453491210938, -0.20180828869342804, 0.02500000037252903, 0.0, -22.25623893737793, 4.941467432916253
3950, 342.6337890625, -120.8548812866211, -0.20053505897521973, 0.07500000298023224, 0.0, -22.745864868164062, 4.909093581065469
3951, 342.7246398925781, -120.902587890625, -0.20180828869342804, 0.125, 0.0, -23.201942443847656, 4.881234234641977
3952, 342.8119812011719, -120.9493637084961, -0.20053505897521973, 0.17500001192092896, 0.0, -23.641826629638672, 4.858213652139303
3953, 342.894287109375, -120.99432373046875, -0.20180828869342804, 0.2250000238418579, 0.0, -24.058027267456055, 4.84054754187368
3954, 342.9789733886719, -121.04137420654297, -0.19989843666553497, 0.30000004172325134, 0.0, -24.487037658691406, 4.827883837041105
3955, 343.06396484375, -121.08944702148438, -0.2011716663837433, 0.3500000536441803, 0.0, -24.918678283691406, 4.821404040602774
3956, 343.14971923828125, -121.13885498046875, -0.2011716663837433, 0.3500000536441803, 0.0, -25.35502052307129, 4.821446935079465
3957, 343.23529052734375, -121.18904876708984, -0.20180828869342804, 0.42500007152557373, 0.0, -25.79181671142578, 4.826992174662951
3958, 343.3231506347656, -121.24153900146484, -0.19989843666553497, 0.5000000596046448, 0.0, -26.241317749023438, 4.838479673686232
3959, 343.4061584472656, -121.2919692993164, -0.20180828869342804, 0.5250000357627869, 0.0, -26.667158126831055, 4.854669784652149
3960, 343.4837951660156, -121.33992767333984, -0.20053505897521973, 0.574999988079071, 0.0, -27.06629753112793, 4.8743378013957175
3961, 343.5695495605469, -121.393798828125, -0.20180828869342804, 0.6249999403953552, 0.0, -27.509017944335938, 4.9011835742600605
3962, 343.65850830078125, -121.45055389404297, -0.20053505897521973, 0.574999988079071, 0.0, -27.969139099121094, 4.932712971200459
3963, 343.7420959472656, -121.50479125976562, -0.20180828869342804, 0.5250000357627869, 0.0, -28.40309715270996, 4.962036072791347
3964, 343.8273010253906, -121.56104278564453, -0.20053505897521973, 0.4750000536441803, 0.0, -28.847347259521484, 4.9898235078516855
3965, 343.9080505371094, -121.61524200439453, -0.20180828869342804, 0.42500004172325134, 0.0, -29.27019691467285, 5.012657438114973
3966, 343.99176025390625, -121.6722640991211, -0.20053505897521973, 0.3750000298023224, 0.0, -29.710481643676758, 5.031994843001519
3967, 344.0782775878906, -121.73221588134766, -0.20180828869342804, 0.32500001788139343, 0.0, -30.168243408203125, 5.046694193295814
3968, 344.1682434082031, -121.79561614990234, -0.20053505897521973, 0.2750000059604645, 0.0, -30.647104263305664, 5.056416638476064
3969, 344.2535095214844, -121.85672760009766, -0.20180828869342804, 0.22499999403953552, 0.0, -31.10404396057129, 5.0592651727448175
3970, 344.33917236328125, -121.91915893554688, -0.20053505897521973, 0.17499998211860657, 0.0, -31.566179275512695, 5.056195738756045
3971, 344.42425537109375, -121.98218536376953, -0.20180828869342804, 0.12499997764825821, 0.0, -32.02870559692383, 5.04680283216294
3972, 344.5015563964844, -122.04049682617188, -0.20053505897521973, 0.07499998062849045, 0.0, -32.4534797668457, 5.0335140479071665
3973, 344.5812072753906, -122.10140991210938, -0.20180828869342804, 0.024999981746077538, 0.0, -32.89332962036133, 5.0127145705615535
3974, 344.6580505371094, -122.16118621826172, -0.2011716663837433, -1.8253922817734747e-08, 0.0, -33.3215217590332, 4.988115909456398
3975, 344.7402648925781, -122.22618103027344, -0.19989843666553497, 0.0, 0.0, -33.78315353393555, 4.957274949540598
3976, 344.82086181640625, -122.29087829589844, -0.2011716663837433, 0.0, 0.0, -34.23899459838867, 4.924440914129793
3977, 344.8983459472656, -122.35411071777344, -0.19989843666553497, 0.0, 0.0, -34.680641174316406, 4.8914848649690414
3978, 344.9725341796875, -122.41564178466797, -0.2011716663837433, 0.0, 0.0, -35.107032775878906, 4.858818795967043
3979, 345.04779052734375, -122.47901153564453, -0.19989843666553497, 0.0, 0.0, -35.54261016845703, 4.825127288439644
3980, 345.1219482421875, -122.54241180419922, -0.2011716663837433, 0.0, 0.0, -35.97494125366211, 4.7912742604448635
3981, 345.19677734375, -122.60749816894531, -0.20180828869342804, 0.0, 0.0, -36.41579818725586, 4.7566365807905155
3982, 345.26995849609375, -122.67216491699219, -0.20053505897521973, 0.0, 0.0, -36.85015106201172, 4.722632346794934
3983, 345.3426818847656, -122.73749542236328, -0.20180828869342804, 0.0, 0.0, -37.28575897216797, 4.688384756476547
3984, 345.4161682128906, -122.80455017089844, -0.20053505897521973, 0.0, 0.0, -37.72911071777344, 4.65365347512292
3985, 345.4817810058594, -122.86539459228516, -0.20180828869342804, 0.0, 0.0, -38.128517150878906, 4.622272894985194
3986, 345.5474853515625, -122.92723083496094, -0.2011716663837433, 0.0, 0.0, -38.53156661987305, 4.590663498968982
3987, 345.61553955078125, -122.99214935302734, -0.19989843666553497, 0.0, 0.0, -38.951454162597656, 4.5578877078369775
3988, 345.6824645996094, -123.05693817138672, -0.2011716663837433, 0.0, 0.0, -39.36748123168945, 4.525299250519043
3989, 345.75390625, -123.12724304199219, -0.19989843666553497, 0.0, 0.0, -39.815086364746094, 4.4903420148475846
3990, 345.8214416503906, -123.19480895996094, -0.2011716663837433, 0.0, 0.0, -40.24211883544922, 4.456870204156228
3991, 345.8865966796875, -123.26091766357422, -0.19989843666553497, 0.0, 0.0, -40.65689468383789, 4.424504536584162
3992, 345.95440673828125, -123.330810546875, -0.2011716663837433, 0.0, 0.0, -41.092403411865234, 4.390364813521948
3993, 346.01092529296875, -123.38994598388672, -0.19989843666553497, 0.0, 0.0, -41.458290100097656, 4.361873483785293
3994, 346.0691833496094, -123.45174407958984, -0.20053505897521973, 0.0, 0.0, -41.8382682800293, 4.332223534493537
3995, 346.129638671875, -123.51678466796875, -0.20180828869342804, 0.0, 0.0, -42.23625564575195, 4.301097709936353
3996, 346.1925964355469, -123.58551788330078, -0.20053505897521973, 0.0, 0.0, -42.65419006347656, 4.268649918518042
3997, 346.25091552734375, -123.6501235961914, -0.20180828869342804, 0.0, 0.0, -43.045082092285156, 4.2382493609118725
3998, 346.3101501464844, -123.71664428710938, -0.20053505897521973, 0.0, 0.0, -43.445125579833984, 4.207273247712674
3999, 346.36859130859375, -123.78328704833984, -0.20180828869342804, 0.0, 0.0, -43.843807220458984, 4.1764227217721945
4000, 346.42120361328125, -123.84420776367188, -0.20053505897521973, 0.0, 0.0, -44.205936431884766, 4.1485650130102
4001, 346.47589111328125, -123.9083480834961, -0.20180828869342804, 0.0, 0.0, -44.58549499511719, 4.119263794802464
4002, 346.5296936035156, -123.97230529785156, -0.20053505897521973, 0.0, 0.0, -44.961997985839844, 4.09033737693553
4003, 346.58453369140625, -124.03836822509766, -0.20180828869342804, 0.0, 0.0, -45.34910583496094, 4.060551823208442
4004, 346.6406555175781, -124.10700988769531, -0.20053505897521973, 0.0, 0.0, -45.74892044067383, 4.029876549914525
4005, 346.69207763671875, -124.1707992553711, -0.20180828869342804, 0.0, 0.0, -46.11872100830078, 4.001437060797607
4006, 346.744140625, -124.2363052368164, -0.20053505897521973, 0.0, 0.0, -46.49648666381836, 3.9725641992023992
4007, 346.7960205078125, -124.3025131225586, -0.20180828869342804, 0.0, 0.0, -46.87645721435547, 3.943425481143032
4008, 346.8468322753906, -124.36824798583984, -0.20053505897521973, 0.0, 0.0, -47.251808166503906, 3.9147069937467034
4009, 346.8946838378906, -124.4310531616211, -0.19989843666553497, 0.0, 0.0, -47.60838317871094, 3.8874848025328728
4010, 346.9413146972656, -124.49297332763672, -0.2011716663837433, 0.0, 0.0, -47.958412170410156, 3.860671363679944
4011, 346.989013671875, -124.55720520019531, -0.19989843666553497, 0.0, 0.0, -48.319679260253906, 3.833018065789796
4012, 347.0375061035156, -124.62342834472656, -0.2011716663837433, 0.0, 0.0, -48.69053649902344, 3.804619836123996
4013, 347.0843811035156, -124.68834686279297, -0.2011716663837433, 0.0, 0.0, -49.05297088623047, 3.776907885065595
4014, 347.1311340332031, -124.7539291381836, -0.20053505897521973, 0.0, 0.0, -49.41754150390625, 3.7492488381541
4015, 347.1789245605469, -124.82209014892578, -0.20180828869342804, 0.0, 0.0, -49.794986724853516, 3.720479422112105
4016, 347.2242431640625, -124.88762664794922, -0.20053505897521973, 0.0, 0.0, -50.15638732910156, 3.6931318320893625
4017, 347.26885986328125, -124.95305633544922, -0.20180828869342804, 0.0, 0.0, -50.51597595214844, 3.6658789270220824
4018, 347.31463623046875, -125.02113342285156, -0.19989843666553497, 0.0, 0.0, -50.888267517089844, 3.637769350166249
4019, 347.3572082519531, -125.08528137207031, -0.2011716663837433, 0.0, 0.0, -51.237667083740234, 3.611264685025526
4020, 347.40032958984375, -125.15113067626953, -0.19989843666553497, 0.0, 0.0, -51.59450149536133, 3.5843788891950314
4021, 347.4429931640625, -125.21720123291016, -0.2011716663837433, 0.0, 0.0, -51.95127487182617, 3.5574067508997196
4022, 347.4842224121094, -125.28194427490234, -0.19989843666553497, 0.0, 0.0, -52.29939270019531, 3.5311970336238496
4023, 347.5244445800781, -125.34598541259766, -0.2011716663837433, 0.0, 0.0, -52.64262390136719, 3.5051545754290996
4024, 347.5655822753906, -125.41242218017578, -0.19989843666553497, 0.02500000037252903, 0.0, -52.99741744995117, 3.477128230261541
4025, 347.60369873046875, -125.47486877441406, -0.2011716663837433, 0.07500000298023224, 0.0, -53.329837799072266, 3.4541240240120317
4026, 347.6434631347656, -125.54095458984375, -0.19989843666553497, 0.125, 0.0, -53.680057525634766, 3.4349358491823456
4027, 347.6819152832031, -125.60569763183594, -0.2011716663837433, 0.17500001192092896, 0.0, -54.021629333496094, 3.4216893056557782
4028, 347.7198791503906, -125.6705322265625, -0.19989843666553497, 0.2250000238418579, 0.0, -54.36166000366211, 3.4144603280009505
4029, 347.7587890625, -125.73793029785156, -0.2011716663837433, 0.27500003576278687, 0.0, -54.713401794433594, 3.4130926059731577
4030, 347.791748046875, -125.79581451416016, -0.19989843666553497, 0.3250000476837158, 0.0, -55.01372146606445, 3.4169698840873206
4031, 347.82635498046875, -125.85733032226562, -0.2011716663837433, 0.3750000596046448, 0.0, -55.33149719238281, 3.4260429887700155
4032, 347.861328125, -125.92035675048828, -0.19989843666553497, 0.42500007152557373, 0.0, -55.6552619934082, 3.4407898880823637
4033, 347.8962097167969, -125.98407745361328, -0.20053505897521973, 0.5000000596046448, 0.0, -55.98087692260742, 3.461232873558296
4034, 347.9328918457031, -126.05197143554688, -0.20180828869342804, 0.550000011920929, 0.0, -56.326393127441406, 3.4896172698178543
4035, 347.96917724609375, -126.12003326416016, -0.20053505897521973, 0.5999999642372131, 0.0, -56.67087936401367, 3.524193844975682
4036, 348.0041198730469, -126.18660736083984, -0.20180828869342804, 0.6499999165534973, 0.0, -57.00625991821289, 3.5630241596451917
4037, 348.04010009765625, -126.25614166259766, -0.20053505897521973, 0.6999998688697815, 0.0, -57.354496002197266, 3.6086155575602934
4038, 348.07568359375, -126.32583618164062, -0.20180828869342804, 0.7499998211860657, 0.0, -57.70172882080078, 3.658724113485313
4039, 348.11248779296875, -126.39897918701172, -0.20053505897521973, 0.7999997735023499, 0.0, -58.06400680541992, 3.715948400811429
4040, 348.14715576171875, -126.46888732910156, -0.20180828869342804, 0.849999725818634, 0.0, -58.4085578918457, 3.774488581905512
4041, 348.1854248046875, -126.54713439941406, -0.20053505897521973, 0.8999996781349182, 0.0, -58.79198455810547, 3.8445788419547613
4042, 348.2213134765625, -126.62165069580078, -0.20180828869342804, 0.8999996781349182, 0.0, -59.1552619934082, 3.913889010549164
4043, 348.2576599121094, -126.69831085205078, -0.20053505897521973, 0.849999725818634, 0.0, -59.5268440246582, 3.9851369691478173
4044, 348.2947082519531, -126.77772521972656, -0.20180828869342804, 0.7999997735023499, 0.0, -59.91020965576172, 4.0555823048288975
4045, 348.3312683105469, -126.85740661621094, -0.20180828869342804, 0.7999997735023499, 0.0, -60.293025970458984, 4.121744679682078
4046, 348.3692932128906, -126.94172668457031, -0.2011716663837433, 0.6749998927116394, 0.0, -60.69666290283203, 4.185042930948111
4047, 348.40673828125, -127.02617645263672, -0.19989843666553497, 0.6249999403953552, 0.0, -61.09925079345703, 4.24134409632601
4048, 348.4443664550781, -127.11248779296875, -0.2011716663837433, 0.574999988079071, 0.0, -61.509620666503906, 4.291551314415009
4049, 348.4785461425781, -127.19234466552734, -0.19989843666553497, 0.5250000357627869, 0.0, -61.88822555541992, 4.331940952500394
4050, 348.5134582519531, -127.27548217773438, -0.2011716663837433, 0.4750000536441803, 0.0, -62.28169250488281, 4.3676140050164225
4051, 348.54779052734375, -127.35857391357422, -0.19989843666553497, 0.42500004172325134, 0.0, -62.673892974853516, 4.397155071984532
4052, 348.583740234375, -127.44734191894531, -0.2011716663837433, 0.3750000298023224, 0.0, -63.09232711791992, 4.421756999550645
4053, 348.6176452636719, -127.53286743164062, -0.19989843666553497, 0.32500001788139343, 0.0, -63.49470520019531, 4.439242640808879
4054, 348.65155029296875, -127.62002563476562, -0.2011716663837433, 0.2750000059604645, 0.0, -63.904380798339844, 4.450676681125237
4055, 348.6853332519531, -127.70890045166016, -0.19989843666553497, 0.22499999403953552, 0.0, -64.32152557373047, 4.4562305272995975
4056, 348.71868896484375, -127.79839324951172, -0.2011716663837433, 0.17499998211860657, 0.0, -64.74127960205078, 4.4553118408936685
4057, 348.7511291503906, -127.88729095458984, -0.19989843666553497, 0.12499997764825821, 0.0, -65.15773010253906, 4.448367179535238
4058, 348.7832336425781, -127.97750091552734, -0.2011716663837433, 0.07499998062849045, 0.0, -65.58020782470703, 4.434999653497569
4059, 348.8140563964844, -128.06619262695312, -0.19989843666553497, 0.024999981746077538, 0.0, -65.9953842163086, 4.415968783346791
4060, 348.8433837890625, -128.15257263183594, -0.2011716663837433, 0.0, 0.0, -66.39977264404297, 4.391863601080484
4061, 348.8727722167969, -128.24114990234375, -0.19989843666553497, 0.0, 0.0, -66.81439208984375, 4.363929055995402
4062, 348.9005432128906, -128.32693481445312, -0.2011716663837433, 0.0, 0.0, -67.2160873413086, 4.334956655875365
4063, 348.9285583496094, -128.41563415527344, -0.19989843666553497, 0.0, 0.0, -67.63090515136719, 4.3041163791638795
4064, 348.9558410644531, -128.5045166015625, -0.20053505897521973, 0.0, 0.0, -68.04627990722656, 4.272534792347832
4065, 348.9833984375, -128.5966339111328, -0.20180828869342804, 0.0, 0.0, -68.47681427001953, 4.239400357109725
4066, 349.0091247558594, -128.68519592285156, -0.20053505897521973, 0.0, 0.0, -68.89044189453125, 4.207564374114962
4067, 349.03369140625, -128.7721710205078, -0.20180828869342804, 0.0, 0.0, -69.29646301269531, 4.176194236406452
4068, 349.05804443359375, -128.8607635498047, -0.20053505897521973, 0.0, 0.0, -69.70944213867188, 4.144585247400746
4069, 349.0814514160156, -128.94847106933594, -0.20180828869342804, 0.0, 0.0, -70.11808776855469, 4.11323415951448
4070, 349.1045227050781, -129.03782653808594, -0.20053505897521973, 0.0, 0.0, -70.53387451171875, 4.081469636601327
4071, 349.1258850097656, -129.12290954589844, -0.20180828869342804, 0.0, 0.0, -70.9293212890625, 4.051089082222906
4072, 349.14654541015625, -129.2079315185547, -0.19989843666553497, 0.0, 0.0, -71.32367706298828, 4.02092685564768
4073, 349.16650390625, -129.2925567626953, -0.2011716663837433, 0.0, 0.0, -71.71572875976562, 3.990774953620319
4074, 349.1866455078125, -129.3804168701172, -0.19989843666553497, 0.0, 0.0, -72.12188720703125, 3.9596669312886688
4075, 349.2059631347656, -129.46800231933594, -0.2011716663837433, 0.0, 0.0, -72.5263900756836, 3.9286830789558738
4076, 349.2235412597656, -129.55029296875, -0.19989843666553497, 0.0, 0.0, -72.90580749511719, 3.8997390817056257
4077, 349.24078369140625, -129.6339569091797, -0.2011716663837433, 0.0, 0.0, -73.29141235351562, 3.8701181420977533
4078, 349.2578430175781, -129.71957397460938, -0.19989843666553497, 0.0, 0.0, -73.68543243408203, 3.8399351799385886
4079, 349.2734680175781, -129.80113220214844, -0.2011716663837433, 0.0, 0.0, -74.06047821044922, 3.8111029818679776
4080, 349.2889709472656, -129.8852081298828, -0.19989843666553497, 0.0, 0.0, -74.44670867919922, 3.7815636372893042
4081, 349.30389404296875, -129.969482421875, -0.20053505897521973, 0.07500000298023224, 0.0, -74.83329010009766, 3.7530530251149936
4082, 349.3174133300781, -130.0489959716797, -0.20180828869342804, 0.125, 0.0, -75.19821166992188, 3.731263937856146
4083, 349.33074951171875, -130.13037109375, -0.20053505897521973, 0.17500001192092896, 0.0, -75.57089233398438, 3.7150165081481408
4084, 349.343505859375, -130.21194458007812, -0.20180828869342804, 0.2250000238418579, 0.0, -75.9439468383789, 3.7047462536743603
4085, 349.3552551269531, -130.29058837890625, -0.20053505897521973, 0.27500003576278687, 0.0, -76.30257415771484, 3.7007838648929963
4086, 349.36688232421875, -130.37171936035156, -0.20180828869342804, 0.3250000476837158, 0.0, -76.67176055908203, 3.702609235077117
4087, 349.3779602050781, -130.452880859375, -0.20053505897521973, 0.3750000596046448, 0.0, -77.0398941040039, 3.710577779015869
4088, 349.3887939453125, -130.5355682373047, -0.19862519204616547, 0.4500000774860382, 0.0, -77.41263580322266, 3.7251297467504325
4089, 349.3990173339844, -130.6180877685547, -0.19735196232795715, 0.5000000596046448, 0.0, -77.78192138671875, 3.746671611993922
4090, 349.40869140625, -130.6993865966797, -0.19607871770858765, 0.550000011920929, 0.0, -78.14283752441406, 3.773914209399387
4091, 349.41802978515625, -130.78152465820312, -0.19480547308921814, 0.550000011920929, 0.0, -78.5043716430664, 3.8057185203796386
4092, 349.42730712890625, -130.8679656982422, -0.19353224337100983, 0.5000000596046448, 0.0, -78.88182830810547, 3.839777941961093
4093, 349.43572998046875, -130.95094299316406, -0.19225899875164032, 0.4500000476837158, 0.0, -79.24134826660156, 3.869855303798252
4094, 349.4442138671875, -131.03977966308594, -0.190985769033432, 0.40000003576278687, 0.0, -79.62347412109375, 3.8974153767866446
4095, 349.4520263671875, -131.1262664794922, -0.1897125244140625, 0.3500000238418579, 0.0, -79.9930419921875, 3.918848380209292
4096, 349.4594421386719, -131.2145538330078, -0.18780267238616943, 0.2750000059604645, 0.0, -80.36775970458984, 3.9341308092337646
4097, 349.4661560058594, -131.29995727539062, -0.18652942776679993, 0.22499999403953552, 0.0, -80.72785949707031, 3.9418997547883845
4098, 349.4729919433594, -131.39329528808594, -0.18016323447227478, 0.17499998211860657, 0.0, -81.11674499511719, 3.943480962512958
4099, 349.4788513183594, -131.4781951904297, -0.17379704117774963, 0.12499997764825821, 0.0, -81.46430206298828, 3.9387690871683976
4100, 349.4847717285156, -131.56747436523438, -0.1642477661371231, 0.04999998211860657, 0.0, -81.82022094726562, 3.9269246003207434
4101, 349.4900207519531, -131.6508331298828, -0.15788157284259796, -1.8253922817734747e-08, 0.0, -82.14290618896484, 3.9089426222286052
4102, 349.4954528808594, -131.7396697998047, -0.15151537954807281, 0.0, 0.0, -82.47583770751953, 3.8847429299687968
4103, 349.50030517578125, -131.82325744628906, -0.1476956605911255, 0.0, 0.0, -82.77969360351562, 3.859217616442839
4104, 349.50482177734375, -131.90777587890625, -0.14642241597175598, 0.0, 0.0, -83.0793228149414, 3.8318636400971435
4105, 349.50909423828125, -131.99237060546875, -0.14514918625354767, 0.0, 0.0, -83.37328338623047, 3.803718746636
4106, 349.5128479003906, -132.07553100585938, -0.14387594163417816, 0.0, 0.0, -83.6575927734375, 3.7756587542160416
4107, 349.51629638671875, -132.15963745117188, -0.14260271191596985, 0.0, 0.0, -83.94119262695312, 3.7470721731819516
4108, 349.51922607421875, -132.24037170410156, -0.14132946729660034, 0.0, 0.0, -84.21011352539062, 3.7195540422068407
4109, 349.52197265625, -132.326171875, -0.14005623757839203, 0.0, 0.0, -84.49263763427734, 3.6902735111628875
4110, 349.5242004394531, -132.40586853027344, -0.13878299295902252, 0.0, 0.0, -84.75237274169922, 3.663057431238268
4111, 349.5261535644531, -132.48838806152344, -0.13750974833965302, 0.0, 0.0, -85.01873779296875, 3.6348717962043584
4112, 349.5279235839844, -132.5702362060547, -0.12477736920118332, 0.0, 0.0, -85.27554321289062, 3.607484909793231
4113, 349.5295715332031, -132.65191650390625, -0.11841118335723877, 0.0, 0.0, -85.52169799804688, 3.5801112740100227
4114, 349.5310363769531, -132.72891235351562, -0.11204499006271362, 0.0, 0.0, -85.74410247802734, 3.5542674891879704
4115, 349.5326232910156, -132.81117248535156, -0.10567879676818848, 0.02500000037252903, 0.0, -85.97057342529297, 3.525540735498293
4116, 349.5340270996094, -132.8905487060547, -0.09931260347366333, 0.07500000298023224, 0.0, -86.17808532714844, 3.5013790225784907
4117, 349.5352783203125, -132.96572875976562, -0.09294641017913818, 0.125, 0.0, -86.36420440673828, 3.4830713895751946
4118, 349.5364685058594, -133.0394744873047, -0.08658022433519363, 0.17500001192092896, 0.0, -86.53633880615234, 3.470206446158246
4119, 349.537841796875, -133.11888122558594, -0.08021403104066849, 0.2250000238418579, 0.0, -86.70983123779297, 3.4624922153899105
4120, 349.53912353515625, -133.19483947753906, -0.07384783774614334, 0.27500003576278687, 0.0, -86.86436462402344, 3.461056719224034
4121, 349.54058837890625, -133.27503967285156, -0.0674816444516182, 0.3250000476837158, 0.0, -87.01534271240234, 3.4658348145465405
4122, 349.5419006347656, -133.35064697265625, -0.06366193294525146, 0.3750000596046448, 0.0, -87.1474838256836, 3.475967821270381
4123, 349.5432434082031, -133.42825317382812, -0.062388692051172256, 0.42500007152557373, 0.0, -87.27499389648438, 3.491963681130926
4124, 349.54449462890625, -133.5041961669922, -0.06111545488238335, 0.4750000834465027, 0.0, -87.39383697509766, 3.5129748524797746
4125, 349.545654296875, -133.58399963378906, -0.05920559912919998, 0.550000011920929, 0.0, -87.51327514648438, 3.541007646719914
4126, 349.5466613769531, -133.6597442626953, -0.05793235823512077, 0.5999999642372131, 0.0, -87.62242889404297, 3.573793769578669
4127, 349.5476989746094, -133.74166870117188, -0.05665912106633186, 0.6499999165534973, 0.0, -87.73650360107422, 3.6152626824869567
4128, 349.548583984375, -133.82147216796875, -0.0547492615878582, 0.7249998450279236, 0.0, -87.84390258789062, 3.661273658617325
4129, 349.54937744140625, -133.90338134765625, -0.05347602441906929, 0.7749997973442078, 0.0, -87.95069122314453, 3.7145593394766765
4130, 349.5501403808594, -133.9887237548828, -0.05220278725028038, 0.8249997496604919, 0.0, -88.05844116210938, 3.7755526350795887
4131, 349.5508117675781, -134.07350158691406, -0.05092955008149147, 0.8749997019767761, 0.0, -88.16236877441406, 3.8409884958149907
4132, 349.55145263671875, -134.15817260742188, -0.04456334933638573, 0.9249996542930603, 0.0, -88.26107788085938, 3.910690399618659
4133, 349.55218505859375, -134.2464141845703, -0.038197148591279984, 0.9749996066093445, 0.0, -88.356201171875, 3.9874923893471226
4134, 349.5530090332031, -134.33607482910156, -0.03183095157146454, 1.0249996185302734, 0.0, -88.44336700439453, 4.068946955738945
4135, 349.55401611328125, -134.4272003173828, -0.025464750826358795, 1.0, 0.0, -88.5213623046875, 4.153486988732245
4136, 349.55523681640625, -134.5205841064453, -0.0190985519438982, 1.0, 0.0, -88.58985137939453, 4.240390442599261
4137, 349.5566711425781, -134.6190948486328, -0.012732354924082756, 1.0, 0.0, -88.64923095703125, 4.331402032694611
4138, 349.5583190917969, -134.71926879882812, -0.006366157438606024, 1.0, 0.0, -88.6962890625, 4.4227496619352324
4139, 349.5601806640625, -134.81553649902344, 0.0, 1.0, 0.0, -88.72899627685547, 4.5091840295953
4140, 349.56219482421875, -134.91282653808594, 0.0, 1.0, 0.0, -88.75224304199219, 4.5952618163905425
4141, 349.5644836425781, -135.02098083496094, 0.0, 1.0, 0.0, -88.77011108398438, 4.6892478750666555
4142, 349.5666198730469, -135.1210174560547, 0.0, 1.0, 0.0, -88.78158569335938, 4.774647615877376
4143, 349.56890869140625, -135.22589111328125, 0.0, 1.0, 0.0, -88.78985595703125, 4.86257859310436
4144, 349.5711669921875, -135.3316650390625, 0.0, 1.0, 0.0, -88.79553985595703, 4.949679394194317
4145, 349.57342529296875, -135.4396514892578, 0.0, 1.0, 0.0, -88.79937744140625, 5.037097745683122
4146, 349.57568359375, -135.54417419433594, 0.0, 0.9750000238418579, 0.0, -88.80164337158203, 5.119867503820211
4147, 349.5780334472656, -135.65817260742188, 0.0, 0.9250000715255737, 0.0, -88.8030014038086, 5.206991586611888
4148, 349.5802307128906, -135.76214599609375, 0.0, 0.9000000953674316, 0.0, -88.80345916748047, 5.282898950287195
4149, 349.58258056640625, -135.87229919433594, 0.0019098592456430197, 0.8500001430511475, 0.0, -88.80264282226562, 5.359060229946454
4150, 349.58489990234375, -135.98008728027344, 0.005729577504098415, 0.8000001907348633, 0.0, -88.79866790771484, 5.429030551142822
4151, 349.587646484375, -136.09922790527344, 0.009549296461045742, 0.7500002384185791, 0.0, -88.78952026367188, 5.499958567471666
4152, 349.5906066894531, -136.21853637695312, 0.013369014486670494, 0.7000002861022949, 0.0, -88.77404022216797, 5.564471941537251
4153, 349.5936584472656, -136.33499145507812, 0.01718873344361782, 0.6500003337860107, 0.0, -88.75210571289062, 5.621014888981674
4154, 349.59722900390625, -136.45758056640625, 0.021008450537919998, 0.6000003814697266, 0.0, -88.72100067138672, 5.673697508318801
4155, 349.60064697265625, -136.5709991455078, 0.022281691431999207, 0.5500004291534424, 0.0, -88.68511199951172, 5.71662395184382
4156, 349.6047668457031, -136.69976806640625, 0.021008452400565147, 0.5000004768371582, 0.0, -88.63946533203125, 5.757676901991807
4157, 349.60882568359375, -136.8229522705078, 0.019735215231776237, 0.45000046491622925, 0.0, -88.5926742553711, 5.789871045378258
4158, 349.6125793457031, -136.93533325195312, 0.01846197620034218, 0.4000004529953003, 0.0, -88.54867553710938, 5.813663643806776
4159, 349.61676025390625, -137.05894470214844, 0.016552118584513664, 0.32500043511390686, 0.0, -88.5003662109375, 5.8322136526841355
4160, 349.620849609375, -137.17910766601562, 0.01591550000011921, 0.2750004231929779, 0.0, -88.45427703857422, 5.842684776411891
4161, 349.6250305175781, -137.30148315429688, 0.014642260037362576, 0.22500041127204895, 0.0, -88.40829467773438, 5.845781295011348
4162, 349.6294860839844, -137.42999267578125, 0.012732399627566338, 0.22500041127204895, 0.0, -88.36305236816406, 5.842489947318592
4163, 349.6335144042969, -137.54856872558594, 0.011459159664809704, 0.2750004231929779, 0.0, -88.32245635986328, 5.835529348315678
4164, 349.6379089355469, -137.67587280273438, 0.010185918770730495, 0.32500043511390686, 0.0, -88.2838363647461, 5.827887227460931
4165, 349.6422119140625, -137.8019256591797, 0.008912678807973862, 0.3750004470348358, 0.0, -88.24559783935547, 5.821275598830021
4166, 349.64666748046875, -137.9315948486328, 0.007639438845217228, 0.42500045895576477, 0.0, -88.21398162841797, 5.81725629059646
4167, 349.6509704589844, -138.05564880371094, 0.008912678807973862, 0.4750004708766937, 0.0, -88.18099212646484, 5.818347872121165
4168, 349.6554260253906, -138.17835998535156, 0.012732397764921188, 0.5250004529953003, 0.0, -88.15298461914062, 5.826048083231899
4169, 349.65966796875, -138.29298400878906, 0.016552114859223366, 0.5750004053115845, 0.0, -88.12515258789062, 5.83149070862891
4170, 349.66424560546875, -138.4113006591797, 0.020371833816170692, 0.6250003576278687, 0.0, -88.08526611328125, 5.8395262793481075
4171, 349.6692810058594, -138.53379821777344, 0.02419155277311802, 0.6750003099441528, 0.0, -88.04320526123047, 5.871657443408178
4172, 349.67486572265625, -138.66233825683594, 0.028011271730065346, 0.725000262260437, 0.0, -87.98807525634766, 5.912392189537657
4173, 349.6804504394531, -138.78494262695312, 0.02992113120853901, 0.7500002384185791, 0.0, -87.93126678466797, 5.957086861546228
4174, 349.6863708496094, -138.90826416015625, 0.02864789217710495, 0.7500002384185791, 0.0, -87.86738586425781, 6.005922556937487
4175, 349.69244384765625, -139.0321807861328, 0.02737465500831604, 0.7000002861022949, 0.0, -87.80099487304688, 6.055728325632362
4176, 349.6985168457031, -139.15330505371094, 0.02610141597688198, 0.6500003337860107, 0.0, -87.7344970703125, 6.102190619672458
4177, 349.70477294921875, -139.27597045898438, 0.024828176945447922, 0.6000003814697266, 0.0, -87.66595458984375, 6.144605665442027
4178, 349.7113952636719, -139.40577697753906, 0.023554939776659012, 0.5500004291534424, 0.0, -87.5946273803711, 6.18587956116337
4179, 349.7181701660156, -139.53562927246094, 0.022281700745224953, 0.5000004768371582, 0.0, -87.5239486694336, 6.2214693531995
4180, 349.7251892089844, -139.6684112548828, 0.021008463576436043, 0.45000046491622925, 0.0, -87.45391845703125, 6.251900082171926
4181, 349.73236083984375, -139.80328369140625, 0.019735224545001984, 0.4000004529953003, 0.0, -87.38467407226562, 6.275995751708187
4182, 349.73919677734375, -139.9296112060547, 0.020371844992041588, 0.32500043511390686, 0.0, -87.32177734375, 6.292174272868663
4183, 349.7460021972656, -140.05157470703125, 0.024191563948988914, 0.2750004231929779, 0.0, -87.26073455810547, 6.301417471507269
4184, 349.7532653808594, -140.17822265625, 0.02801128290593624, 0.22500041127204895, 0.0, -87.19393920898438, 6.302832407458454
4185, 349.76092529296875, -140.3063201904297, 0.03183100000023842, 0.17500039935112, 0.0, -87.12297821044922, 6.29806747622102
4186, 349.7691345214844, -140.43894958496094, 0.03310423716902733, 0.12500038743019104, 0.0, -87.04339599609375, 6.2858888852519055
4187, 349.77734375, -140.56675720214844, 0.03183100000023842, 0.07500039041042328, 0.0, -86.96446990966797, 6.2681249165085005
4188, 349.78607177734375, -140.6998291015625, 0.03055776096880436, 0.02500039152801037, 0.0, -86.8786849975586, 6.242478995404215
4189, 349.79388427734375, -140.8170623779297, 0.029921142384409904, 3.915280046840053e-07, 0.0, -86.80138397216797, 6.214506244695188
4190, 349.8025207519531, -140.9432830810547, 0.028647903352975845, 0.0, 0.0, -86.72149658203125, 6.178375975267955
4191, 349.8115539550781, -141.07386779785156, 0.027374666184186935, 0.0, 0.0, -86.63585662841797, 6.139539168375662
4192, 349.8200988769531, -141.19590759277344, 0.026101427152752876, 0.0, 0.0, -86.55995178222656, 6.102100040872302
4193, 349.82965087890625, -141.3296661376953, 0.024828189983963966, 0.0, 0.0, -86.47492980957031, 6.058675478508672
4194, 349.8387451171875, -141.45616149902344, 0.023554950952529907, 0.0, 0.0, -86.40080261230469, 6.017455960386845
4195, 349.84735107421875, -141.57437133789062, 0.022281711921095848, 0.0, 0.0, -86.33537292480469, 5.976645319780489
4196, 349.85693359375, -141.7063446044922, 0.021008474752306938, 0.0, 0.0, -86.25533294677734, 5.927353688982793
4197, 349.8653564453125, -141.8205108642578, 0.01973523572087288, 0.0, 0.0, -86.18958282470703, 5.885225232485921
4198, 349.8738098144531, -141.9342803955078, 0.01846199668943882, 0.0, 0.0, -86.12874603271484, 5.834166356166842
4199, 349.8827209472656, -142.05300903320312, 0.01718875952064991, 0.0, 0.0, -86.07203674316406, 5.794423383445627
4200, 349.89202880859375, -142.17674255371094, 0.015278900973498821, 0.0, 0.0, -86.01042938232422, 5.757613702819238
4201, 349.900146484375, -142.2836456298828, 0.01718875952064991, 0.0, 0.0, -85.95906829833984, 5.720366846014309
4202, 349.90875244140625, -142.39422607421875, 0.021008478477597237, 0.0, 0.0, -85.90752410888672, 5.669534177571628
4203, 349.9175720214844, -142.50599670410156, 0.024828197434544563, 0.0, 0.0, -85.8529281616211, 5.615433280194005
4204, 349.92730712890625, -142.6248779296875, 0.02864791639149189, 0.0, 0.0, -85.79608154296875, 5.576881339001178
4205, 349.93701171875, -142.7408447265625, 0.03246763348579407, 0.0, 0.0, -85.72781372070312, 5.544879498557979
4206, 349.9474182128906, -142.85940551757812, 0.036287348717451096, 0.0, 0.0, -85.65847778320312, 5.50943498443018
4207, 349.9576110839844, -142.9728546142578, 0.037560585886240005, 0.0, 0.0, -85.57870483398438, 5.472938769872789
4208, 349.9677734375, -143.0829620361328, 0.036287348717451096, 0.0, 0.0, -85.50353240966797, 5.4383396799626835
4209, 349.9782409667969, -143.19515991210938, 0.035014111548662186, 0.05000000074505806, 0.0, -85.41771697998047, 5.40220880745508
4210, 349.9880065917969, -143.29861450195312, 0.033740874379873276, 0.10000000149011612, 0.0, -85.3362045288086, 5.363876273110865
4211, 349.9979553222656, -143.4025115966797, 0.03310425207018852, 0.125, 0.0, -85.25701904296875, 5.3120614156993975
4212, 350.00872802734375, -143.51316833496094, 0.03183101490139961, 0.17500001192092896, 0.0, -85.17729949951172, 5.282350995363187
4213, 350.01959228515625, -143.6240997314453, 0.030557777732610703, 0.2250000238418579, 0.0, -85.09042358398438, 5.262658597177359
4214, 350.0293273925781, -143.72299194335938, 0.029284538701176643, 0.27500003576278687, 0.0, -85.01427459716797, 5.237499960865103
4215, 350.0392150878906, -143.822021484375, 0.028011299669742584, 0.3250000476837158, 0.0, -84.94223022460938, 5.198004283885022
4216, 350.04998779296875, -143.9289093017578, 0.026738062500953674, 0.3750000596046448, 0.0, -84.87065887451172, 5.190219984079632
4217, 350.060546875, -144.0333709716797, 0.025464823469519615, 0.42500007152557373, 0.0, -84.7962646484375, 5.197645759072974
4218, 350.0711975097656, -144.13742065429688, 0.024191584438085556, 0.4750000834465027, 0.0, -84.7313232421875, 5.209565454087152
4219, 350.0818176269531, -144.2406005859375, 0.022918347269296646, 0.4750000536441803, 0.0, -84.67198944091797, 5.20985120524026
4220, 350.09210205078125, -144.3404541015625, 0.022281726822257042, 0.4500000476837158, 0.0, -84.60997772216797, 5.18007567029261
4221, 350.1032409667969, -144.44822692871094, 0.021008489653468132, 0.40000003576278687, 0.0, -84.54051971435547, 5.191772555365173
4222, 350.11395263671875, -144.5515899658203, 0.019735250622034073, 0.3500000238418579, 0.0, -84.47624969482422, 5.202028456140807
4223, 350.1251525878906, -144.65809631347656, 0.018462013453245163, 0.30000001192092896, 0.0, -84.42352294921875, 5.2119511886027095
4224, 350.13568115234375, -144.75775146484375, 0.01655215583741665, 0.22499999403953552, 0.0, -84.37837982177734, 5.223352999601559
4225, 350.1462707519531, -144.85824584960938, 0.015278915874660015, 0.17499998211860657, 0.0, -84.3304443359375, 5.1952411792923145
4226, 350.15740966796875, -144.96389770507812, 0.014005675911903381, 0.12499997764825821, 0.0, -84.27818298339844, 5.19783775295895
4227, 350.1691589355469, -145.0741424560547, 0.012732435017824173, 0.07499998062849045, 0.0, -84.23522186279297, 5.206078909075001
4228, 350.18017578125, -145.17837524414062, 0.01145919505506754, 0.024999981746077538, 0.0, -84.1910629272461, 5.201548058224586
4229, 350.19073486328125, -145.2778778076172, 0.010185955092310905, 0.0, 0.0, -84.15096282958984, 5.18029419698714
4230, 350.2005920410156, -145.370361328125, 0.009549334645271301, 0.0, 0.0, -84.12071228027344, 5.139911613153868
4231, 350.2115478515625, -145.47296142578125, 0.008276094682514668, 0.0, 0.0, -84.09400939941406, 5.117684834774298
4232, 350.22235107421875, -145.57351684570312, 0.007002855185419321, 0.0, 0.0, -84.07225799560547, 5.087254351650502
4233, 350.2325439453125, -145.66885375976562, 0.005729616153985262, 0.0, 0.0, -84.0481185913086, 5.037573565533815
4234, 350.24224853515625, -145.76014709472656, 0.0044563766568899155, 0.0, 0.0, -84.0270004272461, 4.995378434249026
4235, 350.2527160644531, -145.85829162597656, 0.0038197569083422422, 0.0, 0.0, -84.00790405273438, 4.9880107798860225
4236, 350.26336669921875, -145.9577178955078, 0.002546517178416252, 0.0, 0.0, -83.99144744873047, 4.975776664895483
4237, 350.2733154296875, -146.05087280273438, 0.0063662356697022915, 0.0, 0.0, -83.97716522216797, 4.956398475674843
4238, 350.2832336425781, -146.14266967773438, 0.01018595416098833, 0.0, 0.0, -83.96187591552734, 4.932475084163252
4239, 350.2940979003906, -146.241455078125, 0.014005673117935658, 0.0, 0.0, -83.9425048828125, 4.903330788557039
4240, 350.30511474609375, -146.3404541015625, 0.01782539114356041, 0.0, 0.0, -83.91851043701172, 4.871957383240848
4241, 350.3154296875, -146.4313507080078, 0.019735250622034073, 0.0, 0.0, -83.8919677734375, 4.841960326486118
4242, 350.32568359375, -146.52024841308594, 0.0235549695789814, 0.0, 0.0, -83.86123657226562, 4.811874557925531
4243, 350.3368225097656, -146.61465454101562, 0.027374688535928726, 0.0, 0.0, -83.822509765625, 4.779388704865093
4244, 350.348388671875, -146.71092224121094, 0.028647929430007935, 0.0, 0.0, -83.77754211425781, 4.745969231526678
4245, 350.3592529296875, -146.80007934570312, 0.027374690398573875, 0.05000000074505806, 0.0, -83.7318344116211, 4.7163134974096605
4246, 350.3694763183594, -146.883544921875, 0.02673807181417942, 0.07500000298023224, 0.0, -83.68694305419922, 4.690336995797022
4247, 350.381591796875, -146.98133850097656, 0.024828214198350906, 0.15000000596046448, 0.0, -83.63323211669922, 4.66338956903741
4248, 350.3937683105469, -147.0797119140625, 0.023554975166916847, 0.20000001788139343, 0.0, -83.57906341552734, 4.641987429699543
4249, 350.40521240234375, -147.17153930664062, 0.022918356582522392, 0.2250000238418579, 0.0, -83.52888488769531, 4.626972885661279
4250, 350.4162902832031, -147.2601776123047, 0.021645117551088333, 0.27500003576278687, 0.0, -83.48130798339844, 4.616997648688678
4251, 350.42730712890625, -147.3480224609375, 0.020371880382299423, 0.3250000476837158, 0.0, -83.43547058105469, 4.611987570968791
4252, 350.439453125, -147.44512939453125, 0.019098641350865364, 0.3750000596046448, 0.0, -83.38652038574219, 4.612418527304442
4253, 350.45074462890625, -147.5353546142578, 0.017825402319431305, 0.42500007152557373, 0.0, -83.3431625366211, 4.618191095545691
4254, 350.46209716796875, -147.62576293945312, 0.016552165150642395, 0.4750000834465027, 0.0, -83.3017807006836, 4.6292975597086645
4255, 350.4731140136719, -147.71343994140625, 0.015278925187885761, 0.5250000357627869, 0.0, -83.2637939453125, 4.645092229371849
4256, 350.4842529296875, -147.8021697998047, 0.014642305672168732, 0.550000011920929, 0.0, -83.22735595703125, 4.6655828422750885
4257, 350.4958190917969, -147.8938751220703, 0.013369064778089523, 0.5999999642372131, 0.0, -83.19175720214844, 4.691060252336328
4258, 350.5077209472656, -147.98855590820312, 0.011459204368293285, 0.6749998927116394, 0.0, -83.15753936767578, 4.722414566308237
4259, 350.51873779296875, -148.07640075683594, 0.010185964405536652, 0.7249998450279236, 0.0, -83.12844848632812, 4.7565019744865795
4260, 350.5299072265625, -148.16552734375, 0.008912724442780018, 0.7749997973442078, 0.0, -83.101318359375, 4.795974825984368
4261, 350.5416259765625, -148.25921630859375, 0.007639484480023384, 0.7249998450279236, 0.0, -83.07548522949219, 4.840739639753915
4262, 350.5545959472656, -148.36285400390625, 0.006366245448589325, 0.6749998927116394, 0.0, -83.04979705810547, 4.890310598717592
4263, 350.5655517578125, -148.4502410888672, 0.005729625467211008, 0.6499999165534973, 0.0, -83.030517578125, 4.930656959672287
4264, 350.57684326171875, -148.5406951904297, 0.004456386435776949, 0.5999999642372131, 0.0, -83.01264953613281, 4.97014365711865
4265, 350.5895690917969, -148.6429443359375, 0.003183146473020315, 0.550000011920929, 0.0, -82.99510955810547, 5.010697078436582
4266, 350.6025390625, -148.7476348876953, 0.0019099069759249687, 0.5000000596046448, 0.0, -82.98018646240234, 5.047591802689552
4267, 350.6136779785156, -148.8378143310547, 0.0, 0.4500000476837158, 0.0, -82.97020721435547, 5.074959557847987
4268, 350.6251220703125, -148.93040466308594, 0.0, 0.42500004172325134, 0.0, -82.9622573852539, 5.098488308053845
4269, 350.6378173828125, -149.0330810546875, 0.0, 0.3750000298023224, 0.0, -82.95537567138672, 5.119401776277999
4270, 350.6505432128906, -149.13621520996094, 0.0, 0.32500001788139343, 0.0, -82.95016479492188, 5.134355764020651
4271, 350.6622314453125, -149.23101806640625, 0.0, 0.2750000059604645, 0.0, -82.94661712646484, 5.142301185567027
4272, 350.6750793457031, -149.33494567871094, 0.0, 0.22499999403953552, 0.0, -82.94338989257812, 5.144554094912722
4273, 350.6875305175781, -149.43565368652344, 0.0, 0.17499998211860657, 0.0, -82.94125366210938, 5.134912373052635
4274, 350.7005310058594, -149.54058837890625, 0.0, 0.12499997764825821, 0.0, -82.93949127197266, 5.096350546812025
4275, 350.71209716796875, -149.63450622558594, 0.0, 0.09999997913837433, 0.0, -82.93833923339844, 5.06726464538315
4276, 350.72406005859375, -149.7311248779297, 0.0, 0.04999998211860657, 0.0, -82.93750762939453, 5.02126690410179
4277, 350.7364807128906, -149.83120727539062, 0.0, -1.8253922817734747e-08, 0.0, -82.93693542480469, 5.0164136970718385
4278, 350.7490234375, -149.93218994140625, 0.0, 0.0, 0.0, -82.93663787841797, 4.993789424597804
4279, 350.76025390625, -150.0229034423828, 0.0, 0.0, 0.0, -82.93649291992188, 4.985828992343287
4280, 350.7721862792969, -150.1190948486328, 0.0, 0.0, 0.0, -82.93644714355469, 4.967412131136124
4281, 350.7843322753906, -150.2172393798828, 0.0, 0.0, 0.0, -82.93651580810547, 4.942653028085128
4282, 350.7967529296875, -150.31736755371094, 0.0, 0.0, 0.0, -82.93669128417969, 4.913523759842011
4283, 350.8084411621094, -150.41168212890625, 0.0, 0.0, 0.0, -82.93696594238281, 4.883968946116418
4284, 350.8197937011719, -150.50355529785156, -0.0019098592456430197, 0.0, 0.0, -82.93803405761719, 4.853884359665913
4285, 350.83148193359375, -150.5985870361328, -0.005729577504098415, 0.0, 0.0, -82.94170379638672, 4.821924021597016
4286, 350.8427734375, -150.691650390625, -0.009549296461045742, 0.0, 0.0, -82.94911193847656, 4.790088334424958
4287, 350.85296630859375, -150.77662658691406, -0.013369014486670494, 0.0, 0.0, -82.96012878417969, 4.760714011195678
4288, 350.86376953125, -150.86798095703125, -0.015278873965144157, 0.0, 0.0, -82.97692108154297, 4.728944956155671
4289, 350.8742980957031, -150.95840454101562, -0.019098592922091484, 0.0, 0.0, -82.99901580810547, 4.697342977222943
4290, 350.88494873046875, -151.05157470703125, -0.02291831001639366, 0.0, 0.0, -83.02770233154297, 4.664696800647964
4291, 350.89459228515625, -151.13755798339844, -0.026738028973340988, 0.0, 0.0, -83.0607681274414, 4.634484180691129
4292, 350.904052734375, -151.2235565185547, -0.030557747930288315, 0.0, 0.0, -83.100341796875, 4.604210238048533
4293, 350.91375732421875, -151.31459045410156, -0.036287322640419006, 0.0, 0.0, -83.1504898071289, 4.572065156832011
4294, 350.92340087890625, -151.4074249267578, -0.03819718211889267, 0.0, 0.0, -83.2091293334961, 4.539340680538435
4295, 350.9317626953125, -151.4895782470703, -0.0420168936252594, 0.0, 0.0, -83.26806640625, 4.510340670610346
4296, 350.9403381347656, -151.57723999023438, -0.04583660885691643, 0.0, 0.0, -83.33828735351562, 4.479356884035552
4297, 350.94891357421875, -151.66677856445312, -0.049656324088573456, 0.0, 0.0, -83.41728973388672, 4.4477068190938365
4298, 350.9573059082031, -151.75746154785156, -0.048383086919784546, 0.0, 0.0, -83.50353240966797, 4.41579884936494
4299, 350.96514892578125, -151.84359741210938, -0.047109849750995636, 0.0, 0.0, -83.58932495117188, 4.385560707092576
4300, 350.9723815917969, -151.9239501953125, -0.04647323116660118, 0.0, 0.0, -83.67129516601562, 4.357382769736305
4301, 350.9798889160156, -152.00914001464844, -0.04519999027252197, 0.0, 0.0, -83.75923919677734, 4.327543322805271
4302, 350.9871520996094, -152.09262084960938, -0.04392675310373306, 0.0, 0.0, -83.84554290771484, 4.298330796013548
4303, 350.9940490722656, -152.17263793945312, -0.04265351593494415, 0.0, 0.0, -83.92776489257812, 4.270351351616251
4304, 351.0007019042969, -152.2501983642578, -0.041380275040864944, 0.05000000074505806, 0.0, -84.00653839111328, 4.244654968586062
4305, 351.0076599121094, -152.3321990966797, -0.04074365645647049, 0.07500000298023224, 0.0, -84.08863067626953, 4.21965362359022
4306, 351.01416015625, -152.4095916748047, -0.03947041928768158, 0.125, 0.0, -84.16466522216797, 4.198881363895783
4307, 351.0211181640625, -152.4935760498047, -0.03819718211889267, 0.17500001192092896, 0.0, -84.24552917480469, 4.180609849519427
4308, 351.02764892578125, -152.57305908203125, -0.03692394122481346, 0.2250000238418579, 0.0, -84.31990051269531, 4.1679377433551155
4309, 351.0343322753906, -152.65524291992188, -0.03565070405602455, 0.27500003576278687, 0.0, -84.39458465576172, 4.160140297639174
4310, 351.0406494140625, -152.73367309570312, -0.03437746688723564, 0.3250000476837158, 0.0, -84.46359252929688, 4.157894914618521
4311, 351.046875, -152.81117248535156, -0.03374084457755089, 0.3500000536441803, 0.0, -84.5298080444336, 4.160204553320411
4312, 351.0535888671875, -152.89593505859375, -0.03246760740876198, 0.40000006556510925, 0.0, -84.60002136230469, 4.16740379997769
4313, 351.0599670410156, -152.9770050048828, -0.031194370239973068, 0.40000006556510925, 0.0, -84.66472625732422, 4.17791813618672
4314, 351.06646728515625, -153.06112670898438, -0.029284512624144554, 0.3250000476837158, 0.0, -84.72932434082031, 4.189319104280375
4315, 351.0727233886719, -153.1413116455078, -0.028011273592710495, 0.27500003576278687, 0.0, -84.78823852539062, 4.1975223307312595
4316, 351.07879638671875, -153.21923828125, -0.02737465500831604, 0.2500000298023224, 0.0, -84.8434066772461, 4.202289984078143
4317, 351.0852355957031, -153.30380249023438, -0.02610141597688198, 0.20000001788139343, 0.0, -84.90117645263672, 4.203479429739311
4318, 351.0919494628906, -153.39144897460938, -0.024828176945447922, 0.15000000596046448, 0.0, -84.9586181640625, 4.199662747360998
4319, 351.0978088378906, -153.46853637695312, -0.023554939776659012, 0.10000000149011612, 0.0, -85.00699615478516, 4.191849978390503
4320, 351.10394287109375, -153.54954528808594, -0.022281700745224953, 0.05000000447034836, 0.0, -85.05565643310547, 4.1787012748334815
4321, 351.110107421875, -153.63124084472656, -0.021008463576436043, 4.0978194171259474e-09, 0.0, -85.10260009765625, 4.160131436410225
4322, 351.1165466308594, -153.71707153320312, -0.022281702607870102, 0.0, 0.0, -85.15065002441406, 4.135522417642209
4323, 351.12213134765625, -153.79293823242188, -0.024191562086343765, 0.0, 0.0, -85.19317626953125, 4.111667447154704
4324, 351.12750244140625, -153.8672332763672, -0.028011281043291092, 0.0, 0.0, -85.23638153076172, 4.087148889644892
4325, 351.1332092285156, -153.9489288330078, -0.03183100000023842, 0.0, 0.0, -85.2869873046875, 4.059410303397314
4326, 351.13873291015625, -154.03103637695312, -0.03565071523189545, 0.0, 0.0, -85.34234619140625, 4.031052641138964
4327, 351.1437683105469, -154.10870361328125, -0.039470430463552475, 0.0, 0.0, -85.40001678466797, 4.004011847649411
4328, 351.148193359375, -154.1801300048828, -0.04138028621673584, 0.0, 0.0, -85.45722961425781, 3.979093375998982
4329, 351.15289306640625, -154.2589569091797, -0.04520000144839287, 0.0, 0.0, -85.52568817138672, 3.9515113529015635
4330, 351.1575622558594, -154.34092712402344, -0.049019716680049896, 0.0, 0.0, -85.60275268554688, 3.9228310998519853
4331, 351.1613464355469, -154.4113006591797, -0.047746479511260986, 0.0, 0.0, -85.67284393310547, 3.89833502919506
4332, 351.1653747558594, -154.48814392089844, -0.046473242342472076, 0.0, 0.0, -85.75164794921875, 3.8716746410056797
4333, 351.1693420410156, -154.56434631347656, -0.04520000144839287, 0.0, 0.0, -85.830810546875, 3.8452877991236836
4334, 351.1733093261719, -154.64390563964844, -0.04392676427960396, 0.0, 0.0, -85.91358184814453, 3.8177896814205186
4335, 351.1767578125, -154.71356201171875, -0.04265352711081505, 0.0, 0.0, -85.98554229736328, 3.793730241854551
4336, 351.18023681640625, -154.7848358154297, -0.04138028621673584, 0.0, 0.0, -86.05818939208984, 3.7691152816763127
4337, 351.1839904785156, -154.86338806152344, -0.04010704904794693, 0.0, 0.0, -86.13690185546875, 3.742007817032725
4338, 351.18768310546875, -154.9408416748047, -0.03883381187915802, 0.0, 0.0, -86.2127456665039, 3.7152869704349256
4339, 351.191162109375, -155.01551818847656, -0.03756057098507881, 0.05000000074505806, 0.0, -86.2840576171875, 3.689725039072105
4340, 351.1947326660156, -155.09344482421875, -0.0362873338162899, 0.10000000149011612, 0.0, -86.35643005371094, 3.666888366951045
4341, 351.1978759765625, -155.16275024414062, -0.03437747806310654, 0.17500001192092896, 0.0, -86.41850280761719, 3.651048478305317
4342, 351.2029724121094, -155.27499389648438, -0.03374085575342178, 0.20000001788139343, 0.0, -86.51508331298828, 3.635626942536571
4343, 351.2049255371094, -155.3188018798828, -0.03310423716902733, 0.2250000238418579, 0.0, -86.55174255371094, 3.6319708848166834
4344, 351.2081298828125, -155.39254760742188, -0.03183100000023842, 0.27500003576278687, 0.0, -86.61176300048828, 3.6293077177072615
4345, 351.2112731933594, -155.4676513671875, -0.03055776096880436, 0.3250000476837158, 0.0, -86.67071533203125, 3.631673469879337
4346, 351.214599609375, -155.54391479492188, -0.02928452380001545, 0.3750000596046448, 0.0, -86.728271484375, 3.6394741784032503
4347, 351.21771240234375, -155.6182403564453, -0.02801128476858139, 0.42500007152557373, 0.0, -86.78209686279297, 3.65226045577417
4348, 351.22064208984375, -155.6879425048828, -0.02673804759979248, 0.4750000834465027, 0.0, -86.83042907714844, 3.6688929769335337
4349, 351.2237548828125, -155.76104736328125, -0.02546480856835842, 0.5250000357627869, 0.0, -86.87879943847656, 3.6913103921741217
4350, 351.2269592285156, -155.838134765625, -0.024191569536924362, 0.574999988079071, 0.0, -86.92760467529297, 3.720252835773336
4351, 351.2300720214844, -155.9134521484375, -0.022918332368135452, 0.6249999403953552, 0.0, -86.97288513183594, 3.7533338831094585
4352, 351.23333740234375, -155.99237060546875, -0.021645093336701393, 0.6749998927116394, 0.0, -87.01790618896484, 3.792916003755608
4353, 351.2364501953125, -156.06698608398438, -0.021008474752306938, 0.7249998450279236, 0.0, -87.05828094482422, 3.834698428382993
4354, 351.2394714355469, -156.1415557861328, -0.019098617136478424, 0.7749997973442078, 0.0, -87.09635925292969, 3.8807107474393585
4355, 351.2427673339844, -156.2211456298828, -0.017825378105044365, 0.8249997496604919, 0.0, -87.13468933105469, 3.9343567512230795
4356, 351.2462158203125, -156.30465698242188, -0.016552140936255455, 0.8749997019767761, 0.0, -87.1722412109375, 3.995079218456291
4357, 351.2492370605469, -156.37991333007812, -0.015278900973498821, 0.9249996542930603, 0.0, -87.20366668701172, 4.053349810886056
4358, 351.252685546875, -156.46376037597656, -0.014005660079419613, 0.9749996066093445, 0.0, -87.23627471923828, 4.122411938099176
4359, 351.2560119628906, -156.54432678222656, -0.012732420116662979, 1.0249996185302734, 0.0, -87.26509094238281, 4.19173974920992
4360, 351.2596130371094, -156.63197326660156, -0.011459180153906345, 1.0, 0.0, -87.29387664794922, 4.269547013619189
4361, 351.26336669921875, -156.72161865234375, -0.010185940191149712, 1.0, 0.0, -87.32067108154297, 4.349828846314145
4362, 351.2668762207031, -156.8063507080078, -0.009549319744110107, 1.0, 0.0, -87.34361267089844, 4.425474898210244
4363, 351.2705078125, -156.89297485351562, -0.008276079781353474, 1.0, 0.0, -87.36498260498047, 4.5023518473602
4364, 351.274169921875, -156.98081970214844, -0.007002840284258127, 1.0, 0.0, -87.38433837890625, 4.579498782858043
4365, 351.2781677246094, -157.07569885253906, -0.005729600787162781, 1.0, 0.0, -87.40292358398438, 4.661933923987467
4366, 351.2822570800781, -157.1732940673828, -0.004456361755728722, 1.0, 0.0, -87.41926574707031, 4.745400082535538
4367, 351.28619384765625, -157.2650604248047, -0.0031831220258027315, 1.0, 0.0, -87.43207550048828, 4.822540822023193
4368, 351.29022216796875, -157.3592987060547, -0.0025465020444244146, 1.0, 0.0, -87.44298553466797, 4.9006326752148786
4369, 351.2945556640625, -157.45928955078125, -0.0012732625473290682, 1.0, 0.0, -87.45232391357422, 4.982335414404447
4370, 351.2990417480469, -157.56195068359375, 0.0, 0.9750000238418579, 0.0, -87.45919799804688, 5.0645397350451296
4371, 351.3036193847656, -157.6659698486328, 0.0, 0.9250000715255737, 0.0, -87.46399688720703, 5.145013471725433
4372, 351.3083801269531, -157.774169921875, 0.0, 0.8750001192092896, 0.0, -87.46724700927734, 5.224592296760258
4373, 351.31292724609375, -157.87648010253906, 0.0, 0.8250001668930054, 0.0, -87.46910858154297, 5.295444573825847
4374, 351.3175048828125, -157.980224609375, 0.0, 0.7750002145767212, 0.0, -87.47017669677734, 5.362239135835021
4375, 351.3224182128906, -158.09185791015625, 0.0, 0.725000262260437, 0.0, -87.47074127197266, 5.427813305663528
4376, 351.32757568359375, -158.20860290527344, 0.0, 0.6750003099441528, 0.0, -87.47083282470703, 5.4897270303608625
4377, 351.33209228515625, -158.310791015625, 0.0, 0.6750003099441528, 0.0, -87.47061157226562, 5.538806703183839
4378, 351.33697509765625, -158.4212646484375, 0.0, 0.6000003814697266, 0.0, -87.47015380859375, 5.586693908372945
4379, 351.3418273925781, -158.53038024902344, 0.0, 0.5250004529953003, 0.0, -87.46961212158203, 5.628091430709161
4380, 351.3470153808594, -158.64865112304688, 0.0, 0.4750004708766937, 0.0, -87.46891021728516, 5.6651506513833985
4381, 351.35205078125, -158.76283264160156, 0.0, 0.42500045895576477, 0.0, -87.46825408935547, 5.693992231266977
4382, 351.3575439453125, -158.88623046875, 0.0, 0.3750004470348358, 0.0, -87.46751403808594, 5.717860664598768
4383, 351.3623046875, -158.99485778808594, 0.0, 0.32500043511390686, 0.0, -87.46682739257812, 5.733010744624668
4384, 351.3672180175781, -159.1058807373047, 0.0, 0.2750004231929779, 0.0, -87.4657211303711, 5.742078390667707
4385, 351.37237548828125, -159.22288513183594, 0.0, 0.2500004172325134, 0.0, -87.46634674072266, 5.74336017128786
4386, 351.3777160644531, -159.34451293945312, 0.0, 0.20000040531158447, 0.0, -87.464599609375, 5.73872695860465
4387, 351.38287353515625, -159.45982360839844, 0.0, 0.15000039339065552, 0.0, -87.4659423828125, 5.7290451569384135
4388, 351.3877258300781, -159.5693359375, 0.0, 0.10000038892030716, 0.0, -87.46886444091797, 5.713154217930404
4389, 351.3928527832031, -159.68482971191406, 0.0, 0.0500003919005394, 0.0, -87.46504974365234, 5.688275353532935
4390, 351.3977355957031, -159.79571533203125, 0.0, 3.915280046840053e-07, 0.0, -87.4605712890625, 5.661503153006577
4391, 351.4028015136719, -159.91043090820312, 0.0, 0.0, 0.0, -87.46461486816406, 5.628198871279016
4392, 351.4080505371094, -160.02957153320312, 0.0, 0.0, 0.0, -87.46204376220703, 5.597029876437392
4393, 351.4131164550781, -160.14341735839844, 0.0, 0.0, 0.0, -87.46585083007812, 5.5640733912223626
4394, 351.4178466796875, -160.24832153320312, 0.0, 0.0, 0.0, -87.47008514404297, 5.527979191775257
4395, 351.42254638671875, -160.35423278808594, 0.0, 0.0, 0.0, -87.47119903564453, 5.4768625780185864
4396, 351.42742919921875, -160.46484375, 0.0, 0.0, 0.0, -87.46776580810547, 5.439365820108139
4397, 351.4324951171875, -160.5780792236328, 0.0, 0.0, 0.0, -87.47122192382812, 5.407741348067724
4398, 351.4369201660156, -160.67742919921875, 0.0, 0.0, 0.0, -87.47454833984375, 5.372189700260453
4399, 351.4415283203125, -160.781494140625, 0.0, 0.0, 0.0, -87.47564697265625, 5.319128496457732
4400, 351.4464111328125, -160.89190673828125, 0.0, 0.0, 0.0, -87.47158813476562, 5.280907819095057
4401, 351.45123291015625, -161.001220703125, 0.0, 0.0, 0.0, -87.47553253173828, 5.250567996948607
4402, 351.4559020996094, -161.10704040527344, 0.0, 0.02500000037252903, 0.0, -87.47234344482422, 5.219900691913123
4403, 351.4607238769531, -161.21487426757812, 0.0, 0.07500000298023224, 0.0, -87.47640228271484, 5.188519224350071
4404, 351.46514892578125, -161.31417846679688, 0.0, 0.10000000149011612, 0.0, -87.48084259033203, 5.151914556422093
4405, 351.46966552734375, -161.4186553955078, 0.0, 0.15000000596046448, 0.0, -87.4764404296875, 5.116560017153122
4406, 351.47430419921875, -161.5232391357422, 0.0, 0.20000001788139343, 0.0, -87.47991180419922, 5.093667149886718
4407, 351.47894287109375, -161.62869262695312, 0.0, 0.2500000298023224, 0.0, -87.4758529663086, 5.071707055166554
4408, 351.4834289550781, -161.7307891845703, 0.0, 0.30000004172325134, 0.0, -87.479736328125, 5.053877532147967
4409, 351.48779296875, -161.82749938964844, 0.0, 0.3500000536441803, 0.0, -87.48446655273438, 5.0267652933702465
4410, 351.4919128417969, -161.9209442138672, 0.0, 0.40000006556510925, 0.0, -87.48397827148438, 4.983138555359422
4411, 351.49676513671875, -162.03005981445312, 0.0, 0.4500000774860382, 0.0, -87.48516845703125, 5.008701899546851
4412, 351.5013122558594, -162.1324920654297, 0.0, 0.5000000596046448, 0.0, -87.48580169677734, 5.03652622264094
4413, 351.5059814453125, -162.23741149902344, 0.0, 0.550000011920929, 0.0, -87.48617553710938, 5.0601660694748345
4414, 351.51019287109375, -162.33323669433594, 0.0, 0.574999988079071, 0.0, -87.48632049560547, 5.081860973697007
4415, 351.5147705078125, -162.43605041503906, 0.0, 0.6249999403953552, 0.0, -87.4864501953125, 5.106362368447886
4416, 351.5191345214844, -162.5355682373047, 0.0, 0.6749998927116394, 0.0, -87.48698425292969, 5.12985427868423
4417, 351.5238342285156, -162.64151000976562, 0.0, 0.7249998450279236, 0.0, -87.4864501953125, 5.156880973496594
4418, 351.5286560058594, -162.75038146972656, 0.0, 0.7749997973442078, 0.0, -87.4874267578125, 5.187716251918632
4419, 351.5329895019531, -162.84841918945312, 0.0, 0.8249997496604919, 0.0, -87.4894790649414, 5.2124965133395955
4420, 351.5373840332031, -162.9479217529297, 0.0, 0.8749997019767761, 0.0, -87.4906005859375, 5.206045036347521
4421, 351.54205322265625, -163.0533447265625, 0.0, 0.9249996542930603, 0.0, -87.48787689208984, 5.237122757546531
4422, 351.5469970703125, -163.1642303466797, 0.0, 0.9249996542930603, 0.0, -87.48787689208984, 5.307573198946619
4423, 351.5516357421875, -163.2694854736328, 0.0, 0.9999995827674866, 0.0, -87.48763275146484, 5.372468450521648
4424, 351.5562744140625, -163.37466430664062, 0.0, 1.0, 0.0, -87.4887924194336, 5.423655217192779
4425, 351.5608215332031, -163.4784393310547, 0.0, 1.0, 0.0, -87.48484802246094, 5.451373321436226
4426, 351.5655517578125, -163.58724975585938, 0.0, 1.0, 0.0, -87.482666015625, 5.504573146954914
4427, 351.57037353515625, -163.69943237304688, 0.0, 1.0, 0.0, -87.47986602783203, 5.5930514773453694
4428, 351.5754699707031, -163.81689453125, 0.0, 1.0, 0.0, -87.47760009765625, 5.698729214649783
4429, 351.5802307128906, -163.92758178710938, 0.0, 1.0, 0.0, -87.47547149658203, 5.792944820232128
4430, 351.58514404296875, -164.0410919189453, 0.0, 1.0, 0.0, -87.47327423095703, 5.884830643372368
4431, 351.5902404785156, -164.15757751464844, 0.0, 1.0, 0.0, -87.47103881835938, 5.974646859505071
4432, 351.5958251953125, -164.28575134277344, 0.0, 1.0, 0.0, -87.46865844726562, 6.069627047339643
4433, 351.6011657714844, -164.40850830078125, 0.0, 0.9750000238418579, 0.0, -87.46649932861328, 6.1569207598466456
4434, 351.60650634765625, -164.5297088623047, 0.0, 0.9250000715255737, 0.0, -87.46435546875, 6.238818537831253
4435, 351.61175537109375, -164.64923095703125, 0.0, 0.8750001192092896, 0.0, -87.46234130859375, 6.31491494642588
4436, 351.6177978515625, -164.7859344482422, 0.0, 0.8250001668930054, 0.0, -87.4601058959961, 6.395809492601574
4437, 351.6235046386719, -164.91555786132812, 0.0, 0.7750002145767212, 0.0, -87.45818328857422, 6.4655905996919625
4438, 351.6293640136719, -165.0477752685547, 0.0, 0.7500002384185791, 0.0, -87.456298828125, 6.530216333077008
4439, 351.6346435546875, -165.16610717773438, 0.0, 0.7000002861022949, 0.0, -87.4547119140625, 6.58357979455191
4440, 351.6404724121094, -165.29827880859375, 0.0, 0.6500003337860107, 0.0, -87.4530029296875, 6.6366185245739695
4441, 351.6465148925781, -165.43380737304688, 0.0, 0.6000003814697266, 0.0, -87.45137786865234, 6.6831685610837805
4442, 351.6527404785156, -165.57310485839844, 0.0, 0.5500004291534424, 0.0, -87.44988250732422, 6.724402953084779
4443, 351.6583557128906, -165.6990966796875, 0.0, 0.5000004768371582, 0.0, -87.44863891601562, 6.755173999167639
4444, 351.6642150878906, -165.82974243164062, 0.0, 0.4750004708766937, 0.0, -87.447509765625, 6.7812933975052125
4445, 351.6702575683594, -165.96543884277344, 0.0, 0.42500045895576477, 0.0, -87.44654846191406, 6.802411117737906
4446, 351.67669677734375, -166.11160278320312, -0.0038197184912860394, 0.35000044107437134, 0.0, -87.44747161865234, 6.817551087571191
4447, 351.6824951171875, -166.2456817626953, -0.007639436982572079, 0.3000004291534424, 0.0, -87.4524154663086, 6.8287945707730975
4448, 351.6886901855469, -166.39588928222656, -0.01145915500819683, 0.2500004172325134, 0.0, -87.46344757080078, 6.832106663671841
4449, 351.6935119628906, -166.51918029785156, -0.015278873965144157, 0.20000040531158447, 0.0, -87.47824096679688, 6.826437437395147
4450, 351.6983642578125, -166.64878845214844, -0.01718873344361782, 0.17500039935112, 0.0, -87.4989013671875, 6.819992019122826
4451, 351.7032470703125, -166.78677368164062, -0.021008450537919998, 0.12500038743019104, 0.0, -87.52764892578125, 6.801874599956482
4452, 351.7079162597656, -166.92774963378906, -0.024828169494867325, 0.12500038743019104, 0.0, -87.56609344482422, 6.780920209270738
4453, 351.71185302734375, -167.05368041992188, -0.02864788845181465, 0.17500039935112, 0.0, -87.60922241210938, 6.759583134474708
4454, 351.7158508300781, -167.19056701660156, -0.03246760740876198, 0.22500041127204895, 0.0, -87.66506958007812, 6.7357851696038775
4455, 351.7192077636719, -167.31283569335938, -0.036287322640419006, 0.2750004231929779, 0.0, -87.72438049316406, 6.716283642170097
4456, 351.72271728515625, -167.45204162597656, -0.040107037872076035, 0.32500043511390686, 0.0, -87.80179595947266, 6.698819358045695
4457, 351.7255859375, -167.57752990722656, -0.03947041928768158, 0.35000044107437134, 0.0, -87.88029479980469, 6.686558673685898
4458, 351.72821044921875, -167.70001220703125, -0.03819718211889267, 0.4000004529953003, 0.0, -87.96249389648438, 6.677821283447531
4459, 351.7309265136719, -167.83419799804688, -0.03692394122481346, 0.45000046491622925, 0.0, -88.05702209472656, 6.669883707555239
4460, 351.73370361328125, -167.9789581298828, -0.03565070405602455, 0.5000004768371582, 0.0, -88.16326904296875, 6.669179684365118
4461, 351.7362365722656, -168.11294555664062, -0.03437746688723564, 0.5500004291534424, 0.0, -88.26488494873047, 6.675644594088537
4462, 351.7384338378906, -168.24050903320312, -0.03310422599315643, 0.6000003814697266, 0.0, -88.35941314697266, 6.688403057933082
4463, 351.74053955078125, -168.37115478515625, -0.03183098882436752, 0.6500003337860107, 0.0, -88.45745086669922, 6.7001588803369945
4464, 351.74261474609375, -168.50889587402344, -0.031194370239973068, 0.6750003099441528, 0.0, -88.55876922607422, 6.724679569073538
4465, 351.7445373535156, -168.646484375, -0.02992113120853901, 0.6250003576278687, 0.0, -88.6578369140625, 6.755623226654059
4466, 351.7463073730469, -168.7887725830078, -0.02864789217710495, 0.5750004053115845, 0.0, -88.7574462890625, 6.789732108260342
4467, 351.7477722167969, -168.91490173339844, -0.026738034561276436, 0.5000004768371582, 0.0, -88.84285736083984, 6.817771281327135
4468, 351.74908447265625, -169.04339599609375, -0.025464797392487526, 0.45000046491622925, 0.0, -88.92691040039062, 6.842514174028522
4469, 351.75042724609375, -169.18295288085938, -0.024191558361053467, 0.4000004529953003, 0.0, -89.01439666748047, 6.862051854795518
4470, 351.75152587890625, -169.3311309814453, -0.022918321192264557, 0.35000044107437134, 0.0, -89.101318359375, 6.878251001787523
4471, 351.75244140625, -169.46401977539062, -0.022281700745224953, 0.32500043511390686, 0.0, -89.17767333984375, 6.888392708687671
4472, 351.7532043457031, -169.59823608398438, -0.021008463576436043, 0.2750004231929779, 0.0, -89.25052642822266, 6.892564448420088
4473, 351.7538146972656, -169.73898315429688, -0.019735224545001984, 0.22500041127204895, 0.0, -89.32470703125, 6.89074839545846
4474, 351.75439453125, -169.88314819335938, -0.018461985513567924, 0.17500039935112, 0.0, -89.39736938476562, 6.884271928505199
4475, 351.75482177734375, -170.0167999267578, -0.017188748344779015, 0.12500038743019104, 0.0, -89.46158599853516, 6.87274064163725
4476, 351.75518798828125, -170.14955139160156, -0.015915509313344955, 0.07500039041042328, 0.0, -89.52243041992188, 6.855524351013791
4477, 351.7554931640625, -170.28245544433594, -0.014642269350588322, 0.02500039152801037, 0.0, -89.58091735839844, 6.8307081815876725
4478, 351.7557678222656, -170.407958984375, -0.014005648903548717, 3.915280046840053e-07, 0.0, -89.63475036621094, 6.80108866390398
4479, 351.7560119628906, -170.54714965820312, -0.012732408940792084, 0.0, 0.0, -89.6915283203125, 6.762721238090584
4480, 351.7562561035156, -170.69314575195312, -0.01145916897803545, 0.0, 0.0, -89.74663543701172, 6.725943583616698
4481, 351.75634765625, -170.82571411132812, -0.010185928083956242, 0.0, 0.0, -89.79279327392578, 6.687345855809904
4482, 351.75653076171875, -170.95611572265625, -0.008912688121199608, 0.0, 0.0, -89.83563232421875, 6.655057349484248
4483, 351.7566223144531, -171.08546447753906, -0.007639448624104261, 0.0, 0.0, -89.87698364257812, 6.611764358882494
4484, 351.7567138671875, -171.22427368164062, -0.006366209127008915, 0.0, 0.0, -89.91704559326172, 6.558422552869985
4485, 351.7567443847656, -171.35345458984375, -0.005092970095574856, 0.0, 0.0, -89.95013427734375, 6.514885968289541
4486, 351.7567443847656, -171.48922729492188, -0.0038197303656488657, 0.0, 0.0, -89.98116302490234, 6.477773896116186
4487, 351.75677490234375, -171.61343383789062, -0.0031831106171011925, 0.0, 0.0, -90.0058822631836, 6.4400859982849115
4488, 351.75677490234375, -171.74078369140625, -0.0019098708871752024, 0.0, 0.0, -90.02813720703125, 6.397164842266391
4489, 351.7567443847656, -171.87008666992188, 0.0, 0.0, 0.0, -90.04734802246094, 6.345077196672065
4490, 351.7567443847656, -172.00384521484375, 0.0, 0.0, 0.0, -90.06340026855469, 6.30563480146881
4491, 351.7567138671875, -172.12625122070312, 0.0, 0.0, 0.0, -90.0751953125, 6.268580329607547
4492, 351.7567138671875, -172.2606201171875, 0.0, 0.0, 0.0, -90.08598327636719, 6.21630229810231
4493, 351.7566223144531, -172.37725830078125, 0.0, 0.0, 0.0, -90.09361267089844, 6.174447068950066
4494, 351.75653076171875, -172.49497985839844, 0.0, 0.0, 0.0, -90.10021209716797, 6.127821188979204
4495, 351.7564697265625, -172.61837768554688, 0.0, 0.0, 0.0, -90.10613250732422, 6.095489536893409
4496, 351.75628662109375, -172.75045776367188, 0.0, 0.05000000074505806, 0.0, -90.11137390136719, 6.051616788847822
4497, 351.75616455078125, -172.8622283935547, 0.0, 0.10000000149011612, 0.0, -90.11504364013672, 6.014454670255749
4498, 351.75604248046875, -172.97515869140625, 0.0, 0.15000000596046448, 0.0, -90.11824798583984, 5.9735995058270355
4499, 351.75592041015625, -173.09600830078125, 0.0019098592456430197, 0.20000001788139343, 0.0, -90.12051391601562, 5.951701216608469
4500, 351.755859375, -173.2184295654297, 0.005729577504098415, 0.2500000298023224, 0.0, -90.11978149414062, 5.926572163522892
4501, 351.755859375, -173.3369140625, 0.005729577504098415, 0.2500000298023224, 0.0, -90.11522674560547, 5.9126910263460255
4502, 351.75604248046875, -173.451171875, 0.01145915500819683, 0.3250000476837158, 0.0, -90.1058349609375, 5.9003726321072465
4503, 351.75634765625, -173.5616912841797, 0.015278873965144157, 0.3750000596046448, 0.0, -90.0916748046875, 5.876350858684628
4504, 351.75689697265625, -173.68470764160156, 0.019098592922091484, 0.42500007152557373, 0.0, -90.069580078125, 5.855742303226571
4505, 351.7576904296875, -173.806884765625, 0.020371831953525543, 0.4750000834465027, 0.0, -90.04021453857422, 5.866462079018132
4506, 351.7586364746094, -173.93370056152344, 0.019098594784736633, 0.5250000357627869, 0.0, -90.00399017333984, 5.875435876469076
4507, 351.759521484375, -174.04576110839844, 0.017825355753302574, 0.5999999642372131, 0.0, -89.96868133544922, 5.881392933712618
4508, 351.7605285644531, -174.1613311767578, 0.01591549813747406, 0.6499999165534973, 0.0, -89.93096160888672, 5.867941148561837
4509, 351.7615661621094, -174.2736053466797, 0.015278877690434456, 0.6749998927116394, 0.0, -89.89385986328125, 5.858634489117244
4510, 351.7626953125, -174.39279174804688, 0.014005637727677822, 0.7249998450279236, 0.0, -89.8547592163086, 5.904519223460196
4511, 351.7637023925781, -174.50790405273438, 0.012732397764921188, 0.7749997973442078, 0.0, -89.8177490234375, 5.965351382404412
4512, 351.76470947265625, -174.62342834472656, 0.01145915687084198, 0.8249997496604919, 0.0, -89.78154754638672, 6.014918753350537
4513, 351.7658386230469, -174.74151611328125, 0.010185916908085346, 0.8749997019767761, 0.0, -89.74614715576172, 6.051877306262239
4514, 351.7669982910156, -174.86781311035156, 0.008912676945328712, 0.9249996542930603, 0.0, -89.71002197265625, 6.112218578083551
4515, 351.7681579589844, -174.99180603027344, 0.007639436982572079, 0.9749996066093445, 0.0, -89.67706298828125, 6.202273446527677
4516, 351.7693786621094, -175.12045288085938, 0.0063661979511380196, 1.0249996185302734, 0.0, -89.64568328857422, 6.292104960798639
4517, 351.77044677734375, -175.2435302734375, 0.005729577969759703, 1.0, 0.0, -89.61825561523438, 6.376375144075062
4518, 351.7716064453125, -175.3718719482422, 0.0044563389383256435, 1.0, 0.0, -89.59239959716797, 6.45954845522664
4519, 351.77276611328125, -175.50405883789062, 0.0031830992083996534, 1.0, 0.0, -89.56868743896484, 6.544383799719026
4520, 351.7738952636719, -175.64024353027344, 0.0019098594784736633, 1.0, 0.0, -89.54773712158203, 6.626429795964821
4521, 351.77496337890625, -175.7694091796875, 0.0, 1.0, 0.0, -89.53166198730469, 6.703452234993264
4522, 351.77587890625, -175.89450073242188, 0.0, 1.0, 0.0, -89.51891326904297, 6.7764385536935166
4523, 351.77691650390625, -176.02589416503906, 0.0, 1.0, 0.0, -89.50790405273438, 6.851444837890159
4524, 351.7779541015625, -176.1685333251953, 0.0, 1.0, 0.0, -89.49784088134766, 6.932118122017644
4525, 351.77899169921875, -176.29684448242188, 0.0, 1.0, 0.0, -89.4902572631836, 7.004108816761565
4526, 351.7800598144531, -176.42877197265625, 0.0, 1.0, 0.0, -89.48360443115234, 7.077416359333998
4527, 351.78118896484375, -176.5689239501953, 0.0, 1.0, 0.0, -89.47743225097656, 7.154567555348243
4528, 351.78240966796875, -176.71615600585938, 0.0, 1.0, 0.0, -89.47174835205078, 7.234862337111115
4529, 351.7835388183594, -176.84600830078125, 0.0, 1.0, 0.0, -89.46731567382812, 7.305026295796057
4530, 351.7847900390625, -176.99072265625, 0.0, 1.0, 0.0, -89.46288299560547, 7.382456642579976
4531, 351.78607177734375, -177.13929748535156, 0.0, 1.0, 0.0, -89.45883178710938, 7.461166821036765
4532, 351.7874450683594, -177.29080200195312, 0.0, 1.0, 0.0, -89.45500946044922, 7.540705910871436
4533, 351.7886657714844, -177.42962646484375, 0.0, 1.0, 0.0, -89.45172119140625, 7.608563132315065
4534, 351.7900390625, -177.5729217529297, 0.0038197184912860394, 1.0, 0.0, -89.4466552734375, 7.670277441585346
4535, 351.7915954589844, -177.7293701171875, 0.007639436982572079, 1.0, 0.0, -89.4376220703125, 7.747427072352539
4536, 351.7934265136719, -177.88894653320312, 0.01145915500819683, 1.0, 0.0, -89.4229736328125, 7.831102014562944
4537, 351.7952575683594, -178.0290069580078, 0.015278873965144157, 1.0, 0.0, -89.40420532226562, 7.902943373162047
4538, 351.7974853515625, -178.18060302734375, 0.01718873344361782, 1.0, 0.0, -89.37759399414062, 7.980843983177312
4539, 351.8000183105469, -178.33718872070312, 0.01718873344361782, 1.0, 0.0, -89.34264373779297, 8.05964187137022
4540, 351.80279541015625, -178.49273681640625, 0.021008450537919998, 1.0, 0.0, -89.30083465576172, 8.136796017658018
4541, 351.8058166503906, -178.65003967285156, 0.021008452400565147, 0.9000000953674316, 0.0, -89.25311279296875, 8.212404908242194
4542, 351.8090515136719, -178.81167602539062, 0.019735215231776237, 0.8500001430511475, 0.0, -89.20016479492188, 8.28641374037847
4543, 351.81243896484375, -178.975341796875, 0.019098596647381783, 0.8250001668930054, 0.0, -89.14384460449219, 8.35732554296056
4544, 351.8161315917969, -179.14581298828125, 0.01718873903155327, 0.7500002384185791, 0.0, -89.08397674560547, 8.42630355960595
4545, 351.81964111328125, -179.30247497558594, 0.01591550000011921, 0.7000002861022949, 0.0, -89.02869415283203, 8.484744710092079
4546, 351.8233642578125, -179.46792602539062, 0.014642260037362576, 0.6500003337860107, 0.0, -88.97093963623047, 8.540810535558256
4547, 351.8273010253906, -179.63677978515625, 0.014005639590322971, 0.6250003576278687, 0.0, -88.91302490234375, 8.59188855772983
4548, 351.83148193359375, -179.8126678466797, 0.012732399627566338, 0.5750004053115845, 0.0, -88.85418701171875, 8.638401409466724
4549, 351.83514404296875, -179.96449279785156, 0.011459159664809704, 0.5250004529953003, 0.0, -88.80520629882812, 8.673502379975876
4550, 351.8392639160156, -180.13427734375, 0.010185918770730495, 0.4750004708766937, 0.0, -88.75288391113281, 8.706701778599282
4551, 351.8435974121094, -180.3079376220703, 0.008912678807973862, 0.42500045895576477, 0.0, -88.70225524902344, 8.733691113112652
4552, 351.8478088378906, -180.47422790527344, 0.007639438845217228, 0.3750004470348358, 0.0, -88.65685272216797, 8.752717789301435
4553, 351.8518371582031, -180.63243103027344, 0.007002819329500198, 0.35000044107437134, 0.0, -88.61639404296875, 8.764712394074605
4554, 351.8563232421875, -180.80775451660156, 0.005729580298066139, 0.3000004291534424, 0.0, -88.5750503540039, 8.77168406783132
4555, 351.8609313964844, -180.9853057861328, 0.004456340800970793, 0.2500004172325134, 0.0, -88.5366439819336, 8.771002184979467
4556, 351.8651428222656, -181.14691162109375, 0.0031831010710448027, 0.20000040531158447, 0.0, -88.50546264648438, 8.764574705936703
4557, 351.86932373046875, -181.30429077148438, 0.0019098614575341344, 0.15000039339065552, 0.0, -88.47848510742188, 8.752497759730568
4558, 351.87396240234375, -181.48025512695312, 0.0, 0.10000038892030716, 0.0, -88.45244598388672, 8.73181965664182
4559, 351.8780517578125, -181.63409423828125, 0.0, 0.07500039041042328, 0.0, -88.43347930908203, 8.708504439116311
4560, 351.8825988769531, -181.8063507080078, 0.0, 0.02500039152801037, 0.0, -88.41558074951172, 8.676784407631992
4561, 351.88714599609375, -181.9769287109375, 0.0, -0.02499960921704769, 0.0, -88.40087127685547, 8.63959747581877
4562, 351.89178466796875, -182.1483917236328, 0.0, 0.0, 0.0, -88.38861083984375, 8.597241659092848
4563, 351.8959655761719, -182.3026123046875, 0.0, 0.0, 0.0, -88.37935638427734, 8.555621865686378
4564, 351.90032958984375, -182.46241760253906, 0.0, 0.0, 0.0, -88.37139892578125, 8.509872783535116
4565, 351.90478515625, -182.62571716308594, 0.0, 0.0, 0.0, -88.36473846435547, 8.460987133158865
4566, 351.9094543457031, -182.7919921875, 0.0, 0.0, 0.0, -88.35931396484375, 8.409481280973472
4567, 351.9136962890625, -182.9447479248047, 0.0, 0.0, 0.0, -88.35525512695312, 8.360964926101014
4568, 351.91815185546875, -183.103515625, 0.0, 0.0, 0.0, -88.35189056396484, 8.3096142843277
4569, 351.9227294921875, -183.266357421875, 0.0, 0.0, 0.0, -88.34930419921875, 8.256181101112386
4570, 351.9270935058594, -183.418701171875, 0.0, 0.0, 0.0, -88.34749603271484, 8.205659570173415
4571, 351.931396484375, -183.57041931152344, 0.0, 0.0, 0.0, -88.34619140625, 8.154941863559904
4572, 351.9360046386719, -183.73252868652344, 0.0, 0.0, 0.0, -88.3453369140625, 8.1003930468196
4573, 351.9403076171875, -183.88143920898438, 0.0, 0.0, 0.0, -88.34487915039062, 8.050052768787827
4574, 351.94476318359375, -184.03619384765625, 0.0, 0.02500000037252903, 0.0, -88.34471130371094, 7.998318263858827
4575, 351.948974609375, -184.18202209472656, 0.0, 0.07500000298023224, 0.0, -88.34484100341797, 7.950405601348197
4576, 351.95343017578125, -184.3360137939453, 0.0, 0.125, 0.0, -88.34520721435547, 7.902089387328638
4577, 351.95758056640625, -184.4799346923828, 0.0, 0.17500001192092896, 0.0, -88.345703125, 7.8601319934166805
4578, 351.9617004394531, -184.62335205078125, 0.0, 0.20000001788139343, 0.0, -88.34627532958984, 7.821954735210332
4579, 351.9662780761719, -184.78216552734375, 0.0, 0.2500000298023224, 0.0, -88.34700775146484, 7.784367459888749
4580, 351.97039794921875, -184.92193603515625, 0.0, 0.30000004172325134, 0.0, -88.34770965576172, 7.755385778363184
4581, 351.97467041015625, -185.0715789794922, 0.0, 0.3500000536441803, 0.0, -88.34842681884766, 7.7295150510600585
4582, 351.979248046875, -185.22854614257812, 0.0, 0.40000006556510925, 0.0, -88.34918212890625, 7.7090240985410725
4583, 351.9835510253906, -185.37747192382812, 0.0, 0.42500007152557373, 0.0, -88.349853515625, 7.694966063391579
4584, 351.9877624511719, -185.5232391357422, 0.0, 0.4750000834465027, 0.0, -88.35039520263672, 7.686483843031137
4585, 351.9919128417969, -185.6671600341797, 0.0, 0.5250000357627869, 0.0, -88.35089111328125, 7.683564221086819
4586, 351.99639892578125, -185.82083129882812, 0.0, 0.574999988079071, 0.0, -88.3512954711914, 7.686962818360736
4587, 352.0007019042969, -185.9690399169922, 0.0, 0.6249999403953552, 0.0, -88.3515625, 7.695666193642808
4588, 352.0048828125, -186.1144561767578, 0.0019098592456430197, 0.6499999165534973, 0.0, -88.35086059570312, 7.709708447078892
4589, 352.0089111328125, -186.250244140625, 0.005729577504098415, 0.6999998688697815, 0.0, -88.34786224365234, 7.727214769230331
4590, 352.0137023925781, -186.40835571289062, 0.009549296461045742, 0.6499999165534973, 0.0, -88.33992767333984, 7.752081385404399
4591, 352.0181884765625, -186.55191040039062, 0.010822535492479801, 0.5999999642372131, 0.0, -88.32772827148438, 7.776042486068765
4592, 352.0227355957031, -186.69198608398438, 0.010185915045440197, 0.574999988079071, 0.0, -88.31243896484375, 7.79920192843331
4593, 352.0278015136719, -186.84689331054688, 0.008912675082683563, 0.5250000357627869, 0.0, -88.29277801513672, 7.823522298341802
4594, 352.0325622558594, -186.99078369140625, 0.008912675082683563, 0.5250000357627869, 0.0, -88.27325439453125, 7.843603120613353
4595, 352.03759765625, -187.14273071289062, 0.00636619608849287, 0.42500004172325134, 0.0, -88.2522201538086, 7.8612297511578335
4596, 352.04241943359375, -187.28746032714844, 0.005092956591397524, 0.3750000298023224, 0.0, -88.23258972167969, 7.873797488384902
4597, 352.04754638671875, -187.4418182373047, 0.004456337075680494, 0.3500000238418579, 0.0, -88.21249389648438, 7.882400791080956
4598, 352.0523681640625, -187.58865356445312, 0.0025464773643761873, 0.2750000059604645, 0.0, -88.19493865966797, 7.885760114153283
4599, 352.05694580078125, -187.7287139892578, 0.0, 0.22499999403953552, 0.0, -88.18059539794922, 7.883562035009264
4600, 352.0622863769531, -187.89414978027344, 0.0, 0.17499998211860657, 0.0, -88.16646575927734, 7.873795775278916
4601, 352.0668640136719, -188.0350799560547, 0.0, 0.1499999761581421, 0.0, -88.15664672851562, 7.86024216637858
4602, 352.07147216796875, -188.17906188964844, 0.0, 0.09999997913837433, 0.0, -88.14832305908203, 7.841579059772315
4603, 352.07647705078125, -188.3345489501953, 0.0, 0.04999998211860657, 0.0, -88.14102172851562, 7.815728307591632
4604, 352.08135986328125, -188.48501586914062, 0.0, 0.024999981746077538, 0.0, -88.1352767944336, 7.785007069841871
4605, 352.0857849121094, -188.62173461914062, 0.0, 0.0, 0.0, -88.13104248046875, 7.752393422037113
4606, 352.0906677246094, -188.771728515625, 0.0, 0.0, 0.0, -88.12732696533203, 7.712738206478116
4607, 352.095458984375, -188.9208984375, 0.0, 0.0, 0.0, -88.12445068359375, 7.670250674854694
4608, 352.1004638671875, -189.07574462890625, 0.0, 0.0, 0.0, -88.12227630615234, 7.623214497233337
4609, 352.1048889160156, -189.2109375, 0.0, 0.0, 0.0, -88.12088012695312, 7.580954916570312
4610, 352.1097717285156, -189.360107421875, 0.0, 0.0, 0.0, -88.11991119384766, 7.533081957714987
4611, 352.1144714355469, -189.50665283203125, 0.0, 0.0, 0.0, -88.11937713623047, 7.485085102359033
4612, 352.1189270019531, -189.6435089111328, 0.0, 0.0, 0.0, -88.1192855834961, 7.439732868470337
4613, 352.1233825683594, -189.77813720703125, 0.0, 0.0, 0.0, -88.11953735351562, 7.394854867436603
4614, 352.1281433105469, -189.92343139648438, 0.0, 0.0, 0.0, -88.12061309814453, 7.346291555414348
4615, 352.1324462890625, -190.0536651611328, 0.0, 0.0, 0.0, -88.12120819091797, 7.302264240618109
4616, 352.13690185546875, -190.1903533935547, 0.0, 0.0, 0.0, -88.12252807617188, 7.2558074413847065
4617, 352.1414794921875, -190.32833862304688, 0.0, 0.0, 0.0, -88.12421417236328, 7.208062274335075
4618, 352.14617919921875, -190.47244262695312, 0.0, 0.0, 0.0, -88.12421417236328, 7.1587195016446845
4619, 352.1505126953125, -190.60459899902344, 0.0, 0.0, 0.0, -88.12462615966797, 7.114106411538964
4620, 352.1547546386719, -190.73440551757812, 0.0, 0.0, 0.0, -88.12491607666016, 7.069895629572076
4621, 352.1589660644531, -190.86314392089844, 0.0, 0.0, 0.0, -88.12570190429688, 7.024948530496227
4622, 352.1632080078125, -190.9921875, 0.0, 0.0, 0.0, -88.12667846679688, 6.979330441856039
4623, 352.16766357421875, -191.1268768310547, 0.0, 0.0, 0.0, -88.12725830078125, 6.931535489203985
4624, 352.1722106933594, -191.26519775390625, 0.0, 0.0, 0.0, -88.13042449951172, 6.885113938588027
4625, 352.17633056640625, -191.38946533203125, 0.0, 0.0, 0.0, -88.13249969482422, 6.843596126049123
4626, 352.1806640625, -191.52003479003906, 0.0, 0.0, 0.0, -88.1353530883789, 6.799283397355176
4627, 352.1850280761719, -191.65362548828125, 0.0, 0.0, 0.0, -88.13758087158203, 6.751454717060824
4628, 352.1894836425781, -191.79055786132812, 0.0, 0.0, 0.0, -88.13593292236328, 6.704917435528205
4629, 352.1933898925781, -191.90980529785156, 0.0, 0.0, 0.0, -88.1352310180664, 6.665124029491044
4630, 352.1973876953125, -192.03195190429688, 0.0, 0.05000000074505806, 0.0, -88.13455200195312, 6.62431919842843
4631, 352.2015686035156, -192.16134643554688, 0.0, 0.10000000149011612, 0.0, -88.13404083251953, 6.579973980425583
4632, 352.2057800292969, -192.29039001464844, 0.0, 0.15000000596046448, 0.0, -88.13443756103516, 6.53521154885042
4633, 352.20965576171875, -192.40777587890625, 0.0, 0.17500001192092896, 0.0, -88.13581085205078, 6.498757227665993
4634, 352.2137756347656, -192.5345458984375, 0.0, 0.2250000238418579, 0.0, -88.13593292236328, 6.463062304987962
4635, 352.2180480957031, -192.664794921875, 0.0, 0.27500003576278687, 0.0, -88.13948822021484, 6.438848766741655
4636, 352.2223815917969, -192.7997589111328, 0.0, 0.3250000476837158, 0.0, -88.13909912109375, 6.424192268302502
4637, 352.2262878417969, -192.92001342773438, 0.0, 0.3750000596046448, 0.0, -88.1382827758789, 6.413113186670832
4638, 352.23016357421875, -193.03970336914062, 0.0, 0.3750000596046448, 0.0, -88.13777923583984, 6.413113186670832
4639, 352.2345275878906, -193.17218017578125, 0.0, 0.40000006556510925, 0.0, -88.14154052734375, 6.390056447208169
4640, 352.2388610839844, -193.30490112304688, 0.0, 0.5000000596046448, 0.0, -88.14077758789062, 6.396750375972979
4641, 352.2427673339844, -193.42579650878906, 0.0, 0.550000011920929, 0.0, -88.13983154296875, 6.405722262942792
4642, 352.2468566894531, -193.55328369140625, 0.0, 0.6249999403953552, 0.0, -88.13789367675781, 6.407134418886106
4643, 352.2510986328125, -193.68161010742188, 0.0, 0.6749998927116394, 0.0, -88.14063262939453, 6.421136135202702
4644, 352.25531005859375, -193.81265258789062, 0.0, 0.7249998450279236, 0.0, -88.14022064208984, 6.457873553005814
4645, 352.25927734375, -193.93478393554688, 0.0, 0.7749997973442078, 0.0, -88.13992309570312, 6.495840403313335
4646, 352.26336669921875, -194.05972290039062, 0.0, 0.7999997735023499, 0.0, -88.13914489746094, 6.5357044211149855
4647, 352.2677917480469, -194.19586181640625, 0.0, 0.849999725818634, 0.0, -88.13951873779297, 6.583191674691096
4648, 352.272216796875, -194.3314666748047, 0.0, 0.8999996781349182, 0.0, -88.13861846923828, 6.637917391283113
4649, 352.2766418457031, -194.4682159423828, 0.0, 0.9499996304512024, 0.0, -88.13782501220703, 6.697152439200538
4650, 352.28082275390625, -194.59706115722656, 0.0, 0.9999995827674866, 0.0, -88.1368408203125, 6.756407350692214
4651, 352.28509521484375, -194.72935485839844, 0.0, 1.0, 0.0, -88.13568115234375, 6.820849187657553
4652, 352.2896423339844, -194.8683319091797, 0.0, 1.0, 0.0, -88.13436889648438, 6.891392689478312
4653, 352.2941589355469, -195.00991821289062, 0.0, 1.0, 0.0, -88.13287353515625, 6.964890947812287
4654, 352.29876708984375, -195.1517791748047, 0.0, 1.0, 0.0, -88.13126373291016, 7.039492332096766
4655, 352.30303955078125, -195.2836151123047, 0.0, 1.0, 0.0, -88.12970733642578, 7.109149827812703
4656, 352.3076171875, -195.42417907714844, 0.0, 1.0, 0.0, -88.1279296875, 7.183579018262389
4657, 352.3122863769531, -195.56884765625, 0.0, 1.0, 0.0, -88.12602233886719, 7.2601090484423505
4658, 352.31732177734375, -195.72320556640625, 0.0, 1.0, 0.0, -88.12397003173828, 7.341581281117756
4659, 352.32220458984375, -195.8727569580078, 0.0, 1.0, 0.0, -88.12187194824219, 7.420073928811378
4660, 352.3269958496094, -196.0192108154297, 0.0, 1.0, 0.0, -88.1197738647461, 7.496380360592277
4661, 352.33172607421875, -196.16554260253906, 0.0, 0.9500000476837158, 0.0, -88.11768341064453, 7.571693910890489
4662, 352.33648681640625, -196.3126983642578, -0.0019098592456430197, 0.9000000953674316, 0.0, -88.11639404296875, 7.6452345330342295
4663, 352.3414001464844, -196.46739196777344, -0.005729577504098415, 0.8500001430511475, 0.0, -88.11758422851562, 7.718947710391067
4664, 352.3464660644531, -196.6312255859375, -0.009549296461045742, 0.8000001907348633, 0.0, -88.12384033203125, 7.792342626812431
4665, 352.3508605957031, -196.77886962890625, -0.01145915500819683, 0.7750002145767212, 0.0, -88.13469696044922, 7.8543210600418485
4666, 352.3553771972656, -196.9389190673828, -0.015278873965144157, 0.725000262260437, 0.0, -88.15239715576172, 7.916454527664385
4667, 352.3596496582031, -197.0973663330078, -0.019098592922091484, 0.6750003099441528, 0.0, -88.17819213867188, 7.972969994882938
4668, 352.3638610839844, -197.2631072998047, -0.02291831001639366, 0.6250003576278687, 0.0, -88.21353149414062, 8.02553784091119
4669, 352.3674621582031, -197.41302490234375, -0.02164507284760475, 0.5750004053115845, 0.0, -88.25254821777344, 8.068046651521017
4670, 352.3710021972656, -197.57083129882812, -0.020371833816170692, 0.5250004529953003, 0.0, -88.29859161376953, 8.106928966782549
4671, 352.3744812011719, -197.730224609375, -0.019098596647381783, 0.4750004708766937, 0.0, -88.34843444824219, 8.139772717683533
4672, 352.3780822753906, -197.89810180664062, -0.017825357615947723, 0.42500045895576477, 0.0, -88.40306854248047, 8.166715799418443
4673, 352.3815612792969, -198.06549072265625, -0.016552118584513664, 0.3750004470348358, 0.0, -88.45883178710938, 8.186299426271711
4674, 352.3850402832031, -198.23779296875, -0.015278879553079605, 0.32500043511390686, 0.0, -88.51644134521484, 8.198845482467467
4675, 352.3880920410156, -198.38958740234375, -0.014005639590322971, 0.2750004231929779, 0.0, -88.56671905517578, 8.203823245660926
4676, 352.39117431640625, -198.54718017578125, -0.013369019143283367, 0.2500004172325134, 0.0, -88.61798095703125, 8.202666876215165
4677, 352.3943786621094, -198.71432495117188, -0.012095779180526733, 0.20000040531158447, 0.0, -88.67105102539062, 8.194543501088898
4678, 352.39752197265625, -198.8830108642578, -0.0108225392177701, 0.15000039339065552, 0.0, -88.72257995605469, 8.179711107579902
4679, 352.40032958984375, -199.0362091064453, -0.009549299255013466, 0.10000038892030716, 0.0, -88.7672119140625, 8.16080685026888
4680, 352.4031982421875, -199.19219970703125, -0.008276058360934258, 0.0500003919005394, 0.0, -88.81021118164062, 8.135710884963544
4681, 352.40625, -199.3590545654297, -0.007002819329500198, 3.915280046840053e-07, 0.0, -88.8534164428711, 8.1017963196808
4682, 352.4090881347656, -199.52232360839844, -0.005729580298066139, 0.0, 0.0, -88.892578125, 8.06224870891563
4683, 352.4117431640625, -199.67189025878906, -0.005092960316687822, 0.0, 0.0, -88.92549133300781, 8.022406775965942
4684, 352.41461181640625, -199.8314971923828, -0.0031831010710448027, 0.0, 0.0, -88.9571762084961, 7.9768410673141785
4685, 352.41729736328125, -199.9839630126953, -0.0019098614575341344, 0.0, 0.0, -88.98397827148438, 7.931035236510904
4686, 352.4201354980469, -200.1448516845703, 0.0, 0.0, 0.0, -89.00834655761719, 7.880875593194638
4687, 352.42303466796875, -200.3077850341797, 0.0, 0.0, 0.0, -89.02906036376953, 7.828726839325679
4688, 352.4259948730469, -200.47286987304688, 0.0038197184912860394, 0.0, 0.0, -89.04488372802734, 7.774855277215127
4689, 352.4287109375, -200.61740112304688, 0.005729577504098415, 0.0, 0.0, -89.0534896850586, 7.727035524614455
4690, 352.43157958984375, -200.76620483398438, 0.009549296461045742, 0.0, 0.0, -89.0562744140625, 7.67727547072426
4691, 352.4347229003906, -200.9226531982422, 0.013369014486670494, 0.02500000037252903, 0.0, -89.05198669433594, 7.625456994431391
4692, 352.438232421875, -201.08436584472656, 0.01718873344361782, 0.07500000298023224, 0.0, -89.03807067871094, 7.57287713596143
4693, 352.4415283203125, -201.22555541992188, 0.021008450537919998, 0.125, 0.0, -89.01680755615234, 7.528973971683363
4694, 352.445068359375, -201.37164306640625, 0.019735213369131088, 0.17500001192092896, 0.0, -88.98748016357422, 7.486977231841305
4695, 352.448974609375, -201.5244140625, 0.019098594784736633, 0.20000001788139343, 0.0, -88.95104217529297, 7.447803996415258
4696, 352.4530334472656, -201.6790313720703, 0.017825355753302574, 0.2500000298023224, 0.0, -88.9095230102539, 7.412740265984477
4697, 352.45703125, -201.8296661376953, 0.016552116721868515, 0.30000004172325134, 0.0, -88.86601257324219, 7.383749491311455
4698, 352.46112060546875, -201.98236083984375, 0.014642258174717426, 0.3750000596046448, 0.0, -88.82054901123047, 7.3602448859036445
4699, 352.4648742675781, -202.1204833984375, 0.013369017280638218, 0.42500007152557373, 0.0, -88.77928924560547, 7.344791052807489
4700, 352.4687805175781, -202.26409912109375, 0.012095777317881584, 0.4750000834465027, 0.0, -88.73696899414062, 7.335290450451809
4701, 352.4729309082031, -202.41476440429688, 0.01082253735512495, 0.5250000357627869, 0.0, -88.69384002685547, 7.332997816779145
4702, 352.47705078125, -202.5637664794922, 0.009549297392368317, 0.574999988079071, 0.0, -88.65304565429688, 7.337572097137525
4703, 352.48095703125, -202.7063446044922, 0.008912676945328712, 0.5999999642372131, 0.0, -88.61603546142578, 7.347466710916484
4704, 352.48486328125, -202.84906005859375, 0.007639436982572079, 0.6499999165534973, 0.0, -88.5810775756836, 7.3626356292244575
4705, 352.48876953125, -202.99034118652344, 0.0063661979511380196, 0.6999998688697815, 0.0, -88.54894256591797, 7.382943709723173
4706, 352.4930114746094, -203.14361572265625, 0.005092958454042673, 0.7499998211860657, 0.0, -88.516845703125, 7.411234816531102
4707, 352.49725341796875, -203.29571533203125, 0.0038197189569473267, 0.7999997735023499, 0.0, -88.48822784423828, 7.4451487810088866
4708, 352.5015869140625, -203.4499053955078, 0.0025464792270213366, 0.849999725818634, 0.0, -88.46260070800781, 7.485328733777625
4709, 352.50543212890625, -203.5885467529297, 0.0019098594784736633, 0.8749997019767761, 0.0, -88.44253540039062, 7.525903785144345
4710, 352.50946044921875, -203.73468017578125, 0.0, 0.9249996542930603, 0.0, -88.42467498779297, 7.573062535284853
4711, 352.51373291015625, -203.89044189453125, 0.0, 0.9749996066093445, 0.0, -88.40863037109375, 7.628793992300761
4712, 352.51806640625, -204.0500030517578, 0.0, 0.9749996066093445, 0.0, -88.39488983154297, 7.690641760308014
4713, 352.5220642089844, -204.1953887939453, 0.0, 0.9249996542930603, 0.0, -88.38442993164062, 7.74938654723179
4714, 352.5262756347656, -204.34942626953125, 0.0, 0.8749997019767761, 0.0, -88.37496185302734, 7.8120801055790405
4715, 352.5304870605469, -204.50210571289062, 0.0, 0.849999725818634, 0.0, -88.36682891845703, 7.873265681428112
4716, 352.5350036621094, -204.66455078125, 0.0, 0.7749997973442078, 0.0, -88.35929107666016, 7.936078369948444
4717, 352.53955078125, -204.82814025878906, 0.0, 0.7249998450279236, 0.0, -88.35271453857422, 7.9954174697045834
4718, 352.5438232421875, -204.97879028320312, 0.0, 0.6749998927116394, 0.0, -88.34745025634766, 8.046179881717787
4719, 352.5481872558594, -205.13427734375, 0.0, 0.6249999403953552, 0.0, -88.3426284790039, 8.093861774066214
4720, 352.5529479980469, -205.30169677734375, 0.0, 0.574999988079071, 0.0, -88.33806610107422, 8.138961395264634
4721, 352.5577392578125, -205.4684295654297, 0.0, 0.5250000357627869, 0.0, -88.33405303955078, 8.17756588915536
4722, 352.5626220703125, -205.6380615234375, 0.0, 0.5000000596046448, 0.0, -88.33043670654297, 8.210463371145108
4723, 352.5671081542969, -205.7943115234375, 0.0, 0.4500000476837158, 0.0, -88.32759857177734, 8.23570175387859
4724, 352.57177734375, -205.95530700683594, 0.0, 0.40000003576278687, 0.0, -88.32501220703125, 8.25588183201632
4725, 352.57666015625, -206.123779296875, 0.0, 0.3500000238418579, 0.0, -88.32269287109375, 8.269859609715636
4726, 352.5816650390625, -206.29698181152344, 0.0, 0.30000001192092896, 0.0, -88.32061004638672, 8.277072849046291
4727, 352.5860595703125, -206.44622802734375, 0.0, 0.25, 0.0, -88.31915283203125, 8.277664427616608
4728, 352.5907287597656, -206.60618591308594, 0.0, 0.22499999403953552, 0.0, -88.31784057617188, 8.27226673703116
4729, 352.5956115722656, -206.7762451171875, 0.0, 0.17499998211860657, 0.0, -88.31670379638672, 8.259798374787206
4730, 352.6004333496094, -206.942138671875, 0.0, 0.12499997764825821, 0.0, -88.3158950805664, 8.241377770071976
4731, 352.60504150390625, -207.09898376464844, 0.0, 0.07499998062849045, 0.0, -88.31536865234375, 8.218609744064718
4732, 352.6097106933594, -207.25979614257812, 0.0, -1.8253922817734747e-08, 0.0, -88.31503295898438, 8.189012359787364
4733, 352.6144714355469, -207.4221649169922, 0.0, 0.0, 0.0, -88.3149185180664, 8.152125638070633
4734, 352.6195373535156, -207.59356689453125, 0.0, 0.0, 0.0, -88.31507110595703, 8.107661549396381
4735, 352.62432861328125, -207.75567626953125, 0.0, 0.0, 0.0, -88.31536102294922, 8.062047492058412
4736, 352.6292419433594, -207.92193603515625, 0.0, 0.0, 0.0, -88.3158950805664, 8.012631436907501
4737, 352.6336364746094, -208.0703887939453, 0.0, 0.0, 0.0, -88.3165283203125, 7.966844713203694
4738, 352.63836669921875, -208.23109436035156, 0.0, 0.0, 0.0, -88.31732177734375, 7.915823531997766
4739, 352.6431579589844, -208.39366149902344, 0.0, 0.0, 0.0, -88.31830596923828, 7.863136208237339
4740, 352.6478576660156, -208.55393981933594, 0.0, 0.0, 0.0, -88.31932067871094, 7.810386169216678
4741, 352.65264892578125, -208.71737670898438, 0.0, 0.0, 0.0, -88.32052612304688, 7.755984404567787
4742, 352.65716552734375, -208.87039184570312, 0.0, 0.0, 0.0, -88.32169342041016, 7.7046005242650475
4743, 352.6613464355469, -209.01461791992188, 0.0, 0.0, 0.0, -88.3244400024414, 7.655877773816514
4744, 352.66558837890625, -209.16526794433594, -0.009549296461045742, 0.02500000037252903, 0.0, -88.33184814453125, 7.605524087404257
4745, 352.6697082519531, -209.31800842285156, -0.013369014486670494, 0.07500000298023224, 0.0, -88.34524536132812, 7.5555839444432
4746, 352.67333984375, -209.46351623535156, -0.01718873344361782, 0.125, 0.0, -88.36564636230469, 7.510113901029557
4747, 352.6766662597656, -209.6056365966797, -0.019098592922091484, 0.15000000596046448, 0.0, -88.39257049560547, 7.468885826847467
4748, 352.6800842285156, -209.7567596435547, -0.017825353890657425, 0.20000001788139343, 0.0, -88.42684173583984, 7.429116126102532
4749, 352.6833190917969, -209.91015625, -0.016552114859223366, 0.20000001788139343, 0.0, -88.46613311767578, 7.392918071462494
4750, 352.68646240234375, -210.064697265625, -0.015278875827789307, 0.15000000596046448, 0.0, -88.50875854492188, 7.358890241584186
4751, 352.689453125, -210.2128143310547, -0.014005635865032673, 0.10000000149011612, 0.0, -88.55107879638672, 7.326079881979229
4752, 352.6921691894531, -210.3524169921875, -0.012732395902276039, 0.05000000447034836, 0.0, -88.59136199951172, 7.293491482394668
4753, 352.69482421875, -210.49249267578125, -0.012095775455236435, 0.02500000409781933, 0.0, -88.63168334960938, 7.258030676538179
4754, 352.69781494140625, -210.6488494873047, -0.010822535492479801, -0.02499999664723873, 0.0, -88.67589569091797, 7.215271706673506
4755, 352.7005920410156, -210.79364013671875, -0.008912675082683563, 0.0, 0.0, -88.7152328491211, 7.172834344304328
4756, 352.70343017578125, -210.94322204589844, -0.0076394351199269295, 0.0, 0.0, -88.75360107421875, 7.126802949009714
4757, 352.70611572265625, -211.08602905273438, -0.00636619608849287, 0.0, 0.0, -88.7877197265625, 7.081333446538995
4758, 352.7086181640625, -211.219482421875, -0.005092956591397524, 0.0, 0.0, -88.81689453125, 7.037886435628337
4759, 352.7112731933594, -211.35755920410156, -0.0038197170943021774, 0.0, 0.0, -88.84410858154297, 6.992204929109867
4760, 352.7139892578125, -211.50241088867188, -0.003183097345754504, 0.0, 0.0, -88.86979675292969, 6.943698538026336
4761, 352.7166748046875, -211.64564514160156, -0.001909857615828514, 0.0, 0.0, -88.89202117919922, 6.895310181356589
4762, 352.7194519042969, -211.78919982910156, 0.0, 0.0, 0.0, -88.91061401367188, 6.846507954939081
4763, 352.7219543457031, -211.91799926757812, 0.0, 0.0, 0.0, -88.92412567138672, 6.802510783934745
4764, 352.7246398925781, -212.056884765625, 0.0, 0.0, 0.0, -88.93636322021484, 6.754963994925346
4765, 352.7273254394531, -212.1952667236328, 0.0, 0.0, 0.0, -88.94644165039062, 6.707480382924646
4766, 352.72998046875, -212.33302307128906, 0.0, 0.0, 0.0, -88.95470428466797, 6.6601300644435595
4767, 352.7326354980469, -212.471435546875, 0.0, 0.0, 0.0, -88.96160125732422, 6.6124925885971875
4768, 352.7349853515625, -212.59716796875, 0.0, 0.0, 0.0, -88.96678924560547, 6.5691541432794525
4769, 352.7373352050781, -212.723388671875, 0.0, 0.0, 0.0, -88.9712142944336, 6.5256223481959355
4770, 352.7398376464844, -212.85748291015625, 0.0, 0.0, 0.0, -88.97527313232422, 6.479397515672231
4771, 352.7423400878906, -212.992431640625, 0.0, 0.0, 0.0, -88.97875213623047, 6.4328456790047355
4772, 352.7448425292969, -213.1279296875, 0.0, 0.0, 0.0, -88.98177337646484, 6.386089298766024
4773, 352.7471923828125, -213.26084899902344, 0.0, 0.0, 0.0, -88.98434448242188, 6.340208930584835
4774, 352.74957275390625, -213.39089965820312, 0.0, 0.0, 0.0, -88.98656463623047, 6.295301419132587
4775, 352.7516784667969, -213.51046752929688, 0.0, 0.0, 0.0, -88.98845672607422, 6.25396901811172
4776, 352.75390625, -213.63462829589844, 0.0, 0.0, 0.0, -88.99040985107422, 6.211032235089211
4777, 352.7562561035156, -213.76507568359375, 0.0, 0.0, 0.0, -88.99162292480469, 6.166230996328953
4778, 352.7585144042969, -213.89146423339844, 0.0, 0.0, 0.0, -88.99376678466797, 6.122727753758202
4779, 352.7607421875, -214.01626586914062, 0.0, 0.0, 0.0, -88.99432373046875, 6.079925401483463
4780, 352.76300048828125, -214.14491271972656, 0.0, 0.0, 0.0, -88.99695587158203, 6.0353246916038295
4781, 352.76495361328125, -214.2567901611328, 0.0, 0.0, 0.0, -88.99981689453125, 5.994891637743638
4782, 352.7670593261719, -214.3778533935547, 0.0, 0.0, 0.0, -88.99877166748047, 5.950178194506342
4783, 352.76922607421875, -214.49774169921875, 0.0, 0.0, 0.0, -89.00131225585938, 5.909882781412541
4784, 352.7713317871094, -214.61932373046875, 0.0, 0.0, 0.0, -89.00048828125, 5.868710010569347
4785, 352.7734375, -214.73936462402344, 0.0, 0.0, 0.0, -89.00345611572266, 5.828071523298479
4786, 352.7756652832031, -214.8643341064453, 0.0, 0.0, 0.0, -89.00171661376953, 5.78558591756306
4787, 352.77752685546875, -214.97412109375, 0.0, 0.0, 0.0, -88.9993896484375, 5.744801971797264
4788, 352.77947998046875, -215.0849609375, 0.0, 0.05000000074505806, 0.0, -88.9998779296875, 5.694406430619571
4789, 352.7816467285156, -215.20278930664062, 0.0, 0.10000000149011612, 0.0, -89.0048599243164, 5.655888484283468
4790, 352.78369140625, -215.3211669921875, 0.0, 0.15000000596046448, 0.0, -89.00326538085938, 5.626741373569575
4791, 352.7857360839844, -215.433349609375, 0.0, 0.20000001788139343, 0.0, -89.0069580078125, 5.601783883118125
4792, 352.787841796875, -215.55364990234375, 0.0, 0.2500000298023224, 0.0, -89.00489044189453, 5.578345757518042
4793, 352.7896728515625, -215.65953063964844, 0.0, 0.30000004172325134, 0.0, -89.00251770019531, 5.553501439297925
4794, 352.7914733886719, -215.76185607910156, 0.0, 0.3250000476837158, 0.0, -89.00341796875, 5.519121418549655
4795, 352.7935485839844, -215.87612915039062, 0.0, 0.40000006556510925, 0.0, -89.0085678100586, 5.507448392548412
4796, 352.7956237792969, -215.99468994140625, 0.0, 0.4500000774860382, 0.0, -89.00613403320312, 5.510197703845677
4797, 352.7976379394531, -216.107177734375, 0.0, 0.5000000596046448, 0.0, -89.00992584228516, 5.517982654192582
4798, 352.7996826171875, -216.22561645507812, 0.0, 0.550000011920929, 0.0, -89.0073013305664, 5.532253620965683
4799, 352.801513671875, -216.33102416992188, 0.0038197184912860394, 0.5999999642372131, 0.0, -89.00289916992188, 5.537786251455245
4800, 352.8035583496094, -216.43882751464844, 0.007639436982572079, 0.6499999165534973, 0.0, -88.99840545654297, 5.519486176951224
4801, 352.80584716796875, -216.5507049560547, 0.01145915500819683, 0.6999998688697815, 0.0, -88.9926986694336, 5.54648534024515
4802, 352.8082275390625, -216.6643829345703, 0.013369014486670494, 0.7249998450279236, 0.0, -88.97700500488281, 5.606857902974678
4803, 352.8106994628906, -216.7704315185547, 0.01718873344361782, 0.7749997973442078, 0.0, -88.95641326904297, 5.6617124235752145
4804, 352.81341552734375, -216.8826141357422, 0.015915492549538612, 0.8249997496604919, 0.0, -88.92851257324219, 5.704457292700906
4805, 352.81634521484375, -216.99903869628906, 0.014642253518104553, 0.8749997019767761, 0.0, -88.90216827392578, 5.750712439336077
4806, 352.8194885253906, -217.1205291748047, 0.013369012624025345, 0.8249997496604919, 0.0, -88.86959838867188, 5.823416431644481
4807, 352.8225402832031, -217.24005126953125, 0.012095772661268711, 0.7749997973442078, 0.0, -88.83779907226562, 5.892210342855179
4808, 352.82568359375, -217.36346435546875, 0.010822532698512077, 0.7249998450279236, 0.0, -88.80477905273438, 5.957861829472425
4809, 352.82879638671875, -217.4824981689453, 0.009549291804432869, 0.6749998927116394, 0.0, -88.77388763427734, 6.015688890526662
4810, 352.83197021484375, -217.60784912109375, 0.008276051841676235, 0.6249999403953552, 0.0, -88.74319458007812, 6.069699349945281
4811, 352.8351745605469, -217.7342071533203, 0.007002812810242176, 0.574999988079071, 0.0, -88.71401977539062, 6.117582495654845
4812, 352.8387451171875, -217.87478637695312, 0.00572957331314683, 0.5250000357627869, 0.0, -88.68468475341797, 6.163165197328413
4813, 352.84210205078125, -218.0078125, 0.0044563342817127705, 0.4750000536441803, 0.0, -88.65966796875, 6.198779184443745
4814, 352.8457336425781, -218.14976501464844, 0.0031830943189561367, 0.42500004172325134, 0.0, -88.63668823242188, 6.22904941419877
4815, 352.84906005859375, -218.28384399414062, 0.0019098548218607903, 0.3750000298023224, 0.0, -88.61798858642578, 6.250241733197992
4816, 352.8526916503906, -218.43032836914062, 0.0, 0.30000001192092896, 0.0, -88.60240936279297, 6.264962948022838
4817, 352.85595703125, -218.5634307861328, 0.0, 0.25, 0.0, -88.59078979492188, 6.2698939811479875
4818, 352.8594055175781, -218.70416259765625, 0.0, 0.19999998807907104, 0.0, -88.58255004882812, 6.267221379564192
4819, 352.86285400390625, -218.84689331054688, 0.0, 0.1499999761581421, 0.0, -88.57418823242188, 6.255966976459489
4820, 352.8663330078125, -218.98849487304688, 0.0, 0.09999997913837433, 0.0, -88.57091522216797, 6.2367856578501115
4821, 352.86981201171875, -219.12855529785156, 0.0, 0.04999998211860657, 0.0, -88.56462860107422, 6.211164599444898
4822, 352.8733215332031, -219.27288818359375, -0.005729577504098415, 0.0, 0.0, -88.56816101074219, 6.177636047057397
4823, 352.8763122558594, -219.40638732910156, -0.009549296461045742, 0.0, 0.0, -88.57078552246094, 6.141851032636067
4824, 352.87933349609375, -219.54312133789062, -0.013369014486670494, 0.02500000037252903, 0.0, -88.58712005615234, 6.103507427083226
4825, 352.8819885253906, -219.67835998535156, -0.01718873344361782, 0.07500000298023224, 0.0, -88.6053466796875, 6.064449771790325
4826, 352.88446044921875, -219.81117248535156, -0.015915492549538612, 0.125, 0.0, -88.63607025146484, 6.027428504371862
4827, 352.8868713378906, -219.95278930664062, -0.014642253518104553, 0.17500001192092896, 0.0, -88.66625213623047, 5.9903175509571085
4828, 352.8891296386719, -220.08218383789062, -0.013369012624025345, 0.2250000238418579, 0.0, -88.70346069335938, 5.960310344744807
4829, 352.8913269042969, -220.2146453857422, -0.012095772661268711, 0.27500003576278687, 0.0, -88.735595703125, 5.93570313366849
4830, 352.89361572265625, -220.34991455078125, -0.010822532698512077, 0.27500003576278687, 0.0, -88.77562713623047, 5.913713230026826
4831, 352.89569091796875, -220.4786834716797, -0.00891267228871584, 0.20000001788139343, 0.0, -88.80513763427734, 5.89582999279162
4832, 352.8978576660156, -220.6070098876953, -0.007639432325959206, 0.15000000596046448, 0.0, -88.83943176269531, 5.878212224299319
4833, 352.8999938964844, -220.73887634277344, -0.0063661932945251465, 0.10000000149011612, 0.0, -88.8651123046875, 5.856798843902131
4834, 352.90228271484375, -220.870849609375, -0.0050929537974298, 0.05000000447034836, 0.0, -88.89581298828125, 5.8301595431222095
4835, 352.9044189453125, -220.99668884277344, -0.0038197143003344536, -0.02499999664723873, 0.0, -88.91490936279297, 5.801760149919699
4836, 352.9067077636719, -221.1267852783203, -0.0019098548218607903, 0.0, 0.0, -88.93887329101562, 5.767547575630782
4837, 352.908935546875, -221.2550506591797, 0.0, 0.0, 0.0, -88.95049285888672, 5.729511631155994
4838, 352.9113464355469, -221.38351440429688, 0.0, 0.0, 0.0, -88.96746826171875, 5.689002784009532
4839, 352.91363525390625, -221.51405334472656, 0.0, 0.0, 0.0, -88.97265625, 5.64532375944858
4840, 352.9158630371094, -221.63421630859375, 0.0, 0.0, 0.0, -88.9842300415039, 5.605573638769096
4841, 352.9179992675781, -221.75413513183594, 0.0, 0.0, 0.0, -88.98660278320312, 5.566310232252965
4842, 352.92034912109375, -221.88064575195312, 0.0, 0.0, 0.0, -88.99649047851562, 5.5223552760922185
4843, 352.92242431640625, -222.00148010253906, 0.0, 0.02500000037252903, 0.0, -88.99600982666016, 5.4807065270337185
4844, 352.9246520996094, -222.1239471435547, 0.0, 0.07500000298023224, 0.0, -89.00384521484375, 5.440098331296846
4845, 352.9267578125, -222.2473907470703, 0.0, 0.125, 0.0, -89.00152587890625, 5.400313807838326
4846, 352.9288330078125, -222.3631591796875, 0.0, 0.125, 0.0, -89.00814819335938, 5.368205268824062
4847, 352.9307861328125, -222.4777069091797, 0.0, 0.2500000298023224, 0.0, -89.0058822631836, 5.342692629358358
4848, 352.93292236328125, -222.60263061523438, -0.005729577504098415, 0.3250000476837158, 0.0, -89.01593017578125, 5.316295066838668
4849, 352.9346923828125, -222.7217559814453, -0.005729577504098415, 0.3250000476837158, 0.0, -89.01922607421875, 5.296333773800354
4850, 352.93621826171875, -222.8330841064453, -0.013369014486670494, 0.42500007152557373, 0.0, -89.037109375, 5.289637557326635
4851, 352.93756103515625, -222.95152282714844, -0.01718873344361782, 0.4750000834465027, 0.0, -89.05388641357422, 5.288406536878827
4852, 352.9387512207031, -223.0708770751953, -0.021008450537919998, 0.4750000536441803, 0.0, -89.08888244628906, 5.288639932032825
4853, 352.93951416015625, -223.1840362548828, -0.024828169494867325, 0.42500004172325134, 0.0, -89.12033081054688, 5.296940711383923
4854, 352.9401550292969, -223.2982177734375, -0.026101410388946533, 0.3750000298023224, 0.0, -89.16779327392578, 5.309395436041522
4855, 352.9405822753906, -223.41949462890625, -0.024828171357512474, 0.32500001788139343, 0.0, -89.21444702148438, 5.3167354557690585
4856, 352.94091796875, -223.5379180908203, -0.023554934188723564, 0.2750000059604645, 0.0, -89.27355194091797, 5.31851992696114
4857, 352.9411315917969, -223.65576171875, -0.022281695157289505, 0.22499999403953552, 0.0, -89.32415771484375, 5.31962612014808
4858, 352.94134521484375, -223.77268981933594, -0.021008457988500595, 0.17499998211860657, 0.0, -89.38452911376953, 5.316869177956488
4859, 352.9414367675781, -223.89407348632812, -0.019735218957066536, 0.12499997764825821, 0.0, -89.43659210205078, 5.307257996710137
4860, 352.9415588378906, -224.0072784423828, -0.018461979925632477, 0.07499998062849045, 0.0, -89.49390411376953, 5.29498004693566
4861, 352.9415588378906, -224.13229370117188, -0.017188742756843567, 0.024999981746077538, 0.0, -89.54476928710938, 5.272970715628825
4862, 352.9416198730469, -224.24081420898438, -0.015915503725409508, 0.0, 0.0, -89.596923828125, 5.250229967036511
4863, 352.9416198730469, -224.35704040527344, -0.01336902379989624, 0.0, 0.0, -89.64058685302734, 5.222618720091968
4864, 352.94171142578125, -224.47474670410156, -0.012095782905817032, 0.0, 0.0, -89.6922607421875, 5.186644403586563
4865, 352.9416198730469, -224.5939178466797, -0.010822542943060398, 0.0, 0.0, -89.72928619384766, 5.146650513455751
4866, 352.94171142578125, -224.70237731933594, -0.009549302980303764, 0.0, 0.0, -89.77080535888672, 5.112261069188676
4867, 352.9416809082031, -224.81358337402344, -0.008276062086224556, 0.0, 0.0, -89.80023193359375, 5.076809654686053
4868, 352.94171142578125, -224.9261474609375, -0.007002823054790497, 0.0, 0.0, -89.83739471435547, 5.0371767827790155
4869, 352.94171142578125, -225.03616333007812, -0.005729584023356438, 0.05000000074505806, 0.0, -89.8595199584961, 4.999925755004611
4870, 352.94171142578125, -225.1507568359375, -0.004456344526261091, 0.10000000149011612, 0.0, -89.88399505615234, 4.977577478300891
4871, 352.9417419433594, -225.2630615234375, -0.003183104796335101, 0.15000000596046448, 0.0, -89.90406799316406, 4.956430954198627
4872, 352.9418029785156, -225.37252807617188, -0.0019098651828244328, 0.20000001788139343, 0.0, -89.92008209228516, 4.937922876943608
4873, 352.9418640136719, -225.4815216064453, 0.0, 0.2500000298023224, 0.0, -89.93215942382812, 4.923436268915802
4874, 352.9419860839844, -225.59149169921875, 0.0, 0.30000004172325134, 0.0, -89.9410629272461, 4.9139669037498255
4875, 352.94207763671875, -225.7005615234375, 0.0, 0.3500000536441803, 0.0, -89.947509765625, 4.9103224492204935
4876, 352.942138671875, -225.8086700439453, -0.0019098592456430197, 0.40000006556510925, 0.0, -89.95299530029297, 4.9126654125240306
4877, 352.942138671875, -225.91712951660156, -0.005729577504098415, 0.4500000774860382, 0.0, -89.9600830078125, 4.9210055885793205
4878, 352.9419860839844, -226.0243682861328, -0.009549296461045742, 0.5000000596046448, 0.0, -89.97064208984375, 4.935100271374221
4879, 352.94158935546875, -226.1371612548828, -0.01718873344361782, 0.5999999642372131, 0.0, -89.98906707763672, 4.956503567417481
4880, 352.9408874511719, -226.2455291748047, -0.021008450537919998, 0.6499999165534973, 0.0, -90.01500701904297, 4.984952210170077
4881, 352.94000244140625, -226.35386657714844, -0.024828169494867325, 0.5999999642372131, 0.0, -90.04930114746094, 5.018030729807788
4882, 352.9385986328125, -226.46987915039062, -0.02864788845181465, 0.550000011920929, 0.0, -90.09574890136719, 5.053980609878733
4883, 352.9369201660156, -226.58143615722656, -0.03246760740876198, 0.5000000596046448, 0.0, -90.14966583251953, 5.086296176944394
4884, 352.93505859375, -226.69406127929688, -0.031194370239973068, 0.4500000476837158, 0.0, -90.21086883544922, 5.115175116964195
4885, 352.9329528808594, -226.8113555908203, -0.02992113120853901, 0.40000003576278687, 0.0, -90.2790756225586, 5.139820853143224
4886, 352.9308166503906, -226.92486572265625, -0.02864789217710495, 0.3500000238418579, 0.0, -90.347412109375, 5.158226988690608
4887, 352.9284973144531, -227.0417938232422, -0.02737465500831604, 0.30000001192092896, 0.0, -90.4180908203125, 5.16717512743563
4888, 352.92620849609375, -227.15582275390625, -0.02610141597688198, 0.25, 0.0, -90.48760986328125, 5.1683787239614345
4889, 352.9237365722656, -227.27554321289062, -0.024191558361053467, 0.17499998211860657, 0.0, -90.55892944335938, 5.140188754226916
4890, 352.9214782714844, -227.38308715820312, -0.022918321192264557, 0.12499997764825821, 0.0, -90.62187957763672, 5.131196559854617
4891, 352.9190979003906, -227.49598693847656, -0.021645082160830498, 0.07499998062849045, 0.0, -90.68596649169922, 5.104130874129337
4892, 352.9167175292969, -227.60826110839844, -0.02037184312939644, 0.024999981746077538, 0.0, -90.74749755859375, 5.087262716447324
4893, 352.9141845703125, -227.72259521484375, -0.01909860596060753, 0.0, 0.0, -90.80767059326172, 5.046059926047039
4894, 352.9117126464844, -227.83184814453125, -0.01782536692917347, 0.0, 0.0, -90.86271667480469, 5.022891207054553
4895, 352.9090881347656, -227.94509887695312, -0.01655212789773941, 0.0, 0.0, -90.91694641113281, 4.9873137148907745
4896, 352.9064636230469, -228.05813598632812, -0.015278889797627926, 0.0, 0.0, -90.96770477294922, 4.964635841253375
4897, 352.9039001464844, -228.16598510742188, -0.013369029387831688, 0.0, 0.0, -91.0126724243164, 4.936368978951445
4898, 352.9012756347656, -228.27291870117188, -0.014642268419265747, 0.0, 0.0, -91.0549545288086, 4.9045969562093505
4899, 352.89849853515625, -228.38221740722656, -0.018461985513567924, 0.0, 0.0, -91.09850311279297, 4.869792493916419
4900, 352.89544677734375, -228.49432373046875, -0.02228170447051525, 0.0, 0.0, -91.14624786376953, 4.832635677285223
4901, 352.8923034667969, -228.6005859375, -0.026101423427462578, 0.0, 0.0, -91.19593811035156, 4.796586827614609
4902, 352.8888854980469, -228.70497131347656, -0.029921142384409904, 0.0, 0.0, -91.25053405761719, 4.760694136542358
4903, 352.8851623535156, -228.8126678466797, -0.03565071523189545, 0.0, 0.0, -91.31475830078125, 4.72328696083572
4904, 352.8810729980469, -228.91712951660156, -0.039470430463552475, 0.0, 0.0, -91.38555908203125, 4.686828177866223
4905, 352.876953125, -229.01712036132812, -0.0432901456952095, 0.0, 0.0, -91.46142578125, 4.651810581667275
4906, 352.8723449707031, -229.11935424804688, -0.04710986092686653, 0.0, 0.0, -91.54765319824219, 4.615926641046798
4907, 352.8673400878906, -229.22267150878906, -0.05092957615852356, 0.0, 0.0, -91.64376831054688, 4.579601638921042
4908, 352.8621826171875, -229.32208251953125, -0.05474929139018059, 0.0, 0.0, -91.74495697021484, 4.544592232722428
4909, 352.8567199707031, -229.41978454589844, -0.058569006621837616, 0.0, 0.0, -91.85286712646484, 4.510147584267345
4910, 352.8507995605469, -229.51852416992188, -0.062388718128204346, 0.0, 0.0, -91.97061157226562, 4.475282571331259
4911, 352.8445739746094, -229.61656188964844, -0.06811829656362534, 0.0, 0.0, -92.09705352783203, 4.440552422842373
4912, 352.83819580078125, -229.71066284179688, -0.07193800806999207, 0.0, 0.0, -92.2275390625, 4.407191693679854
4913, 352.8309020996094, -229.81126403808594, -0.07575772702693939, 0.0, 0.0, -92.37693786621094, 4.371504129027998
4914, 352.8240051269531, -229.90045166015625, -0.07957743853330612, 0.0, 0.0, -92.51769256591797, 4.339837326738924
4915, 352.81573486328125, -230.0022430419922, -0.08339715749025345, 0.0, 0.0, -92.6881103515625, 4.303659026178404
4916, 352.8079528808594, -230.0925750732422, -0.08721686899662018, 0.0, 0.0, -92.8475341796875, 4.2715392702932915
4917, 352.7992248535156, -230.18833923339844, -0.0910365879535675, 0.0, 0.0, -93.02545166015625, 4.2374393322804655
4918, 352.79052734375, -230.27931213378906, -0.09485629945993423, 0.0, 0.0, -93.2026596069336, 4.205018798832193
4919, 352.7805480957031, -230.3778076171875, -0.09867601841688156, 0.0, 0.0, -93.40386199951172, 4.169868190243619
4920, 352.7707214355469, -230.4698944091797, -0.10249572992324829, 0.0, 0.0, -93.60052490234375, 4.136966209964534
4921, 352.7607727050781, -230.55894470214844, -0.10631544888019562, 0.0, 0.0, -93.79853057861328, 4.1051461261711
4922, 352.7504577636719, -230.64703369140625, -0.11013516038656235, 0.0, 0.0, -94.002197265625, 4.073696911915008
4923, 352.73919677734375, -230.73834228515625, -0.11586473137140274, 0.0, 0.0, -94.22249603271484, 4.040975921691318
4924, 352.72747802734375, -230.8285675048828, -0.12159430980682373, 0.0, 0.0, -94.45032501220703, 4.008534315443543
4925, 352.71533203125, -230.91778564453125, -0.12541401386260986, 0.0, 0.0, -94.68533325195312, 3.9765045246290454
4926, 352.7027282714844, -231.00648498535156, -0.1292337328195572, 0.0, 0.0, -94.92820739746094, 3.944675707732896
4927, 352.69036865234375, -231.08924865722656, -0.13305345177650452, 0.0, 0.0, -95.1628189086914, 3.914953160253081
4928, 352.67694091796875, -231.17630004882812, -0.13687317073345184, 0.0, 0.0, -95.41802215576172, 3.8836630533321768
4929, 352.66339111328125, -231.26048278808594, -0.13559992611408234, 0.0, 0.0, -95.67084503173828, 3.853721879798295
4930, 352.6497497558594, -231.34283447265625, -0.13432669639587402, 0.0, 0.0, -95.92147827148438, 3.824626660868587
4931, 352.6352233886719, -231.42831420898438, -0.13305345177650452, 0.05000000074505806, 0.0, -96.18328857421875, 3.795586992278313
4932, 352.620849609375, -231.51080322265625, -0.131780207157135, 0.10000000149011612, 0.0, -96.43628692626953, 3.771499700678966
4933, 352.60565185546875, -231.59600830078125, -0.1305069774389267, 0.15000000596046448, 0.0, -96.69696807861328, 3.751995351637599
4934, 352.5915222167969, -231.6734161376953, -0.1292337328195572, 0.20000001788139343, 0.0, -96.93253326416016, 3.7395196463881013
4935, 352.57623291015625, -231.7555389404297, -0.12732388079166412, 0.27500003576278687, 0.0, -97.18043518066406, 3.732621378513455
4936, 352.56072998046875, -231.83726501464844, -0.12605063617229462, 0.3250000476837158, 0.0, -97.42453002929688, 3.7332230999728355
4937, 352.5445556640625, -231.92068481445312, -0.1247773990035057, 0.3750000596046448, 0.0, -97.6710205078125, 3.7407813143848814
4938, 352.52880859375, -232.00050354003906, -0.1235041618347168, 0.42500007152557373, 0.0, -97.90431213378906, 3.754002330045862
4939, 352.5129089355469, -232.0796661376953, -0.12223092466592789, 0.4750000834465027, 0.0, -98.133056640625, 3.7726454820861584
4940, 352.4959411621094, -232.16281127929688, -0.12095768749713898, 0.5250000357627869, 0.0, -98.37067413330078, 3.798018277665745
4941, 352.4783020019531, -232.24737548828125, -0.11968445032835007, 0.574999988079071, 0.0, -98.60945129394531, 3.8295973372353522
4942, 352.4607849121094, -232.33026123046875, -0.11841121315956116, 0.6249999403953552, 0.0, -98.84068298339844, 3.86589735566599
4943, 352.44329833984375, -232.41159057617188, -0.11713796854019165, 0.6749998927116394, 0.0, -99.06501007080078, 3.9064553700326656
4944, 352.42529296875, -232.4940948486328, -0.11522811651229858, 0.7499998211860657, 0.0, -99.28961944580078, 3.952743591630495
4945, 352.40582275390625, -232.58200073242188, -0.11395487934350967, 0.7999997735023499, 0.0, -99.52561950683594, 4.008262867592246
4946, 352.3871765136719, -232.6648712158203, -0.11268163472414017, 0.849999725818634, 0.0, -99.74513244628906, 4.065697539900091
4947, 352.3659973144531, -232.757568359375, -0.11140839755535126, 0.8999996781349182, 0.0, -99.9874038696289, 4.135166122356692
4948, 352.3462829589844, -232.84274291992188, -0.11013516038656235, 0.849999725818634, 0.0, -100.20712280273438, 4.2013920436397285
4949, 352.32427978515625, -232.9363555908203, -0.10822530090808868, 0.7749997973442078, 0.0, -100.44528198242188, 4.272046202425189
4950, 352.3043212890625, -233.02001953125, -0.10758868604898453, 0.7499998211860657, 0.0, -100.65553283691406, 4.331606761402919
4951, 352.28082275390625, -233.11749267578125, -0.10567882657051086, 0.6749998927116394, 0.0, -100.89768981933594, 4.3957428951877855
4952, 352.259765625, -233.2035675048828, -0.10440558940172195, 0.6249999403953552, 0.0, -101.10911560058594, 4.446662335834294
4953, 352.2373352050781, -233.29415893554688, -0.1037689670920372, 0.5999999642372131, 0.0, -101.32950592041016, 4.494793373999632
4954, 352.2165832519531, -233.37677001953125, -0.10249572992324829, 0.550000011920929, 0.0, -101.52854919433594, 4.534179556563163
4955, 352.1944885253906, -233.46359252929688, -0.10122249275445938, 0.5000000596046448, 0.0, -101.73587799072266, 4.570491301649794
4956, 352.17047119140625, -233.55691528320312, -0.09994925558567047, 0.4500000476837158, 0.0, -101.95671081542969, 4.603365385791575
4957, 352.1455383300781, -233.65249633789062, -0.09867601841688156, 0.40000003576278687, 0.0, -102.18064880371094, 4.630568332360768
4958, 352.1209411621094, -233.7456817626953, -0.09740278124809265, 0.3500000238418579, 0.0, -102.39692687988281, 4.6508761226058
4959, 352.09527587890625, -233.8417510986328, -0.09549292176961899, 0.2750000059604645, 0.0, -102.61734771728516, 4.664874083247206
4960, 352.0697937011719, -233.93582153320312, -0.09421968460083008, 0.22499999403953552, 0.0, -102.83087921142578, 4.67130456948793
4961, 352.0437927246094, -234.03097534179688, -0.08785349130630493, 0.17499998211860657, 0.0, -103.04249572753906, 4.671119494936475
4962, 352.01983642578125, -234.11802673339844, -0.08148729801177979, 0.12499997764825821, 0.0, -103.22965240478516, 4.665324096925719
4963, 351.99554443359375, -234.20587158203125, -0.07830420136451721, 0.09999997913837433, 0.0, -103.41214752197266, 4.654342546761892
4964, 351.9694519042969, -234.29989624023438, -0.07193800806999207, 0.04999998211860657, 0.0, -103.59968566894531, 4.637365839041019
4965, 351.9436340332031, -234.39279174804688, -0.06557182222604752, -1.8253922817734747e-08, 0.0, -103.77531433105469, 4.615080475989273
4966, 351.9174499511719, -234.48670959472656, -0.05920562148094177, 0.0, 0.0, -103.94220733642578, 4.587526902018184
4967, 351.89117431640625, -234.58120727539062, -0.05283942073583603, 0.0, 0.0, -104.09833526611328, 4.5571886734740215
4968, 351.86773681640625, -234.6654510498047, -0.046473219990730286, 0.0, 0.0, -104.2262954711914, 4.528828873296931
4969, 351.842529296875, -234.75628662109375, -0.04010702297091484, 0.0, 0.0, -104.35298919677734, 4.497381125370702
4970, 351.8193359375, -234.8402862548828, -0.0337408222258091, 0.0, 0.0, -104.45783233642578, 4.467813199157187
4971, 351.7933044433594, -234.9346466064453, -0.02992110513150692, 0.0, 0.0, -104.5635757446289, 4.434252002399672
4972, 351.7690124511719, -235.02268981933594, -0.02864786610007286, 0.0, 0.0, -104.65237426757812, 4.402719595452293
4973, 351.7433166503906, -235.1158905029297, -0.0273746270686388, 0.0, 0.0, -104.73772430419922, 4.369210004026343
4974, 351.71929931640625, -235.20272827148438, -0.02610138989984989, 0.0, 0.0, -104.81082916259766, 4.337915855444117
4975, 351.69549560546875, -235.28854370117188, -0.024828150868415833, 0.0, 0.0, -104.87783813476562, 4.3069526052090845
4976, 351.6732482910156, -235.36843872070312, -0.026738010346889496, 0.0, 0.0, -104.93708038330078, 4.278053492988395
4977, 351.65008544921875, -235.45095825195312, -0.030557729303836823, 0.0, 0.0, -104.99793243408203, 4.248145324736866
4978, 351.6262512207031, -235.53524780273438, -0.03437744453549385, 0.0, 0.0, -105.0618667602539, 4.21750823071082
4979, 351.6018981933594, -235.6201171875, -0.04010701924562454, 0.0, 0.0, -105.13050842285156, 4.186539873596838
4980, 351.57781982421875, -235.70321655273438, -0.04392673447728157, 0.0, 0.0, -105.20329284667969, 4.156139519945199
4981, 351.5525817871094, -235.7891082763672, -0.0477464497089386, 0.0, 0.0, -105.28504180908203, 4.124648857584729
4982, 351.5287780761719, -235.86915588378906, -0.05156616494059563, 0.0, 0.0, -105.36762237548828, 4.0952516759141995
4983, 351.5047912597656, -235.94869995117188, -0.055385880172252655, 0.0, 0.0, -105.45620727539062, 4.065971957981087
4984, 351.4822998046875, -236.02249145507812, -0.05920559540390968, 0.0, 0.0, -105.54499053955078, 4.03876881683822
4985, 351.45672607421875, -236.1053009033203, -0.06302531063556671, 0.0, 0.0, -105.6517105102539, 4.00826551963782
4986, 351.4324035644531, -236.18280029296875, -0.06684502959251404, 0.0, 0.0, -105.75872802734375, 3.9797156240583065
4987, 351.40582275390625, -236.26657104492188, -0.07066474109888077, 0.0, 0.0, -105.88249969482422, 3.9488112675508074
4988, 351.3810729980469, -236.3434295654297, -0.0744844600558281, 0.0, 0.0, -106.00326538085938, 3.920416133923219
4989, 351.3547058105469, -236.42428588867188, -0.07830417156219482, 0.0, 0.0, -106.13822174072266, 3.8905139128440056
4990, 351.3309631347656, -236.49606323242188, -0.08212389051914215, 0.0, 0.0, -106.26509094238281, 3.8639417514928343
4991, 351.3059997558594, -236.57052612304688, -0.08403374254703522, 0.0, 0.0, -106.4024429321289, 3.836447685961041
4992, 351.28021240234375, -236.64662170410156, -0.08785346150398254, 0.0, 0.0, -106.54933166503906, 3.8082975747139187
4993, 351.2543640136719, -236.7216033935547, -0.09167317301034927, 0.0, 0.0, -106.70085144042969, 3.780473166041577
4994, 351.22772216796875, -236.79794311523438, -0.0954928919672966, 0.0, 0.0, -106.86219787597656, 3.752086539001981
4995, 351.20166015625, -236.87132263183594, -0.101222462952137, 0.0, 0.0, -107.02493286132812, 3.724634652599318
4996, 351.1755065917969, -236.94381713867188, -0.101222462952137, 0.0, 0.0, -107.19339752197266, 3.6974735555531733
4997, 351.1477966308594, -237.0194091796875, -0.10886189341545105, 0.0, 0.0, -107.37711334228516, 3.6691079595579725
4998, 351.12176513671875, -237.0894012451172, -0.11268160492181778, 0.0, 0.0, -107.55438232421875, 3.642789871515002
4999, 351.09283447265625, -237.16583251953125, -0.1165013238787651, 0.0, 0.0, -107.7560806274414, 3.6139901772047174
5000, 351.06353759765625, -237.241943359375, -0.12032103538513184, 0.05000000074505806, 0.0, -107.96505737304688, 3.585240019695342
5001, 351.0367431640625, -237.31051635742188, -0.12414075434207916, 0.10000000149011612, 0.0, -108.16012573242188, 3.5632450025595084
5002, 351.0091857910156, -237.37991333007812, -0.1279604732990265, 0.15000000596046448, 0.0, -108.36426544189453, 3.5457932432241055
5003, 350.9819030761719, -237.4476318359375, -0.13178017735481262, 0.20000001788139343, 0.0, -108.56979370117188, 3.533968676169845
5004, 350.9523620605469, -237.5195770263672, -0.13559989631175995, 0.2500000298023224, 0.0, -108.79517364501953, 3.527409161970558
5005, 350.9231872558594, -237.589599609375, -0.13687314093112946, 0.30000004172325134, 0.0, -109.02019500732422, 3.5271344736635353
5006, 350.892333984375, -237.66278076171875, -0.13559989631175995, 0.3500000536441803, 0.0, -109.25902557373047, 3.533296104997999
5007, 350.86187744140625, -237.7343292236328, -0.13432665169239044, 0.40000006556510925, 0.0, -109.49406433105469, 3.545306245177316
5008, 350.83111572265625, -237.8057403564453, -0.13305342197418213, 0.4500000774860382, 0.0, -109.728759765625, 3.562968069070444
5009, 350.8004150390625, -237.87635803222656, -0.13178017735481262, 0.5000000596046448, 0.0, -109.9600830078125, 3.5858354085392343
5010, 350.76617431640625, -237.95445251464844, -0.1292337030172348, 0.5999999642372131, 0.0, -110.21385192871094, 3.6180025294529146
5011, 350.7348327636719, -238.02536010742188, -0.1279604732990265, 0.6499999165534973, 0.0, -110.44202423095703, 3.6545593809920693
5012, 350.7015075683594, -238.09991455078125, -0.12668722867965698, 0.6999998688697815, 0.0, -110.67936706542969, 3.699326735715606
5013, 350.6678466796875, -238.1746826171875, -0.12541398406028748, 0.6999998688697815, 0.0, -110.91478729248047, 3.7485734789441736
5014, 350.63177490234375, -238.25405883789062, -0.12414075434207916, 0.6499999165534973, 0.0, -111.16219329833984, 3.8014674051972763
5015, 350.595703125, -238.33279418945312, -0.12286751717329025, 0.5999999642372131, 0.0, -111.40528869628906, 3.851174044824493
5016, 350.5594787597656, -238.4110565185547, -0.12159427255392075, 0.550000011920929, 0.0, -111.64473724365234, 3.896118623032395
5017, 350.5226135253906, -238.489990234375, -0.12032103538513184, 0.5000000596046448, 0.0, -111.88424682617188, 3.9360701098068844
5018, 350.48480224609375, -238.57025146484375, -0.11904779821634293, 0.4500000476837158, 0.0, -112.1258544921875, 3.970723316536208
5019, 350.4478454589844, -238.64804077148438, -0.11777456104755402, 0.40000003576278687, 0.0, -112.3582992553711, 3.9984008845424404
5020, 350.408935546875, -238.72909545898438, -0.1165013238787651, 0.3500000238418579, 0.0, -112.59870147705078, 4.020929404080975
5021, 350.3710021972656, -238.8076171875, -0.1152280867099762, 0.30000001192092896, 0.0, -112.82991790771484, 4.0366110859955
5022, 350.33154296875, -238.88853454589844, -0.11331822723150253, 0.22499999403953552, 0.0, -113.06623840332031, 4.0457222184864365
5023, 350.2914733886719, -238.96994018554688, -0.11204499006271362, 0.17499998211860657, 0.0, -113.30210876464844, 4.047225614245502
5024, 350.24871826171875, -239.05604553222656, -0.11077175289392471, 0.12499997764825821, 0.0, -113.54959869384766, 4.041180670342696
5025, 350.20941162109375, -239.13450622558594, -0.1094985082745552, 0.07499998062849045, 0.0, -113.77349090576172, 4.029316340291727
5026, 350.16961669921875, -239.21331787109375, -0.1082252711057663, -1.8253922817734747e-08, 0.0, -113.99679565429688, 4.010643771125812
5027, 350.13031005859375, -239.29042053222656, -0.10631541907787323, 0.0, 0.0, -114.21366882324219, 3.986652471413711
5028, 350.08697509765625, -239.3746795654297, -0.10758865624666214, 0.0, 0.0, -114.44990539550781, 3.9570519794560175
5029, 350.0489501953125, -239.44789123535156, -0.11140836775302887, 0.0, 0.0, -114.65660095214844, 3.929653676026297
5030, 350.00909423828125, -239.5236053466797, -0.1152280867099762, 0.0, 0.0, -114.8740463256836, 3.900386644481753
5031, 349.9693603515625, -239.59815979003906, -0.11904779821634293, 0.0, 0.0, -115.09307861328125, 3.8710334420517682
5032, 349.92803955078125, -239.67462158203125, -0.12286751717329025, 0.0, 0.0, -115.3239974975586, 3.8405871364620405
5033, 349.8869934082031, -239.74961853027344, -0.12668722867965698, 0.0, 0.0, -115.55728912353516, 3.8105398390343437
5034, 349.84539794921875, -239.824462890625, -0.1305069476366043, 0.0, 0.0, -115.7976303100586, 3.780401320908963
5035, 349.80462646484375, -239.896728515625, -0.13432665169239044, 0.0, 0.0, -116.03692626953125, 3.7511791602283
5036, 349.763427734375, -239.9688262939453, -0.13814637064933777, 0.0, 0.0, -116.283447265625, 3.721893077880125
5037, 349.721435546875, -240.0410919189453, -0.14387594163417816, 0.0, 0.0, -116.53927612304688, 3.692263614760994
5038, 349.68194580078125, -240.10813903808594, -0.1476956605911255, 0.0, 0.0, -116.78478240966797, 3.6647000799037466
5039, 349.6393737792969, -240.1792449951172, -0.15151537954807281, 0.0, 0.0, -117.05400085449219, 3.6353696402868447
5040, 349.59686279296875, -240.24917602539062, -0.15533509850502014, 0.0, 0.0, -117.3272476196289, 3.606425076034662
5041, 349.5549621582031, -240.3171844482422, -0.15915480256080627, 0.0, 0.0, -117.60139465332031, 3.5781519334966227
5042, 349.5138854980469, -240.38275146484375, -0.1629745215177536, 0.0, 0.0, -117.87359619140625, 3.5507721558501832
5043, 349.4710388183594, -240.45013427734375, -0.168704092502594, 0.0, 0.0, -118.16246795654297, 3.522334031467136
5044, 349.4288635253906, -240.515380859375, -0.17252381145954132, 0.0, 0.0, -118.45110321044922, 3.4947328738849888
5045, 349.3879089355469, -240.57774353027344, -0.17634353041648865, 0.0, 0.0, -118.73526763916016, 3.468244281473946
5046, 349.34417724609375, -240.6433563232422, -0.18016323447227478, 0.0, 0.0, -119.0428695678711, 3.4402655648546108
5047, 349.30230712890625, -240.7052459716797, -0.1839829534292221, 0.0, 0.0, -119.34113311767578, 3.413743856240243
5048, 349.2596435546875, -240.7672576904297, -0.18780267238616943, 0.0, 0.0, -119.64823913574219, 3.3870327485036356
5049, 349.217529296875, -240.8275146484375, -0.19353224337100983, 0.0, 0.0, -119.95538330078125, 3.360762380643188
5050, 349.1744079589844, -240.88815307617188, -0.19735196232795715, 0.0, 0.0, -120.27359008789062, 3.334245080647325
5051, 349.1296691894531, -240.9501190185547, -0.19735196232795715, 0.0, 0.0, -120.6078872680664, 3.3070434461997
5052, 349.0852355957031, -241.01071166992188, -0.19989843666553497, 0.0, 0.0, -120.94141387939453, 3.280788399421656
5053, 349.04339599609375, -241.06703186035156, -0.2011716663837433, 0.0, 0.0, -121.2559585571289, 3.2563045668691144
5054, 349.0001220703125, -241.12451171875, -0.19989843666553497, 0.05000000074505806, 0.0, -121.58052825927734, 3.2297225989399974
5055, 348.9581604003906, -241.17962646484375, -0.2011716663837433, 0.10000000149011612, 0.0, -121.89422607421875, 3.2094330932026414
5056, 348.9139404296875, -241.23699951171875, -0.19989843666553497, 0.15000000596046448, 0.0, -122.22283935546875, 3.194433399405165
5057, 348.8719177246094, -241.2909698486328, -0.2011716663837433, 0.20000001788139343, 0.0, -122.53321838378906, 3.1858917936662756
5058, 348.8283386230469, -241.34622192382812, -0.19989843666553497, 0.2500000298023224, 0.0, -122.85210418701172, 3.183181116263944
5059, 348.784912109375, -241.40069580078125, -0.1979885697364807, 0.3250000476837158, 0.0, -123.1661605834961, 3.186833750201852
5060, 348.73834228515625, -241.4585723876953, -0.1967153400182724, 0.3750000596046448, 0.0, -123.49893951416016, 3.198388967823747
5061, 348.69268798828125, -241.51466369628906, -0.1954420953989029, 0.42500007152557373, 0.0, -123.8204345703125, 3.216087556282498
5062, 348.6479187011719, -241.56922912597656, -0.19416886568069458, 0.4750000834465027, 0.0, -124.13169860839844, 3.238890148076854
5063, 348.6000061035156, -241.62704467773438, -0.19225899875164032, 0.550000011920929, 0.0, -124.4598617553711, 3.2693021102010427
5064, 348.5528869628906, -241.68333435058594, -0.190985769033432, 0.5999999642372131, 0.0, -124.77760314941406, 3.3055357412309987
5065, 348.5051574707031, -241.73983764648438, -0.1897125244140625, 0.6499999165534973, 0.0, -125.09489440917969, 3.347629996651451
5066, 348.45452880859375, -241.7991943359375, -0.1884392946958542, 0.6999998688697815, 0.0, -125.4262924194336, 3.3974013657319206
5067, 348.4056091308594, -241.85598754882812, -0.18716605007648468, 0.6499999165534973, 0.0, -125.74190521240234, 3.447276036674069
5068, 348.3548889160156, -241.91433715820312, -0.18589280545711517, 0.5999999642372131, 0.0, -126.06486511230469, 3.4964319919659674
5069, 348.3037414550781, -241.97268676757812, -0.17952662706375122, 0.550000011920929, 0.0, -126.38432312011719, 3.541826563300011
5070, 348.24853515625, -242.03526306152344, -0.1699773371219635, 0.4750000536441803, 0.0, -126.7192611694336, 3.5843913959319083
5071, 348.19342041015625, -242.09751892089844, -0.16361114382743835, 0.42500004172325134, 0.0, -127.04324340820312, 3.6192788746840003
5072, 348.1374206542969, -242.1604766845703, -0.1572449505329132, 0.3750000298023224, 0.0, -127.36141204833984, 3.64751766630652
5073, 348.08197021484375, -242.22247314453125, -0.15087875723838806, 0.32500001788139343, 0.0, -127.66498565673828, 3.66868845736953
5074, 348.024169921875, -242.28677368164062, -0.14960551261901855, 0.2750000059604645, 0.0, -127.97208404541016, 3.683563939292341
5075, 347.96673583984375, -242.35012817382812, -0.14833228290081024, 0.22499999403953552, 0.0, -128.26979064941406, 3.6914731536535816
5076, 347.9081115722656, -242.414306640625, -0.14642241597175598, 0.12499997764825821, 0.0, -128.5675048828125, 3.6914525043105786
5077, 347.84912109375, -242.47821044921875, -0.14705903828144073, 0.07499998062849045, 0.0, -128.86244201660156, 3.6819932132424875
5078, 347.7882995605469, -242.54331970214844, -0.15087875723838806, 0.024999981746077538, 0.0, -129.16488647460938, 3.663938605216564
5079, 347.7335510253906, -242.60121154785156, -0.1546984761953354, 0.0, 0.0, -129.43795776367188, 3.6430639481243956
5080, 347.6753845214844, -242.6619110107422, -0.15851818025112152, 0.0, 0.0, -129.7308349609375, 3.617196018971029
5081, 347.62030029296875, -242.71861267089844, -0.16233789920806885, 0.0, 0.0, -130.01109313964844, 3.591061863775498
5082, 347.5640563964844, -242.7757568359375, -0.16615761816501617, 0.0, 0.0, -130.30137634277344, 3.563612249716359
5083, 347.5053405761719, -242.8345184326172, -0.17188718914985657, 0.0, 0.0, -130.6097412109375, 3.5345030674086444
5084, 347.4454345703125, -242.8936309814453, -0.17061394453048706, 0.0, 0.0, -130.9276123046875, 3.505293416370365
5085, 347.3877258300781, -242.94992065429688, -0.16934071481227875, 0.0, 0.0, -131.23497009277344, 3.4774439278146927
5086, 347.3290100097656, -243.00656127929688, -0.16806747019290924, 0.0, 0.0, -131.54705810546875, 3.449345950994879
5087, 347.2706604003906, -243.06231689453125, -0.16679424047470093, 0.0, 0.0, -131.85581970214844, 3.4215920325202513
5088, 347.2137451171875, -243.1161651611328, -0.16552099585533142, 0.0, 0.0, -132.15463256835938, 3.3946894565366645
5089, 347.15631103515625, -243.1699981689453, -0.16361114382743835, 0.0, 0.0, -132.4532012939453, 3.3677391506406478
5090, 347.1009826660156, -243.22129821777344, -0.16679424047470093, 0.0, 0.0, -132.73959350585938, 3.3415850562703144
5091, 347.0438537597656, -243.27362060546875, -0.17061394453048706, 0.0, 0.0, -133.03587341308594, 3.3145168832219865
5092, 346.9857482910156, -243.32620239257812, -0.17188718914985657, 0.0, 0.0, -133.33853149414062, 3.287198778828388
5093, 346.9281921386719, -243.3776092529297, -0.17061394453048706, 0.0, 0.0, -133.63800048828125, 3.2605403577724155
5094, 346.87261962890625, -243.4268035888672, -0.16934071481227875, 0.0, 0.0, -133.9263153076172, 3.2349993318790617
5095, 346.8161315917969, -243.476318359375, -0.16743086278438568, 0.0, 0.0, -134.21714782714844, 3.209254791165476
5096, 346.7596435546875, -243.525390625, -0.16615761816501617, 0.0, 0.0, -134.50540161132812, 3.183618104556743
5097, 346.7032470703125, -243.5738983154297, -0.16488437354564667, 0.0, 0.0, -134.7903594970703, 3.1581375388047856
5098, 346.6462707519531, -243.6224365234375, -0.16361114382743835, 0.05000000074505806, 0.0, -135.0753173828125, 3.1304874019174784
5099, 346.5910949707031, -243.6691131591797, -0.16233789920806885, 0.10000000149011612, 0.0, -135.34860229492188, 3.1101654477708682
5100, 346.5372619628906, -243.71421813964844, -0.16106466948986053, 0.15000000596046448, 0.0, -135.6118621826172, 3.096496222867419
5101, 346.4822692871094, -243.75991821289062, -0.15915480256080627, 0.2250000238418579, 0.0, -135.87722778320312, 3.0893196472695634
5102, 346.4326171875, -243.80096435546875, -0.15278860926628113, 0.27500003576278687, 0.0, -136.11216735839844, 3.089760834529617
5103, 346.3794860839844, -243.84469604492188, -0.14642241597175598, 0.3250000476837158, 0.0, -136.3560791015625, 3.096709223502295
5104, 346.32843017578125, -243.8866729736328, -0.14005623757839203, 0.40000006556510925, 0.0, -136.582763671875, 3.109425376308755
5105, 346.2737121582031, -243.93157958984375, -0.1305069476366043, 0.4500000774860382, 0.0, -136.8148193359375, 3.130337685652578
5106, 346.21942138671875, -243.9761199951172, -0.12414075434207916, 0.5000000596046448, 0.0, -137.0341033935547, 3.157244526071496
5107, 346.16595458984375, -244.01995849609375, -0.11777456104755402, 0.4500000476837158, 0.0, -137.23956298828125, 3.1860978873218846
5108, 346.1080322265625, -244.06741333007812, -0.11140836775302887, 0.40000003576278687, 0.0, -137.45082092285156, 3.2148633949472813
5109, 346.0544128417969, -244.111328125, -0.10758865624666214, 0.3500000238418579, 0.0, -137.63766479492188, 3.237232172391739
5110, 345.9984436035156, -244.15696716308594, -0.10631541907787323, 0.30000001192092896, 0.0, -137.8254852294922, 3.255125462745885
5111, 345.9441833496094, -244.20103454589844, -0.10504217445850372, 0.25, 0.0, -138.00265502929688, 3.2668930806110374
5112, 345.89117431640625, -244.24386596679688, -0.10376893728971481, 0.19999998807907104, 0.0, -138.17193603515625, 3.2729192020831914
5113, 345.8280029296875, -244.29461669921875, -0.1024957001209259, 0.1499999761581421, 0.0, -138.36964416503906, 3.2730139774261184
5114, 345.7745361328125, -244.33734130859375, -0.101222462952137, 0.09999997913837433, 0.0, -138.53424072265625, 3.2674392358014352
5115, 345.71905517578125, -244.38150024414062, -0.09994922578334808, 0.04999998211860657, 0.0, -138.7028350830078, 3.2560769617882808
5116, 345.6641845703125, -244.4248504638672, -0.10567879676818848, 0.0, 0.0, -138.87001037597656, 3.240899322379149
5117, 345.6064758300781, -244.47000122070312, -0.1094985082745552, 0.0, 0.0, -139.04827880859375, 3.2201478767595964
5118, 345.5509338378906, -244.5130157470703, -0.11331822723150253, 0.0, 0.0, -139.2236785888672, 3.1978540198140615
5119, 345.4974060058594, -244.55406188964844, -0.11904779821634293, 0.0, 0.0, -139.3973846435547, 3.175213355478198
5120, 345.4405517578125, -244.5971221923828, -0.12286751717329025, 0.0, 0.0, -139.58763122558594, 3.150688977573839
5121, 345.383544921875, -244.6398162841797, -0.12668722867965698, 0.0, 0.0, -139.78407287597656, 3.1259008684477947
5122, 345.3294372558594, -244.67990112304688, -0.1305069476366043, 0.0, 0.0, -139.97567749023438, 3.102330133742025
5123, 345.276123046875, -244.7190399169922, -0.1292337030172348, 0.0, 0.0, -140.16773986816406, 3.079388796674654
5124, 345.22039794921875, -244.7596435546875, -0.1279604732990265, 0.0, 0.0, -140.36993408203125, 3.055592335291441
5125, 345.1638488769531, -244.80056762695312, -0.12668722867965698, 0.05000000074505806, 0.0, -140.5751953125, 3.0290806687306278
5126, 345.1101379394531, -244.8391571044922, -0.12541398406028748, 0.10000000149011612, 0.0, -140.76930236816406, 3.0101699346307638
5127, 345.0533142089844, -244.87977600097656, -0.12414075434207916, 0.15000000596046448, 0.0, -140.97299194335938, 2.9967477608851927
5128, 345.00189208984375, -244.91632080078125, -0.12286751717329025, 0.20000001788139343, 0.0, -141.15541076660156, 2.99023442819626
5129, 344.9450988769531, -244.9564208984375, -0.12159427255392075, 0.2500000298023224, 0.0, -141.354248046875, 2.9893977832282075
5130, 344.890625, -244.99472045898438, -0.12032103538513184, 0.30000004172325134, 0.0, -141.54270935058594, 2.994524963291072
5131, 344.8351135253906, -245.03347778320312, -0.11904779821634293, 0.3500000536441803, 0.0, -141.7318878173828, 3.0055021838501115
5132, 344.77996826171875, -245.0718536376953, -0.11268160492181778, 0.40000006556510925, 0.0, -141.91525268554688, 3.0221698453730794
5133, 344.7250671386719, -245.11000061035156, -0.10631541907787323, 0.4500000774860382, 0.0, -142.09136962890625, 3.0441520715887385
5134, 344.6636962890625, -245.15261840820312, -0.09994922578334808, 0.4500000774860382, 0.0, -142.27896118164062, 3.07292321806691
5135, 344.6004638671875, -245.196533203125, -0.09358303248882294, 0.40000006556510925, 0.0, -142.4620361328125, 3.102202805646003
5136, 344.53839111328125, -245.23971557617188, -0.09358303248882294, 0.40000006556510925, 0.0, -142.63002014160156, 3.1259310586399676
5137, 344.4784240722656, -245.2815399169922, -0.07766755670309067, 0.27500003576278687, 0.0, -142.78140258789062, 3.1423013840082836
5138, 344.42047119140625, -245.32208251953125, -0.06811826676130295, 0.20000001788139343, 0.0, -142.91656494140625, 3.151228479491791
5139, 344.3592834472656, -245.36502075195312, -0.0617520697414875, 0.15000000596046448, 0.0, -143.04702758789062, 3.152818986882176
5140, 344.30023193359375, -245.40660095214844, -0.05538587272167206, 0.10000000149011612, 0.0, -143.16212463378906, 3.1475820139226554
5141, 344.2399597167969, -245.4491424560547, -0.049019671976566315, 0.05000000447034836, 0.0, -143.26861572265625, 3.1357352040303277
5142, 344.1746826171875, -245.49530029296875, -0.04456333443522453, -0.02499999664723873, 0.0, -143.37261962890625, 3.1168152552045187
5143, 344.116943359375, -245.53614807128906, -0.04329009726643562, 0.0, 0.0, -143.45729064941406, 3.0990929937498306
5144, 344.0545349121094, -245.58029174804688, -0.042016856372356415, 0.0, 0.0, -143.543212890625, 3.0761785419604717
5145, 343.9955139160156, -245.62193298339844, -0.040743619203567505, 0.0, 0.0, -143.62034606933594, 3.0527997600173573
5146, 343.93609619140625, -245.66380310058594, -0.03883375972509384, 0.0, 0.0, -143.69436645507812, 3.0284663253668507
5147, 343.8822326660156, -245.70175170898438, -0.03756052255630493, 0.0, 0.0, -143.7587890625, 3.006063384600339
5148, 343.81866455078125, -245.74644470214844, -0.03628728538751602, 0.0, 0.0, -143.83155822753906, 2.9794387202549646
5149, 343.7613525390625, -245.7866973876953, -0.03501404821872711, 0.0, 0.0, -143.8946533203125, 2.955363523482287
5150, 343.7022705078125, -245.82815551757812, -0.0337408073246479, 0.0, 0.0, -143.95726013183594, 2.930503986908726
5151, 343.64105224609375, -245.8710479736328, -0.03183095157146454, 0.0, 0.0, -144.01931762695312, 2.904749296376686
5152, 343.58612060546875, -245.90953063964844, -0.03055771254003048, 0.0, 0.0, -144.07264709472656, 2.881639173759947
5153, 343.5331115722656, -245.94664001464844, -0.02928447350859642, 0.0, 0.0, -144.12205505371094, 2.8593325221401535
5154, 343.4795227050781, -245.98416137695312, -0.027374615892767906, 0.05000000074505806, 0.0, -144.169677734375, 2.8335476369023076
5155, 343.42578125, -246.0217742919922, -0.026101378723978996, 0.10000000149011612, 0.0, -144.215087890625, 2.815130152462328
5156, 343.3697509765625, -246.06100463867188, -0.024191521108150482, 0.17500001192092896, 0.0, -144.25965881347656, 2.8036730195199855
5157, 343.3128356933594, -246.1008758544922, -0.022918282076716423, 0.2250000238418579, 0.0, -144.3020782470703, 2.8007842113254453
5158, 343.25946044921875, -246.13829040527344, -0.02100842446088791, 0.30000004172325134, 0.0, -144.33921813964844, 2.8052313703919864
5159, 343.2049255371094, -246.17648315429688, -0.019735187292099, 0.3500000536441803, 0.0, -144.37451171875, 2.817455987536247
5160, 343.1477355957031, -246.216552734375, -0.01846194826066494, 0.40000006556510925, 0.0, -144.40895080566406, 2.8372920638807155
5161, 343.0922546386719, -246.2554168701172, -0.01718870922923088, 0.4500000774860382, 0.0, -144.43997192382812, 2.862479167412915
5162, 343.02947998046875, -246.29945373535156, -0.015278850682079792, 0.5250000357627869, 0.0, -144.4720001220703, 2.8982069571563214
5163, 342.96929931640625, -246.3416748046875, -0.014005609788000584, 0.574999988079071, 0.0, -144.5, 2.939830845455822
5164, 342.9102783203125, -246.3831329345703, -0.01209575030952692, 0.6499999165534973, 0.0, -144.52464294433594, 2.9867506523429674
5165, 342.8501892089844, -246.42538452148438, -0.010822509415447712, 0.6999998688697815, 0.0, -144.5470733642578, 3.0411075342310965
5166, 342.78656005859375, -246.47010803222656, -0.012095749378204346, 0.7499998211860657, 0.0, -144.5694122314453, 3.104413334694275
5167, 342.72100830078125, -246.51597595214844, -0.017825327813625336, 0.8249997496604919, 0.0, -144.59494018554688, 3.1749455113549616
5168, 342.6524963378906, -246.56365966796875, -0.021645046770572662, 0.8749997019767761, 0.0, -144.6265411376953, 3.2545951538376325
5169, 342.5827941894531, -246.61192321777344, -0.02546476386487484, 0.9249996542930603, 0.0, -144.66444396972656, 3.3402850255306715
5170, 342.5107727050781, -246.66148376464844, -0.03119434230029583, 0.9999995827674866, 0.0, -144.7110137939453, 3.43305074299125
5171, 342.4365234375, -246.7122039794922, -0.03501405939459801, 0.9999996423721313, 0.0, -144.7668914794922, 3.531759637739043
5172, 342.3651123046875, -246.76068115234375, -0.0407436303794384, 0.9249997138977051, 0.0, -144.8284912109375, 3.624639104651314
5173, 342.28656005859375, -246.81358337402344, -0.04456334561109543, 0.8749997615814209, 0.0, -144.90516662597656, 3.720345557856518
5174, 342.2045593261719, -246.8684539794922, -0.04838306084275246, 0.8249998092651367, 0.0, -144.994140625, 3.812305697111745
5175, 342.12518310546875, -246.92112731933594, -0.05411263182759285, 0.7499998807907104, 0.0, -145.0893096923828, 3.892581638626266
5176, 342.0364685058594, -246.97952270507812, -0.05793234705924988, 0.6999999284744263, 0.0, -145.2061309814453, 3.972001662664041
5177, 341.9513244628906, -247.03509521484375, -0.05793234705924988, 0.6999999284744263, 0.0, -145.32855224609375, 4.038189040458683
5178, 341.86279296875, -247.09230041503906, -0.0674816370010376, 0.5750000476837158, 0.0, -145.46592712402344, 4.096956003491104
5179, 341.77239990234375, -247.15008544921875, -0.07321120798587799, 0.5000001192092896, 0.0, -145.6173095703125, 4.146662012852681
5180, 341.6795959472656, -247.2088165283203, -0.07703092694282532, 0.4500001072883606, 0.0, -145.7837371826172, 4.187543253113211
5181, 341.59100341796875, -247.2643280029297, -0.08085063844919205, 0.40000009536743164, 0.0, -145.95217895507812, 4.218122571256288
5182, 341.497802734375, -247.32199096679688, -0.0884900689125061, 0.30000007152557373, 0.0, -146.14117431640625, 4.240152052939871
5183, 341.40142822265625, -247.380859375, -0.09230978786945343, 0.2500000596046448, 0.0, -146.34913635253906, 4.251748578000298
5184, 341.3067626953125, -247.4379425048828, -0.09803935885429382, 0.17500004172325134, 0.0, -146.56561279296875, 4.252718017467632
5185, 341.2104187011719, -247.4951934814453, -0.10185907036066055, 0.1250000298023224, 0.0, -146.79759216308594, 4.243921706805199
5186, 341.1109619140625, -247.553466796875, -0.10758864879608154, 0.050000034272670746, 0.0, -147.04991149902344, 4.224804168475484
5187, 341.02276611328125, -247.60443115234375, -0.11140836030244827, 3.390014313708889e-08, 0.0, -147.28375244140625, 4.199722025898347
5188, 340.9275817871094, -247.65858459472656, -0.11713793128728867, 0.0, 0.0, -147.54776000976562, 4.166042583150474
5189, 340.8311767578125, -247.71255493164062, -0.12095765024423599, 0.0, 0.0, -147.82672119140625, 4.129229349678478
5190, 340.7374572753906, -247.76416015625, -0.12668722867965698, 0.0, 0.0, -148.10897827148438, 4.0922253641244835
5191, 340.6484375, -247.81231689453125, -0.1305069476366043, 0.0, 0.0, -148.38682556152344, 4.05677732244217
5192, 340.54913330078125, -247.86512756347656, -0.13432665169239044, 0.0, 0.0, -148.70738220214844, 4.017163687299268
5193, 340.4512023925781, -247.91622924804688, -0.14005623757839203, 0.0, 0.0, -149.0347137451172, 3.9779953302515176
5194, 340.3581237792969, -247.96383666992188, -0.14578580856323242, 0.0, 0.0, -149.35678100585938, 3.9407634463181016
5195, 340.2684326171875, -248.00880432128906, -0.14960551261901855, 0.0, 0.0, -149.67640686035156, 3.905131910204371
5196, 340.1721496582031, -248.0560760498047, -0.15533509850502014, 0.0, 0.0, -150.0304718017578, 3.866883527667401
5197, 340.0812072753906, -248.09976196289062, -0.15915480256080627, 0.0, 0.0, -150.37445068359375, 3.8310095927617174
5198, 339.9959411621094, -248.139892578125, -0.16488437354564667, 0.0, 0.0, -150.70571899414062, 3.7973945360293504
5199, 339.9027404785156, -248.18275451660156, -0.17061394453048706, 0.02500000037252903, 0.0, -151.0785675048828, 3.7610957146164936
5200, 339.8100280761719, -248.22430419921875, -0.17634353041648865, 0.10000000149011612, 0.0, -151.46044921875, 3.7297184354108914
5201, 339.7231140136719, -248.2623748779297, -0.18016323447227478, 0.15000000596046448, 0.0, -151.8271942138672, 3.7077253362687914
5202, 339.6315612792969, -248.30148315429688, -0.18589280545711517, 0.2250000238418579, 0.0, -152.22276306152344, 3.6928244144532627
5203, 339.54437255859375, -248.33778381347656, -0.1897125244140625, 0.17500001192092896, 0.0, -152.6072235107422, 3.683481649594597
5204, 339.45361328125, -248.3745880126953, -0.1954420953989029, 0.10000000149011612, 0.0, -153.01611328125, 3.6703567738367826
5205, 339.3621520996094, -248.41065979003906, -0.19926181435585022, 0.05000000447034836, 0.0, -153.43739318847656, 3.6506082693871016
5206, 339.2720947265625, -248.4452667236328, -0.19989843666553497, -0.02499999664723873, 0.0, -153.85865783691406, 3.6258098021048824
5207, 339.1844482421875, -248.47813415527344, -0.2011716663837433, 0.0, 0.0, -154.2732391357422, 3.598894488853068
5208, 339.0910339355469, -248.5122833251953, -0.20180828869342804, 0.0, 0.0, -154.7187957763672, 3.566900243053459
5209, 339.002685546875, -248.54380798339844, -0.20053505897521973, 0.0, 0.0, -155.14144897460938, 3.535520650384238
5210, 338.9150695800781, -248.57432556152344, -0.20180828869342804, 0.0, 0.0, -155.5615692138672, 3.5037571046522418
5211, 338.82318115234375, -248.60556030273438, -0.19989843666553497, 0.0, 0.0, -156.00149536132812, 3.4705225137461433
5212, 338.7359313964844, -248.63449096679688, -0.20053505897521973, 0.0, 0.0, -156.4185028076172, 3.438818370668313
5213, 338.6443786621094, -248.66403198242188, -0.20180828869342804, 0.0, 0.0, -156.85647583007812, 3.405460135674716
5214, 338.5583801269531, -248.69107055664062, -0.19989843666553497, 0.0, 0.0, -157.2666473388672, 3.374449933122197
5215, 338.4700622558594, -248.71815490722656, -0.19862519204616547, 0.0, 0.0, -157.685791015625, 3.3427339351010943
5216, 338.3814697265625, -248.7446746826172, -0.19607871770858765, 0.0, 0.0, -158.10293579101562, 3.3111213108179944
5217, 338.2913513183594, -248.77102661132812, -0.19416886568069458, 0.0, 0.0, -158.52325439453125, 3.2790290916479243
5218, 338.2049865722656, -248.795654296875, -0.19289562106132507, 0.0, 0.0, -158.92257690429688, 3.2482788880645055
5219, 338.1170654296875, -248.8201141357422, -0.190985769033432, 0.0, 0.0, -159.3249969482422, 3.2170865151309824
5220, 338.03173828125, -248.84323120117188, -0.18907590210437775, 0.0, 0.0, -159.7114715576172, 3.1869007477154065
5221, 337.9447937011719, -248.86630249023438, -0.18780267238616943, 0.0, 0.0, -160.10211181640625, 3.156099419107108
5222, 337.8603515625, -248.8881072998047, -0.18589280545711517, 0.0, 0.0, -160.47763061523438, 3.126288122375146
5223, 337.77691650390625, -248.9091339111328, -0.18461957573890686, 0.0, 0.0, -160.84535217285156, 3.0968335431566896
5224, 337.6946716308594, -248.92935180664062, -0.1827097088098526, 0.0, 0.0, -161.204345703125, 3.0678923535699694
5225, 337.6101379394531, -248.94949340820312, -0.1884392946958542, 0.0, 0.0, -161.57395935058594, 3.037558246954549
5226, 337.52801513671875, -248.9683380126953, -0.19225899875164032, 0.0, 0.0, -161.93711853027344, 3.0079992092481525
5227, 337.4471435546875, -248.9861297607422, -0.1979885697364807, 0.0, 0.0, -162.300537109375, 2.9787124745875215
5228, 337.3655090332031, -249.00338745117188, -0.2011716663837433, 0.0, 0.0, -162.67416381835938, 2.9493089753816677
5229, 337.28564453125, -249.01962280273438, -0.19989843666553497, 0.0, 0.0, -163.04278564453125, 2.921070926402817
5230, 337.20672607421875, -249.03512573242188, -0.20053505897521973, 0.0, 0.0, -163.40878295898438, 2.8932290881989124
5231, 337.1236267089844, -249.0508575439453, -0.20053505897521973, 0.0, 0.0, -163.79498291015625, 2.8640386529279964
5232, 337.0422058105469, -249.065673828125, -0.19926181435585022, 0.0, 0.0, -164.17311096191406, 2.8356163076855117
5233, 336.9647216796875, -249.07933044433594, -0.19735196232795715, 0.0, 0.0, -164.53140258789062, 2.808701591532311
5234, 336.8876953125, -249.0924530029297, -0.1954420953989029, 0.02500000037252903, 0.0, -164.88539123535156, 2.7773671265994713
5235, 336.8122863769531, -249.1049041748047, -0.19416886568069458, 0.07500000298023224, 0.0, -165.22901916503906, 2.7548869014028803
5236, 336.736083984375, -249.1170196533203, -0.19225899875164032, 0.15000000596046448, 0.0, -165.5730438232422, 2.740870850508399
5237, 336.6593322753906, -249.12884521484375, -0.190985769033432, 0.20000001788139343, 0.0, -165.915771484375, 2.734579806531747
5238, 336.5841064453125, -249.1400604248047, -0.18907590210437775, 0.27500003576278687, 0.0, -166.2484893798828, 2.737777679575294
5239, 336.5067443847656, -249.15118408203125, -0.18716605007648468, 0.3500000536441803, 0.0, -166.58627319335938, 2.750200327391573
5240, 336.4286193847656, -249.1620330810547, -0.1852561980485916, 0.42500007152557373, 0.0, -166.92247009277344, 2.775424210627775
5241, 336.34698486328125, -249.17294311523438, -0.1839829534292221, 0.4750000834465027, 0.0, -167.26947021484375, 2.8103924917780407
5242, 336.2691345214844, -249.18296813964844, -0.18207310140132904, 0.550000011920929, 0.0, -167.59596252441406, 2.8545660756237328
5243, 336.1882629394531, -249.19300842285156, -0.18016323447227478, 0.6249999403953552, 0.0, -167.93063354492188, 2.908185808695478
5244, 336.107177734375, -249.20265197753906, -0.17889000475406647, 0.6749998927116394, 0.0, -168.26211547851562, 2.968964528355676
5245, 336.0209045410156, -249.21250915527344, -0.1769801378250122, 0.6499999165534973, 0.0, -168.61044311523438, 3.0359510531183442
5246, 335.935302734375, -249.22186279296875, -0.17507028579711914, 0.574999988079071, 0.0, -168.95172119140625, 3.0976596691637917
5247, 335.8474426269531, -249.23104858398438, -0.17316043376922607, 0.5000000596046448, 0.0, -169.29849243164062, 3.1516507632592723
5248, 335.75543212890625, -249.24020385742188, -0.17125056684017181, 0.42500004172325134, 0.0, -169.657958984375, 3.196630825261538
5249, 335.6658935546875, -249.24864196777344, -0.16934071481227875, 0.3500000238418579, 0.0, -170.0045928955078, 3.228978034462794
5250, 335.5777282714844, -249.2565155029297, -0.16806747019290924, 0.30000001192092896, 0.0, -170.34327697753906, 3.250908804318519
5251, 335.48565673828125, -249.2642364501953, -0.16615761816501617, 0.22499999403953552, 0.0, -170.6945037841797, 3.26375543206276
5252, 335.3945617675781, -249.2714080810547, -0.16488437354564667, 0.17499998211860657, 0.0, -171.03924560546875, 3.266777722735144
5253, 335.3045959472656, -249.2779998779297, -0.1629745215177536, 0.09999997913837433, 0.0, -171.3775177001953, 3.2604520241816837
5254, 335.20904541015625, -249.2845001220703, -0.16106466948986053, 0.07499998062849045, 0.0, -171.7339630126953, 3.245247692220637
5255, 335.1211242675781, -249.2900390625, -0.15979142487049103, 0.12499997764825821, 0.0, -172.0595245361328, 3.2299469721712604
5256, 335.0284423828125, -249.29537963867188, -0.15788157284259796, 0.19999998807907104, 0.0, -172.3994903564453, 3.219492786404387
5257, 334.9339904785156, -249.3003692626953, -0.1559717059135437, 0.2750000059604645, 0.0, -172.74169921875, 3.2187659357909504
5258, 334.8367919921875, -249.3050079345703, -0.15406185388565063, 0.3500000238418579, 0.0, -173.089111328125, 3.229381600861112
5259, 334.7458801269531, -249.30889892578125, -0.15278860926628113, 0.40000003576278687, 0.0, -173.40960693359375, 3.2488288692405902
5260, 334.66009521484375, -249.3121795654297, -0.15087875723838806, 0.4750000536441803, 0.0, -173.70828247070312, 3.274865633698923
5261, 334.5632629394531, -249.31558227539062, -0.14132946729660034, 0.5000000596046448, 0.0, -174.03529357910156, 3.3128213370403357
5262, 334.4662170410156, -249.31878662109375, -0.1349632740020752, 0.4500000476837158, 0.0, -174.3505096435547, 3.3521898524266267
5263, 334.3719482421875, -249.32177734375, -0.12541398406028748, 0.3500000238418579, 0.0, -174.64224243164062, 3.3838934245991634
5264, 334.2682800292969, -249.3250732421875, -0.11268160492181778, 0.2750000059604645, 0.0, -174.9431915283203, 3.4064083548656483
5265, 334.16766357421875, -249.32827758789062, -0.10313232243061066, 0.19999998807907104, 0.0, -175.21339416503906, 3.416007824145769
5266, 334.0675354003906, -249.3314208984375, -0.09676612913608551, 0.1499999761581421, 0.0, -175.46388244628906, 3.414740237793271
5267, 333.97021484375, -249.33447265625, -0.08721683919429779, 0.07499998062849045, 0.0, -175.6898651123047, 3.4037165999232806
5268, 333.87078857421875, -249.337646484375, -0.07766755670309067, -1.8253922817734747e-08, 0.0, -175.9016571044922, 3.3812322910529313
5269, 333.77471923828125, -249.3408203125, -0.06811826676130295, 0.0, 0.0, -176.0869903564453, 3.354786003888516
5270, 333.68170166015625, -249.34396362304688, -0.0617520697414875, 0.0, 0.0, -176.2496337890625, 3.325489836024999
5271, 333.5861511230469, -249.34732055664062, -0.052202772349119186, 0.0, 0.0, -176.39837646484375, 3.2938596756135707
5272, 333.4855651855469, -249.35104370117188, -0.04265347123146057, 0.0, 0.0, -176.53443908691406, 3.2597741786779983
5273, 333.39190673828125, -249.35470581054688, -0.036287274211645126, 0.0, 0.0, -176.64247131347656, 3.227705892642804
5274, 333.28802490234375, -249.35902404785156, -0.02673797495663166, 0.0, 0.0, -176.74154663085938, 3.1919544094556582
5275, 333.1925354003906, -249.36322021484375, -0.019735155627131462, 0.0, 0.0, -176.8140869140625, 3.1590077934367464
5276, 333.0990905761719, -249.36741638183594, -0.017825298011302948, 0.0, 0.0, -176.87132263183594, 3.1267084607433246
5277, 333.009521484375, -249.3715057373047, -0.015915440395474434, 0.0, 0.0, -176.91763305664062, 3.0957346399294217
5278, 332.9229736328125, -249.37548828125, -0.014005579985678196, 0.0, 0.0, -176.9561004638672, 3.0658248831025685
5279, 332.8343811035156, -249.3795623779297, -0.012095719575881958, 0.0, 0.0, -176.99000549316406, 3.0352078243212075
5280, 332.74749755859375, -249.38360595703125, -0.01018585916608572, 0.07500000298023224, 0.0, -177.01853942871094, 3.0038267497756177
5281, 332.6571350097656, -249.38784790039062, -0.008275998756289482, 0.15000000596046448, 0.0, -177.04360961914062, 2.9840132020702264
5282, 332.56805419921875, -249.39208984375, -0.006366139743477106, 0.2250000238418579, 0.0, -177.0635223388672, 2.9769594233445993
5283, 332.48388671875, -249.39613342285156, -0.005092900712043047, 0.27500003576278687, 0.0, -177.0786590576172, 2.98060774668707
5284, 332.3943786621094, -249.4004669189453, -0.0031830412335693836, 0.3500000536441803, 0.0, -177.0908203125, 2.9942307223875235
5285, 332.3035583496094, -249.40496826171875, 0.0, 0.42500007152557373, 0.0, -177.0981903076172, 3.0187987600593833
5286, 332.2164001464844, -249.40936279296875, 0.0, 0.5000000596046448, 0.0, -177.1016387939453, 3.0524700916510983
5287, 332.1275329589844, -249.4138641357422, 0.0, 0.550000011920929, 0.0, -177.10330200195312, 3.0960878045260007
5288, 332.0411682128906, -249.418212890625, 0.0, 0.6249999403953552, 0.0, -177.10385131835938, 3.14604259740366
5289, 331.9503479003906, -249.42288208007812, 0.0038197184912860394, 0.6999998688697815, 0.0, -177.10122680664062, 3.2072326767953996
5290, 331.8548278808594, -249.42794799804688, 0.007639436982572079, 0.7499998211860657, 0.0, -177.0925750732422, 3.28002454011765
5291, 331.7650451660156, -249.4329376220703, 0.013369014486670494, 0.8249997496604919, 0.0, -177.07705688476562, 3.3547176755724712
5292, 331.6629638671875, -249.43896484375, 0.019098592922091484, 0.8999996781349182, 0.0, -177.04835510253906, 3.4475676252128107
5293, 331.5628356933594, -249.44512939453125, 0.022281691431999207, 0.9749996066093445, 0.0, -177.01048278808594, 3.5461962109331715
5294, 331.4527587890625, -249.4520263671875, 0.020371833816170692, 1.0, 0.0, -176.96340942382812, 3.6608930449404244
5295, 331.3426818847656, -249.458984375, 0.01846197620034218, 1.0, 0.0, -176.91519165039062, 3.7768575339684953
5296, 331.23370361328125, -249.46585083007812, 0.016552118584513664, 1.0, 0.0, -176.86886596679688, 3.890531345141744
5297, 331.1194152832031, -249.47303771972656, 0.015278879553079605, 1.0, 0.0, -176.8226318359375, 4.007275183227607
5298, 331.0033264160156, -249.48033142089844, 0.013369019143283367, 1.0, 0.0, -176.7788848876953, 4.122946889847819
5299, 330.8754577636719, -249.4883270263672, 0.011459159664809704, 1.0, 0.0, -176.73489379882812, 4.247137158078743
5300, 330.7530517578125, -249.4959716796875, 0.009549299255013466, 1.0, 0.0, -176.6973876953125, 4.362580550643466
5301, 330.6226806640625, -249.50408935546875, 0.008276058360934258, 1.0, 0.0, -176.66201782226562, 4.482236390517895
5302, 330.4863586425781, -249.51255798339844, 0.006366199813783169, 1.0, 0.0, -176.6299591064453, 4.603946557420815
5303, 330.3451843261719, -249.521240234375, 0.004456340800970793, 1.0, 0.0, -176.60205078125, 4.726792617720498
5304, 330.20660400390625, -249.52964782714844, 0.0, 1.0, 0.0, -176.58212280273438, 4.844024869540452
5305, 330.05828857421875, -249.53843688964844, -0.0038197184912860394, 1.0, 0.0, -176.57029724121094, 4.966448274543063
5306, 329.91510009765625, -249.546630859375, -0.009549296461045742, 0.9500000476837158, 0.0, -176.57093811035156, 5.080313487078034
5307, 329.7662048339844, -249.55477905273438, -0.015278873965144157, 0.8750001192092896, 0.0, -176.58627319335938, 5.191034743355906
5308, 329.61187744140625, -249.562744140625, -0.021008450537919998, 0.8500001430511475, 0.0, -176.61874389648438, 5.2969958195790365
5309, 329.458984375, -249.5702362060547, -0.024828169494867325, 0.9000000953674316, 0.0, -176.66664123535156, 5.392767229034219
5310, 329.2921142578125, -249.57814025878906, -0.02291831187903881, 0.9750000238418579, 0.0, -176.7294921875, 5.497723920642584
5311, 329.1319885253906, -249.58555603027344, -0.021008456125855446, 0.9000000953674316, 0.0, -176.7941436767578, 5.600728059494082
5312, 328.9697570800781, -249.5930633544922, -0.019098598510026932, 0.8250001668930054, 0.0, -176.86326599121094, 5.666420834359844
5313, 328.7947998046875, -249.60104370117188, -0.017188740894198418, 0.7500002384185791, 0.0, -176.9335479736328, 5.731181654122358
5314, 328.6310729980469, -249.60850524902344, -0.015278881415724754, 0.6750003099441528, 0.0, -176.9964599609375, 5.79615178356819
5315, 328.4623718261719, -249.61618041992188, -0.013369021005928516, 0.6000003814697266, 0.0, -177.05784606933594, 5.79229846055875
5316, 328.28875732421875, -249.6240692138672, -0.011459161527454853, 0.5250004529953003, 0.0, -177.1165771484375, 5.819572396634169
5317, 328.1208190917969, -249.6317138671875, -0.010185920633375645, 0.4750004708766937, 0.0, -177.168701171875, 5.820209441401476
5318, 327.9611511230469, -249.6389617919922, -0.008276060223579407, 0.4000004529953003, 0.0, -177.21339416503906, 5.865555377286469
5319, 327.7935791015625, -249.64657592773438, -0.006366201676428318, 0.32500043511390686, 0.0, -177.2545166015625, 5.875114010303698
5320, 327.6145935058594, -249.6547088623047, -0.005092962179332972, 0.2750004231929779, 0.0, -177.29212951660156, 5.933667631874655
5321, 327.4402770996094, -249.66262817382812, -0.003183102933689952, 0.2500004172325134, 0.0, -177.32162475585938, 5.974477921789642
5322, 327.2634582519531, -249.67071533203125, -0.0012732435716316104, 0.32500043511390686, 0.0, -177.3455352783203, 5.937500015534315
5323, 327.09442138671875, -249.6785125732422, 0.0, 0.4000004529953003, 0.0, -177.3628387451172, 5.939084532277293
5324, 326.9210205078125, -249.6865234375, 0.0, 0.45000046491622925, 0.0, -177.37600708007812, 5.913353844162131
5325, 326.7527160644531, -249.6942901611328, 0.0, 0.5250004529953003, 0.0, -177.3854522705078, 5.927777613496674
5326, 326.5805358886719, -249.7022247314453, 0.0, 0.6250003576278687, 0.0, -177.392578125, 5.918611534114173
5327, 326.41131591796875, -249.70997619628906, 0.0, 0.6500003337860107, 0.0, -177.39759826660156, 5.952271285020759
5328, 326.24468994140625, -249.7176055908203, 0.0, 0.7500002384185791, 0.0, -177.4010772705078, 5.971170978822819
5329, 326.0667724609375, -249.7257537841797, 0.0, 0.8250001668930054, 0.0, -177.40345764160156, 6.026522483211086
5330, 325.893310546875, -249.733642578125, 0.0, 0.8750001192092896, 0.0, -177.4048309326172, 6.063395879536555
5331, 325.7135009765625, -249.74183654785156, 0.0, 0.9500000476837158, 0.0, -177.4053497314453, 6.151250714884362
5332, 325.5382995605469, -249.749755859375, 0.0, 1.0, 0.0, -177.40509033203125, 6.228352226488373
5333, 325.3563537597656, -249.75802612304688, 0.0, 1.0, 0.0, -177.404052734375, 6.3647486517273
5334, 325.16912841796875, -249.76649475097656, 0.0, 1.0, 0.0, -177.4022674560547, 6.495222044638763
5335, 324.9872741699219, -249.7747344970703, 0.0, 1.0, 0.0, -177.40003967285156, 6.651885000428519
5336, 324.78680419921875, -249.78378295898438, 0.0, 1.0, 0.0, -177.39703369140625, 6.80766894090166
5337, 324.5877380371094, -249.7927703857422, 0.0, 1.0, 0.0, -177.3937530517578, 6.949769213302569
5338, 324.3790283203125, -249.80224609375, 0.0, 1.0, 0.0, -177.39016723632812, 7.08725970153437
5339, 324.1701354980469, -249.8116912841797, 0.0, 1.0, 0.0, -177.38656616210938, 7.216640974286237
5340, 323.9652404785156, -249.8209686279297, 0.0, 1.0, 0.0, -177.3829345703125, 7.337398407853401
5341, 323.7469482421875, -249.8308868408203, 0.0, 1.0, 0.0, -177.37918090820312, 7.461032430975937
5342, 323.5257873535156, -249.84092712402344, 0.0, 1.0, 0.0, -177.37535095214844, 7.582079782817263
5343, 323.30609130859375, -249.8509063720703, 0.0, 1.0, 0.0, -177.37161254882812, 7.69895505522423
5344, 323.0875549316406, -249.8608856201172, 0.0, 1.0, 0.0, -177.36795043945312, 7.812450469271708
5345, 322.87158203125, -249.87075805664062, 0.0, 1.0, 0.0, -177.36431884765625, 7.922290315849896
5346, 322.63189697265625, -249.88172912597656, 0.0, 1.0, 0.0, -177.3603973388672, 8.041765284507582
5347, 322.3980712890625, -249.8924102783203, 0.0, 1.0, 0.0, -177.35658264160156, 8.156174738755075
5348, 322.16009521484375, -249.9031982421875, -0.0038197184912860394, 1.0, 0.0, -177.35606384277344, 8.270583603453384
5349, 321.916015625, -249.9139862060547, -0.009549296461045742, 1.0, 0.0, -177.3646697998047, 8.385848931271175
5350, 321.67071533203125, -249.92434692382812, -0.015278873965144157, 0.9500000476837158, 0.0, -177.38748168945312, 8.498745282453578
5351, 321.4184875488281, -249.9346466064453, -0.014005634002387524, 0.9000000953674316, 0.0, -177.42306518554688, 8.609881475090722
5352, 321.165283203125, -249.94471740722656, -0.012095773592591286, 0.8250001668930054, 0.0, -177.46580505371094, 8.714255502463931
5353, 320.9130859375, -249.95469665527344, -0.010185913182795048, 0.7500002384185791, 0.0, -177.51129150390625, 8.80868265845506
5354, 320.65631103515625, -249.96473693847656, -0.010185913182795048, 0.7500002384185791, 0.0, -177.55807495117188, 8.893868575524213
5355, 320.39892578125, -249.9747772216797, -0.007002813741564751, 0.6250003576278687, 0.0, -177.60337829589844, 8.967696641568535
5356, 320.135498046875, -249.98509216308594, -0.004456335213035345, 0.5250004529953003, 0.0, -177.64552307128906, 9.029507786968155
5357, 319.8671875, -249.9956512451172, -0.002546475501731038, 0.45000046491622925, 0.0, -177.68238830566406, 9.076312420522193
5358, 319.61187744140625, -250.00579833984375, 0.0, 0.4000004529953003, 0.0, -177.7105255126953, 9.10585383591101
5359, 319.3466796875, -250.016357421875, 0.0, 0.32500043511390686, 0.0, -177.73309326171875, 9.121895529578973
5360, 319.0842590332031, -250.02679443359375, 0.0, 0.2500004172325134, 0.0, -177.7504119873047, 9.122361868261681
5361, 318.8376159667969, -250.03659057617188, 0.0, 0.20000040531158447, 0.0, -177.7633056640625, 9.10915966445128
5362, 318.58026123046875, -250.0467987060547, 0.0, 0.12500038743019104, 0.0, -177.77403259277344, 9.082456841760154
5363, 318.3064270019531, -250.05758666992188, 0.0, 0.0500003919005394, 0.0, -177.78326416015625, 9.038657878804921
5364, 318.0389099121094, -250.06808471679688, 0.0, -0.02499960921704769, 0.0, -177.79063415527344, 8.982850081022038
5365, 317.78271484375, -250.0780792236328, 0.0, 0.0, 0.0, -177.79656982421875, 8.918734071897655
5366, 317.5258483886719, -250.08807373046875, 0.0, 0.0, 0.0, -177.80178833007812, 8.846892561701493
5367, 317.26263427734375, -250.09829711914062, 0.0, 0.0, 0.0, -177.80650329589844, 8.767942410366699
5368, 317.0153503417969, -250.10777282714844, -0.0038197184912860394, 0.0, 0.0, -177.8136444091797, 8.690356277472416
5369, 316.7581481933594, -250.11727905273438, -0.009549296461045742, 0.0, 0.0, -177.8299560546875, 8.607250794283377
5370, 316.5135192871094, -250.12583923339844, -0.015278873965144157, 0.0, 0.0, -177.85877990722656, 8.526563283751255
5371, 316.2712707519531, -250.1337127685547, -0.021008450537919998, 0.0, 0.0, -177.90438842773438, 8.445520575420144
5372, 316.0359802246094, -250.14073181152344, -0.024828169494867325, 0.0, 0.0, -177.96656799316406, 8.36606883175478
5373, 315.80853271484375, -250.1470184326172, -0.024828171357512474, 0.0, 0.0, -178.04136657714844, 8.28890441459616
5374, 315.5539855957031, -250.153564453125, -0.02291831374168396, 0.0, 0.0, -178.1368408203125, 8.20232148393744
5375, 315.321533203125, -250.15921020507812, -0.02164507657289505, 0.0, 0.0, -178.23135375976562, 8.123022661627264
5376, 315.0954284667969, -250.1644287109375, -0.019735218957066536, 0.0, 0.0, -178.32647705078125, 8.045801034574422
5377, 314.86883544921875, -250.16940307617188, -0.018461979925632477, 0.0, 0.0, -178.42251586914062, 7.968318967815117
5378, 314.6435546875, -250.1741485595703, -0.016552122309803963, 0.0, 0.0, -178.51666259765625, 7.891224915614386
5379, 314.4172058105469, -250.17874145507812, -0.014642263762652874, 0.0, 0.0, -178.60794067382812, 7.813714344933541
5380, 314.1971740722656, -250.1830291748047, -0.01336902379989624, 0.0, 0.0, -178.69244384765625, 7.738330421141665
5381, 313.97515869140625, -250.18714904785156, -0.01336902379989624, 0.0, 0.0, -178.77247619628906, 7.662188998080269
5382, 313.759765625, -250.19102478027344, -0.009549302980303764, 0.0, 0.0, -178.84388732910156, 7.588368422073319
5383, 313.5511169433594, -250.1946563720703, -0.008276062086224556, 0.0, 0.0, -178.90708923339844, 7.5166505218655155
5384, 313.3426818847656, -250.19798278808594, -0.014005640521645546, 0.0, 0.0, -178.96920776367188, 7.445274693779541
5385, 313.1329040527344, -250.20083618164062, -0.014005640521645546, 0.0, 0.0, -179.0384521484375, 7.372623515931333
5386, 312.9192810058594, -250.2030029296875, -0.025464797392487526, 0.0, 0.0, -179.1182098388672, 7.3004957640962225
5387, 312.71441650390625, -250.20448303222656, -0.029284516349434853, 0.0, 0.0, -179.21295166015625, 7.228291621584988
5388, 312.50836181640625, -250.2052459716797, -0.03183099627494812, 0.0, 0.0, -179.31504821777344, 7.155044378453881
5389, 312.2928161621094, -250.2054901123047, -0.029921138659119606, 0.0, 0.0, -179.43601989746094, 7.082344059045295
5390, 312.1084289550781, -250.20530700683594, -0.028647899627685547, 0.0, 0.0, -179.54640197753906, 7.018551525607291
5391, 311.9047546386719, -250.20472717285156, -0.026738042011857033, 0.0, 0.0, -179.6647491455078, 6.946333849111343
5392, 311.70751953125, -250.2039337158203, -0.025464804843068123, 0.0, 0.0, -179.7888946533203, 6.874941643549594
5393, 311.5129699707031, -250.20277404785156, -0.02355494722723961, 0.0, 0.0, -179.89752197265625, 6.805431782154929
5394, 311.3309326171875, -250.2015838623047, -0.021645089611411095, 0.0, 0.0, 179.99276733398438, 6.7427432823056
5395, 311.1305236816406, -250.19984436035156, -0.020371850579977036, 0.0, 0.0, 179.8916473388672, 6.672510709230099
5396, 310.94915771484375, -250.19827270507812, -0.01846199296414852, 0.0, 0.0, 179.7882080078125, 6.6075641216403405
5397, 310.7642517089844, -250.19631958007812, -0.016552135348320007, 0.05000000074505806, 0.0, 179.70367431640625, 6.545402975395234
5398, 310.57757568359375, -250.19436645507812, -0.015278897248208523, 0.10000000149011612, 0.0, 179.6070556640625, 6.482486112985761
5399, 310.384033203125, -250.19207763671875, -0.01273241639137268, 0.20000001788139343, 0.0, 179.52442932128906, 6.433277651560078
5400, 310.2046203613281, -250.18975830078125, -0.010822555981576443, 0.27500003576278687, 0.0, 179.46109008789062, 6.393464809397596
5401, 310.01348876953125, -250.18731689453125, -0.008912695571780205, 0.20000001788139343, 0.0, 179.39334106445312, 6.359619153261236
5402, 309.8369140625, -250.1850128173828, -0.007639456074684858, 0.15000000596046448, 0.0, 179.3328094482422, 6.326470243628641
5403, 309.6550598144531, -250.18243408203125, -0.005729597061872482, 0.07500000298023224, 0.0, 179.29373168945312, 6.27747729746404
5404, 309.4758605957031, -250.1800537109375, -0.004456358030438423, 0.02500000409781933, 0.0, 179.24197387695312, 6.2250029658322275
5405, 309.29840087890625, -250.17747497558594, -0.002546498319134116, 0.0, 0.0, 179.2176513671875, 6.168737479291708
5406, 309.12347412109375, -250.1751708984375, 0.0, 0.0, 0.0, 179.1802978515625, 6.110555552775286
5407, 308.9509582519531, -250.17271423339844, 0.0, 0.0, 0.0, 179.1703338623047, 6.051358903321908
5408, 308.7845764160156, -250.17050170898438, 0.0, 0.0, 0.0, 179.1453399658203, 5.994758508439733
5409, 308.6120300292969, -250.16796875, 0.0, 0.0, 0.0, 179.14402770996094, 5.931411838933733
5410, 308.4481506347656, -250.1656951904297, 0.0, 0.0, 0.0, 179.1243438720703, 5.872237842273261
5411, 308.2803955078125, -250.16311645507812, -0.0019098592456430197, 0.0, 0.0, 179.12657165527344, 5.808731160583021
5412, 308.11370849609375, -250.16053771972656, -0.007639436982572079, 0.0, 0.0, 179.10174560546875, 5.743782996237754
5413, 307.94512939453125, -250.15731811523438, -0.013369014486670494, 0.0, 0.0, 179.0922088623047, 5.674938789286148
5414, 307.7898864746094, -250.1542510986328, -0.016552112996578217, 0.0, 0.0, 179.05059814453125, 5.61721168075409
5415, 307.6353759765625, -250.1507110595703, -0.014642253518104553, 0.0, 0.0, 179.02392578125, 5.560256468467292
5416, 307.47918701171875, -250.14724731445312, -0.013369012624025345, 0.0, 0.0, 178.97073364257812, 5.4993885683921455
5417, 307.3302917480469, -250.1436309814453, -0.011459152214229107, 0.0, 0.0, 178.9409942626953, 5.443602112542209
5418, 307.1804504394531, -250.1401824951172, -0.010185912251472473, 0.0, 0.0, 178.88961791992188, 5.3857782996927375
5419, 307.0332946777344, -250.1365966796875, -0.008276051841676235, 0.0, 0.0, 178.86337280273438, 5.328517130830898
5420, 306.8840637207031, -250.1332244873047, -0.0063661932945251465, 0.0, 0.0, 178.81646728515625, 5.267444905930779
5421, 306.73187255859375, -250.12954711914062, -0.0050929537974298, 0.0, 0.0, 178.7984161376953, 5.200546716982457
5422, 306.5827331542969, -250.1262664794922, -0.0031830943189561367, 0.0, 0.0, 178.75804138183594, 5.135767958273046
5423, 306.4427795410156, -250.12294006347656, -0.0019098548218607903, 0.0, 0.0, 178.75001525878906, 5.080063432625099
5424, 306.2999267578125, -250.119873046875, 0.0, 0.0, 0.0, 178.72166442871094, 5.020275184826954
5425, 306.1573486328125, -250.11656188964844, 0.0, 0.0, 0.0, 178.7253875732422, 5.001904056737483
5426, 306.0130920410156, -250.11337280273438, 0.0, 0.0, 0.0, 178.71920776367188, 4.9948408451042825
5427, 305.87176513671875, -250.11024475097656, 0.0, 0.05000000074505806, 0.0, 178.7150421142578, 4.966638302608053
5428, 305.7270812988281, -250.10704040527344, 0.0, 0.125, 0.0, 178.71200561523438, 4.934271172248156
5429, 305.5838317871094, -250.1038360595703, 0.0, 0.17500001192092896, 0.0, 178.7097930908203, 4.906181325048632
5430, 305.44989013671875, -250.100830078125, 0.0, 0.2500000298023224, 0.0, 178.70828247070312, 4.886353831447702
5431, 305.304443359375, -250.0975799560547, 0.0, 0.3250000476837158, 0.0, 178.70712280273438, 4.8752450528588
5432, 305.17095947265625, -250.09458923339844, 0.0, 0.40000006556510925, 0.0, 178.70645141601562, 4.875767183487124
5433, 305.02587890625, -250.09132385253906, 0.0, 0.4750000834465027, 0.0, 178.7060089111328, 4.888571952925376
5434, 304.8860778808594, -250.08816528320312, 0.0, 0.550000011920929, 0.0, 178.7058868408203, 4.912607038485264
5435, 304.7505798339844, -250.08511352539062, 0.0, 0.5999999642372131, 0.0, 178.7060089111328, 4.946050058843706
5436, 304.60894775390625, -250.08189392089844, 0.0, 0.6749998927116394, 0.0, 178.70640563964844, 4.990506458256114
5437, 304.4759521484375, -250.0789031982422, 0.0, 0.7249998450279236, 0.0, 178.7069549560547, 5.040467685984588
5438, 304.3331604003906, -250.07568359375, 0.0, 0.6499999165534973, 0.0, 178.70774841308594, 5.098441593677908
5439, 304.1805114746094, -250.07220458984375, 0.0, 0.574999988079071, 0.0, 178.70875549316406, 5.157161415508001
5440, 304.0267028808594, -250.06874084472656, 0.0, 0.5250000357627869, 0.0, 178.7098388671875, 5.198736476281731
5441, 303.8759765625, -250.06532287597656, 0.0, 0.4500000476837158, 0.0, 178.71070861816406, 5.1923753285573415
5442, 303.7371826171875, -250.06219482421875, 0.0, 0.3750000298023224, 0.0, 178.71104431152344, 5.145427419111236
5443, 303.58984375, -250.0588836669922, 0.0, 0.32500001788139343, 0.0, 178.7112274169922, 5.135660940659553
5444, 303.4393005371094, -250.05548095703125, 0.0, 0.25, 0.0, 178.711181640625, 5.081779512305081
5445, 303.29730224609375, -250.05227661132812, 0.0, 0.17499998211860657, 0.0, 178.71099853515625, 5.0807682823914515
5446, 303.15087890625, -250.0489959716797, 0.0, 0.12499997764825821, 0.0, 178.71070861816406, 5.032316312201918
5447, 303.00213623046875, -250.045654296875, 0.0, 0.024999981746077538, 0.0, 178.7103271484375, 5.015888948594322
5448, 302.85870361328125, -250.04244995117188, 0.0, 0.0, 0.0, 178.7099151611328, 5.028994837045536
5449, 302.71112060546875, -250.03909301757812, 0.0, 0.0, 0.0, 178.7099151611328, 5.06600352048658
5450, 302.56561279296875, -250.0358123779297, 0.0, 0.0, 0.0, 178.70999145507812, 5.05778239497826
5451, 302.4241638183594, -250.03260803222656, 0.0, 0.0, 0.0, 178.70999145507812, 4.97197779672591
5452, 302.27606201171875, -250.029296875, 0.0, 0.0, 0.0, 178.7094268798828, 4.95626606288225
5453, 302.1320495605469, -250.0260467529297, 0.0, 0.0, 0.0, 178.70889282226562, 4.923020880018059
5454, 301.9949645996094, -250.02294921875, 0.0, 0.0, 0.0, 178.7082977294922, 4.883276793513234
5455, 301.8565673828125, -250.0198516845703, 0.0, 0.0, 0.0, 178.70761108398438, 4.839146152483317
5456, 301.71685791015625, -250.01669311523438, 0.0, 0.0, 0.0, 178.70684814453125, 4.792515989894556
5457, 301.5732727050781, -250.0134735107422, 0.0, 0.0, 0.0, 178.70603942871094, 4.743533856663239
5458, 301.4446105957031, -250.01055908203125, 0.0, 0.0, 0.0, 178.70523071289062, 4.699165882042727
5459, 301.3115539550781, -250.007568359375, 0.0, 0.0, 0.0, 178.70443725585938, 4.653042523690329
5460, 301.1796569824219, -250.00460815429688, 0.0, 0.0, 0.0, 178.70358276367188, 4.607198214876812
5461, 301.04681396484375, -250.00161743164062, 0.0, 0.0, 0.0, 178.70274353027344, 4.560967118258062
5462, 300.9128723144531, -249.9985809326172, 0.0, 0.0, 0.0, 178.70184326171875, 4.5143139262761895
5463, 300.7893371582031, -249.9957733154297, 0.0, 0.0, 0.0, 178.7010498046875, 4.471264558000258
5464, 300.6600341796875, -249.99276733398438, -0.0038197184912860394, 0.0, 0.0, 178.69732666015625, 4.426172599929385
5465, 300.5303955078125, -249.9895477294922, -0.007639436982572079, 0.0, 0.0, 178.6875, 4.38093467502706
5466, 300.41656494140625, -249.98646545410156, -0.013369014486670494, 0.0, 0.0, 178.6710662841797, 4.3411544986452
5467, 300.3002014160156, -249.98300170898438, -0.019098592922091484, 0.0, 0.0, 178.6436767578125, 4.300406500884123
5468, 300.1778869628906, -249.97900390625, -0.02291831001639366, 0.0, 0.0, 178.60263061523438, 4.257540312578813
5469, 300.05255126953125, -249.9744415283203, -0.02864788845181465, 0.0, 0.0, 178.546630859375, 4.213539116512173
5470, 299.9357604980469, -249.96981811523438, -0.03437746688723564, 0.0, 0.0, 178.48074340820312, 4.1724616355932005
5471, 299.82489013671875, -249.96499633789062, -0.03819718211889267, 0.0, 0.0, 178.40615844726562, 4.133463002848979
5472, 299.70538330078125, -249.9593505859375, -0.04392675310373306, 0.0, 0.0, 178.3116912841797, 4.0913281514569855
5473, 299.5822448730469, -249.95294189453125, -0.05156618356704712, 0.0, 0.0, 178.19769287109375, 4.047779876295852
5474, 299.4718933105469, -249.9466552734375, -0.05538589879870415, 0.0, 0.0, 178.0809783935547, 4.0088771439646465
5475, 299.3558654785156, -249.9394989013672, -0.06111546978354454, 0.0, 0.0, 177.94358825683594, 3.967972628654535
5476, 299.2455749511719, -249.93212890625, -0.06684504449367523, 0.0, 0.0, 177.79885864257812, 3.92906202015498
5477, 299.1329345703125, -249.92404174804688, -0.07066475600004196, 0.0, 0.0, 177.63755798339844, 3.889440242990815
5478, 299.0257568359375, -249.915771484375, -0.07639432698488235, 0.0, 0.0, 177.47129821777344, 3.851714541445455
5479, 298.915283203125, -249.9066162109375, -0.08212390542030334, 0.0, 0.0, 177.28590393066406, 3.812780054884832
5480, 298.8100280761719, -249.8972930908203, -0.08594361692667007, 0.0, 0.0, 177.0970458984375, 3.7757545731207642
5481, 298.7049865722656, -249.88739013671875, -0.09167318791151047, 0.0, 0.0, 176.89614868164062, 3.738698818465611
5482, 298.6026611328125, -249.8771209716797, -0.09740276634693146, 0.0, 0.0, 176.68775939941406, 3.7025069530304444
5483, 298.4976806640625, -249.86590576171875, -0.10122247785329819, 0.0, 0.0, 176.46153259277344, 3.665431651678484
5484, 298.3991394042969, -249.85476684570312, -0.10695204883813858, 0.0, 0.0, 176.2377166748047, 3.630527374540845
5485, 298.2967834472656, -249.8424530029297, -0.11268161982297897, 0.07500000298023224, 0.0, 175.99227905273438, 3.595636763040415
5486, 298.2000732421875, -249.83018493652344, -0.1165013387799263, 0.125, 0.0, 175.74937438964844, 3.570650899588688
5487, 298.0992431640625, -249.816650390625, -0.1222309097647667, 0.20000001788139343, 0.0, 175.48451232910156, 3.5535302995953395
5488, 297.99951171875, -249.80255126953125, -0.12796048820018768, 0.27500003576278687, 0.0, 175.21070861816406, 3.547250974228054
5489, 297.90179443359375, -249.78802490234375, -0.13178019225597382, 0.27500003576278687, 0.0, 174.93194580078125, 3.548953807860011
5490, 297.8034973144531, -249.77267456054688, -0.1375097632408142, 0.20000001788139343, 0.0, 174.64051818847656, 3.5497815364580907
5491, 297.7018737792969, -249.75596618652344, -0.1432393491268158, 0.125, 0.0, 174.32652282714844, 3.5428017533322116
5492, 297.60589599609375, -249.73939514160156, -0.1489689201116562, 0.05000000447034836, 0.0, 174.01744079589844, 3.5265759447624965
5493, 297.5071105957031, -249.7214813232422, -0.15469849109649658, -0.02499999664723873, 0.0, 173.6857452392578, 3.501434591345678
5494, 297.4102478027344, -249.703125, -0.15851819515228271, 0.0, 0.0, 173.3483123779297, 3.4733521949385104
5495, 297.3122253417969, -249.6836395263672, -0.1642477810382843, 0.0, 0.0, 172.99380493164062, 3.4406983539203586
5496, 297.21807861328125, -249.6641082763672, -0.1699773520231247, 0.0, 0.0, 172.640869140625, 3.4076224373393846
5497, 297.1232604980469, -249.64356994628906, -0.17379705607891083, 0.0, 0.0, 172.2736358642578, 3.3737394676617702
5498, 297.0343933105469, -249.6234893798828, -0.17952664196491241, 0.0, 0.0, 171.91835021972656, 3.341541952897102
5499, 296.94390869140625, -249.60215759277344, -0.1852562129497528, 0.0, 0.0, 171.54443359375, 3.3084890473622344
5500, 296.8572692871094, -249.5809783935547, -0.18907591700553894, 0.0, 0.0, 171.176025390625, 3.2769011202714586
5501, 296.767822265625, -249.55819702148438, -0.19480548799037933, 0.0, 0.0, 170.78414916992188, 3.2440763751698807
5502, 296.6799621582031, -249.53489685058594, -0.20053507387638092, 0.0, 0.0, 170.3870086669922, 3.2116767831883775
5503, 296.5926208496094, -249.5109100341797, -0.20180830359458923, 0.0, 0.0, 169.98269653320312, 3.1798254862142192
5504, 296.5926208496094, -249.48614501953125, -0.19989845156669617, 0.0, 0.0, 169.98269653320312, 3.148362162872432
5505, 296.5051574707031, -249.48614501953125, -0.19989845156669617, 0.0, 0.0, 169.57260131835938, 3.148362162872432
5506, 296.4234619140625, -249.46241760253906, -0.20053507387638092, 0.0, 0.0, 169.18682861328125, 3.1189107259435596
5507, 296.33465576171875, -249.43592834472656, -0.20117168128490448, 0.0, 0.0, 168.76478576660156, 3.086853030304095
5508, 296.25103759765625, -249.41026306152344, -0.20180830359458923, 0.0, 0.0, 168.36444091796875, 3.0565696723008244
5509, 296.1683349609375, -249.38427734375, -0.19989845156669617, 0.0, 0.0, 167.9676513671875, 3.0267984543509736
5510, 296.0901794433594, -249.35910034179688, -0.20117168128490448, 0.0, 0.0, 167.59152221679688, 2.998425200809657
5511, 296.0101013183594, -249.33265686035156, -0.20180830359458923, 0.0, 0.0, 167.2043914794922, 2.969276824036048
5512, 295.93115234375, -249.30601501464844, -0.20053507387638092, 0.0, 0.0, 166.82180786132812, 2.940639931250762
5513, 295.8565673828125, -249.28030395507812, -0.20117168128490448, 0.0, 0.0, 166.45928955078125, 2.913422352237697
5514, 295.7651062011719, -249.2480010986328, -0.20180830359458923, 0.02500000037252903, 0.0, 166.0125732421875, 2.8757150479373337
5515, 295.6667785644531, -249.2123565673828, -0.19989845156669617, 0.10000000149011612, 0.0, 165.53213500976562, 2.847894396909173
5516, 295.5679931640625, -249.1756591796875, -0.19989845156669617, 0.20000001788139343, 0.0, 165.0504150390625, 2.8357782609769675
5517, 295.4798278808594, -249.14205932617188, -0.20053507387638092, 0.27500003576278687, 0.0, 164.6204376220703, 2.8396653163007155
5518, 295.3907470703125, -249.10736083984375, -0.20117168128490448, 0.3500000536441803, 0.0, 164.18551635742188, 2.8565625426490304
5519, 295.304931640625, -249.0731658935547, -0.20180830359458923, 0.42500007152557373, 0.0, 163.7658233642578, 2.8845584145595398
5520, 295.2222900390625, -249.03956604003906, -0.19989845156669617, 0.5000000596046448, 0.0, 163.3624267578125, 2.922420855431597
5521, 295.1368408203125, -249.00418090820312, -0.20053507387638092, 0.574999988079071, 0.0, 162.94627380371094, 2.9721684308009966
5522, 295.0539855957031, -248.96913146972656, -0.20117168128490448, 0.6499999165534973, 0.0, 162.54254150390625, 3.030192123627496
5523, 294.9710693359375, -248.9333953857422, -0.20180830359458923, 0.7249998450279236, 0.0, 162.13803100585938, 3.0974773490492904
5524, 294.8775939941406, -248.89236450195312, -0.19989845156669617, 0.7999997735023499, 0.0, 161.68338012695312, 3.183906726310387
5525, 294.7790222167969, -248.8482208251953, -0.20053507387638092, 0.8749997019767761, 0.0, 161.2050323486328, 3.2847002794450617
5526, 294.6791076660156, -248.8025360107422, -0.20117168128490448, 0.9499996304512024, 0.0, 160.71990966796875, 3.3956404959548587
5527, 294.57666015625, -248.75469970703125, -0.20180830359458923, 1.0249996185302734, 0.0, 160.22190856933594, 3.5165816998967103
5528, 294.48492431640625, -248.7110137939453, -0.19989845156669617, 0.9500000476837158, 0.0, 159.776611328125, 3.6255062959345254
5529, 294.3919372558594, -248.66595458984375, -0.19989845156669617, 0.9500000476837158, 0.0, 159.32534790039062, 3.7297131039490954
5530, 294.2973937988281, -248.61924743652344, -0.20180830359458923, 0.8250001668930054, 0.0, 158.8645782470703, 3.8269118966207443
5531, 294.1866455078125, -248.56344604492188, -0.20180830359458923, 0.725000262260437, 0.0, 158.32208251953125, 3.9280135227942097
5532, 294.0946960449219, -248.5161895751953, -0.19989845156669617, 0.6500003337860107, 0.0, 157.87042236328125, 4.000446228002974
5533, 293.99029541015625, -248.46145629882812, -0.20117168128490448, 0.6000003814697266, 0.0, 157.35511779785156, 4.070389265724212
5534, 293.8916015625, -248.4086456298828, -0.20180830359458923, 0.5250004529953003, 0.0, 156.86444091796875, 4.125652639042174
5535, 293.78875732421875, -248.35255432128906, -0.19989845156669617, 0.45000046491622925, 0.0, 156.3509979248047, 4.171781046892921
5536, 293.6845703125, -248.29452514648438, -0.20117168128490448, 0.4000004529953003, 0.0, 155.82772827148438, 4.206987711066135
5537, 293.5838317871094, -248.2372283935547, -0.20180830359458923, 0.32500043511390686, 0.0, 155.31732177734375, 4.230748942056275
5538, 293.47967529296875, -248.1768035888672, -0.19989845156669617, 0.2500004172325134, 0.0, 154.78677368164062, 4.244066128821384
5539, 293.3774108886719, -248.11622619628906, -0.20117168128490448, 0.20000040531158447, 0.0, 154.26185607910156, 4.246207112265074
5540, 293.2745361328125, -248.0540008544922, -0.20180830359458923, 0.12500038743019104, 0.0, 153.72886657714844, 4.237890032182985
5541, 293.1676330566406, -247.98794555664062, -0.19989845156669617, 0.0500003919005394, 0.0, 153.17088317871094, 4.2174994481626085
5542, 293.0665283203125, -247.9241485595703, -0.20117168128490448, 3.915280046840053e-07, 0.0, 152.63844299316406, 4.187448422797907
5543, 292.9651794433594, -247.85877990722656, -0.20180830359458923, 0.0, 0.0, 152.09869384765625, 4.150071516344894
5544, 292.8578186035156, -247.78810119628906, -0.19989845156669617, 0.0, 0.0, 151.52232360839844, 4.107530116118134
5545, 292.7558898925781, -247.71954345703125, -0.20053507387638092, 0.0, 0.0, 150.97113037109375, 4.065556904525844
5546, 292.6511535644531, -247.64755249023438, -0.20053507387638092, 0.0, 0.0, 150.40003967285156, 4.021633395037533
5547, 292.5606384277344, -247.5840301513672, -0.19989845156669617, 0.0, 0.0, 149.90269470214844, 3.9833013643820863
5548, 292.4704895019531, -247.51956176757812, -0.19989845156669617, 0.0, 0.0, 149.4044189453125, 3.944804050085315
5549, 292.3865661621094, -247.45846557617188, -0.20053507387638092, 0.0, 0.0, 148.93714904785156, 3.908648700854412
5550, 292.2995910644531, -247.3939208984375, -0.20180830359458923, 0.0, 0.0, 148.44837951660156, 3.870821232393908
5551, 292.2207336425781, -247.33436584472656, -0.19989845156669617, 0.0, 0.0, 148.00238037109375, 3.8365744252219307
5552, 292.1344909667969, -247.26808166503906, -0.20117168128490448, 0.0, 0.0, 147.5107879638672, 3.798669491846817
5553, 292.05511474609375, -247.2059783935547, -0.20180830359458923, 0.0, 0.0, 147.05433654785156, 3.763559185205872
5554, 291.9737548828125, -247.14120483398438, -0.20053507387638092, 0.0, 0.0, 146.5831756591797, 3.7275572643170873
5555, 291.89605712890625, -247.0782928466797, -0.20117168128490448, 0.0, 0.0, 146.1299285888672, 3.692891559292915
5556, 291.8162536621094, -247.01251220703125, -0.20180830359458923, 0.0, 0.0, 145.6603546142578, 3.6570300648047858
5557, 291.7339172363281, -246.94351196289062, -0.20053507387638092, 0.0, 0.0, 145.17250061035156, 3.619964412613416
5558, 291.6588134765625, -246.8794708251953, -0.20117168128490448, 0.0, 0.0, 144.72409057617188, 3.58581459706441
5559, 291.5883483886719, -246.81845092773438, -0.19989845156669617, 0.0, 0.0, 144.30113220214844, 3.5537134702925037
5560, 291.5201416015625, -246.75851440429688, -0.20053507387638092, 0.0, 0.0, 143.88919067382812, 3.522336287906064
5561, 291.4501953125, -246.6960906982422, -0.20180830359458923, 0.0, 0.0, 143.462890625, 3.489817733758118
5562, 291.3807678222656, -246.6331329345703, -0.19989845156669617, 0.0, 0.0, 143.036865234375, 3.4575616381089316
5563, 291.3117980957031, -246.56964111328125, -0.20053507387638092, 0.0, 0.0, 142.61083984375, 3.4251766967251025
5564, 291.248046875, -246.51004028320312, -0.20180830359458923, 0.0, 0.0, 142.2135009765625, 3.394923985542361
5565, 291.1825866699219, -246.44793701171875, -0.19989845156669617, 0.0, 0.0, 141.8026580810547, 3.3638769926024223
5566, 291.1183776855469, -246.38616943359375, -0.20117168128490448, 0.0, 0.0, 141.39674377441406, 3.3330443643222063
5567, 291.0575866699219, -246.32681274414062, -0.20117168128490448, 0.0, 0.0, 141.00909423828125, 3.3036794211723826
5568, 290.9953918457031, -246.26522827148438, -0.19989845156669617, 0.0, 0.0, 140.61019897460938, 3.2735708953910403
5569, 290.9364318847656, -246.20608520507812, -0.20053507387638092, 0.0, 0.0, 140.22962951660156, 3.244738167327576
5570, 290.8743896484375, -246.14288330078125, -0.20180830359458923, 0.0, 0.0, 139.82498168945312, 3.2140457322874196
5571, 290.8161315917969, -246.0826873779297, -0.19989845156669617, 0.0, 0.0, 139.44236755371094, 3.185255507183536
5572, 290.7630920410156, -246.0271759033203, -0.20117168128490448, 0.0, 0.0, 139.09144592285156, 3.1587037224824215
5573, 290.705078125, -245.96568298339844, -0.19989845156669617, 0.0, 0.0, 138.7053680419922, 3.1296266170740283
5574, 290.6484680175781, -245.90481567382812, -0.20053507387638092, 0.0, 0.0, 138.3258056640625, 3.1009408303044883
5575, 290.5958251953125, -245.8474884033203, -0.20180830359458923, 0.0, 0.0, 137.9694366455078, 3.0739804493564655
5576, 290.5389099121094, -245.7846221923828, -0.19989845156669617, 0.0, 0.0, 137.58132934570312, 3.0448459031126913
5577, 290.48785400390625, -245.7274932861328, -0.20117168128490448, 0.0, 0.0, 137.2305908203125, 3.0183778808591333
5578, 290.44195556640625, -245.67550659179688, -0.19989845156669617, 0.0, 0.0, 136.9131622314453, 2.9945489831129724
5579, 290.3929748535156, -245.61936950683594, -0.20053507387638092, 0.0, 0.0, 136.5721893310547, 2.96885692470863
5580, 290.3424987792969, -245.5607147216797, -0.20180830359458923, 0.0, 0.0, 136.21713256835938, 2.9420660606104225
5581, 290.29498291015625, -245.5048370361328, -0.20180830359458923, 0.0, 0.0, 135.87989807128906, 2.916746740335675
5582, 290.2434997558594, -245.44346618652344, -0.20053507387638092, 0.0, 0.0, 135.5115203857422, 2.8892194500234933
5583, 290.1907653808594, -245.37974548339844, -0.20117168128490448, 0.0, 0.0, 135.1311492919922, 2.860694770108527
5584, 290.1483154296875, -245.32752990722656, -0.19989845156669617, 0.0, 0.0, 134.7795867919922, 2.703576803012121
5585, 290.106689453125, -245.27699279785156, -0.20053507387638092, 0.0, 0.0, 134.3314971923828, 2.6467416089390867
5586, 290.0671691894531, -245.22576904296875, -0.20180830359458923, 0.0, 0.0, 133.93930053710938, 2.629866596500231
5587, 290.0268249511719, -245.1732940673828, -0.20053507387638092, 0.0, 0.0, 133.58273315429688, 2.608627406652444
5588, 289.9901123046875, -245.1252899169922, -0.20180830359458923, 0.0, 0.0, 133.2472381591797, 2.554193192846447
5589, 289.9511413574219, -245.07421875, -0.19989845156669617, 0.0, 0.0, 132.9167938232422, 2.5347560944741443
5590, 289.9112854003906, -245.02191162109375, -0.20117168128490448, 0.0, 0.0, 132.5931854248047, 2.512840111096471
5591, 289.8725891113281, -244.97071838378906, -0.20180830359458923, 0.0, 0.0, 132.2840576171875, 2.4907799235844044
5592, 289.83660888671875, -244.92274475097656, -0.20053507387638092, 0.0, 0.0, 131.99864196777344, 2.470148759422106
5593, 289.7997131347656, -244.87301635742188, -0.20180830359458923, 0.0, 0.0, 131.70578002929688, 2.4486911732079015
5594, 289.7646179199219, -244.82516479492188, -0.19989845156669617, 0.0, 0.0, 131.4267120361328, 2.428412008046794
5595, 289.73211669921875, -244.78036499023438, -0.20117168128490448, 0.0, 0.0, 131.1673583984375, 2.4094266373200512
5596, 289.69732666015625, -244.7317657470703, -0.20180830359458923, 0.0, 0.0, 130.8873291015625, 2.3889572225411877
5597, 289.662353515625, -244.68231201171875, -0.19989845156669617, 0.0, 0.0, 130.60427856445312, 2.368467104994939
5598, 289.6280212402344, -244.6331329345703, -0.20117168128490448, 0.0, 0.0, 130.3243408203125, 2.348050882730734
5599, 289.5927429199219, -244.58192443847656, -0.19989845156669617, 0.0, 0.0, 130.03494262695312, 2.3270422697066775
5600, 289.5588073730469, -244.53211975097656, -0.20053507387638092, 0.0, 0.0, 129.75482177734375, 2.306598216948845
5601, 289.5268249511719, -244.4845428466797, -0.20180830359458923, 0.0, 0.0, 129.4878387451172, 2.2870510990891617
5602, 289.4977722167969, -244.44085693359375, -0.20053507387638092, 0.0, 0.0, 129.24362182617188, 2.269301428759789
5603, 289.4660949707031, -244.39260864257812, -0.20117168128490448, 0.0, 0.0, 128.97494506835938, 2.2496547684413093
5604, 289.4402770996094, -244.34898376464844, -0.19989845156669617, 0.0, 0.0, 128.75840759277344, 2.0002529262011777
5605, 289.41748046875, -244.30615234375, -0.20117168128490448, 0.0, 0.0, 128.5771026611328, 1.9425988509195709
5606, 289.3946838378906, -244.26795959472656, -0.20180830359458923, 0.0, 0.0, 128.38543701171875, 1.9310921160478232
5607, 289.37109375, -244.22935485839844, -0.20180830359458923, 0.0, 0.0, 128.18136596679688, 1.9181060484551786
5608, 289.3486633300781, -244.1919708251953, -0.20180830359458923, 0.0, 0.0, 127.98231506347656, 1.8779201915623658
5609, 289.3255615234375, -244.1527099609375, -0.20053507387638092, 0.0, 0.0, 127.77474975585938, 1.8633700383855765
5610, 289.30340576171875, -244.11495971679688, -0.20180830359458923, 0.05000000074505806, 0.0, 127.57189178466797, 1.844164672574336
5611, 289.28192138671875, -244.0780029296875, -0.20180830359458923, 0.15000000596046448, 0.0, 127.37340545654297, 1.827511529700595
5612, 289.2588195800781, -244.03811645507812, -0.20053507387638092, 0.20000001788139343, 0.0, 127.1534194946289, 1.8107126145717094
5613, 289.23785400390625, -244.00161743164062, -0.20180830359458923, 0.2500000298023224, 0.0, 126.95648956298828, 1.8191775858195458
5614, 289.215576171875, -243.9628448486328, -0.20053507387638092, 0.30000004172325134, 0.0, 126.74486541748047, 1.8266904946690938
5615, 289.1924133300781, -243.9222869873047, -0.20117168128490448, 0.3750000596046448, 0.0, 126.52849578857422, 1.8408510654053878
5616, 289.1700744628906, -243.8831024169922, -0.19989845156669617, 0.42500007152557373, 0.0, 126.31758117675781, 1.8713005285681754
5617, 289.1477355957031, -243.84378051757812, -0.20117168128490448, 0.4750000834465027, 0.0, 126.11174774169922, 1.9138034315193935
5618, 289.1234130859375, -243.8007354736328, -0.20180830359458923, 0.550000011920929, 0.0, 125.88445281982422, 1.9518960450995169
5619, 289.0993957519531, -243.75796508789062, -0.20053507387638092, 0.5999999642372131, 0.0, 125.66362762451172, 2.007992555345918
5620, 289.0743408203125, -243.7132110595703, -0.20180830359458923, 0.6499999165534973, 0.0, 125.43177032470703, 2.0748059223904183
5621, 289.05029296875, -243.67007446289062, -0.19989845156669617, 0.7249998450279236, 0.0, 125.21088409423828, 2.1450957546857126
5622, 289.0247802734375, -243.62399291992188, -0.20117168128490448, 0.7749997973442078, 0.0, 124.97472381591797, 2.2184824611246023
5623, 289.0003967285156, -243.5797576904297, -0.20117168128490448, 0.7749997973442078, 0.0, 124.748779296875, 2.285320920755517
5624, 288.9723815917969, -243.52847290039062, -0.20117168128490448, 0.6749998927116394, 0.0, 124.48704528808594, 2.355207299084729
5625, 288.9438781738281, -243.47581481933594, -0.20180830359458923, 0.5999999642372131, 0.0, 124.21804809570312, 2.4178334340022696
5626, 288.9149475097656, -243.42184448242188, -0.20053507387638092, 0.5250000357627869, 0.0, 123.94269561767578, 2.471866731861439
5627, 288.8863220214844, -243.36790466308594, -0.20180830359458923, 0.4750000536441803, 0.0, 123.66737365722656, 2.516564125381426
5628, 288.8586120605469, -243.31517028808594, -0.20180830359458923, 0.40000003576278687, 0.0, 123.3978271484375, 2.5520082145730374
5629, 288.8310241699219, -243.26206970214844, -0.20053507387638092, 0.3500000238418579, 0.0, 123.1268310546875, 2.5798693437796825
5630, 288.80047607421875, -243.20265197753906, -0.20180830359458923, 0.30000001192092896, 0.0, 122.82333374023438, 2.6029062855862755
5631, 288.7720642089844, -243.14675903320312, -0.20053507387638092, 0.25, 0.0, 122.53817749023438, 2.617957768494821
5632, 288.7444152832031, -243.0916748046875, -0.20117168128490448, 0.17499998211860657, 0.0, 122.25745391845703, 2.6254503826704707
5633, 288.7187805175781, -243.03805541992188, -0.19989845156669617, 0.12499997764825821, 0.0, 121.99801635742188, 2.5876857091386043
5634, 288.6904296875, -242.97923278808594, -0.20117168128490448, 0.07499998062849045, 0.0, 121.70413208007812, 2.5527095323874893
5635, 288.6652526855469, -242.92404174804688, -0.19989845156669617, 0.024999981746077538, 0.0, 121.43466186523438, 2.532003044010635
5636, 288.6397705078125, -242.86825561523438, -0.20053507387638092, 0.0, 0.0, 121.15814971923828, 2.5166629860139227
5637, 288.61370849609375, -242.8108367919922, -0.20180830359458923, 0.0, 0.0, 120.87516021728516, 2.497791526029644
5638, 288.5883483886719, -242.7552947998047, -0.20053507387638092, 0.0, 0.0, 120.59770965576172, 2.475202207930132
5639, 288.5635681152344, -242.70095825195312, -0.20117168128490448, 0.0, 0.0, 120.32478332519531, 2.4536172482711063
5640, 288.53924560546875, -242.6472930908203, -0.19989845156669617, 0.0, 0.0, 120.05471801757812, 2.4327019445032687
5641, 288.5140380859375, -242.5912322998047, -0.20117168128490448, 0.0, 0.0, 119.77214050292969, 2.410906313684878
5642, 288.4895324707031, -242.53599548339844, -0.20180830359458923, 0.0, 0.0, 119.49317169189453, 2.389564995053879
5643, 288.46697998046875, -242.4845428466797, -0.20053507387638092, 0.0, 0.0, 119.23367309570312, 2.369927529634765
5644, 288.4432678222656, -242.4296875, -0.20180830359458923, 0.02500000037252903, 0.0, 118.95649719238281, 2.3427958737462067
5645, 288.42144775390625, -242.3784637451172, -0.20180830359458923, 0.125, 0.0, 118.6982421875, 2.326951692634431
5646, 288.4003601074219, -242.32847595214844, -0.20053507387638092, 0.17500001192092896, 0.0, 118.44659423828125, 2.32077548609879
5647, 288.3803405761719, -242.28021240234375, -0.20180830359458923, 0.2250000238418579, 0.0, 118.2049560546875, 2.321132107116852
5648, 288.3570861816406, -242.2235565185547, -0.20053507387638092, 0.27500003576278687, 0.0, 117.92241668701172, 2.326356704115739
5649, 288.33721923828125, -242.16925048828125, -0.20117168128490448, 0.3500000536441803, 0.0, 117.72879791259766, 2.273815809153156
5650, 288.3197937011719, -242.11782836914062, -0.19989845156669617, 0.40000006556510925, 0.0, 117.58353424072266, 2.2707107052279882
5651, 288.3013916015625, -242.0674285888672, -0.20117168128490448, 0.4500000774860382, 0.0, 117.3924789428711, 2.291597775653786
5652, 288.28045654296875, -242.0113067626953, -0.20180830359458923, 0.5250000357627869, 0.0, 117.14970397949219, 2.327001482297033
5653, 288.2606506347656, -241.95706176757812, -0.20053507387638092, 0.574999988079071, 0.0, 116.91857147216797, 2.358902783896928
5654, 288.2405700683594, -241.90248107910156, -0.20180830359458923, 0.6249999403953552, 0.0, 116.6724624633789, 2.4092692393815645
5655, 288.22161865234375, -241.85079956054688, -0.20053507387638092, 0.6749998927116394, 0.0, 116.4337387084961, 2.460884790916583
5656, 288.20135498046875, -241.79513549804688, -0.20117168128490448, 0.7499998211860657, 0.0, 116.17385864257812, 2.5205692769827337
5657, 288.1823425292969, -241.742431640625, -0.19989845156669617, 0.7999997735023499, 0.0, 115.92720794677734, 2.5816971194792906
5658, 288.1623840332031, -241.6865997314453, -0.20117168128490448, 0.849999725818634, 0.0, 115.66558837890625, 2.650100413791825
5659, 288.1413879394531, -241.62716674804688, -0.19989845156669617, 0.8999996781349182, 0.0, 115.3878173828125, 2.726550654997066
5660, 288.1201477050781, -241.56654357910156, -0.19862520694732666, 0.9499996304512024, 0.0, 115.10591888427734, 2.8076782743314173
5661, 288.0985412597656, -241.50425720214844, -0.19735197722911835, 0.9999995827674866, 0.0, 114.81841278076172, 2.893728304350349
5662, 288.076416015625, -241.439697265625, -0.19480548799037933, 1.0, 0.0, 114.52326965332031, 2.984192301038311
5663, 288.0533447265625, -241.3716583251953, -0.19353225827217102, 1.0, 0.0, 114.21522521972656, 3.078447184293197
5664, 288.0301513671875, -241.30242919921875, -0.1922590136528015, 1.0, 0.0, 113.90475463867188, 3.1722869523476778
5665, 288.0077819824219, -241.23486328125, -0.1909857839345932, 1.0, 0.0, 113.60417938232422, 3.2616697487083095
5666, 287.98358154296875, -241.16061401367188, -0.1897125393152237, 1.0, 0.0, 113.27693176269531, 3.357111826415724
5667, 287.9615783691406, -241.09231567382812, -0.18843930959701538, 1.0, 0.0, 112.97802734375, 3.442617303486068
5668, 287.93792724609375, -241.01780700683594, -0.18716606497764587, 1.0, 0.0, 112.65467834472656, 3.532924260053488
5669, 287.9140319824219, -240.9413299560547, -0.18843930959701538, 1.0, 0.0, 112.32417297363281, 3.622852651975941
5670, 287.8902587890625, -240.86370849609375, -0.19416888058185577, 1.0, 0.0, 111.98735809326172, 3.710864412684386
5671, 287.8663635253906, -240.7837677001953, -0.1979885846376419, 0.9750000238418579, 0.0, 111.63736724853516, 3.7985194378684533
5672, 287.8420104980469, -240.7001495361328, -0.20180830359458923, 0.9250000715255737, 0.0, 111.26736450195312, 3.886214382570216
5673, 287.81805419921875, -240.6157989501953, -0.20053507387638092, 0.8750001192092896, 0.0, 110.89179992675781, 3.9697276534502306
5674, 287.7940673828125, -240.52919006347656, -0.20180830359458923, 0.8250001668930054, 0.0, 110.5046157836914, 4.0486861455339636
5675, 287.7709655761719, -240.4435272216797, -0.20053507387638092, 0.7750002145767212, 0.0, 110.1212387084961, 4.12018969775814
5676, 287.7480163574219, -240.35597229003906, -0.20053507387638092, 0.7750002145767212, 0.0, 109.72917938232422, 4.185934203184347
5677, 287.7243347167969, -240.2630615234375, -0.20053507387638092, 0.6750003099441528, 0.0, 109.3134994506836, 4.24866675371326
5678, 287.7020568847656, -240.17306518554688, -0.20180830359458923, 0.6000003814697266, 0.0, 108.9104995727539, 4.302713909217806
5679, 287.6794128417969, -240.0789337158203, -0.19989845156669617, 0.5500004291534424, 0.0, 108.48981475830078, 4.351610358135861
5680, 287.6587829589844, -239.9906005859375, -0.19862520694732666, 0.5000004768371582, 0.0, 108.09613800048828, 4.390623016633159
5681, 287.6371154785156, -239.89498901367188, -0.19735197722911835, 0.45000046491622925, 0.0, 107.6717300415039, 4.42567682213396
5682, 287.6159362792969, -239.7987823486328, -0.19607873260974884, 0.4000004529953003, 0.0, 107.24661254882812, 4.4538082652474635
5683, 287.59442138671875, -239.69802856445312, -0.19162240624427795, 0.32500043511390686, 0.0, 106.80502319335938, 4.475551348891663
5684, 287.5746154785156, -239.60276794433594, -0.1852562129497528, 0.2750004231929779, 0.0, 106.3930892944336, 4.489071367689237
5685, 287.5549011230469, -239.5054168701172, -0.17889001965522766, 0.22500041127204895, 0.0, 105.97980499267578, 4.49588106195343
5686, 287.5354919433594, -239.4075469970703, -0.17252382636070251, 0.17500039935112, 0.0, 105.57354736328125, 4.495859811876807
5687, 287.5169372558594, -239.3118133544922, -0.16615763306617737, 0.12500038743019104, 0.0, 105.18595123291016, 4.489413238155323
5688, 287.4985046386719, -239.2147216796875, -0.15979143977165222, 0.07500039041042328, 0.0, 104.8038101196289, 4.47653570565372
5689, 287.4801940917969, -239.1165008544922, -0.15342524647712708, 0.02500039152801037, 0.0, 104.42864227294922, 4.457084111462805
5690, 287.4627380371094, -239.0206756591797, -0.14705905318260193, -0.02499960921704769, 0.0, 104.07431030273438, 4.433281769364918
5691, 287.4450988769531, -238.92208862304688, -0.14069285988807678, 0.0, 0.0, 103.72225952148438, 4.404839437426854
5692, 287.4279479980469, -238.8246612548828, -0.13432668149471283, 0.0, 0.0, 103.38700103759766, 4.3742296209260925
5693, 287.4118347167969, -238.7313995361328, -0.12796048820018768, 0.0, 0.0, 103.0782470703125, 4.343654620861961
5694, 287.3962097167969, -238.639404296875, -0.12159428745508194, 0.0, 0.0, 102.78585815429688, 4.312813134662107
5695, 287.3800964355469, -238.5438232421875, -0.11204500496387482, 0.0, 0.0, 102.49652099609375, 4.2804541640692655
5696, 287.3646545410156, -238.4505615234375, -0.11077176779508591, 0.0, 0.0, 102.22673797607422, 4.248362777764256
5697, 287.3502197265625, -238.36119079589844, -0.11459147930145264, 0.0, 0.0, 101.9752197265625, 4.217085871068923
5698, 287.33599853515625, -238.27024841308594, -0.12032105028629303, 0.0, 0.0, 101.72126770019531, 4.184731787743274
5699, 287.32232666015625, -238.17909240722656, -0.12414076924324036, 0.0, 0.0, 101.46546936035156, 4.152055133126052
5700, 287.308837890625, -238.0851287841797, -0.12796048820018768, 0.0, 0.0, 101.198486328125, 4.1181657735427475
5701, 287.2969970703125, -237.9986114501953, -0.13178019225597382, 0.0, 0.0, 100.94837188720703, 4.086899466539921
5702, 287.2855529785156, -237.9110565185547, -0.13559991121292114, 0.0, 0.0, 100.6902847290039, 4.055395744546859
5703, 287.2744445800781, -237.8210906982422, -0.13941963016986847, 0.0, 0.0, 100.4190444946289, 4.0229070144862105
5704, 287.2642517089844, -237.73377990722656, -0.1432393491268158, 0.0, 0.0, 100.149658203125, 3.991399788836623
5705, 287.2547607421875, -237.64739990234375, -0.14705905318260193, 0.0, 0.0, 99.8765869140625, 3.960414262284451
5706, 287.2458801269531, -237.56106567382812, -0.15087877213954926, 0.0, 0.0, 99.59674072265625, 3.929458090428026
5707, 287.2377624511719, -237.4761505126953, -0.15469849109649658, 0.0, 0.0, 99.31462097167969, 3.8989512155478234
5708, 287.2301940917969, -237.3909912109375, -0.15851819515228271, 0.0, 0.0, 99.02457427978516, 3.868320487481164
5709, 287.2229309082031, -237.30218505859375, -0.16233791410923004, 0.0, 0.0, 98.71459197998047, 3.8364715895297365
5710, 287.2167663574219, -237.21896362304688, -0.16615763306617737, 0.0, 0.0, 98.41700744628906, 3.8066516924494174
5711, 287.2110290527344, -237.13340759277344, -0.17188720405101776, 0.0, 0.0, 98.1032485961914, 3.775851394895221
5712, 287.2060546875, -237.0491485595703, -0.1757069230079651, 0.0, 0.0, 97.7860107421875, 3.7456966309615662
5713, 287.2018127441406, -236.96669006347656, -0.17952664196491241, 0.0, 0.0, 97.46795654296875, 3.716251612837494
5714, 287.19818115234375, -236.88380432128906, -0.18334634602069855, 0.0, 0.0, 97.14075469970703, 3.6866668228732227
5715, 287.1952819824219, -236.80323791503906, -0.18716606497764587, 0.0, 0.0, 96.8155746459961, 3.657918919491799
5716, 287.19305419921875, -236.725830078125, -0.19289563596248627, 0.0, 0.0, 96.49580383300781, 3.6301232539334842
5717, 287.1913757324219, -236.6436309814453, -0.1967153549194336, 0.0, 0.0, 96.14791870117188, 3.600682560089168
5718, 287.1903991699219, -236.56320190429688, -0.20053507387638092, 0.0, 0.0, 95.80004119873047, 3.5719459587948634
5719, 287.1900329589844, -236.4878387451172, -0.20180830359458923, 0.0, 0.0, 95.46823120117188, 3.54526896098109
5720, 287.1902160644531, -236.4082489013672, -0.20053507387638092, 0.0, 0.0, 95.11396026611328, 3.5174783752742314
5721, 287.1908874511719, -236.3323516845703, -0.20180830359458923, 0.0, 0.0, 94.7730941772461, 3.4909664120097177
5722, 287.1920166015625, -236.2550506591797, -0.19989845156669617, 0.0, 0.0, 94.42448425292969, 3.4642386227336677
5723, 287.1936950683594, -236.17579650878906, -0.20117168128490448, 0.0, 0.0, 94.06578826904297, 3.4367205703728914
5724, 287.1957092285156, -236.1023712158203, -0.19989845156669617, 0.0, 0.0, 93.73298645019531, 3.411386309888225
5725, 287.1981506347656, -236.02882385253906, -0.20117168128490448, 0.0, 0.0, 93.39881896972656, 3.385883871214364
5726, 287.2011413574219, -235.95245361328125, -0.19989845156669617, 0.02500000037252903, 0.0, 93.0514144897461, 3.357660351738805
5727, 287.2043762207031, -235.88113403320312, -0.20117168128490448, 0.07500000298023224, 0.0, 92.7267074584961, 3.3349531293460855
5728, 287.20819091796875, -235.80715942382812, -0.19989845156669617, 0.125, 0.0, 92.389892578125, 3.31664778385914
5729, 287.21246337890625, -235.732421875, -0.20117168128490448, 0.17500001192092896, 0.0, 92.04965209960938, 3.303902595586201
5730, 287.2169494628906, -235.66148376464844, -0.19989845156669617, 0.2250000238418579, 0.0, 91.72734832763672, 3.2975804827291424
5731, 287.22186279296875, -235.59014892578125, -0.20053507387638092, 0.30000004172325134, 0.0, 91.4038314819336, 3.297201926634206
5732, 287.22760009765625, -235.51376342773438, -0.20180830359458923, 0.3500000536441803, 0.0, 91.05721282958984, 3.304424086558787
5733, 287.23345947265625, -235.4413299560547, -0.20053507387638092, 0.40000006556510925, 0.0, 90.72917175292969, 3.3177811177054606
5734, 287.2396545410156, -235.3699951171875, -0.20180830359458923, 0.4500000774860382, 0.0, 90.4063720703125, 3.3363335558326397
5735, 287.24658203125, -235.2952880859375, -0.20053507387638092, 0.5000000596046448, 0.0, 90.06908416748047, 3.3615719636711123
5736, 287.2540588378906, -235.21934509277344, -0.20180830359458923, 0.550000011920929, 0.0, 89.7265853881836, 3.3926614134064206
5737, 287.2615051269531, -235.147705078125, -0.20053507387638092, 0.550000011920929, 0.0, 89.40422058105469, 3.4257516522267633
5738, 287.2699890136719, -235.07049560546875, -0.20180830359458923, 0.5000000596046448, 0.0, 89.05680847167969, 3.4613102586694784
5739, 287.2787780761719, -234.99456787109375, -0.20180830359458923, 0.5000000596046448, 0.0, 88.71562194824219, 3.4933500346730146
5740, 287.2886657714844, -234.9133758544922, -0.20180830359458923, 0.40000003576278687, 0.0, 88.35052490234375, 3.522376343567685
5741, 287.2982177734375, -234.8384246826172, -0.19989845156669617, 0.32500001788139343, 0.0, 88.01348876953125, 3.5434955950308367
5742, 287.30828857421875, -234.76300048828125, -0.20117168128490448, 0.25, 0.0, 87.67388153076172, 3.557299507847356
5743, 287.3194580078125, -234.68310546875, -0.19989845156669617, 0.19999998807907104, 0.0, 87.31352996826172, 3.564046497619761
5744, 287.3309020996094, -234.60450744628906, -0.20117168128490448, 0.1499999761581421, 0.0, 86.95811462402344, 3.563417707466287
5745, 287.34246826171875, -234.528564453125, -0.19989845156669617, 0.12499997764825821, 0.0, 86.61395263671875, 3.5575125905289124
5746, 287.35443115234375, -234.45286560058594, -0.20053507387638092, 0.04999998211860657, 0.0, 86.26995849609375, 3.5460156324891603
5747, 287.3666076660156, -234.3787384033203, -0.20180830359458923, -1.8253922817734747e-08, 0.0, 85.93144989013672, 3.5283694125112195
5748, 287.37994384765625, -234.30081176757812, -0.20053507387638092, 0.0, 0.0, 85.57432556152344, 3.506747013021392
5749, 287.3931884765625, -234.2259063720703, -0.20180830359458923, 0.0, 0.0, 85.22974395751953, 3.4830974376789587
5750, 287.4071350097656, -234.15000915527344, -0.20053507387638092, 0.0, 0.0, 84.87958526611328, 3.457880869278584
5751, 287.4208984375, -234.0775909423828, -0.20180830359458923, 0.0, 0.0, 84.54420471191406, 3.432999425696741
5752, 287.43572998046875, -234.0021209716797, -0.20053507387638092, 0.0, 0.0, 84.19404602050781, 3.40683955017448
5753, 287.4501037597656, -233.93109130859375, -0.20180830359458923, 0.0, 0.0, 83.86368560791016, 3.381913626395152
5754, 287.4657287597656, -233.8563232421875, -0.19989845156669617, 0.0, 0.0, 83.51568603515625, 3.3557541096176116
5755, 287.4812927246094, -233.7840118408203, -0.20117168128490448, 0.0, 0.0, 83.17862701416016, 3.3302367539273217
5756, 287.49755859375, -233.710693359375, -0.19989845156669617, 0.0, 0.0, 82.83634948730469, 3.304426570023858
5757, 287.5138244628906, -233.63946533203125, -0.20117168128490448, 0.0, 0.0, 82.50321197509766, 3.279178763563423
5758, 287.53021240234375, -233.5695037841797, -0.19989845156669617, 0.0, 0.0, 82.17578125, 3.2544895625761168
5759, 287.5466613769531, -233.5010528564453, -0.20117168128490448, 0.0, 0.0, 81.85465240478516, 3.230167031329675
5760, 287.5634460449219, -233.432861328125, -0.19989845156669617, 0.0, 0.0, 81.53430938720703, 3.206031985624431
5761, 287.5810546875, -233.3630828857422, -0.20117168128490448, 0.0, 0.0, 81.20581817626953, 3.1811749416844806
5762, 287.5982666015625, -233.2966766357422, -0.20180830359458923, 0.0, 0.0, 80.89205932617188, 3.1574648534116085
5763, 287.6159362792969, -233.2300567626953, -0.20053507387638092, 0.0, 0.0, 80.57662200927734, 3.1337802363487803
5764, 287.6336975097656, -233.16458129882812, -0.20180830359458923, 0.0, 0.0, 80.26579284667969, 3.110345712419747
5765, 287.65240478515625, -233.0970001220703, -0.20053507387638092, 0.0, 0.0, 79.9446029663086, 3.086262009467921
5766, 287.6704406738281, -233.03343200683594, -0.20180830359458923, 0.0, 0.0, 79.64158630371094, 3.063446285425701
5767, 287.6886291503906, -232.9705810546875, -0.20053507387638092, 0.0, 0.0, 79.34160614013672, 3.0409845975616276
5768, 287.7080078125, -232.90487670898438, -0.20180830359458923, 0.0, 0.0, 79.02721405029297, 3.017335947899499
5769, 287.7270812988281, -232.8414764404297, -0.20053507387638092, 0.0, 0.0, 78.72327423095703, 2.9946009780865013
5770, 287.7467346191406, -232.7776336669922, -0.20180830359458923, 0.0, 0.0, 78.41642761230469, 2.9715432686198495
5771, 287.7657775878906, -232.71676635742188, -0.20053507387638092, 0.0, 0.0, 78.1235580444336, 2.949662118065119
5772, 287.7859191894531, -232.65362548828125, -0.20117168128490448, 0.0, 0.0, 77.81920623779297, 2.926840596373837
5773, 287.8062744140625, -232.5909881591797, -0.19989845156669617, 0.0, 0.0, 77.5169677734375, 2.9042593614811967
5774, 287.82623291015625, -232.53065490722656, -0.20117168128490448, 0.0, 0.0, 77.22520446777344, 2.8823355224507528
5775, 287.8463134765625, -232.47108459472656, -0.20180830359458923, 0.0, 0.0, 76.93611907958984, 2.860637418286597
5776, 287.86688232421875, -232.41099548339844, -0.20053507387638092, 0.0, 0.0, 76.64396667480469, 2.838823131810164
5777, 287.888427734375, -232.3491973876953, -0.20180830359458923, 0.0, 0.0, 76.34257507324219, 2.816195676976643
5778, 287.9080505371094, -232.2937774658203, -0.20053507387638092, 0.0, 0.0, 76.072021484375, 2.796020484764103
5779, 287.9289855957031, -232.23553466796875, -0.20180830359458923, 0.0, 0.0, 75.78672790527344, 2.7746771282023994
5780, 287.9501953125, -232.1775360107422, -0.20053507387638092, 0.02500000037252903, 0.0, 75.50194549560547, 2.7491027335904974
5781, 287.9712829589844, -232.12081909179688, -0.20180830359458923, 0.07500000298023224, 0.0, 75.22274780273438, 2.729893111991843
5782, 287.9921875, -232.0653533935547, -0.19989845156669617, 0.15000000596046448, 0.0, 74.94981384277344, 2.7173921114725887
5783, 288.0130310058594, -232.0108184814453, -0.20117168128490448, 0.20000001788139343, 0.0, 74.6817626953125, 2.711955042922123
5784, 288.03466796875, -231.955078125, -0.19989845156669617, 0.2500000298023224, 0.0, 74.40802001953125, 2.7129482247885695
5785, 288.05609130859375, -231.90060424804688, -0.20117168128490448, 0.30000004172325134, 0.0, 74.14067077636719, 2.7195176592271117
5786, 288.0784912109375, -231.84442138671875, -0.19989845156669617, 0.3500000536441803, 0.0, 73.86528778076172, 2.732104081967367
5787, 288.1014099121094, -231.7876739501953, -0.20117168128490448, 0.40000006556510925, 0.0, 73.5870132446289, 2.7502659650692807
5788, 288.1252136230469, -231.7295684814453, -0.19989845156669617, 0.4500000774860382, 0.0, 73.30248260498047, 2.7745569150892564
5789, 288.14739990234375, -231.67616271972656, -0.20117168128490448, 0.5000000596046448, 0.0, 73.0410385131836, 2.8014102826311795
5790, 288.1715393066406, -231.61875915527344, -0.19989845156669617, 0.550000011920929, 0.0, 72.76036071777344, 2.835414387832321
5791, 288.19622802734375, -231.5608367919922, -0.20117168128490448, 0.550000011920929, 0.0, 72.47708892822266, 2.873037447605463
5792, 288.2209777832031, -231.5034942626953, -0.19989845156669617, 0.5000000596046448, 0.0, 72.1966552734375, 2.910006639758293
5793, 288.24688720703125, -231.4442596435547, -0.20117168128490448, 0.4500000476837158, 0.0, 71.9065170288086, 2.944383866310563
5794, 288.272216796875, -231.3870086669922, -0.19989845156669617, 0.40000003576278687, 0.0, 71.62571716308594, 2.9730271749679655
5795, 288.2995910644531, -231.32603454589844, -0.20053507387638092, 0.32500001788139343, 0.0, 71.32588195800781, 2.996898442759638
5796, 288.3265686035156, -231.26669311523438, -0.19989845156669617, 0.30000001192092896, 0.0, 71.0333251953125, 3.014135837003984
5797, 288.3549499511719, -231.20518493652344, -0.19989845156669617, 0.30000001192092896, 0.0, 70.7288818359375, 3.0257048838133955
5798, 288.38372802734375, -231.14364624023438, -0.20180830359458923, 0.17499998211860657, 0.0, 70.42212677001953, 3.0302095259840374
5799, 288.4112243652344, -231.0856170654297, -0.19989845156669617, 0.09999997913837433, 0.0, 70.13174438476562, 3.0279913150582236
5800, 288.4399108886719, -231.0259552001953, -0.20117168128490448, 0.04999998211860657, 0.0, 69.83158874511719, 3.0184884416879614
5801, 288.4696960449219, -230.9647674560547, -0.19989845156669617, -1.8253922817734747e-08, 0.0, 69.52251434326172, 3.0022316843090953
5802, 288.4994812011719, -230.90440368652344, -0.20117168128490448, 0.0, 0.0, 69.21578216552734, 2.9849339427586363
5803, 288.52734375, -230.84866333007812, -0.19989845156669617, 0.0, 0.0, 68.9316635131836, 2.966310039458142
5804, 288.5574035644531, -230.7893524169922, -0.20117168128490448, 0.0, 0.0, 68.62764739990234, 2.944842466728892
5805, 288.5862121582031, -230.7332305908203, -0.19989845156669617, 0.0, 0.0, 68.33905792236328, 2.923894009711266
5806, 288.6151428222656, -230.6775665283203, -0.20117168128490448, 0.0, 0.0, 68.05167388916016, 2.902596022585094
5807, 288.6451416015625, -230.6205596923828, -0.19989845156669617, 0.0, 0.0, 67.75652313232422, 2.8806746441020006
5808, 288.6748046875, -230.56494140625, -0.20053507387638092, 0.0, 0.0, 67.46758270263672, 2.8590617810281738
5809, 288.70458984375, -230.50978088378906, -0.20180830359458923, 0.0, 0.0, 67.1794662475586, 2.837438396084977
5810, 288.7341613769531, -230.45578002929688, -0.20053507387638092, 0.0, 0.0, 66.89645385742188, 2.8163378530125875
5811, 288.7646484375, -230.40066528320312, -0.20180830359458923, 0.0, 0.0, 66.6063461303711, 2.7945683969450688
5812, 288.79345703125, -230.34925842285156, -0.20053507387638092, 0.0, 0.0, 66.3348617553711, 2.774243336902352
5813, 288.82086181640625, -230.30087280273438, -0.20180830359458923, 0.0, 0.0, 66.07862091064453, 2.7549759795922406
5814, 288.8489685058594, -230.25181579589844, -0.20053507387638092, 0.0, 0.0, 65.81785583496094, 2.7354923505745994
5815, 288.8778381347656, -230.201904296875, -0.20180830359458923, 0.0, 0.0, 65.55191040039062, 2.715527862741859
5816, 288.9078063964844, -230.15074157714844, -0.20053507387638092, 0.0, 0.0, 65.27822875976562, 2.6951036992483326
5817, 288.9368896484375, -230.10159301757812, -0.19989845156669617, 0.0, 0.0, 65.01518249511719, 2.6754593421228923
5818, 288.9670715332031, -230.05116271972656, -0.20053507387638092, 0.0, 0.0, 64.74449157714844, 2.6551563804324707
5819, 288.9958801269531, -230.0035858154297, -0.20117168128490448, 0.0, 0.0, 64.48809814453125, 2.635909829503821
5820, 289.025146484375, -229.95565795898438, -0.19989845156669617, 0.0, 0.0, 64.22933197021484, 2.616588124833525
5821, 289.0546569824219, -229.9078826904297, -0.20117168128490448, 0.0, 0.0, 63.970542907714844, 2.5971604171926623
5822, 289.08502197265625, -229.85919189453125, -0.19989845156669617, 0.0, 0.0, 63.70594787597656, 2.5774086112378014
5823, 289.1145324707031, -229.8124542236328, -0.20117168128490448, 0.0, 0.0, 63.451026916503906, 2.55827964063905
5824, 289.1442565917969, -229.76576232910156, -0.19989845156669617, 0.0, 0.0, 63.195701599121094, 2.5392321035933585
5825, 289.1731262207031, -229.72088623046875, -0.20117168128490448, 0.0, 0.0, 62.94950485229492, 2.520772349151879
5826, 289.2017517089844, -229.67677307128906, -0.19989845156669617, 0.0, 0.0, 62.70682144165039, 2.5026802787520905
5827, 289.2281494140625, -229.63653564453125, -0.20180830359458923, 0.0, 0.0, 62.48442459106445, 2.48598542751832
5828, 289.25439453125, -229.59681701660156, -0.20053507387638092, 0.0, 0.0, 62.26427459716797, 2.469597133979204
5829, 289.2826232910156, -229.55491638183594, -0.20180830359458923, 0.0, 0.0, 62.03029251098633, 2.45244328300751
5830, 289.31158447265625, -229.5125274658203, -0.20053507387638092, 0.0, 0.0, 61.79265594482422, 2.4345529225725517
5831, 289.33935546875, -229.47222900390625, -0.20180830359458923, 0.0, 0.0, 61.565738677978516, 2.417482040154431
5832, 289.36798095703125, -229.43080139160156, -0.20053507387638092, 0.0, 0.0, 61.33229446411133, 2.400320180362922
5833, 289.3949890136719, -229.3915557861328, -0.20180830359458923, 0.0, 0.0, 61.1113395690918, 2.384063412531379
5834, 289.42169189453125, -229.3529052734375, -0.20053507387638092, 0.0, 0.0, 60.893333435058594, 2.3680065718723604
5835, 289.4480895996094, -229.3150177001953, -0.20180830359458923, 0.0, 0.0, 60.67892074584961, 2.3520342754471564
5836, 289.4760437011719, -229.27520751953125, -0.20053507387638092, 0.0, 0.0, 60.453182220458984, 2.3353099412775697
5837, 289.5046081542969, -229.23497009277344, -0.20180830359458923, 0.0, 0.0, 60.224021911621094, 2.31824776227433
5838, 289.53350830078125, -229.1947021484375, -0.20053507387638092, 0.0, 0.0, 59.993892669677734, 2.3012181771675113
5839, 289.5601806640625, -229.15786743164062, -0.20180830359458923, 0.05000000074505806, 0.0, 59.78227996826172, 2.280515315431044
5840, 289.5862121582031, -229.12229919433594, -0.20053507387638092, 0.10000000149011612, 0.0, 59.577667236328125, 2.268092423190887
5841, 289.6116943359375, -229.0877227783203, -0.19989845156669617, 0.125, 0.0, 59.378326416015625, 2.261104408745656
5842, 289.640380859375, -229.04910278320312, -0.20053507387638092, 0.20000001788139343, 0.0, 59.15610122680664, 2.2576514286963003
5843, 289.6687316894531, -229.01129150390625, -0.20180830359458923, 0.2500000298023224, 0.0, 58.93772506713867, 2.2616877330439618
5844, 289.69683837890625, -228.9740753173828, -0.20053507387638092, 0.30000004172325134, 0.0, 58.72300720214844, 2.2710777479636
5845, 289.72528076171875, -228.93675231933594, -0.20053507387638092, 0.30000004172325134, 0.0, 58.507179260253906, 2.2856066509945325
5846, 289.7528991699219, -228.9008026123047, -0.20053507387638092, 0.40000006556510925, 0.0, 58.29935073852539, 2.3040587846029705
5847, 289.7798156738281, -228.86599731445312, -0.20180830359458923, 0.4500000774860382, 0.0, 58.097572326660156, 2.319481633429322
5848, 289.8089904785156, -228.82855224609375, -0.20053507387638092, 0.5000000596046448, 0.0, 57.88103485107422, 2.3508385233309945
5849, 289.8395080566406, -228.78968811035156, -0.20180830359458923, 0.550000011920929, 0.0, 57.65626525878906, 2.3876541277868535
5850, 289.8710021972656, -228.74986267089844, -0.20053507387638092, 0.5999999642372131, 0.0, 57.42603302001953, 2.428387351674735
5851, 289.90435791015625, -228.70758056640625, -0.20180830359458923, 0.5999999642372131, 0.0, 57.181434631347656, 2.4728038120346385
5852, 289.9382019042969, -228.66473388671875, -0.20053507387638092, 0.550000011920929, 0.0, 56.93391418457031, 2.5166913436079748
5853, 289.9741516113281, -228.61978149414062, -0.20180830359458923, 0.5000000596046448, 0.0, 56.67315673828125, 2.5588816662941722
5854, 290.0092468261719, -228.57635498046875, -0.20053507387638092, 0.4500000476837158, 0.0, 56.42057800292969, 2.5948771024719446
5855, 290.0469665527344, -228.53038024902344, -0.20180830359458923, 0.40000003576278687, 0.0, 56.15138244628906, 2.6278721702483465
5856, 290.0823669433594, -228.4882049560547, -0.20053507387638092, 0.3500000238418579, 0.0, 55.90252685546875, 2.653602850850882
5857, 290.11749267578125, -228.44680786132812, -0.1992618292570114, 0.30000001192092896, 0.0, 55.65771484375, 2.6728842854368597
5858, 290.1545715332031, -228.40345764160156, -0.1979885846376419, 0.25, 0.0, 55.40104675292969, 2.687008169371728
5859, 290.18896484375, -228.3634490966797, -0.1967153549194336, 0.19999998807907104, 0.0, 55.16455841064453, 2.6948865937700095
5860, 290.2267761230469, -228.31971740722656, -0.1954421103000641, 0.1499999761581421, 0.0, 54.90623474121094, 2.6975551854538695
5861, 290.2660217285156, -228.2745819091797, -0.19416888058185577, 0.09999997913837433, 0.0, 54.639625549316406, 2.6942085606155812
5862, 290.3044128417969, -228.230712890625, -0.19289563596248627, 0.04999998211860657, 0.0, 54.380531311035156, 2.685310316913216
5863, 290.34326171875, -228.18658447265625, -0.1909857839345932, 0.0, 0.0, 54.120487213134766, 2.67399503487601
5864, 290.3824462890625, -228.142333984375, -0.18780268728733063, 0.0, 0.0, 53.86107635498047, 2.6582170989445535
5865, 290.4214172363281, -228.09849548339844, -0.1782533973455429, 0.0, 0.0, 53.60858154296875, 2.6407430534963168
5866, 290.4587707519531, -228.05653381347656, -0.17188720405101776, 0.0, 0.0, 53.37315368652344, 2.622956232264113
5867, 290.4972229003906, -228.01332092285156, -0.16233791410923004, 0.0, 0.0, 53.139122009277344, 2.6042338063825166
5868, 290.5341796875, -227.97183227539062, -0.1559717208147049, 0.0, 0.0, 52.92279052734375, 2.585849045762399
5869, 290.5707092285156, -227.93084716796875, -0.14960552752017975, 0.0, 0.0, 52.7170524597168, 2.567507320393529
5870, 290.6081237792969, -227.88890075683594, -0.1432393491268158, 0.0, 0.0, 52.51472854614258, 2.5486258696524446
5871, 290.6451416015625, -227.84739685058594, -0.13687315583229065, 0.0, 0.0, 52.322731018066406, 2.529884113926943
5872, 290.6822509765625, -227.80584716796875, -0.1305069625377655, 0.05000000074505806, 0.0, 52.13829803466797, 2.5066157663435065
5873, 290.72021484375, -227.76345825195312, -0.129233717918396, 0.10000000149011612, 0.0, 51.95651626586914, 2.491131588272478
5874, 290.75592041015625, -227.7237091064453, -0.12796048820018768, 0.15000000596046448, 0.0, 51.79011535644531, 2.482858153451959
5875, 290.7929992675781, -227.68263244628906, -0.12668724358081818, 0.20000001788139343, 0.0, 51.621456146240234, 2.48035841389487
5876, 290.82952880859375, -227.6423797607422, -0.12541399896144867, 0.2500000298023224, 0.0, 51.458683013916016, 2.4836083229452677
5877, 290.8664855957031, -227.601806640625, -0.12414076924324036, 0.30000004172325134, 0.0, 51.296836853027344, 2.4924258887102266
5878, 290.9022216796875, -227.562744140625, -0.12286753207445145, 0.3500000536441803, 0.0, 51.14284133911133, 2.5060140746405213
5879, 290.9386291503906, -227.52313232421875, -0.12159428745508194, 0.40000006556510925, 0.0, 50.98843765258789, 2.5248700161322364
5880, 290.97369384765625, -227.48513793945312, -0.12032105028629303, 0.4500000774860382, 0.0, 50.84196090698242, 2.5476177420666954
5881, 291.0095520019531, -227.44639587402344, -0.11904781311750412, 0.5000000596046448, 0.0, 50.694236755371094, 2.5754622238580844
5882, 291.04693603515625, -227.40626525878906, -0.11777457594871521, 0.550000011920929, 0.0, 50.54279327392578, 2.6099992331665613
5883, 291.087158203125, -227.3633575439453, -0.11777457594871521, 0.550000011920929, 0.0, 50.382591247558594, 2.651626372502664
5884, 291.1271667480469, -227.32089233398438, -0.11777457594871521, 0.574999988079071, 0.0, 50.22483444213867, 2.6946174997970442
5885, 291.16845703125, -227.27735900878906, -0.12159428745508194, 0.550000011920929, 0.0, 50.06166458129883, 2.7373024942045965
5886, 291.2090148925781, -227.23475646972656, -0.12159428745508194, 0.550000011920929, 0.0, 49.89889144897461, 2.774073189006482
5887, 291.2508239746094, -227.19114685058594, -0.13114358484745026, 0.42500004172325134, 0.0, 49.72730255126953, 2.8064193963093387
5888, 291.2944641113281, -227.1460723876953, -0.1349632889032364, 0.3750000298023224, 0.0, 49.5438117980957, 2.8340987359894245
5889, 291.33697509765625, -227.10264587402344, -0.13878300786018372, 0.32500001788139343, 0.0, 49.360897064208984, 2.8551975331011454
5890, 291.3812561035156, -227.0579071044922, -0.14260272681713104, 0.2750000059604645, 0.0, 49.16595458984375, 2.8711252139913706
5891, 291.42547607421875, -227.01370239257812, -0.14642244577407837, 0.22499999403953552, 0.0, 48.96687698364258, 2.8810704951128177
5892, 291.4704895019531, -226.96926879882812, -0.15215201675891876, 0.1499999761581421, 0.0, 48.75901794433594, 2.884246610429938
5893, 291.5154724121094, -226.92538452148438, -0.1559717208147049, 0.09999997913837433, 0.0, 48.545982360839844, 2.880457362175234
5894, 291.5612487792969, -226.88124084472656, -0.15979143977165222, 0.04999998211860657, 0.0, 48.32408905029297, 2.870333019052296
5895, 291.6072082519531, -226.83743286132812, -0.16361115872859955, -1.8253922817734747e-08, 0.0, 48.09614181518555, 2.8542291559171433
5896, 291.65045166015625, -226.7967529296875, -0.16743087768554688, 0.0, 0.0, 47.877708435058594, 2.838848895106281
5897, 291.6959533691406, -226.75440979003906, -0.171250581741333, 0.0, 0.0, 47.64323043823242, 2.8198557981983488
5898, 291.73956298828125, -226.7143096923828, -0.17507030069828033, 0.0, 0.0, 47.41436767578125, 2.80032735424769
5899, 291.7808532714844, -226.67677307128906, -0.17889001965522766, 0.0, 0.0, 47.193939208984375, 2.7812529226826594
5900, 291.8227233886719, -226.63917541503906, -0.1827097237110138, 0.0, 0.0, 46.966819763183594, 2.7616618895952394
5901, 291.8646545410156, -226.60169982910156, -0.18652944266796112, 0.0, 0.0, 46.73451614379883, 2.742010358183612
5902, 291.90777587890625, -226.563232421875, -0.19034916162490845, 0.0, 0.0, 46.49048614501953, 2.720226593440504
5903, 291.9515075683594, -226.52479553222656, -0.19416888058185577, 0.0, 0.0, 46.23936080932617, 2.702842319922054
5904, 291.9958801269531, -226.4869842529297, -0.1979885846376419, 0.0, 0.0, 45.984039306640625, 2.680068257616811
5905, 292.04156494140625, -226.44915771484375, -0.20180830359458923, 0.0, 0.0, 45.71977233886719, 2.6574791183095843
5906, 292.08349609375, -226.41505432128906, -0.20053507387638092, 0.0, 0.0, 45.476314544677734, 2.6407179990545777
5907, 292.12786865234375, -226.3792724609375, -0.20180830359458923, 0.0, 0.0, 45.217098236083984, 2.621682966718562
5908, 292.1690979003906, -226.3459930419922, -0.19989845156669617, 0.0, 0.0, 44.97496795654297, 2.6052816468730655
5909, 292.2066650390625, -226.31521606445312, -0.20180830359458923, 0.0, 0.0, 44.752464294433594, 2.58898966506381
5910, 292.2441101074219, -226.28453063964844, -0.20053507387638092, 0.0, 0.0, 44.5303840637207, 2.5722639729551067
5911, 292.2855224609375, -226.25100708007812, -0.20180830359458923, 0.0, 0.0, 44.285057067871094, 2.553380923266933
5912, 292.3299560546875, -226.21556091308594, -0.20053507387638092, 0.0, 0.0, 44.022796630859375, 2.5329157536682896
5913, 292.3713684082031, -226.18292236328125, -0.20180830359458923, 0.0, 0.0, 43.77906036376953, 2.514104268336189
5914, 292.4119567871094, -226.1513214111328, -0.20053507387638092, 0.0, 0.0, 43.541255950927734, 2.49606397103769
5915, 292.45306396484375, -226.11962890625, -0.20180830359458923, 0.0, 0.0, 43.301055908203125, 2.4778574394038335
5916, 292.49029541015625, -226.0911865234375, -0.20053507387638092, 0.0, 0.0, 43.08417892456055, 2.461606131738727
5917, 292.52825927734375, -226.0624542236328, -0.20180830359458923, 0.0, 0.0, 42.863487243652344, 2.4449920266219665
5918, 292.56756591796875, -226.03292846679688, -0.20053507387638092, 0.0, 0.0, 42.635807037353516, 2.4279880966547127
5919, 292.6072082519531, -226.00341796875, -0.20180830359458923, 0.0, 0.0, 42.406394958496094, 2.410809844193993
5920, 292.6474304199219, -225.97378540039062, -0.20053507387638092, 0.0, 0.0, 42.17484664916992, 2.393598556827609
5921, 292.68377685546875, -225.94720458984375, -0.20180830359458923, 0.0, 0.0, 41.96572494506836, 2.3779745475279706
5922, 292.7201843261719, -225.92076110839844, -0.20117168128490448, 0.0, 0.0, 41.756656646728516, 2.3624323670835503
5923, 292.7606506347656, -225.89166259765625, -0.19989845156669617, 0.0, 0.0, 41.525611877441406, 2.3453185076994347
5924, 292.80072021484375, -225.8630828857422, -0.20117168128490448, 0.0, 0.0, 41.29742431640625, 2.328284430664561
5925, 292.8402404785156, -225.83511352539062, -0.19989845156669617, 0.0, 0.0, 41.07302474975586, 2.3116247237401915
5926, 292.8796081542969, -225.80764770507812, -0.20117168128490448, 0.0, 0.0, 40.85062026977539, 2.295521399802285
5927, 292.9152526855469, -225.78323364257812, -0.19989845156669617, 0.0, 0.0, 40.65060806274414, 2.2802862504938917
5928, 292.9512023925781, -225.7588653564453, -0.20117168128490448, 0.0, 0.0, 40.44930648803711, 2.265035560768466
5929, 292.99041748046875, -225.73239135742188, -0.19989845156669617, 0.0, 0.0, 40.23017501831055, 2.248644611904699
5930, 293.0296325683594, -225.70584106445312, -0.20117168128490448, 0.0, 0.0, 40.01046371459961, 2.2324316153989874
5931, 293.06591796875, -225.6811065673828, -0.19989845156669617, 0.0, 0.0, 39.806941986083984, 2.2175669502582585
5932, 293.10369873046875, -225.655517578125, -0.20117168128490448, 0.0, 0.0, 39.5953254699707, 2.2018439794682987
5933, 293.13818359375, -225.6324005126953, -0.20053507387638092, 0.0, 0.0, 39.402610778808594, 2.1876018603779963
5934, 293.17340087890625, -225.60897827148438, -0.20117168128490448, 0.0, 0.0, 39.2061653137207, 2.1730180339898584
5935, 293.21112060546875, -225.58419799804688, -0.19989845156669617, 0.0, 0.0, 38.99683380126953, 2.157556658914055
5936, 293.24847412109375, -225.559814453125, -0.20117168128490448, 0.0, 0.0, 38.78976058959961, 2.1421683151817725
5937, 293.2847900390625, -225.53640747070312, -0.19989845156669617, 0.0, 0.0, 38.58934783935547, 2.127365198696746
5938, 293.3197937011719, -225.5139923095703, -0.20117168128490448, 0.0, 0.0, 38.3962516784668, 2.1130034847528276
5939, 293.35357666015625, -225.49261474609375, -0.19989845156669617, 0.0, 0.0, 38.21076202392578, 2.099287391162963
5940, 293.389892578125, -225.46975708007812, -0.20117168128490448, 0.0, 0.0, 38.01137924194336, 2.0844581341951813
5941, 293.42645263671875, -225.44692993164062, -0.19989845156669617, 0.0, 0.0, 37.811134338378906, 2.069665325191733
5942, 293.462890625, -225.42440795898438, -0.20117168128490448, 0.05000000074505806, 0.0, 37.611698150634766, 2.0493842226113523
5943, 293.49993896484375, -225.4016876220703, -0.19989845156669617, 0.10000000149011612, 0.0, 37.40989303588867, 2.0382650278993535
5944, 293.5321960449219, -225.38206481933594, -0.20180830359458923, 0.125, 0.0, 37.23499298095703, 2.0290586870362217
5945, 293.5663757324219, -225.36141967773438, -0.20053507387638092, 0.17500001192092896, 0.0, 37.04945755004883, 2.0136420217269984
5946, 293.60211181640625, -225.33999633789062, -0.20180830359458923, 0.2250000238418579, 0.0, 36.85614776611328, 2.0267987360281126
5947, 293.6385192871094, -225.3183135986328, -0.20053507387638092, 0.27500003576278687, 0.0, 36.6609001159668, 2.040333876763416
5948, 293.67578125, -225.29632568359375, -0.20180830359458923, 0.3250000476837158, 0.0, 36.46126937866211, 2.0558078860609235
5949, 293.71307373046875, -225.27444458007812, -0.20053507387638092, 0.3750000596046448, 0.0, 36.26243209838867, 2.07468762306276
5950, 293.7503662109375, -225.25279235839844, -0.20180830359458923, 0.42500007152557373, 0.0, 36.064598083496094, 2.098877902357545
5951, 293.784423828125, -225.23313903808594, -0.20053507387638092, 0.4750000834465027, 0.0, 35.884437561035156, 2.120243297378913
5952, 293.8201599121094, -225.21267700195312, -0.20180830359458923, 0.5250000357627869, 0.0, 35.69588851928711, 2.1333225892477783
5953, 293.8597106933594, -225.190185546875, -0.20053507387638092, 0.5250000357627869, 0.0, 35.48942184448242, 2.181084834543756
5954, 293.89990234375, -225.16749572753906, -0.20180830359458923, 0.4750000536441803, 0.0, 35.28008270263672, 2.2244222494435917
5955, 293.94097900390625, -225.14453125, -0.20053507387638092, 0.42500004172325134, 0.0, 35.066810607910156, 2.2598827686137803
5956, 293.9820556640625, -225.12173461914062, -0.20180830359458923, 0.3750000298023224, 0.0, 34.85350799560547, 2.2883829916406757
5957, 294.0224609375, -225.09950256347656, -0.20053507387638092, 0.32500001788139343, 0.0, 34.643924713134766, 2.310733876357986
5958, 294.06097412109375, -225.0784149169922, -0.20180830359458923, 0.2750000059604645, 0.0, 34.443870544433594, 2.3278586077452053
5959, 294.1032409667969, -225.05528259277344, -0.20117168128490448, 0.25, 0.0, 34.224151611328125, 2.3417715974815354
5960, 294.1468200683594, -225.0316162109375, -0.20180830359458923, 0.17499998211860657, 0.0, 33.99748229980469, 2.3499053566386876
5961, 294.1886291503906, -225.00914001464844, -0.20117168128490448, 0.1499999761581421, 0.0, 33.78005599975586, 2.352476313706285
5962, 294.23175048828125, -224.98622131347656, -0.19989845156669617, 0.09999997913837433, 0.0, 33.55633544921875, 2.350671870903588
5963, 294.27178955078125, -224.96527099609375, -0.20117168128490448, 0.04999998211860657, 0.0, 33.348609924316406, 2.3439639157967056
5964, 294.3096923828125, -224.94581604003906, -0.19989845156669617, -1.8253922817734747e-08, 0.0, 33.15238571166992, 2.3330526168135037
5965, 294.3517761230469, -224.92425537109375, -0.20117168128490448, 0.0, 0.0, 32.933719635009766, 2.321967878545196
5966, 294.39630126953125, -224.90130615234375, -0.19989845156669617, 0.0, 0.0, 32.701011657714844, 2.3065347315461473
5967, 294.43804931640625, -224.88002014160156, -0.20117168128490448, 0.0, 0.0, 32.48304748535156, 2.293179944613966
5968, 294.4773254394531, -224.8604278564453, -0.20180830359458923, 0.0, 0.0, 32.279117584228516, 2.2798012675156114
5969, 294.5152587890625, -224.84181213378906, -0.20053507387638092, 0.0, 0.0, 32.08316421508789, 2.2662364391042695
5970, 294.55767822265625, -224.82156372070312, -0.20180830359458923, 0.0, 0.0, 31.865299224853516, 2.2518998120560316
5971, 294.5989074707031, -224.80227661132812, -0.20117168128490448, 0.0, 0.0, 31.654644012451172, 2.237454230982477
5972, 294.63958740234375, -224.78335571289062, -0.19989845156669617, 0.0, 0.0, 31.447227478027344, 2.2224725899868947
5973, 294.6761779785156, -224.76638793945312, -0.20117168128490448, 0.0, 0.0, 31.26066017150879, 2.2085817677641977
5974, 294.7127990722656, -224.7493896484375, -0.19989845156669617, 0.0, 0.0, 31.073667526245117, 2.194721488933301
5975, 294.7527770996094, -224.730712890625, -0.20117168128490448, 0.0, 0.0, 30.868181228637695, 2.177394304601684
5976, 294.7928161621094, -224.71205139160156, -0.20053507387638092, 0.0, 0.0, 30.662254333496094, 2.1611708894741914
5977, 294.8296203613281, -224.69505310058594, -0.20180830359458923, 0.0, 0.0, 30.47279167175293, 2.1467048612959623
5978, 294.8662109375, -224.67831420898438, -0.20053507387638092, 0.0, 0.0, 30.284893035888672, 2.1326993067978863
5979, 294.9053955078125, -224.66058349609375, -0.20180830359458923, 0.0, 0.0, 30.083999633789062, 2.1178233651896137
5980, 294.9443054199219, -224.64317321777344, -0.20053507387638092, 0.0, 0.0, 29.885032653808594, 2.1033262366720833
5981, 294.9798889160156, -224.62747192382812, -0.20180830359458923, 0.0, 0.0, 29.703508377075195, 2.0904403568821786
5982, 295.0181579589844, -224.61083984375, -0.20053507387638092, 0.0, 0.0, 29.50913429260254, 2.0771682764653905
5983, 295.05560302734375, -224.5947265625, -0.19989845156669617, 0.0, 0.0, 29.319677352905273, 2.0637128939506395
5984, 295.0941467285156, -224.5782928466797, -0.20117168128490448, 0.0, 0.0, 29.124929428100586, 2.0495322639455478
5985, 295.13128662109375, -224.56271362304688, -0.19989845156669617, 0.0, 0.0, 28.937721252441406, 2.0365888048728817
5986, 295.166015625, -224.5484161376953, -0.20117168128490448, 0.0, 0.0, 28.7628231048584, 2.0222492247870374
5987, 295.2026672363281, -224.5333709716797, -0.19989845156669617, 0.0, 0.0, 28.578031539916992, 2.0076175535824303
5988, 295.23980712890625, -224.51820373535156, -0.20117168128490448, 0.0, 0.0, 28.390649795532227, 1.9933395944665588
5989, 295.2760314941406, -224.50347900390625, -0.19989845156669617, 0.0, 0.0, 28.20828628540039, 1.9797634405996745
5990, 295.3096008300781, -224.4896697998047, -0.20180830359458923, 0.0, 0.0, 28.038650512695312, 1.9679627716812351
5991, 295.3437194824219, -224.4755859375, -0.20053507387638092, 0.0, 0.0, 27.866182327270508, 1.9555413512034308
5992, 295.3804626464844, -224.46054077148438, -0.20180830359458923, 0.0, 0.0, 27.68039321899414, 1.9419874548133393
5993, 295.4166259765625, -224.44595336914062, -0.20053507387638092, 0.0, 0.0, 27.498371124267578, 1.9288436841939063
5994, 295.4501037597656, -224.43264770507812, -0.20180830359458923, 0.0, 0.0, 27.32982063293457, 1.9165918734797902
5995, 295.48370361328125, -224.41944885253906, -0.20053507387638092, 0.0, 0.0, 27.16118812561035, 1.9043962118870543
5996, 295.51776123046875, -224.40626525878906, -0.20180830359458923, 0.0, 0.0, 26.990463256835938, 1.891952369325399
5997, 295.5531311035156, -224.39271545410156, -0.20053507387638092, 0.0, 0.0, 26.81336784362793, 1.8791247213968743
5998, 295.58935546875, -224.37899780273438, -0.20180830359458923, 0.0, 0.0, 26.63235092163086, 1.865921131880362
5999, 295.62249755859375, -224.36659240722656, -0.20053507387638092, 0.0, 0.0, 26.466941833496094, 1.8539309553287566
6000, 295.6548767089844, -224.35459899902344, -0.20180830359458923, 0.0, 0.0, 26.305496215820312, 1.8421294311395875
6001, 295.6884765625, -224.34225463867188, -0.20053507387638092, 0.0, 0.0, 26.138093948364258, 1.8299725581209638
6002, 295.7242431640625, -224.3292694091797, -0.20180830359458923, 0.0, 0.0, 25.960054397583008, 1.8169555402588136
6003, 295.75390625, -224.318603515625, -0.20053507387638092, 0.0, 0.0, 25.81277847290039, 1.8062619947652083
6004, 295.7848815917969, -224.3075408935547, -0.19989845156669617, 0.0, 0.0, 25.659156799316406, 1.7950877632612843
6005, 295.8190612792969, -224.29544067382812, -0.20117168128490448, 0.0, 0.0, 25.48980712890625, 1.7826806267398498
6006, 295.85223388671875, -224.28379821777344, -0.19989845156669617, 0.0, 0.0, 25.325796127319336, 1.7707329589590555
6007, 295.8852233886719, -224.2723388671875, -0.20117168128490448, 0.0, 0.0, 25.162626266479492, 1.7587659256050134
6008, 295.9164733886719, -224.26158142089844, -0.19989845156669617, 0.0, 0.0, 25.008493423461914, 1.7475454254047795
6009, 295.94781494140625, -224.2509002685547, -0.20117168128490448, 0.0, 0.0, 24.853660583496094, 1.7361969082687205
6010, 295.9823303222656, -224.2392120361328, -0.19989845156669617, 0.0, 0.0, 24.683612823486328, 1.7238329537327257
6011, 296.0147399902344, -224.2283935546875, -0.20117168128490448, 0.0, 0.0, 24.523983001708984, 1.7121428486514771
6012, 296.04473876953125, -224.2184295654297, -0.20053507387638092, 0.0, 0.0, 24.376155853271484, 1.701374642733543
6013, 296.07464599609375, -224.20863342285156, -0.20180830359458923, 0.0, 0.0, 24.22867774963379, 1.6905885675892842
6014, 296.1069030761719, -224.1981658935547, -0.20053507387638092, 0.0, 0.0, 24.069835662841797, 1.679083456534288
6015, 296.1396179199219, -224.18759155273438, -0.20180830359458923, 0.0, 0.0, 23.908485412597656, 1.6673203723771874
6016, 296.1689147949219, -224.17823791503906, -0.20053507387638092, 0.0, 0.0, 23.764354705810547, 1.6568923999120473
6017, 296.1974182128906, -224.16921997070312, -0.20180830359458923, 0.0, 0.0, 23.623899459838867, 1.646660512100213
6018, 296.228759765625, -224.15936279296875, -0.20053507387638092, 0.0, 0.0, 23.469846725463867, 1.6355324264987356
6019, 296.25836181640625, -224.1501922607422, -0.20180830359458923, 0.0, 0.0, 23.324277877807617, 1.6249349855873247
6020, 296.28680419921875, -224.14141845703125, -0.20117168128490448, 0.0, 0.0, 23.184431076049805, 1.6148181564170692
6021, 296.315185546875, -224.13275146484375, -0.19989845156669617, 0.0, 0.0, 23.04529571533203, 1.60478664697636
6022, 296.3455810546875, -224.12355041503906, -0.20117168128490448, 0.0, 0.0, 22.89641571044922, 1.593957605840759
6023, 296.3768005371094, -224.1141815185547, -0.19989845156669617, 0.0, 0.0, 22.743776321411133, 1.5829297496923014
6024, 296.40447998046875, -224.10595703125, -0.20117168128490448, 0.0, 0.0, 22.608449935913086, 1.5730707038750034
6025, 296.4319763183594, -224.09786987304688, -0.20053507387638092, 0.0, 0.0, 22.474040985107422, 1.5633377193062978
6026, 296.4618225097656, -224.08917236328125, -0.20180830359458923, 0.0, 0.0, 22.328113555908203, 1.552730758644745
6027, 296.4888916015625, -224.08135986328125, -0.20053507387638092, 0.0, 0.0, 22.19599151611328, 1.5432108318453508
6028, 296.5160827636719, -224.07359313964844, -0.20180830359458923, 0.0, 0.0, 22.062965393066406, 1.5335592721968117
6029, 296.54534912109375, -224.06529235839844, -0.20053507387638092, 0.0, 0.0, 21.920080184936523, 1.5232849627929883
6030, 296.5742492675781, -224.05718994140625, -0.20180830359458923, 0.0, 0.0, 21.778806686401367, 1.5130436673724725
6031, 296.6003723144531, -224.04989624023438, -0.20117168128490448, 0.0, 0.0, 21.65122413635254, 1.5038560456831216
6032, 296.6269226074219, -224.04257202148438, -0.19989845156669617, 0.0, 0.0, 21.521821975708008, 1.4945673577748313
6033, 296.65582275390625, -224.03463745117188, -0.20117168128490448, 0.0, 0.0, 21.381114959716797, 1.4843731931294282
6034, 296.6835632324219, -224.0271453857422, -0.19989845156669617, 0.0, 0.0, 21.246410369873047, 1.4746760884923709
6035, 296.7093811035156, -224.02020263671875, -0.20117168128490448, 0.0, 0.0, 21.120864868164062, 1.4655668915963331
6036, 296.7359924316406, -224.01312255859375, -0.19989845156669617, 0.0, 0.0, 20.991605758666992, 1.4562637912938863
6037, 296.7651672363281, -224.00543212890625, -0.20117168128490448, 0.0, 0.0, 20.849853515625, 1.4459909536321858
6038, 296.7930908203125, -223.99813842773438, -0.20053507387638092, 0.0, 0.0, 20.71442222595215, 1.4362381563083544
6039, 296.8198547363281, -223.99122619628906, -0.20180830359458923, 0.0, 0.0, 20.584278106689453, 1.4268145251386348
6040, 296.8447265625, -223.98487854003906, -0.20053507387638092, 0.0, 0.0, 20.463537216186523, 1.4181581488151866
6041, 296.8725280761719, -223.9778289794922, -0.20180830359458923, 0.0, 0.0, 20.328266143798828, 1.4083957547611463
6042, 296.89959716796875, -223.97105407714844, -0.20053507387638092, 0.0, 0.0, 20.196836471557617, 1.39899086159913
6043, 296.92431640625, -223.9649200439453, -0.20180830359458923, 0.0, 0.0, 20.07673454284668, 1.3903225205784424
6044, 296.94873046875, -223.9588165283203, -0.20053507387638092, 0.0, 0.0, 19.95826530456543, 1.3826113629986043
6045, 296.9755859375, -223.95201110839844, -0.19989845156669617, 0.0, 0.0, 19.82851219177246, 1.3738901170018103
6046, 296.9993896484375, -223.94598388671875, -0.20117168128490448, 0.0, 0.0, 19.713512420654297, 1.3656629845633854
6047, 297.02313232421875, -223.94009399414062, -0.19989845156669617, 0.0, 0.0, 19.599063873291016, 1.3574368877523844
6048, 297.0487365722656, -223.933837890625, -0.20117168128490448, 0.0, 0.0, 19.47536277770996, 1.3483895381349809
6049, 297.0746154785156, -223.92762756347656, -0.19989845156669617, 0.0, 0.0, 19.35079002380371, 1.3393373455130275
6050, 297.09820556640625, -223.92205810546875, -0.20180830359458923, 0.0, 0.0, 19.236894607543945, 1.3309626630503981
6051, 297.1224365234375, -223.91644287109375, -0.20053507387638092, 0.0, 0.0, 19.119937896728516, 1.3224564108219579
6052, 297.14703369140625, -223.91079711914062, -0.20180830359458923, 0.0, 0.0, 19.00103759765625, 1.3137525861773387
6053, 297.1707458496094, -223.90562438964844, -0.20053507387638092, 0.0, 0.0, 18.886545181274414, 1.3051355194884608
6054, 297.1941833496094, -223.900634765625, -0.20180830359458923, 0.0, 0.0, 18.7731876373291, 1.2964172562436944
6055, 297.21875, -223.8954620361328, -0.20053507387638092, 0.0, 0.0, 18.6544246673584, 1.287606708983121
6056, 297.2430114746094, -223.89036560058594, -0.20180830359458923, 0.0, 0.0, 18.5369815826416, 1.2789871499437315
6057, 297.2670593261719, -223.88528442382812, -0.20117168128490448, 0.0, 0.0, 18.42038345336914, 1.2705881897915576
6058, 297.2890930175781, -223.88064575195312, -0.19989845156669617, 0.0, 0.0, 18.313976287841797, 1.263004179972729
6059, 297.31292724609375, -223.87564086914062, -0.20117168128490448, 0.0, 0.0, 18.198841094970703, 1.2547719661228214
6060, 297.3351745605469, -223.87098693847656, -0.19989845156669617, 0.0, 0.0, 18.091543197631836, 1.2471772875964802
6061, 297.357421875, -223.8663787841797, -0.20180830359458923, 0.0, 0.0, 17.984045028686523, 1.239506004227765
6062, 297.3812561035156, -223.86148071289062, -0.20053507387638092, 0.0, 0.0, 17.868953704833984, 1.2313986723903056
6063, 297.40521240234375, -223.85659790039062, -0.20180830359458923, 0.0, 0.0, 17.753211975097656, 1.2231924900132451
6064, 297.4270324707031, -223.85215759277344, -0.20053507387638092, 0.0, 0.0, 17.647960662841797, 1.215804119927715
6065, 297.44915771484375, -223.84771728515625, -0.20180830359458923, 0.0, 0.0, 17.541065216064453, 1.2082286890615637
6066, 297.4720764160156, -223.84315490722656, -0.20117168128490448, 0.0, 0.0, 17.430339813232422, 1.2004320185576567
6067, 297.4928283691406, -223.839111328125, -0.19989845156669617, 0.0, 0.0, 17.33080291748047, 1.194093309965806
6068, 297.5141296386719, -223.83511352539062, -0.20117168128490448, 0.0, 0.0, 17.228931427001953, 1.1875488909744922
6069, 297.53729248046875, -223.83079528808594, -0.19989845156669617, 0.0, 0.0, 17.118261337280273, 1.1799969023024814
6070, 297.5618591308594, -223.82623291015625, -0.20117168128490448, 0.0, 0.0, 17.00108528137207, 1.1715983959337883
6071, 297.58184814453125, -223.822509765625, -0.19989845156669617, 0.0, 0.0, 16.905603408813477, 1.1647035378434993
6072, 297.60272216796875, -223.8186492919922, -0.20180830359458923, 0.0, 0.0, 16.80575180053711, 1.1573862459152853
6073, 297.6249084472656, -223.81455993652344, -0.20053507387638092, 0.0, 0.0, 16.699434280395508, 1.1496690998904346
6074, 297.64697265625, -223.81056213378906, -0.20180830359458923, 0.0, 0.0, 16.59356689453125, 1.141936454135485
6075, 297.6672668457031, -223.80682373046875, -0.20053507387638092, 0.0, 0.0, 16.495996475219727, 1.1346877486110467
6076, 297.6884460449219, -223.8029022216797, -0.20180830359458923, 0.0, 0.07500000298023224, 16.397655487060547, 1.1042241352742481
6077, 297.7052307128906, -223.79974365234375, -0.19989845156669617, 0.0, 0.125, 16.312166213989258, 0.7253016762262148
6078, 297.7135925292969, -223.7981414794922, -0.20180830359458923, 0.0, 0.15000000596046448, 16.26058006286621, 0.3728306477272244
6079, 297.71588134765625, -223.7979278564453, -0.20053507387638092, 0.0, 0.20000001788139343, 16.22977066040039, 0.06988471593206029
6080, 297.7159423828125, -223.79795837402344, -0.20180830359458923, 0.0, 0.2500000298023224, 16.227798461914062, 0.010064416453944503
6081, 297.7159729003906, -223.79795837402344, -0.19989845156669617, 0.0, 0.3250000476837158, 16.22771453857422, 0.005856705125008525
6082, 297.7159423828125, -223.79795837402344, -0.19989845156669617, 0.0, 0.42500007152557373, 16.227703094482422, 0.0034660110914964334
6083, 297.7159729003906, -223.79798889160156, -0.1967153549194336, 0.0, 0.6499999165534973, 16.227737426757812, 0.001216433010114831
6084, 297.71600341796875, -223.79798889160156, -0.1922590136528015, 0.0, 0.8249997496604919, 16.227798461914062, 0.0005375666273019496
6085, 297.7160339355469, -223.79798889160156, -0.18207311630249023, 0.0, 1.0, 16.22788429260254, 0.00037432144056833875
