1, 29.85454750061035, -173.75938415527344, 0.0, 0.0, 0.0, -179.99966430664062, 0.0
2, 29.848880767822266, -173.75938415527344, -0.0038197189569473267, 1.0, 0.0, -179.99949645996094, 0.41213928043045445
3, 29.834623336791992, -173.75930786132812, -0.0025464792270213366, 1.0, 0.0, -179.99900817871094, 0.8127205395526531
4, 29.81403923034668, -173.75927734375, -0.00127323972992599, 1.0, 0.0, -179.99798583984375, 1.159584822191173
5, 29.785884857177734, -173.75921630859375, 0.0, 1.0, 0.0, -179.99591064453125, 1.4991040473537922
6, 29.751239776611328, -173.75917053222656, 0.0, 0.9750000238418579, 0.0, -179.99298095703125, 1.81516983318666
7, 29.709970474243164, -173.75914001464844, 0.0, 0.9250000715255737, 0.0, -179.98907470703125, 2.111950303765219
8, 29.66404914855957, -173.75909423828125, 0.0, 0.9000000953674316, 0.0, -179.9844207763672, 2.372023207622149
9, 29.61480712890625, -173.759033203125, 0.0, 0.8500001430511475, 0.0, -179.97935485839844, 2.593335010224631
10, 29.559337615966797, -173.7589874267578, 0.0, 0.8000001907348633, 0.0, -179.97401428222656, 2.79263417623172
11, 29.50027084350586, -173.75894165039062, 0.0, 0.725000262260437, 0.0, -179.96922302246094, 2.9592655681752196
12, 29.438283920288086, -173.75888061523438, 0.0, 0.6750003099441528, 0.0, -179.9650115966797, 3.093970198755008
13, 29.373661041259766, -173.75885009765625, 0.0, 0.6250003576278687, 0.0, -179.9615478515625, 3.199224964239771
14, 29.310983657836914, -173.7588653564453, 0.0, 0.5750004053115845, 0.0, -179.95884704589844, 3.275942327220994
15, 29.24761962890625, -173.75888061523438, 0.0, 0.5500004291534424, 0.0, -179.95668029785156, 3.335422930726312
16, 29.1787109375, -173.75892639160156, 0.0, 0.5000004768371582, 0.0, -179.9547882080078, 3.3857386724526455
17, 29.10842514038086, -173.7589569091797, 0.0, 0.45000046491622925, 0.0, -179.95327758789062, 3.425899187023263
18, 29.043556213378906, -173.7589874267578, 0.0, 0.4000004529953003, 0.0, -179.95216369628906, 3.455234584258454
19, 28.97592544555664, -173.75901794433594, 0.0, 0.3750004470348358, 0.0, -179.9512481689453, 3.4795099680825445
20, 28.90577507019043, -173.7590789794922, 0.0, 0.32500043511390686, 0.0, -179.95046997070312, 3.4989815371291564
21, 28.83670997619629, -173.75909423828125, 0.0, 0.2750004231929779, 0.0, -179.94993591308594, 3.512764246035989
22, 28.76481056213379, -173.7591552734375, 0.0, 0.22500041127204895, 0.0, -179.94943237304688, 3.521237310009142
23, 28.69521141052246, -173.75921630859375, 0.0, 0.15000039339065552, 0.0, -179.9490966796875, 3.5234173227502192
24, 28.629940032958984, -173.75924682617188, 0.0, 0.10000038892030716, 0.0, -179.94891357421875, 3.519541628670019
25, 28.559484481811523, -173.75930786132812, 0.0, 0.07500039041042328, 0.0, -179.94879150390625, 3.510011310628288
26, 28.490943908691406, -173.75938415527344, 0.0, 0.02500039152801037, 0.0, -179.9487762451172, 3.4962609324658596
27, 28.42488670349121, -173.75942993164062, 0.0, -0.02499960921704769, 0.0, -179.94879150390625, 3.479495926791848
28, 28.35826873779297, -173.7594757080078, 0.0, 0.0, 0.0, -179.9489288330078, 3.461723003280748
29, 28.288341522216797, -173.759521484375, 0.0, 0.0, 0.0, -179.94911193847656, 3.4405448308023696
30, 28.22026824951172, -173.75961303710938, 0.0, 0.0, 0.0, -179.9493408203125, 3.4186177278777388
31, 28.15744972229004, -173.7596893310547, 0.0019098592456430197, 0.0, 0.0, -179.94891357421875, 3.397739227397113
32, 28.094467163085938, -173.75982666015625, 0.005729577504098415, 0.0, 0.0, -179.946533203125, 3.3764494633537456
33, 28.025970458984375, -173.76010131835938, 0.009549296461045742, 0.0, 0.0, -179.94061279296875, 3.3530698254124274
34, 27.95705795288086, -173.76052856445312, 0.013369014486670494, 0.0, 0.0, -179.93023681640625, 3.3293969758595074
35, 27.892074584960938, -173.7610321044922, 0.01718873344361782, 0.0, 0.0, -179.91537475585938, 3.306971277015877
36, 27.830589294433594, -173.76161193847656, 0.019098592922091484, 0.0, 0.0, -179.89727783203125, 3.2857304555323905
37, 27.766700744628906, -173.7624053955078, 0.02291831001639366, 0.0, 0.0, -179.8739471435547, 3.2636142455117914
38, 27.702604293823242, -173.76332092285156, 0.02864788845181465, 0.0, 0.0, -179.84471130371094, 3.241350551032815
39, 27.643007278442383, -173.7643585205078, 0.03246760740876198, 0.0, 0.0, -179.8121795654297, 3.2206320311129564
40, 27.582965850830078, -173.76551818847656, 0.03437746688723564, 0.0, 0.0, -179.77467346191406, 3.19977961409721
41, 27.519020080566406, -173.76693725585938, 0.03819718211889267, 0.0, 0.0, -179.72972106933594, 3.177558512843833
42, 27.455915451049805, -173.76849365234375, 0.0420168936252594, 0.0, 0.0, -179.67950439453125, 3.1555856318908297
43, 27.397756576538086, -173.7700958251953, 0.04583660885691643, 0.0, 0.0, -179.6283416748047, 3.1353108296547556
44, 27.33991813659668, -173.7718505859375, 0.049656324088573456, 0.0, 0.0, -179.57249450683594, 3.115125422187733
45, 27.278364181518555, -173.77386474609375, 0.05156618356704712, 0.0, 0.0, -179.50816345214844, 3.093673625151321
46, 27.210418701171875, -173.7762908935547, 0.05538589879870415, 0.0, 0.0, -179.4317169189453, 3.0699778115862317
47, 27.145057678222656, -173.77886962890625, 0.06111546978354454, 0.0, 0.05000000074505806, -179.35166931152344, 3.0425573853214942
48, 27.08683204650879, -173.78134155273438, 0.0630253255367279, 0.0, 0.07500000298023224, -179.275146484375, 3.0190358843075478
49, 27.025758743286133, -173.7841339111328, 0.06684504449367523, 0.0, 0.125, -179.19020080566406, 2.9940379149814738
50, 26.96405029296875, -173.78717041015625, 0.07066475600004196, 0.0, 0.17500001192092896, -179.0989532470703, 2.9676107344661458
51, 26.902816772460938, -173.79039001464844, 0.07448447495698929, 0.0, 0.2250000238418579, -179.0030059814453, 2.939824591245773
52, 26.843473434448242, -173.793701171875, 0.07830418646335602, 0.0, 0.27500003576278687, -178.90475463867188, 2.911204595671593
53, 26.787750244140625, -173.7970428466797, 0.08212390542030334, 0.0, 0.3250000476837158, -178.8072052001953, 2.8826233883335313
54, 26.735225677490234, -173.8003692626953, 0.08403375744819641, 0.0, 0.3500000536441803, -178.7113494873047, 2.854340145380212
55, 26.678911209106445, -173.80413818359375, 0.0897633358836174, 0.0, 0.3250000476837158, -178.60340881347656, 2.823184776151644
56, 26.62446403503418, -173.8080291748047, 0.09358304738998413, 0.0, 0.27500003576278687, -178.49386596679688, 2.793387521874113
57, 26.57330322265625, -173.81185913085938, 0.09740276634693146, 0.0, 0.2250000238418579, -178.38629150390625, 2.7663354533689395
58, 26.52323341369629, -173.8157958984375, 0.09931261837482452, 0.0, 0.20000001788139343, -178.27711486816406, 2.740911577866135
59, 26.46820068359375, -173.82028198242188, 0.10313233733177185, 0.0, 0.15000000596046448, -178.15286254882812, 2.7142840172589193
60, 26.414236068725586, -173.82493591308594, 0.10695204883813858, 0.0, 0.10000000149011612, -178.0263671875, 2.6896404905369304
61, 26.36519432067871, -173.8293914794922, 0.11077176779508591, 0.0, 0.05000000447034836, -177.90699768066406, 2.668620681275566
62, 26.318099975585938, -173.8338623046875, 0.11459147930145264, 0.0, 4.0978194171259474e-09, -177.78842163085938, 2.649840339003651
63, 26.26555824279785, -173.83900451660156, 0.1165013387799263, 0.02500000037252903, -0.02499999664723873, -177.65235900878906, 2.6306183138389496
64, 26.21586036682129, -173.84410095214844, 0.12032105028629303, 0.07500000298023224, 0.0, -177.51959228515625, 2.6152251009283107
65, 26.168663024902344, -173.84912109375, 0.12414076924324036, 0.125, 0.0, -177.38970947265625, 2.6046127157127295
66, 26.118141174316406, -173.85470581054688, 0.12605062127113342, 0.17500001192092896, 0.0, -177.24716186523438, 2.598237383667814
67, 26.06671905517578, -173.8606414794922, 0.13178019225597382, 0.2250000238418579, 0.0, -177.0977325439453, 2.596785987239711
68, 26.01983642578125, -173.86627197265625, 0.13559991121292114, 0.27500003576278687, 0.0, -176.95733642578125, 2.5988402777247472
69, 25.972957611083984, -173.87203979492188, 0.1375097632408142, 0.30000004172325134, 0.0, -176.81369018554688, 2.6046787058314718
70, 25.9224796295166, -173.87850952148438, 0.14132948219776154, 0.3500000536441803, 0.0, -176.65521240234375, 2.6138676510864727
71, 25.87342643737793, -173.88504028320312, 0.14514920115470886, 0.40000006556510925, 0.0, -176.49752807617188, 2.627744532484201
72, 25.825809478759766, -173.8915557861328, 0.1489689201116562, 0.4500000774860382, 0.0, -176.3409881591797, 2.6475329841784627
73, 25.77372932434082, -173.89894104003906, 0.15087877213954926, 0.4750000834465027, 0.0, -176.16610717773438, 2.6725671016324495
74, 25.72034454345703, -173.90670776367188, 0.15469849109649658, 0.5250000357627869, 0.0, -175.9834747314453, 2.703750859307094
75, 25.671024322509766, -173.91415405273438, 0.15851819515228271, 0.574999988079071, 0.0, -175.8109588623047, 2.7353248289869057
76, 25.61998176574707, -173.92210388183594, 0.16233791410923004, 0.6249999403953552, 0.0, -175.6285858154297, 2.771085830800014
77, 25.56810760498047, -173.93045043945312, 0.1642477810382843, 0.6499999165534973, 0.0, -175.43988037109375, 2.8105269879321506
78, 25.516708374023438, -173.93893432617188, 0.1699773520231247, 0.7249998450279236, 0.0, -175.24891662597656, 2.8522767128608795
79, 25.464879989624023, -173.94778442382812, 0.17379705607891083, 0.7749997973442078, 0.0, -175.05223083496094, 2.8983506632553704
80, 25.409103393554688, -173.95761108398438, 0.17761677503585815, 0.8249997496604919, 0.0, -174.83604431152344, 2.951987853979007
81, 25.355836868286133, -173.96725463867188, 0.17952664196491241, 0.849999725818634, 0.0, -174.62608337402344, 3.006375853413065
82, 25.30077362060547, -173.9775390625, 0.18334634602069855, 0.8999996781349182, 0.0, -174.40536499023438, 3.0649620841698493
83, 25.241483688354492, -173.98892211914062, 0.18716606497764587, 0.849999725818634, 0.0, -174.16339111328125, 3.12891864709764
84, 25.18422508239746, -174.00022888183594, 0.1909857839345932, 0.7999997735023499, 0.0, -173.9254913330078, 3.188658277191501
85, 25.12765884399414, -174.01171875, 0.19289563596248627, 0.7749997973442078, 0.0, -173.6867218017578, 3.244834615614329
86, 25.06617546081543, -174.02455139160156, 0.1967153549194336, 0.7249998450279236, 0.0, -173.42283630371094, 3.3019362031827475
87, 25.007789611816406, -174.03707885742188, 0.20053507387638092, 0.6749998927116394, 0.0, -173.16786193847656, 3.3518078281888473
88, 24.948514938354492, -174.05010986328125, 0.19989845156669617, 0.6499999165534973, 0.0, -172.90577697753906, 3.398593684560134
89, 24.880659103393555, -174.06539916992188, 0.20117168128490448, 0.5999999642372131, 0.0, -172.6026611328125, 3.447187116839208
90, 24.81422996520996, -174.0807647705078, 0.19989845156669617, 0.550000011920929, 0.0, -172.3036346435547, 3.4897118312420092
91, 24.7517032623291, -174.09556579589844, 0.20117168128490448, 0.5000000596046448, 0.0, -172.0204315185547, 3.5253789465549636
92, 24.689315795898438, -174.11058044433594, 0.20053507387638092, 0.4750000536441803, 0.0, -171.7365264892578, 3.5572650795476193
93, 24.622514724731445, -174.12696838378906, 0.20180830359458923, 0.40000003576278687, 0.0, -171.43087768554688, 3.5861450767295837
94, 24.5588321685791, -174.14288330078125, 0.19989845156669617, 0.3500000238418579, 0.0, -171.13876342773438, 3.606970590108629
95, 24.49652099609375, -174.15879821777344, 0.20180830359458923, 0.32500001788139343, 0.0, -170.85223388671875, 3.6246840310878876
96, 24.42715072631836, -174.17677307128906, 0.20053507387638092, 0.2750000059604645, 0.0, -170.53326416015625, 3.642662488396433
97, 24.36402702331543, -174.19342041015625, 0.20180830359458923, 0.22499999403953552, 0.0, -170.24221801757812, 3.6541327855827115
98, 24.30085563659668, -174.2104034423828, 0.20117168128490448, 0.19999998807907104, 0.0, -169.9503631591797, 3.658399590953208
99, 24.232458114624023, -174.22921752929688, 0.19989845156669617, 0.1499999761581421, 0.0, -169.63333129882812, 3.6595690416222024
100, 24.167659759521484, -174.247314453125, 0.20117168128490448, 0.09999997913837433, 0.0, -169.33355712890625, 3.6616539241485797
101, 24.104005813598633, -174.26544189453125, 0.19989845156669617, 0.04999998211860657, 0.0, -169.0399627685547, 3.6596100063664663
102, 24.03507423400879, -174.2855224609375, 0.20117168128490448, -1.8253922817734747e-08, 0.0, -168.72169494628906, 3.648771008726446
103, 23.973669052124023, -174.30384826660156, 0.20053507387638092, 0.024999981746077538, 0.0, -168.4373779296875, 3.635415390693722
104, 23.913637161254883, -174.32200622558594, 0.1992618292570114, 0.07499998062849045, 0.0, -168.1583251953125, 3.624423035664774
105, 23.844308853149414, -174.34332275390625, 0.1979885846376419, 0.12499997764825821, 0.0, -167.8375701904297, 3.617470430150752
106, 23.782081604003906, -174.36279296875, 0.19735197722911835, 0.1499999761581421, 0.0, -167.55104064941406, 3.6141909371644063
107, 23.71986961364746, -174.38259887695312, 0.19607873260974884, 0.19999998807907104, 0.0, -167.26531982421875, 3.611295443098488
108, 23.655744552612305, -174.4033966064453, 0.19480548799037933, 0.25, 0.0, -166.97105407714844, 3.6117135984217805
109, 23.59449005126953, -174.42356872558594, 0.19353225827217102, 0.32500001788139343, 0.0, -166.69198608398438, 3.6192888697833836
110, 23.53226661682129, -174.44439697265625, 0.1922590136528015, 0.3500000238418579, 0.0, -166.41049194335938, 3.632713073076788
111, 23.46437644958496, -174.46749877929688, 0.1909857839345932, 0.40000003576278687, 0.0, -166.10548400878906, 3.651831109991135
112, 23.399702072143555, -174.48988342285156, 0.1897125393152237, 0.4500000476837158, 0.0, -165.81687927246094, 3.6745406531683424
113, 23.337013244628906, -174.51187133789062, 0.18907591700553894, 0.4750000536441803, 0.0, -165.53875732421875, 3.700450471288024
114, 23.26999282836914, -174.53575134277344, 0.18780268728733063, 0.42500004172325134, 0.0, -165.24264526367188, 3.7281494111095705
115, 23.205944061279297, -174.55886840820312, 0.18652944266796112, 0.3750000298023224, 0.0, -164.96043395996094, 3.7527611903079956
116, 23.1435489654541, -174.58168029785156, 0.1852562129497528, 0.32500001788139343, 0.0, -164.68707275390625, 3.7753337157807505
117, 23.075984954833984, -174.60671997070312, 0.18461959064006805, 0.30000001192092896, 0.0, -164.39242553710938, 3.79516472899419
118, 23.01046371459961, -174.63131713867188, 0.18334634602069855, 0.25, 0.0, -164.10784912109375, 3.8108872638579023
119, 22.94466781616211, -174.65638732910156, 0.18207311630249023, 0.19999998807907104, 0.0, -163.8231658935547, 3.822591491033483
120, 22.878042221069336, -174.68209838867188, 0.18334634602069855, 0.1499999761581421, 0.0, -163.53521728515625, 3.82927953184328
121, 22.81242561340332, -174.7078857421875, 0.1852562129497528, 0.12499997764825821, 0.0, -163.25054931640625, 3.8293406612557006
122, 22.74911880493164, -174.7332000732422, 0.18907591700553894, 0.07499998062849045, 0.0, -162.97348022460938, 3.8254763409018686
123, 22.68145179748535, -174.7607421875, 0.19289563596248627, 0.024999981746077538, 0.0, -162.6732940673828, 3.819546964829299
124, 22.61925506591797, -174.78651428222656, 0.19480548799037933, -1.8253922817734747e-08, 0.0, -162.39337158203125, 3.805953719674127
125, 22.557950973510742, -174.81243896484375, 0.19862520694732666, 0.0, 0.0, -162.1134033203125, 3.791483562477623
126, 22.492244720458984, -174.8407440185547, 0.19989845156669617, 0.0, 0.0, -161.8086700439453, 3.774443820789829
127, 22.429534912109375, -174.8681182861328, 0.20180830359458923, 0.0, 0.0, -161.51394653320312, 3.7580765358357264
128, 22.367652893066406, -174.89561462402344, 0.19989845156669617, 0.0, 0.0, -161.2202606201172, 3.7376229286081726
129, 22.303728103637695, -174.92453002929688, 0.20117168128490448, 0.0, 0.0, -160.9136505126953, 3.716438226420572
130, 22.241134643554688, -174.95318603515625, 0.19989845156669617, 0.0, 0.0, -160.61114501953125, 3.699045555345602
131, 22.18113899230957, -174.98104858398438, 0.20180830359458923, 0.0, 0.0, -160.31898498535156, 3.678108008026245
132, 22.118083953857422, -175.01084899902344, 0.20053507387638092, 0.0, 0.0, -160.01112365722656, 3.657433556577934
133, 22.061113357543945, -175.03811645507812, 0.20180830359458923, 0.0, 0.0, -159.7303009033203, 3.63972530176993
134, 21.99982452392578, -175.06788635253906, 0.20053507387638092, 0.02500000037252903, 0.0, -159.4269561767578, 3.6154873048395433
135, 21.939388275146484, -175.09767150878906, 0.19989845156669617, 0.05000000074505806, 0.0, -159.12583923339844, 3.5955527186950316
136, 21.880334854125977, -175.1271514892578, 0.20117168128490448, 0.10000000149011612, 0.0, -158.83157348632812, 3.582480164599225
137, 21.81965446472168, -175.15786743164062, 0.19989845156669617, 0.15000000596046448, 0.0, -158.52735900878906, 3.5669092643209743
138, 21.7592716217041, -175.1888885498047, 0.19862520694732666, 0.20000001788139343, 0.0, -158.22434997558594, 3.556266409218519
139, 21.703168869018555, -175.21804809570312, 0.1979885846376419, 0.2250000238418579, 0.0, -157.94227600097656, 3.551152959348158
140, 21.647506713867188, -175.2472381591797, 0.1967153549194336, 0.27500003576278687, 0.0, -157.66334533691406, 3.5534818004343594
141, 21.589685440063477, -175.27786254882812, 0.1954421103000641, 0.3250000476837158, 0.0, -157.372802734375, 3.555449366943771
142, 21.532806396484375, -175.30831909179688, 0.19416888058185577, 0.3750000596046448, 0.0, -157.0872344970703, 3.5621986715553193
143, 21.473575592041016, -175.34036254882812, 0.19353225827217102, 0.40000006556510925, 0.0, -156.7900390625, 3.5741555158393017
144, 21.412944793701172, -175.3734893798828, 0.1922590136528015, 0.4500000774860382, 0.0, -156.4864501953125, 3.591382209196242
145, 21.357379913330078, -175.40408325195312, 0.1909857839345932, 0.5000000596046448, 0.0, -156.20750427246094, 3.6107136790330214
146, 21.30173110961914, -175.4349822998047, 0.19034916162490845, 0.5250000357627869, 0.0, -155.92808532714844, 3.6335890935488067
147, 21.248092651367188, -175.4650115966797, 0.18907591700553894, 0.574999988079071, 0.0, -155.65921020507812, 3.658705140270017
148, 21.192094802856445, -175.49671936035156, 0.18780268728733063, 0.6249999403953552, 0.0, -155.38038635253906, 3.6894762517121467
149, 21.130496978759766, -175.53195190429688, 0.18716606497764587, 0.6499999165534973, 0.0, -155.0748748779297, 3.7263296079983017
150, 21.01392364501953, -175.59982299804688, 0.1909857839345932, 0.6999998688697815, 0.0, -154.49183654785156, 3.806252357913003
151, 20.951934814453125, -175.6366729736328, 0.19862520694732666, 0.6499999165534973, 0.0, -154.1765899658203, 3.8505563155761693
152, 20.834239959716797, -175.7082061767578, 0.20053507387638092, 0.6249999403953552, 0.0, -153.5675506591797, 3.930477785181064
153, 20.77104377746582, -175.74737548828125, 0.20053507387638092, 0.5250000357627869, 0.0, -153.2360076904297, 3.9693655914125356
154, 20.711767196655273, -175.78460693359375, 0.20180830359458923, 0.4750000536441803, 0.0, -152.9224853515625, 4.001781604233316
155, 20.649391174316406, -175.8242950439453, 0.20117168128490448, 0.4500000476837158, 0.0, -152.59039306640625, 4.032128602902683
156, 20.58987045288086, -175.8626708984375, 0.20180830359458923, 0.3750000298023224, 0.0, -152.27175903320312, 4.056653989867991
157, 20.53335952758789, -175.89952087402344, 0.20117168128490448, 0.3500000238418579, 0.0, -151.9678497314453, 4.075710621804939
158, 20.469141006469727, -175.94190979003906, 0.19989845156669617, 0.30000001192092896, 0.0, -151.62115478515625, 4.0932803022299264
159, 20.41204261779785, -175.9800567626953, 0.20117168128490448, 0.25, 0.0, -151.3119659423828, 4.104233406311538
160, 20.34677505493164, -176.02426147460938, 0.19989845156669617, 0.25, 0.0, -150.95750427246094, 4.112744281317881
161, 20.283723831176758, -176.06748962402344, 0.20180830359458923, 0.2750000059604645, 0.0, -150.61273193359375, 4.118417092136767
162, 20.224361419677734, -176.10873413085938, 0.20053507387638092, 0.32500001788139343, 0.0, -150.28726196289062, 4.124337424754026
163, 20.159393310546875, -176.1544952392578, 0.20180830359458923, 0.3750000298023224, 0.0, -149.92958068847656, 4.133302399331185
164, 20.09646987915039, -176.19931030273438, 0.20053507387638092, 0.42500004172325134, 0.0, -149.5810546875, 4.145727226679355
165, 20.0389347076416, -176.24078369140625, 0.19989845156669617, 0.4500000476837158, 0.0, -149.26211547851562, 4.159907391417672
166, 19.97719383239746, -176.28585815429688, 0.20117168128490448, 0.5000000596046448, 0.0, -148.91921997070312, 4.178389397887656
167, 19.920379638671875, -176.32778930664062, 0.19989845156669617, 0.550000011920929, 0.0, -148.60250854492188, 4.199641148792964
168, 19.861522674560547, -176.37179565429688, 0.20180830359458923, 0.574999988079071, 0.0, -148.27371215820312, 4.223908213908245
169, 19.80059814453125, -176.41790771484375, 0.20053507387638092, 0.6249999403953552, 0.0, -147.9331817626953, 4.253090307231912
170, 19.74308204650879, -176.46194458007812, 0.20180830359458923, 0.6749998927116394, 0.0, -147.61004638671875, 4.284282904966587
171, 19.68111228942871, -176.510009765625, 0.20117168128490448, 0.6999998688697815, 0.0, -147.2617950439453, 4.321196213061184
172, 19.62038803100586, -176.5576934814453, 0.19989845156669617, 0.7499998211860657, 0.0, -146.92050170898438, 4.361064120328886
173, 19.559358596801758, -176.60618591308594, 0.20117168128490448, 0.7999997735023499, 0.0, -146.57655334472656, 4.404812325616616
174, 19.495189666748047, -176.65777587890625, 0.20053507387638092, 0.8249997496604919, 0.0, -146.21351623535156, 4.4543366342845925
175, 19.435649871826172, -176.7062225341797, 0.20180830359458923, 0.8749997019767761, 0.0, -145.87603759765625, 4.503083719495411
176, 19.371145248413086, -176.7593536376953, 0.20053507387638092, 0.9249996542930603, 0.0, -145.50967407226562, 4.55964078301269
177, 19.31157112121582, -176.8089599609375, 0.19989845156669617, 0.9499996304512024, 0.0, -145.17044067382812, 4.614582540898771
178, 19.25090980529785, -176.8600616455078, 0.20117168128490448, 0.9999995827674866, 0.0, -144.8240203857422, 4.673410130730001
179, 19.187177658081055, -176.91436767578125, 0.19989845156669617, 1.0, 0.0, -144.45953369140625, 4.73791514644577
180, 19.1232852935791, -176.969482421875, 0.20180830359458923, 1.0, 0.0, -144.09288024902344, 4.803919379398252
181, 19.057275772094727, -177.02706909179688, 0.20053507387638092, 1.0, 0.0, -143.71209716796875, 4.872333779700387
182, 18.992122650146484, -177.08460998535156, 0.20180830359458923, 1.0, 0.0, -143.33517456054688, 4.9408863779098064
183, 18.92778778076172, -177.14208984375, 0.20117168128490448, 1.0, 0.0, -142.9615478515625, 5.008765075328225
184, 18.863561630249023, -177.20013427734375, 0.19989845156669617, 1.0, 0.0, -142.58775329589844, 5.076399077601767
185, 18.799598693847656, -177.25863647460938, 0.20117168128490448, 1.0, 0.0, -142.2144317626953, 5.143248201157991
186, 18.7264461517334, -177.3263702392578, 0.20053507387638092, 1.0, 0.0, -141.78610229492188, 5.219353138588866
187, 18.658626556396484, -177.38995361328125, 0.20180830359458923, 1.0, 0.0, -141.3868865966797, 5.28911928751531
188, 18.590293884277344, -177.45480346679688, 0.19989845156669617, 1.0, 0.0, -140.98324584960938, 5.359295520564603
189, 18.515592575073242, -177.5266571044922, 0.20117168128490448, 1.0, 0.0, -140.53965759277344, 5.435074561136372
190, 18.449525833129883, -177.5910186767578, 0.20053507387638092, 1.0, 0.0, -140.14541625976562, 5.501557408572435
191, 18.374671936035156, -177.66493225097656, 0.20180830359458923, 1.0, 0.0, -139.69573974609375, 5.575551030625922
192, 18.305139541625977, -177.73452758789062, 0.20053507387638092, 1.0, 0.0, -139.2755584716797, 5.642768372495106
193, 18.232675552368164, -177.80799865722656, 0.19989845156669617, 1.0, 0.0, -138.83529663085938, 5.710086171238522
194, 18.159822463989258, -177.88291931152344, 0.20117168128490448, 1.0, 0.0, -138.38999938964844, 5.7717138390754155
195, 18.089765548706055, -177.95599365234375, 0.19989845156669617, 1.0, 0.0, -137.96043395996094, 5.82349910309592
196, 18.0162296295166, -178.03378295898438, 0.20180830359458923, 1.0, 0.0, -137.50662231445312, 5.876078059276591
197, 17.93885612487793, -178.11691284179688, 0.20053507387638092, 1.0, 0.0, -137.02609252929688, 5.929110596809611
198, 17.86937141418457, -178.1927032470703, 0.20180830359458923, 1.0, 0.0, -136.592529296875, 5.9830718346499365
199, 17.794878005981445, -178.27517700195312, 0.20053507387638092, 1.0, 0.0, -136.1237030029297, 6.0552100304685625
200, 17.72602653503418, -178.35250854492188, 0.19989845156669617, 1.0, 0.0, -135.68856811523438, 6.1211044770155265
201, 17.65654945373535, -178.43170166015625, 0.20117168128490448, 1.0, 0.0, -135.2459716796875, 6.194340387412789
202, 17.578372955322266, -178.52220153808594, 0.19989845156669617, 1.0, 0.0, -134.74362182617188, 6.275355891381558
203, 17.50418472290039, -178.60946655273438, 0.20180830359458923, 1.0, 0.0, -134.2630615234375, 6.3457253625498975
204, 17.430952072143555, -178.69699096679688, 0.20053507387638092, 1.0, 0.0, -133.7847442626953, 6.416900826582415
205, 17.353832244873047, -178.7907257080078, 0.20180830359458923, 1.0, 0.0, -133.27569580078125, 6.4925489118306565
206, 17.283166885375977, -178.87796020507812, 0.20117168128490448, 1.0, 0.0, -132.805419921875, 6.562422129856555
207, 17.20306968688965, -178.97857666015625, 0.19989845156669617, 1.0, 0.0, -132.26710510253906, 6.6449813034958725
208, 17.120330810546875, -179.0842742919922, 0.20117168128490448, 1.0, 0.0, -131.70590209960938, 6.73399377372611
209, 17.050304412841797, -179.17535400390625, 0.19989845156669617, 1.0, 0.0, -131.22463989257812, 6.80934153994665
210, 16.976470947265625, -179.27301025390625, 0.19989845156669617, 1.0, 0.0, -130.71095275878906, 6.886408023884047
211, 16.90555191040039, -179.36839294433594, 0.20053507387638092, 1.0, 0.0, -130.2117919921875, 6.959029793127263
212, 16.828229904174805, -179.4742889404297, 0.20180830359458923, 0.9750000238418579, 0.0, -129.6604766845703, 7.03645196277632
213, 16.75098991394043, -179.58206176757812, 0.20117168128490448, 0.9500000476837158, 0.0, -129.10247802734375, 7.112043913676728
214, 16.679996490478516, -179.68292236328125, 0.20180830359458923, 0.8750001192092896, 0.0, -128.58297729492188, 7.179263052375437
215, 16.609159469604492, -179.785400390625, 0.20180830359458923, 0.8750001192092896, 0.0, -128.05809020996094, 7.243418509429241
216, 16.53963279724121, -179.88780212402344, 0.20053507387638092, 0.8000001907348633, 0.0, -127.53665924072266, 7.303173755126327
217, 16.468507766723633, -179.99452209472656, 0.20117168128490448, 0.7500002384185791, 0.0, -126.99637603759766, 7.360780416711564
218, 16.3916015625, -180.1122589111328, 0.19989845156669617, 0.7000002861022949, 0.0, -126.4041748046875, 7.418960525908624
219, 16.31987953186035, -180.22427368164062, 0.1992618292570114, 0.6750003099441528, 0.0, -125.8446273803711, 7.468793750629069
220, 16.248748779296875, -180.3376007080078, 0.1979885846376419, 0.6250003576278687, 0.0, -125.28279113769531, 7.514245362094462
221, 16.182340621948242, -180.44544982910156, 0.19735197722911835, 0.6000003814697266, 0.0, -124.75199127197266, 7.5526634784967825
222, 16.114728927612305, -180.5574188232422, 0.19607873260974884, 0.5500004291534424, 0.0, -124.20512390136719, 7.588007139444509
223, 16.040996551513672, -180.68215942382812, 0.19480548799037933, 0.5000004768371582, 0.0, -123.60121154785156, 7.621718517485035
224, 15.97425365447998, -180.79745483398438, 0.19353225827217102, 0.45000046491622925, 0.0, -123.04794311523438, 7.647214674404733
225, 15.909395217895508, -180.91183471679688, 0.19289563596248627, 0.42500045895576477, 0.0, -122.50373840332031, 7.667246140028102
226, 15.844971656799316, -181.02780151367188, 0.19162240624427795, 0.3750004470348358, 0.0, -121.95648956298828, 7.682707376009767
227, 15.78273868560791, -181.14219665527344, 0.1909857839345932, 0.35000044107437134, 0.0, -121.42121887207031, 7.693030447899002
228, 15.714774131774902, -181.27003479003906, 0.1897125393152237, 0.3000004291534424, 0.0, -120.8284683227539, 7.699411845520239
229, 15.65201473236084, -181.39076232910156, 0.18843930959701538, 0.2500004172325134, 0.0, -120.27366638183594, 7.700019533603507
230, 15.588472366333008, -181.51583862304688, 0.18780268728733063, 0.22500041127204895, 0.0, -119.70372772216797, 7.69523549635361
231, 15.53057861328125, -181.63238525390625, 0.18652944266796112, 0.17500039935112, 0.0, -119.17716217041016, 7.686226529016803
232, 15.469456672668457, -181.75831604003906, 0.1852562129497528, 0.12500038743019104, 0.0, -118.6128158569336, 7.671524168627342
233, 15.409114837646484, -181.8856964111328, 0.18461959064006805, 0.10000038892030716, 0.0, -118.0467529296875, 7.651309899099305
234, 15.352245330810547, -182.0086669921875, 0.18461959064006805, 0.10000038892030716, 0.0, -117.50458526611328, 7.627193687092817
235, 15.295904159545898, -182.13351440429688, 0.18207311630249023, 3.915280046840053e-07, 0.0, -116.9585952758789, 7.597904701048025
236, 15.244997024536133, -182.2489776611328, 0.18143649399280548, -0.02499960921704769, 0.0, -116.45729064941406, 7.566720912789662
237, 15.196142196655273, -182.36233520507812, 0.17952664196491241, 0.0, 0.0, -115.96876525878906, 7.533374487973115
238, 15.141921043395996, -182.49136352539062, 0.1782533973455429, 0.0, 0.0, -115.41726684570312, 7.492725307439156
239, 15.093294143676758, -182.60997009277344, 0.17761677503585815, 0.0, 0.0, -114.91410064697266, 7.453427260869517
240, 15.04232120513916, -182.7375946044922, 0.17634354531764984, 0.0, 0.0, -114.37711334228516, 7.409653902600425
241, 14.9946928024292, -182.86001586914062, 0.17507030069828033, 0.0, 0.0, -113.8663101196289, 7.366835138348598
242, 14.949713706970215, -182.9785919189453, 0.17443367838859558, 0.0, 0.0, -113.37505340576172, 7.3245889368107315
243, 14.903828620910645, -183.10276794433594, 0.17316044867038727, 0.0, 0.0, -112.86392211914062, 7.279397441003205
244, 14.861433029174805, -183.22048950195312, 0.17188720405101776, 0.0, 0.0, -112.38206481933594, 7.236691379493176
245, 14.815630912780762, -183.35128784179688, 0.171250581741333, 0.0, 0.0, -111.8498306274414, 7.1878652586533445
246, 14.77805233001709, -183.46142578125, 0.1699773520231247, 0.0, 0.0, -111.40390014648438, 7.148565535551013
247, 14.738163948059082, -183.58155822753906, 0.1687041074037552, 0.0, 0.0, -110.9212417602539, 7.104566038436938
248, 14.697236061096191, -183.70846557617188, 0.16806748509407043, 0.0, 0.0, -110.4146728515625, 7.0572157032672616
249, 14.662336349487305, -183.81968688964844, 0.16679425537586212, 0.0, 0.0, -109.97323608398438, 7.017580325151586
250, 14.624334335327148, -183.9444122314453, 0.16552101075649261, 0.0, 0.0, -109.48221588134766, 6.971306237218493
251, 14.590837478637695, -184.05755615234375, 0.16488438844680786, 0.0, 0.0, -109.03953552246094, 6.93071898107021
252, 14.557971954345703, -184.1718292236328, 0.16361115872859955, 0.0, 0.0, -108.5958251953125, 6.889377816635619
253, 14.527052879333496, -184.2825164794922, 0.1629745364189148, 0.0, 0.0, -108.16926574707031, 6.849634764985154
254, 14.496623992919922, -184.3947296142578, 0.1617012917995453, 0.07500000298023224, 0.0, -107.74011993408203, 6.810005020920851
255, 14.465015411376953, -184.5150146484375, 0.15979143977165222, 0.125, 0.0, -107.28404235839844, 6.768348973478158
256, 14.436760902404785, -184.6258544921875, 0.15979143977165222, 0.125, 0.0, -106.86675262451172, 6.733659456318788
257, 14.407764434814453, -184.7433319091797, 0.15851819515228271, 0.17500001192092896, 0.0, -106.42821502685547, 6.698383904195954
258, 14.379777908325195, -184.86048889160156, 0.15660834312438965, 0.2500000298023224, 0.0, -105.9945068359375, 6.665591851846753
259, 14.354523658752441, -184.96961975097656, 0.1559717208147049, 0.27500003576278687, 0.0, -105.59386444091797, 6.640000570007963
260, 14.3272066116333, -185.09185791015625, 0.15469849109649658, 0.3250000476837158, 0.0, -105.14955139160156, 6.612591985692163
261, 14.302322387695312, -185.20706176757812, 0.15342524647712708, 0.3750000596046448, 0.0, -104.7342758178711, 6.590407044723972
262, 14.27645492553711, -185.33135986328125, 0.15278862416744232, 0.40000006556510925, 0.0, -104.29056549072266, 6.568309034900219
263, 14.253218650817871, -185.4469757080078, 0.1489689201116562, 0.4500000774860382, 0.0, -103.8822021484375, 6.553397401882624
264, 14.231233596801758, -185.5598907470703, 0.14260272681713104, 0.5000000596046448, 0.0, -103.4896011352539, 6.546471287810522
265, 14.208331108093262, -185.68128967285156, 0.1362365335226059, 0.550000011920929, 0.0, -103.07662963867188, 6.5414473765934344
266, 14.189132690429688, -185.7860107421875, 0.13305343687534332, 0.574999988079071, 0.0, -102.7278060913086, 6.545863782380856
267, 14.169909477233887, -185.89413452148438, 0.13178019225597382, 0.6249999403953552, 0.0, -102.37541198730469, 6.559380786974528
268, 14.14824390411377, -186.0203857421875, 0.1305069625377655, 0.6749998927116394, 0.0, -101.9727554321289, 6.572941021164747
269, 14.129947662353516, -186.13075256347656, 0.12987034022808075, 0.6999998688697815, 0.0, -101.62672424316406, 6.586299286265185
270, 14.110945701599121, -186.2496795654297, 0.12859709560871124, 0.7499998211860657, 0.0, -101.26042175292969, 6.608906988923283
271, 14.093294143676758, -186.3644256591797, 0.12732386589050293, 0.7999997735023499, 0.0, -100.91270446777344, 6.634387906857712
272, 14.076363563537598, -186.4788055419922, 0.12668724358081818, 0.8249997496604919, 0.0, -100.57136535644531, 6.668218419160506
273, 14.059331893920898, -186.59872436523438, 0.12541399896144867, 0.8749997019767761, 0.0, -100.21897888183594, 6.710369537411614
274, 14.043574333190918, -186.7144317626953, 0.12477738410234451, 0.8999996781349182, 0.0, -99.88371276855469, 6.757158305244498
275, 14.02731990814209, -186.8392791748047, 0.1235041469335556, 0.9499996304512024, 0.0, -99.52722930908203, 6.816984844088987
276, 14.013251304626465, -186.95208740234375, 0.1222309097647667, 0.9999995827674866, 0.0, -99.20950317382812, 6.878186686725825
277, 13.998858451843262, -187.07284545898438, 0.12159428745508194, 1.0249996185302734, 0.0, -98.87364959716797, 6.946508324370713
278, 13.9837007522583, -187.2066192626953, 0.12159428745508194, 1.0249996185302734, 0.0, -98.50634765625, 7.021710175871244
279, 13.970726013183594, -187.32676696777344, 0.11841119825839996, 1.0, 0.0, -98.180419921875, 7.089010946317696
280, 13.957490921020508, -187.45578002929688, 0.11777457594871521, 1.0, 0.0, -97.8344497680664, 7.160450093613783
281, 13.945178985595703, -187.58233642578125, 0.1165013387799263, 1.0, 0.0, -97.49874877929688, 7.22983557769993
282, 13.934186935424805, -187.7014923095703, 0.11586471647024155, 1.0, 0.0, -97.18579864501953, 7.294473509075234
283, 13.923173904418945, -187.8278045654297, 0.11459147930145264, 1.0, 0.0, -96.8572998046875, 7.362314892447533
284, 13.912111282348633, -187.962890625, 0.11331824213266373, 1.0, 0.0, -96.50971221923828, 7.434116721066707
285, 13.9013032913208, -188.10446166992188, 0.11268161982297897, 1.0, 0.0, -96.14897918701172, 7.508511567586916
286, 13.892020225524902, -188.234130859375, 0.10631543397903442, 1.0, 0.0, -95.8236083984375, 7.576421359091662
287, 13.882590293884277, -188.3742218017578, 0.09994924068450928, 1.0, 0.0, -95.47982025146484, 7.649367597830899
288, 13.873671531677246, -188.51559448242188, 0.0967661440372467, 0.9750000238418579, 0.0, -95.1412582397461, 7.722012723445497
289, 13.865897178649902, -188.646484375, 0.09039995074272156, 0.9250000715255737, 0.0, -94.83637237548828, 7.788049116958908
290, 13.85757827758789, -188.7953338623047, 0.08403375744819641, 0.8750001192092896, 0.0, -94.50159454345703, 7.8606628043825655
291, 13.84381103515625, -189.06544494628906, 0.07448447495698929, 0.8000001907348633, 0.0, -93.92546081542969, 7.983320965376082
292, 13.83688735961914, -189.21424865722656, 0.06811828166246414, 0.725000262260437, 0.0, -93.62787628173828, 8.04521095050844
293, 13.830859184265137, -189.35235595703125, 0.06493518501520157, 0.725000262260437, 0.0, -93.36385345458984, 8.097988797178125
294, 13.82437801361084, -189.50991821289062, 0.05538588762283325, 0.6500003337860107, 0.0, -93.07968139648438, 8.153628799742545
295, 13.818984031677246, -189.64894104003906, 0.051566168665885925, 0.6000003814697266, 0.0, -92.84290313720703, 8.197472930221998
296, 13.813735008239746, -189.79400634765625, 0.05092955008149147, 0.5750004053115845, 0.0, -92.60870361328125, 8.23803372119417
297, 13.808526039123535, -189.95106506347656, 0.04965630918741226, 0.5750004053115845, 0.0, -92.36829376220703, 8.276696150814804
298, 13.80418586730957, -190.0951385498047, 0.04838307201862335, 0.6250003576278687, 0.0, -92.15802001953125, 8.30850409422006
299, 13.800127983093262, -190.24549865722656, 0.0477464534342289, 0.6500003337860107, 0.0, -91.94802856445312, 8.339977104570783
300, 13.796309471130371, -190.4070587158203, 0.04647321254014969, 0.7000002861022949, 0.0, -91.732177734375, 8.373197929379465
301, 13.793437957763672, -190.5463104248047, 0.04519997537136078, 0.7500002384185791, 0.0, -91.55315399169922, 8.402598857880733
302, 13.79067611694336, -190.70375061035156, 0.04392673820257187, 0.8000001907348633, 0.0, -91.35844421386719, 8.437772126974172
303, 13.788554191589355, -190.84901428222656, 0.043290119618177414, 0.8250001668930054, 0.0, -91.18502044677734, 8.472676907077007
304, 13.786827087402344, -190.99241638183594, 0.03947040066123009, 0.8750001192092896, 0.0, -91.0201644897461, 8.509666548557217
305, 13.785258293151855, -191.15660095214844, 0.036287300288677216, 0.9000000953674316, 0.0, -90.84014129638672, 8.555330600808544
306, 13.784101486206055, -191.3077850341797, 0.02992110140621662, 0.9500000476837158, 0.0, -90.68357849121094, 8.600684623656143
307, 13.783061027526855, -191.47425842285156, 0.023554900661110878, 1.0, 0.0, -90.5238265991211, 8.654434608601116
308, 13.78230094909668, -191.62425231933594, 0.020371802151203156, 1.0, 0.0, -90.390625, 8.70638181463692
309, 13.78167724609375, -191.76905822753906, 0.014005603268742561, 1.0, 0.0, -90.27276611328125, 8.75880421581158
310, 13.78100299835205, -191.9410858154297, 0.007639406248927116, 1.0, 0.0, -90.14876556396484, 8.823072010075835
311, 13.780384063720703, -192.09725952148438, 0.0, 1.0, 0.0, -90.0513916015625, 8.88288449349666
312, 13.779751777648926, -192.2556610107422, -0.0019098592456430197, 1.0, 0.0, -89.96713256835938, 8.94468350851012
313, 13.779149055480957, -192.40493774414062, -0.005729577504098415, 1.0, 0.0, -89.90023040771484, 9.0036211563478
314, 13.778552055358887, -192.55978393554688, -0.005092957988381386, 1.0, 0.0, -89.84227752685547, 9.06535053483481
315, 13.777950286865234, -192.74124145507812, -0.0038197184912860394, 1.0, 0.0, -89.78649139404297, 9.13812067011404
316, 13.777538299560547, -192.90408325195312, -0.0038197184912860394, 1.0, 0.0, -89.74462127685547, 9.203675598895444
317, 13.77729320526123, -193.06507873535156, 0.0, 1.0, 0.0, -89.70868682861328, 9.268552821661437
318, 13.777214050292969, -193.22134399414062, 0.0, 1.0, 0.0, -89.67794036865234, 9.331480545679037
319, 13.777280807495117, -193.38134765625, 0.0, 1.0, 0.0, -89.65013122558594, 9.39580121611494
320, 13.777527809143066, -193.56158447265625, 0.0, 1.0, 0.0, -89.62267303466797, 9.468015548448541
321, 13.777873039245605, -193.72042846679688, 0.0, 1.0, 0.0, -89.60124969482422, 9.531449814701798
322, 13.778407096862793, -193.90118408203125, 0.0, 1.0, 0.0, -89.5797119140625, 9.60329662178581
323, 13.778997421264648, -194.06399536132812, 0.0, 1.0, 0.0, -89.56243896484375, 9.667714053282426
324, 13.779715538024902, -194.2333221435547, 0.0, 1.0, 0.0, -89.54635620117188, 9.73435996212116
325, 13.780495643615723, -194.39627075195312, 0.0, 1.0, 0.0, -89.53240203857422, 9.798149836712886
326, 13.781416893005371, -194.57046508789062, 0.0, 1.0, 0.0, -89.51901245117188, 9.865948638867492
327, 13.782492637634277, -194.75636291503906, 0.0, 1.0, 0.0, -89.50616455078125, 9.937840004336268
328, 13.78366756439209, -194.94471740722656, 0.0, 1.0, 0.0, -89.49444580078125, 10.010196376118959
329, 13.784822463989258, -195.11915588378906, 0.0, 1.0, 0.0, -89.48461151123047, 10.07676682901497
330, 13.786043167114258, -195.29443359375, 0.0, 1.0, 0.0, -89.4755630493164, 10.143232589230402
331, 13.787345886230469, -195.47311401367188, 0.0, 1.0, 0.0, -89.46707916259766, 10.21055141798718
332, 13.788783073425293, -195.66275024414062, 0.0, 1.0, 0.0, -89.4588394165039, 10.281491729669375
333, 13.79014778137207, -195.83700561523438, 0.0, 1.0, 0.0, -89.45179748535156, 10.346252261929887
334, 13.791653633117676, -196.02337646484375, 0.0, 1.0, 0.0, -89.44487762451172, 10.415047331598906
335, 13.793212890625, -196.2111053466797, 0.0, 1.0, 0.0, -89.4383544921875, 10.483875951905262
336, 13.794716835021973, -196.38800048828125, 0.0, 1.0, 0.0, -89.43254852294922, 10.548300432136783
337, 13.796403884887695, -196.58197021484375, 0.0, 1.0, 0.0, -89.42662048339844, 10.618452655364605
338, 13.798091888427734, -196.77227783203125, 0.0, 1.0, 0.0, -89.421142578125, 10.686811768704167
339, 13.799884796142578, -196.970703125, 0.0, 1.0, 0.0, -89.41573333740234, 10.757585592651676
340, 13.801753997802734, -197.17391967773438, 0.0, 1.0, 0.0, -89.41049194335938, 10.829552161349431
341, 13.803532600402832, -197.36428833007812, 0.0, 1.0, 0.0, -89.4057846069336, 10.89651021101692
342, 13.80551815032959, -197.573974609375, 0.0, 1.0, 0.0, -89.40087127685547, 10.969731087953956
343, 13.80748462677002, -197.77880859375, 0.0, 1.0, 0.0, -89.39618682861328, 11.040751837788614
344, 13.809410095214844, -197.97686767578125, 0.0, 1.0, 0.0, -89.39189147949219, 11.108957298263595
345, 13.8113374710083, -198.17845153808594, -0.0038197184912860394, 0.9500000476837158, 0.0, -89.3891830444336, 11.1776299467556
346, 13.813213348388672, -198.38491821289062, -0.007639436982572079, 0.9000000953674316, 0.0, -89.38997650146484, 11.24622791170168
347, 13.814910888671875, -198.58436584472656, -0.009549296461045742, 0.8750001192092896, 0.0, -89.3947982788086, 11.310231429561544
348, 13.816534996032715, -198.79586791992188, -0.013369014486670494, 0.8250001668930054, 0.0, -89.40568542480469, 11.375300947185385
349, 13.817935943603516, -199.00656127929688, -0.01718873344361782, 0.7750002145767212, 0.0, -89.42362976074219, 11.436567065279723
350, 13.819026947021484, -199.19561767578125, -0.016552112996578217, 0.7500002384185791, 0.0, -89.4450912475586, 11.488275935095576
351, 13.820137977600098, -199.41656494140625, -0.015278873033821583, 0.7000002861022949, 0.0, -89.47552490234375, 11.544782246349286
352, 13.821029663085938, -199.6160125732422, -0.014005633071064949, 0.6500003337860107, 0.0, -89.50645446777344, 11.591477560978863
353, 13.82192325592041, -199.837890625, -0.012732393108308315, 0.6000003814697266, 0.0, -89.5438232421875, 11.63831680636978
354, 13.822670936584473, -200.04307556152344, -0.012095772661268711, 0.5750004053115845, 0.0, -89.58025360107422, 11.676390683062603
355, 13.823351860046387, -200.24765014648438, -0.010822532698512077, 0.5250004529953003, 0.0, -89.61775970458984, 11.709474320987006
356, 13.824013710021973, -200.4630889892578, -0.009549291804432869, 0.4750004708766937, 0.0, -89.65771484375, 11.738691213540948
357, 13.824589729309082, -200.66783142089844, -0.00891267228871584, 0.45000046491622925, 0.0, -89.69567108154297, 11.76080232172058
358, 13.825154304504395, -200.8853302001953, -0.007639432325959206, 0.4000004529953003, 0.0, -89.73545837402344, 11.778515279639521
359, 13.825692176818848, -201.10845947265625, -0.0063661932945251465, 0.35000044107437134, 0.0, -89.77511596679688, 11.790088257727646
360, 13.826141357421875, -201.31085205078125, -0.00572957331314683, 0.32500043511390686, 0.0, -89.80982208251953, 11.794531726939958
361, 13.826607704162598, -201.5387725830078, -0.0044563342817127705, 0.2750004231929779, 0.0, -89.84697723388672, 11.793176265602936
362, 13.827043533325195, -201.76199340820312, -0.0025464745704084635, 0.20000040531158447, 0.0, -89.88072967529297, 11.784695485352016
363, 13.827432632446289, -201.95851135253906, 0.0, 0.15000039339065552, 0.0, -89.90757751464844, 11.77083226498541
364, 13.827877044677734, -202.1813201904297, 0.0, 0.15000039339065552, 0.0, -89.93455505371094, 11.748696729875935
365, 13.828250885009766, -202.3751678466797, 0.0, 0.07500039041042328, 0.0, -89.95565032958984, 11.7241915215297
366, 13.828641891479492, -202.5915985107422, 0.0, 0.02500039152801037, 0.0, -89.97674560546875, 11.690750801718805
367, 13.828963279724121, -202.7844696044922, 0.0, 3.915280046840053e-07, 0.0, -89.99369049072266, 11.655319370656054
368, 13.829259872436523, -202.9843292236328, 0.0, 0.0, 0.0, -90.00963592529297, 11.613468531995291
369, 13.829544067382812, -203.2064208984375, 0.0, 0.0, 0.0, -90.02558135986328, 11.562245805290805
370, 13.829761505126953, -203.40899658203125, 0.0, 0.0, 0.0, -90.03881072998047, 11.511746143916065
371, 13.829934120178223, -203.61148071289062, 0.0, 0.05000000074505806, 0.0, -90.05084228515625, 11.459040847091831
372, 13.830066680908203, -203.82472229003906, 0.0, 0.10000000149011612, 0.0, -90.0623779296875, 11.40232181665692
373, 13.830147743225098, -204.02444458007812, 0.0, 0.125, 0.0, -90.072265625, 11.349204199505117
374, 13.830184936523438, -204.23458862304688, 0.0, 0.17500001192092896, 0.0, -90.08171844482422, 11.294069923592469
375, 13.830181121826172, -204.4239044189453, 0.0, 0.2250000238418579, 0.0, -90.089599609375, 11.246052222493914
376, 13.8301362991333, -204.62649536132812, 0.0, 0.2500000298023224, 0.0, -90.0972900390625, 11.197072618175625
377, 13.830042839050293, -204.84097290039062, 0.0, 0.30000004172325134, 0.0, -90.10472106933594, 11.148346107480988
378, 13.829913139343262, -205.04412841796875, 0.0, 0.3500000536441803, 0.0, -90.11112976074219, 11.106011290116662
379, 13.829753875732422, -205.23873901367188, 0.0, 0.40000006556510925, 0.0, -90.11675262451172, 11.069557896340022
380, 13.829547882080078, -205.4469451904297, 0.0, 0.42500007152557373, 0.0, -90.12217712402344, 11.035297279364618
381, 13.82932186126709, -205.64126586914062, 0.0, 0.4750000834465027, 0.0, -90.12677764892578, 11.007924062563783
382, 13.829062461853027, -205.8392333984375, 0.0, 0.5250000357627869, 0.0, -90.1310043334961, 10.985005560132295
383, 13.828789710998535, -206.02601623535156, 0.0, 0.550000011920929, 0.0, -90.13459014892578, 10.968313503408675
384, 13.82848072052002, -206.22067260742188, 0.0, 0.5999999642372131, 0.0, -90.1379623413086, 10.955818651163312
385, 13.828128814697266, -206.42623901367188, 0.0, 0.6499999165534973, 0.0, -90.14110565185547, 10.948475635415614
386, 13.82778549194336, -206.61338806152344, 0.0, 0.6749998927116394, 0.0, -90.14358520507812, 10.94730549856287
387, 13.82737922668457, -206.8230743408203, 0.0, 0.7249998450279236, 0.0, -90.14598083496094, 10.951590518583041
388, 13.827000617980957, -207.00881958007812, 0.0, 0.7749997973442078, 0.0, -90.14781951904297, 10.960705558778153
389, 13.826607704162598, -207.1942138671875, 0.0, 0.7999997735023499, 0.0, -90.14936065673828, 10.974577425354713
390, 13.826163291931152, -207.3960723876953, 0.0, 0.849999725818634, 0.0, -90.15072631835938, 10.994694935136758
391, 13.825711250305176, -207.59423828125, 0.0, 0.8999996781349182, 0.0, -90.15180206298828, 11.01978570241247
392, 13.825236320495605, -207.79690551757812, 0.0, 0.9499996304512024, 0.0, -90.15251922607422, 11.05091409110604
393, 13.824779510498047, -207.9867401123047, 0.0, 0.9999995827674866, 0.0, -90.15304565429688, 11.085198934552944
394, 13.824308395385742, -208.17886352539062, 0.0, 1.0, 0.0, -90.1532974243164, 11.12459823567144
395, 13.823780059814453, -208.3904266357422, 0.0, 1.0, 0.0, -90.15328216552734, 11.172264921549708
396, 13.82332992553711, -208.58778381347656, 0.0038197184912860394, 1.0, 0.0, -90.15328216552734, 11.22010219428566
397, 13.822982788085938, -208.78369140625, 0.007639436982572079, 1.0, 0.0, -90.14665985107422, 11.270065597482803
398, 13.82276439666748, -208.97573852539062, 0.009549296461045742, 1.0, 0.0, -90.1379165649414, 11.32101749475731
399, 13.822710037231445, -209.18067932128906, 0.013369014486670494, 1.0, 0.0, -90.123046875, 11.377010950695635
400, 13.822879791259766, -209.38514709472656, 0.01718873344361782, 1.0, 0.0, -90.10140228271484, 11.434213898538411
401, 13.823274612426758, -209.58596801757812, 0.019098592922091484, 1.0, 0.0, -90.0732650756836, 11.491498430833156
402, 13.823887825012207, -209.792724609375, 0.017825353890657425, 1.0, 0.0, -90.03826904296875, 11.551511716859851
403, 13.824685096740723, -210.003173828125, 0.016552114859223366, 1.0, 0.0, -89.99767303466797, 11.613411365696134
404, 13.825592994689941, -210.20648193359375, 0.01591549627482891, 1.0, 0.0, -89.95489501953125, 11.673783714739644
405, 13.826700210571289, -210.42431640625, 0.014642256312072277, 1.0, 0.0, -89.90605163574219, 11.738932041816026
406, 13.827913284301758, -210.6402130126953, 0.013369015417993069, 1.0, 0.0, -89.85578155517578, 11.803829412007266
407, 13.829171180725098, -210.84661865234375, 0.012732395902276039, 1.0, 0.0, -89.80644989013672, 11.866080585145554
408, 13.830459594726562, -211.04443359375, 0.01145915500819683, 1.0, 0.0, -89.75872802734375, 11.925861797411612
409, 13.831915855407715, -211.25445556640625, 0.010822535492479801, 1.0, 0.0, -89.70793914794922, 11.989360899939358
410, 13.833378791809082, -211.45425415039062, 0.009549295529723167, 1.0, 0.0, -89.66004943847656, 12.04975878796792
411, 13.835126876831055, -211.67678833007812, 0.010822534561157227, 1.0, 0.0, -89.60677337646484, 12.116930068736805
412, 13.837045669555664, -211.89987182617188, 0.01273239403963089, 1.0, 0.0, -89.55252075195312, 12.184098281455695
413, 13.83908748626709, -212.11029052734375, 0.01846197061240673, 1.0, 0.0, -89.49838256835938, 12.247113654445428
414, 13.84163761138916, -212.338134765625, 0.022281689569354057, 1.0, 0.0, -89.4344711303711, 12.31502889793995
415, 13.844307899475098, -212.548095703125, 0.02419154904782772, 1.0, 0.0, -89.37047576904297, 12.377385226526664
416, 13.847329139709473, -212.75808715820312, 0.028011268004775047, 1.0, 0.0, -89.30046844482422, 12.439393446036723
417, 13.850935935974121, -212.98287963867188, 0.026738028973340988, 1.0, 0.0, -89.21961975097656, 12.505704386684853
418, 13.854817390441895, -213.20370483398438, 0.026101410388946533, 1.0, 0.0, -89.13542938232422, 12.57067356599017
419, 13.859357833862305, -213.44178771972656, 0.024828171357512474, 1.0, 0.0, -89.04049682617188, 12.640509453369893
420, 13.864328384399414, -213.68423461914062, 0.023554934188723564, 1.0, 0.0, -88.94059753417969, 12.71136209681912
421, 13.86923599243164, -213.90921020507812, 0.02291831374168396, 1.0, 0.0, -88.84587860107422, 12.776835324584596
422, 13.874652862548828, -214.1438446044922, 0.02164507657289505, 1.0, 0.0, -88.74579620361328, 12.84482401898452
423, 13.880647659301758, -214.38987731933594, 0.02037183754146099, 1.0, 0.0, -88.64019012451172, 12.915780502538093
424, 13.886038780212402, -214.6010284423828, 0.019735218957066536, 1.0, 0.0, -88.5494613647461, 12.976394960865237
425, 13.892597198486328, -214.84628295898438, 0.018461979925632477, 1.0, 0.0, -88.44467163085938, 13.04646720185966
426, 13.899153709411621, -215.08102416992188, 0.017188742756843567, 1.0, 0.0, -88.34539031982422, 13.11320053255309
427, 13.905559539794922, -215.30154418945312, 0.016552122309803963, 1.0, 0.0, -88.25333404541016, 13.175569266535573
428, 13.91252326965332, -215.53225708007812, 0.015278883278369904, 1.0, 0.0, -88.15869140625, 13.24051619394065
429, 13.919473648071289, -215.75445556640625, 0.014642263762652874, 0.9750000238418579, 0.0, -88.06924438476562, 13.302652059779103
430, 13.927644729614258, -216.00616455078125, 0.01336902379989624, 0.9250000715255737, 0.0, -87.970458984375, 13.37199451123069
431, 13.935446739196777, -216.23858642578125, 0.012095782905817032, 0.8750001192092896, 0.0, -87.88189697265625, 13.43426241360084
432, 13.94422435760498, -216.49159240722656, 0.010822542943060398, 0.8250001668930054, 0.0, -87.7888412475586, 13.499444666125772
433, 13.953536987304688, -216.751220703125, 0.010185922496020794, 0.7750002145767212, 0.0, -87.69699096679688, 13.562781900487675
434, 13.962081909179688, -216.98280334472656, 0.008276062086224556, 0.725000262260437, 0.0, -87.6185302734375, 13.615673857265913
435, 13.97223949432373, -217.2504425048828, 0.007002823054790497, 0.6750003099441528, 0.0, -87.53255462646484, 13.67220668861063
436, 13.981364250183105, -217.48475646972656, 0.006366203539073467, 0.6500003337860107, 0.0, -87.46121215820312, 13.717061419161949
437, 13.99040699005127, -217.7117156982422, 0.005092964041978121, 0.6000003814697266, 0.0, -87.39574432373047, 13.756426709276642
438, 14.00094985961914, -217.97023010253906, 0.003819724777713418, 0.5500004291534424, 0.0, -87.32613372802734, 13.796058293637333
439, 14.010933876037598, -218.20982360839844, 0.003183104796335101, 0.5250004529953003, 0.0, -87.2660140991211, 13.827310626610776
440, 14.022043228149414, -218.47088623046875, 0.0019098651828244328, 0.4750004708766937, 0.0, -87.20565032958984, 13.855602753897141
441, 14.033650398254395, -218.7385711669922, 0.0, 0.42500045895576477, 0.0, -87.14981079101562, 13.877842646308592
442, 14.043956756591797, -218.9722442626953, 0.0, 0.3750004470348358, 0.0, -87.1056137084961, 13.891137569917447
443, 14.055557250976562, -219.23060607910156, 0.0, 0.35000044107437134, 0.0, -87.06151580810547, 13.899369671237201
444, 14.066513061523438, -219.47048950195312, 0.0, 0.3000004291534424, 0.0, -87.02449798583984, 13.90077062535349
445, 14.077643394470215, -219.71026611328125, 0.0, 0.2500004172325134, 0.0, -86.99102020263672, 13.895992501737517
446, 14.09035587310791, -219.9794921875, 0.0, 0.2500004172325134, 0.0, -86.95733642578125, 13.883661159894785
447, 14.10215950012207, -220.22560119628906, 0.0, 0.2750004231929779, 0.0, -86.92961120605469, 13.866879790225934
448, 14.114289283752441, -220.4742889404297, 0.0019098592456430197, 0.32500043511390686, 0.0, -86.90367126464844, 13.84631692859873
449, 14.12733268737793, -220.73611450195312, 0.005729577504098415, 0.3750004470348358, 0.0, -86.87657165527344, 13.822605026927894
450, 14.139044761657715, -220.96632385253906, 0.007639436982572079, 0.35000044107437134, 0.0, -86.85185241699219, 13.80087847246135
451, 14.15270709991455, -221.2281951904297, 0.01145915500819683, 0.3000004291534424, 0.0, -86.82093048095703, 13.77457289584537
452, 14.16582202911377, -221.47286987304688, 0.015278873965144157, 0.2500004172325134, 0.0, -86.78787231445312, 13.747507361163771
453, 14.178569793701172, -221.7045440673828, 0.01718873344361782, 0.22500041127204895, 0.0, -86.75216674804688, 13.719149561111857
454, 14.193561553955078, -221.96902465820312, 0.021008450537919998, 0.17500039935112, 0.0, -86.7044677734375, 13.683327569009723
455, 14.206985473632812, -222.19888305664062, 0.024828169494867325, 0.12500038743019104, 0.0, -86.65636444091797, 13.648454638439407
456, 14.221540451049805, -222.4408721923828, 0.026738028973340988, 0.10000038892030716, 0.0, -86.59819793701172, 13.607845692487803
457, 14.23648738861084, -222.68275451660156, 0.025464791804552078, 0.0500003919005394, 0.0, -86.53331756591797, 13.563220339181555
458, 14.251848220825195, -222.9254608154297, 0.02419155277311802, 3.915280046840053e-07, 0.0, -86.46267700195312, 13.5139471719264
459, 14.267460823059082, -223.16680908203125, 0.023554934188723564, -0.02499960921704769, 0.0, -86.38774871826172, 13.46047568497121
460, 14.28314208984375, -223.40447998046875, 0.022281695157289505, 0.0, 0.0, -86.31039428710938, 13.403991524272021
461, 14.298973083496094, -223.64028930664062, 0.02037183754146099, 0.0, 0.0, -86.23117065429688, 13.34471435581792
462, 14.3145751953125, -223.86892700195312, 0.019735218957066536, 0.0, 0.0, -86.1527099609375, 13.28454825820443
463, 14.330289840698242, -224.09573364257812, 0.018461979925632477, 0.0, 0.0, -86.07386016845703, 13.222621438531627
464, 14.347273826599121, -224.33705139160156, 0.017825361341238022, 0.0, 0.0, -85.9892578125, 13.154630136537083
465, 14.363603591918945, -224.565673828125, 0.016552122309803963, 0.0, 0.0, -85.9090576171875, 13.088444694553951
466, 14.381498336791992, -224.81260681152344, 0.015278883278369904, 0.0, 0.0, -85.82306671142578, 13.015332843719099
467, 14.399118423461914, -225.05235290527344, 0.01400564331561327, 0.0, 0.0, -85.7407455444336, 12.942921029875512
468, 14.416735649108887, -225.28875732421875, 0.01336902379989624, 0.0, 0.0, -85.66098022460938, 12.870328224488194
469, 14.434073448181152, -225.51844787597656, 0.012095782905817032, 0.0, 0.0, -85.58528137207031, 12.798828233475879
470, 14.45103931427002, -225.74053955078125, 0.010822542943060398, 0.0, 0.0, -85.51408386230469, 12.728904506038742
471, 14.46798038482666, -225.95974731445312, 0.010185922496020794, 0.0, 0.0, -85.44607543945312, 12.659222036166042
472, 14.48696231842041, -226.2024383544922, 0.00891268253326416, 0.0, 0.0, -85.37374877929688, 12.581395402017991
473, 14.504307746887207, -226.42181396484375, 0.007639442570507526, 0.05000000074505806, 0.0, -85.31130981445312, 12.511268890360896
474, 14.521808624267578, -226.64089965820312, 0.007002823054790497, 0.07500000298023224, 0.0, -85.25192260742188, 12.441813587234986
475, 14.541304588317871, -226.88241577148438, 0.005729584023356438, 0.125, 0.0, -85.19029235839844, 12.366554269686882
476, 14.557909965515137, -227.0863494873047, 0.004456344526261091, 0.17500001192092896, 0.0, -85.14147186279297, 12.305007791577244
477, 14.577066421508789, -227.31961059570312, 0.003183104796335101, 0.2250000238418579, 0.0, -85.08982849121094, 12.237494138297881
478, 14.611063003540039, -227.7283477783203, 0.006366203539073467, 0.30000004172325134, 0.0, -85.00838470458984, 12.128844593945386
479, 14.631105422973633, -227.96484375, 0.008276062086224556, 0.3250000476837158, 0.0, -84.96320343017578, 12.072096637594216
480, 14.649027824401855, -228.17312622070312, 0.012095781043171883, 0.27500003576278687, 0.0, -84.92256164550781, 12.025801813202163
481, 14.669501304626465, -228.40625, 0.017825359478592873, 0.20000001788139343, 0.0, -84.8730697631836, 11.975704385597014
482, 14.686803817749023, -228.599853515625, 0.017188740894198418, 0.17500001192092896, 0.0, -84.82891082763672, 11.93422750481866
483, 14.705525398254395, -228.80625915527344, 0.01591550186276436, 0.125, 0.0, -84.77947998046875, 11.889440243694368
484, 14.725960731506348, -229.02842712402344, 0.014642261900007725, 0.07500000298023224, 0.0, -84.72439575195312, 11.839501865372243
485, 14.74515438079834, -229.234619140625, 0.01400564145296812, 0.05000000447034836, 0.0, -84.672119140625, 11.790798488905594
486, 14.763997077941895, -229.43492126464844, 0.012732401490211487, 4.0978194171259474e-09, 0.0, -84.6208724975586, 11.741031001967498
487, 14.783275604248047, -229.6380157470703, 0.011459161527454853, 0.0, 0.0, -84.569091796875, 11.687338246781655
488, 14.802766799926758, -229.84161376953125, 0.010822541080415249, 0.0, 0.0, -84.5177001953125, 11.631120055499581
489, 14.823747634887695, -230.05897521972656, 0.009549301117658615, 0.0, 0.0, -84.4639663696289, 11.568887599584437
490, 14.84306812286377, -230.2578125, 0.008276060223579407, 0.0, 0.0, -84.41626739501953, 11.510231580458427
491, 14.8629150390625, -230.4607391357422, 0.007639440707862377, 0.0, 0.0, -84.36925506591797, 11.448947448675813
492, 14.883079528808594, -230.6656951904297, 0.006366201676428318, 0.0, 0.0, -84.32393646240234, 11.385814902301192
493, 14.901925086975098, -230.85618591308594, 0.0057295821607112885, 0.0, 0.0, -84.28380584716797, 11.326175288456524
494, 14.922849655151367, -231.066650390625, 0.004456342663615942, 0.0, 0.0, -84.2422103881836, 11.25938925246002
495, 14.941667556762695, -231.25515747070312, 0.003183102933689952, 0.0, 0.0, -84.20761108398438, 11.198887295377414
496, 14.962197303771973, -231.46006774902344, 0.0019098633201792836, 0.0, 0.0, -84.1733169555664, 11.132488852298271
497, 14.980483055114746, -231.64202880859375, 0.0012732435716316104, 0.0, 0.0, -84.14569091796875, 11.073071631471084
498, 14.99998664855957, -231.83560180664062, 0.0012732435716316104, 0.0, 0.0, -84.1196060180664, 11.009447636232212
499, 15.018247604370117, -232.016357421875, 0.0, 0.02500000037252903, 0.0, -84.09800720214844, 10.950297606132
500, 15.037898063659668, -232.2102813720703, 0.0, 0.07500000298023224, 0.0, -84.07762908935547, 10.887263323357375
501, 15.058466911315918, -232.41233825683594, 0.0, 0.07500000298023224, 0.0, -84.05841064453125, 10.823175786778636
502, 15.078482627868652, -232.6077423095703, 0.0038197184912860394, 0.15000000596046448, 0.0, -84.0405502319336, 10.76356209238699
503, 15.097211837768555, -232.7888641357422, 0.009549296461045742, 0.2250000238418579, 0.0, -84.02242279052734, 10.710732455771213
504, 15.11652946472168, -232.97364807128906, 0.01145915500819683, 0.2500000298023224, 0.0, -84.00121307373047, 10.660200563364043
505, 15.1349458694458, -233.147705078125, 0.015278873965144157, 0.30000004172325134, 0.0, -83.97759246826172, 10.616049007333602
506, 15.156564712524414, -233.3489227294922, 0.019098592922091484, 0.3500000536441803, 0.0, -83.94400787353516, 10.569598502806363
507, 15.1760892868042, -233.5277862548828, 0.02291831001639366, 0.40000006556510925, 0.0, -83.90774536132812, 10.533193837506769
508, 15.197697639465332, -233.72244262695312, 0.024828169494867325, 0.42500007152557373, 0.0, -83.86058807373047, 10.498845644422575
509, 15.219072341918945, -233.9116668701172, 0.02864788845181465, 0.4750000834465027, 0.0, -83.80648040771484, 10.470740484429438
510, 15.240456581115723, -234.09747314453125, 0.03246760740876198, 0.5250000357627869, 0.0, -83.74441528320312, 10.448555001154775
511, 15.263225555419922, -234.2919921875, 0.031194370239973068, 0.574999988079071, 0.0, -83.67088317871094, 10.431561132477569
512, 15.285162925720215, -234.47659301757812, 0.030557749792933464, 0.5999999642372131, 0.0, -83.59456634521484, 10.421489521116085
513, 15.30705451965332, -234.65850830078125, 0.029284512624144554, 0.6499999165534973, 0.0, -83.5143814086914, 10.417033620078133
514, 15.330117225646973, -234.8479461669922, 0.028011273592710495, 0.6999998688697815, 0.0, -83.42675018310547, 10.418326227895301
515, 15.35212516784668, -235.0267791748047, 0.02737465500831604, 0.7249998450279236, 0.0, -83.34107971191406, 10.425073528542717
516, 15.37586784362793, -235.2177734375, 0.02610141597688198, 0.7749997973442078, 0.0, -83.24739837646484, 10.437616622651714
517, 15.398308753967285, -235.39663696289062, 0.024828176945447922, 0.8249997496604919, 0.0, -83.15845489501953, 10.454602366892379
518, 15.420825004577637, -235.57449340820312, 0.024191558361053467, 0.849999725818634, 0.0, -83.06929779052734, 10.476333745527814
519, 15.446159362792969, -235.77276611328125, 0.022918321192264557, 0.8999996781349182, 0.0, -82.96983337402344, 10.505758558478998
520, 15.468524932861328, -235.94638061523438, 0.021645082160830498, 0.9499996304512024, 0.0, -82.88321685791016, 10.536352871879577
521, 15.49438762664795, -236.1453857421875, 0.021008463576436043, 0.9749996066093445, 0.0, -82.7848129272461, 10.576505910875994
522, 15.518383026123047, -236.32855224609375, 0.019735224545001984, 1.0249996185302734, 0.0, -82.69549560546875, 10.61803194312451
523, 15.54229736328125, -236.5096893310547, 0.018461985513567924, 1.0, 0.0, -82.60872650146484, 10.66281768231506
524, 15.567936897277832, -236.70233154296875, 0.01782536692917347, 1.0, 0.0, -82.51834869384766, 10.71360238934732
525, 15.59350299835205, -236.89295959472656, 0.01655212789773941, 1.0, 0.0, -82.43114471435547, 10.766472833170303
526, 15.620209693908691, -237.09056091308594, 0.015278889797627926, 1.0, 0.0, -82.34342193603516, 10.823432307818242
527, 15.645339965820312, -237.27517700195312, 0.014642269350588322, 1.0, 0.0, -82.2639389038086, 10.878245084433463
528, 15.672320365905762, -237.47142028808594, 0.018461987376213074, 1.0, 0.0, -82.1802978515625, 10.93767662253893
529, 15.70142650604248, -237.68040466308594, 0.0222817063331604, 1.0, 0.0, -82.08983612060547, 11.001945391914814
530, 15.727720260620117, -237.86692810058594, 0.021645087748765945, 1.0, 0.0, -82.0079345703125, 11.060198396985934
531, 15.755118370056152, -238.05921936035156, 0.020371848717331886, 1.0, 0.0, -81.92296600341797, 11.120899424066284
532, 15.783486366271973, -238.2564239501953, 0.018461991101503372, 1.0, 0.0, -81.8363265991211, 11.18367060520242
533, 15.811901092529297, -238.4521942138672, 0.017825372517108917, 1.0, 0.0, -81.75102996826172, 11.246323347161722
534, 15.841581344604492, -238.65493774414062, 0.016552133485674858, 1.0, 0.0, -81.66410827636719, 11.311448303214638
535, 15.871199607849121, -238.85560607910156, 0.015278895385563374, 1.0, 0.0, -81.57981872558594, 11.376071814802382
536, 15.900702476501465, -239.05401611328125, 0.01464227493852377, 1.0, 0.0, -81.4983901977539, 11.440005433971736
537, 15.930801391601562, -239.2549591064453, 0.013369034975767136, 1.0, 0.0, -81.41817474365234, 11.50475419444171
538, 15.95984935760498, -239.4475555419922, 0.012732414528727531, 1.0, 0.0, -81.34349060058594, 11.56675547949435
539, 15.99374008178711, -239.67063903808594, 0.011459174565970898, 1.0, 0.0, -81.26006317138672, 11.638433166321418
540, 16.0255126953125, -239.87843322753906, 0.010185934603214264, 1.0, 0.0, -81.18547821044922, 11.7050423745302
541, 16.05696678161621, -240.0829315185547, 0.008912693709135056, 1.0, 0.0, -81.11531829833984, 11.770414825486103
542, 16.091859817504883, -240.30838012695312, 0.008276074193418026, 1.0, 0.0, -81.0417709350586, 11.842211601746333
543, 16.125133514404297, -240.52212524414062, 0.0070028346963226795, 1.0, 0.0, -80.9756851196289, 11.910031995095299
544, 16.156463623046875, -240.72239685058594, 0.005729595199227333, 1.0, 0.0, -80.91725158691406, 11.9733325303362
545, 16.18971824645996, -240.9339141845703, 0.0050929756835103035, 1.0, 0.0, -80.85919189453125, 12.039903236834448
546, 16.22368049621582, -241.14895629882812, 0.003819736186414957, 1.0, 0.0, -80.8041000366211, 12.107271132529153
547, 16.259878158569336, -241.3771209716797, 0.002546496456488967, 1.0, 0.0, -80.75025177001953, 12.178399426897329
548, 16.29253387451172, -241.58216857910156, 0.0019098765915259719, 1.0, 0.0, -80.70555114746094, 12.24201344358595
549, 16.32622718811035, -241.79299926757812, 0.0019098765915259719, 1.0, 0.0, -80.66378784179688, 12.307119033239994
550, 16.3605899810791, -242.00733947753906, 0.0, 1.0, 0.0, -80.62535858154297, 12.372960798591388
551, 16.395301818847656, -242.2230987548828, 0.0, 1.0, 0.0, -80.59024810791016, 12.438902533498439
552, 16.432905197143555, -242.45594787597656, 0.0, 1.0, 0.0, -80.55606842041016, 12.509672614377415
553, 16.466726303100586, -242.6646270751953, 0.0, 1.0, 0.0, -80.52810668945312, 12.572771023578028
554, 16.506010055541992, -242.90591430664062, 0.0019098592456430197, 1.0, 0.0, -80.49803924560547, 12.645293173992446
555, 16.544185638427734, -243.1389617919922, 0.005729577504098415, 1.0, 0.0, -80.46891784667969, 12.71487199223974
556, 16.580760955810547, -243.360595703125, 0.009549296461045742, 1.0, 0.0, -80.4394302368164, 12.780605892731064
557, 16.62106704711914, -243.6027069091797, 0.013369014486670494, 1.0, 0.0, -80.40314483642578, 12.851889941407972
558, 16.661237716674805, -243.84182739257812, 0.015278873965144157, 1.0, 0.0, -80.36250305175781, 12.921878616207566
559, 16.69826316833496, -244.06021118164062, 0.019098592922091484, 1.0, 0.0, -80.32017517089844, 12.98533769273767
560, 16.73826789855957, -244.293701171875, 0.02291831001639366, 1.0, 0.0, -80.26795196533203, 13.052706820102765
561, 16.777299880981445, -244.51934814453125, 0.022281691431999207, 1.0, 0.0, -80.21134948730469, 13.117619364880085
562, 16.8175048828125, -244.7498321533203, 0.021008452400565147, 1.0, 0.0, -80.14842224121094, 13.183716453593803
563, 16.8612003326416, -244.9984130859375, 0.019735215231776237, 1.0, 0.0, -80.07614135742188, 13.254698421857887
564, 16.90325164794922, -245.23599243164062, 0.01846197620034218, 1.0, 0.0, -80.00407409667969, 13.32223271745346
565, 16.943668365478516, -245.46290588378906, 0.017825357615947723, 1.0, 0.0, -79.9330825805664, 13.386428527170482
566, 16.985668182373047, -245.6973419189453, 0.016552118584513664, 1.0, 0.0, -79.8583755493164, 13.452443648552444
567, 17.027118682861328, -245.92742919921875, 0.01591550000011921, 1.0, 0.0, -79.7841567993164, 13.516899503752926
568, 17.07316780090332, -246.18161010742188, 0.014642260037362576, 1.0, 0.0, -79.70191192626953, 13.587734224633316
569, 17.116226196289062, -246.41810607910156, 0.013369019143283367, 1.0, 0.0, -79.62577056884766, 13.653290533619927
570, 17.160036087036133, -246.65745544433594, 0.012732399627566338, 1.0, 0.0, -79.54948425292969, 13.719295668720912
571, 17.20747184753418, -246.91531372070312, 0.011459159664809704, 1.0, 0.0, -79.46861267089844, 13.790018839994293
572, 17.251676559448242, -247.1540985107422, 0.015278877690434456, 1.0, 0.0, -79.39353942871094, 13.855025991573289
573, 17.298839569091797, -247.4066925048828, 0.021008456125855446, 1.0, 0.0, -79.31114196777344, 13.923155702481681
574, 17.34867286682129, -247.67092895507812, 0.02291831374168396, 1.0, 0.0, -79.22038269042969, 13.993987603105573
575, 17.39431381225586, -247.91050720214844, 0.026738032698631287, 1.0, 0.0, -79.13309478759766, 14.057692009397478
576, 17.443058013916016, -248.16346740722656, 0.030557751655578613, 1.0, 0.0, -79.03418731689453, 14.124430530645096
577, 17.49180793762207, -248.41368103027344, 0.02992113307118416, 0.9750000238418579, 0.0, -78.93016052246094, 14.190163173194195
578, 17.539175033569336, -248.65440368652344, 0.0286478940397501, 0.9250000715255737, 0.0, -78.82528686523438, 14.2526466052945
579, 17.593896865844727, -248.9296875, 0.02737465687096119, 0.8750001192092896, 0.0, -78.70091247558594, 14.322291548231217
580, 17.64596939086914, -249.18911743164062, 0.026738036423921585, 0.8500001430511475, 0.0, -78.5802993774414, 14.385428902743076
581, 17.6956729888916, -249.4346160888672, 0.025464799255132675, 0.8000001907348633, 0.0, -78.46403503417969, 14.442680810203177
582, 17.751758575439453, -249.70916748046875, 0.024191560223698616, 0.7500002384185791, 0.0, -78.33241271972656, 14.503240975087085
583, 17.80483055114746, -249.96669006347656, 0.02355494163930416, 0.725000262260437, 0.0, -78.20804595947266, 14.55610365002941
584, 17.85418128967285, -250.20428466796875, 0.022281702607870102, 0.6750003099441528, 0.0, -78.09314727783203, 14.60136330658015
585, 17.905683517456055, -250.45033264160156, 0.021008465439081192, 0.6250003576278687, 0.0, -77.974609375, 14.644276036058045
586, 17.959674835205078, -250.70620727539062, 0.020371844992041588, 0.6000003814697266, 0.0, -77.8521499633789, 14.684241361645276
587, 18.015811920166016, -250.9700927734375, 0.019098607823252678, 0.5500004291534424, 0.0, -77.7273178100586, 14.720403011170175
588, 18.07142448425293, -251.2294464111328, 0.019098607823252678, 0.5500004291534424, 0.0, -77.60649108886719, 14.750422797648906
589, 18.13010025024414, -251.5008544921875, 0.017188750207424164, 0.4750004708766937, 0.0, -77.48246002197266, 14.775743601972914
590, 18.18859100341797, -251.76922607421875, 0.015915511175990105, 0.4000004529953003, 0.0, -77.36264038085938, 14.794457567310793
591, 18.248546600341797, -252.0418701171875, 0.019098609685897827, 0.35000044107437134, 0.0, -77.24234771728516, 14.806050833868852
592, 18.321361541748047, -252.369384765625, 0.022918328642845154, 0.3000004291534424, 0.0, -77.09711456298828, 14.809192793229805
593, 18.385141372680664, -252.65249633789062, 0.02673804759979248, 0.3000004291534424, 0.0, -76.96870422363281, 14.803648522357003
594, 18.448333740234375, -252.92950439453125, 0.030557764694094658, 0.35000044107437134, 0.0, -76.838623046875, 14.791861400291955
595, 18.516828536987305, -253.22593688964844, 0.034377481788396835, 0.4000004529953003, 0.0, -76.69327545166016, 14.77466771765415
596, 18.57732391357422, -253.48406982421875, 0.0362873375415802, 0.42500045895576477, 0.0, -76.56009674072266, 14.75781039813525
597, 18.63932991027832, -253.74546813964844, 0.03501410037279129, 0.4750004708766937, 0.0, -76.41993713378906, 14.740045682327178
598, 18.706235885620117, -254.0240936279297, 0.03374085947871208, 0.5250004529953003, 0.0, -76.26583099365234, 14.72170897458265
599, 18.767969131469727, -254.27835083007812, 0.03310424089431763, 0.5500004291534424, 0.0, -76.12189483642578, 14.70641041944483
600, 18.833078384399414, -254.54364013671875, 0.03183100372552872, 0.6000003814697266, 0.0, -75.96908569335938, 14.69244325259451
601, 18.904794692993164, -254.8328399658203, 0.030557764694094658, 0.6500003337860107, 0.0, -75.80066680908203, 14.680804664455847
602, 18.96925163269043, -255.08984375, 0.029284527525305748, 0.7000002861022949, 0.0, -75.64986419677734, 14.673909882110971
603, 19.03145408630371, -255.3354949951172, 0.028647907078266144, 0.725000262260437, 0.0, -75.5053482055664, 14.67106142757187
604, 19.102373123168945, -255.61280822753906, 0.027374669909477234, 0.7750002145767212, 0.0, -75.34243774414062, 14.672254582314055
605, 19.169925689697266, -255.8743896484375, 0.026101430878043175, 0.8250001668930054, 0.0, -75.18949127197266, 14.678322610224665
606, 19.233367919921875, -256.1178894042969, 0.02546481229364872, 0.8500001430511475, 0.0, -75.04800415039062, 14.688466040884279
607, 19.310462951660156, -256.41107177734375, 0.02419157326221466, 0.9000000953674316, 0.0, -74.8792953491211, 14.706521122924531
608, 19.378559112548828, -256.66748046875, 0.02291833609342575, 0.9500000476837158, 0.0, -74.73383331298828, 14.72725605181327
609, 19.446409225463867, -256.9208679199219, 0.021008478477597237, 1.0, 0.0, -74.5925064086914, 14.75287184486061
610, 19.524478912353516, -257.2099914550781, 0.020371858030557632, 1.0, 0.0, -74.43418884277344, 14.788369822579364
611, 19.59352684020996, -257.46343994140625, 0.019098620861768723, 1.0, 0.0, -74.2985610961914, 14.823627611131274
612, 19.66683578491211, -257.7303161621094, 0.017825381830334663, 0.9750000238418579, 0.0, -74.15917205810547, 14.864339103522372
613, 19.745365142822266, -258.0138854980469, 0.016552144661545753, 0.9250000715255737, 0.0, -74.01515197753906, 14.910283008532916
614, 19.822153091430664, -258.2889404296875, 0.01527890469878912, 0.8750001192092896, 0.0, -73.87966918945312, 14.95607808337994
615, 19.893592834472656, -258.54296875, 0.014642284251749516, 0.8500001430511475, 0.0, -73.75823974609375, 14.998426931770082
616, 19.970260620117188, -258.8136291503906, 0.013369044288992882, 0.8000001907348633, 0.0, -73.63309478759766, 15.042975660272644
617, 20.05173110961914, -259.09912109375, 0.012095804326236248, 0.7500002384185791, 0.0, -73.50605010986328, 15.08829715036626
618, 20.13665008544922, -259.3946533203125, 0.01082256343215704, 0.7000002861022949, 0.0, -73.37968444824219, 15.13216828525722
619, 20.21025276184082, -259.6489562988281, 0.01018594391644001, 0.6750003099441528, 0.0, -73.27569580078125, 15.167232387802
620, 20.292037963867188, -259.9296875, 0.008912703022360802, 0.6250003576278687, 0.0, -73.16603088378906, 15.202651580283414
621, 20.37042999267578, -260.1971435546875, 0.007639463525265455, 0.5750004053115845, 0.0, -73.06670379638672, 15.232407256914431
622, 20.447660446166992, -260.458984375, 0.008912703022360802, 0.5250004529953003, 0.0, -72.97354125976562, 15.257137440337198
623, 20.532550811767578, -260.7447509765625, 0.010822562500834465, 0.5000004768371582, 0.0, -72.87512969970703, 15.278830799865695
624, 20.612701416015625, -261.0125732421875, 0.014642281457781792, 0.45000046491622925, 0.0, -72.78410339355469, 15.293777248105592
625, 20.69437026977539, -261.28326416015625, 0.01846199855208397, 0.4000004529953003, 0.0, -72.69110107421875, 15.303191371106202
626, 20.781368255615234, -261.56903076171875, 0.022281717509031296, 0.35000044107437134, 0.0, -72.58989715576172, 15.306497578442597
627, 20.867469787597656, -261.8492126464844, 0.02419157698750496, 0.3750004470348358, 0.0, -72.48668670654297, 15.303213622866773
628, 20.959890365600586, -262.1473083496094, 0.028011295944452286, 0.42500045895576477, 0.0, -72.37145233154297, 15.294168023501882
629, 21.04422378540039, -262.4166259765625, 0.026738058775663376, 0.42500045895576477, 0.0, -72.26222229003906, 15.283397891405668
630, 21.141063690185547, -262.7234802246094, 0.024828201159834862, 0.35000044107437134, 0.0, -72.13411712646484, 15.267562966440684
631, 21.234952926635742, -263.0184631347656, 0.023554962128400803, 0.3000004291534424, 0.0, -72.0082015991211, 15.247587950679648
632, 21.326318740844727, -263.30322265625, 0.022281723096966743, 0.2500004172325134, 0.0, -71.88490295410156, 15.223723693266336
633, 21.410715103149414, -263.564453125, 0.02164510451257229, 0.22500041127204895, 0.0, -71.77098083496094, 15.197087439236622
634, 21.50490379333496, -263.8542175292969, 0.02037186548113823, 0.17500039935112, 0.0, -71.64440155029297, 15.162017877483606
635, 21.59160614013672, -264.11907958984375, 0.01909862831234932, 0.12500038743019104, 0.0, -71.5290756225586, 15.125144247927201
636, 21.685428619384766, -264.40386962890625, 0.01782538928091526, 0.07500039041042328, 0.0, -71.40621948242188, 15.079658805544698
637, 21.77370262145996, -264.6702575683594, 0.017188770696520805, 0.0500003919005394, 0.0, -71.29268646240234, 15.031306746472822
638, 21.8702392578125, -264.95989990234375, 0.015915531665086746, 3.915280046840053e-07, 0.0, -71.17097473144531, 14.972220987905384
639, 21.955890655517578, -265.21527099609375, 0.017188770696520805, 0.0, 0.0, -71.06499481201172, 14.914802544032261
640, 22.047155380249023, -265.48553466796875, 0.021008489653468132, 0.05000000074505806, 0.0, -70.95220184326172, 14.8500073160776
641, 22.144865036010742, -265.77276611328125, 0.02482820861041546, 0.10000000149011612, 0.0, -70.8296890258789, 14.777839293125849
642, 22.24256134033203, -266.0574645996094, 0.028647927567362785, 0.15000000596046448, 0.0, -70.70339965820312, 14.70477874914127
643, 22.334272384643555, -266.3222351074219, 0.03055778704583645, 0.17500001192092896, 0.0, -70.58023071289062, 14.636586629827809
644, 22.428552627563477, -266.5919189453125, 0.034377504140138626, 0.2250000238418579, 0.0, -70.44793701171875, 14.567579440651867
645, 22.520673751831055, -266.8529357910156, 0.034377504140138626, 0.2250000238418579, 0.0, -70.31201171875, 14.502269033372617
646, 22.61920166015625, -267.1294860839844, 0.039470456540584564, 0.3250000476837158, 0.0, -70.15966796875, 14.436026962798516
647, 22.71923065185547, -267.4075012207031, 0.038197219371795654, 0.3750000596046448, 0.0, -69.99834442138672, 14.373310650113307
648, 22.808448791503906, -267.65313720703125, 0.03628735989332199, 0.30000004172325134, 0.0, -69.85002899169922, 14.32090837396737
649, 22.906164169311523, -267.9197998046875, 0.03628735989332199, 0.27500003576278687, 0.0, -69.68392944335938, 14.26542747878118
650, 23.00161361694336, -268.1781005859375, 0.034377504140138626, 0.2250000238418579, 0.0, -69.51930236816406, 14.212279771911662
651, 23.09861946105957, -268.4384765625, 0.03310426324605942, 0.17500001192092896, 0.0, -69.35064697265625, 14.157951531437954
652, 23.18916893005371, -268.6796875, 0.03183102607727051, 0.125, 0.0, -69.1928482055664, 14.10593802228984
653, 23.285236358642578, -268.93365478515625, 0.031194407492876053, 0.10000000149011612, 0.0, -69.02555084228516, 14.048679734089127
654, 23.384376525878906, -269.1936950683594, 0.029921168461441994, 0.05000000447034836, 0.0, -68.85369873046875, 13.9869940322197
655, 23.482582092285156, -269.44927978515625, 0.028647931292653084, 4.0978194171259474e-09, 0.0, -68.68498992919922, 13.922544576283064
656, 23.578792572021484, -269.6979064941406, 0.027374692261219025, 0.0, 0.0, -68.52162170410156, 13.85548811978862
657, 23.67233657836914, -269.93792724609375, 0.026101453229784966, 0.0, 0.0, -68.3651123046875, 13.787592375495343
658, 23.774574279785156, -270.1985168457031, 0.024828216060996056, 0.0, 0.0, -68.19702911376953, 13.710757241829446
659, 23.87114143371582, -270.4427490234375, 0.0241915974766016, 0.0, 0.0, -68.0417251586914, 13.636409646373451
660, 23.968257904052734, -270.6866760253906, 0.02291835844516754, 0.0, 0.0, -67.88898468017578, 13.560098682742595
661, 24.063966751098633, -270.92547607421875, 0.021645119413733482, 0.0, 0.0, -67.74225616455078, 13.483668361180948
662, 24.162445068359375, -271.1695556640625, 0.020371882244944572, 0.0, 0.0, -67.5955581665039, 13.404015564093147
663, 24.26378059387207, -271.4191589355469, 0.019098643213510513, 0.0, 0.0, -67.44905090332031, 13.321135483248646
664, 24.351797103881836, -271.6344909667969, 0.01846202462911606, 0.0, 0.0, -67.32598876953125, 13.24863767113366
665, 24.453908920288086, -271.8829345703125, 0.017188785597682, 0.0, 0.0, -67.1878433227539, 13.164016710667356
666, 24.551517486572266, -272.11883544921875, 0.01591554656624794, 0.0, 0.0, -67.06124877929688, 13.082792426134407
667, 24.649320602416992, -272.3538513183594, 0.014005687087774277, 0.0, 0.0, -66.93994903564453, 13.001150967887638
668, 24.741777420043945, -272.5748291015625, 0.013369066640734673, 0.0, 0.0, -66.83030700683594, 12.923794128196798
669, 24.83712387084961, -272.8014831542969, 0.012095826677978039, 0.0, 0.0, -66.72254180908203, 12.84391281257803
670, 24.93947410583496, -273.0436706542969, 0.010822586715221405, 0.0, 0.0, -66.61255645751953, 12.758109050990159
671, 25.030607223510742, -273.2581481933594, 0.009549346752464771, 0.05000000074505806, 0.0, -66.52041625976562, 12.682477539591629
672, 25.119707107543945, -273.46697998046875, 0.008276105858385563, 0.10000000149011612, 0.0, -66.43545532226562, 12.609740669211504
673, 25.221221923828125, -273.703857421875, 0.007639486342668533, 0.125, 0.0, -66.34442901611328, 12.52941071408656
674, 25.318689346313477, -273.93023681640625, 0.006366247311234474, 0.17500001192092896, 0.0, -66.26358795166016, 12.454907289265925
675, 25.40774154663086, -274.13629150390625, 0.005093007814139128, 0.2250000238418579, 0.0, -66.19505310058594, 12.390121075775669
676, 25.50149917602539, -274.35247802734375, 0.0038197683170437813, 0.27500003576278687, 0.0, -66.12871551513672, 12.325909578008634
677, 25.5982666015625, -274.5748291015625, 0.002546528587117791, 0.3250000476837158, 0.0, -66.06658935546875, 12.264628183644136
678, 25.7017765045166, -274.8119812011719, 0.001909908838570118, 0.3500000536441803, 0.0, -66.00652313232422, 12.205570327415133
679, 25.7900390625, -275.0135498046875, 0.0, 0.40000006556510925, 0.0, -65.96138000488281, 12.159856299656347
680, 25.881046295166016, -275.22088623046875, 0.0, 0.4500000774860382, 0.0, -65.9201889038086, 12.117947022789663
681, 25.976707458496094, -275.438232421875, 0.0, 0.5250000357627869, 0.0, -65.88212585449219, 12.08014007325082
682, 26.073898315429688, -275.65850830078125, 0.0, 0.574999988079071, 0.0, -65.84835052490234, 12.049269471177453
683, 26.157787322998047, -275.84820556640625, 0.0, 0.5999999642372131, 0.0, -65.82258605957031, 12.029071057907993
684, 26.248111724853516, -276.0520324707031, 0.0, 0.6499999165534973, 0.0, -65.798095703125, 12.01339568723791
685, 26.349220275878906, -276.27972412109375, 0.0, 0.6999998688697815, 0.0, -65.77388763427734, 12.004181650649654
686, 26.43939971923828, -276.48236083984375, 0.0, 0.7499998211860657, 0.0, -65.75519561767578, 12.002585319732145
687, 26.528575897216797, -276.6824035644531, 0.0, 0.7749997973442078, 0.0, -65.73884582519531, 12.007450547627647
688, 26.622602462768555, -276.8929748535156, 0.0, 0.8249997496604919, 0.0, -65.72364807128906, 12.018832157785733
689, 26.718421936035156, -277.1070861816406, 0.0038197184912860394, 0.8749997019767761, 0.0, -65.70820617675781, 12.036996188053688
690, 26.806312561035156, -277.3029479980469, 0.007639436982572079, 0.9249996542930603, 0.0, -65.69215393066406, 12.05949525891269
691, 26.90487289428711, -277.5218811035156, 0.009549296461045742, 0.9499996304512024, 0.0, -65.67061614990234, 12.09085366502737
692, 26.994789123535156, -277.7209167480469, 0.013369014486670494, 0.9999995827674866, 0.0, -65.64649200439453, 12.124820516893509
693, 27.08616828918457, -277.9224853515625, 0.01718873344361782, 1.0, 0.0, -65.61613464355469, 12.164119765019183
694, 27.17531394958496, -278.1183166503906, 0.021008450537919998, 0.9750000238418579, 0.0, -65.5797348022461, 12.20603956754243
695, 27.269655227661133, -278.32464599609375, 0.02291831001639366, 0.9500000476837158, 0.0, -65.53340911865234, 12.252969631823134
696, 27.357879638671875, -278.51690673828125, 0.02164507284760475, 0.9000000953674316, 0.0, -65.48414611816406, 12.298422889054445
697, 27.45603370666504, -278.7301025390625, 0.020371833816170692, 0.8500001430511475, 0.0, -65.42389678955078, 12.349230821215542
698, 27.544673919677734, -278.92205810546875, 0.019735215231776237, 0.8250001668930054, 0.0, -65.36579132080078, 12.394425774340494
699, 27.632352828979492, -279.11151123046875, 0.01846197620034218, 0.7750002145767212, 0.0, -65.30567932128906, 12.438010594363499
700, 27.722675323486328, -279.30615234375, 0.017825357615947723, 0.7500002384185791, 0.0, -65.24165344238281, 12.481057871381752
701, 27.81378936767578, -279.50213623046875, 0.016552118584513664, 0.7000002861022949, 0.0, -65.17569732666016, 12.522239089989869
702, 27.910306930541992, -279.7092590332031, 0.015278879553079605, 0.6500003337860107, 0.0, -65.10523986816406, 12.562711053195144
703, 28.004596710205078, -279.91119384765625, 0.015278879553079605, 0.6500003337860107, 0.0, -65.03620910644531, 12.598584662209754
704, 28.100894927978516, -280.11700439453125, 0.013369019143283367, 0.5750004053115845, 0.0, -64.96619415283203, 12.631374506450179
705, 28.192949295043945, -280.3133850097656, 0.012095779180526733, 0.5250004529953003, 0.0, -64.9002914428711, 12.658523038073044
706, 28.28834342956543, -280.5165100097656, 0.011459159664809704, 0.5000004768371582, 0.0, -64.83330535888672, 12.68206621934276
707, 28.3876953125, -280.7276611328125, 0.011459159664809704, 0.5000004768371582, 0.0, -64.7655258178711, 12.701592676324925
708, 28.487140655517578, -280.9386291503906, 0.008912678807973862, 0.4000004529953003, 0.0, -64.70010375976562, 12.71554072415137
709, 28.59227752685547, -281.1612548828125, 0.007639438845217228, 0.32500043511390686, 0.0, -64.63417053222656, 12.723674772607982
710, 28.728111267089844, -281.4483642578125, 0.005729580298066139, 0.2750004231929779, 0.0, -64.55458068847656, 12.722429214667626
711, 28.83446502685547, -281.6727600097656, 0.004456340800970793, 0.22500041127204895, 0.0, -64.49730682373047, 12.713061671338115
712, 28.953519821166992, -281.9235534667969, 0.0031831010710448027, 0.17500039935112, 0.0, -64.43822479248047, 12.693195975234707
713, 29.058916091918945, -282.1452331542969, 0.0019098614575341344, 0.12500038743019104, 0.0, -64.39115905761719, 12.668519608349628
714, 29.16303062438965, -282.3639221191406, 0.0012732415925711393, 0.10000038892030716, 0.0, -64.34919738769531, 12.637336652717721
715, 29.26642417907715, -282.58087158203125, 0.0, -0.02499960921704769, 0.0, -64.31208801269531, 12.599966533474547
716, 29.46331787109375, -282.99322509765625, 0.0, 0.0, 0.0, -64.25270080566406, 12.510005471829425
717, 29.523014068603516, -283.1180725097656, 0.0, 0.0, 0.0, -64.2370834350586, 12.478570711101217
718, 29.6212100982666, -283.3232116699219, 0.0, 0.0, 0.0, -64.2140121459961, 12.424090535881717
719, 29.728849411010742, -283.5478210449219, 0.0, 0.0, 0.0, -64.19161224365234, 12.360289908582235
720, 29.83537483215332, -283.769775390625, 0.0, 0.0, 0.0, -64.17245483398438, 12.294088297691784
721, 29.93656349182129, -283.9803771972656, 0.0, 0.0, 0.0, -64.15650939941406, 12.228609772940013
722, 30.032543182373047, -284.1799011230469, 0.0, 0.0, 0.0, -64.14329528808594, 12.164566595101995
723, 30.137258529663086, -284.3973693847656, 0.0, 0.0, 0.0, -64.13079071044922, 12.092939592477471
724, 30.232797622680664, -284.5955810546875, 0.0, 0.02500000037252903, 0.0, -64.12089538574219, 12.026812655391367
725, 30.333192825317383, -284.8036804199219, 0.0, 0.07500000298023224, 0.0, -64.11197662353516, 11.95698112109615
726, 30.4440860748291, -285.0333251953125, 0.0, 0.125, 0.0, -64.10356140136719, 11.881105194967368
727, 30.54738426208496, -285.2468566894531, 0.005729577504098415, 0.20000001788139343, 0.0, -64.09468078613281, 11.812787467139085
728, 30.647968292236328, -285.4542236328125, 0.009549296461045742, 0.2500000298023224, 0.0, -64.08216094970703, 11.74962958346225
729, 30.742889404296875, -285.6493835449219, 0.01145915500819683, 0.27500003576278687, 0.0, -64.06620025634766, 11.694103062673477
730, 30.83473014831543, -285.8376770019531, 0.015278873965144157, 0.3250000476837158, 0.0, -64.04564666748047, 11.644273698285305
731, 30.93375587463379, -286.0399475097656, 0.019098592922091484, 0.3750000596046448, 0.0, -64.01606750488281, 11.59539146099464
732, 31.027099609375, -286.2298889160156, 0.021008450537919998, 0.40000006556510925, 0.0, -63.98102951049805, 11.554450000409576
733, 31.12608528137207, -286.4305114746094, 0.024828169494867325, 0.4500000774860382, 0.0, -63.935020446777344, 11.516260526419137
734, 31.223966598510742, -286.6279296875, 0.02864788845181465, 0.5000000596046448, 0.0, -63.87965393066406, 11.484348274119894
735, 31.32576560974121, -286.83221435546875, 0.03246760740876198, 0.550000011920929, 0.0, -63.81062316894531, 11.457627782914974
736, 31.42142105102539, -287.023193359375, 0.03374084457755089, 0.5999999642372131, 0.0, -63.73571014404297, 11.439030361548708
737, 31.52165412902832, -287.22235107421875, 0.03310422599315643, 0.6249999403953552, 0.0, -63.64793395996094, 11.426237088402033
738, 31.61997413635254, -287.4168701171875, 0.03183098882436752, 0.6749998927116394, 0.0, -63.5544548034668, 11.420120445428704
739, 31.71381187438965, -287.6018371582031, 0.030557749792933464, 0.7249998450279236, 0.0, -63.45996856689453, 11.420416774451157
740, 31.80722999572754, -287.7853088378906, 0.029284512624144554, 0.7749997973442078, 0.0, -63.362144470214844, 11.426613553787485
741, 31.915550231933594, -287.9973449707031, 0.02864789217710495, 0.7999997735023499, 0.0, -63.2451286315918, 11.441185943413657
742, 32.01638412475586, -288.1939697265625, 0.02737465500831604, 0.849999725818634, 0.0, -63.13362121582031, 11.460458329663446
743, 32.11243438720703, -288.3806457519531, 0.025464797392487526, 0.9249996542930603, 0.0, -63.02643966674805, 11.484489718720686
744, 32.206520080566406, -288.56292724609375, 0.026738036423921585, 0.9749996066093445, 0.0, -62.92047882080078, 11.513647738822696
745, 32.31324005126953, -288.7688293457031, 0.030557755380868912, 1.0249996185302734, 0.0, -62.79764938354492, 11.553415565570983
746, 32.40944290161133, -288.95343017578125, 0.032467614859342575, 1.0, 0.0, -62.683387756347656, 11.593837520292247
747, 32.514034271240234, -289.1530456542969, 0.0362873300909996, 1.0, 0.0, -62.55411911010742, 11.641690927844047
748, 32.61844253540039, -289.3509826660156, 0.04010704532265663, 1.0, 0.0, -62.41868591308594, 11.692658654825655
749, 32.73310470581055, -289.5669250488281, 0.04392676055431366, 1.0, 0.0, -62.2619514465332, 11.751613251996433
750, 32.82949447631836, -289.74713134765625, 0.043290141969919205, 1.0, 0.0, -62.123748779296875, 11.803037974892453
751, 32.94322204589844, -289.9585266113281, 0.042016901075839996, 1.0, 0.0, -61.955528259277344, 11.865656020917339
752, 33.05316162109375, -290.1614685058594, 0.040743663907051086, 1.0, 0.0, -61.78852462768555, 11.927414776821939
753, 33.15997314453125, -290.35748291015625, 0.039470426738262177, 0.9750000238418579, 0.0, -61.62372589111328, 11.988272189843563
754, 33.2623405456543, -290.5443420410156, 0.03883380815386772, 0.9500000476837158, 0.0, -61.4642333984375, 12.046636802215202
755, 33.37877655029297, -290.7556457519531, 0.03756056725978851, 0.9000000953674316, 0.0, -61.28191375732422, 12.112256299683203
756, 33.48584747314453, -290.9488830566406, 0.0362873300909996, 0.8500001430511475, 0.0, -61.114322662353516, 12.170909437126287
757, 33.599124908447266, -291.1521911621094, 0.03501409292221069, 0.8000001907348633, 0.0, -60.937744140625, 12.23036947877364
758, 33.71366500854492, -291.35662841796875, 0.03437747433781624, 0.7750002145767212, 0.0, -60.76052474975586, 12.287118898761877
759, 33.83252716064453, -291.56756591796875, 0.03310423344373703, 0.725000262260437, 0.0, -60.578582763671875, 12.342246501194534
760, 33.944820404052734, -291.7657470703125, 0.03183099627494812, 0.6750003099441528, 0.0, -60.40896224975586, 12.390162513508958
761, 34.05742263793945, -291.96337890625, 0.03055775724351406, 0.6250003576278687, 0.0, -60.24171829223633, 12.433701556612146
762, 34.17973709106445, -292.17694091796875, 0.03055775724351406, 0.6250003576278687, 0.0, -60.0637092590332, 12.475474285701875
763, 34.30215072631836, -292.38934326171875, 0.028647899627685547, 0.5500004291534424, 0.0, -59.88945770263672, 12.511147164691378
764, 34.412139892578125, -292.5792236328125, 0.027374662458896637, 0.4750004708766937, 0.0, -59.73632049560547, 12.537867361625054
765, 34.54035186767578, -292.7994384765625, 0.025464804843068123, 0.42500045895576477, 0.0, -59.56248474121094, 12.561542600238058
766, 34.662899017333984, -293.0086669921875, 0.024191565811634064, 0.3750004470348358, 0.0, -59.40189743041992, 12.577357401147175
767, 34.77476119995117, -293.1986999511719, 0.02355494722723961, 0.35000044107437134, 0.0, -59.25968933105469, 12.585303522605544
768, 34.9030876159668, -293.4156494140625, 0.02228170819580555, 0.3000004291534424, 0.0, -59.10155487060547, 12.586898445851975
769, 35.027462005615234, -293.62469482421875, 0.02100847102701664, 0.2500004172325134, 0.0, -58.95426940917969, 12.581650877062536
770, 35.15178298950195, -293.8326110839844, 0.01973523199558258, 0.20000040531158447, 0.0, -58.812599182128906, 12.569103050195125
771, 35.26959228515625, -294.0287170410156, 0.01846199296414852, 0.15000039339065552, 0.0, -58.68357467651367, 12.550481781457599
772, 35.40779113769531, -294.2577209472656, 0.01718875579535961, 0.10000038892030716, 0.0, -58.53836441040039, 12.520064242073309
773, 35.53703689575195, -294.47076416015625, 0.015915516763925552, 0.0500003919005394, 0.0, -58.40934371948242, 12.484441722968514
774, 35.65348815917969, -294.6618957519531, 0.015278897248208523, 0.02500039152801037, 0.0, -58.29804611206055, 12.445984140446955
775, 35.76871109008789, -294.85028076171875, 0.014005656354129314, -0.02499960921704769, 0.0, -58.19263458251953, 12.402827519204068
776, 35.90190505981445, -295.0671691894531, 0.01273241639137268, 0.0, 0.0, -58.076454162597656, 12.34692239185968
777, 36.029624938964844, -295.2742614746094, 0.011459176428616047, 0.05000000074505806, 0.0, -57.971561431884766, 12.289590985313074
778, 36.14399719238281, -295.45904541015625, 0.010822555981576443, 0.07500000298023224, 0.0, -57.88245391845703, 12.236030278997053
779, 36.264522552490234, -295.6531066894531, 0.009549316018819809, 0.125, 0.0, -57.7937126159668, 12.178554719384875
780, 36.39316177368164, -295.8595886230469, 0.008276076056063175, 0.17500001192092896, 0.0, -57.70450973510742, 12.117602434080617
781, 36.50508499145508, -296.03863525390625, 0.007002836558967829, 0.2250000238418579, 0.0, -57.632205963134766, 12.065826665799058
782, 36.62161636352539, -296.2244567871094, 0.008912695571780205, 0.2500000298023224, 0.0, -57.561004638671875, 12.014020141278202
783, 36.74639129638672, -296.4226379394531, 0.012732414528727531, 0.30000004172325134, 0.0, -57.48700714111328, 11.961388206974862
784, 36.86568832397461, -296.6112976074219, 0.01655213162302971, 0.3500000536441803, 0.0, -57.41623306274414, 11.914713192168481
785, 36.97925567626953, -296.7900085449219, 0.020371850579977036, 0.40000006556510925, 0.0, -57.347015380859375, 11.874239655262627
786, 37.10380172729492, -296.9848937988281, 0.024191569536924362, 0.4500000774860382, 0.0, -57.26713180541992, 11.83478496134704
787, 37.21802520751953, -297.1627197265625, 0.026101429015398026, 0.4750000834465027, 0.0, -57.189605712890625, 11.80369360513973
788, 37.33783721923828, -297.3481750488281, 0.029921147972345352, 0.5250000357627869, 0.0, -57.1026611328125, 11.77603697891938
789, 37.464900970458984, -297.54364013671875, 0.03374086692929268, 0.574999988079071, 0.0, -57.00269317626953, 11.75271542178893
790, 37.59546661376953, -297.74334716796875, 0.031831007450819016, 0.550000011920929, 0.0, -56.89362335205078, 11.735652799918785
791, 37.70728302001953, -297.91351318359375, 0.03119438886642456, 0.5250000357627869, 0.0, -56.79559326171875, 11.72441840198827
792, 37.83297348022461, -298.1038513183594, 0.0299211498349905, 0.4750000536441803, 0.0, -56.68167495727539, 11.714065841356618
793, 37.95970916748047, -298.294921875, 0.02864791266620159, 0.42500004172325134, 0.0, -56.56412887573242, 11.704204573966702
794, 38.075679779052734, -298.4690856933594, 0.027374673634767532, 0.3750000298023224, 0.0, -56.45513916015625, 11.69429213246238
795, 38.19375228881836, -298.6457214355469, 0.026738055050373077, 0.3500000238418579, 0.0, -56.34341812133789, 11.682387214170499
796, 38.320316314697266, -298.8343200683594, 0.025464816018939018, 0.30000001192092896, 0.0, -56.22349166870117, 11.667138937768632
797, 38.4531135559082, -299.0314636230469, 0.02419157698750496, 0.25, 0.0, -56.09821319580078, 11.647017023332454
798, 38.57767868041992, -299.2156982421875, 0.02291833981871605, 0.19999998807907104, 0.0, -55.98200607299805, 11.624283312630004
799, 38.69520950317383, -299.3889465332031, 0.022281719371676445, 0.17499998211860657, 0.0, -55.87376022338867, 11.598709221552612
800, 38.82501983642578, -299.57958984375, 0.021008482202887535, 0.12499997764825821, 0.0, -55.756263732910156, 11.56599692847716
801, 38.9459228515625, -299.756591796875, 0.019735243171453476, 0.07499998062849045, 0.0, -55.649147033691406, 11.530696301896748
802, 39.06642150878906, -299.93243408203125, 0.018462006002664566, 0.024999981746077538, 0.0, -55.54508590698242, 11.490597444265966
803, 39.19479751586914, -300.11920166015625, 0.017188766971230507, 0.0, 0.0, -55.43758010864258, 11.44204437187627
804, 39.321815490722656, -300.3034362792969, 0.015915527939796448, 0.0, 0.0, -55.33491516113281, 11.388959079478505
805, 39.447261810302734, -300.4848327636719, 0.015278908424079418, 0.0, 0.0, -55.237144470214844, 11.33256424422793
806, 39.564640045166016, -300.6540832519531, 0.014005668461322784, 0.0, 0.0, -55.14903259277344, 11.276877544524595
807, 39.692562103271484, -300.8380432128906, 0.012732427567243576, 0.0, 0.0, -55.05723571777344, 11.213654772426079
808, 39.8076171875, -301.0030517578125, 0.011459187604486942, 0.0, 0.0, -54.97850799560547, 11.154866856110017
809, 39.927978515625, -301.1752624511719, 0.010822567157447338, 0.0, 0.0, -54.90019226074219, 11.09181620456676
810, 40.052921295166016, -301.353515625, 0.012095807120203972, 0.0, 0.0, -54.822227478027344, 11.02497569552377
811, 40.178749084472656, -301.5323486328125, 0.01591552421450615, 0.0, 0.0, -54.74492645263672, 10.956486528659322
812, 40.41072082519531, -301.86004638671875, 0.019735243171453476, 0.0, 0.0, -54.59777069091797, 10.827926310058281
813, 40.535213470458984, -302.0345458984375, 0.02737468108534813, 0.0, 0.0, -54.512386322021484, 10.758050334480352
814, 40.6504020690918, -302.1952209472656, 0.029284540563821793, 0.0, 0.0, -54.42839813232422, 10.693064982762586
815, 40.76232147216797, -302.3505859375, 0.028011301532387733, 0.0, 0.0, -54.34292221069336, 10.629775870597534
816, 40.88771057128906, -302.52398681640625, 0.02610144391655922, 0.0, 0.0, -54.24428939819336, 10.55876119755183
817, 41.01153564453125, -302.69451904296875, 0.02482820674777031, 0.0, 0.0, -54.14486312866211, 10.488536772387919
818, 41.12387466430664, -302.8486328125, 0.024191586300730705, 0.0, 0.0, -54.053497314453125, 10.424734155878319
819, 41.23512268066406, -303.0008239746094, 0.022918349131941795, 0.0, 0.0, -53.96270751953125, 10.361528119578304
820, 41.35484313964844, -303.1640319824219, 0.021645110100507736, 0.0, 0.0, -53.86538314819336, 10.293492052439047
821, 41.47358322143555, -303.3254089355469, 0.020371872931718826, 0.0, 0.0, -53.76993179321289, 10.22602562055499
822, 41.58176040649414, -303.4720458984375, 0.019098633900284767, 0.0, 0.0, -53.68438720703125, 10.164586139346133
823, 41.703372955322266, -303.636474609375, 0.017825394868850708, 0.0, 0.0, -53.590335845947266, 10.095582897662837
824, 41.82236862182617, -303.796875, 0.017188776284456253, 0.0, 0.0, -53.500892639160156, 10.02804199447613
825, 41.935340881347656, -303.9488220214844, 0.015915537253022194, 0.0, 0.0, -53.418521881103516, 9.963971829085423
826, 42.041439056396484, -304.0911865234375, 0.01464229729026556, 0.0, 0.0, -53.34379577636719, 9.903849675705617
827, 42.1568603515625, -304.2456970214844, 0.013369057327508926, 0.0, 0.0, -53.26585388183594, 9.838480968826053
828, 42.26560974121094, -304.3909606933594, 0.012732437811791897, 0.0, 0.0, -53.19553756713867, 9.776938525463168
829, 42.37336730957031, -304.53466796875, 0.011459196917712688, 0.05000000074505806, 0.0, -53.129066467285156, 9.716879132879852
830, 42.48972702026367, -304.68951416015625, 0.010185956954956055, 0.10000000149011612, 0.0, -53.06095504760742, 9.653905266690607
831, 42.605735778808594, -304.8436279296875, 0.008912716992199421, 0.15000000596046448, 0.0, -52.99726867675781, 9.594037972050526
832, 42.713035583496094, -304.98590087890625, 0.008276096545159817, 0.17500001192092896, 0.0, -52.94239807128906, 9.541697831055817
833, 42.82094955444336, -305.1288146972656, 0.007002857513725758, 0.2250000238418579, 0.0, -52.8910026550293, 9.492603887782037
834, 42.93893051147461, -305.2848205566406, 0.005729618016630411, 0.27500003576278687, 0.0, -52.83913040161133, 9.444168773039022
835, 43.04850387573242, -305.4295349121094, 0.0038197587709873915, 0.3500000536441803, 0.0, -52.7959098815918, 9.404013370497273
836, 43.15205001831055, -305.5661926269531, 0.0025465190410614014, 0.40000006556510925, 0.0, -52.75945281982422, 9.37183450863231
837, 43.26056671142578, -305.7092590332031, 0.00190989940892905, 0.42500007152557373, 0.0, -52.725685119628906, 9.344202196635393
838, 43.36871337890625, -305.8517761230469, 0.0, 0.4750000834465027, 0.0, -52.69685363769531, 9.32265917147069
839, 43.47111129760742, -305.98663330078125, 0.0, 0.5250000357627869, 0.0, -52.67350387573242, 9.308120537112343
840, 43.578086853027344, -306.1274108886719, 0.0, 0.574999988079071, 0.0, -52.65275192260742, 9.299140187803358
841, 43.68548583984375, -306.2686767578125, 0.0, 0.5999999642372131, 0.0, -52.63508224487305, 9.296532948026845
842, 43.79798889160156, -306.41650390625, 0.0, 0.6499999165534973, 0.0, -52.61945343017578, 9.300043742954669
843, 43.90160369873047, -306.5525817871094, 0.0, 0.6999998688697815, 0.0, -52.60713577270508, 9.309094419298583
844, 44.00813293457031, -306.6924133300781, 0.0, 0.7499998211860657, 0.0, -52.5963020324707, 9.32406910955935
845, 44.12186050415039, -306.8415832519531, 0.0, 0.7999997735023499, 0.0, -52.58622741699219, 9.346784580864993
846, 44.239402770996094, -306.9957275390625, 0.0, 0.849999725818634, 0.0, -52.57728958129883, 9.37682187795185
847, 44.34132766723633, -307.1292419433594, 0.0, 0.8749997019767761, 0.0, -52.5705680847168, 9.407759381520316
848, 44.456722259521484, -307.28033447265625, 0.0, 0.9249996542930603, 0.0, -52.56382369995117, 9.448439029989368
849, 44.56813430786133, -307.4260559082031, 0.0038197184912860394, 0.9749996066093445, 0.0, -52.55635452270508, 9.492613445624857
850, 44.68272018432617, -307.57568359375, 0.007639436982572079, 1.0249996185302734, 0.0, -52.54536819458008, 9.543308961325444
851, 44.803279876708984, -307.7326965332031, 0.01145915500819683, 1.0, 0.0, -52.52882766723633, 9.601766462446475
852, 44.906951904296875, -307.8674011230469, 0.013369014486670494, 1.0, 0.0, -52.50934982299805, 9.654753092716867
853, 45.02935791015625, -308.02606201171875, 0.01718873344361782, 1.0, 0.0, -52.47963333129883, 9.71995203184093
854, 45.14860916137695, -308.1799621582031, 0.021008450537919998, 1.0, 0.0, -52.44160079956055, 9.785097707382318
855, 45.26382827758789, -308.32818603515625, 0.024828169494867325, 1.0, 0.0, -52.396034240722656, 9.849292491946379
856, 45.37313461303711, -308.4682922363281, 0.025464791804552078, 1.0, 0.0, -52.34547424316406, 9.911147726797054
857, 45.50162887573242, -308.6325378417969, 0.02419155277311802, 1.0, 0.0, -52.27904510498047, 9.984847203164993
858, 45.627620697021484, -308.79315185546875, 0.02291831374168396, 1.0, 0.0, -52.20817184448242, 10.057690391434097
859, 45.73890686035156, -308.9346618652344, 0.022281695157289505, 1.0, 0.0, -52.1418342590332, 10.12221224349184
860, 45.854652404785156, -309.08160400390625, 0.021008457988500595, 0.9750000238418579, 0.0, -52.070491790771484, 10.18930177058023
861, 45.986507415771484, -309.2486572265625, 0.019735218957066536, 0.9250000715255737, 0.0, -51.98759841918945, 10.264711289414908
862, 46.11690139770508, -309.41363525390625, 0.018461979925632477, 0.8750001192092896, 0.0, -51.9048957824707, 10.33704122346498
863, 46.236873626708984, -309.5650634765625, 0.017825361341238022, 0.8500001430511475, 0.0, -51.828758239746094, 10.401077336842752
864, 46.36906051635742, -309.731689453125, 0.016552122309803963, 0.8000001907348633, 0.0, -51.74547576904297, 10.46814732401292
865, 46.49871826171875, -309.8948059082031, 0.015278883278369904, 0.7500002384185791, 0.0, -51.66526412963867, 10.53012289833848
866, 46.63578414916992, -310.0670166015625, 0.01400564331561327, 0.7000002861022949, 0.0, -51.582481384277344, 10.590229246346698
867, 46.7549934387207, -310.2165222167969, 0.012732403352856636, 0.6500003337860107, 0.0, -51.51277160644531, 10.638100470063936
868, 46.878231048583984, -310.3708801269531, 0.011459163390100002, 0.6000003814697266, 0.0, -51.4433479309082, 10.682626601111217
869, 47.014320373535156, -310.54107666015625, 0.010822542943060398, 0.5750004053115845, 0.0, -51.36964416503906, 10.725292558903154
870, 47.15272521972656, -310.7138671875, 0.009549302980303764, 0.5250004529953003, 0.0, -51.29835510253906, 10.762270449354128
871, 47.276981353759766, -310.8688049316406, 0.008276062086224556, 0.4750004708766937, 0.0, -51.2380256652832, 10.790012697048281
872, 47.40024948120117, -311.02227783203125, 0.007002823054790497, 0.42500045895576477, 0.0, -51.18171310424805, 10.811734573359661
873, 47.543373107910156, -311.2002868652344, 0.007002823054790497, 0.42500045895576477, 0.0, -51.12080383300781, 10.82895887139371
874, 47.68401336669922, -311.37493896484375, 0.005729584023356438, 0.3750004470348358, 0.0, -51.066001892089844, 10.837797623492028
875, 47.808128356933594, -311.5289306640625, 0.003819724777713418, 0.3000004291534424, 0.0, -51.02203369140625, 10.839420208466267
876, 47.94465637207031, -311.6981506347656, 0.002546485047787428, 0.2500004172325134, 0.0, -50.97795104980469, 10.83396627921082
877, 48.067527770996094, -311.8503112792969, 0.0, 0.17500039935112, 0.0, -50.94331741333008, 10.82316460610257
878, 48.20622634887695, -312.02197265625, 0.0, 0.12500038743019104, 0.0, -50.90907669067383, 10.80270704197604
879, 48.34079360961914, -312.1883850097656, 0.0, 0.07500039041042328, 0.0, -50.8807487487793, 10.775789413324356
880, 48.470359802246094, -312.3484802246094, 0.0, 0.02500039152801037, 0.0, -50.85720443725586, 10.742741442656891
881, 48.591697692871094, -312.4982604980469, 0.0, 3.915280046840053e-07, 0.0, -50.83794403076172, 10.705651640378429
882, 48.72826385498047, -312.6667175292969, 0.0, 0.0, 0.0, -50.81904220581055, 10.657167052002272
883, 48.85567092895508, -312.82373046875, 0.0, 0.0, 0.0, -50.8040885925293, 10.60763185728744
884, 48.98122787475586, -312.9783630371094, 0.0, 0.0, 0.0, -50.7913932800293, 10.55526101276781
885, 49.11482620239258, -313.14276123046875, 0.0, 0.0, 0.0, -50.77980422973633, 10.496289184788884
886, 49.24729537963867, -313.3056640625, 0.0, 0.0, 0.0, -50.77006530761719, 10.43533301663406
887, 49.377079010009766, -313.4651184082031, 0.0, 0.0, 0.0, -50.76222610473633, 10.373752476865288
888, 49.50452423095703, -313.62164306640625, 0.0, 0.0, 0.0, -50.75578308105469, 10.311718213359644
889, 49.625648498535156, -313.7702941894531, 0.0, 0.0, 0.0, -50.750755310058594, 10.251598080994954
890, 49.75436782836914, -313.9281921386719, 0.0, 0.0, 0.0, -50.746421813964844, 10.186708813036885
891, 49.87139129638672, -314.07171630859375, 0.0, 0.0, 0.0, -50.74324035644531, 10.126979467909166
892, 49.99314498901367, -314.220947265625, 0.0, 0.0, 0.0, -50.74064636230469, 10.064230430691454
893, 50.119354248046875, -314.37554931640625, 0.0, 0.0, 0.0, -50.73780059814453, 9.99865391398456
894, 50.2529182434082, -314.5389709472656, 0.0019098592456430197, 0.0, 0.0, -50.73262023925781, 9.928828186781452
895, 50.37471008300781, -314.68768310546875, 0.009549296461045742, 0.0, 0.0, -50.7236442565918, 9.864815021558352
896, 50.489593505859375, -314.82763671875, 0.013369014486670494, 0.05000000074505806, 0.0, -50.710166931152344, 9.805089113600859
897, 50.60646057128906, -314.9696350097656, 0.015278873965144157, 0.07500000298023224, 0.0, -50.69062423706055, 9.745518546550018
898, 50.73396682739258, -315.1241760253906, 0.019098592922091484, 0.125, 0.0, -50.66200637817383, 9.682813136262165
899, 50.85597610473633, -315.271484375, 0.02291831001639366, 0.20000001788139343, 0.0, -50.62513732910156, 9.625763232769646
900, 50.97085189819336, -315.40960693359375, 0.02864788845181465, 0.2500000298023224, 0.0, -50.58088302612305, 9.576368961038675
901, 51.08772277832031, -315.549560546875, 0.03246760740876198, 0.30000004172325134, 0.0, -50.52503204345703, 9.531094589142715
902, 51.20406723022461, -315.6882019042969, 0.03437746688723564, 0.3250000476837158, 0.0, -50.45884323120117, 9.491405933215747
903, 51.32835006713867, -315.8358459472656, 0.03310422599315643, 0.3750000596046448, 0.0, -50.37904357910156, 9.455253226426363
904, 51.4422492980957, -315.9705810546875, 0.03183098882436752, 0.42500007152557373, 0.0, -50.29832458496094, 9.42738191897335
905, 51.56245803833008, -316.11236572265625, 0.030557749792933464, 0.4750000834465027, 0.0, -50.20759582519531, 9.40421802927791
906, 51.68001937866211, -316.25067138671875, 0.029284512624144554, 0.5250000357627869, 0.0, -50.1148681640625, 9.388142395452093
907, 51.8047981262207, -316.3970947265625, 0.028011273592710495, 0.574999988079071, 0.0, -50.01386260986328, 9.378746328244052
908, 51.91244125366211, -316.5231018066406, 0.02737465500831604, 0.5999999642372131, 0.0, -49.925025939941406, 9.376077307000678
909, 52.03113555908203, -316.6617126464844, 0.02610141597688198, 0.6499999165534973, 0.0, -49.826297760009766, 9.378854128132932
910, 52.156494140625, -316.80780029296875, 0.024828176945447922, 0.6999998688697815, 0.0, -49.72201919555664, 9.388887268681854
911, 52.279335021972656, -316.9505920410156, 0.023554939776659012, 0.7499998211860657, 0.0, -49.62060546875, 9.40511000419522
912, 52.389183044433594, -317.07794189453125, 0.023554939776659012, 0.7499998211860657, 0.0, -49.530975341796875, 9.424443520150568
913, 52.505462646484375, -317.2124938964844, 0.021645082160830498, 0.8249997496604919, 0.0, -49.4376220703125, 9.449809074751931
914, 52.63124084472656, -317.35772705078125, 0.02037184312939644, 0.8749997019767761, 0.0, -49.33871078491211, 9.483446658284112
915, 52.74237823486328, -317.48577880859375, 0.01909860596060753, 0.9249996542930603, 0.0, -49.25368881225586, 9.517825172936654
916, 52.85837936401367, -317.6191711425781, 0.01782536692917347, 0.9749996066093445, 0.0, -49.16762924194336, 9.558731882962604
917, 52.98606872558594, -317.7657470703125, 0.01655212789773941, 1.0249996185302734, 0.0, -49.075984954833984, 9.609868975435779
918, 53.1134033203125, -317.91162109375, 0.015278889797627926, 1.0, 0.0, -48.988277435302734, 9.665717114141788
919, 53.22950744628906, -318.04425048828125, 0.019098607823252678, 1.0, 0.0, -48.909908294677734, 9.719471777034931
920, 53.357269287109375, -318.18975830078125, 0.02100846730172634, 1.0, 0.0, -48.82351303100586, 9.781142250200645
921, 53.48399353027344, -318.33349609375, 0.024828186258673668, 1.0, 0.0, -48.7357177734375, 9.84419734696495
922, 53.611751556396484, -318.477783203125, 0.026101425290107727, 1.0, 0.0, -48.64433288574219, 9.909235956527686
923, 53.73899459838867, -318.6209716796875, 0.024828188121318817, 1.0, 0.0, -48.5513801574707, 9.975184385458917
924, 53.86310577392578, -318.7601623535156, 0.023554949089884758, 1.0, 0.0, -48.4598274230957, 10.040304820518884
925, 54.003440856933594, -318.9171142578125, 0.0222817100584507, 1.0, 0.0, -48.356178283691406, 10.114622924049526
926, 54.14136505126953, -319.0709228515625, 0.02100847288966179, 1.0, 0.0, -48.255043029785156, 10.188012635221037
927, 54.26679611206055, -319.21038818359375, 0.020371852442622185, 1.0, 0.0, -48.16410446166992, 10.254796318872417
928, 54.39532470703125, -319.35296630859375, 0.020371852442622185, 1.0, 0.0, -48.07239532470703, 10.323232783256888
929, 54.540321350097656, -319.5133972167969, 0.017825376242399216, 1.0, 0.0, -47.97116470336914, 10.400383703196848
930, 54.67658233642578, -319.6637878417969, 0.016552137210965157, 1.0, 0.0, -47.87885665893555, 10.472626818641467
931, 54.8145637512207, -319.81573486328125, 0.014642278663814068, 1.0, 0.0, -47.78868103027344, 10.5455265246767
932, 54.94101333618164, -319.9547119140625, 0.014005658216774464, 1.0, 0.0, -47.708900451660156, 10.612050832240923
933, 55.0865364074707, -320.1143798828125, 0.01273241825401783, 1.0, 0.0, -47.62065124511719, 10.688273207730589
934, 55.21648406982422, -320.2566223144531, 0.011459178291261196, 1.0, 0.0, -47.54554748535156, 10.755929452941617
935, 55.35415267944336, -320.4070739746094, 0.010185938328504562, 1.0, 0.0, -47.46989059448242, 10.827189279257668
936, 55.49529266357422, -320.56103515625, 0.009549317881464958, 1.0, 0.0, -47.39628982543945, 10.89978261192907
937, 55.643699645996094, -320.72259521484375, 0.008276077918708324, 1.0, 0.0, -47.32297897338867, 10.97565990208231
938, 55.77814865112305, -320.8687744140625, 0.007002838421612978, 1.0, 0.0, -47.26081466674805, 11.043916575523156
939, 55.92545700073242, -321.0286560058594, 0.0057295989245176315, 1.0, 0.0, -47.197303771972656, 11.118191360882983
940, 56.07117462158203, -321.18658447265625, 0.005092979408800602, 1.0, 0.0, -47.13902282714844, 11.191147470253304
941, 56.23827362060547, -321.367431640625, 0.0038197399117052555, 1.0, 0.0, -47.07728576660156, 11.274220353463416
942, 56.38376998901367, -321.524658203125, 0.0025465001817792654, 1.0, 0.0, -47.02861022949219, 11.345979568799724
943, 56.52310562133789, -321.6750793457031, 0.0012732605682685971, 1.0, 0.0, -46.9861946105957, 11.414243986780855
944, 56.67356872558594, -321.8373718261719, 0.0, 1.0, 0.0, -46.94539260864258, 11.487443656222812
945, 56.8295783996582, -322.0054931640625, 0.0, 1.0, 0.0, -46.90785217285156, 11.562792374417493
946, 56.989959716796875, -322.1781311035156, 0.0, 1.0, 0.0, -46.87327194213867, 11.639712290036188
947, 57.137786865234375, -322.3370361328125, 0.0, 1.0, 0.0, -46.84501647949219, 11.710068643510754
948, 57.29581832885742, -322.5067443847656, 0.0, 1.0, 0.0, -46.84501647949219, 11.784729419774035
949, 57.47024154663086, -322.69384765625, 0.0, 1.0, 0.0, -46.79109191894531, 11.866537341069403
950, 57.61410903930664, -322.8479919433594, 0.0019098592456430197, 1.0, 0.0, -46.77052307128906, 11.933474695669817
951, 57.767601013183594, -323.01220703125, 0.0038197184912860394, 1.0, 0.0, -46.74873733520508, 12.004354162838359
952, 57.935882568359375, -323.19183349609375, 0.007639436982572079, 1.0, 0.0, -46.7231330871582, 12.081402124748116
953, 58.106746673583984, -323.3737487792969, 0.01145915500819683, 1.0, 0.0, -46.69304275512695, 12.158872730427623
954, 58.25910568237305, -323.5354919433594, 0.015278873965144157, 1.0, 0.0, -46.660911560058594, 12.22725154107919
955, 58.41543960571289, -323.700927734375, 0.019098592922091484, 1.0, 0.0, -46.62148666381836, 12.296745247273137
956, 58.582401275634766, -323.87701416015625, 0.020371831953525543, 1.0, 0.0, -46.5718879699707, 12.370388516671115
957, 58.758338928222656, -324.06207275390625, 0.019098594784736633, 1.0, 0.0, -46.513484954833984, 12.447565128392545
958, 58.91581726074219, -324.2272644042969, 0.01846197433769703, 1.0, 0.0, -46.456298828125, 12.516143066592056
959, 59.08945083618164, -324.4089660644531, 0.01718873716890812, 1.0, 0.0, -46.389469146728516, 12.591250249812546
960, 59.2650032043457, -324.59234619140625, 0.01591549813747406, 1.0, 0.0, -46.319488525390625, 12.666692126712476
961, 59.44114685058594, -324.7760009765625, 0.014642258174717426, 1.0, 0.0, -46.247596740722656, 12.74180836619775
962, 59.61173629760742, -324.9534606933594, 0.01591549627482891, 1.0, 0.0, -46.17637634277344, 12.813954748981637
963, 59.77445602416992, -325.1223449707031, 0.017825355753302574, 1.0, 0.0, -46.10627746582031, 12.882201458729181
964, 59.96504211425781, -325.31964111328125, 0.0216450747102499, 1.0, 0.0, -46.0197639465332, 12.96134118069556
965, 60.147010803222656, -325.50732421875, 0.025464793667197227, 1.0, 0.0, -45.93110656738281, 13.036072370814193
966, 60.34150695800781, -325.70703125, 0.029284512624144554, 1.0, 0.0, -45.82789611816406, 13.115048545469627
967, 60.51059341430664, -325.8799133300781, 0.030557751655578613, 1.0, 0.0, -45.73060607910156, 13.183103359513538
968, 60.68512725830078, -326.0577087402344, 0.029284514486789703, 1.0, 0.0, -45.62438201904297, 13.25296637016444
969, 60.87322998046875, -326.2486572265625, 0.028011275455355644, 1.0, 0.0, -45.50520706176758, 13.327820147753997
970, 61.073944091796875, -326.4516296386719, 0.02737465687096119, 0.9750000238418579, 0.0, -45.37351608276367, 13.406852569494147
971, 61.25154495239258, -326.6305847167969, 0.02610141783952713, 0.9000000953674316, 0.0, -45.25410461425781, 13.47544090845054
972, 61.426448822021484, -326.8062744140625, 0.024191560223698616, 0.8500001430511475, 0.0, -45.1352653503418, 13.540604031616741
973, 61.62638854980469, -327.0065002441406, 0.022918323054909706, 0.8000001907348633, 0.0, -44.999027252197266, 13.611132757705482
974, 61.82530212402344, -327.2050476074219, 0.021645084023475647, 0.7500002384185791, 0.0, -44.86396789550781, 13.676610207399014
975, 62.00088119506836, -327.37969970703125, 0.020371844992041588, 0.7000002861022949, 0.0, -44.74592590332031, 13.730291025183831
976, 62.18441390991211, -327.5617370605469, 0.019735226407647133, 0.6750003099441528, 0.0, -44.62397766113281, 13.781692900623927
977, 62.38712692260742, -327.7621765136719, 0.018461987376213074, 0.6250003576278687, 0.0, -44.491485595703125, 13.832392717447082
978, 62.58076095581055, -327.9530029296875, 0.017188750207424164, 0.5750004053115845, 0.0, -44.36792755126953, 13.875205035574457
979, 62.76585006713867, -328.13482666015625, 0.015915511175990105, 0.5250004529953003, 0.0, -44.25284957885742, 13.91013463068693
980, 62.9498405456543, -328.3150329589844, 0.014642271213233471, 0.4750004708766937, 0.0, -44.14186096191406, 13.9387391478216
981, 63.15517044067383, -328.5155029296875, 0.014005650766193867, 0.45000046491622925, 0.0, -44.021827697753906, 13.962804489162528
982, 63.36050796508789, -328.71539306640625, 0.012732410803437233, 0.4000004529953003, 0.0, -43.90644454956055, 13.979262933267139
983, 63.546756744384766, -328.8960876464844, 0.0114591708406806, 0.35000044107437134, 0.0, -43.80638122558594, 13.987782968550746
984, 63.74240493774414, -329.0853576660156, 0.01018592994660139, 0.4000004529953003, 0.0, -43.70616912841797, 13.99014744649783
985, 63.94462585449219, -329.2803955078125, 0.011459169909358025, 0.45000046491622925, 0.0, -43.606529235839844, 13.987574445153985
986, 64.16326141357422, -329.4904479980469, 0.015278888866305351, 0.5000004768371582, 0.0, -43.501155853271484, 13.982027833171177
987, 64.36265563964844, -329.68115234375, 0.019098607823252678, 0.5500004291534424, 0.0, -43.4046630859375, 13.976258639784131
988, 64.56964111328125, -329.8782043457031, 0.022918326780200005, 0.6000003814697266, 0.0, -43.30197525024414, 13.971203976701222
989, 64.75830078125, -330.0568542480469, 0.024828186258673668, 0.6250003576278687, 0.0, -43.204715728759766, 13.968259352611804
990, 64.95555877685547, -330.2427673339844, 0.028647903352975845, 0.6750003099441528, 0.0, -43.09796142578125, 13.96741665704857
991, 65.15862274169922, -330.4330749511719, 0.03246762230992317, 0.725000262260437, 0.0, -42.981056213378906, 13.9698769285776
992, 65.3667984008789, -330.6271057128906, 0.0362873375415802, 0.7750002145767212, 0.0, -42.85319900512695, 13.976987511026067
993, 65.56304168701172, -330.8087463378906, 0.04010705277323723, 0.8500001430511475, 0.0, -42.72279357910156, 13.987797449679231
994, 65.7538833618164, -330.9844055175781, 0.04138028994202614, 0.8750001192092896, 0.0, -42.587303161621094, 14.003388324750143
995, 65.96189880371094, -331.17486572265625, 0.04010705277323723, 0.9250000715255737, 0.0, -42.43177795410156, 14.02646172209057
996, 66.17350769042969, -331.3674011230469, 0.03883381560444832, 0.9750000238418579, 0.0, -42.2662467956543, 14.056110436190036
997, 66.37162780761719, -331.5466613769531, 0.03756057471036911, 1.0, 0.0, -42.10569763183594, 14.08908984902405
998, 66.57289123535156, -331.72784423828125, 0.0362873375415802, 1.0, 0.0, -41.93867492675781, 14.12759236369394
999, 66.78868103027344, -331.92120361328125, 0.03501410037279129, 1.0, 0.0, -41.75669479370117, 14.173716682746528
1000, 66.9969711303711, -332.10675048828125, 0.03374085947871208, 1.0, 0.0, -41.578956604003906, 14.221545861507852
1001, 67.22444915771484, -332.3084411621094, 0.03246762230992317, 1.0, 0.0, -41.383792877197266, 14.277301696122434
1002, 67.4277114868164, -332.4876403808594, 0.03183100372552872, 1.0, 0.0, -41.209022521972656, 14.329265114406132
1003, 67.6348648071289, -332.6693420410156, 0.03310424089431763, 1.0, 0.0, -41.03009033203125, 14.383897877290622
1004, 67.85501861572266, -332.86138916015625, 0.036923956125974655, 1.0, 0.0, -40.83755111694336, 14.443373708972882
1005, 68.07584381103516, -333.05279541015625, 0.04074367135763168, 1.0, 0.0, -40.6400146484375, 14.504005708420443
1006, 68.2772445678711, -333.22607421875, 0.04456338658928871, 1.0, 0.0, -40.454185485839844, 14.559808253768226
1007, 68.49131774902344, -333.4089660644531, 0.046473246067762375, 1.0, 0.0, -40.250267028808594, 14.619756377112736
1008, 68.70917510986328, -333.5936279296875, 0.0502929612994194, 1.0, 0.0, -40.035057067871094, 14.681036910828926
1009, 68.95616912841797, -333.8013610839844, 0.049019720405340195, 1.0, 0.0, -39.78330612182617, 14.751471827815632
1010, 69.185302734375, -333.99261474609375, 0.047746483236551285, 1.0, 0.0, -39.54378128051758, 14.817405537399452
1011, 69.40695190429688, -334.1761169433594, 0.046473246067762375, 1.0, 0.0, -39.30759811401367, 14.881475248387424
1012, 69.61746215820312, -334.3492126464844, 0.045200005173683167, 1.0, 0.0, -39.080726623535156, 14.942550269408061
1013, 69.84943389892578, -334.53851318359375, 0.04456338658928871, 1.0, 0.0, -38.82856369018555, 15.009886901556015
1014, 70.1034164428711, -334.74432373046875, 0.04201691225171089, 1.0, 0.0, -38.551673889160156, 15.08384152048973
1015, 70.33226013183594, -334.9283447265625, 0.04138028994202614, 1.0, 0.0, -38.302223205566406, 15.150294769471467
1016, 70.57796478271484, -335.1244812011719, 0.04010705277323723, 1.0, 0.0, -38.03514099121094, 15.221536558152346
1017, 70.81134033203125, -335.3092956542969, 0.03883381560444832, 1.0, 0.0, -37.782997131347656, 15.288986838906721
1018, 71.05773162841797, -335.5030822753906, 0.03756057471036911, 1.0, 0.0, -37.518898010253906, 15.359979356438084
1019, 71.29750061035156, -335.6901550292969, 0.0362873375415802, 1.0, 0.0, -37.26478958129883, 15.428749311875748
1020, 71.56085205078125, -335.89410400390625, 0.03501410037279129, 1.0, 0.0, -36.989112854003906, 15.503951497428263
1021, 71.78675842285156, -336.0676574707031, 0.03374085947871208, 1.0, 0.0, -36.756248474121094, 15.568132445771424
1022, 72.02381134033203, -336.24847412109375, 0.03310424089431763, 1.0, 0.0, -36.51549530029297, 15.635096692395393
1023, 72.27857208251953, -336.44140625, 0.03183100372552872, 1.0, 0.0, -36.26076889038086, 15.706708213011819
1024, 72.54573822021484, -336.64215087890625, 0.030557764694094658, 1.0, 0.0, -35.998836517333984, 15.781365645973432
1025, 72.78690338134766, -336.8218688964844, 0.029284527525305748, 1.0, 0.0, -35.767494201660156, 15.848352133811641
1026, 73.03851318359375, -337.0080261230469, 0.02801128849387169, 1.0, 0.0, -35.531307220458984, 15.917847669046534
1027, 73.28375244140625, -337.1881103515625, 0.027374669909477234, 1.0, 0.0, -35.306095123291016, 15.985136982722222
1028, 73.55148315429688, -337.38323974609375, 0.03119438886642456, 1.0, 0.0, -35.0634880065918, 16.057642417932062
1029, 73.82534790039062, -337.58099365234375, 0.036923959851264954, 1.0, 0.0, -34.81574249267578, 16.130586360093616
1030, 74.10023498535156, -337.7776184082031, 0.04074367508292198, 1.0, 0.0, -34.5648307800293, 16.202860468874224
1031, 74.35477447509766, -337.9577941894531, 0.03947043791413307, 1.0, 0.0, -34.3304557800293, 16.26957012945236
1032, 74.61737823486328, -338.14208984375, 0.03819720074534416, 1.0, 0.0, -34.08774948120117, 16.33813072483476
1033, 74.8990478515625, -338.33807373046875, 0.036923959851264954, 0.9750000238418579, 0.0, -33.82734680175781, 16.411154751213804
1034, 75.19802856445312, -338.54412841796875, 0.035650722682476044, 0.9250000715255737, 0.0, -33.55177688598633, 16.487250931741798
1035, 75.47486877441406, -338.7332763671875, 0.034377485513687134, 0.8750001192092896, 0.0, -33.29811096191406, 16.555456055882033
1036, 75.75641632080078, -338.92388916015625, 0.033104244619607925, 0.8250001668930054, 0.0, -33.04240036010742, 16.6217872404387
1037, 76.02826690673828, -339.1062316894531, 0.03246762603521347, 0.8000001907348633, 0.0, -32.79823303222656, 16.68256036687659
1038, 76.30091094970703, -339.28765869140625, 0.03119438886642456, 0.7500002384185791, 0.0, -32.55635452270508, 16.739852075311127
1039, 76.59025573730469, -339.47857666015625, 0.0299211498349905, 0.7000002861022949, 0.0, -32.30320739746094, 16.79560574158732
1040, 76.89440155029297, -339.6775207519531, 0.02864791266620159, 0.6500003337860107, 0.0, -32.041954040527344, 16.84835265556131
1041, 77.17891693115234, -339.8620300292969, 0.027374673634767532, 0.6000003814697266, 0.0, -31.80244255065918, 16.891654065683642
1042, 77.44245147705078, -340.03143310546875, 0.026101434603333473, 0.5500004291534424, 0.0, -31.585491180419922, 16.926582436424617
1043, 77.73526763916016, -340.21826171875, 0.026101434603333473, 0.5500004291534424, 0.0, -31.349838256835938, 16.958146583470768
1044, 78.01080322265625, -340.39251708984375, 0.02419157698750496, 0.4750004708766937, 0.0, -31.133953094482422, 16.9815308870878
1045, 78.30699157714844, -340.5784606933594, 0.02291833981871605, 0.4000004529953003, 0.0, -30.907697677612305, 16.998659413045214
1046, 78.59688568115234, -340.75897216796875, 0.021008482202887535, 0.35000044107437134, 0.0, -30.693004608154297, 17.007170064378
1047, 78.8827896118164, -340.93548583984375, 0.019735243171453476, 0.3000004291534424, 0.0, -30.48871612548828, 17.007944985335108
1048, 79.16985321044922, -341.11138916015625, 0.018462006002664566, 0.2500004172325134, 0.0, -30.29071617126465, 17.00014762298248
1049, 79.46415710449219, -341.2904357910156, 0.017188766971230507, 0.20000040531158447, 0.0, -30.094669342041016, 16.98251960284661
1050, 79.77388763427734, -341.4773864746094, 0.015915527939796448, 0.15000039339065552, 0.0, -29.8966064453125, 16.954493374686095
1051, 80.08795928955078, -341.66546630859375, 0.014642287977039814, 0.10000038892030716, 0.0, -29.70443344116211, 16.91629061537402
1052, 80.39570617675781, -341.848388671875, 0.01336904801428318, 0.0500003919005394, 0.0, -29.524505615234375, 16.869455629934066
1053, 80.68708038330078, -342.0203857421875, 0.012095808051526546, 3.915280046840053e-07, 0.0, -29.36175537109375, 16.81664819558403
1054, 80.9699478149414, -342.1861267089844, 0.010822567157447338, 0.0, 0.0, -29.211454391479492, 16.758233717443208
1055, 81.25611877441406, -342.35272216796875, 0.010185947641730309, 0.0, 0.0, -29.066463470458984, 16.692696819691857
1056, 81.54312133789062, -342.5187683105469, 0.0089127067476511, 0.0, 0.0, -28.928253173828125, 16.621397774183198
1057, 81.83710479736328, -342.6879577636719, 0.007639467250555754, 0.0, 0.0, -28.793603897094727, 16.543068843550266
1058, 82.12824249267578, -342.85443115234375, 0.0063662282191216946, 0.0, 0.0, -28.667842864990234, 16.461315050993626
1059, 82.43513488769531, -343.0289306640625, 0.005092988722026348, 0.0, 0.0, -28.543630599975586, 16.37126617232348
1060, 82.70641326904297, -343.18231201171875, 0.0038197494577616453, 0.0, 0.0, -28.441463470458984, 16.288894701753655
1061, 82.98420715332031, -343.33856201171875, 0.002546509727835655, 0.0, 0.0, -28.344141006469727, 16.20205970515949
1062, 83.27888488769531, -343.50360107421875, 0.001273270114324987, 0.0, 0.0, -28.248464584350586, 16.10744187650403
1063, 83.56293487548828, -343.661865234375, 0.0, 0.0, 0.0, -28.16423988342285, 16.014229275285153
1064, 83.83604431152344, -343.8133544921875, 0.0, 0.0, 0.0, -28.09084129333496, 15.92303090644421
1065, 84.11478424072266, -343.96728515625, 0.0038197184912860394, 0.0, 0.0, -28.020523071289062, 15.82836376929504
1066, 84.38250732421875, -344.11431884765625, 0.007639436982572079, 0.02500000037252903, 0.0, -27.955615997314453, 15.736843165161813
1067, 84.67432403564453, -344.2737731933594, 0.01145915500819683, 0.07500000298023224, 0.0, -27.884878158569336, 15.636719303555095
1068, 84.94992065429688, -344.4234619140625, 0.01718873344361782, 0.15000000596046448, 0.0, -27.815359115600586, 15.542977727846408
1069, 85.21450805664062, -344.5662841796875, 0.015915492549538612, 0.20000001788139343, 0.0, -27.745559692382812, 15.45505105841098
1070, 85.4693374633789, -344.7031555175781, 0.014642253518104553, 0.2500000298023224, 0.0, -27.676591873168945, 15.373386752625619
1071, 85.73780822753906, -344.8466796875, 0.014005633071064949, 0.27500003576278687, 0.0, -27.60268211364746, 15.291081420669698
1072, 86.01190948486328, -344.9925231933594, 0.012732393108308315, 0.3250000476837158, 0.0, -27.526721954345703, 15.21176130397297
1073, 86.30591583251953, -345.1482238769531, 0.011459152214229107, 0.3750000596046448, 0.0, -27.445512771606445, 15.132246888680404
1074, 86.57442474365234, -345.2899169921875, 0.010185912251472473, 0.42500007152557373, 0.0, -27.372303009033203, 15.065414954144265
1075, 86.85469818115234, -345.4372253417969, 0.00891267228871584, 0.4750000834465027, 0.0, -27.29765510559082, 15.002027954164358
1076, 87.11172485351562, -345.5717468261719, 0.007639432325959206, 0.5250000357627869, 0.0, -27.231521606445312, 14.949755565943278
1077, 87.3963394165039, -345.7203063964844, 0.0063661932945251465, 0.574999988079071, 0.0, -27.161205291748047, 14.89996357551586
1078, 87.68748474121094, -345.8717956542969, 0.0050929537974298, 0.6249999403953552, 0.0, -27.09324073791504, 14.857640458050364
1079, 87.95160675048828, -346.00872802734375, 0.0038197143003344536, 0.6749998927116394, 0.0, -27.035442352294922, 14.827206551635916
1080, 88.2350845336914, -346.1553955078125, 0.0025464745704084635, 0.7499998211860657, 0.0, -26.978071212768555, 14.80318986999836
1081, 88.5152359008789, -346.3000183105469, 0.0, 0.7999997735023499, 0.0, -26.92707633972168, 14.78924295911918
1082, 88.78240203857422, -346.4376220703125, 0.0, 0.849999725818634, 0.0, -26.88368034362793, 14.785167847605605
1083, 89.04283142089844, -346.5714416503906, 0.0, 0.8749997019767761, 0.0, -26.84610939025879, 14.788925191242788
1084, 89.30438995361328, -346.70556640625, 0.0, 0.9249996542930603, 0.0, -26.81223487854004, 14.800441048988485
1085, 89.57182312011719, -346.842529296875, 0.0, 0.9749996066093445, 0.0, -26.780773162841797, 14.820620650794677
1086, 89.8436279296875, -346.9814453125, 0.0, 1.0249996185302734, 0.0, -26.75196647644043, 14.848744862746075
1087, 90.13916778564453, -347.1321105957031, 0.0038197184912860394, 1.0, 0.0, -26.721845626831055, 14.88673588911789
1088, 90.41947937011719, -347.27459716796875, 0.007639436982572079, 1.0, 0.0, -26.691598892211914, 14.928658972252306
1089, 90.71349334716797, -347.4235534667969, 0.01145915500819683, 1.0, 0.0, -26.655378341674805, 14.977507013205564
1090, 90.98954772949219, -347.5628967285156, 0.015278873965144157, 1.0, 0.0, -26.615278244018555, 15.027132822802422
1091, 91.25420379638672, -347.6958923339844, 0.019098592922091484, 1.0, 0.0, -26.568891525268555, 15.07723376885969
1092, 91.52082824707031, -347.82928466796875, 0.021008450537919998, 1.0, 0.0, -26.514080047607422, 15.130091697832999
1093, 91.80916595458984, -347.9730529785156, 0.022281691431999207, 1.0, 0.0, -26.446361541748047, 15.189692896500544
1094, 92.09426879882812, -348.1145935058594, 0.021008452400565147, 1.0, 0.0, -26.37153434753418, 15.250670312799267
1095, 92.38762664794922, -348.2596740722656, 0.019735215231776237, 0.9500000476837158, 0.0, -26.288127899169922, 15.314682384707694
1096, 92.68424224853516, -348.4058837890625, 0.01718873903155327, 0.8750001192092896, 0.0, -26.199445724487305, 15.37909202499755
1097, 92.98526000976562, -348.5538330078125, 0.01591550000011921, 0.8250001668930054, 0.0, -26.106727600097656, 15.442353373497024
1098, 93.26888275146484, -348.69281005859375, 0.014642260037362576, 0.7750002145767212, 0.0, -26.017953872680664, 15.499062395816862
1099, 93.53935241699219, -348.8249816894531, 0.014005639590322971, 0.7500002384185791, 0.0, -25.932689666748047, 15.550161596411012
1100, 93.80194854736328, -348.9529724121094, 0.012732399627566338, 0.7000002861022949, 0.0, -25.85001564025879, 15.596482986808956
1101, 94.08628845214844, -349.09124755859375, 0.011459159664809704, 0.6500003337860107, 0.0, -25.761425018310547, 15.641959523882903
1102, 94.37821960449219, -349.2328186035156, 0.010185918770730495, 0.6000003814697266, 0.0, -25.672218322753906, 15.68324542650186
1103, 94.66709899902344, -349.37261962890625, 0.008912678807973862, 0.5500004291534424, 0.0, -25.58637237548828, 15.718088707619492
1104, 94.95423889160156, -349.5111389160156, 0.01018591783940792, 0.5000004768371582, 0.0, -25.502941131591797, 15.74619794277381
1105, 95.21516418457031, -349.6365966796875, 0.014005636796355247, 0.45000046491622925, 0.0, -25.42704200744629, 15.765988202978384
1106, 95.53335571289062, -349.7889404296875, 0.017825355753302574, 0.4000004529953003, 0.0, -25.331729888916016, 15.781234872714714
1107, 95.82715606689453, -349.9289245605469, 0.019735215231776237, 0.3750004470348358, 0.0, -25.239938735961914, 15.786947265287985
1108, 96.11451721191406, -350.065185546875, 0.023554934188723564, 0.32500043511390686, 0.0, -25.145092010498047, 15.7848780567881
1109, 96.4211196899414, -350.2096862792969, 0.02737465314567089, 0.2750004231929779, 0.0, -25.036380767822266, 15.77413638216191
1110, 96.72467803955078, -350.35186767578125, 0.02864789217710495, 0.22500041127204895, 0.0, -24.920602798461914, 15.754855135162245
1111, 97.00199890136719, -350.48101806640625, 0.02737465500831604, 0.17500039935112, 0.0, -24.80826759338379, 15.730347089977379
1112, 97.27232360839844, -350.6062316894531, 0.025464797392487526, 0.10000038892030716, 0.0, -24.69468116760254, 15.699382096004777
1113, 97.57709503173828, -350.746826171875, 0.024191558361053467, 0.0500003919005394, 0.0, -24.56327247619629, 15.655017270323688
1114, 97.86604309082031, -350.87939453125, 0.022918321192264557, 3.915280046840053e-07, 0.0, -24.436283111572266, 15.604345628881925
1115, 98.16748046875, -351.0169982910156, 0.021645082160830498, 0.0, 0.0, -24.30228042602539, 15.542907988183574
1116, 98.43702697753906, -351.139404296875, 0.021008463576436043, 0.0, 0.0, -24.181676864624023, 15.482189833589082
1117, 98.70865631103516, -351.26220703125, 0.019735224545001984, 0.0, 0.0, -24.06012725830078, 15.415979992561285
1118, 98.98954772949219, -351.388671875, 0.018461985513567924, 0.0, 0.0, -23.935096740722656, 15.342696894111388
1119, 99.27200317382812, -351.5152587890625, 0.017188748344779015, 0.0, 0.0, -23.810707092285156, 15.265088474916634
1120, 99.57855987548828, -351.6519775390625, 0.015915509313344955, 0.0, 0.0, -23.677955627441406, 15.177070247744098
1121, 99.86465454101562, -351.7790222167969, 0.014642269350588322, 0.0, 0.0, -23.556774139404297, 15.091810687399489
1122, 100.13072967529297, -351.8966064453125, 0.013369029387831688, 0.0, 0.0, -23.44706153869629, 15.010329176567923
1123, 100.40641021728516, -352.0179138183594, 0.012732408940792084, 0.0, 0.0, -23.336341857910156, 14.923739123868389
1124, 100.68779754638672, -352.14111328125, 0.01655212603509426, 0.0, 0.0, -23.224899291992188, 14.833455089529606
1125, 100.970458984375, -352.26422119140625, 0.020371844992041588, 0.0, 0.0, -23.112010955810547, 14.741049278336416
1126, 101.26849365234375, -352.39306640625, 0.021645085886120796, 0.0, 0.0, -22.990673065185547, 14.642084443963759
1127, 101.551025390625, -352.5144348144531, 0.020371846854686737, 0.0, 0.0, -22.873910903930664, 14.547080380600685
1128, 101.83782196044922, -352.6368713378906, 0.019098609685897827, 0.0, 0.0, -22.754714965820312, 14.449655738125069
1129, 102.10887145996094, -352.7519836425781, 0.017188752070069313, 0.0, 0.0, -22.642471313476562, 14.356790211604528
1130, 102.3660888671875, -352.8606262207031, 0.015915513038635254, 0.0, 0.0, -22.537216186523438, 14.268037920656566
1131, 102.61038208007812, -352.9632873535156, 0.01464227307587862, 0.0, 0.0, -22.438884735107422, 14.183249625834549
1132, 102.87297821044922, -353.07318115234375, 0.013369033113121986, 0.0, 0.0, -22.335432052612305, 14.091682225827471
1133, 103.14248657226562, -353.18548583984375, 0.012732412666082382, 0.0, 0.0, -22.232044219970703, 13.997261130398147
1134, 103.41556549072266, -353.2986145019531, 0.01655212976038456, 0.0, 0.0, -22.128402709960938, 13.901121675131535
1135, 103.66717529296875, -353.4021301269531, 0.020371848717331886, 0.0, 0.0, -22.03148078918457, 13.81211796339829
1136, 103.91629791259766, -353.5040588378906, 0.021645089611411095, 0.0, 0.0, -21.933216094970703, 13.72373891606704
1137, 104.17610931396484, -353.6097106933594, 0.020371850579977036, 0.0, 0.0, -21.828998565673828, 13.631451360598254
1138, 104.43820190429688, -353.7156677246094, 0.019098613411188126, 0.0, 0.0, -21.722858428955078, 13.538215069891546
1139, 104.69375610351562, -353.8183898925781, 0.017825374379754066, 0.0, 0.0, -21.619190216064453, 13.447182253602602
1140, 104.97029876708984, -353.9289245605469, 0.016552135348320007, 0.0, 0.0, -21.507741928100586, 13.34854368837082
1141, 105.24644470214844, -354.0386657714844, 0.015278897248208523, 0.0, 0.0, -21.39806365966797, 13.24995354579604
1142, 105.49260711669922, -354.13604736328125, 0.013369036838412285, 0.0, 0.0, -21.30242156982422, 13.16202530599188
1143, 105.73609161376953, -354.23187255859375, 0.012095795944333076, 0.0, 0.0, -21.210866928100586, 13.07492538583343
1144, 105.97647857666016, -354.3260803222656, 0.011459176428616047, 0.0, 0.0, -21.123374938964844, 12.988881707566675
1145, 106.22994995117188, -354.4250183105469, 0.009549316018819809, 0.0, 0.0, -21.03472328186035, 12.898203541525191
1146, 106.48080444335938, -354.5226135253906, 0.008276076056063175, 0.05000000074505806, 0.0, -20.95134735107422, 12.809415562428672
1147, 106.73413848876953, -354.62078857421875, 0.007639456074684858, 0.07500000298023224, 0.0, -20.871728897094727, 12.721140379957031
1148, 106.98795318603516, -354.71875, 0.005729597061872482, 0.15000000596046448, 0.0, -20.79714012145996, 12.634942258233384
1149, 107.24830627441406, -354.8188171386719, 0.009549316018819809, 0.20000001788139343, 0.0, -20.724048614501953, 12.55052413522374
1150, 107.49575805664062, -354.9133605957031, 0.013369034975767136, 0.2500000298023224, 0.0, -20.654932022094727, 12.475044273733705
1151, 107.72328186035156, -354.9997863769531, 0.017188753932714462, 0.30000004172325134, 0.0, -20.5892276763916, 12.410015416386182
1152, 107.96505737304688, -355.0910949707031, 0.019098613411188126, 0.3250000476837158, 0.0, -20.51616668701172, 12.346899533135195
1153, 108.18653869628906, -355.17413330078125, 0.022918332368135452, 0.3750000596046448, 0.0, -20.4443302154541, 12.293732701730693
1154, 108.43305206298828, -355.26593017578125, 0.02673805132508278, 0.42500007152557373, 0.0, -20.35759735107422, 12.241281540529497
1155, 108.6832275390625, -355.3583068847656, 0.028011290356516838, 0.4750000834465027, 0.0, -20.261348724365234, 12.195387523685177
1156, 108.91144561767578, -355.44195556640625, 0.026738053187727928, 0.5250000357627869, 0.0, -20.16707992553711, 12.160025419682114
1157, 109.17096710205078, -355.5364685058594, 0.02546481415629387, 0.574999988079071, 0.0, -20.0549259185791, 12.128851982602908
1158, 109.40695190429688, -355.6219177246094, 0.02419157512485981, 0.6249999403953552, 0.0, -19.949522018432617, 12.108586296180384
1159, 109.63841247558594, -355.7052001953125, 0.0229183379560709, 0.6749998927116394, 0.0, -19.844112396240234, 12.096285013081964
1160, 109.86758422851562, -355.7872314453125, 0.02164509892463684, 0.7249998450279236, 0.0, -19.73882293701172, 12.091667317742873
1161, 110.09791564941406, -355.8692626953125, 0.02037185989320278, 0.7749997973442078, 0.0, -19.632936477661133, 12.09463587731011
1162, 110.33804321289062, -355.9543151855469, 0.019098622724413872, 0.8249997496604919, 0.0, -19.523344039916992, 12.105672716436855
1163, 110.58847045898438, -356.0426940917969, 0.017188765108585358, 0.8999996781349182, 0.0, -19.410980224609375, 12.1257008414983
1164, 110.82577514648438, -356.12603759765625, 0.0159155260771513, 0.9499996304512024, 0.0, -19.306976318359375, 12.15305729529569
1165, 111.08805084228516, -356.2177734375, 0.014642286114394665, 0.9999995827674866, 0.0, -19.195436477661133, 12.192201539781983
1166, 111.35045623779297, -356.3090515136719, 0.013369046151638031, 1.0, 0.0, -19.087833404541016, 12.239819244730059
1167, 111.59329223632812, -356.3931884765625, 0.012095806188881397, 1.0, 0.0, -18.9920654296875, 12.289780375792436
1168, 111.85250854492188, -356.4826965332031, 0.010822565294802189, 1.0, 0.0, -18.894323348999023, 12.347860790768092
1169, 112.097900390625, -356.5671081542969, 0.009549325332045555, 1.0, 0.0, -18.80622100830078, 12.406477078757904
1170, 112.3627700805664, -356.6578369140625, 0.008276085369288921, 1.0, 0.0, -18.71634292602539, 12.472782647432956
1171, 112.60816955566406, -356.74163818359375, 0.007002845872193575, 1.0, 0.0, -18.63797378540039, 12.536481851746098
1172, 112.84488677978516, -356.8221740722656, 0.005729606840759516, 0.9500000476837158, 0.0, -18.567415237426758, 12.599086150338726
1173, 113.08623504638672, -356.904052734375, 0.005092986859381199, 0.9250000715255737, 0.0, -18.499792098999023, 12.662932355290247
1174, 113.34823608398438, -356.99273681640625, 0.003183127613738179, 0.8500001430511475, 0.0, -18.43213653564453, 12.731050546248708
1175, 113.613037109375, -357.0820617675781, 0.001909888000227511, 0.8000001907348633, 0.0, -18.3701229095459, 12.796947378397604
1176, 113.8779067993164, -357.17120361328125, 0.0, 0.7500002384185791, 0.0, -18.3148250579834, 12.858939355120766
1177, 114.14694213867188, -357.2615661621094, 0.0, 0.6750003099441528, 0.0, -18.265233993530273, 12.916805942639142
1178, 114.40140533447266, -357.34674072265625, 0.0, 0.6500003337860107, 0.0, -18.223546981811523, 12.965916630168199
1179, 114.6600570678711, -357.4331970214844, 0.0, 0.5750004053115845, 0.0, -18.185861587524414, 13.009977576638798
1180, 114.9259033203125, -357.5218200683594, 0.0, 0.5250004529953003, 0.0, -18.15146255493164, 13.048084859315983
1181, 115.18611145019531, -357.6083984375, 0.0, 0.4750004708766937, 0.0, -18.12158966064453, 13.077881015651672
1182, 115.4318618774414, -357.68988037109375, 0.0, 0.5000004768371582, 0.0, -18.0966854095459, 13.099943489012231
1183, 115.69078063964844, -357.77557373046875, 0.0, 0.5500004291534424, 0.0, -18.07312774658203, 13.117969774337489
1184, 115.95602416992188, -357.8631591796875, 0.0038197184912860394, 0.6000003814697266, 0.0, -18.049964904785156, 13.13365422525412
1185, 116.2249984741211, -357.9515075683594, 0.009549296461045742, 0.6750003099441528, 0.0, -18.023662567138672, 13.148770170871046
1186, 116.4959716796875, -358.04010009765625, 0.013369014486670494, 0.725000262260437, 0.0, -17.991525650024414, 13.165599783383833
1187, 116.76752471923828, -358.12835693359375, 0.015278873965144157, 0.7500002384185791, 0.0, -17.95249366760254, 13.18527293139679
1188, 117.04182434082031, -358.2170104980469, 0.021008450537919998, 0.8250001668930054, 0.0, -17.90372657775879, 13.20833889858066
1189, 117.31239318847656, -358.3038635253906, 0.024828169494867325, 0.8750001192092896, 0.0, -17.844552993774414, 13.235778752740325
1190, 117.57847595214844, -358.388671875, 0.026738028973340988, 0.9000000953674316, 0.0, -17.775184631347656, 13.267803660267846
1191, 117.85560607910156, -358.4764404296875, 0.025464791804552078, 0.9500000476837158, 0.0, -17.69272804260254, 13.306551193641166
1192, 118.12179565429688, -358.5602111816406, 0.02419155277311802, 1.0, 0.0, -17.605846405029297, 13.349302332339793
1193, 118.40634155273438, -358.64935302734375, 0.022281695157289505, 1.0, 0.0, -17.506811141967773, 13.400709443600942
1194, 118.68588256835938, -358.73651123046875, 0.021008457988500595, 1.0, 0.0, -17.405288696289062, 13.455849746784383
1195, 118.94011688232422, -358.8153381347656, 0.02037183754146099, 1.0, 0.0, -17.310041427612305, 13.508959260936624
1196, 119.20488739013672, -358.8970947265625, 0.01909860037267208, 1.0, 0.0, -17.209270477294922, 13.567142910311933
1197, 119.48065185546875, -358.9818420410156, 0.022281698882579803, 1.0, 0.0, -17.101451873779297, 13.629790330731957
1198, 119.76647186279297, -359.0690612792969, 0.02610141783952713, 1.0, 0.0, -16.98432731628418, 13.69641110925377
1199, 120.0560302734375, -359.1567077636719, 0.029921136796474457, 1.0, 0.0, -16.85804557800293, 13.76525722195649
1200, 120.3272933959961, -359.2381286621094, 0.033740852028131485, 1.0, 0.0, -16.73137092590332, 13.830685406518933
1201, 120.6429672241211, -359.3319091796875, 0.03692394867539406, 1.0, 0.0, -16.571884155273438, 13.907657800604582
1202, 120.94548797607422, -359.42083740234375, 0.03565071150660515, 1.0, 0.0, -16.408674240112305, 13.982521333548771
1203, 121.21871185302734, -359.5004577636719, 0.03501409292221069, 1.0, 0.0, -16.254350662231445, 14.050761154104887
1204, 121.5197525024414, -359.5873107910156, 0.03310423344373703, 1.0, 0.0, -16.078506469726562, 14.126504661497892
1205, 121.83220672607422, -359.6766052246094, 0.03183099627494812, 1.0, 0.0, -15.891587257385254, 14.20547267046381
1206, 122.14154815673828, -359.7641296386719, 0.03055775724351406, 1.0, 0.0, -15.703630447387695, 14.283864486588383
1207, 122.43697357177734, -359.8470153808594, 0.02928452007472515, 1.0, 0.0, -15.522659301757812, 14.358809953363187
1208, 122.74095153808594, -359.9315185546875, 0.03055775910615921, 1.0, 0.0, -15.334856033325195, 14.435718124805522
1209, 123.0454330444336, -360.01513671875, 0.03437747806310654, 1.0, 0.0, -15.143177032470703, 14.512253125677397
1210, 123.3735122680664, -360.1040954589844, 0.038197193294763565, 1.0, 0.0, -14.93010425567627, 14.594135329095533
1211, 123.7005615234375, -360.1915283203125, 0.03692395240068436, 1.0, 0.0, -14.71159839630127, 14.675725235540394
1212, 124.01596069335938, -360.2747497558594, 0.03565071523189545, 1.0, 0.0, -14.496877670288086, 14.75426749889998
1213, 124.33271026611328, -360.3572692871094, 0.03374085575342178, 1.0, 0.0, -14.27897834777832, 14.832988946047678
1214, 124.64791870117188, -360.4383544921875, 0.032467618584632874, 1.0, 0.0, -14.061238288879395, 14.91104782061473
1215, 124.9778060913086, -360.5220947265625, 0.031194381415843964, 1.0, 0.0, -13.833515167236328, 14.992399427717974
1216, 125.29349517822266, -360.6011962890625, 0.029921142384409904, 1.0, 0.0, -13.616599082946777, 15.069900219888874
1217, 125.6296157836914, -360.684326171875, 0.028647903352975845, 1.0, 0.0, -13.387591361999512, 15.152010603020916
1218, 125.93275451660156, -360.7582702636719, 0.03246762230992317, 1.0, 0.0, -13.181233406066895, 15.225247528154169
1219, 126.2655258178711, -360.8381652832031, 0.0362873375415802, 1.0, 0.0, -12.951984405517578, 15.304778256876093
1220, 126.61905670166016, -360.92144775390625, 0.0362873375415802, 1.0, 0.0, -12.702777862548828, 15.388345102662532
1221, 126.96078491210938, -361.00030517578125, 0.04392676800489426, 1.0, 0.0, -12.454275131225586, 15.468238176741654
1222, 127.30970764160156, -361.07928466796875, 0.04201691225171089, 0.9500000476837158, 0.0, -12.193774223327637, 15.549250896303393
1223, 127.63741302490234, -361.1520080566406, 0.04010705277323723, 0.8750001192092896, 0.0, -11.945025444030762, 15.623404274045017
1224, 127.96812438964844, -361.2240905761719, 0.03883381560444832, 0.8250001668930054, 0.0, -11.691516876220703, 15.694848627700855
1225, 128.31736755371094, -361.29876708984375, 0.03756057471036911, 0.7750002145767212, 0.0, -11.422380447387695, 15.765722641452426
1226, 128.65008544921875, -361.3685607910156, 0.0362873375415802, 0.725000262260437, 0.0, -11.165726661682129, 15.82808367519486
1227, 128.9920654296875, -361.4388732910156, 0.03501410037279129, 0.6750003099441528, 0.0, -10.902756690979004, 15.886307354528425
1228, 129.3502960205078, -361.5110168457031, 0.03374085947871208, 0.6250003576278687, 0.0, -10.629195213317871, 15.940269294575653
1229, 129.70068359375, -361.58013916015625, 0.03246762230992317, 0.5750004053115845, 0.0, -10.364334106445312, 15.985461676683922
1230, 130.06069946289062, -361.6496887207031, 0.031194385141134262, 0.5250004529953003, 0.0, -10.095870018005371, 16.023615682106108
1231, 130.41195678710938, -361.7160339355469, 0.029921146109700203, 0.4750004708766937, 0.0, -9.838179588317871, 16.052247294867538
1232, 130.76416015625, -361.7811584472656, 0.028647907078266144, 0.42500045895576477, 0.0, -9.584638595581055, 16.072062722057368
1233, 131.08551025390625, -361.83941650390625, 0.027374669909477234, 0.3750004470348358, 0.0, -9.357953071594238, 16.081945950872292
1234, 131.44676208496094, -361.90338134765625, 0.026101430878043175, 0.32500043511390686, 0.0, -9.109082221984863, 16.08364360475675
1235, 131.81275939941406, -361.9667053222656, 0.024828193709254265, 0.2750004231929779, 0.0, -8.863659858703613, 16.074789128109455
1236, 132.1566925048828, -362.02496337890625, 0.02291833609342575, 0.20000040531158447, 0.0, -8.639719009399414, 16.056526560765445
1237, 132.4996795654297, -362.0816955566406, 0.02164509706199169, 0.15000039339065552, 0.0, -8.423196792602539, 16.028409604019476
1238, 132.85650634765625, -362.1394958496094, 0.020371858030557632, 0.10000038892030716, 0.0, -8.205392837524414, 15.9889412611614
1239, 133.19384765625, -362.19293212890625, 0.019098620861768723, 0.0500003919005394, 0.0, -8.006417274475098, 15.942121020610843
1240, 133.545166015625, -362.2473449707031, 0.017825381830334663, 3.915280046840053e-07, 0.0, -7.8066182136535645, 15.883842684933988
1241, 133.9066619873047, -362.3019714355469, 0.016552144661545753, 0.0, 0.0, -7.609015464782715, 15.814029309441867
1242, 134.26194763183594, -362.35455322265625, 0.01527890469878912, 0.0, 0.0, -7.422767639160156, 15.737543702189294
1243, 134.60302734375, -362.4039306640625, 0.013369044288992882, 0.0, 0.0, -7.25174617767334, 15.657962441280947
1244, 134.9464569091797, -362.4526062011719, 0.012095804326236248, 0.0, 0.0, -7.08762264251709, 15.572708484095065
1245, 135.29144287109375, -362.5004577636719, 0.01082256343215704, 0.0, 0.0, -6.931066036224365, 15.482650739640176
1246, 135.6378936767578, -362.5474853515625, 0.009549323469400406, 0.0, 0.0, -6.78235387802124, 15.38842373204681
1247, 135.9711456298828, -362.591796875, 0.008276083506643772, 0.0, 0.0, -6.647465705871582, 15.294704534156962
1248, 136.28457641601562, -362.6327209472656, 0.006366224493831396, 0.0, 0.0, -6.528325080871582, 15.204212016796454
1249, 136.63180541992188, -362.67724609375, 0.00509298499673605, 0.0, 0.0, -6.40558385848999, 15.101694091374437
1250, 136.96531677246094, -362.7192077636719, 0.003819745499640703, 0.0, 0.0, -6.296788215637207, 15.001247363228519
1251, 137.28076171875, -362.7582092285156, 0.002546505769714713, 0.0, 0.0, -6.202182769775391, 14.90472634713998
1252, 137.5946044921875, -362.7963562011719, 0.0012732662726193666, 0.0, 0.0, -6.116276264190674, 14.807426210089714
1253, 137.92074584960938, -362.8354187011719, 0.0, 0.0, 0.0, -6.035893440246582, 14.705157030184386
1254, 138.24746704101562, -362.87396240234375, -0.0038197184912860394, 0.0, 0.0, -5.965824127197266, 14.601701350017457
1255, 138.571044921875, -362.9117736816406, -0.007639436982572079, 0.0, 0.0, -5.908543109893799, 14.498365204443687
1256, 138.88818359375, -362.9485168457031, -0.01145915500819683, 0.0, 0.0, -5.865757465362549, 14.39633976681221
1257, 139.18592834472656, -362.9828186035156, -0.012732394970953465, 0.0, 0.0, -5.837834358215332, 14.29997330567748
1258, 139.51016235351562, -363.01983642578125, -0.011459154076874256, 0.0, 0.0, -5.819675445556641, 14.194441022124831
1259, 139.8300323486328, -363.0560607910156, -0.010185914114117622, 0.0, 0.0, -5.812015533447266, 14.089832044648139
1260, 140.135009765625, -363.0903015136719, -0.008912674151360989, 0.0, 0.0, -5.812412738800049, 13.98969838212288
1261, 140.43417358398438, -363.1236572265625, -0.007002814672887325, 0.0, 0.0, -5.818302154541016, 13.891150375428019
1262, 140.73594665527344, -363.1570129394531, -0.005729575175791979, 0.0, 0.0, -5.828250408172607, 13.791447646826454
1263, 141.02365112304688, -363.1885986328125, -0.00445633614435792, 0.0, 0.0, -5.840365886688232, 13.69616028617559
1264, 141.32516479492188, -363.2214050292969, -0.0031830964144319296, 0.0, 0.0, -5.854617595672607, 13.596066942948095
1265, 141.6290740966797, -363.25421142578125, 0.0, 0.0, 0.0, -5.868595600128174, 13.494965389346678
1266, 141.9276885986328, -363.2862548828125, 0.0, 0.0, 0.0, -5.881290435791016, 13.395455292808848
1267, 142.21043395996094, -363.31634521484375, 0.0, 0.0, 0.0, -5.892429828643799, 13.301107413862601
1268, 142.49713134765625, -363.3467102050781, 0.0, 0.0, 0.0, -5.902989864349365, 13.205312660466314
1269, 142.80059814453125, -363.378662109375, 0.0038197184912860394, 0.0, 0.0, -5.911350727081299, 13.103763233167431
1270, 143.08729553222656, -363.4085998535156, 0.007639436982572079, 0.02500000037252903, 0.0, -5.914249897003174, 13.0085641015569
1271, 143.36959838867188, -363.4377746582031, 0.01145915500819683, 0.07500000298023224, 0.0, -5.910068035125732, 12.915765620261446
1272, 143.65338134765625, -363.46673583984375, 0.015278873965144157, 0.125, 0.0, -5.896824836730957, 12.824721688746799
1273, 143.93775939941406, -363.4953308105469, 0.019098592922091484, 0.17500001192092896, 0.0, -5.872562885284424, 12.73693468025475
1274, 144.218505859375, -363.5231628417969, 0.02291831001639366, 0.2250000238418579, 0.0, -5.836215972900391, 12.654687638618539
1275, 144.4747314453125, -363.54815673828125, 0.02164507284760475, 0.27500003576278687, 0.0, -5.793216705322266, 12.58439684330458
1276, 144.7603759765625, -363.57574462890625, 0.020371833816170692, 0.3250000476837158, 0.0, -5.736027240753174, 12.512094352357618
1277, 145.0493927001953, -363.603271484375, 0.01846197620034218, 0.40000006556510925, 0.0, -5.670719146728516, 12.446423780273982
1278, 145.3164825439453, -363.6285400390625, 0.01718873903155327, 0.4500000774860382, 0.0, -5.605533599853516, 12.39364624483762
1279, 145.59597778320312, -363.6547546386719, 0.01591550000011921, 0.5000000596046448, 0.0, -5.533786296844482, 12.34690468135581
1280, 145.86514282226562, -363.67974853515625, 0.014642260037362576, 0.550000011920929, 0.0, -5.462649822235107, 12.31049664122503
1281, 146.1328582763672, -363.70440673828125, 0.013369019143283367, 0.5999999642372131, 0.0, -5.391025066375732, 12.282861112041434
1282, 146.3942108154297, -363.728271484375, 0.012095779180526733, 0.6499999165534973, 0.0, -5.321231365203857, 12.264356695255351
1283, 146.6522216796875, -363.751708984375, 0.0108225392177701, 0.6999998688697815, 0.0, -5.253360271453857, 12.25445481388915
1284, 146.91590881347656, -363.77545166015625, 0.0108225392177701, 0.6999998688697815, 0.0, -5.185793399810791, 12.252998836757413
1285, 147.16722106933594, -363.7979736328125, 0.008276058360934258, 0.7999997735023499, 0.0, -5.123690128326416, 12.259689179600974
1286, 147.41049194335938, -363.81964111328125, 0.007002819329500198, 0.849999725818634, 0.0, -5.066439151763916, 12.272920557244092
1287, 147.69224548339844, -363.8445129394531, 0.005092960316687822, 0.9249996542930603, 0.0, -5.004093170166016, 12.2977196580064
1288, 147.94830322265625, -363.8669738769531, 0.008912678807973862, 0.9749996066093445, 0.0, -4.949282169342041, 12.328776260895445
1289, 148.23263549804688, -363.89154052734375, 0.012732397764921188, 1.0249996185302734, 0.0, -4.8869948387146, 12.371797808338048
1290, 148.4945831298828, -363.9138488769531, 0.01145915687084198, 1.0, 0.0, -4.828188419342041, 12.418497001318718
1291, 148.77963256835938, -363.93792724609375, 0.010185916908085346, 1.0, 0.0, -4.763887405395508, 12.475093555284392
1292, 149.05650329589844, -363.9609680175781, 0.008912676945328712, 1.0, 0.0, -4.702059268951416, 12.534687131636128
1293, 149.33213806152344, -363.98370361328125, 0.007639436982572079, 1.0, 0.0, -4.641970157623291, 12.59752031967062
1294, 149.615966796875, -364.00689697265625, 0.0063661979511380196, 1.0, 0.0, -4.582399845123291, 12.665066149513592
1295, 149.87831115722656, -364.0281982421875, 0.005092958454042673, 1.0, 0.0, -4.529909133911133, 12.729559309111407
1296, 150.15234375, -364.05029296875, 0.0038197189569473267, 1.0, 0.0, -4.478333950042725, 12.798532410764064
1297, 150.42601013183594, -364.072265625, 0.0025464792270213366, 1.0, 0.0, -4.4305739402771, 12.868696544961553
1298, 150.699951171875, -364.0940246582031, 0.00127323972992599, 1.0, 0.0, -4.386873722076416, 12.93992254312521
1299, 150.9891357421875, -364.1169128417969, 0.0, 1.0, 0.0, -4.345613479614258, 13.015913586922236
1300, 151.27500915527344, -364.1393127441406, 0.005729577504098415, 1.0, 0.0, -4.306397914886475, 13.091549684691959
1301, 151.56594848632812, -364.1617736816406, 0.009549296461045742, 1.0, 0.0, -4.264466285705566, 13.168826187970275
1302, 151.8583221435547, -364.1839904785156, 0.013369014486670494, 1.0, 0.0, -4.2176833152771, 13.246624486232697
1303, 152.15139770507812, -364.2057189941406, 0.01209577452391386, 0.9500000476837158, 0.0, -4.166444778442383, 13.324417426483592
1304, 152.4483642578125, -364.22747802734375, 0.010822534561157227, 0.9000000953674316, 0.0, -4.1117262840271, 13.40163532287178
1305, 152.72865295410156, -364.2477722167969, 0.009549293667078018, 0.8500001430511475, 0.0, -4.058716297149658, 13.471953777243689
1306, 153.0244903564453, -364.2688903808594, 0.008276053704321384, 0.8000001907348633, 0.0, -4.002503871917725, 13.542524090467445
1307, 153.29624938964844, -364.2881164550781, 0.007002814672887325, 0.7500002384185791, 0.0, -3.951507568359375, 13.60325995277636
1308, 153.56552124023438, -364.30694580078125, 0.005729575175791979, 0.7000002861022949, 0.0, -3.9024369716644287, 13.659331739054158
1309, 153.84823608398438, -364.3265686035156, 0.00445633614435792, 0.6500003337860107, 0.0, -3.8529372215270996, 13.712391040108727
1310, 154.15313720703125, -364.34759521484375, 0.0031830964144319296, 0.6000003814697266, 0.0, -3.8027660846710205, 13.762862451933787
1311, 154.45985412597656, -364.36859130859375, 0.0, 0.5250004529953003, 0.0, -3.7572343349456787, 13.805714084135616
1312, 154.76109313964844, -364.3891296386719, 0.0, 0.4750004708766937, 0.0, -3.717560291290283, 13.839145009662204
1313, 155.0665283203125, -364.4098205566406, 0.0, 0.42500045895576477, 0.0, -3.6819162368774414, 13.864008986769699
1314, 155.36746215820312, -364.4300842285156, 0.0, 0.3750004470348358, 0.0, -3.6507568359375, 13.879299888436885
1315, 155.66995239257812, -364.4502258300781, 0.0019098592456430197, 0.32500043511390686, 0.0, -3.622131824493408, 13.885230206337575
1316, 155.96726989746094, -364.4697570800781, 0.005729577504098415, 0.2750004231929779, 0.0, -3.5940253734588623, 13.881574732931782
1317, 156.267822265625, -364.48919677734375, 0.009549296461045742, 0.2750004231929779, 0.0, -3.5629584789276123, 13.868977427018246
1318, 156.56658935546875, -364.50811767578125, 0.013369014486670494, 0.32500043511390686, 0.0, -3.5270397663116455, 13.849800247627673
1319, 156.875, -364.5271301269531, 0.01718873344361782, 0.3750004470348358, 0.0, -3.4824533462524414, 13.826087952048896
1320, 157.18234252929688, -364.5455322265625, 0.021008450537919998, 0.42500045895576477, 0.0, -3.4284980297088623, 13.800913103899749
1321, 157.48036193847656, -364.5628356933594, 0.022281691431999207, 0.4750004708766937, 0.0, -3.366730213165283, 13.777011396683221
1322, 157.77728271484375, -364.57958984375, 0.021008452400565147, 0.5250004529953003, 0.0, -3.2971808910369873, 13.7553344941589
1323, 158.07125854492188, -364.59576416015625, 0.019735215231776237, 0.4750004708766937, 0.0, -3.2222299575805664, 13.736147741119275
1324, 158.35484313964844, -364.6110534667969, 0.01846197620034218, 0.42500045895576477, 0.0, -3.145630359649658, 13.717923089307105
1325, 158.6329345703125, -364.6257019042969, 0.016552118584513664, 0.35000044107437134, 0.0, -3.0679328441619873, 13.698621034611712
1326, 158.91314697265625, -364.64013671875, 0.015278879553079605, 0.3000004291534424, 0.0, -2.9882819652557373, 13.676015076098585
1327, 159.19943237304688, -364.6546936035156, 0.014005639590322971, 0.2500004172325134, 0.0, -2.906464099884033, 13.64871429236496
1328, 159.50242614746094, -364.6697692871094, 0.012732399627566338, 0.20000040531158447, 0.0, -2.82037353515625, 13.61441935251876
1329, 159.79391479492188, -364.6839904785156, 0.011459159664809704, 0.15000039339065552, 0.0, -2.7388923168182373, 13.575542844118857
1330, 160.08468627929688, -364.6978759765625, 0.010185918770730495, 0.10000038892030716, 0.0, -2.659668207168579, 13.530568224630688
1331, 160.37071228027344, -364.7113342285156, 0.008912678807973862, 0.0500003919005394, 0.0, -2.584350824356079, 13.479893068240962
1332, 160.64614868164062, -364.72406005859375, 0.007639438845217228, 3.915280046840053e-07, 0.0, -2.514801025390625, 13.424734859637262
1333, 160.90708923339844, -364.73590087890625, 0.006366199813783169, 0.0, 0.0, -2.452331781387329, 13.366846315285288
1334, 161.16932678222656, -364.7475280761719, 0.007639439310878515, 0.0, 0.0, -2.392059803009033, 13.303991216380323
1335, 161.43556213378906, -364.7591857910156, 0.009549299255013466, 0.0, 0.0, -2.33203125, 13.23590600875157
1336, 161.732177734375, -364.77166748046875, 0.013369017280638218, 0.0, 0.0, -2.26422119140625, 13.156131753314915
1337, 162.00668334960938, -364.7828063964844, 0.01718873716890812, 0.0, 0.0, -2.198303461074829, 13.079114207928974
1338, 162.286865234375, -364.7936096191406, 0.021008456125855446, 0.0, 0.0, -2.12554931640625, 12.99785332966244
1339, 162.56288146972656, -364.8037109375, 0.024828173220157623, 0.0, 0.0, -2.046538829803467, 12.915574006120261
1340, 162.83343505859375, -364.81292724609375, 0.02864789217710495, 0.05000000074505806, 0.0, -1.960327386856079, 12.83404706522058
1341, 163.08792114257812, -364.8210144042969, 0.029284514486789703, 0.07500000298023224, 0.0, -1.8704527616500854, 12.757283074500798
1342, 163.34986877441406, -364.828857421875, 0.028011275455355644, 0.02500000409781933, 0.0, -1.771484136581421, 12.67843051798929
1343, 163.59347534179688, -364.8356018066406, 0.026738036423921585, -0.02499999664723873, 0.0, -1.673919677734375, 12.6043699508181
1344, 163.87503051757812, -364.8429260253906, 0.025464799255132675, 0.0, 0.0, -1.5567930936813354, 12.517172837445449
1345, 164.1404266357422, -364.849365234375, 0.024191560223698616, 0.0, 0.0, -1.4431151151657104, 12.433762282117174
1346, 164.40884399414062, -364.8553771972656, 0.022918323054909706, 0.0, 0.0, -1.3260498046875, 12.348394301470242
1347, 164.66802978515625, -364.86077880859375, 0.021645084023475647, 0.0, 0.0, -1.212066650390625, 12.265141035885812
1348, 164.9318084716797, -364.8658752441406, 0.020371844992041588, 0.0, 0.0, -1.0960081815719604, 12.179715126751155
1349, 165.1809539794922, -364.87030029296875, 0.019735226407647133, 0.0, 0.0, -0.98687744140625, 12.098484048436205
1350, 165.4195098876953, -364.8741455078125, 0.018461987376213074, 0.0, 0.0, -0.8834533095359802, 12.020241581020503
1351, 165.65582275390625, -364.8775939941406, 0.017188750207424164, 0.0, 0.0, -0.7826843857765198, 11.942390340384634
1352, 165.88734436035156, -364.8806457519531, 0.015915511175990105, 0.0, 0.0, -0.6860960721969604, 11.865833238457135
1353, 166.143310546875, -364.8836975097656, 0.014005650766193867, 0.0, 0.0, -0.5824583172798157, 11.780979741284657
1354, 166.4033966064453, -364.8865051269531, 0.012732410803437233, 0.0, 0.0, -0.4813232421875, 11.694489004559424
1355, 166.64817810058594, -364.8887939453125, 0.0114591708406806, 0.0, 0.0, -0.3903503119945526, 11.612893093964585
1356, 166.9029083251953, -364.89080810546875, 0.01018592994660139, 0.0, 0.0, -0.3004760444164276, 11.527793386608977
1357, 167.14439392089844, -364.8924865722656, 0.008912689983844757, 0.0, 0.0, -0.2200317233800888, 11.446964972697735
1358, 167.36968994140625, -364.8937683105469, 0.007639450486749411, 0.0, 0.0, -0.1498412936925888, 11.371394044221363
1359, 167.59353637695312, -364.8948059082031, 0.007002830971032381, 0.0, 0.0, -0.0845031589269638, 11.29620857299143
1360, 167.81793212890625, -364.8956298828125, 0.005729591473937035, 0.0, 0.0, -0.02355956844985485, 11.220759438118868
1361, 168.05909729003906, -364.8963623046875, 0.005729591473937035, 0.0, 0.0, 0.03693296015262604, 11.139657983793846
1362, 168.29161071777344, -364.8968200683594, 0.0031831124797463417, 0.0, 0.0, 0.08982442319393158, 11.061394275801213
1363, 168.52435302734375, -364.8971252441406, 0.0019098727498203516, 0.0, 0.0, 0.1371719390153885, 10.982988885145648
1364, 168.75961303710938, -364.8973083496094, 0.0, 0.0, 0.0, 0.17882665991783142, 10.903670416906722
1365, 168.99449157714844, -364.8973388671875, 0.0, 0.0, 0.0, 0.21452291309833527, 10.824413219548372
1366, 169.21214294433594, -364.897216796875, 0.0, 0.0, 0.0, 0.24302105605602264, 10.750940814357783
1367, 169.42654418945312, -364.89703369140625, 0.0, 0.0, 0.0, 0.26725098490715027, 10.678510731742538
1368, 169.6337432861328, -364.89666748046875, 0.0, 0.0, 0.0, 0.2871820628643036, 10.608405180020293
1369, 169.87045288085938, -364.8961486816406, 0.0, 0.0, 0.0, 0.3067220449447632, 10.528348285846143
1370, 170.0970458984375, -364.8955383300781, 0.0, 0.0, 0.0, 0.32244351506233215, 10.451666073050365
1371, 170.31431579589844, -364.89483642578125, 0.0, 0.0, 0.0, 0.3351156711578369, 10.378117625532038
1372, 170.53404235839844, -364.8940124511719, 0.0, 0.0, 0.0, 0.34581413865089417, 10.30370543435383
1373, 170.74986267089844, -364.89312744140625, 0.0, 0.0, 0.0, 0.3545156419277191, 10.230584932494946
1374, 170.95877075195312, -364.89215087890625, 0.0, 0.0, 0.0, 0.36144617199897766, 10.159777012209544
1375, 171.1569061279297, -364.8912048339844, 0.0, 0.0, 0.0, 0.36672914028167725, 10.09253642848922
1376, 171.3583984375, -364.89019775390625, 0.0, 0.0, 0.05000000074505806, 0.3711378276348114, 10.024634101842757
1377, 171.5695037841797, -364.8890686035156, 0.0, 0.0, 0.10000000149011612, 0.37475094199180603, 9.952824927842393
1378, 171.79855346679688, -364.8878173828125, 0.0, 0.0, 0.15000000596046448, 0.37764763832092285, 9.873851230247704
1379, 172.001708984375, -364.8866271972656, 0.0, 0.0, 0.20000001788139343, 0.37946566939353943, 9.802687660658027
1380, 172.21646118164062, -364.8853454589844, 0.0, 0.0, 0.2500000298023224, 0.3806973397731781, 9.726122586073519
1381, 172.4226531982422, -364.88409423828125, 0.0, 0.0, 0.30000004172325134, 0.3813037574291229, 9.65115917546219
1382, 172.62689208984375, -364.8828125, 0.0, 0.0, 0.3500000536441803, 0.3814132511615753, 9.575376361515387
1383, 172.83140563964844, -364.8815002441406, 0.0, 0.0, 0.40000006556510925, 0.38109034299850464, 9.49784538694324
1384, 173.04209899902344, -364.88018798828125, 0.0, 0.0, 0.4500000774860382, 0.38035643100738525, 9.416132586098701
1385, 173.23570251464844, -364.87890625, 0.0, 0.0, 0.5250000357627869, 0.37937021255493164, 9.339293027825873
1386, 173.43959045410156, -364.8775939941406, 0.0, 0.0, 0.574999988079071, 0.3780374825000763, 9.256292954155482
1387, 173.62332153320312, -364.87640380859375, 0.0, 0.0, 0.550000011920929, 0.37659138441085815, 9.179862136266399
1388, 173.81153869628906, -364.8752136230469, 0.0, 0.0, 0.5000000596046448, 0.37492555379867554, 9.100545863091337
1389, 174.00489807128906, -364.8739013671875, 0.0, 0.0, 0.4500000476837158, 0.3730286955833435, 9.018584534600802
1390, 174.1957244873047, -364.87261962890625, 0.0, 0.0, 0.40000003576278687, 0.3710010349750519, 8.937708083073106
1391, 174.38412475585938, -364.87139892578125, 0.0, 0.0, 0.3500000238418579, 0.36887264251708984, 8.858237974232237
1392, 174.5719451904297, -364.8702392578125, 0.0, 0.0, 0.30000001192092896, 0.36664995551109314, 8.779696460526747
1393, 174.75741577148438, -364.8690185546875, 0.0, 0.0, 0.25, 0.3643791973590851, 8.703085937539308
1394, 174.94268798828125, -364.8678283691406, 0.0, 0.0, 0.19999998807907104, 0.36205625534057617, 8.627701659849565
1395, 175.11231994628906, -364.86669921875, 0.0, 0.0, 0.1499999761581421, 0.3598949909210205, 8.55969895279879
1396, 175.28187561035156, -364.8655700683594, 0.0, 0.0, 0.1499999761581421, 0.35771867632865906, 8.492686065746362
1397, 175.449462890625, -364.8644714355469, 0.0, 0.0, 0.25, 0.35555899143218994, 8.42674983758564
1398, 175.63128662109375, -364.86328125, 0.0, 0.0, 0.25, 0.3532109260559082, 8.355057867134162
1399, 175.81216430664062, -364.8620910644531, 0.0, 0.0, 0.3500000238418579, 0.3508705794811249, 8.283042563970094
1400, 175.9904022216797, -364.8609619140625, 0.0, 0.0, 0.42500004172325134, 0.348558634519577, 8.211012008131055
1401, 176.1644744873047, -364.85986328125, 0.0, 0.0, 0.42500004172325134, 0.3462921679019928, 8.139418283565636
1402, 176.33914184570312, -364.85882568359375, 0.0, 0.0, 0.3750000298023224, 0.344007670879364, 8.066794566920004
1403, 176.5150909423828, -364.85772705078125, 0.0, 0.0, 0.32500001788139343, 0.34169816970825195, 7.99351041246827
1404, 176.68597412109375, -364.8566589355469, 0.0, 0.0, 0.2750000059604645, 0.33945387601852417, 7.9227011609994324
1405, 176.84112548828125, -364.8556823730469, 0.0, 0.0, 0.22499999403953552, 0.3374212086200714, 7.858934162076682
1406, 176.9971466064453, -364.8547058105469, 0.0, 0.0, 0.17499998211860657, 0.3353882133960724, 7.795698859099629
1407, 177.1515655517578, -364.8537902832031, 0.0, 0.0, 0.1499999761581421, 0.3333934545516968, 7.734123025382623
1408, 177.31431579589844, -364.8528137207031, 0.0, 0.0, 0.09999997913837433, 0.3313142955303192, 7.670420884282227
1409, 177.4811553955078, -364.85186767578125, 0.0, 0.0, 0.04999998211860657, 0.329216331243515, 7.606580457318959
1410, 177.6384735107422, -364.85089111328125, 0.0, 0.0, -1.8253922817734747e-08, 0.3272745609283447, 7.547821919503613
1411, 177.8009796142578, -364.8499450683594, 0.0, 0.02500000037252903, 0.0, 0.32531192898750305, 7.488834014080108
1412, 177.96290588378906, -364.8489685058594, 0.0, 0.07500000298023224, 0.0, 0.3234093189239502, 7.432637619885817
1413, 178.11900329589844, -364.8480529785156, 0.0, 0.02500000409781933, 0.0, 0.321635365486145, 7.380876478393859
1414, 178.279296875, -364.8470764160156, 0.0, -0.02499999664723873, 0.0, 0.3198722302913666, 7.328186468919374
1415, 178.42413330078125, -364.84625244140625, 0.0, 0.0, 0.0, 0.3183246850967407, 7.280037179541832
1416, 178.5711212158203, -364.8453674316406, 0.0, 0.0, 0.0, 0.31678348779678345, 7.230714896654398
1417, 178.71658325195312, -364.8445739746094, 0.0, 0.0, 0.0, 0.3152843713760376, 7.181559574812838
1418, 178.8654327392578, -364.84375, 0.0, 0.0, 0.0, 0.3137725591659546, 7.1309975828302825
1419, 179.01513671875, -364.8428955078125, 0.0, 0.0, 0.0, 0.31227099895477295, 7.079937805348292
1420, 179.1644287109375, -364.8420715332031, 0.0, 0.0, 0.0, 0.3107900023460388, 7.028868537634468
1421, 179.30325317382812, -364.84124755859375, 0.0, 0.0, 0.0, 0.3094272017478943, 6.981246014646123
1422, 179.439697265625, -364.8404541015625, 0.0, 0.0, 0.0, 0.3080989122390747, 6.934379818057641
1423, 179.57513427734375, -364.8397521972656, 0.0, 0.0, 0.02500000037252903, 0.3067932724952698, 6.888284715006467
1424, 179.72840881347656, -364.8388977050781, 0.0, 0.0, 0.07500000298023224, 0.30532708764076233, 6.835409753445993
1425, 179.87710571289062, -364.83807373046875, 0.0, 0.0, 0.125, 0.30391064286231995, 6.782955909145189
1426, 180.0221710205078, -364.8372497558594, 0.0, 0.0, 0.17500001192092896, 0.3025284707546234, 6.730494489704085
1427, 180.16847229003906, -364.8363952636719, 0.0, 0.0, 0.2250000238418579, 0.30112725496292114, 6.676016037439189
1428, 180.31668090820312, -364.8355712890625, 0.0, 0.0, 0.27500003576278687, 0.2996949851512909, 6.619129057990937
1429, 180.46319580078125, -364.834716796875, 0.0, 0.0, 0.20000001788139343, 0.29826173186302185, 6.561689923185976
1430, 180.61224365234375, -364.8338928222656, 0.0, 0.0, 0.15000000596046448, 0.29678991436958313, 6.503349077139316
1431, 180.7505645751953, -364.83319091796875, 0.0, 0.0, 0.10000000149011612, 0.2954188883304596, 6.449713803237764
1432, 180.8990936279297, -364.83233642578125, 0.0, 0.0, 0.02500000409781933, 0.2939510643482208, 6.39343009205179
1433, 181.03668212890625, -364.8316345214844, 0.0, 0.0, -0.02499999664723873, 0.29260510206222534, 6.342510953580828
1434, 181.17872619628906, -364.8309326171875, 0.0, 0.0, 0.0, 0.2912314236164093, 6.290365368833847
1435, 181.31759643554688, -364.8302001953125, 0.0, 0.0, 0.0, 0.28991052508354187, 6.240306489874129
1436, 181.46212768554688, -364.8294982910156, 0.0, 0.05000000074505806, 0.0, 0.2885616421699524, 6.1907654564234145
1437, 181.6131591796875, -364.82867431640625, 0.0, 0.10000000149011612, 0.0, 0.2872183322906494, 6.142193830465697
1438, 181.75572204589844, -364.8279113769531, 0.0, 0.15000000596046448, 0.0, 0.2859703600406647, 6.103070948485978
1439, 181.8899688720703, -364.82720947265625, 0.0, 0.20000001788139343, 0.0, 0.2849739193916321, 6.069121395121184
1440, 182.0230255126953, -364.8265075683594, 0.0, 0.2500000298023224, 0.0, 0.2839727997779846, 6.045170866295652
1441, 182.15914916992188, -364.8257751464844, 0.0, 0.30000004172325134, 0.0, 0.2831591069698334, 6.017354599811032
1442, 182.2874755859375, -364.8251037597656, 0.0038197184912860394, 0.27500003576278687, 0.0, 0.2841029763221741, 6.003723869587259
1443, 182.42591857910156, -364.8241271972656, 0.009549296461045742, 0.20000001788139343, 0.0, 0.29047468304634094, 5.980688681310991
1444, 182.56259155273438, -364.822998046875, 0.013369014486670494, 0.15000000596046448, 0.0, 0.304082989692688, 5.964768072741867
1445, 182.6945343017578, -364.82159423828125, 0.01718873344361782, 0.10000000149011612, 0.0, 0.3249441683292389, 5.936916735884657
1446, 182.82223510742188, -364.820068359375, 0.01846197247505188, 0.05000000447034836, 0.0, 0.352286159992218, 5.917855539596218
1447, 182.94581604003906, -364.81842041015625, 0.01718873530626297, 4.0978194171259474e-09, 0.0, 0.3836337625980377, 5.887015140868123
1448, 183.07501220703125, -364.8166198730469, 0.01591549627482891, 0.0, 0.0, 0.4197089672088623, 5.857978073121243
1449, 183.21102905273438, -364.8146667480469, 0.014642256312072277, 0.0, 0.0, 0.4595402181148529, 5.810774863189188
1450, 183.3460235595703, -364.8126525878906, 0.013369015417993069, 0.0, 0.0, 0.4996010959148407, 5.773707919741019
1451, 183.46267700195312, -364.8108825683594, 0.012095775455236435, 0.0, 0.0, 0.5337607264518738, 5.730630755948616
1452, 183.5882568359375, -364.8090515136719, 0.010822535492479801, 0.0, 0.0, 0.5693386793136597, 5.695483276142168
1453, 183.71151733398438, -364.80718994140625, 0.009549295529723167, 0.0, 0.0, 0.6025596261024475, 5.648263003426171
1454, 183.8339385986328, -364.8053283691406, 0.008276054635643959, 0.0, 0.0, 0.6333935856819153, 5.612524702343563
1455, 183.96319580078125, -364.8034362792969, 0.0070028156042099, 0.02500000037252903, 0.0, 0.6632740497589111, 5.5611677431541535
1456, 184.0892791748047, -364.8016052246094, 0.0057295761071145535, 0.07500000298023224, 0.0, 0.6895053386688232, 5.525465428013375
1457, 184.2102508544922, -364.7998352050781, 0.0038197170943021774, 0.15000000596046448, 0.0, 0.7115228176116943, 5.480929741921359
1458, 184.33128356933594, -364.7981262207031, 0.0025464773643761873, 0.10000000149011612, 0.0, 0.730129063129425, 5.453500079538631
1459, 184.45230102539062, -364.79644775390625, 0.0, 0.05000000447034836, 0.0, 0.7447354793548584, 5.412442928032841
1460, 184.57077026367188, -364.7948303222656, 0.0, 4.0978194171259474e-09, 0.0, 0.7554969191551208, 5.3849184253995395
1461, 184.69107055664062, -364.79327392578125, 0.0, 0.0, 0.0, 0.763667106628418, 5.338677100779567
1462, 184.81369018554688, -364.7917175292969, 0.0, 0.0, 0.0, 0.7697969079017639, 5.304189405430573
1463, 184.92691040039062, -364.79022216796875, 0.0, 0.0, 0.0, 0.7739410996437073, 5.257230683784609
1464, 185.04640197753906, -364.7886962890625, -0.0019098592456430197, 0.0, 0.0, 0.7761536240577698, 5.223423775537837
1465, 185.17044067382812, -364.78717041015625, -0.005729577504098415, 0.0, 0.0, 0.7744134068489075, 5.165029729285414
1466, 185.2819061279297, -364.7859802246094, -0.01145915500819683, 0.0, 0.0, 0.7669209837913513, 5.13472561357671
1467, 185.392822265625, -364.7848815917969, -0.010185915045440197, 0.0, 0.0, 0.7545869946479797, 5.088512304903487
1468, 185.50889587402344, -364.7838134765625, -0.008912675082683563, 0.0, 0.0, 0.738458514213562, 5.054411254909538
1469, 185.6240997314453, -364.7828063964844, -0.0076394351199269295, 0.0, 0.0, 0.7208397388458252, 4.999030443811243
1470, 185.734375, -364.78179931640625, -0.00636619608849287, 0.0, 0.0, 0.7036958336830139, 4.976559339408853
1471, 185.84634399414062, -364.78082275390625, -0.005092956591397524, 0.0, 0.0, 0.6869797706604004, 4.945550730181439
1472, 185.96136474609375, -364.77972412109375, -0.0038197170943021774, 0.0, 0.0, 0.6712462902069092, 4.910254668088288
1473, 186.0681915283203, -364.77862548828125, -0.0025464773643761873, 0.0, 0.0, 0.6583955883979797, 4.875627702235743
1474, 186.17483520507812, -364.7774963378906, 0.0, 0.05000000074505806, 0.0, 0.6482667922973633, 4.84174632300289
1475, 186.2810821533203, -364.7763671875, 0.0, 0.10000000149011612, 0.0, 0.6407041549682617, 4.810514775833209
1476, 186.39675903320312, -364.775146484375, 0.0, 0.125, 0.0, 0.6346386671066284, 4.780633017905375
1477, 186.4970703125, -364.7740478515625, 0.0, 0.07500000298023224, 0.0, 0.630692720413208, 4.756273512999737
1478, 186.60414123535156, -364.7728576660156, 0.0, 0.02500000409781933, 0.0, 0.6274898052215576, 4.7283286405616805
1479, 186.70846557617188, -364.7716369628906, 0.0, -0.02499999664723873, 0.0, 0.625080406665802, 4.698617435992634
1480, 186.81239318847656, -364.77044677734375, 0.0, 0.0, 0.0, 0.6231786608695984, 4.6664483524429805
1481, 186.9159698486328, -364.7692565917969, 0.0, 0.0, 0.0, 0.621634304523468, 4.632659515576193
1482, 187.01724243164062, -364.7681884765625, 0.0, 0.0, 0.0, 0.6203662753105164, 4.5986543242160485
1483, 187.11338806152344, -364.76708984375, 0.0, 0.0, 0.0, 0.6193220019340515, 4.5658460108524475
1484, 187.21243286132812, -364.76605224609375, 0.0, 0.0, 0.0, 0.6183669567108154, 4.5317419939172074
1485, 187.3136444091797, -364.7649841308594, 0.0, 0.0, 0.0, 0.6174836158752441, 4.4967014669262895
1486, 187.41073608398438, -364.7639465332031, 0.0, 0.0, 0.0, 0.616700291633606, 4.462989620652782
1487, 187.50689697265625, -364.76287841796875, 0.0, 0.0, 0.0, 0.6159708499908447, 4.429536314034951
1488, 187.60623168945312, -364.76177978515625, 0.0, 0.0, 0.0, 0.615253210067749, 4.394939054311031
1489, 187.6996307373047, -364.7607421875, 0.0, 0.0, 0.0, 0.614603579044342, 4.36239195506941
1490, 187.79913330078125, -364.7596740722656, 0.0, 0.0, 0.0, 0.6139318346977234, 4.327695146693868
1491, 187.89306640625, -364.7586364746094, 0.0, 0.0, 0.0, 0.6133129596710205, 4.294945937072227
1492, 187.98765563964844, -364.757568359375, 0.0, 0.0, 0.0, 0.612701416015625, 4.261951642031862
1493, 188.0797882080078, -364.7566223144531, 0.0, 0.0, 0.0, 0.6121147871017456, 4.229809068822626
1494, 188.17884826660156, -364.7555236816406, 0.0, 0.0, 0.0, 0.6114921569824219, 4.1952368605871255
1495, 188.26820373535156, -364.7546081542969, 0.0, 0.0, 0.0, 0.6109371185302734, 4.1640614144989945
1496, 188.3590850830078, -364.753662109375, 0.0, 0.0, 0.0, 0.6103780269622803, 4.1323432967699425
1497, 188.45285034179688, -364.7525939941406, 0.0, 0.0, 0.0, 0.6098060607910156, 4.099609938561579
1498, 188.54617309570312, -364.7516174316406, 0.0, 0.0, 0.0, 0.6092419624328613, 4.067029666585866
1499, 188.63235473632812, -364.7507019042969, 0.0, 0.0, 0.0, 0.6087246537208557, 4.036937720135998
1500, 188.72412109375, -364.749755859375, 0.0, 0.02500000037252903, 0.0, 0.6081826090812683, 4.006220097719652
1501, 188.81153869628906, -364.748779296875, 0.0, 0.07500000298023224, 0.0, 0.6076831221580505, 3.979175554668404
1502, 188.89898681640625, -364.7478332519531, 0.0, 0.125, 0.0, 0.607215940952301, 3.956256136525196
1503, 188.98321533203125, -364.7469177246094, 0.0, 0.17500001192092896, 0.0, 0.6068129539489746, 3.939102282035833
1504, 189.07464599609375, -364.7459716796875, 0.0, 0.2250000238418579, 0.0, 0.6064451932907104, 3.926683453116681
1505, 189.1561737060547, -364.7451477050781, 0.0, 0.27500003576278687, 0.0, 0.6061877608299255, 3.921168973970247
1506, 189.2425994873047, -364.74420166015625, 0.0, 0.3250000476837158, 0.0, 0.6059978008270264, 3.921302250994176
1507, 189.32907104492188, -364.7432861328125, 0.0, 0.3750000596046448, 0.0, 0.6058964729309082, 3.9275175204791477
1508, 189.4178466796875, -364.7423400878906, 0.0, 0.42500007152557373, 0.0, 0.605888307094574, 3.940029120358399
1509, 189.50729370117188, -364.74139404296875, 0.0, 0.5000000596046448, 0.0, 0.6059785485267639, 3.9590132531680164
1510, 189.59458923339844, -364.7404479980469, 0.0, 0.5000000596046448, 0.0, 0.606161892414093, 3.9830247855204535
1511, 189.6884307861328, -364.7395324707031, 0.0, 0.4500000476837158, 0.0, 0.606447696685791, 4.010257849411257
1512, 189.78253173828125, -364.7385559082031, 0.0, 0.3750000298023224, 0.0, 0.6067848205566406, 4.034337703777564
1513, 189.8761749267578, -364.73760986328125, 0.0, 0.32500001788139343, 0.0, 0.6071261763572693, 4.052672350980086
1514, 189.96849060058594, -364.7366638183594, 0.0, 0.2750000059604645, 0.0, 0.6074349880218506, 4.064800637875118
1515, 190.0623779296875, -364.73565673828125, 0.0019098592456430197, 0.22499999403953552, 0.0, 0.6086385250091553, 4.0708021248789725
1516, 190.16021728515625, -364.7344970703125, 0.005729577504098415, 0.17499998211860657, 0.0, 0.6129555702209473, 4.070147938473448
1517, 190.2533416748047, -364.733154296875, 0.01145915500819683, 0.09999997913837433, 0.0, 0.6225013732910156, 4.062249943678582
1518, 190.34263610839844, -364.73175048828125, 0.013369014486670494, 0.07499998062849045, 0.0, 0.637059211730957, 4.048400808673194
1519, 190.43038940429688, -364.7301940917969, 0.01718873344361782, 0.024999981746077538, 0.0, 0.6569545269012451, 4.029536587675915
1520, 190.5214385986328, -364.7283935546875, 0.02291831001639366, 0.0, 0.0, 0.6851175427436829, 4.004324417372282
1521, 190.61309814453125, -364.726318359375, 0.026738028973340988, 0.0, 0.0, 0.721765398979187, 3.9755988741142554
1522, 190.6949005126953, -364.7242126464844, 0.030557747930288315, 0.0, 0.0, 0.761444628238678, 3.94852230598131
1523, 190.78427124023438, -364.7216796875, 0.036287322640419006, 0.0, 0.0, 0.8136580586433411, 3.9181142053453497
1524, 190.8729248046875, -364.7188720703125, 0.040107037872076035, 0.0, 0.0, 0.8746052384376526, 3.8875358643162334
1525, 190.96128845214844, -364.7156982421875, 0.04392675310373306, 0.0, 0.0, 0.9441354870796204, 3.8568573304969385
1526, 191.05235290527344, -364.71221923828125, 0.04774646833539009, 0.0, 0.0, 1.024801254272461, 3.8251354185212643
1527, 191.13449096679688, -364.7088317871094, 0.05156618356704712, 0.02500000037252903, 0.0, 1.1051124334335327, 3.7967435726556147
1528, 191.21878051757812, -364.705078125, 0.05538589879870415, 0.07500000298023224, 0.0, 1.195208191871643, 3.7702336432899
1529, 191.31007385253906, -364.70068359375, 0.059205614030361176, 0.125, 0.0, 1.3015583753585815, 3.7466531512998262
1530, 191.4003448486328, -364.6959228515625, 0.0630253255367279, 0.17500001192092896, 0.0, 1.4153459072113037, 3.7294843305393823
1531, 191.48828125, -364.69091796875, 0.07066475600004196, 0.27500003576278687, 0.0, 1.5359632968902588, 3.7195768931254674
1532, 191.5735626220703, -364.6856689453125, 0.07448447495698929, 0.3250000476837158, 0.0, 1.6623609066009521, 3.718897050835624
1533, 191.6675567626953, -364.679443359375, 0.07830418646335602, 0.3750000596046448, 0.0, 1.8116627931594849, 3.7269091313209652
1534, 191.7495880126953, -364.6736755371094, 0.08212390542030334, 0.42500007152557373, 0.0, 1.9495633840560913, 3.74019812804837
1535, 191.83900451660156, -364.6669921875, 0.08594361692667007, 0.3750000596046448, 0.0, 2.10801362991333, 3.7576771166867555
1536, 191.9293975830078, -364.6597900390625, 0.0897633358836174, 0.3250000476837158, 0.0, 2.2764620780944824, 3.773420189554644
1537, 192.0163116455078, -364.6524658203125, 0.09358304738998413, 0.27500003576278687, 0.0, 2.4460601806640625, 3.784363338017335
1538, 192.10751342773438, -364.644287109375, 0.09931261837482452, 0.20000001788139343, 0.0, 2.6330559253692627, 3.7891192213046363
1539, 192.19464111328125, -364.6360168457031, 0.10313233733177185, 0.15000000596046448, 0.0, 2.8203532695770264, 3.7865256574172053
1540, 192.28756713867188, -364.6266784667969, 0.10695204883813858, 0.10000000149011612, 0.0, 3.029240369796753, 3.7764963757291126
1541, 192.37445068359375, -364.61749267578125, 0.11077176779508591, 0.05000000447034836, 0.0, 3.232790946960449, 3.7606249409682104
1542, 192.463623046875, -364.60748291015625, 0.1165013387799263, 0.0, 0.0, 3.451038122177124, 3.738217562371906
1543, 192.54730224609375, -364.59759521484375, 0.1222309097647667, 0.0, 0.0, 3.6651997566223145, 3.7125462420262676
1544, 192.63206481933594, -364.58709716796875, 0.12605062127113342, 0.0, 0.0, 3.891468048095703, 3.684399274777355
1545, 192.71917724609375, -364.57568359375, 0.12987034022808075, 0.0, 0.0, 4.133321762084961, 3.654352423886998
1546, 192.80465698242188, -364.56402587890625, 0.13369005918502808, 0.0, 0.0, 4.37943696975708, 3.6243107269474746
1547, 192.89132690429688, -364.5516052246094, 0.1375097632408142, 0.0, 0.0, 4.637582302093506, 3.5935758882932074
1548, 192.9751739501953, -364.53900146484375, 0.14132948219776154, 0.0, 0.0, 4.8954620361328125, 3.563688966276863
1549, 193.05979919433594, -364.5257263183594, 0.14705905318260193, 0.0, 0.0, 5.164662837982178, 3.533291467243803
1550, 193.1393585205078, -364.5126953125, 0.15087877213954926, 0.0, 0.0, 5.4260430335998535, 3.504702652617817
1551, 193.22442626953125, -364.4981689453125, 0.15469849109649658, 0.0, 0.0, 5.714353561401367, 3.4741108183032554
1552, 193.30728149414062, -364.4833068847656, 0.16042806208133698, 0.0, 0.0, 6.004411220550537, 3.444135288041411
1553, 193.38848876953125, -364.4681091308594, 0.16615763306617737, 0.0, 0.07500000298023224, 6.298586845397949, 3.411282815707124
1554, 193.47064208984375, -364.4521484375, 0.1699773520231247, 0.0, 0.125, 6.605886459350586, 3.377317005385038
1555, 193.5500946044922, -364.43609619140625, 0.17379705607891083, 0.0, 0.17500001192092896, 6.911843299865723, 3.3429184000603174
1556, 193.62550354003906, -364.42022705078125, 0.17761677503585815, 0.0, 0.2250000238418579, 7.209946632385254, 3.30847093150022
1557, 193.69998168945312, -364.4040222167969, 0.18143649399280548, 0.0, 0.27500003576278687, 7.51186990737915, 3.2724615955180316
1558, 193.77149963378906, -364.38787841796875, 0.1852562129497528, 0.0, 0.3250000476837158, 7.808934211730957, 3.235856179287123
1559, 193.85096740722656, -364.36932373046875, 0.1909857839345932, 0.0, 0.40000006556510925, 8.14835262298584, 3.1923189650972095
1560, 193.93060302734375, -364.3500061035156, 0.19480548799037933, 0.0, 0.4500000774860382, 8.498310089111328, 3.1455798508051807
1561, 194.00921630859375, -364.3302307128906, 0.20053507387638092, 0.0, 0.4750000536441803, 8.853924751281738, 3.0967934531272525
1562, 194.08251953125, -364.3111267089844, 0.20180830359458923, 0.0, 0.42500004172325134, 9.1932373046875, 3.050953786048323
1563, 194.1555938720703, -364.2915954589844, 0.19989845156669617, 0.0, 0.3500000238418579, 9.53575325012207, 3.006931847265793
1564, 194.23291015625, -364.2703552246094, 0.20053507387638092, 0.0, 0.2750000059604645, 9.901001930236816, 2.962944860239349
1565, 194.29823303222656, -364.251953125, 0.20180830359458923, 0.05000000074505806, 0.22499999403953552, 10.211896896362305, 2.9296920421333605
1566, 194.3680877685547, -364.23187255859375, 0.20053507387638092, 0.10000000149011612, 0.17499998211860657, 10.545242309570312, 2.9015093147279707
1567, 194.43801879882812, -364.2113342285156, 0.20117168128490448, 0.17500001192092896, 0.09999997913837433, 10.879667282104492, 2.8827224367826507
1568, 194.507080078125, -364.1905517578125, 0.19989845156669617, 0.2250000238418579, 0.04999998211860657, 11.20958423614502, 2.8751792895627086
1569, 194.5772247314453, -364.16900634765625, 0.20053507387638092, 0.30000004172325134, 0.0, 11.544450759887695, 2.8778010661587627
1570, 194.6485137939453, -364.14666748046875, 0.20180830359458923, 0.3500000536441803, 0.0, 11.885228157043457, 2.890408298515224
1571, 194.71734619140625, -364.1246337890625, 0.20053507387638092, 0.40000006556510925, 0.0, 12.214056015014648, 2.9100297413237883
1572, 194.7877655029297, -364.1016845703125, 0.20180830359458923, 0.4500000774860382, 0.0, 12.55065631866455, 2.9364196530691626
1573, 194.85438537597656, -364.0795593261719, 0.20180830359458923, 0.4500000774860382, 0.0, 12.86854362487793, 2.967575652739612
1574, 194.92906188964844, -364.0542907714844, 0.20117168128490448, 0.574999988079071, 0.0, 13.22465991973877, 3.0101016889936543
1575, 195.00303649902344, -364.0287780761719, 0.19989845156669617, 0.6249999403953552, 0.0, 13.57688045501709, 3.0589317841952304
1576, 195.0746307373047, -364.003662109375, 0.19989845156669617, 0.7249998450279236, 0.0, 13.916973114013672, 3.1122333419638197
1577, 195.14480590820312, -363.97857666015625, 0.20117168128490448, 0.7749997973442078, 0.0, 14.250528335571289, 3.1716581747584995
1578, 195.22544860839844, -363.94921875, 0.19989845156669617, 0.8249997496604919, 0.0, 14.633440017700195, 3.246878353070392
1579, 195.30206298828125, -363.9208068847656, 0.20117168128490448, 0.8749997019767761, 0.0, 14.997326850891113, 3.32330175019588
1580, 195.38316345214844, -363.8901062011719, 0.20180830359458923, 0.9499996304512024, 0.0, 15.38309097290039, 3.409103061413427
1581, 195.463623046875, -363.8591613769531, 0.20053507387638092, 0.9999995827674866, 0.0, 15.765616416931152, 3.499696471183553
1582, 195.54905700683594, -363.82568359375, 0.20117168128490448, 1.0, 0.0, 16.171581268310547, 3.598652138647334
1583, 195.63291931152344, -363.7921447753906, 0.20180830359458923, 1.0, 0.0, 16.57061195373535, 3.695929554531936
1584, 195.7265625, -363.75396728515625, 0.20053507387638092, 1.0, 0.0, 17.016145706176758, 3.8034297604947587
1585, 195.817138671875, -363.71636962890625, 0.20117168128490448, 1.0, 0.0, 17.447341918945312, 3.9054640535124987
1586, 195.91624450683594, -363.67437744140625, 0.19989845156669617, 1.0, 0.0, 17.91899299621582, 4.014903337586001
1587, 196.01052856445312, -363.6335754394531, 0.20117168128490448, 1.0, 0.0, 18.368274688720703, 4.1165578526506765
1588, 196.11013793945312, -363.5896301269531, 0.20180830359458923, 1.0, 0.0, 18.844505310058594, 4.221596504581514
1589, 196.22482299804688, -363.5379638671875, 0.19989845156669617, 1.0, 0.0, 19.393096923828125, 4.339992756866957
1590, 196.32696533203125, -363.4908752441406, 0.20117168128490448, 1.0, 0.0, 19.88277816772461, 4.442952164380626
1591, 196.4368133544922, -363.439208984375, 0.20180830359458923, 1.0, 0.0, 20.411104202270508, 4.5512365102776355
1592, 196.54652404785156, -363.386474609375, 0.20053507387638092, 0.9500000476837158, 0.0, 20.940099716186523, 4.656101812970635
1593, 196.66200256347656, -363.32965087890625, 0.20180830359458923, 0.9000000953674316, 0.0, 21.499004364013672, 4.760230330609257
1594, 196.76869201660156, -363.2760009765625, 0.20180830359458923, 0.8000001907348633, 0.0, 22.01741600036621, 4.849123987650943
1595, 196.88723754882812, -363.21514892578125, 0.20053507387638092, 0.7500002384185791, 0.0, 22.59526824951172, 4.9378476554582225
1596, 197.00636291503906, -363.1525573730469, 0.20117168128490448, 0.6750003099441528, 0.0, 23.178199768066406, 5.016056019944194
1597, 197.12139892578125, -363.0907287597656, 0.19989845156669617, 0.6250003576278687, 0.0, 23.743101119995117, 5.082051766252366
1598, 197.23558044433594, -363.0280456542969, 0.20053507387638092, 0.5500004291534424, 0.0, 24.30626678466797, 5.138221194671256
1599, 197.35289001464844, -362.96209716796875, 0.20180830359458923, 0.5000004768371582, 0.0, 24.888504028320312, 5.1850935677865735
1600, 197.46763610839844, -362.8961181640625, 0.20053507387638092, 0.45000046491622925, 0.0, 25.46129608154297, 5.222395700017303
1601, 197.58914184570312, -362.82470703125, 0.20117168128490448, 0.3750004470348358, 0.0, 26.073959350585938, 5.236817809104231
1602, 197.7102813720703, -362.75189208984375, 0.19989845156669617, 0.32500043511390686, 0.0, 26.692108154296875, 5.218715305383751
1603, 197.8243865966797, -362.68194580078125, 0.20053507387638092, 0.2500004172325134, 0.0, 27.279939651489258, 5.184466680607042
1604, 197.94631958007812, -362.60540771484375, 0.20180830359458923, 0.20000040531158447, 0.0, 27.917774200439453, 5.162048696930433
1605, 198.0545196533203, -362.5361328125, 0.19989845156669617, 0.12500038743019104, 0.0, 28.487924575805664, 5.122756395894987
1606, 198.1691436767578, -362.46099853515625, 0.20053507387638092, 0.0500003919005394, 0.0, 29.0988712310791, 5.105273282703792
1607, 198.28379821777344, -362.3842468261719, 0.20117168128490448, -0.02499960921704769, 0.0, 29.715087890625, 5.048659434645824
1608, 198.397705078125, -362.30615234375, 0.19989845156669617, 0.0, 0.0, 30.334726333618164, 5.025345309969219
1609, 198.50540161132812, -362.2303771972656, 0.20053507387638092, 0.0, 0.0, 30.92072296142578, 5.041137018923434
1610, 198.6150665283203, -362.1512145996094, 0.20180830359458923, 0.0, 0.0, 31.520143508911133, 5.027129434629052
1611, 198.72544860839844, -362.0695495605469, 0.19989845156669617, 0.0, 0.0, 32.126834869384766, 4.995520138615779
1612, 198.83157348632812, -361.98919677734375, 0.20117168128490448, 0.0, 0.0, 32.71501159667969, 4.9569244414105755
1613, 198.94053649902344, -361.9047546386719, 0.20180830359458923, 0.0, 0.0, 33.32548141479492, 4.912719607552484
1614, 199.0465545654297, -361.8207092285156, 0.20053507387638092, 0.0, 0.0, 33.924964904785156, 4.867383108139326
1615, 199.14942932128906, -361.7373352050781, 0.20053507387638092, 0.0, 0.0, 34.511878967285156, 4.821903171405164
1616, 199.25376892089844, -361.65087890625, 0.20180830359458923, 0.0, 0.0, 35.113739013671875, 4.774609179118172
1617, 199.35623168945312, -361.5640869140625, 0.19989845156669617, 0.0, 0.0, 35.71001052856445, 4.727766261547188
1618, 199.4523468017578, -361.48095703125, 0.20117168128490448, 0.0, 0.0, 36.27482986450195, 4.683092673615955
1619, 199.54522705078125, -361.3988952636719, 0.20180830359458923, 0.0, 0.0, 36.82682800292969, 4.639417193167289
1620, 199.63938903808594, -361.31396484375, 0.20053507387638092, 0.0, 0.05000000074505806, 37.391849517822266, 4.594892826535973
1621, 199.7398223876953, -361.2215270996094, 0.20117168128490448, 0.0, 0.125, 38.00049591064453, 4.544544889367813
1622, 199.8359375, -361.13104248046875, 0.20180830359458923, 0.0, 0.20000001788139343, 38.59063720703125, 4.492658939917357
1623, 199.92662048339844, -361.0438537597656, 0.19989845156669617, 0.0, 0.27500003576278687, 39.15300369262695, 4.440152290040109
1624, 200.01568603515625, -360.9565124511719, 0.20053507387638092, 0.0, 0.3500000536441803, 39.71112060546875, 4.384364603019446
1625, 200.10372924804688, -360.8683776855469, 0.20117168128490448, 0.0, 0.27500003576278687, 40.269493103027344, 4.326893695617009
1626, 200.1905059814453, -360.7796936035156, 0.20180830359458923, 0.0, 0.20000001788139343, 40.82720947265625, 4.27068366283093
1627, 200.27345275878906, -360.6932373046875, 0.20053507387638092, 0.0, 0.15000000596046448, 41.36602783203125, 4.218613648959775
1628, 200.35313415527344, -360.6085205078125, 0.20117168128490448, 0.0, 0.07500000298023224, 41.889617919921875, 4.170452068086963
1629, 200.43833923339844, -360.5160827636719, 0.20180830359458923, 0.0, 4.0978194171259474e-09, 42.45598220825195, 4.121903184442159
1630, 200.5179443359375, -360.4280090332031, 0.20053507387638092, 0.0, 0.0, 42.99113464355469, 4.0783708329650326
1631, 200.59426879882812, -360.3419189453125, 0.20117168128490448, 0.0, 0.0, 43.50947189331055, 4.037281997362425
1632, 200.66937255859375, -360.2554931640625, 0.20180830359458923, 0.0, 0.0, 44.02598571777344, 3.996782962407397
1633, 200.74476623535156, -360.1671447753906, 0.20053507387638092, 0.05000000074505806, 0.0, 44.5500373840332, 3.958176465548235
1634, 200.81906127929688, -360.07830810546875, 0.20117168128490448, 0.125, 0.0, 45.07231521606445, 3.9263317697850053
1635, 200.89212036132812, -359.9893798828125, 0.20180830359458923, 0.2250000238418579, 0.0, 45.591705322265625, 3.9050751787322393
1636, 200.9607391357422, -359.90435791015625, 0.19989845156669617, 0.27500003576278687, 0.0, 46.0830192565918, 3.8971549458702364
1637, 201.0281982421875, -359.81927490234375, 0.20053507387638092, 0.3500000536441803, 0.0, 46.569862365722656, 3.89888986821887
1638, 201.09774780273438, -359.72998046875, 0.20117168128490448, 0.42500007152557373, 0.0, 47.076637268066406, 3.9118939176389804
1639, 201.16700744628906, -359.6395568847656, 0.19989845156669617, 0.4750000834465027, 0.0, 47.58491516113281, 3.9358999879230616
1640, 201.2405242919922, -359.5418395996094, 0.20053507387638092, 0.550000011920929, 0.0, 48.12933349609375, 3.9714483367173
1641, 201.3126678466797, -359.4440612792969, 0.20117168128490448, 0.6249999403953552, 0.0, 48.669437408447266, 4.017427331158358
1642, 201.3846435546875, -359.3446350097656, 0.20180830359458923, 0.6499999165534973, 0.0, 49.21454620361328, 4.072672720584976
1643, 201.4550323486328, -359.2455139160156, 0.19989845156669617, 0.574999988079071, 0.0, 49.75279235839844, 4.128338257687757
1644, 201.5267791748047, -359.142578125, 0.20053507387638092, 0.5000000596046448, 0.0, 50.30696487426758, 4.178606762558337
1645, 201.59536743164062, -359.04205322265625, 0.20180830359458923, 0.4500000476837158, 0.0, 50.84481430053711, 4.218233015361686
1646, 201.66351318359375, -358.9402770996094, 0.19989845156669617, 0.3750000298023224, 0.0, 51.385738372802734, 4.248887969535923
1647, 201.7340545654297, -358.8326721191406, 0.19989845156669617, 0.3750000298023224, 0.0, 51.95347213745117, 4.268570297172529
1648, 201.80593872070312, -358.7205505371094, 0.20117168128490448, 0.22499999403953552, 0.0, 52.5422248840332, 4.275826885623367
1649, 201.873779296875, -358.61224365234375, 0.20117168128490448, 0.12499997764825821, 0.0, 53.10823059082031, 4.269161949707164
1650, 201.9396514892578, -358.5047912597656, 0.19989845156669617, 0.07499998062849045, 0.0, 53.667144775390625, 4.250009987905201
1651, 202.00352478027344, -358.3981628417969, 0.20053507387638092, -1.8253922817734747e-08, 0.0, 54.21908187866211, 4.21993571371552
1652, 202.06846618652344, -358.2872314453125, 0.20117168128490448, 0.0, 0.0, 54.79173278808594, 4.179491370043852
1653, 202.13037109375, -358.1789245605469, 0.20180830359458923, 0.0, 0.0, 55.3496208190918, 4.136653208100559
1654, 202.1897430419922, -358.07257080078125, 0.20053507387638092, 0.0, 0.0, 55.895423889160156, 4.094023892931394
1655, 202.25079345703125, -357.9606628417969, 0.20053507387638092, 0.0, 0.0, 56.466861724853516, 4.048868853865219
1656, 202.3133087158203, -357.8429260253906, 0.20117168128490448, 0.05000000074505806, 0.0, 57.064910888671875, 4.004414270032381
1657, 202.36830139160156, -357.7369079589844, 0.19989845156669617, 0.125, 0.0, 57.60065460205078, 3.9713780319699645
1658, 202.42298889160156, -357.62890625, 0.19989845156669617, 0.20000001788139343, 0.0, 58.142581939697266, 3.9481702815605417
1659, 202.47457885742188, -357.52447509765625, 0.20053507387638092, 0.27500003576278687, 0.0, 58.66339874267578, 3.9375085177982045
1660, 202.52491760253906, -357.42022705078125, 0.20117168128490448, 0.3500000536441803, 0.0, 59.18107223510742, 3.9386812259963033
1661, 202.57522583007812, -357.31365966796875, 0.19989845156669617, 0.40000006556510925, 0.0, 59.706443786621094, 3.9512412920718374
1662, 202.62315368652344, -357.209716796875, 0.20053507387638092, 0.4750000834465027, 0.0, 60.215824127197266, 3.972959976234764
1663, 202.6720733642578, -357.10107421875, 0.20117168128490448, 0.550000011920929, 0.0, 60.74542999267578, 4.006371060754167
1664, 202.7191619873047, -356.994140625, 0.19989845156669617, 0.5999999642372131, 0.0, 61.26365280151367, 4.049287926484221
1665, 202.7633819580078, -356.8913879394531, 0.20053507387638092, 0.6749998927116394, 0.0, 61.75855255126953, 4.098088802233225
1666, 202.80953979492188, -356.7815856933594, 0.20117168128490448, 0.7499998211860657, 0.0, 62.28514099121094, 4.15932506299314
1667, 202.8573455810547, -356.6650390625, 0.19989845156669617, 0.7999997735023499, 0.0, 62.839962005615234, 4.233762632567396
1668, 202.90261840820312, -356.5517578125, 0.19989845156669617, 0.8999996781349182, 0.0, 63.37519073486328, 4.313657740613967
1669, 202.9505615234375, -356.4287109375, 0.20053507387638092, 0.9749996066093445, 0.0, 63.953372955322266, 4.41046854307428
1670, 202.99813842773438, -356.30303955078125, 0.20117168128490448, 0.9999996423721313, 0.0, 64.54024505615234, 4.516836223313989
1671, 203.0465850830078, -356.17120361328125, 0.20180830359458923, 0.9249997138977051, 0.0, 65.15351104736328, 4.628850720582488
1672, 203.09378051757812, -356.0386657714844, 0.19989845156669617, 0.8499997854232788, 0.0, 65.76549530029297, 4.7348691890197285
1673, 203.1393280029297, -355.9066467285156, 0.20117168128490448, 0.7999998331069946, 0.0, 66.37232971191406, 4.831091705509653
1674, 203.18507385253906, -355.7693786621094, 0.20180830359458923, 0.7249999046325684, 0.0, 67.00100708007812, 4.920392499224916
1675, 203.23001098632812, -355.6297912597656, 0.19989845156669617, 0.6499999761581421, 0.0, 67.63707733154297, 4.999149782634316
1676, 203.27700805664062, -355.4783935546875, 0.20053507387638092, 0.5750000476837158, 0.0, 68.32379150390625, 5.070170246932525
1677, 203.32131958007812, -355.32958984375, 0.20180830359458923, 0.5250000953674316, 0.0, 68.99720764160156, 5.126771348249108
1678, 203.36480712890625, -355.17724609375, 0.19989845156669617, 0.4500001072883606, 0.0, 69.68409729003906, 5.1721265881713885
1679, 203.407958984375, -355.0191345214844, 0.20053507387638092, 0.3500000834465027, 0.0, 70.3949203491211, 5.2021090440943265
1680, 203.44735717773438, -354.8679504394531, 0.20053507387638092, 0.27500006556510925, 0.0, 71.07460021972656, 5.202088342165124
1681, 203.48452758789062, -354.71826171875, 0.20117168128490448, 0.20000004768371582, 0.0, 71.75382232666016, 5.168764686242674
1682, 203.52047729492188, -354.56695556640625, 0.20180830359458923, 0.1250000298023224, 0.0, 72.44721221923828, 5.139915165609052
1683, 203.5536346435547, -354.4201965332031, 0.19989845156669617, 0.050000034272670746, 0.0, 73.1185531616211, 5.075725190409594
1684, 203.5880889892578, -354.25921630859375, 0.20053507387638092, -0.024999966844916344, 0.0, 73.86224365234375, 5.033871922936707
1685, 203.6198272705078, -354.09991455078125, 0.20117168128490448, 0.0, 0.0, 74.59009552001953, 5.037071594415116
1686, 203.64955139160156, -353.9385070800781, 0.20180830359458923, 0.0, 0.0, 75.32122039794922, 5.006519863238297
1687, 203.67538452148438, -353.7867431640625, 0.20053507387638092, 0.0, 0.0, 76.00508880615234, 4.964306182314247
1688, 203.6985321044922, -353.63995361328125, 0.20117168128490448, 0.0, 0.0, 76.66503143310547, 4.917424331652003
1689, 203.72076416015625, -353.486083984375, 0.20180830359458923, 0.0, 0.0, 77.3557357788086, 4.865314332033452
1690, 203.74046325683594, -353.3369140625, 0.19989845156669617, 0.0, 0.0, 78.02406311035156, 4.813749582031874
1691, 203.75816345214844, -353.18963623046875, 0.20053507387638092, 0.0, 0.0, 78.68238067626953, 4.7621233313712565
1692, 203.77354431152344, -353.0473327636719, 0.20053507387638092, 0.0, 0.0, 79.31792449951172, 4.712023723968614
1693, 203.78756713867188, -352.90130615234375, 0.20117168128490448, 0.0, 0.0, 79.9701156616211, 4.660458957944895
1694, 203.80015563964844, -352.75164794921875, 0.1992618292570114, 0.0, 0.0, 80.63751983642578, 4.607889700835691
1695, 203.81069946289062, -352.6065979003906, 0.19735197722911835, 0.0, 0.0, 81.2813949584961, 4.557127718233813
1696, 203.8192596435547, -352.46917724609375, 0.1954421103000641, 0.0, 0.0, 81.8876953125, 4.509150873435672
1697, 203.82655334472656, -352.3280334472656, 0.19353225827217102, 0.0, 0.0, 82.50596618652344, 4.459951320682504
1698, 203.83267211914062, -352.1791687011719, 0.19162240624427795, 0.0, 0.0, 83.15271759033203, 4.408104503716754
1699, 203.83692932128906, -352.0398254394531, 0.1897125393152237, 0.0, 0.0, 83.75328826904297, 4.359585835531667
1700, 203.83978271484375, -351.9006652832031, 0.18780268728733063, 0.0, 0.0, 84.34767150878906, 4.3111733266997
1701, 203.84146118164062, -351.76092529296875, 0.17761677503585815, 0.0, 0.0, 84.9324722290039, 4.263457734071903
1702, 203.8422088623047, -351.6252136230469, 0.16806748509407043, 0.0, 0.0, 85.48219299316406, 4.21747080239462
1703, 203.8422088623047, -351.49505615234375, 0.15851819515228271, 0.0, 0.0, 85.988525390625, 4.173520842396549
1704, 203.84158325195312, -351.36279296875, 0.1489689201116562, 0.0, 0.0, 86.47931671142578, 4.128901819367525
1705, 203.84039306640625, -351.2374267578125, 0.14260272681713104, 0.0, 0.0, 86.9228515625, 4.086428961906093
1706, 203.8385772705078, -351.10711669921875, 0.13305343687534332, 0.0, 0.0, 87.36064910888672, 4.0423427722422
1707, 203.83616638183594, -350.9757995605469, 0.12859709560871124, 0.0, 0.0, 87.7800064086914, 3.997571091718892
1708, 203.83311462402344, -350.8481140136719, 0.12668724358081818, 0.0, 0.0, 88.17240142822266, 3.9537059481426997
1709, 203.8292999267578, -350.7184753417969, 0.12414076924324036, 0.05000000074505806, 0.0, 88.55885314941406, 3.912031162772169
1710, 203.82492065429688, -350.59490966796875, 0.1222309097647667, 0.125, 0.0, 88.91806030273438, 3.879591478026799
1711, 203.81993103027344, -350.47332763671875, 0.12032105028629303, 0.20000001788139343, 0.0, 89.26383972167969, 3.8585091677513397
1712, 203.8143310546875, -350.3514709472656, 0.11841119825839996, 0.2250000238418579, 0.0, 89.60357666015625, 3.8475363501090243
1713, 203.8079833984375, -350.2279968261719, 0.1165013387799263, 0.15000000596046448, 0.0, 89.94158172607422, 3.837049782485815
1714, 203.8010711669922, -350.10540771484375, 0.11459147930145264, 0.07500000298023224, 0.0, 90.27166748046875, 3.8184616071834694
1715, 203.7934112548828, -349.98114013671875, 0.11268161982297897, 4.0978194171259474e-09, 0.0, 90.6012191772461, 3.787961988756683
1716, 203.78529357910156, -349.8587341308594, 0.11013514548540115, 0.0, 0.0, 90.92028045654297, 3.7506921897210628
1717, 203.776611328125, -349.7369079589844, 0.10886190831661224, 0.0, 0.0, 91.23344421386719, 3.710397743383223
1718, 203.76785278320312, -349.6212158203125, 0.10695204883813858, 0.0, 0.0, 91.52654266357422, 3.6710792309354723
1719, 203.7588653564453, -349.5067443847656, 0.09740276634693146, 0.0, 0.0, 91.80634307861328, 3.6321982410606344
1720, 203.7498016357422, -349.392578125, 0.08785347640514374, 0.0, 0.0, 92.06887817382812, 3.593382045451894
1721, 203.7403106689453, -349.2721862792969, 0.07512108981609344, 0.10000000149011612, 0.0, 92.32118225097656, 3.5556506196625866
1722, 203.73146057128906, -349.15887451171875, 0.06557180732488632, 0.17500001192092896, 0.0, 92.53321838378906, 3.5333055267014504
1723, 203.72303771972656, -349.0511169433594, 0.06366194784641266, 0.2500000298023224, 0.0, 92.71698760986328, 3.5242538499256293
1724, 203.714111328125, -348.939453125, 0.061752088367938995, 0.3250000476837158, 0.0, 92.8946762084961, 3.527834171780921
1725, 203.7052764892578, -348.8313903808594, 0.05984223261475563, 0.40000006556510925, 0.0, 93.05767822265625, 3.543386622814066
1726, 203.69593811035156, -348.71990966796875, 0.05793237313628197, 0.4750000834465027, 0.0, 93.2184066772461, 3.5715245072460613
1727, 203.68614196777344, -348.6057434082031, 0.0560225173830986, 0.550000011920929, 0.0, 93.37640380859375, 3.6124027851187175
1728, 203.6760711669922, -348.4903869628906, 0.05411265790462494, 0.6249999403953552, 0.0, 93.53006744384766, 3.6652638075987003
1729, 203.6659698486328, -348.3767395019531, 0.052202802151441574, 0.6999998688697815, 0.0, 93.67587280273438, 3.7278553377429122
1730, 203.65521240234375, -348.2579345703125, 0.05029294267296791, 0.7749997973442078, 0.0, 93.82276916503906, 3.8038279785201023
1731, 203.6437225341797, -348.13330078125, 0.048383086919784546, 0.849999725818634, 0.0, 93.97101593017578, 3.893974390680575
1732, 203.63278198242188, -348.0140686035156, 0.03883378952741623, 0.9499996304512024, 0.0, 94.10197448730469, 3.989801708899781
1733, 203.62123107910156, -347.8857727050781, 0.029284488409757614, 0.9999995827674866, 0.0, 94.22413635253906, 4.102712168058289
1734, 203.60972595214844, -347.7541198730469, 0.019735191017389297, 1.0, 0.0, 94.32676696777344, 4.223421747190478
1735, 203.5989532470703, -347.6264343261719, 0.01018589362502098, 1.0, 0.0, 94.40225982666016, 4.3405073758621775
1736, 203.58746337890625, -347.4837951660156, 0.0, 1.0, 0.0, 94.45880126953125, 4.46973554073925
1737, 203.57669067382812, -347.3469543457031, 0.0, 1.0, 0.0, 94.49304962158203, 4.591407710105409
1738, 203.56556701660156, -347.2048645019531, 0.0, 1.0, 0.0, 94.5163803100586, 4.714799372764795
1739, 203.55380249023438, -347.0545349121094, 0.0, 1.0, 0.0, 94.53291320800781, 4.842147130949152
1740, 203.542236328125, -346.9073791503906, 0.0, 1.0, 0.0, 94.54421997070312, 4.963674033837485
1741, 203.52944946289062, -346.7450256347656, 0.0, 1.0, 0.0, 94.55326080322266, 5.094386237924188
1742, 203.51673889160156, -346.5843200683594, 0.0, 1.0, 0.0, 94.56000518798828, 5.220417436874639
1743, 203.50323486328125, -346.4144592285156, 0.0, 1.0, 0.0, 94.56555938720703, 5.350289625886262
1744, 203.4893341064453, -346.2397155761719, 0.0, 1.0, 0.0, 94.57032012939453, 5.480547054625728
1745, 203.474853515625, -346.05767822265625, 0.0, 1.0, 0.0, 94.57463073730469, 5.612879100487915
1746, 203.4612579345703, -345.88720703125, 0.0, 1.0, 0.0, 94.5782699584961, 5.733935738071138
1747, 203.4462432861328, -345.6993713378906, 0.0, 1.0, 0.0, 94.58195495605469, 5.864286037324091
1748, 203.4308319091797, -345.5049133300781, -0.0038197184912860394, 0.9500000476837158, 0.0, 94.5818099975586, 5.994461357931789
1749, 203.4161834716797, -345.3161315917969, -0.009549296461045742, 0.8750001192092896, 0.0, 94.57222747802734, 6.112747083203516
1750, 203.4016876220703, -345.12347412109375, -0.015278873965144157, 0.8000001907348633, 0.0, 94.54818725585938, 6.22231515716052
1751, 203.38743591308594, -344.929443359375, -0.015278873033821583, 0.7000002861022949, 0.0, 94.51174926757812, 6.319583273970363
1752, 203.37290954589844, -344.7284240722656, -0.013369012624025345, 0.6250003576278687, 0.0, 94.46697235107422, 6.404390636258349
1753, 203.35848999023438, -344.5285949707031, -0.011459152214229107, 0.5500004291534424, 0.0, 94.42017364501953, 6.472668067837719
1754, 203.34339904785156, -344.31890869140625, -0.010185912251472473, 0.5000004768371582, 0.0, 94.3714599609375, 6.5283765986534705
1755, 203.32872009277344, -344.1147155761719, -0.008276051841676235, 0.5250004529953003, 0.0, 94.32645416259766, 6.571700708044524
1756, 203.31361389160156, -343.9044189453125, -0.0063661932945251465, 0.6000003814697266, 0.0, 94.28460693359375, 6.613367779727458
1757, 203.29837036132812, -343.6932678222656, -0.0044563342817127705, 0.6750003099441528, 0.0, 94.24847412109375, 6.659589860613216
1758, 203.2832794189453, -343.4850769042969, -0.0025464745704084635, 0.7500002384185791, 0.0, 94.21952056884766, 6.713385099985893
1759, 203.26760864257812, -343.27044677734375, 0.0, 0.8500001430511475, 0.0, 94.19795227050781, 6.779624835434226
1760, 203.25250244140625, -343.06280517578125, -0.0019098592456430197, 0.9250000715255737, 0.0, 94.18211364746094, 6.856111234044677
1761, 203.23683166503906, -342.84442138671875, -0.007639436982572079, 1.0, 0.0, 94.1629409790039, 6.948904134626367
1762, 203.2214813232422, -342.62408447265625, -0.013369014486670494, 0.9500000476837158, 0.0, 94.13378143310547, 7.051295949451526
1763, 203.20513916015625, -342.3826904296875, -0.014005634002387524, 0.8750001192092896, 0.0, 94.09027862548828, 7.164108804578749
1764, 203.19036865234375, -342.1597900390625, -0.012095773592591286, 0.8000001907348633, 0.0, 94.04438781738281, 7.26293669016892
1765, 203.17481994628906, -341.92303466796875, -0.010822533629834652, 0.7500002384185791, 0.0, 93.99365997314453, 7.35904555939525
1766, 203.1597442626953, -341.6925964355469, -0.008912673220038414, 0.6500003337860107, 0.0, 93.94522094726562, 7.441851580338458
1767, 203.14401245117188, -341.451904296875, -0.006366194225847721, 0.5750004053115845, 0.0, 93.89873504638672, 7.513763086416329
1768, 203.1284942626953, -341.2146911621094, -0.004456335213035345, 0.5000004768371582, 0.0, 93.85870361328125, 7.569222802338313
1769, 203.11302185058594, -340.9789733886719, -0.002546475501731038, 0.42500045895576477, 0.0, 93.82556915283203, 7.608767678060646
1770, 203.0973358154297, -340.7413330078125, 0.0, 0.35000044107437134, 0.0, 93.80022430419922, 7.632659453904069
1771, 203.08169555664062, -340.5050964355469, 0.0, 0.2750004231929779, 0.0, 93.78195190429688, 7.640324732592736
1772, 203.06553649902344, -340.2618408203125, 0.0, 0.20000040531158447, 0.0, 93.76828002929688, 7.631467524370857
1773, 203.04962158203125, -340.0215148925781, 0.0, 0.12500038743019104, 0.0, 93.75833892822266, 7.606573052592081
1774, 203.03501892089844, -339.8003845214844, 0.0, 0.0500003919005394, 0.0, 93.75142669677734, 7.5702331672805725
1775, 203.02093505859375, -339.58685302734375, 0.0, 3.915280046840053e-07, 0.0, 93.74609375, 7.522807455375034
1776, 203.00607299804688, -339.3610534667969, 0.0, 0.0, 0.0, 93.7414321899414, 7.461416911788194
1777, 202.99179077148438, -339.14404296875, 0.0, 0.0, 0.0, 93.7376708984375, 7.396526839660703
1778, 202.9774932861328, -338.9237365722656, -0.005729577504098415, 0.0, 0.0, 93.72955322265625, 7.326707611422359
1779, 202.96389770507812, -338.7081604003906, -0.01145915500819683, 0.0, 0.0, 93.71068572998047, 7.256030898596948
1780, 202.95089721679688, -338.4963073730469, -0.01209577452391386, 0.07500000298023224, 0.0, 93.68180084228516, 7.187720294096684
1781, 202.938720703125, -338.2947692871094, -0.010185914114117622, 0.15000000596046448, 0.0, 93.64797973632812, 7.127912546214619
1782, 202.9262237548828, -338.08563232421875, -0.008276053704321384, 0.07500000298023224, 0.0, 93.6119384765625, 7.07098640646915
1783, 202.9132843017578, -337.8691711425781, -0.006366195157170296, 4.0978194171259474e-09, 0.0, 93.57421112060547, 7.009630155068775
1784, 202.90109252929688, -337.6654357910156, -0.005092955660074949, 0.0, 0.0, 93.53749084472656, 6.944904359411919
1785, 202.888671875, -337.45819091796875, -0.0031830964144319296, 0.0, 0.0, 93.5079345703125, 6.876835422656729
1786, 202.8768310546875, -337.261474609375, 0.0, 0.0, 0.0, 93.4896011352539, 6.810606407035493
1787, 202.86453247070312, -337.0583801269531, 0.0, 0.0, 0.0, 93.47054290771484, 6.743366789946931
1788, 202.85227966308594, -336.8571472167969, 0.0, 0.0, 0.0, 93.45658874511719, 6.677085676137534
1789, 202.84054565429688, -336.66497802734375, 0.0, 0.0, 0.0, 93.44034576416016, 6.61099325159958
1790, 202.82833862304688, -336.46337890625, 0.0, 0.0, 0.0, 93.43331146240234, 6.541989468567582
1791, 202.81622314453125, -336.26324462890625, 0.0, 0.0, 0.0, 93.4271240234375, 6.4749305804479595
1792, 202.80435180664062, -336.0662841796875, 0.0, 0.0, 0.0, 93.42215728759766, 6.408126900012295
1793, 202.79254150390625, -335.8699035644531, 0.0, 0.0, 0.0, 93.41795349121094, 6.340828981822083
1794, 202.7802734375, -335.66552734375, 0.0, 0.0, 0.0, 93.413818359375, 6.26934019392093
1795, 202.7689666748047, -335.47686767578125, 0.0, 0.0, 0.0, 93.41133880615234, 6.20372182454939
1796, 202.7576904296875, -335.288818359375, 0.0, 0.0, 0.0, 93.40872955322266, 6.138713036771637
1797, 202.74688720703125, -335.10650634765625, 0.0, 0.0, 0.0, 93.41526794433594, 6.066747702534542
1798, 202.73605346679688, -334.9273681640625, 0.0, 0.0, 0.0, 93.40066528320312, 5.986821118644636
1799, 202.72525024414062, -334.7463073730469, 0.0, 0.0, 0.0, 93.40032196044922, 5.926340553198658
1800, 202.71417236328125, -334.5604553222656, 0.0, 0.0, 0.0, 93.3987808227539, 5.866364809969866
1801, 202.70404052734375, -334.3885498046875, 0.0, 0.0, 0.0, 93.40726470947266, 5.79623717375502
1802, 202.6936798095703, -334.2171936035156, 0.0, 0.05000000074505806, 0.0, 93.392822265625, 5.720511182294973
1803, 202.6833038330078, -334.0423278808594, 0.0, 0.125, 0.0, 93.3930435180664, 5.670839679887995
1804, 202.6728057861328, -333.86578369140625, 0.0, 0.20000001788139343, 0.0, 93.39241027832031, 5.629864106625734
1805, 202.6623992919922, -333.68792724609375, -0.005729577504098415, 0.27500003576278687, 0.0, 93.38685607910156, 5.593002999880161
1806, 202.65237426757812, -333.5109558105469, -0.01145915500819683, 0.20000001788139343, 0.0, 93.37088012695312, 5.561406136128846
1807, 202.6430206298828, -333.3399963378906, -0.01209577452391386, 0.125, 0.0, 93.34587860107422, 5.533154241864455
1808, 202.63433837890625, -333.1765441894531, -0.009549293667078018, 0.02500000409781933, 0.0, 93.32726287841797, 5.481853235773743
1809, 202.6254425048828, -333.01385498046875, -0.008276053704321384, -0.02499999664723873, 0.0, 93.28240203857422, 5.41598611263683
1810, 202.61599731445312, -332.8387756347656, -0.005729575175791979, 0.0, 0.0, 93.25247955322266, 5.366967149454353
1811, 202.6057586669922, -332.6507873535156, -0.003819716162979603, 0.0, 0.0, 93.22291564941406, 5.303464232007186
1812, 202.59591674804688, -332.47088623046875, -0.0019098566845059395, 0.0, 0.0, 93.20047760009766, 5.240383791360898
1813, 202.58663940429688, -332.3033447265625, 0.0, 0.0, 0.0, 93.18553924560547, 5.1864106160346575
1814, 202.57823181152344, -332.1504211425781, 0.0, 0.0, 0.0, 93.18756866455078, 5.115485934946661
1815, 202.56884765625, -331.9801940917969, -0.0038197184912860394, 0.0, 0.0, 93.17374420166016, 5.0525515132955805
1816, 202.56040954589844, -331.82269287109375, -0.009549296461045742, 0.0, 0.0, 93.15531158447266, 5.002404767064077
1817, 202.55198669433594, -331.6585998535156, -0.015278873965144157, 0.0, 0.0, 93.11627960205078, 4.9758676233360735
1818, 202.54432678222656, -331.50006103515625, -0.015915492549538612, 0.07500000298023224, 0.0, 93.0763931274414, 4.947275955507505
1819, 202.53717041015625, -331.347412109375, -0.014005633071064949, 0.15000000596046448, 0.0, 93.03304290771484, 4.916486909960586
1820, 202.53048706054688, -331.2041320800781, -0.012095772661268711, 0.2500000298023224, 0.0, 92.99163818359375, 4.893444097474641
1821, 202.5232391357422, -331.0494079589844, -0.009549291804432869, 0.3250000476837158, 0.0, 92.94955444335938, 4.881052579527439
1822, 202.5155792236328, -330.88623046875, -0.007639432325959206, 0.40000006556510925, 0.0, 92.91026306152344, 4.882800331939669
1823, 202.50790405273438, -330.72381591796875, -0.00572957331314683, 0.4750000834465027, 0.0, 92.8770980834961, 4.899001405183097
1824, 202.50038146972656, -330.56610107421875, -0.0038197143003344536, 0.5000000596046448, 0.0, 92.85118103027344, 4.925889524699512
1825, 202.4925994873047, -330.404296875, -0.0019098548218607903, 0.42500004172325134, 0.0, 92.83126831054688, 4.955567846260929
1826, 202.48468017578125, -330.2418212890625, 0.0, 0.3500000238418579, 0.0, 92.81805419921875, 4.978519347132978
1827, 202.4769744873047, -330.0843811035156, 0.0, 0.2750000059604645, 0.0, 92.81010437011719, 4.990260557029099
1828, 202.469482421875, -329.9325256347656, 0.0, 0.19999998807907104, 0.0, 92.80525207519531, 4.989833585674469
1829, 202.4621124267578, -329.7823486328125, 0.0, 0.12499997764825821, 0.0, 92.80209350585938, 4.977096061354712
1830, 202.4539337158203, -329.61566162109375, 0.0, 0.04999998211860657, 0.0, 92.7996826171875, 4.9482930118366735
1831, 202.4463653564453, -329.4580383300781, -0.0038197184912860394, 0.0, 0.0, 92.7946548461914, 4.907882054463841
1832, 202.43905639648438, -329.3006896972656, -0.009549296461045742, 0.0, 0.0, 92.78103637695312, 4.859609621202279
1833, 202.4325408935547, -329.1517028808594, -0.015278873965144157, 0.0, 0.0, 92.7560043334961, 4.810472209670437
1834, 202.42649841308594, -329.00390625, -0.021008450537919998, 0.0, 0.0, 92.7164306640625, 4.760101349460252
1835, 202.4212188720703, -328.86236572265625, -0.026738028973340988, 0.0, 0.0, 92.66239929199219, 4.711127416726811
1836, 202.41629028320312, -328.72076416015625, -0.024828171357512474, 0.0, 0.0, 92.59786224365234, 4.661959806750908
1837, 202.41151428222656, -328.5795593261719, -0.02291831374168396, 0.0, 0.07500000298023224, 92.52849578857422, 4.612516339706287
1838, 202.40696716308594, -328.44146728515625, -0.02164507657289505, 0.0, 0.125, 92.45918273925781, 4.561503351101377
1839, 202.40283203125, -328.3146057128906, -0.019735218957066536, 0.0, 0.20000001788139343, 92.39633178710938, 4.512001814391315
1840, 202.39866638183594, -328.18609619140625, -0.017825361341238022, 0.0, 0.27500003576278687, 92.33517456054688, 4.458576396248536
1841, 202.39466857910156, -328.06103515625, -0.016552122309803963, 0.0, 0.3250000476837158, 92.27872467041016, 4.403301034012069
1842, 202.39085388183594, -327.9418029785156, -0.014642263762652874, 0.0, 0.40000006556510925, 92.22837829589844, 4.347542306656432
1843, 202.3870849609375, -327.8249206542969, -0.012732403352856636, 0.0, 0.4750000834465027, 92.18292999267578, 4.289545164948357
1844, 202.38331604003906, -327.7069396972656, -0.011459163390100002, 0.0, 0.5250000357627869, 92.14110565185547, 4.227469499232652
1845, 202.379638671875, -327.59356689453125, -0.009549302980303764, 0.0, 0.6249999403953552, 92.10503387451172, 4.16437874893059
1846, 202.37611389160156, -327.4840087890625, -0.007639442570507526, 0.0, 0.6749998927116394, 92.07438659667969, 4.099568978194293
1847, 202.3724365234375, -327.3710632324219, -0.005729584023356438, 0.0, 0.7499998211860657, 92.04750061035156, 4.028935469591761
1848, 202.36875915527344, -327.26092529296875, -0.003819724777713418, 0.0, 0.7249998450279236, 92.02610778808594, 3.9573287754726554
1849, 202.36524963378906, -327.15618896484375, -0.002546485047787428, 0.0, 0.6749998927116394, 92.00995635986328, 3.888642543700844
1850, 202.3616180419922, -327.0500183105469, 0.0, 0.0, 0.5999999642372131, 91.99844360351562, 3.820106627771178
1851, 202.35813903808594, -326.9494934082031, 0.0, 0.0, 0.550000011920929, 91.99109649658203, 3.756962624561709
1852, 202.35458374023438, -326.8478698730469, 0.0, 0.0, 0.4750000536441803, 91.98604583740234, 3.695422633936749
1853, 202.35113525390625, -326.7483215332031, 0.0, 0.0, 0.42500004172325134, 91.98263549804688, 3.6375788593091216
1854, 202.34774780273438, -326.6517028808594, 0.0, 0.0, 0.3500000238418579, 91.98023986816406, 3.5840440930054394
1855, 202.34445190429688, -326.55657958984375, 0.0, 0.0, 0.30000001192092896, 91.97850799560547, 3.533933543444629
1856, 202.34104919433594, -326.4579162597656, 0.0, 0.0, 0.22499999403953552, 91.9770736694336, 3.4848830254089758
1857, 202.33775329589844, -326.3629150390625, 0.0, 0.05000000074505806, 0.1499999761581421, 91.97599029541016, 3.4432371696466038
1858, 202.3343505859375, -326.264404296875, 0.0, 0.10000000149011612, 0.09999997913837433, 91.9751205444336, 3.409146738878908
1859, 202.3311309814453, -326.1716613769531, 0.0, 0.17500001192092896, 0.024999981746077538, 91.97450256347656, 3.3875573249031627
1860, 202.32791137695312, -326.07843017578125, 0.0, 0.2500000298023224, 0.0, 91.97406005859375, 3.378192491210203
1861, 202.3245086669922, -325.97943115234375, 0.0, 0.30000004172325134, 0.0, 91.97380065917969, 3.3805309411555795
1862, 202.3211669921875, -325.8825988769531, 0.0, 0.40000006556510925, 0.0, 91.97371673583984, 3.393378375178128
1863, 202.31797790527344, -325.7899169921875, 0.0, 0.4500000774860382, 0.0, 91.97380065917969, 3.4164422546507454
1864, 202.314697265625, -325.6947937011719, 0.0, 0.5250000357627869, 0.0, 91.97402954101562, 3.4491069885390893
1865, 202.311279296875, -325.595703125, 0.0, 0.5999999642372131, 0.0, 91.97447204589844, 3.4930878524538476
1866, 202.3080596923828, -325.5016784667969, 0.0, 0.6499999165534973, 0.0, 91.97500610351562, 3.543248604530976
1867, 202.3045654296875, -325.4003601074219, 0.0, 0.7249998450279236, 0.0, 91.9757080078125, 3.6052014330757634
1868, 202.30113220214844, -325.3004150390625, 0.0, 0.7749997973442078, 0.0, 91.9765396118164, 3.6739635236525836
1869, 202.2976837158203, -325.20025634765625, 0.0, 0.849999725818634, 0.0, 91.97753143310547, 3.749385788174687
1870, 202.29421997070312, -325.0997314453125, 0.0, 0.9249996542930603, 0.0, 91.97865295410156, 3.832024790290751
1871, 202.29074096679688, -324.9981689453125, 0.0, 0.9749996066093445, 0.0, 91.97989654541016, 3.922114840585842
1872, 202.2869873046875, -324.8892822265625, 0.0, 1.0, 0.0, 91.98137664794922, 4.023440429081399
1873, 202.28347778320312, -324.7868957519531, 0.0, 1.0, 0.0, 91.98285675048828, 4.120507494252283
1874, 202.2797088623047, -324.67547607421875, -0.0038197184912860394, 1.0, 0.0, 91.98210144042969, 4.225782580476339
1875, 202.27610778808594, -324.562255859375, -0.009549296461045742, 1.0, 0.0, 91.97513580322266, 4.331294060514861
1876, 202.27297973632812, -324.4571838378906, -0.013369014486670494, 1.0, 0.0, 91.96182250976562, 4.427605507010247
1877, 202.2696075439453, -324.3333435058594, -0.019098592922091484, 1.0, 0.0, 91.93553161621094, 4.538644048488525
1878, 202.26670837402344, -324.2160949707031, -0.02291831001639366, 1.0, 0.0, 91.90046691894531, 4.641570448190542
1879, 202.26419067382812, -324.1009826660156, -0.02864788845181465, 0.9250000715255737, 0.0, 91.85574340820312, 4.738620454456535
1880, 202.26177978515625, -323.9709167480469, -0.03246760740876198, 0.8750001192092896, 0.0, 91.7927017211914, 4.841008430856112
1881, 202.2597198486328, -323.8375244140625, -0.03819718211889267, 0.8000001907348633, 0.0, 91.71430969238281, 4.936746156570032
1882, 202.2582244873047, -323.7132263183594, -0.0420168936252594, 0.7500002384185791, 0.0, 91.6293716430664, 5.017125445408086
1883, 202.2571258544922, -323.58050537109375, -0.04774646833539009, 0.6750003099441528, 0.0, 91.5249252319336, 5.093888675710834
1884, 202.25650024414062, -323.4363708496094, -0.05156618356704712, 0.6250003576278687, 0.0, 91.39605712890625, 5.165686285918624
1885, 202.2564239501953, -323.3054504394531, -0.05538589879870415, 0.5750004053115845, 0.0, 91.26653289794922, 5.2203853510182965
1886, 202.2570343017578, -323.1476745605469, -0.06111546978354454, 0.5000004768371582, 0.0, 91.09391784667969, 5.2717069714148055
1887, 202.2583770751953, -323.00140380859375, -0.06684504449367523, 0.42500045895576477, 0.0, 90.91725158691406, 5.294215280939284
1888, 202.26025390625, -322.8620300292969, -0.06684504449367523, 0.42500045895576477, 0.0, 90.73240661621094, 5.265433852036023
1889, 202.26312255859375, -322.71240234375, -0.07830418646335602, 0.2750004231929779, 0.0, 90.51789093017578, 5.24680468871084
1890, 202.26666259765625, -322.56866455078125, -0.08403375744819641, 0.20000040531158447, 0.0, 90.2950668334961, 5.198198648514153
1891, 202.27099609375, -322.4284973144531, -0.08785347640514374, 0.15000039339065552, 0.0, 90.06071472167969, 5.189760334618677
1892, 202.2761993408203, -322.2864074707031, -0.09358304738998413, 0.07500039041042328, 0.0, 89.80753326416016, 5.143317542332037
1893, 202.2820281982422, -322.15234375, -0.09740276634693146, 0.02500039152801037, 0.0, 89.552978515625, 5.1326616835820165
1894, 202.28903198242188, -322.01116943359375, -0.10313233733177185, 0.0, 0.0, 89.26945495605469, 5.075082344043912
1895, 202.2965850830078, -321.8781433105469, -0.10695204883813858, 0.0, 0.0, 88.98636627197266, 5.052200999835022
1896, 202.30491638183594, -321.7467041015625, -0.11268161982297897, 0.0, 0.0, 88.69296264648438, 4.99440318530885
1897, 202.31491088867188, -321.6069030761719, -0.1165013387799263, 0.0, 0.0, 88.36646270751953, 5.013220093464182
1898, 202.3262481689453, -321.4667053222656, -0.1222309097647667, 0.0, 0.0, 88.02281188964844, 5.00206540782055
1899, 202.3378143310547, -321.3367919921875, -0.12796048820018768, 0.0, 0.0, 87.6889419555664, 4.972573181662435
1900, 202.35118103027344, -321.2000427246094, -0.13178019225597382, 0.0, 0.0, 87.32140350341797, 4.932972167231344
1901, 202.3656005859375, -321.0646667480469, -0.1375097632408142, 0.0, 0.0, 86.94117736816406, 4.88900997393954
1902, 202.3807373046875, -320.9336853027344, -0.14132948219776154, 0.0, 0.0, 86.55787658691406, 4.844225285118199
1903, 202.39614868164062, -320.80999755859375, -0.14132948219776154, 0.0, 0.0, 86.18083190917969, 4.8004512921010445
1904, 202.41259765625, -320.6871337890625, -0.15278862416744232, 0.0, 0.0, 85.79145050048828, 4.756494107416538
1905, 202.43087768554688, -320.5597229003906, -0.15851819515228271, 0.0, 0.0, 85.37186431884766, 4.710428813772602
1906, 202.4507598876953, -320.4303894042969, -0.16233791410923004, 0.0, 0.0, 84.92986297607422, 4.6635496854655685
1907, 202.4705810546875, -320.3093566894531, -0.16806748509407043, 0.0, 0.0, 84.50175476074219, 4.619396220164256
1908, 202.49099731445312, -320.19195556640625, -0.17188720405101776, 0.0, 0.0, 84.07306671142578, 4.576542765812373
1909, 202.5133819580078, -320.0704650878906, -0.17761677503585815, 0.02500000037252903, 0.0, 83.61486053466797, 4.533550315595557
1910, 202.5369415283203, -319.9495849609375, -0.18143649399280548, 0.07500000298023224, 0.0, 83.14476013183594, 4.493999957129877
1911, 202.55917358398438, -319.8412170410156, -0.1852562129497528, 0.125, 0.0, 82.71219635009766, 4.463366319964213
1912, 202.58547973632812, -319.7194519042969, -0.1909857839345932, 0.20000001788139343, 0.0, 82.21260070800781, 4.436340215802659
1913, 202.61184692382812, -319.60369873046875, -0.19480548799037933, 0.2500000298023224, 0.0, 81.72480773925781, 4.4197663779526
1914, 202.6381378173828, -319.4934387207031, -0.20053507387638092, 0.3250000476837158, 0.0, 81.24850463867188, 4.412053753634487
1915, 202.66552734375, -319.3835754394531, -0.20117168128490448, 0.40000006556510925, 0.0, 80.76445007324219, 4.414270904506799
1916, 202.69400024414062, -319.27362060546875, -0.20180830359458923, 0.4750000834465027, 0.0, 80.27328491210938, 4.426714018256049
1917, 202.72418212890625, -319.16131591796875, -0.20053507387638092, 0.5250000357627869, 0.0, 79.76758575439453, 4.44971724266044
1918, 202.75355529785156, -319.05560302734375, -0.20180830359458923, 0.574999988079071, 0.0, 79.2890396118164, 4.478728449390682
1919, 202.78570556640625, -318.94354248046875, -0.19989845156669617, 0.6499999165534973, 0.0, 78.78073120117188, 4.51753059405788
1920, 202.82034301757812, -318.8265686035156, -0.19862520694732666, 0.6999998688697815, 0.0, 78.25041961669922, 4.567018708480278
1921, 202.85638427734375, -318.70843505859375, -0.1967153549194336, 0.7749997973442078, 0.0, 77.71701049804688, 4.624800159251766
1922, 202.8898162841797, -318.6018981933594, -0.1954421103000641, 0.8249997496604919, 0.0, 77.23793029785156, 4.683690383211872
1923, 202.9281768798828, -318.48297119140625, -0.19416888058185577, 0.8749997019767761, 0.0, 76.7059097290039, 4.7570579478291695
1924, 202.96640014648438, -318.36761474609375, -0.1922590136528015, 0.9499996304512024, 0.0, 76.193359375, 4.83436137930724
1925, 203.00770568847656, -318.2461853027344, -0.1909857839345932, 0.9999995827674866, 0.0, 75.65721893310547, 4.923116527168472
1926, 203.05226135253906, -318.1185607910156, -0.18907591700553894, 1.0, 0.0, 75.09769439697266, 5.021183846020776
1927, 203.09515380859375, -317.99871826171875, -0.18780268728733063, 1.0, 0.0, 74.57636260986328, 5.115449932202228
1928, 203.1394500732422, -317.8777770996094, -0.18589282035827637, 1.0, 0.0, 74.05392456054688, 5.211705047627109
1929, 203.18833923339844, -317.7474670410156, -0.18461959064006805, 1.0, 0.0, 73.4956283569336, 5.3164829146103605
1930, 203.23817443847656, -317.61785888671875, -0.1827097237110138, 1.0, 0.0, 72.94442749023438, 5.41750648212228
1931, 203.28936767578125, -317.4879150390625, -0.18079987168312073, 1.0, 0.0, 72.39533233642578, 5.5195111354066535
1932, 203.34503173828125, -317.35003662109375, -0.17952664196491241, 1.0, 0.0, 71.8175048828125, 5.625613785793829
1933, 203.4032440185547, -317.209716796875, -0.18016324937343597, 0.9750000238418579, 0.0, 71.23296356201172, 5.731941978548978
1934, 203.4581756591797, -317.080810546875, -0.1839829683303833, 0.9250000715255737, 0.0, 70.69251251220703, 5.822180399670684
1935, 203.52008056640625, -316.939697265625, -0.1897125393152237, 0.8500001430511475, 0.0, 70.09520721435547, 5.918250802329991
1936, 203.5843963623047, -316.7975158691406, -0.19353225827217102, 0.8000001907348633, 0.0, 69.48085021972656, 6.000172886451089
1937, 203.6474609375, -316.66229248046875, -0.1992618292570114, 0.725000262260437, 0.0, 68.8877944946289, 6.070901325643758
1938, 203.717041015625, -316.5174865722656, -0.20053507387638092, 0.6750003099441528, 0.0, 68.2363510131836, 6.133100107859972
1939, 203.78952026367188, -316.3712463378906, -0.20180830359458923, 0.6250003576278687, 0.0, 67.57198333740234, 6.180153348133686
1940, 203.86141967773438, -316.23004150390625, -0.19989845156669617, 0.5500004291534424, 0.0, 66.91651153564453, 6.220536081204184
1941, 203.9314727783203, -316.09613037109375, -0.20117168128490448, 0.5000004768371582, 0.0, 66.29234313964844, 6.259358179125824
1942, 204.0106658935547, -315.94879150390625, -0.20180830359458923, 0.42500045895576477, 0.0, 65.59320831298828, 6.291222414471148
1943, 204.08746337890625, -315.80975341796875, -0.20053507387638092, 0.3750004470348358, 0.0, 64.92880249023438, 6.307561379055662
1944, 204.170166015625, -315.6638488769531, -0.20180830359458923, 0.3750004470348358, 0.0, 64.2197036743164, 6.313886103967883
1945, 204.2498016357422, -315.5270690917969, -0.19989845156669617, 0.4750004708766937, 0.0, 63.549339294433594, 6.320980005883603
1946, 204.33213806152344, -315.3888854980469, -0.19862520694732666, 0.5250004529953003, 0.0, 62.86507797241211, 6.33260100577611
1947, 204.4103546142578, -315.2607727050781, -0.1967153549194336, 0.5750004053115845, 0.0, 62.22916030883789, 6.354364844735308
1948, 204.4994659423828, -315.118408203125, -0.19480548799037933, 0.6500003337860107, 0.0, 61.520835876464844, 6.382398948452369
1949, 204.5921630859375, -314.9740295410156, -0.19353225827217102, 0.7000002861022949, 0.0, 60.80297088623047, 6.40865367450752
1950, 204.67581176757812, -314.8467712402344, -0.19162240624427795, 0.6250003576278687, 0.0, 60.16909408569336, 6.443436373269737
1951, 204.76956176757812, -314.7074279785156, -0.1852562129497528, 0.5750004053115845, 0.0, 59.48173904418945, 6.494781740498888
1952, 204.86727905273438, -314.5653381347656, -0.18079987168312073, 0.5000004768371582, 0.0, 58.784305572509766, 6.534209727509208
1953, 204.95738220214844, -314.43719482421875, -0.17952664196491241, 0.45000046491622925, 0.0, 58.162235260009766, 6.566602104184723
1954, 205.05491638183594, -314.3014221191406, -0.1782533973455429, 0.4000004529953003, 0.0, 57.50490188598633, 6.596279684778912
1955, 205.1545867919922, -314.1659240722656, -0.18207311630249023, 0.35000044107437134, 0.0, 56.84885787963867, 6.614538193984775
1956, 205.25950622558594, -314.02691650390625, -0.18780268728733063, 0.2750004231929779, 0.0, 56.16533279418945, 6.617815378357988
1957, 205.35462951660156, -313.90399169921875, -0.19162240624427795, 0.22500041127204895, 0.0, 55.55093765258789, 6.617648143870752
1958, 205.45217895507812, -313.78094482421875, -0.1954421103000641, 0.17500039935112, 0.0, 54.92261505126953, 6.6118844910164345
1959, 205.5556182861328, -313.6539306640625, -0.20117168128490448, 0.10000038892030716, 0.0, 54.25670623779297, 6.597353956764085
1960, 205.66085815429688, -313.5279235839844, -0.19989845156669617, 0.0500003919005394, 0.0, 53.5782585144043, 6.568810261007611
1961, 205.7744903564453, -313.3954162597656, -0.20053507387638092, -0.02499960921704769, 0.0, 52.84671401977539, 6.531329447545918
1962, 205.87327575683594, -313.2828674316406, -0.20180830359458923, 0.0, 0.0, 52.210357666015625, 6.490538456414949
1963, 205.98114013671875, -313.1629333496094, -0.19989845156669617, 0.0, 0.0, 51.519657135009766, 6.447429025576292
1964, 206.09149169921875, -313.0431823730469, -0.20117168128490448, 0.0, 0.0, 50.81486892700195, 6.3935325473808735
1965, 206.2011260986328, -312.9270935058594, -0.19989845156669617, 0.0, 0.0, 50.119964599609375, 6.343185822414649
1966, 206.3041229248047, -312.8205261230469, -0.20053507387638092, 0.0, 0.0, 49.47038650512695, 6.2917302600568785
1967, 206.41859436035156, -312.7050476074219, -0.20180830359458923, 0.0, 0.0, 48.755123138427734, 6.237044087078975
1968, 206.52880859375, -312.5965270996094, -0.20053507387638092, 0.05000000074505806, 0.0, 48.06966018676758, 6.18181612946353
1969, 206.63766479492188, -312.49200439453125, -0.20117168128490448, 0.125, 0.0, 47.401119232177734, 6.1354890130584945
1970, 206.7417755126953, -312.3943176269531, -0.19989845156669617, 0.17500001192092896, 0.0, 46.767513275146484, 6.093299483133464
1971, 206.84713745117188, -312.2977294921875, -0.20117168128490448, 0.2250000238418579, 0.0, 46.134986877441406, 6.061209836815657
1972, 206.95626831054688, -312.1999206542969, -0.19989845156669617, 0.27500003576278687, 0.0, 45.48665237426758, 6.028232720318187
1973, 207.07376098632812, -312.0972900390625, -0.20053507387638092, 0.3500000536441803, 0.0, 44.797908782958984, 6.0028265322380925
1974, 207.18386840820312, -312.0032958984375, -0.20117168128490448, 0.42500007152557373, 0.0, 44.1590690612793, 5.980602740933004
1975, 207.29258728027344, -311.91265869140625, -0.19989845156669617, 0.4750000834465027, 0.0, 43.5372200012207, 5.97969434889088
1976, 207.40052795410156, -311.8246154785156, -0.20053507387638092, 0.550000011920929, 0.0, 42.927982330322266, 5.976009314601176
1977, 207.52296447753906, -311.7271728515625, -0.20180830359458923, 0.5999999642372131, 0.0, 42.24407196044922, 5.987170033981871
1978, 207.63534545898438, -311.6397705078125, -0.20053507387638092, 0.6499999165534973, 0.0, 41.6235237121582, 5.991045001866308
1979, 207.7565155029297, -311.5477294921875, -0.20117168128490448, 0.7249998450279236, 0.0, 40.96190643310547, 6.024040492479001
1980, 207.87628173828125, -311.4588317871094, -0.19989845156669617, 0.7749997973442078, 0.0, 40.31583786010742, 6.04863796982806
1981, 207.99472045898438, -311.37298583984375, -0.20117168128490448, 0.8249997496604919, 0.0, 39.684425354003906, 6.104570123387503
1982, 208.11813354492188, -311.2855529785156, -0.19989845156669617, 0.8749997019767761, 0.0, 39.03517532348633, 6.165175925812178
1983, 208.2405242919922, -311.2009582519531, -0.20053507387638092, 0.9499996304512024, 0.0, 38.400211334228516, 6.250173908409086
1984, 208.3720245361328, -311.1122131347656, -0.1992618292570114, 0.9999995827674866, 0.0, 37.72674560546875, 6.343172703540115
1985, 208.5076904296875, -311.0228576660156, -0.1979885846376419, 0.9499996304512024, 0.0, 37.042076110839844, 6.442292753712478
1986, 208.64202880859375, -310.9364318847656, -0.19607873260974884, 0.8749997019767761, 0.0, 36.37236785888672, 6.533706690258036
1987, 208.7754669189453, -310.8525390625, -0.19480548799037933, 0.7999997735023499, 0.0, 35.71617889404297, 6.618706444161037
1988, 208.91329956054688, -310.7679138183594, -0.19289563596248627, 0.7499998211860657, 0.0, 35.046913146972656, 6.697473987150947
1989, 209.04351806640625, -310.6897888183594, -0.19162240624427795, 0.6999998688697815, 0.0, 34.423255920410156, 6.765289137215097
1990, 209.1766357421875, -310.6117248535156, -0.19034916162490845, 0.6499999165534973, 0.0, 33.7934455871582, 6.825469631954302
1991, 209.3098907470703, -310.535400390625, -0.18907591700553894, 0.5999999642372131, 0.0, 33.16962814331055, 6.878054846819303
1992, 209.46286010742188, -310.4499816894531, -0.18716606497764587, 0.5250000357627869, 0.0, 32.46306610107422, 6.929545420150961
1993, 209.6188201904297, -310.365234375, -0.18589282035827637, 0.4750000536441803, 0.0, 31.752416610717773, 6.970789906581416
1994, 209.77024841308594, -310.28509521484375, -0.18461959064006805, 0.42500004172325134, 0.0, 31.069904327392578, 7.001071412709789
1995, 209.9159393310547, -310.20989990234375, -0.1827097237110138, 0.3500000238418579, 0.0, 30.420602798461914, 7.021292033393566
1996, 210.0745391845703, -310.13031005859375, -0.18652944266796112, 0.30000001192092896, 0.0, 29.718687057495117, 7.031029227263607
1997, 210.23947143554688, -310.0501403808594, -0.19034916162490845, 0.25, 0.0, 28.99037742614746, 7.031561009753473
1998, 210.38638305664062, -309.98089599609375, -0.19607873260974884, 0.17499998211860657, 0.0, 28.33963966369629, 7.021577530733597
1999, 210.5301055908203, -309.9153137207031, -0.19989845156669617, 0.12499997764825821, 0.0, 27.698734283447266, 7.002811256003536
2000, 210.68112182617188, -309.84869384765625, -0.20117168128490448, 0.07499998062849045, 0.0, 27.02056884765625, 6.974965373083138
2001, 210.8313751220703, -309.78466796875, -0.19989845156669617, 0.09999997913837433, 0.0, 26.342557907104492, 6.941930055912553
2002, 210.97113037109375, -309.7270812988281, -0.20053507387638092, 0.1499999761581421, 0.0, 25.710386276245117, 6.908222870647913
2003, 211.12225341796875, -309.6669006347656, -0.1992618292570114, 0.19999998807907104, 0.0, 25.026269912719727, 6.874399583692892
2004, 211.28146362304688, -309.6058044433594, -0.19735197722911835, 0.2750000059604645, 0.0, 24.307472229003906, 6.84079881232314
2005, 211.451416015625, -309.54302978515625, -0.19607873260974884, 0.32500001788139343, 0.0, 23.542831420898438, 6.8132253145736295
2006, 211.59811401367188, -309.4908142089844, -0.19480548799037933, 0.3750000298023224, 0.0, 22.885446548461914, 6.790398236125497
2007, 211.74180603027344, -309.44140625, -0.19353225827217102, 0.42500004172325134, 0.0, 22.246217727661133, 6.78175045976822
2008, 211.88479614257812, -309.3940124511719, -0.1922590136528015, 0.4750000536441803, 0.0, 21.61568260192871, 6.7768118764098935
2009, 212.03565979003906, -309.3458251953125, -0.19034916162490845, 0.40000003576278687, 0.0, 20.956863403320312, 6.779999589883043
2010, 212.1751251220703, -309.30291748046875, -0.18907591700553894, 0.3500000238418579, 0.0, 20.35251235961914, 6.7802251531209485
2011, 212.3245086669922, -309.2585754394531, -0.1852562129497528, 0.30000001192092896, 0.0, 19.71233558654785, 6.7812130536340005
2012, 212.4786834716797, -309.21453857421875, -0.17889001965522766, 0.25, 0.0, 19.06220245361328, 6.774740652495438
2013, 212.62286376953125, -309.1747131347656, -0.17252382636070251, 0.19999998807907104, 0.0, 18.465330123901367, 6.767433492413243
2014, 212.7737274169922, -309.13446044921875, -0.16615763306617737, 0.1499999761581421, 0.0, 17.853965759277344, 6.750893002370295
2015, 212.93185424804688, -309.0936584472656, -0.15660834312438965, 0.07499998062849045, 0.0, 17.231901168823242, 6.730023215296011
2016, 213.0873260498047, -309.05487060546875, -0.1502421498298645, 0.024999981746077538, 0.0, 16.638917922973633, 6.69591721399658
2017, 213.24464416503906, -309.0169372558594, -0.14387595653533936, 0.0, 0.0, 16.058273315429688, 6.66034414906363
2018, 213.392333984375, -308.98248291015625, -0.14260272681713104, 0.0, 0.0, 15.527790069580078, 6.615502275194209
2019, 213.53822326660156, -308.9497375488281, -0.14132948219776154, 0.0, 0.0, 15.016637802124023, 6.5752869625865795
2020, 213.68443298339844, -308.9181823730469, -0.13878300786018372, 0.0, 0.0, 14.515766143798828, 6.525756970771669
2021, 213.82843017578125, -308.8882751464844, -0.1375097632408142, 0.0, 0.0, 14.032331466674805, 6.48236172686402
2022, 213.974609375, -308.8591613769531, -0.1362365335226059, 0.0, 0.0, 13.550545692443848, 6.429539027207926
2023, 214.11981201171875, -308.83148193359375, -0.1349632889032364, 0.0, 0.0, 13.079466819763184, 6.384137348153299
2024, 214.26812744140625, -308.8044738769531, -0.13369005918502808, 0.0, 0.0, 12.605441093444824, 6.328287923372502
2025, 214.40850830078125, -308.780029296875, -0.13241681456565857, 0.02500000037252903, 0.0, 12.162705421447754, 6.2851928491357
2026, 214.54737854003906, -308.7569580078125, -0.1305069625377655, 0.10000000149011612, 0.0, 11.730928421020508, 6.235852100226676
2027, 214.69129943847656, -308.7341613769531, -0.129233717918396, 0.15000000596046448, 0.0, 11.289807319641113, 6.196743829493681
2028, 214.83663940429688, -308.7122497558594, -0.12796048820018768, 0.20000001788139343, 0.0, 10.850248336791992, 6.152421062359708
2029, 214.97349548339844, -308.6926574707031, -0.12668724358081818, 0.2500000298023224, 0.0, 10.441929817199707, 6.126405250636376
2030, 215.1103515625, -308.67401123046875, -0.12541399896144867, 0.30000004172325134, 0.0, 10.03917121887207, 6.0975846427463525
2031, 215.25494384765625, -308.6553955078125, -0.12414076924324036, 0.3500000536441803, 0.0, 9.619486808776855, 6.081588804903239
2032, 215.38490295410156, -308.6393737792969, -0.11459147930145264, 0.42500007152557373, 0.0, 9.250510215759277, 6.0655327645748836
2033, 215.51792907714844, -308.6236572265625, -0.10822528600692749, 0.42500007152557373, 0.0, 8.884956359863281, 6.06756852357845
2034, 215.65147399902344, -308.6083984375, -0.10185910016298294, 0.3750000596046448, 0.0, 8.531607627868652, 6.064769342109168
2035, 215.78334045410156, -308.59393310546875, -0.0954929068684578, 0.3250000476837158, 0.0, 8.197461128234863, 6.07090853316896
2036, 215.92041015625, -308.5793151855469, -0.08912671357393265, 0.27500003576278687, 0.0, 7.866184234619141, 6.066467293033161
2037, 216.0614776611328, -308.5647888183594, -0.0827605202794075, 0.2250000238418579, 0.0, 7.5428147315979, 6.065132178431534
2038, 216.19198608398438, -308.55169677734375, -0.07639432698488235, 0.17500001192092896, 0.0, 7.259284496307373, 6.051370399885862
2039, 216.3219451904297, -308.53900146484375, -0.0700281411409378, 0.125, 0.0, 6.993061542510986, 6.044428739891621
2040, 216.45440673828125, -308.52630615234375, -0.06366194039583206, 0.07500000298023224, 0.0, 6.738582611083984, 6.0231964425079685
2041, 216.5858612060547, -308.5140380859375, -0.05729574337601662, 0.02500000409781933, 0.0, 6.503091335296631, 6.00397961167736
2042, 216.72463989257812, -308.5012512207031, -0.05092954635620117, -0.02499999664723873, 0.0, 6.272983074188232, 5.967040059615674
2043, 216.8450927734375, -308.4903259277344, -0.04456334561109543, 0.0, 0.0, 6.088709831237793, 5.9409393584551795
2044, 216.971923828125, -308.4789123535156, -0.038197144865989685, 0.0, 0.0, 5.911220073699951, 5.9016956822837505
2045, 217.10841369628906, -308.4666442871094, -0.025464747101068497, 0.05000000074505806, 0.0, 5.742982864379883, 5.866031142336756
2046, 217.23838806152344, -308.45489501953125, -0.02164502814412117, 0.10000000149011612, 0.0, 5.603198051452637, 5.821374165092371
2047, 217.363037109375, -308.44366455078125, -0.02037179097533226, 0.15000000596046448, 0.0, 5.485698699951172, 5.792786721745912
2048, 217.49891662597656, -308.4315490722656, -0.0190985519438982, 0.20000001788139343, 0.0, 5.372928619384766, 5.752377664899895
2049, 217.62545776367188, -308.42041015625, -0.01782531477510929, 0.2500000298023224, 0.0, 5.279705047607422, 5.73069869187987
2050, 217.74452209472656, -308.4100036621094, -0.016552075743675232, 0.30000004172325134, 0.0, 5.20095157623291, 5.706462290446523
2051, 217.87152099609375, -308.3990783691406, -0.015278834849596024, 0.3500000536441803, 0.0, 5.125711441040039, 5.696409932352109
2052, 217.99331665039062, -308.38873291015625, -0.01400559488683939, 0.40000006556510925, 0.0, 5.060693264007568, 5.680749789409071
2053, 218.12432861328125, -308.377685546875, -0.012732354924082756, 0.40000006556510925, 0.0, 4.997964382171631, 5.679833005013233
2054, 218.24671936035156, -308.3674011230469, -0.006366157438606024, 0.3500000536441803, 0.0, 4.9473185539245605, 5.6700900894853925
2055, 218.3831329345703, -308.3557434082031, 0.0019098592456430197, 0.27500003576278687, 0.0, 4.904325485229492, 5.671389985743473
2056, 218.49940490722656, -308.345703125, 0.005729577504098415, 0.2250000238418579, 0.0, 4.878550052642822, 5.660782511937335
2057, 218.623046875, -308.3348388671875, 0.009549296461045742, 0.17500001192092896, 0.0, 4.862985134124756, 5.6628357040515365
2058, 218.7543487548828, -308.3230895996094, 0.013369014486670494, 0.125, 0.0, 4.859082221984863, 5.642675695660865
2059, 218.8741912841797, -308.3121643066406, 0.01718873344361782, 0.07500000298023224, 0.0, 4.866402626037598, 5.632224954083807
2060, 218.99534606933594, -308.3009033203125, 0.021008450537919998, 0.02500000409781933, 0.0, 4.884464740753174, 5.606808256612253
2061, 219.1231231689453, -308.28875732421875, 0.024828169494867325, -0.02499999664723873, 0.0, 4.915414333343506, 5.583975581237237
2062, 219.24807739257812, -308.2765808105469, 0.02864788845181465, 0.0, 0.0, 4.9567790031433105, 5.541779671853984
2063, 219.36656188964844, -308.2648620605469, 0.02737465128302574, 0.0, 0.0, 5.004247665405273, 5.51439071609573
2064, 219.49476623535156, -308.2520751953125, 0.025464793667197227, 0.0, 0.0, 5.061427116394043, 5.4657405036235716
2065, 219.614501953125, -308.2400207519531, 0.02419155463576317, 0.0, 0.0, 5.118095874786377, 5.433861741696666
2066, 219.7303009033203, -308.22833251953125, 0.02291831560432911, 0.0, 0.0, 5.174378871917725, 5.389068966325327
2067, 219.84860229492188, -308.21630859375, 0.0216450784355402, 0.0, 0.0, 5.232388973236084, 5.356276518520031
2068, 219.9628448486328, -308.2046813964844, 0.02037183940410614, 0.0, 0.0, 5.2879767417907715, 5.309633013222465
2069, 220.08091735839844, -308.1925964355469, 0.01909860223531723, 0.0, 0.0, 5.344319820404053, 5.27528349962466
2070, 220.19837951660156, -308.1805725097656, 0.017188744619488716, 0.0, 0.0, 5.39839506149292, 5.223310688243986
2071, 220.30601501464844, -308.1695556640625, 0.017188744619488716, 0.0, 0.0, 5.445796966552734, 5.1937337664537475
2072, 220.42103576660156, -308.15771484375, 0.014642265625298023, 0.02500000037252903, 0.0, 5.493788719177246, 5.1468051985062315
2073, 220.5370330810547, -308.14581298828125, 0.01336902566254139, 0.07500000298023224, 0.0, 5.539328575134277, 5.113837330675757
2074, 220.65538024902344, -308.1336364746094, 0.012095784768462181, 0.125, 0.0, 5.582663059234619, 5.06208086522904
2075, 220.76516723632812, -308.1222839355469, 0.010822544805705547, 0.17500001192092896, 0.0, 5.61995792388916, 5.038783966603851
2076, 220.87132263183594, -308.111328125, 0.009549304842948914, 0.2250000238418579, 0.0, 5.653186798095703, 5.0060064778523055
2077, 220.98110961914062, -308.1000671386719, 0.003183106891810894, 0.27500003576278687, 0.0, 5.682187080383301, 4.992994898272976
2078, 221.08685302734375, -308.0893859863281, -0.0019098592456430197, 0.3250000476837158, 0.0, 5.702668190002441, 4.999328256062833
2079, 221.1949005126953, -308.0786437988281, -0.005729577504098415, 0.3750000596046448, 0.0, 5.715022087097168, 5.00564181065757
2080, 221.30296325683594, -308.0680847167969, -0.009549296461045742, 0.42500007152557373, 0.0, 5.718390464782715, 5.0142862509962205
2081, 221.41360473632812, -308.0574951171875, -0.015278873965144157, 0.3500000536441803, 0.0, 5.711540222167969, 5.024659226152313
2082, 221.53114318847656, -308.0465087890625, -0.019098592922091484, 0.30000004172325134, 0.0, 5.69248628616333, 5.032731102344368
2083, 221.6367950439453, -308.0368957519531, -0.02291831001639366, 0.2500000298023224, 0.0, 5.666233062744141, 5.035680240231158
2084, 221.75094604492188, -308.0267639160156, -0.026738028973340988, 0.20000001788139343, 0.0, 5.625016689300537, 5.031982653246396
2085, 221.85760498046875, -308.017578125, -0.030557747930288315, 0.15000000596046448, 0.0, 5.583077430725098, 5.0148546953323
2086, 221.96778869628906, -308.00836181640625, -0.03437746688723564, 0.10000000149011612, 0.0, 5.526822566986084, 4.992478251306083
2087, 222.07911682128906, -307.99932861328125, -0.03819718211889267, 0.05000000447034836, 0.0, 5.459898948669434, 4.979632275548301
2088, 222.19300842285156, -307.99041748046875, -0.0420168936252594, 4.0978194171259474e-09, 0.0, 5.3809590339660645, 4.956602798971221
2089, 222.30064392089844, -307.9823303222656, -0.04583660885691643, 0.02500000409781933, 0.0, 5.296741962432861, 4.928774173347158
2090, 222.40673828125, -307.9747314453125, -0.049656324088573456, 0.05000000447034836, 0.0, 5.2044548988342285, 4.899238871424613
2091, 222.51824951171875, -307.9671325683594, -0.05538589879870415, 0.07500000298023224, 0.0, 5.096472263336182, 4.868172884002531
2092, 222.6292266845703, -307.96002197265625, -0.06111546978354454, 4.0978194171259474e-09, 0.0, 4.9768877029418945, 4.8358406571895145
2093, 222.73716735839844, -307.9535827636719, -0.06493518501520157, 0.0, 0.0, 4.84918212890625, 4.801073610453917
2094, 222.84808349609375, -307.94744873046875, -0.0687548965215683, 0.0, 0.0, 4.706535339355469, 4.763850014405638
2095, 222.9544677734375, -307.94195556640625, -0.06748165935277939, 0.0, 0.0, 4.56155252456665, 4.727543568423455
2096, 223.0598907470703, -307.9367980957031, -0.06620842218399048, 0.0, 0.0, 4.412834644317627, 4.691236022702039
2097, 223.1625213623047, -307.9320373535156, -0.06493518501520157, 0.0, 0.0, 4.265335559844971, 4.655730207785886
2098, 223.26898193359375, -307.9273681640625, -0.06366194784641266, 0.0, 0.0, 4.11104679107666, 4.618797924857283
2099, 223.37124633789062, -307.9230651855469, -0.06238870695233345, 0.02500000037252903, 0.0, 3.962747573852539, 4.584505211666712
2100, 223.46885681152344, -307.9191589355469, -0.06111546978354454, 0.07500000298023224, 0.0, 3.8219597339630127, 4.5537518426328045
2101, 223.57284545898438, -307.91522216796875, -0.05984223261475563, 0.125, 0.0, 3.673535108566284, 4.525193800527412
2102, 223.6783905029297, -307.91143798828125, -0.05856899172067642, 0.17500001192092896, 0.0, 3.525010108947754, 4.501830063126142
2103, 223.77902221679688, -307.907958984375, -0.05411265417933464, 0.2500000298023224, 0.0, 3.387266159057617, 4.485811916910656
2104, 223.87603759765625, -307.9046630859375, -0.047746457159519196, 0.30000004172325134, 0.0, 3.260779619216919, 4.477390853721078
2105, 223.9706573486328, -307.90142822265625, -0.04138025641441345, 0.3500000536441803, 0.0, 3.145627737045288, 4.475593281613626
2106, 224.07620239257812, -307.8977355957031, -0.03501405939459801, 0.27500003576278687, 0.0, 3.0288805961608887, 4.476892338318211
2107, 224.17166137695312, -307.8942565917969, -0.025464758276939392, 0.2250000238418579, 0.0, 2.935713529586792, 4.476341487148922
2108, 224.26535034179688, -307.89068603515625, -0.019098559394478798, 0.17500001192092896, 0.0, 2.8569886684417725, 4.472250340235333
2109, 224.3675994873047, -307.8866271972656, -0.012732362374663353, 0.125, 0.0, 2.7858972549438477, 4.462568397862196
2110, 224.4703826904297, -307.88232421875, -0.008912643417716026, 0.07500000298023224, 0.0, 2.728480577468872, 4.44686472780067
2111, 224.56591796875, -307.8782653808594, -0.00763940392062068, 0.02500000409781933, 0.0, 2.6852285861968994, 4.426650142162254
2112, 224.66476440429688, -307.87396240234375, -0.006366164423525333, -0.02499999664723873, 0.0, 2.648729085922241, 4.401140383173242
2113, 224.76193237304688, -307.8697509765625, -0.005092925392091274, 0.02500000409781933, 0.0, 2.6194887161254883, 4.373517523710477
2114, 224.85809326171875, -307.86553955078125, -0.003819685894995928, 0.07500000298023224, 0.0, 2.596034288406372, 4.3461021086511655
2115, 224.9540252685547, -307.861328125, -0.0019098263001069427, 0.15000000596046448, 0.0, 2.577700138092041, 4.321885827714603
2116, 225.04782104492188, -307.8571472167969, 0.0, 0.20000001788139343, 0.0, 2.564530372619629, 4.303725218990382
2117, 225.14849853515625, -307.8526611328125, 0.0, 0.2500000298023224, 0.0, 2.554637908935547, 4.29090566275216
2118, 225.24359130859375, -307.8484191894531, 0.0, 0.20000001788139343, 0.0, 2.548110246658325, 4.282332440582685
2119, 225.33750915527344, -307.84423828125, 0.0, 0.15000000596046448, 0.0, 2.5435574054718018, 4.2727413431964765
2120, 225.43028259277344, -307.840087890625, 0.0, 0.10000000149011612, 0.0, 2.5403406620025635, 4.259853379479511
2121, 225.52589416503906, -307.8358459472656, 0.0, 0.05000000447034836, 0.0, 2.537940740585327, 4.241708525135375
2122, 225.61929321289062, -307.8316955566406, 0.0, 0.05000000447034836, 0.0, 2.53619647026062, 4.219990283083417
2123, 225.71295166015625, -307.8275146484375, 0.0, 0.10000000149011612, 0.0, 2.5348596572875977, 4.197460533595926
2124, 225.8035125732422, -307.8235168457031, 0.0, 0.15000000596046448, 0.0, 2.5338521003723145, 4.178077726216845
2125, 225.8977813720703, -307.81939697265625, -0.0038197184912860394, 0.20000001788139343, 0.0, 2.5312323570251465, 4.162345374041363
2126, 225.99024963378906, -307.8155517578125, -0.009549296461045742, 0.27500003576278687, 0.0, 2.5242443084716797, 4.152559478653022
2127, 226.08367919921875, -307.8117980957031, -0.013369014486670494, 0.3250000476837158, 0.0, 2.511139154434204, 4.149845828139488
2128, 226.173095703125, -307.8084411621094, -0.01718873344361782, 0.3750000596046448, 0.0, 2.4923484325408936, 4.153641744699802
2129, 226.26625061035156, -307.8050842285156, -0.01846197247505188, 0.42500007152557373, 0.0, 2.466865062713623, 4.163986396772613
2130, 226.35699462890625, -307.80194091796875, -0.01718873530626297, 0.4750000834465027, 0.0, 2.438422203063965, 4.180059636062452
2131, 226.45277404785156, -307.7986755371094, -0.01591549627482891, 0.42500007152557373, 0.0, 2.4066379070281982, 4.200333734835009
2132, 226.54478454589844, -307.7955627441406, -0.014642256312072277, 0.3750000596046448, 0.0, 2.375772476196289, 4.2186936560033494
2133, 226.64044189453125, -307.79229736328125, -0.013369015417993069, 0.3250000476837158, 0.0, 2.3442893028259277, 4.234142515127089
2134, 226.73239135742188, -307.78912353515625, -0.01145915500819683, 0.2500000298023224, 0.0, 2.315478801727295, 4.243634202107721
2135, 226.83099365234375, -307.7857666015625, -0.01145915500819683, 0.2500000298023224, 0.0, 2.285421133041382, 4.246679688809361
2136, 226.92013549804688, -307.7828369140625, -0.016552112996578217, 0.15000000596046448, 0.0, 2.2569079399108887, 4.243242048173059
2137, 227.01577758789062, -307.7798767089844, -0.022281691431999207, 0.07500000298023224, 0.0, 2.2217400074005127, 4.232314121775258
2138, 227.10728454589844, -307.77728271484375, -0.026101410388946533, 0.07500000298023224, 0.0, 2.1822586059570312, 4.216037237979246
2139, 227.2039794921875, -307.7747802734375, -0.02992112934589386, 0.125, 0.0, 2.1334335803985596, 4.197069821719537
2140, 227.2981719970703, -307.77264404296875, -0.03374084457755089, 0.17500001192092896, 0.0, 2.0785157680511475, 4.180620459086679
2141, 227.38848876953125, -307.7707214355469, -0.03246760740876198, 0.2250000238418579, 0.0, 2.020920753479004, 4.168827837304582
2142, 227.48204040527344, -307.7688903808594, -0.031194370239973068, 0.27500003576278687, 0.0, 1.9585164785385132, 4.161874434002168
2143, 227.5756378173828, -307.7671203613281, -0.02992113120853901, 0.3250000476837158, 0.0, 1.895058035850525, 4.160815719152443
2144, 227.6708221435547, -307.7654113769531, -0.02864789217710495, 0.27500003576278687, 0.0, 1.8307313919067383, 4.1628979820682925
2145, 227.7585906982422, -307.76385498046875, -0.02737465500831604, 0.2250000238418579, 0.0, 1.772286295890808, 4.163525220545657
2146, 227.85006713867188, -307.76226806640625, -0.02610141597688198, 0.17500001192092896, 0.0, 1.7128044366836548, 4.160513650074733
2147, 227.94351196289062, -307.76068115234375, -0.024828176945447922, 0.125, 0.0, 1.6538699865341187, 4.15240885524415
2148, 228.0349578857422, -307.7591857910156, -0.022918321192264557, 0.05000000447034836, 0.0, 1.598459243774414, 4.13830346409051
2149, 228.12640380859375, -307.7576904296875, -0.021645082160830498, 4.0978194171259474e-09, 0.0, 1.5454963445663452, 4.117323957821399
2150, 228.2172393798828, -307.7562255859375, -0.02037184312939644, 0.0, 0.0, 1.4952874183654785, 4.090949745784003
2151, 228.30694580078125, -307.7547912597656, -0.01909860596060753, 0.0, 0.0, 1.4481323957443237, 4.062399605459127
2152, 228.40074157714844, -307.7533264160156, -0.01782536692917347, 0.02500000037252903, 0.0, 1.4015289545059204, 4.032477504548009
2153, 228.48886108398438, -307.7519226074219, -0.01655212789773941, 0.07500000298023224, 0.0, 1.360270380973816, 4.005930642513548
2154, 228.581298828125, -307.7505187988281, -0.015278889797627926, 0.125, 0.0, 1.3197693824768066, 3.9821802734418044
2155, 228.6650390625, -307.74920654296875, -0.014005648903548717, 0.17500001192092896, 0.0, 1.285571813583374, 3.9653538424719823
2156, 228.7552947998047, -307.747802734375, -0.012732408940792084, 0.2250000238418579, 0.0, 1.2514950037002563, 3.9530335705754984
2157, 228.83946228027344, -307.7464904785156, -0.01145916897803545, 0.27500003576278687, 0.0, 1.2223141193389893, 3.9472461522122155
2158, 228.92559814453125, -307.74517822265625, -0.010185928083956242, 0.3500000536441803, 0.0, 1.1951316595077515, 3.9475660379236768
2159, 229.01226806640625, -307.7438049316406, -0.008276067674160004, 0.42500007152557373, 0.0, 1.1707974672317505, 3.9554267695367646
2160, 229.10096740722656, -307.74237060546875, -0.006366209127008915, 0.4750000834465027, 0.0, 1.149351716041565, 3.9714251807325693
2161, 229.1874542236328, -307.74090576171875, -0.005092970095574856, 0.5250000357627869, 0.0, 1.1316702365875244, 3.993652361710803
2162, 229.27566528320312, -307.7394104003906, -0.0038197303656488657, 0.574999988079071, 0.0, 1.1167479753494263, 4.022360512122515
2163, 229.36390686035156, -307.73785400390625, -0.0025464906357228756, 0.6249999403953552, 0.0, 1.1047863960266113, 4.056727919281016
2164, 229.455322265625, -307.7362060546875, -0.0012732511386275291, 0.6749998927116394, 0.0, 1.095406413078308, 4.097920685757907
2165, 229.54400634765625, -307.7345886230469, 0.0, 0.7249998450279236, 0.0, 1.089093565940857, 4.142957582208425
2166, 229.63455200195312, -307.7328796386719, 0.0, 0.7749997973442078, 0.0, 1.084864616394043, 4.193850407621361
2167, 229.72454833984375, -307.731201171875, 0.0, 0.8249997496604919, 0.0, 1.0821969509124756, 4.249100904410532
2168, 229.81805419921875, -307.72943115234375, 0.0, 0.8749997019767761, 0.0, 1.080569863319397, 4.311170990803857
2169, 229.91737365722656, -307.72760009765625, -0.0019098592456430197, 0.9249996542930603, 0.0, 1.078809380531311, 4.381967071290144
2170, 230.01235961914062, -307.7259216308594, -0.005729577504098415, 0.9749996066093445, 0.0, 1.075104832649231, 4.453943076951997
2171, 230.11184692382812, -307.7243347167969, -0.009549296461045742, 1.0249996185302734, 0.0, 1.0672334432601929, 4.533026948128491
2172, 230.21221923828125, -307.722900390625, -0.013369014486670494, 1.0, 0.0, 1.054031491279602, 4.615018062674975
2173, 230.31442260742188, -307.7216491699219, -0.01718873344361782, 0.9500000476837158, 0.0, 1.0343753099441528, 4.698283637182946
2174, 230.4219512939453, -307.7205505371094, -0.021008450537919998, 0.9000000953674316, 0.0, 1.0063832998275757, 4.7829455082088685
2175, 230.5310821533203, -307.7196960449219, -0.024828169494867325, 0.8500001430511475, 0.0, 0.9700682163238525, 4.864298632190519
2176, 230.64364624023438, -307.7191162109375, -0.02864788845181465, 0.8000001907348633, 0.0, 0.9240893125534058, 4.942450122320536
2177, 230.75213623046875, -307.71881103515625, -0.03246760740876198, 0.725000262260437, 0.0, 0.8715869188308716, 5.0113330450086115
2178, 230.863037109375, -307.7187805175781, -0.037560559809207916, 0.6500003337860107, 0.0, 0.8085455894470215, 5.074674762769751
2179, 230.9817352294922, -307.71905517578125, -0.036287322640419006, 0.6000003814697266, 0.0, 0.7330726981163025, 5.133593258594208
2180, 231.09814453125, -307.7195129394531, -0.035014085471630096, 0.5500004291534424, 0.0, 0.6542470455169678, 5.182908892029142
2181, 231.22181701660156, -307.7201232910156, -0.03374084457755089, 0.5000004768371582, 0.0, 0.5678290724754333, 5.227071413090708
2182, 231.3378448486328, -307.7207946777344, -0.03246760740876198, 0.5500004291534424, 0.0, 0.48552897572517395, 5.261876645577785
2183, 231.46177673339844, -307.7216491699219, -0.031194370239973068, 0.6000003814697266, 0.0, 0.39846882224082947, 5.298161322342267
2184, 231.5919647216797, -307.72259521484375, -0.029284512624144554, 0.6750003099441528, 0.0, 0.3059120774269104, 5.326712763149993
2185, 231.71351623535156, -307.72357177734375, -0.028011273592710495, 0.725000262260437, 0.0, 0.22455139458179474, 5.352519766630369
2186, 231.8290557861328, -307.7245788574219, -0.026738034561276436, 0.6750003099441528, 0.0, 0.14702442288398743, 5.388986448235121
2187, 231.94796752929688, -307.7257080078125, -0.025464797392487526, 0.6250003576278687, 0.0, 0.07338420301675797, 5.435370037248382
2188, 232.06414794921875, -307.72686767578125, -0.024191558361053467, 0.5750004053115845, 0.0, 0.0012678621569648385, 5.477316790547491
2189, 232.18722534179688, -307.72821044921875, -0.022918321192264557, 0.5250004529953003, 0.0, -0.0679931566119194, 5.515377536568873
2190, 232.31298828125, -307.7296142578125, -0.021645082160830498, 0.4750004708766937, 0.0, -0.1404113471508026, 5.54494969400138
2191, 232.43861389160156, -307.7311706542969, -0.02037184312939644, 0.42500045895576477, 0.0, -0.20388789474964142, 5.568390835144932
2192, 232.56369018554688, -307.7326965332031, -0.01909860596060753, 0.3750004470348358, 0.0, -0.2701416015625, 5.587064070849377
2193, 232.68296813964844, -307.73431396484375, -0.01782536692917347, 0.32500043511390686, 0.0, -0.3243102729320526, 5.60118032431052
2194, 232.8103485107422, -307.7359619140625, -0.01655212789773941, 0.2750004231929779, 0.0, -0.3862609565258026, 5.608316050298905
2195, 232.93409729003906, -307.73773193359375, -0.015278889797627926, 0.22500041127204895, 0.0, -0.4355774223804474, 5.607293500649183
2196, 233.05776977539062, -307.7394714355469, -0.013369029387831688, 0.15000039339065552, 0.0, -0.4898681938648224, 5.601820800026881
2197, 233.18443298339844, -307.74127197265625, -0.01209578849375248, 0.10000038892030716, 0.0, -0.5332641005516052, 5.589451268139339
2198, 233.30743408203125, -307.7430114746094, -0.010822548530995846, 0.0500003919005394, 0.0, -0.5809325575828552, 5.571294815075398
2199, 233.4387969970703, -307.7449645996094, -0.009549308568239212, -0.02499960921704769, 0.0, -0.6182555556297302, 5.544214793047021
2200, 233.56320190429688, -307.74676513671875, -0.009549308568239212, -0.02499960921704769, 0.0, -0.6606139540672302, 5.512044579924509
2201, 233.676513671875, -307.74847412109375, -0.008276067674160004, 0.0, 0.0, -0.6875304579734802, 5.4836563153388385
2202, 233.79563903808594, -307.7501525878906, -0.005092970095574856, 0.0, 0.0, -0.7200927734375, 5.450941748730857
2203, 233.92294311523438, -307.7520751953125, -0.0038197303656488657, 0.0, 0.0, -0.7410889267921448, 5.408944502743101
2204, 234.0391387939453, -307.7536315917969, -0.0019098708871752024, 0.0, 0.0, -0.7665100693702698, 5.370141593931552
2205, 234.15750122070312, -307.7553405761719, 0.0, 0.0, 0.0, -0.7786864638328552, 5.330895008233695
2206, 234.27896118164062, -307.7569274902344, 0.0, 0.0, 0.0, -0.7977598905563354, 5.287434813217764
2207, 234.39964294433594, -307.7586364746094, 0.0, 0.0, 0.0, -0.8023682832717896, 5.242537436512986
2208, 234.51394653320312, -307.7601623535156, 0.0, 0.0, 0.0, -0.8155212998390198, 5.201828864270619
2209, 234.62789916992188, -307.76177978515625, 0.0, 0.0, 0.0, -0.8166808485984802, 5.161668754873506
2210, 234.7480010986328, -307.76336669921875, 0.0, 0.0, 0.0, -0.828216552734375, 5.1158010965462335
2211, 234.86387634277344, -307.7650146484375, 0.0, 0.0, 0.0, -0.8258664608001709, 5.070831840833847
2212, 234.9783477783203, -307.76654052734375, 0.0, 0.0, 0.0, -0.8352354764938354, 5.02764244292215
2213, 235.0922088623047, -307.7681884765625, 0.0, 0.0, 0.0, -0.8380126357078552, 4.989283058519698
2214, 235.206787109375, -307.769775390625, 0.0, 0.0, 0.0, -0.840484619140625, 4.962305324344763
2215, 235.32501220703125, -307.7714538574219, 0.0, 0.02500000037252903, 0.0, -0.8424682021141052, 4.929995600056847
2216, 235.444580078125, -307.773193359375, 0.0, 0.07500000298023224, 0.0, -0.844085693359375, 4.896547553425742
2217, 235.56797790527344, -307.7750244140625, 0.0, 0.15000000596046448, 0.0, -0.845458984375, 4.865336399169086
2218, 235.68247985839844, -307.7767028808594, 0.0, 0.20000001788139343, 0.0, -0.8464660048484802, 4.842211430374949
2219, 235.79830932617188, -307.77838134765625, 0.0, 0.2500000298023224, 0.0, -0.847320556640625, 4.825303279187232
2220, 235.913818359375, -307.7799987792969, 0.005729577504098415, 0.3250000476837158, 0.0, -0.8448485136032104, 4.815591263664114
2221, 236.03944396972656, -307.7815246582031, 0.009549296461045742, 0.3750000596046448, 0.0, -0.8354795575141907, 4.81438005524589
2222, 236.1537628173828, -307.7826843261719, 0.013369014486670494, 0.42500007152557373, 0.0, -0.8198853135108948, 4.820895330681484
2223, 236.26026916503906, -307.7835998535156, 0.01718873344361782, 0.3750000596046448, 0.0, -0.7984314560890198, 4.830515346511599
2224, 236.37423706054688, -307.7842712402344, 0.02291831001639366, 0.30000004172325134, 0.0, -0.7662352323532104, 4.839002255932683
2225, 236.4808349609375, -307.7846984863281, 0.02164507284760475, 0.2500000298023224, 0.0, -0.729461669921875, 4.842768282044832
2226, 236.5858917236328, -307.7850341796875, 0.020371833816170692, 0.20000001788139343, 0.0, -0.6894530057907104, 4.841485316138593
2227, 236.6919403076172, -307.7852783203125, 0.019098596647381783, 0.125, 0.0, -0.6471558213233948, 4.833944072091951
2228, 236.7936248779297, -307.7854919433594, 0.019098596647381783, 0.125, 0.0, -0.6063842177391052, 4.820149651877279
2229, 236.89999389648438, -307.78570556640625, 0.01591550000011921, 0.02500000409781933, 0.0, -0.56451416015625, 4.799052395627592
2230, 237.00843811035156, -307.785888671875, 0.014642260037362576, -0.02499999664723873, 0.0, -0.5233154296875, 4.772079065353208
2231, 237.1123809814453, -307.7861022949219, 0.013369019143283367, 0.0, 0.0, -0.48565682768821716, 4.742113980741364
2232, 237.21578979492188, -307.78631591796875, 0.012095779180526733, 0.0, 0.0, -0.45034781098365784, 4.709680426279116
2233, 237.3191375732422, -307.7865295410156, 0.0108225392177701, 0.0, 0.0, -0.4174804389476776, 4.675753810884161
2234, 237.42405700683594, -307.7867126464844, 0.009549299255013466, 0.0, 0.0, -0.3868102431297302, 4.6403977990423595
2235, 237.52423095703125, -307.7869567871094, 0.008276058360934258, 0.0, 0.0, -0.360137939453125, 4.6061385194139115
2236, 237.6306915283203, -307.7872314453125, 0.0044563403353095055, 0.0, 0.0, -0.336090087890625, 4.5694379904617906
2237, 237.73081970214844, -307.78759765625, 0.0, 0.0, 0.0, -0.3190918266773224, 4.534740152291234
2238, 237.83204650878906, -307.78814697265625, -0.005729577504098415, 0.0, 0.0, -0.3095702826976776, 4.499520897780805
2239, 237.92942810058594, -307.7888488769531, -0.009549296461045742, 0.0, 0.0, -0.3085021376609802, 4.465565964541376
2240, 238.02610778808594, -307.7897644042969, -0.013369014486670494, 0.0, 0.0, -0.3155822157859802, 4.431800366239436
2241, 238.127685546875, -307.7908630371094, -0.01209577452391386, 0.0, 0.0, -0.3296509087085724, 4.396356157138248
2242, 238.2239227294922, -307.79193115234375, -0.010822534561157227, 0.0, 0.0, -0.3466491103172302, 4.362791792428609
2243, 238.31790161132812, -307.79302978515625, -0.009549293667078018, 0.0, 0.0, -0.3649596571922302, 4.330020031177028
2244, 238.4164276123047, -307.79412841796875, -0.008276053704321384, 0.0, 0.0, -0.3845824897289276, 4.295668706366665
2245, 238.510986328125, -307.795166015625, -0.007002814672887325, 0.0, 0.0, -0.4028625786304474, 4.262697214496463
2246, 238.60696411132812, -307.79620361328125, -0.005729575175791979, 0.0, 0.0, -0.42022696137428284, 4.229227036989799
2247, 238.69744873046875, -307.7971496582031, -0.00445633614435792, 0.0, 0.0, -0.4349975883960724, 4.197664541085424
2248, 238.78733825683594, -307.79803466796875, -0.0031830964144319296, 0.0, 0.0, -0.44775381684303284, 4.166303066384949
2249, 238.88232421875, -307.7989196777344, -0.0019098566845059395, 0.0, 0.0, -0.4589232802391052, 4.133159179177135
2250, 238.97618103027344, -307.79974365234375, 0.0, 0.0, 0.0, -0.46710205078125, 4.100391642501252
2251, 239.0634307861328, -307.8005065917969, 0.0, 0.0, 0.0, -0.47259512543678284, 4.069931916698021
2252, 239.15383911132812, -307.80120849609375, 0.0, 0.07500000298023224, 0.0, -0.4767150580883026, 4.040622970459065
2253, 239.2450714111328, -307.8019714355469, 0.0, 0.125, 0.0, -0.4797362983226776, 4.015893498254867
2254, 239.3385467529297, -307.802734375, 0.0, 0.17500001192092896, 0.0, -0.4819336533546448, 3.99660051093085
2255, 239.42684936523438, -307.8034973144531, 0.0, 0.2250000238418579, 0.0, -0.4833984375, 3.9843097947275905
2256, 239.51272583007812, -307.8041687011719, 0.0, 0.27500003576278687, 0.0, -0.48443603515625, 3.9781299098725684
2257, 239.6003875732422, -307.804931640625, 0.0, 0.3250000476837158, 0.0, -0.48516836762428284, 3.9778897266353863
2258, 239.69044494628906, -307.8056945800781, 0.0, 0.3750000596046448, 0.0, -0.485626220703125, 3.9839533709622588
2259, 239.77645874023438, -307.8063659667969, 0.0, 0.42500007152557373, 0.0, -0.4859009087085724, 3.995483357594122
2260, 239.86512756347656, -307.8070983886719, 0.0019098592456430197, 0.4750000834465027, 0.0, -0.485107421875, 4.0131432230520865
2261, 239.9546661376953, -307.8077392578125, 0.005729577504098415, 0.5250000357627869, 0.0, -0.4814452826976776, 4.036724472915483
2262, 240.04896545410156, -307.8082275390625, 0.01145915500819683, 0.4500000476837158, 0.0, -0.4718017876148224, 4.0638276885108136
2263, 240.14247131347656, -307.80853271484375, 0.015278873965144157, 0.40000003576278687, 0.0, -0.455322265625, 4.088117330110787
2264, 240.23110961914062, -307.80859375, 0.019098592922091484, 0.3500000238418579, 0.0, -0.4330748915672302, 4.107016488096185
2265, 240.32081604003906, -307.8084411621094, 0.02291831001639366, 0.30000001192092896, 0.0, -0.40356433391571045, 4.121080328775695
2266, 240.40798950195312, -307.8081970214844, 0.02164507284760475, 0.25, 0.0, -0.3701171875, 4.1294887371177404
2267, 240.50448608398438, -307.80780029296875, 0.020371833816170692, 0.19999998807907104, 0.0, -0.3300780653953552, 4.132327701145414
2268, 240.593994140625, -307.80743408203125, 0.020371833816170692, 0.19999998807907104, 0.0, -0.2919006645679474, 4.128853207981115
2269, 240.6862030029297, -307.8070373535156, 0.01718873903155327, 0.07499998062849045, 0.0, -0.2529296576976776, 4.118374456376469
2270, 240.77748107910156, -307.8066101074219, 0.01591550000011921, 0.024999981746077538, 0.0, -0.2156066596508026, 4.100736792699173
2271, 240.875244140625, -307.8061828613281, 0.014642260037362576, 0.0, 0.0, -0.1774902194738388, 4.074817579476925
2272, 240.95965576171875, -307.8058166503906, 0.013369019143283367, 0.0, 0.0, -0.1463622897863388, 4.048979562439006
2273, 241.045654296875, -307.8054504394531, 0.012095779180526733, 0.0, 0.0, -0.1166686862707138, 4.0209356374153105
2274, 241.13693237304688, -307.8050842285156, 0.0108225392177701, 0.0, 0.0, -0.0875854417681694, 3.990190214052349
2275, 241.2272186279297, -307.8047180175781, 0.009549299255013466, 0.0, 0.0, -0.0613708533346653, 3.959308927048581
2276, 241.31797790527344, -307.8044738769531, 0.002546481089666486, 0.0, 0.0, -0.0403747484087944, 3.9280927871633686
2277, 241.3998260498047, -307.80438232421875, -0.0019098592456430197, 0.0, 0.0, -0.027618408203125, 3.8998563754621283
2278, 241.48727416992188, -307.8044738769531, -0.005729577504098415, 0.0, 0.0, -0.021331781521439552, 3.869625435195151
2279, 241.5730743408203, -307.8047180175781, -0.009549296461045742, 0.0, 0.0, -0.02264404110610485, 3.8399311734700765
2280, 241.6603240966797, -307.8051452636719, -0.013369014486670494, 0.0, 0.0, -0.031829822808504105, 3.8097183402624384
2281, 241.741455078125, -307.80572509765625, -0.01718873344361782, 0.0, 0.0, -0.0474548377096653, 3.7815993391525047
2282, 241.82159423828125, -307.8064880371094, -0.021008450537919998, 0.0, 0.0, -0.06988525390625, 3.7538071573678953
2283, 241.9095916748047, -307.80743408203125, -0.019735213369131088, 0.0, 0.0, -0.1002807542681694, 3.7233631854185254
2284, 241.99281311035156, -307.808349609375, -0.01591549441218376, 0.0, 0.0, -0.130828857421875, 3.6946213862291963
2285, 242.07473754882812, -307.8091735839844, -0.009549297392368317, 0.0, 0.0, -0.158538818359375, 3.666338583370014
2286, 242.15646362304688, -307.8097839355469, -0.003183099441230297, 0.0, 0.0, -0.18054194748401642, 3.6380924798018413
2287, 242.23751831054688, -307.8101806640625, 0.0038197184912860394, 0.0, 0.0, -0.1942138522863388, 3.6100088239411208
2288, 242.31710815429688, -307.8103332519531, 0.009549296461045742, 0.0, 0.0, -0.198516845703125, 3.5823888042153
2289, 242.39999389648438, -307.8102722167969, 0.013369014486670494, 0.0, 0.0, -0.19345088303089142, 3.553611269233331
2290, 242.47747802734375, -307.80999755859375, 0.01718873344361782, 0.0, 0.0, -0.18054194748401642, 3.52670929464685
2291, 242.5550079345703, -307.8095703125, 0.021008450537919998, 0.0, 0.0, -0.1599120944738388, 3.499769238920433
2292, 242.63409423828125, -307.8089294433594, 0.024828169494867325, 0.0, 0.0, -0.1310424655675888, 3.47228167838651
2293, 242.7097625732422, -307.80810546875, 0.02864788845181465, 0.0, 0.0, -0.0962524265050888, 3.4459708723561375
2294, 242.7855987548828, -307.8070983886719, 0.03246760740876198, 0.0, 0.0, -0.0542602464556694, 3.4195790127390624
2295, 242.85862731933594, -307.8059387207031, 0.036287322640419006, 0.0, 0.0, -0.0071411109529435635, 3.3941504422351993
2296, 242.93646240234375, -307.80450439453125, 0.040107037872076035, 0.0, 0.0, 0.05043729767203331, 3.3670311787138636
2297, 243.0120849609375, -307.8028564453125, 0.04392675310373306, 0.0, 0.0, 0.11348035931587219, 3.340667537439717
2298, 243.08175659179688, -307.8011474609375, 0.04774646833539009, 0.0, 0.0, 0.1777413785457611, 3.316357862614218
2299, 243.15492248535156, -307.79913330078125, 0.05156618356704712, 0.0, 0.0, 0.2518344819545746, 3.290815882147741
2300, 243.23257446289062, -307.7967224121094, 0.05729575455188751, 0.0, 0.0, 0.3388146758079529, 3.2636105173640573
2301, 243.30247497558594, -307.7942199707031, 0.06111546978354454, 0.0, 0.0, 0.42425331473350525, 3.2391245512505025
2302, 243.37530517578125, -307.7914123535156, 0.06493518501520157, 0.0, 0.0, 0.5204041600227356, 3.213614119487507
2303, 243.44544982910156, -307.7884216308594, 0.0687548965215683, 0.0, 0.0, 0.6196746230125427, 3.1890380307535287
2304, 243.51690673828125, -307.78509521484375, 0.0687548965215683, 0.0, 0.0, 0.72755366563797, 3.1612724060004656
2305, 243.5877685546875, -307.7815246582031, 0.07830418646335602, 0.10000000149011612, 0.0, 0.8419497013092041, 3.138740213728014
2306, 243.65399169921875, -307.77789306640625, 0.08212390542030334, 0.15000000596046448, 0.0, 0.9555065035820007, 3.1239877274266368
2307, 243.72216796875, -307.77386474609375, 0.08594361692667007, 0.20000001788139343, 0.0, 1.0788750648498535, 3.1150909822499386
2308, 243.79161071777344, -307.76953125, 0.0897633358836174, 0.2500000298023224, 0.0, 1.2111011743545532, 3.112376702577292
2309, 243.86387634277344, -307.7646484375, 0.09358304738998413, 0.30000004172325134, 0.0, 1.3553752899169922, 3.116064613056238
2310, 243.93499755859375, -307.759521484375, 0.09740276634693146, 0.3500000536441803, 0.0, 1.5037319660186768, 3.1257545031566907
2311, 244.00601196289062, -307.75408935546875, 0.10058585554361343, 0.42500007152557373, 0.0, 1.6576776504516602, 3.1416077855291897
2312, 244.07449340820312, -307.74859619140625, 0.10185910016298294, 0.4750000834465027, 0.0, 1.8105536699295044, 3.163555111423247
2313, 244.14511108398438, -307.74267578125, 0.10567881166934967, 0.5250000357627869, 0.0, 1.9727649688720703, 3.1920369931642925
2314, 244.22442626953125, -307.7356262207031, 0.1094985231757164, 0.574999988079071, 0.0, 2.1608545780181885, 3.230460037097389
2315, 244.30296325683594, -307.7283020019531, 0.11077176779508591, 0.6249999403953552, 0.0, 2.3519880771636963, 3.274552218427599
2316, 244.379638671875, -307.72088623046875, 0.10886190831661224, 0.6999998688697815, 0.0, 2.5405571460723877, 3.3232823722944644
2317, 244.4584197998047, -307.71307373046875, 0.10758867114782333, 0.7499998211860657, 0.0, 2.734419107437134, 3.379596878778741
2318, 244.5395050048828, -307.70477294921875, 0.10631543397903442, 0.7999997735023499, 0.0, 2.9330334663391113, 3.4430676318121822
2319, 244.6186981201172, -307.69647216796875, 0.10504218935966492, 0.849999725818634, 0.0, 3.1254868507385254, 3.509640397448586
2320, 244.6973419189453, -307.68804931640625, 0.10376895219087601, 0.8999996781349182, 0.0, 3.314716339111328, 3.5797581145850925
2321, 244.78219604492188, -307.6787109375, 0.1024957150220871, 0.849999725818634, 0.0, 3.516646385192871, 3.6568791178844444
2322, 244.86343383789062, -307.6695861816406, 0.10058585554361343, 0.7749997973442078, 0.0, 3.707606554031372, 3.7277499071001183
2323, 244.94288635253906, -307.6604919433594, 0.09931261837482452, 0.7249998450279236, 0.0, 3.892003297805786, 3.7919201612490996
2324, 245.0277557373047, -307.6505432128906, 0.09803938120603561, 0.6749998927116394, 0.0, 4.086542129516602, 3.8543139510354973
2325, 245.11289978027344, -307.6403503417969, 0.0967661440372467, 0.6249999403953552, 0.0, 4.279449462890625, 3.9104611423900066
2326, 245.20437622070312, -307.6291809082031, 0.09485628455877304, 0.550000011920929, 0.0, 4.483742713928223, 3.9629041701514605
2327, 245.29031372070312, -307.6184387207031, 0.09358304738998413, 0.5000000596046448, 0.0, 4.6732096672058105, 4.004602990152918
2328, 245.3773193359375, -307.6072998046875, 0.09485628455877304, 0.4500000476837158, 0.0, 4.86368989944458, 4.039734840739347
2329, 245.46644592285156, -307.5955505371094, 0.09867600351572037, 0.40000003576278687, 0.0, 5.059810638427734, 4.068587037976898
2330, 245.56106567382812, -307.58258056640625, 0.1024957150220871, 0.3500000238418579, 0.0, 5.271624565124512, 4.091797913157216
2331, 245.64874267578125, -307.5701599121094, 0.10631543397903442, 0.30000001192092896, 0.0, 5.4723663330078125, 4.106798683208812
2332, 245.74334716796875, -307.5561828613281, 0.11204500496387482, 0.22499999403953552, 0.0, 5.6960062980651855, 4.11514724727344
2333, 245.83558654785156, -307.5419921875, 0.11586471647024155, 0.17499998211860657, 0.0, 5.921665668487549, 4.115444220804343
2334, 245.93667602539062, -307.52581787109375, 0.11968443542718887, 0.12499997764825821, 0.0, 6.178239822387695, 4.107690285634464
2335, 246.0318145751953, -307.50994873046875, 0.1235041469335556, 0.07499998062849045, 0.0, 6.428378582000732, 4.093290756442693
2336, 246.12913513183594, -307.49310302734375, 0.12732386589050293, 0.024999981746077538, 0.0, 6.693197250366211, 4.071636173807681
2337, 246.22702026367188, -307.4754333496094, 0.13305343687534332, 0.0, 0.0, 6.969780445098877, 4.043348870625729
2338, 246.32272338867188, -307.4574890136719, 0.13687315583229065, 0.0, 0.0, 7.250429153442383, 4.012070114882302
2339, 246.41668701171875, -307.439208984375, 0.14069285988807678, 0.0, 0.0, 7.535465717315674, 3.9796281321140645
2340, 246.5124969482422, -307.4198303222656, 0.14642244577407837, 0.0, 0.0, 7.836775779724121, 3.9454815651215793
2341, 246.60313415527344, -307.4007873535156, 0.1502421498298645, 0.0, 0.0, 8.131619453430176, 3.912793215378071
2342, 246.69496154785156, -307.3808288574219, 0.15406186878681183, 0.0, 0.0, 8.439859390258789, 3.8794637864103
2343, 246.78680419921875, -307.3601379394531, 0.15788158774375916, 0.0, 0.0, 8.757684707641602, 3.845985188182163
2344, 246.87110900878906, -307.34051513671875, 0.1617012917995453, 0.0, 0.0, 9.057488441467285, 3.8151754686235564
2345, 246.95913696289062, -307.31927490234375, 0.16743087768554688, 0.07500000298023224, 0.0, 9.38017749786377, 3.784294566810443
2346, 247.0414276123047, -307.29876708984375, 0.16743087768554688, 0.07500000298023224, 0.0, 9.691289901733398, 3.7609581693047613
2347, 247.13255310058594, -307.2752380371094, 0.17316044867038727, 0.15000000596046448, 0.0, 10.046313285827637, 3.743653454206044
2348, 247.2196807861328, -307.251953125, 0.1827097237110138, 0.27500003576278687, 0.0, 10.396068572998047, 3.735031334172879
2349, 247.3089141845703, -307.2272644042969, 0.18652944266796112, 0.3250000476837158, 0.0, 10.764235496520996, 3.735166622282483
2350, 247.39601135253906, -307.2024230957031, 0.19034916162490845, 0.3750000596046448, 0.0, 11.13251781463623, 3.7428353112755897
2351, 247.47714233398438, -307.1785583496094, 0.19416888058185577, 0.3750000596046448, 0.0, 11.483280181884766, 3.7545587827161353
2352, 247.560546875, -307.15325927734375, 0.19989845156669617, 0.30000004172325134, 0.0, 11.852461814880371, 3.7660153199354958
2353, 247.6407928466797, -307.1282653808594, 0.20117168128490448, 0.2500000298023224, 0.0, 12.215286254882812, 3.773350598436945
2354, 247.7298583984375, -307.09979248046875, 0.19989845156669617, 0.20000001788139343, 0.0, 12.623702049255371, 3.7760302276979183
2355, 247.82028198242188, -307.070068359375, 0.20117168128490448, 0.15000000596046448, 0.0, 13.043449401855469, 3.771929188860519
2356, 247.9068145751953, -307.0409240722656, 0.20180830359458923, 0.07500000298023224, 0.0, 13.449477195739746, 3.7606367778757646
2357, 247.99159240722656, -307.01171875, 0.20053507387638092, 0.02500000409781933, 0.0, 13.850211143493652, 3.74217204525385
2358, 248.072265625, -306.9832763671875, 0.20180830359458923, -0.02499999664723873, 0.0, 14.234210014343262, 3.719539185499763
2359, 248.1547088623047, -306.9535827636719, 0.20053507387638092, 0.0, 0.0, 14.62873649597168, 3.694187126727624
2360, 248.23858642578125, -306.9226989746094, 0.20117168128490448, 0.07500000298023224, 0.0, 15.032017707824707, 3.6666712161986235
2361, 248.3251190185547, -306.8901062011719, 0.19989845156669617, 0.125, 0.0, 15.449267387390137, 3.6437711754937396
2362, 248.40545654296875, -306.85919189453125, 0.20117168128490448, 0.17500001192092896, 0.0, 15.83778190612793, 3.6281943528089475
2363, 248.48748779296875, -306.8269958496094, 0.19989845156669617, 0.2250000238418579, 0.0, 16.235057830810547, 3.6188318697038087
2364, 248.55953979492188, -306.7981872558594, 0.20117168128490448, 0.27500003576278687, 0.0, 16.584613800048828, 3.615916540011701
2365, 248.6441192626953, -306.7636413574219, 0.20180830359458923, 0.3500000536441803, 0.0, 16.99622917175293, 3.619896271066717
2366, 248.72186279296875, -306.7312927246094, 0.20053507387638092, 0.42500007152557373, 0.0, 17.37507438659668, 3.6317663013212598
2367, 248.80545043945312, -306.69586181640625, 0.20117168128490448, 0.4750000834465027, 0.0, 17.78269386291504, 3.653191202033473
2368, 248.8870086669922, -306.66058349609375, 0.20180830359458923, 0.550000011920929, 0.0, 18.18119239807129, 3.6817004856861426
2369, 248.9712371826172, -306.6234436035156, 0.20053507387638092, 0.5999999642372131, 0.0, 18.592975616455078, 3.7193675046786567
2370, 249.04991149902344, -306.5881652832031, 0.20180830359458923, 0.6499999165534973, 0.0, 18.978059768676758, 3.760535600237094
2371, 249.1312255859375, -306.55108642578125, 0.20053507387638092, 0.6999998688697815, 0.0, 19.376102447509766, 3.808979046639611
2372, 249.21942138671875, -306.5101013183594, 0.20117168128490448, 0.7249998450279236, 0.0, 19.808237075805664, 3.866687102578721
2373, 249.30088806152344, -306.4715881347656, 0.19989845156669617, 0.6749998927116394, 0.0, 20.20730972290039, 3.9212577376981477
2374, 249.39358520507812, -306.4269714355469, 0.20117168128490448, 0.6249999403953552, 0.0, 20.66250228881836, 3.9800360882625077
2375, 249.47708129882812, -306.3860168457031, 0.20180830359458923, 0.550000011920929, 0.0, 21.073997497558594, 4.027562044374569
2376, 249.56336975097656, -306.3428955078125, 0.20053507387638092, 0.5000000596046448, 0.0, 21.50067710876465, 4.06995697062653
2377, 249.6525115966797, -306.29754638671875, 0.20180830359458923, 0.4500000476837158, 0.0, 21.943401336669922, 4.10626777277886
2378, 249.74020385742188, -306.25213623046875, 0.20053507387638092, 0.40000003576278687, 0.0, 22.38075065612793, 4.135107976580903
2379, 249.83441162109375, -306.2023620605469, 0.20117168128490448, 0.32500001788139343, 0.0, 22.852785110473633, 4.157302702113697
2380, 249.9169464111328, -306.1579895019531, 0.19989845156669617, 0.2750000059604645, 0.0, 23.26795768737793, 4.1692887138501655
2381, 250.0052947998047, -306.109619140625, 0.20117168128490448, 0.22499999403953552, 0.0, 23.714725494384766, 4.174555876989273
2382, 250.09521484375, -306.0594787597656, 0.19989845156669617, 0.17499998211860657, 0.0, 24.171743392944336, 4.1725255057773385
2383, 250.18519592285156, -306.0083923339844, 0.20053507387638092, 0.09999997913837433, 0.0, 24.631731033325195, 4.1620827835066985
2384, 250.27145385742188, -305.95849609375, 0.20180830359458923, 0.024999981746077538, 0.0, 25.076250076293945, 4.143060158375553
2385, 250.35618591308594, -305.9085693359375, 0.19989845156669617, 0.0, 0.0, 25.515836715698242, 4.1168525223498085
2386, 250.44163513183594, -305.85736083984375, 0.20053507387638092, 0.0, 0.0, 25.961856842041016, 4.085635259948185
2387, 250.5301513671875, -305.80328369140625, 0.20180830359458923, 0.0, 0.0, 26.427776336669922, 4.050613428493829
2388, 250.61204528808594, -305.7523498535156, 0.20053507387638092, 0.0, 0.0, 26.861886978149414, 4.017208286856478
2389, 250.69842529296875, -305.6976318359375, 0.20117168128490448, 0.0, 0.0, 27.322751998901367, 3.9813124443999923
2390, 250.77459716796875, -305.64862060546875, 0.19989845156669617, 0.0, 0.0, 27.731271743774414, 3.9496447287013825
2391, 250.85206604003906, -305.59796142578125, 0.20117168128490448, 0.0, 0.0, 28.148868560791016, 3.9170217823104516
2392, 250.93899536132812, -305.54010009765625, 0.20180830359458923, 0.0, 0.0, 28.621397018432617, 3.880085522070619
2393, 251.0164337158203, -305.4876708984375, 0.20053507387638092, 0.0, 0.0, 29.04474639892578, 3.8471497732171462
2394, 251.0941925048828, -305.4341735839844, 0.20180830359458923, 0.0, 0.0, 29.47255516052246, 3.813764939156794
2395, 251.16395568847656, -305.38543701171875, 0.20053507387638092, 0.0, 0.0, 29.858367919921875, 3.783844762951348
2396, 251.24484252929688, -305.3280029296875, 0.20117168128490448, 0.0, 0.0, 30.30817413330078, 3.7488999496724116
2397, 251.31661987304688, -305.2762451171875, 0.19989845156669617, 0.0, 0.0, 30.7092227935791, 3.7180002800486793
2398, 251.38525390625, -305.2259826660156, 0.20117168128490448, 0.0, 0.0, 31.094438552856445, 3.688431040326179
2399, 251.45916748046875, -305.1710205078125, 0.20180830359458923, 0.0, 0.0, 31.512208938598633, 3.6563699336026194
2400, 251.52316284179688, -305.1226806640625, 0.20053507387638092, 0.0, 0.0, 31.87578010559082, 3.628556788555038
2401, 251.58767700195312, -305.0732727050781, 0.20180830359458923, 0.0, 0.0, 32.2443733215332, 3.600238957082672
2402, 251.65487670898438, -305.0210876464844, 0.20053507387638092, 0.0, 0.0, 32.63039779663086, 3.570718687819784
2403, 251.72120666503906, -304.96881103515625, 0.20180830359458923, 0.0, 0.0, 33.014007568359375, 3.5412115663359662
2404, 251.79067993164062, -304.91326904296875, 0.19989845156669617, 0.0, 0.0, 33.41743087768555, 3.510327820690403
2405, 251.8607940673828, -304.8563537597656, 0.20117168128490448, 0.0, 0.0, 33.82713317871094, 3.478751550665378
2406, 251.9182586669922, -304.8090515136719, 0.19989845156669617, 0.05000000074505806, 0.0, 34.164546966552734, 3.4520887332577432
2407, 251.9850311279297, -304.7533874511719, 0.20053507387638092, 0.125, 0.0, 34.5585823059082, 3.4273773292105587
2408, 252.0496826171875, -304.69866943359375, 0.20180830359458923, 0.17500001192092896, 0.0, 34.94265365600586, 3.4114456893385454
2409, 252.10987854003906, -304.64703369140625, 0.20053507387638092, 0.2250000238418579, 0.0, 35.30185317993164, 3.403496183593789
2410, 252.17282104492188, -304.59228515625, 0.20117168128490448, 0.30000004172325134, 0.0, 35.679039001464844, 3.4024466883560796
2411, 252.23208618164062, -304.5401611328125, 0.19989845156669617, 0.3500000536441803, 0.0, 36.034759521484375, 3.4092117088060157
2412, 252.29132080078125, -304.48736572265625, 0.20117168128490448, 0.42500007152557373, 0.0, 36.39198684692383, 3.422742338047484
2413, 252.35418701171875, -304.4306335449219, 0.19989845156669617, 0.4750000834465027, 0.0, 36.77178955078125, 3.4453842410721163
2414, 252.4185333251953, -304.371826171875, 0.19989845156669617, 0.550000011920929, 0.0, 37.16139221191406, 3.4764162641506466
2415, 252.477294921875, -304.3174133300781, 0.20117168128490448, 0.5999999642372131, 0.0, 37.518978118896484, 3.5117418609075743
2416, 252.54319763183594, -304.2556457519531, 0.19989845156669617, 0.6499999165534973, 0.0, 37.9210205078125, 3.5587541833400698
2417, 252.6095428466797, -304.1925964355469, 0.20117168128490448, 0.6999998688697815, 0.0, 38.327880859375, 3.612584699254974
2418, 252.67620849609375, -304.12835693359375, 0.20180830359458923, 0.7749997973442078, 0.0, 38.73923873901367, 3.672943345115492
2419, 252.7442169189453, -304.0618896484375, 0.20053507387638092, 0.8249997496604919, 0.0, 39.16057205200195, 3.74175485773749
2420, 252.8146209716797, -303.99212646484375, 0.20117168128490448, 0.849999725818634, 0.0, 39.5986328125, 3.818351629067322
2421, 252.88316345214844, -303.92333984375, 0.19989845156669617, 0.7999997735023499, 0.0, 40.02657699584961, 3.894441184366914
2422, 252.9543914794922, -303.8507995605469, 0.20117168128490448, 0.7499998211860657, 0.0, 40.47419738769531, 3.9702325846719306
2423, 253.0286102294922, -303.7740173339844, 0.20180830359458923, 0.6749998927116394, 0.0, 40.94451141357422, 4.042643540389406
2424, 253.09544372558594, -303.7038879394531, 0.20053507387638092, 0.6249999403953552, 0.0, 41.371028900146484, 4.101195152613472
2425, 253.1664581298828, -303.6282958984375, 0.20053507387638092, 0.6249999403953552, 0.0, 41.82761001586914, 4.155274460127392
2426, 253.2340545654297, -303.55523681640625, 0.19989845156669617, 0.5000000596046448, 0.0, 42.2653694152832, 4.198952689982754
2427, 253.30401611328125, -303.478515625, 0.20117168128490448, 0.42500004172325134, 0.0, 42.7222785949707, 4.235437527041798
2428, 253.3775177001953, -303.39654541015625, 0.20180830359458923, 0.3750000298023224, 0.0, 43.20783233642578, 4.2643427556853455
2429, 253.4490966796875, -303.3154296875, 0.19989845156669617, 0.30000001192092896, 0.0, 43.68497085571289, 4.283558558431593
2430, 253.51828002929688, -303.2356872558594, 0.20117168128490448, 0.25, 0.0, 44.15107727050781, 4.293158910213404
2431, 253.5914764404297, -303.14984130859375, 0.20180830359458923, 0.17499998211860657, 0.0, 44.65044403076172, 4.293667608846118
2432, 253.66036987304688, -303.0676574707031, 0.20053507387638092, 0.12499997764825821, 0.0, 45.12618637084961, 4.285438144800903
2433, 253.73126220703125, -302.9815979003906, 0.20117168128490448, 0.09999997913837433, 0.0, 45.621864318847656, 4.269446986381991
2434, 253.7957000732422, -302.9020690917969, 0.19989845156669617, 0.1499999761581421, 0.0, 46.07685470581055, 4.2522944550778625
2435, 253.86634826660156, -302.8133544921875, 0.20117168128490448, 0.19999998807907104, 0.0, 46.58156204223633, 4.236042267378003
2436, 253.93020629882812, -302.7317199707031, 0.20180830359458923, 0.2750000059604645, 0.0, 47.043766021728516, 4.2265452566919794
2437, 253.9932098388672, -302.6497497558594, 0.20053507387638092, 0.32500001788139343, 0.0, 47.50446319580078, 4.224471561395066
2438, 254.05519104003906, -302.5678405761719, 0.20180830359458923, 0.3750000298023224, 0.0, 47.962196350097656, 4.229150742537807
2439, 254.12039184570312, -302.480224609375, 0.19989845156669617, 0.4500000476837158, 0.0, 48.447853088378906, 4.242084689879717
2440, 254.18417358398438, -302.39300537109375, 0.20117168128490448, 0.5000000596046448, 0.0, 48.9274787902832, 4.263068184130546
2441, 254.25076293945312, -302.30035400390625, 0.19989845156669617, 0.550000011920929, 0.0, 49.43234634399414, 4.293670486377645
2442, 254.31028747558594, -302.216064453125, 0.20053507387638092, 0.6249999403953552, 0.0, 49.88800811767578, 4.327786956904896
2443, 254.3745880126953, -302.1234436035156, 0.20180830359458923, 0.6749998927116394, 0.0, 50.385433197021484, 4.372738873311233
2444, 254.43833923339844, -302.0299377441406, 0.19989845156669617, 0.7499998211860657, 0.0, 50.88351821899414, 4.425678717008051
2445, 254.49708557128906, -301.9422912597656, 0.20117168128490448, 0.7999997735023499, 0.0, 51.34684753417969, 4.481707690994557
2446, 254.5597381591797, -301.8471374511719, 0.20180830359458923, 0.8749997019767761, 0.0, 51.84648132324219, 4.548915007271019
2447, 254.62548828125, -301.7454528808594, 0.19989845156669617, 0.9499996304512024, 0.0, 52.37571716308594, 4.628626866786064
2448, 254.68556213378906, -301.65087890625, 0.20117168128490448, 0.9999995827674866, 0.0, 52.86417770385742, 4.708956243913102
2449, 254.7509002685547, -301.546142578125, 0.19989845156669617, 1.0, 0.0, 53.400550842285156, 4.802438485911299
2450, 254.8154754638672, -301.44061279296875, 0.20053507387638092, 0.9250000715255737, 0.0, 53.93661117553711, 4.896115043769489
2451, 254.8798065185547, -301.3333435058594, 0.20180830359458923, 0.8750001192092896, 0.0, 54.477882385253906, 4.986560766397148
2452, 254.9456329345703, -301.2213439941406, 0.20053507387638092, 0.8250001668930054, 0.0, 55.03947448730469, 5.075154886010099
2453, 255.00645446777344, -301.11572265625, 0.20117168128490448, 0.7500002384185791, 0.0, 55.56557846069336, 5.1516639354050175
2454, 255.07864379882812, -300.9875793457031, 0.19989845156669617, 0.7000002861022949, 0.0, 56.19948959350586, 5.233991188041805
2455, 255.1432342529297, -300.8703308105469, 0.20053507387638092, 0.6250003576278687, 0.0, 56.775665283203125, 5.299462706483561
2456, 255.2040557861328, -300.75732421875, 0.20180830359458923, 0.5750004053115845, 0.0, 57.32925796508789, 5.349221281058388
2457, 255.26963806152344, -300.6326599121094, 0.20053507387638092, 0.5250004529953003, 0.0, 57.93665313720703, 5.382270806827397
2458, 255.33120727539062, -300.5129699707031, 0.20053507387638092, 0.5250004529953003, 0.0, 58.521400451660156, 5.3881871464106315
2459, 255.39552307128906, -300.3846740722656, 0.19989845156669617, 0.3750004470348358, 0.0, 59.13886260986328, 5.3866502924984525
2460, 255.45616149902344, -300.2607421875, 0.19989845156669617, 0.3000004291534424, 0.0, 59.736026763916016, 5.380438371312234
2461, 255.51564025878906, -300.1360778808594, 0.20117168128490448, 0.2500004172325134, 0.0, 60.33452606201172, 5.370355080778002
2462, 255.57501220703125, -300.0085144042969, 0.19989845156669617, 0.20000040531158447, 0.0, 60.94974136352539, 5.353868621332478
2463, 255.6332550048828, -299.87982177734375, 0.20053507387638092, 0.12500038743019104, 0.0, 61.56752014160156, 5.3342906284063245
2464, 255.6894989013672, -299.7520446777344, 0.20180830359458923, 0.07500039041042328, 0.0, 62.18400573730469, 5.3090185865453785
2465, 255.74220275878906, -299.6288146972656, 0.19989845156669617, 3.915280046840053e-07, 0.0, 62.77517318725586, 5.28598988032298
2466, 255.7970428466797, -299.49676513671875, 0.20117168128490448, 0.0, 0.0, 63.41129684448242, 5.24423290224555
2467, 255.8464813232422, -299.3739318847656, 0.20180830359458923, 0.0, 0.0, 64.00090026855469, 5.207879813234601
2468, 255.89285278320312, -299.25537109375, 0.20053507387638092, 0.0, 0.0, 64.57190704345703, 5.171264310279529
2469, 255.9429168701172, -299.12310791015625, 0.19862520694732666, 0.0, 0.0, 65.20455932617188, 5.119089765195237
2470, 255.98663330078125, -299.00433349609375, 0.19735197722911835, 0.0, 0.0, 65.77420043945312, 5.076193672724238
2471, 256.0345764160156, -298.8695373535156, 0.1954421103000641, 0.0, 0.0, 66.41372680664062, 5.015572078086128
2472, 256.0783386230469, -298.7419738769531, 0.19416888058185577, 0.0, 0.0, 67.01241302490234, 5.011457261062076
2473, 256.11798095703125, -298.6221923828125, 0.1922590136528015, 0.0, 0.0, 67.56420135498047, 4.993849459843865
2474, 256.1589660644531, -298.49365234375, 0.1909857839345932, 0.0, 0.0, 68.14726257324219, 4.961825452875733
2475, 256.1962585449219, -298.3728332519531, 0.18652944266796112, 0.0, 0.0, 68.68714141845703, 4.925492772319698
2476, 256.2340393066406, -298.2464904785156, 0.18016324937343597, 0.0, 0.0, 69.24044799804688, 4.884369164067672
2477, 256.271728515625, -298.11688232421875, 0.17061395943164825, 0.0, 0.0, 69.79196166992188, 4.8407202032304975
2478, 256.3049011230469, -298.0000915527344, 0.1642477810382843, 0.0, 0.0, 70.2735824584961, 4.80052238118462
2479, 256.3409118652344, -297.8697814941406, 0.16233791410923004, 0.0, 0.0, 70.79540252685547, 4.754792027120005
2480, 256.37371826171875, -297.7475280761719, 0.16042806208133698, 0.0, 0.0, 71.27326202392578, 4.711461198710099
2481, 256.40185546875, -297.6395568847656, 0.15851819515228271, 0.0, 0.0, 71.68724060058594, 4.6730571856968
2482, 256.4319152832031, -297.5207214355469, 0.1572449654340744, 0.0, 0.0, 72.13511657714844, 4.630679978654417
2483, 256.4606628417969, -297.4035949707031, 0.15533511340618134, 0.0, 0.0, 72.56968688964844, 4.588917987931194
2484, 256.4897155761719, -297.2813415527344, 0.15406186878681183, 0.0, 0.0, 73.0167236328125, 4.545309747973452
2485, 256.517578125, -297.1600036621094, 0.15215201675891876, 0.0, 0.0, 73.45440673828125, 4.5020920732312115
2486, 256.54364013671875, -297.0428161621094, 0.15087877213954926, 0.0, 0.0, 73.87189483642578, 4.460371147381038
2487, 256.5693359375, -296.92333984375, 0.1489689201116562, 0.0, 0.0, 74.29238891601562, 4.4179089899525135
2488, 256.59259033203125, -296.8114013671875, 0.14769567549228668, 0.0, 0.0, 74.68183898925781, 4.3781536460167105
2489, 256.6150207519531, -296.7000427246094, 0.14578582346439362, 0.0, 0.0, 75.06473541259766, 4.338698520416022
2490, 256.6379699707031, -296.5820007324219, 0.1445125788450241, 0.0, 0.0, 75.46623992919922, 4.296862906625313
2491, 256.6589660644531, -296.4704895019531, 0.14260272681713104, 0.0, 0.0, 75.84097290039062, 4.257437327313711
2492, 256.6801452636719, -296.3538818359375, 0.14069285988807678, 0.0, 0.0, 76.22808837890625, 4.216257222211368
2493, 256.6988525390625, -296.2472839355469, 0.13941963016986847, 0.0, 0.0, 76.57794952392578, 4.178634491505145
2494, 256.71832275390625, -296.13250732421875, 0.1375097632408142, 0.0, 0.0, 76.94998931884766, 4.138262511474128
2495, 256.7369384765625, -296.0184020996094, 0.1362365335226059, 0.0, 0.0, 77.3155746459961, 4.098192575873295
2496, 256.7533264160156, -295.91455078125, 0.13432668149471283, 0.0, 0.0, 77.6443862915039, 4.06182967675933
2497, 256.7701416015625, -295.8040771484375, 0.13305343687534332, 0.0, 0.0, 77.99027252197266, 4.023143981740307
2498, 256.7863464355469, -295.69342041015625, 0.13114358484745026, 0.0, 0.0, 78.3325424194336, 3.9844538650783723
2499, 256.8009338378906, -295.59039306640625, 0.12859709560871124, 0.05000000074505806, 0.0, 78.64674377441406, 3.9505457810186946
2500, 256.8150329589844, -295.4870300292969, 0.12732386589050293, 0.10000000149011612, 0.0, 78.95777130126953, 3.9214131396193483
2501, 256.8284606933594, -295.3849182128906, 0.12605062127113342, 0.15000000596046448, 0.0, 79.26085662841797, 3.8989642067404637
2502, 256.84222412109375, -295.2763671875, 0.12414076924324036, 0.2250000238418579, 0.0, 79.57846069335938, 3.8834863544137206
2503, 256.8554992675781, -295.1673278808594, 0.1222309097647667, 0.30000004172325134, 0.0, 79.89231872558594, 3.8785431381142175
2504, 256.8674621582031, -295.0653076171875, 0.12095767259597778, 0.30000004172325134, 0.0, 80.18167114257812, 3.8813856375279827
2505, 256.879638671875, -294.9570617675781, 0.11904781311750412, 0.2250000238418579, 0.0, 80.48397064208984, 3.884169500004023
2506, 256.89111328125, -294.8508605957031, 0.11777457594871521, 0.17500001192092896, 0.0, 80.77664184570312, 3.881322097754588
2507, 256.90185546875, -294.74725341796875, 0.11586471647024155, 0.10000000149011612, 0.0, 81.0584487915039, 3.8710141928597834
2508, 256.91259765625, -294.6394958496094, 0.11395486444234848, 0.02500000409781933, 0.0, 81.34754943847656, 3.8502389226888747
2509, 256.9228515625, -294.5315856933594, 0.11268161982297897, -0.02499999664723873, 0.0, 81.63346862792969, 3.8218325590452356
2510, 256.93218994140625, -294.42877197265625, 0.11077176779508591, 0.0, 0.0, 81.90241241455078, 3.791221077288352
2511, 256.94110107421875, -294.3259582519531, 0.1094985231757164, 0.0, 0.0, 82.1680679321289, 3.7577963461499704
2512, 256.9501037597656, -294.2196960449219, 0.09994924068450928, 0.0, 0.0, 82.43392181396484, 3.722384996208024
2513, 256.9588317871094, -294.11474609375, 0.09039995074272156, 0.0, 0.0, 82.68231964111328, 3.6869968292879123
2514, 256.9666442871094, -294.0196838378906, 0.08912671357393265, 0.0, 0.0, 82.89672088623047, 3.6545241788961804
2515, 256.97430419921875, -293.92303466796875, 0.08721685409545898, 0.0, 0.0, 83.1067886352539, 3.6213388829813016
2516, 256.982177734375, -293.8205261230469, 0.08594361692667007, 0.0, 0.0, 83.32278442382812, 3.5860267094999343
2517, 256.9891662597656, -293.7257995605469, 0.08339714258909225, 0.0, 0.0, 83.51692199707031, 3.553396617425649
2518, 256.9963073730469, -293.6256408691406, 0.08148728311061859, 0.07500000298023224, 0.0, 83.71654510498047, 3.5199304483277274
2519, 257.0028991699219, -293.5295104980469, 0.08021404594182968, 0.125, 0.0, 83.9034652709961, 3.496111257875166
2520, 257.00933837890625, -293.4324645996094, 0.07830418646335602, 0.20000001788139343, 0.0, 84.08782958984375, 3.480909596990317
2521, 257.01605224609375, -293.3266296386719, 0.07639432698488235, 0.27500003576278687, 0.0, 84.28372955322266, 3.4762232401834536
2522, 257.02191162109375, -293.2305603027344, 0.07512108981609344, 0.3250000476837158, 0.0, 84.45722961425781, 3.482026226978953
2523, 257.02734375, -293.1379699707031, 0.07321123778820038, 0.40000006556510925, 0.0, 84.62071228027344, 3.4958807512157866
2524, 257.03326416015625, -293.033935546875, 0.07130137830972672, 0.4750000834465027, 0.0, 84.79965209960938, 3.5223395994641034
2525, 257.0385437011719, -292.9376220703125, 0.0700281411409378, 0.5250000357627869, 0.0, 84.96135711669922, 3.5560741686365245
2526, 257.0436706542969, -292.84002685546875, 0.06811828166246414, 0.5999999642372131, 0.0, 85.1213150024414, 3.598189554478753
2527, 257.04901123046875, -292.7352294921875, 0.06684504449367523, 0.6499999165534973, 0.0, 85.2889404296875, 3.6522380586437944
2528, 257.0538330078125, -292.63629150390625, 0.06493518501520157, 0.7249998450279236, 0.0, 85.4433364868164, 3.7105319149471683
2529, 257.05865478515625, -292.5333251953125, 0.06366194784641266, 0.7249998450279236, 0.0, 85.6001968383789, 3.776799131577045
2530, 257.0633239746094, -292.43084716796875, 0.061752088367938995, 0.6499999165534973, 0.0, 85.75238800048828, 3.8418186222645745
2531, 257.06805419921875, -292.3216247558594, 0.060478851199150085, 0.5999999642372131, 0.0, 85.9106216430664, 3.9049276703264195
2532, 257.0724182128906, -292.2167663574219, 0.05793237313628197, 0.5000000596046448, 0.0, 86.0584487915039, 3.9569518732971276
2533, 257.0768737792969, -292.105712890625, 0.0560225173830986, 0.42500004172325134, 0.0, 86.21016693115234, 4.0000089003426265
2534, 257.0811462402344, -291.9943542480469, 0.05474928021430969, 0.3750000298023224, 0.0, 86.35801696777344, 4.03196425259675
2535, 257.0852966308594, -291.8818054199219, 0.05283942073583603, 0.30000001192092896, 0.0, 86.50326538085938, 4.053592572005001
2536, 257.0891418457031, -291.7702941894531, 0.05411265790462494, 0.25, 0.0, 86.64488220214844, 4.064773576363766
2537, 257.0925598144531, -291.65838623046875, 0.05984223261475563, 0.17499998211860657, 0.0, 86.78975677490234, 4.065746679585631
2538, 257.0954284667969, -291.5507507324219, 0.06366194784641266, 0.12499997764825821, 0.0, 86.93468475341797, 4.057352331434614
2539, 257.0981140136719, -291.4332275390625, 0.06429856270551682, 0.04999998211860657, 0.0, 87.09860229492188, 4.037974139587872
2540, 257.10028076171875, -291.32025146484375, 0.06238870695233345, 0.0, 0.0, 87.25883483886719, 4.009303491500122
2541, 257.1021728515625, -291.2110595703125, 0.06111546978354454, 0.0, 0.0, 87.41390991210938, 3.975774046185355
2542, 257.1037902832031, -291.1032409667969, 0.059205614030361176, 0.0, 0.0, 87.565673828125, 3.94025480227966
2543, 257.10516357421875, -290.9966125488281, 0.05793237313628197, 0.0, 0.0, 87.7136459350586, 3.904088512580884
2544, 257.1063537597656, -290.888671875, 0.0560225173830986, 0.0, 0.0, 87.86045837402344, 3.867132639123522
2545, 257.1072998046875, -290.78533935546875, 0.05411265790462494, 0.0, 0.0, 87.99767303466797, 3.831612575744413
2546, 257.10809326171875, -290.6850280761719, 0.05283942073583603, 0.02500000037252903, 0.0, 88.12757873535156, 3.7976240203337923
2547, 257.1087646484375, -290.5762939453125, 0.050929564982652664, 0.10000000149011612, 0.0, 88.26435852050781, 3.7656946469506694
2548, 257.1092529296875, -290.474609375, 0.049656324088573456, 0.17500001192092896, 0.0, 88.38855743408203, 3.744171007518449
2549, 257.1095886230469, -290.3777160644531, 0.047109849750995636, 0.2500000298023224, 0.0, 88.50302124023438, 3.733040321483937
2550, 257.1098327636719, -290.2713317871094, 0.04583660885691643, 0.30000004172325134, 0.0, 88.6241226196289, 3.7317143702305824
2551, 257.1099548339844, -290.1697692871094, 0.04392675310373306, 0.3750000596046448, 0.0, 88.7354736328125, 3.7398325779084294
2552, 257.1099548339844, -290.0661315917969, 0.0420168936252594, 0.4500000774860382, 0.0, 88.84468841552734, 3.7582517273897222
2553, 257.10986328125, -289.96044921875, 0.04074365645647049, 0.5000000596046448, 0.0, 88.95177459716797, 3.786938908558935
2554, 257.1096496582031, -289.85400390625, 0.038833800703287125, 0.42500004172325134, 0.0, 89.05541229248047, 3.8185516268574267
2555, 257.1093444824219, -289.75244140625, 0.037560559809207916, 0.3750000298023224, 0.0, 89.15061950683594, 3.844589276069546
2556, 257.10894775390625, -289.6478576660156, 0.03565070405602455, 0.30000001192092896, 0.0, 89.2447509765625, 3.864171659475931
2557, 257.10845947265625, -289.5398864746094, 0.03374084457755089, 0.22499999403953552, 0.0, 89.33763885498047, 3.8743184380322715
2558, 257.1078796386719, -289.4349670410156, 0.03246760740876198, 0.17499998211860657, 0.0, 89.42402648925781, 3.8745608358023027
2559, 257.10723876953125, -289.3274841308594, 0.030557749792933464, 0.09999997913837433, 0.0, 89.5083999633789, 3.8650405778446295
2560, 257.1065673828125, -289.2245788574219, 0.029284512624144554, 0.04999998211860657, 0.0, 89.58557891845703, 3.8468496608359852
2561, 257.1058044433594, -289.120361328125, 0.02737465500831604, 0.0, 0.0, 89.659912109375, 3.820620487614034
2562, 257.10498046875, -289.0188293457031, 0.02610141597688198, 0.0, 0.0, 89.7287368774414, 3.7896672110009892
2563, 257.10418701171875, -288.9199523925781, 0.024191558361053467, 0.0, 0.0, 89.79217529296875, 3.7572864175383485
2564, 257.1033630371094, -288.8223571777344, 0.022918321192264557, 0.0, 0.0, 89.85133361816406, 3.7243439507126865
2565, 257.1025085449219, -288.7244567871094, 0.02037184312939644, 0.0, 0.0, 89.90657806396484, 3.690878053418069
2566, 257.1016845703125, -288.6302185058594, 0.01909860596060753, 0.0, 0.0, 89.95600891113281, 3.658495501854087
2567, 257.10076904296875, -288.5273132324219, 0.017188748344779015, 0.0, 0.0, 90.00560760498047, 3.623031255251854
2568, 257.0998840332031, -288.4269714355469, 0.015915509313344955, 0.0, 0.0, 90.04995727539062, 3.5884033412417926
2569, 257.0989990234375, -288.3249206542969, 0.014005648903548717, 0.0, 0.0, 90.09085083007812, 3.5531884502450946
2570, 257.09814453125, -288.2303771972656, 0.012732408940792084, 0.0, 0.0, 90.12525177001953, 3.5205433708151377
2571, 257.0972900390625, -288.1281433105469, 0.010822548530995846, 0.0, 0.0, 90.15831756591797, 3.485256713574499
2572, 257.09649658203125, -288.0294494628906, 0.008912688121199608, 0.0, 0.0, 90.18603515625, 3.4511807123927376
2573, 257.09576416015625, -287.93475341796875, 0.007639448624104261, 0.0, 0.0, 90.20897674560547, 3.418483924772943
2574, 257.0951232910156, -287.8466491699219, 0.005729589611291885, 0.0, 0.0, 90.22693634033203, 3.3880680156668883
2575, 257.094482421875, -287.7554016113281, 0.004456350114196539, 0.0, 0.0, 90.24214172363281, 3.3565591664815586
2576, 257.0938720703125, -287.661376953125, 0.0025464906357228756, 0.0, 0.0, 90.25397491455078, 3.3240881239437052
2577, 257.0933837890625, -287.5650939941406, 0.0, 0.0, 0.0, 90.26142120361328, 3.2908245322136436
2578, 257.09295654296875, -287.47564697265625, 0.0, 0.0, 0.0, 90.26524353027344, 3.259931818531765
2579, 257.0925598144531, -287.3879699707031, 0.0, 0.0, 0.0, 90.2672348022461, 3.2296597025671665
2580, 257.0921325683594, -287.3049621582031, 0.0, 0.0, 0.0, 90.2681884765625, 3.20098659074019
2581, 257.09173583984375, -287.2211608886719, 0.0, 0.0, 0.0, 90.26858520507812, 3.1720392816742042
2582, 257.0913391113281, -287.1405944824219, 0.0, 0.0, 0.0, 90.26864624023438, 3.1442084336435134
2583, 257.0909423828125, -287.05865478515625, 0.0, 0.0, 0.0, 90.2685546875, 3.1159063053144718
2584, 257.09051513671875, -286.9740295410156, 0.0, 0.0, 0.0, 90.26831817626953, 3.086668402767371
2585, 257.0901184082031, -286.8879699707031, 0.0, 0.02500000037252903, 0.0, 90.26799011230469, 3.0535635228113076
2586, 257.0896911621094, -286.80096435546875, 0.0, 0.10000000149011612, 0.0, 90.26765441894531, 3.0282204061961027
2587, 257.0892639160156, -286.71746826171875, 0.0, 0.15000000596046448, 0.0, 90.26734161376953, 3.0130311343158818
2588, 257.08892822265625, -286.63800048828125, 0.0, 0.2250000238418579, 0.0, 90.26713562011719, 3.0067660241337353
2589, 257.0885009765625, -286.5521545410156, 0.0, 0.27500003576278687, 0.0, 90.26702117919922, 3.0098868441884945
2590, 257.0881042480469, -286.4691467285156, 0.0, 0.3500000536441803, 0.0, 90.26703643798828, 3.021605148547399
2591, 257.0876770019531, -286.386962890625, 0.0, 0.42500007152557373, 0.0, 90.26714324951172, 3.0425637544705184
2592, 257.0872802734375, -286.2999267578125, 0.0, 0.4750000834465027, 0.0, 90.26741790771484, 3.0743574427027296
2593, 257.0868835449219, -286.2091369628906, 0.0, 0.550000011920929, 0.0, 90.26781463623047, 3.1163956582857124
2594, 257.08648681640625, -286.1220703125, 0.0, 0.6249999403953552, 0.0, 90.26831817626953, 3.1654770810592465
2595, 257.0860595703125, -286.0343933105469, 0.0, 0.6749998927116394, 0.0, 90.2689437866211, 3.222947642829965
2596, 257.0856628417969, -285.94140625, 0.0, 0.7499998211860657, 0.0, 90.2697525024414, 3.2912909619128152
2597, 257.08526611328125, -285.85125732421875, 0.0, 0.8249997496604919, 0.0, 90.27061462402344, 3.365012159412461
2598, 257.0848083496094, -285.7536926269531, 0.0, 0.8749997019767761, 0.0, 90.2717056274414, 3.4521596057135313
2599, 257.0843505859375, -285.6540832519531, 0.0, 0.9499996304512024, 0.0, 90.2729721069336, 3.547444665903438
2600, 257.0838928222656, -285.5528564453125, 0.0, 0.9999995827674866, 0.0, 90.27435302734375, 3.650261747309425
2601, 257.0834655761719, -285.4529724121094, 0.0, 1.0, 0.0, 90.27584075927734, 3.7543782879410497
2602, 257.08294677734375, -285.3464660644531, 0.0, 1.0, 0.0, 90.27751159667969, 3.865064109095239
2603, 257.0822448730469, -285.23272705078125, 0.005729577504098415, 1.0, 0.0, 90.28366088867188, 3.981235794421799
2604, 257.0813293457031, -285.1195983886719, 0.01145915500819683, 1.0, 0.0, 90.29790496826172, 4.094157462798604
2605, 257.08001708984375, -285.0006103515625, 0.01718873344361782, 1.0, 0.0, 90.32396697998047, 4.2098564737850985
2606, 257.0783996582031, -284.88299560546875, 0.021008450537919998, 1.0, 0.0, 90.3604736328125, 4.3213629575882955
2607, 257.0763854980469, -284.7628173828125, 0.026738028973340988, 1.0, 0.0, 90.40940856933594, 4.432336133592874
2608, 257.0739440917969, -284.64111328125, 0.030557747930288315, 1.0, 0.0, 90.47044372558594, 4.541922069558391
2609, 257.0709228515625, -284.5106201171875, 0.036287322640419006, 1.0, 0.0, 90.54923248291016, 4.656402357702296
2610, 257.06744384765625, -284.380859375, 0.0420168936252594, 0.9750000238418579, 0.0, 90.64143371582031, 4.7666394075055285
2611, 257.0634765625, -284.25177001953125, 0.04583660885691643, 0.9250000715255737, 0.0, 90.7459716796875, 4.8712700710478645
2612, 257.0588684082031, -284.1176452636719, 0.049019705504179, 0.8500001430511475, 0.0, 90.86651611328125, 4.972346618147085
2613, 257.05352783203125, -283.9736022949219, 0.04774646833539009, 0.8000001907348633, 0.0, 91.00492095947266, 5.0719029597036105
2614, 257.0480041503906, -283.8329772949219, 0.04583660885691643, 0.725000262260437, 0.0, 91.14404296875, 5.158853582200253
2615, 257.0422058105469, -283.6912841796875, 0.04392675310373306, 0.6500003337860107, 0.0, 91.28467559814453, 5.235575787553536
2616, 257.03570556640625, -283.53875732421875, 0.04265351593494415, 0.6000003814697266, 0.0, 91.43541717529297, 5.300465918881235
2617, 257.02899169921875, -283.386474609375, 0.04074365645647049, 0.5250004529953003, 0.0, 91.5837631225586, 5.331286010643494
2618, 257.02197265625, -283.23309326171875, 0.038833800703287125, 0.45000046491622925, 0.0, 91.72989654541016, 5.283306409014883
2619, 257.01513671875, -283.0885314941406, 0.037560559809207916, 0.4000004529953003, 0.0, 91.86434936523438, 5.286789645641614
2620, 257.007568359375, -282.9324645996094, 0.03565070405602455, 0.32500043511390686, 0.0, 92.00496673583984, 5.24727430673973
2621, 256.99969482421875, -282.7767028808594, 0.036287322640419006, 0.2500004172325134, 0.0, 92.14263916015625, 5.243908324826661
2622, 256.99072265625, -282.6092834472656, 0.0420168936252594, 0.17500039935112, 0.0, 92.2921371459961, 5.254346578004117
2623, 256.9822082519531, -282.4628601074219, 0.04774646833539009, 0.10000038892030716, 0.0, 92.4298324584961, 5.232177290500559
2624, 256.9739990234375, -282.3306884765625, 0.05156618356704712, 0.0500003919005394, 0.0, 92.56206512451172, 5.234258425030582
2625, 256.9647521972656, -282.19140625, 0.05729575455188751, -0.02499960921704769, 0.0, 92.71141815185547, 5.196177308887175
2626, 256.95391845703125, -282.0403137207031, 0.06111546978354454, 0.0, 0.0, 92.88729095458984, 5.163065701543443
2627, 256.9441833496094, -281.912841796875, 0.06684504449367523, 0.0, 0.0, 93.04583740234375, 5.112060171518534
2628, 256.9328308105469, -281.7742614746094, 0.07066475600004196, 0.0, 0.0, 93.23222351074219, 5.083802260179272
2629, 256.9212951660156, -281.6415710449219, 0.07639432698488235, 0.0, 0.0, 93.42313385009766, 5.021073100514081
2630, 256.9090881347656, -281.5098876953125, 0.08021404594182968, 0.0, 0.0, 93.62625885009766, 4.997064548860723
2631, 256.8953857421875, -281.3717956542969, 0.08594361692667007, 0.0, 0.0, 93.85414123535156, 5.002970279131588
2632, 256.8814697265625, -281.24066162109375, 0.09167318791151047, 0.0, 0.0, 94.08601379394531, 4.982817191495285
2633, 256.86688232421875, -281.1116638183594, 0.09740276634693146, 0.0, 0.0, 94.32991027832031, 4.950419225117289
2634, 256.8528137207031, -280.99371337890625, 0.10122247785329819, 0.0, 0.0, 94.5658950805664, 4.915035715669237
2635, 256.8357238769531, -280.8587646484375, 0.10695204883813858, 0.0, 0.0, 94.85245513916016, 4.870728804186967
2636, 256.8191833496094, -280.7353515625, 0.11077176779508591, 0.0, 0.0, 95.12879943847656, 4.8283540557956215
2637, 256.8012390136719, -280.608154296875, 0.1165013387799263, 0.0, 0.0, 95.42864227294922, 4.783509210665335
2638, 256.7824401855469, -280.48193359375, 0.12032105028629303, 0.0, 0.0, 95.74073028564453, 4.738495467490529
2639, 256.76275634765625, -280.3562316894531, 0.12605062127113342, 0.0, 0.0, 96.06632232666016, 4.693210445854898
2640, 256.7428283691406, -280.2353210449219, 0.12987034022808075, 0.0, 0.0, 96.39321899414062, 4.649510559136694
2641, 256.7198181152344, -280.102294921875, 0.1305069625377655, 0.0, 0.0, 96.76570129394531, 4.601641955932091
2642, 256.6980285644531, -279.9812316894531, 0.129233717918396, 0.0, 0.0, 97.1119613647461, 4.558345559880987
2643, 256.6753234863281, -279.8591613769531, 0.12732386589050293, 0.0, 0.0, 97.4646224975586, 4.5148708516594285
2644, 256.6519775390625, -279.7376403808594, 0.12541399896144867, 0.0, 0.0, 97.81657409667969, 4.4716748870485254
2645, 256.6263732910156, -279.6083679199219, 0.12414076924324036, 0.0, 0.0, 98.19023132324219, 4.425707478908749
2646, 256.6037902832031, -279.4974670410156, 0.1222309097647667, 0.0, 0.0, 98.5091781616211, 4.386311921590707
2647, 256.5778503417969, -279.3736877441406, 0.12095767259597778, 0.0, 0.0, 98.86270141601562, 4.342280026990471
2648, 256.5519714355469, -279.25323486328125, 0.11904781311750412, 0.0, 0.0, 99.20367431640625, 4.29942227123807
2649, 256.5286560058594, -279.14727783203125, 0.1165013387799263, 0.02500000037252903, 0.0, 99.50020599365234, 4.263262090535346
2650, 256.5035400390625, -279.0355224609375, 0.11522810161113739, 0.07500000298023224, 0.0, 99.80928802490234, 4.228245789883117
2651, 256.47747802734375, -278.9215087890625, 0.10567881166934967, 0.15000000596046448, 0.0, 100.11539459228516, 4.199451839006164
2652, 256.45404052734375, -278.8200988769531, 0.09931261837482452, 0.20000001788139343, 0.0, 100.37661743164062, 4.1814315557767285
2653, 256.4294738769531, -278.7145690917969, 0.09294642508029938, 0.2500000298023224, 0.0, 100.63553619384766, 4.170313232964461
2654, 256.40496826171875, -278.60980224609375, 0.08339714258909225, 0.2250000238418579, 0.0, 100.87682342529297, 4.163977087492118
2655, 256.3801574707031, -278.5040283203125, 0.07703094929456711, 0.17500001192092896, 0.0, 101.10375213623047, 4.156717366063043
2656, 256.3563537597656, -278.4024353027344, 0.06748165935277939, 0.10000000149011612, 0.0, 101.3046875, 4.144803481365679
2657, 256.3293762207031, -278.2874755859375, 0.06111546605825424, 0.05000000447034836, 0.0, 101.51158142089844, 4.1229693289228795
2658, 256.3045349121094, -278.1812744140625, 0.051566168665885925, -0.02499999664723873, 0.0, 101.68325805664062, 4.096261606650631
2659, 256.2810363769531, -278.0805969238281, 0.04519996792078018, 0.0, 0.0, 101.82896423339844, 4.0658268076872135
2660, 256.2571105957031, -277.977294921875, 0.035650670528411865, 0.0, 0.0, 101.9594497680664, 4.031685321249625
2661, 256.2335205078125, -277.8748474121094, 0.029284469783306122, 0.0, 0.0, 102.07022857666016, 3.996407670054417
2662, 256.21142578125, -277.7783203125, 0.022918270900845528, 0.0, 0.0, 102.15837097167969, 3.9625578017617467
2663, 256.1893615722656, -277.6807556152344, 0.013368973508477211, 0.0, 0.0, 102.2298355102539, 3.928042880027131
2664, 256.16595458984375, -277.576171875, 0.0070027755573391914, 0.0, 0.0, 102.2865982055664, 3.890970436965894
2665, 256.14361572265625, -277.4748840332031, -0.0019098592456430197, 0.0, 0.0, 102.32179260253906, 3.8549920503223487
2666, 256.1220703125, -277.37579345703125, -0.007639436982572079, 0.0, 0.0, 102.33829498291016, 3.8197976360407497
2667, 256.09967041015625, -277.2712097167969, -0.013369014486670494, 0.0, 0.0, 102.33767700195312, 3.7826513715020753
2668, 256.0788879394531, -277.1727294921875, -0.019098592922091484, 0.05000000074505806, 0.0, 102.32154846191406, 3.7490095141383484
2669, 256.0584411621094, -277.0744934082031, -0.02291831001639366, 0.10000000149011612, 0.0, 102.29185485839844, 3.720941289867793
2670, 256.03826904296875, -276.97613525390625, -0.02864788845181465, 0.17500001192092896, 0.0, 102.24911499023438, 3.7001758212632634
2671, 256.0182800292969, -276.876953125, -0.03246760740876198, 0.2250000238418579, 0.0, 102.19378662109375, 3.688440201566805
2672, 255.99862670898438, -276.7777404785156, -0.03819718211889267, 0.30000004172325134, 0.0, 102.12635803222656, 3.6857300873685697
2673, 255.98114013671875, -276.68792724609375, -0.0420168936252594, 0.3500000536441803, 0.0, 102.0556869506836, 3.69162358002205
2674, 255.9632110595703, -276.59417724609375, -0.04583660885691643, 0.40000006556510925, 0.0, 101.97273254394531, 3.705240171899043
2675, 255.94569396972656, -276.5006103515625, -0.05156618356704712, 0.4750000834465027, 0.0, 101.88014221191406, 3.7261370338005615
2676, 255.92718505859375, -276.4001770019531, -0.05029294267296791, 0.5250000357627869, 0.0, 101.77342224121094, 3.757686346187438
2677, 255.90847778320312, -276.2977294921875, -0.048383086919784546, 0.5999999642372131, 0.0, 101.66166687011719, 3.7984190441612165
2678, 255.89126586914062, -276.2027587890625, -0.047109849750995636, 0.6499999165534973, 0.0, 101.557861328125, 3.8437780226472267
2679, 255.8722381591797, -276.09686279296875, -0.04774646833539009, 0.7249998450279236, 0.0, 101.44207000732422, 3.9020953802101483
2680, 255.85299682617188, -275.98797607421875, -0.05156618356704712, 0.7749997973442078, 0.0, 101.32048034667969, 3.970160950569404
2681, 255.8346405029297, -275.8814392089844, -0.059205614030361176, 0.8749997019767761, 0.0, 101.19442749023438, 4.043716557946326
2682, 255.8154754638672, -275.7669372558594, -0.06493518501520157, 0.9499996304512024, 0.0, 101.0483169555664, 4.132114764683812
2683, 255.798828125, -275.6645202636719, -0.0687548965215683, 0.9999995827674866, 0.0, 100.9089126586914, 4.218309397002334
2684, 255.78076171875, -275.5501708984375, -0.07448447495698929, 0.9249996542930603, 0.0, 100.74260711669922, 4.316358524367686
2685, 255.76271057128906, -275.43206787109375, -0.07830418646335602, 0.8749997019767761, 0.0, 100.55979919433594, 4.413821807409858
2686, 255.74485778808594, -275.3107604980469, -0.08403375744819641, 0.7999997735023499, 0.0, 100.3600845336914, 4.5065305204616015
2687, 255.72813415527344, -275.1928405761719, -0.08785347640514374, 0.7499998211860657, 0.0, 100.15483856201172, 4.588323264313117
2688, 255.71192932128906, -275.0746154785156, -0.0884900912642479, 0.6749998927116394, 0.0, 99.94058227539062, 4.661609957064019
2689, 255.69610595703125, -274.9559020996094, -0.08721685409545898, 0.6249999403953552, 0.0, 99.72028350830078, 4.7261433021273485
2690, 255.68063354492188, -274.8365173339844, -0.08594361692667007, 0.574999988079071, 0.0, 99.4963607788086, 4.782391510239355
2691, 255.66587829589844, -274.71966552734375, -0.08403375744819641, 0.5000000596046448, 0.0, 99.2767562866211, 4.828779700920651
2692, 255.65097045898438, -274.5989074707031, -0.0827605202794075, 0.4500000476837158, 0.0, 99.05066680908203, 4.867434544243974
2693, 255.63616943359375, -274.4757080078125, -0.08085066080093384, 0.3750000298023224, 0.0, 98.82190704345703, 4.89720764650902
2694, 255.6206512451172, -274.34295654296875, -0.07957742363214493, 0.32500001788139343, 0.0, 98.57811737060547, 4.918518168486048
2695, 255.60604858398438, -274.2142639160156, -0.07766757160425186, 0.25, 0.0, 98.34480285644531, 4.928896869316233
2696, 255.59210205078125, -274.0879211425781, -0.07639432698488235, 0.19999998807907104, 0.0, 98.11891174316406, 4.92933108096574
2697, 255.57945251464844, -273.9696350097656, -0.07512108981609344, 0.1499999761581421, 0.0, 97.9101791381836, 4.921853451755069
2698, 255.56544494628906, -273.8348693847656, -0.07321123778820038, 0.07499998062849045, 0.0, 97.67607116699219, 4.903630517555383
2699, 255.55259704589844, -273.7073669433594, -0.07193799316883087, 0.024999981746077538, 0.0, 97.45793914794922, 4.876936068447918
2700, 255.54132080078125, -273.5920104980469, -0.0700281411409378, 0.0, 0.0, 97.26371002197266, 4.84583058914543
2701, 255.53001403808594, -273.4729919433594, -0.0687548965215683, 0.05000000074505806, 0.0, 97.0665283203125, 4.8116380570723
2702, 255.5189666748047, -273.35308837890625, -0.06748165935277939, 0.10000000149011612, 0.0, 96.87133026123047, 4.778870045315357
2703, 255.5074920654297, -273.22442626953125, -0.06748165935277939, 0.10000000149011612, 0.0, 96.66637420654297, 4.749131768067521
2704, 255.49688720703125, -273.10015869140625, -0.06557180732488632, 0.17500001192092896, 0.0, 96.4697265625, 4.7280221893455625
2705, 255.486328125, -272.96844482421875, -0.07512108981609344, 0.30000004172325134, 0.0, 96.2574462890625, 4.714559147789357
2706, 255.47796630859375, -272.8573913574219, -0.07894080877304077, 0.3500000536441803, 0.0, 96.07340240478516, 4.711216599697268
2707, 255.4698028564453, -272.7396545410156, -0.08658023923635483, 0.40000006556510925, 0.0, 95.86973571777344, 4.715012765415311
2708, 255.4619903564453, -272.61639404296875, -0.09039995074272156, 0.3500000536441803, 0.0, 95.6458511352539, 4.723327779767999
2709, 255.45448303222656, -272.4869689941406, -0.0884900912642479, 0.27500003576278687, 0.0, 95.40309143066406, 4.729952660280125
2710, 255.44761657714844, -272.3583984375, -0.08721685409545898, 0.2250000238418579, 0.0, 95.15786743164062, 4.730458610008
2711, 255.44140625, -272.23284912109375, -0.08530700206756592, 0.15000000596046448, 0.0, 94.91712188720703, 4.723265886623435
2712, 255.43597412109375, -272.1148681640625, -0.08403375744819641, 0.10000000149011612, 0.0, 94.69107055664062, 4.708655533931128
2713, 255.43115234375, -272.0027160644531, -0.0827605202794075, 0.05000000447034836, 0.0, 94.4771957397461, 4.687951734820029
2714, 255.42669677734375, -271.88958740234375, -0.08148728311061859, 4.0978194171259474e-09, 0.0, 94.26264953613281, 4.660251405721917
2715, 255.42225646972656, -271.76861572265625, -0.07957742363214493, 0.0, 0.0, 94.03564453125, 4.624308467593137
2716, 255.41824340820312, -271.647216796875, -0.07830418646335602, 0.0, 0.0, 93.81050109863281, 4.585196397517637
2717, 255.41473388671875, -271.5316467285156, -0.07639432698488235, 0.0, 0.0, 93.5992431640625, 4.546538181143629
2718, 255.41159057617188, -271.4150085449219, -0.07512108981609344, 0.0, 0.0, 93.38924407958984, 4.506748310457426
2719, 255.4088592529297, -271.30120849609375, -0.07384785264730453, 0.0, 0.0, 93.18758392333984, 4.467554865226172
2720, 255.40646362304688, -271.1867370605469, -0.07130137830972672, 0.0, 0.0, 92.98876953125, 4.427997378938592
2721, 255.404296875, -271.069091796875, -0.0700281411409378, 0.0, 0.0, 92.78862762451172, 4.387186255111774
2722, 255.402587890625, -270.9608459472656, -0.06811828166246414, 0.0, 0.0, 92.6082763671875, 4.349603213601526
2723, 255.40109252929688, -270.8460693359375, -0.06684504449367523, 0.0, 0.0, 92.42124938964844, 4.309723642347257
2724, 255.3999786376953, -270.740966796875, -0.06557180732488632, 0.0, 0.0, 92.25333404541016, 4.273181186160927
2725, 255.39907836914062, -270.6310729980469, -0.06366194784641266, 0.0, 0.0, 92.08159637451172, 4.234972487271288
2726, 255.3984832763672, -270.5291748046875, -0.06238870695233345, 0.0, 0.0, 91.92577362060547, 4.199535393148432
2727, 255.39810180664062, -270.42510986328125, -0.06111546978354454, 0.0, 0.0, 91.76992797851562, 4.163321837772766
2728, 255.39794921875, -270.3154296875, -0.059205614030361176, 0.0, 0.0, 91.60955810546875, 4.125155312424597
2729, 255.39796447753906, -270.21551513671875, -0.05793237313628197, 0.0, 0.0, 91.4669189453125, 4.090383639324752
2730, 255.398193359375, -270.1175231933594, -0.05665913596749306, 0.0, 0.0, 91.330078125, 4.056307634431626
2731, 255.3986053466797, -270.0168151855469, -0.05474928021430969, 0.07500000298023224, 0.0, 91.19290161132812, 4.0240454472248794
2732, 255.3992156982422, -269.91259765625, -0.053476039320230484, 0.125, 0.0, 91.05479431152344, 3.9967703237393444
2733, 255.3999481201172, -269.8171081542969, -0.052202802151441574, 0.17500001192092896, 0.0, 90.9315185546875, 3.9779845931881836
2734, 255.4009552001953, -269.7086486816406, -0.05029294267296791, 0.2500000298023224, 0.0, 90.79586791992188, 3.9650283769246784
2735, 255.40200805664062, -269.6105651855469, -0.049019705504179, 0.30000004172325134, 0.0, 90.677001953125, 3.961846512011719
2736, 255.40310668945312, -269.5168762207031, -0.04456336796283722, 0.3750000596046448, 0.0, 90.56830596923828, 3.9661658982703596
2737, 255.4042205810547, -269.4162292480469, -0.0350140705704689, 0.40000006556510925, 0.0, 90.4616928100586, 3.978548352856541
2738, 255.40516662597656, -269.3145751953125, -0.02864786982536316, 0.3500000536441803, 0.0, 90.36682891845703, 3.9937918559246866
2739, 255.40594482421875, -269.21759033203125, -0.022281670942902565, 0.30000004172325134, 0.0, 90.28889465332031, 4.005973725267303
2740, 255.4065704345703, -269.11968994140625, -0.017825333401560783, 0.2250000238418579, 0.0, 90.22224426269531, 4.012683831540369
2741, 255.4071044921875, -269.0252990722656, -0.016552094370126724, 0.17500001192092896, 0.0, 90.16699981689453, 4.0123627879800186
2742, 255.40760803222656, -268.9355163574219, -0.01527885440737009, 0.125, 0.0, 90.12080383300781, 4.005898275615064
2743, 255.40814208984375, -268.8355712890625, -0.014005614444613457, 0.07500000298023224, 0.0, 90.07525634765625, 3.991631970019408
2744, 255.40866088867188, -268.7352294921875, -0.012095754034817219, 4.0978194171259474e-09, 0.0, 90.03490447998047, 3.969090661095677
2745, 255.40914916992188, -268.64532470703125, -0.01082251314073801, 0.0, 0.0, 90.00271606445312, 3.942882845551136
2746, 255.40968322753906, -268.54541015625, -0.009549273177981377, 0.0, 0.0, 89.97093200683594, 3.910939813777948
2747, 255.41012573242188, -268.4583435058594, -0.008276033215224743, 0.0, 0.0, 89.94628143310547, 3.8819139159533465
2748, 255.41053771972656, -268.3717346191406, -0.008276033215224743, 0.0, 0.0, 89.92460632324219, 3.852516702574166
2749, 255.4110870361328, -268.27740478515625, -0.010185892693698406, 0.0, 0.0, 89.90174865722656, 3.820183239185062
2750, 255.41172790527344, -268.189453125, -0.014005611650645733, 0.0, 0.0, 89.87853240966797, 3.7898648569186895
2751, 255.4125213623047, -268.10186767578125, -0.017825329676270485, 0.0, 0.0, 89.85142517089844, 3.75958918467705
2752, 255.41351318359375, -268.0143737792969, -0.02164504863321781, 0.05000000074505806, 0.0, 89.81909942626953, 3.7300908193198867
2753, 255.41465759277344, -267.9241638183594, -0.019735191017389297, 0.15000000596046448, 0.0, 89.78218078613281, 3.7052181410363114
2754, 255.4158172607422, -267.8397216796875, -0.017825333401560783, 0.20000001788139343, 0.0, 89.746826171875, 3.690094516645625
2755, 255.4169921875, -267.7550048828125, -0.016552094370126724, 0.2500000298023224, 0.0, 89.71186065673828, 3.6822978109346245
2756, 255.41810607910156, -267.6721496582031, -0.01527885440737009, 0.30000004172325134, 0.0, 89.67892456054688, 3.6813448038633663
2757, 255.4192352294922, -267.58868408203125, -0.014005614444613457, 0.3500000536441803, 0.0, 89.64747619628906, 3.6867354874634475
2758, 255.42042541503906, -267.498779296875, -0.012732373550534248, 0.40000006556510925, 0.0, 89.61590576171875, 3.6993671535911767
2759, 255.4215545654297, -267.4119567871094, -0.01082251314073801, 0.4750000834465027, 0.0, 89.58814239501953, 3.7181764156342307
2760, 255.42271423339844, -267.32244873046875, -0.009549273177981377, 0.4750000536441803, 0.0, 89.56241607666016, 3.7434480139858723
2761, 255.42379760742188, -267.2329406738281, -0.008276033215224743, 0.42500004172325134, 0.0, 89.53955078125, 3.769764811583033
2762, 255.42489624023438, -267.1452331542969, -0.0070027937181293964, 0.3750000298023224, 0.0, 89.51978302001953, 3.792687557996307
2763, 255.42596435546875, -267.0538330078125, -0.00509293470531702, 0.30000001192092896, 0.0, 89.50228118896484, 3.810750060120712
2764, 255.4269256591797, -266.9715576171875, -0.004456315189599991, 0.2750000059604645, 0.0, 89.48883056640625, 3.8215134263706085
2765, 255.42794799804688, -266.8789367675781, -0.002546455478295684, 0.19999998807907104, 0.0, 89.47663879394531, 3.8269860876092365
2766, 255.42880249023438, -266.7958068847656, 0.0, 0.1499999761581421, 0.0, 89.46873474121094, 3.8251727561140734
2767, 255.4296417236328, -266.7096252441406, 0.0, 0.09999997913837433, 0.0, 89.46321105957031, 3.81687456418822
2768, 255.43048095703125, -266.62255859375, 0.0, 0.04999998211860657, 0.0, 89.45941162109375, 3.802053209377712
2769, 255.43133544921875, -266.5310363769531, 0.0, -1.8253922817734747e-08, 0.0, 89.4566421508789, 3.7796287954044883
2770, 255.4321746826172, -266.44244384765625, 0.0, 0.0, 0.0, 89.45474243164062, 3.7536558362701724
2771, 255.43304443359375, -266.3517761230469, 0.0, 0.0, 0.0, 89.45335388183594, 3.7245951668885557
2772, 255.433837890625, -266.2673034667969, 0.0, 0.0, 0.0, 89.45232391357422, 3.6964194504636536
2773, 255.43466186523438, -266.1807861328125, 0.0, 0.0, 0.0, 89.45146179199219, 3.667009946376642
2774, 255.4354705810547, -266.09478759765625, 0.0, 0.0, 0.0, 89.45077514648438, 3.637534969944353
2775, 255.43621826171875, -266.0140686035156, 0.0, 0.0, 0.0, 89.45018005371094, 3.6097480482848243
2776, 255.43698120117188, -265.9327087402344, 0.0, 0.0, 0.0, 89.44963836669922, 3.5816894999098374
2777, 255.437744140625, -265.8525085449219, 0.0, 0.0, 0.0, 89.44918060302734, 3.5540076262846383
2778, 255.43849182128906, -265.7755432128906, 0.0, 0.0, 0.0, 89.44872283935547, 3.52743631008542
2779, 255.43931579589844, -265.6927490234375, 0.0, 0.0, 0.0, 89.44825744628906, 3.4988397514553142
2780, 255.4400177001953, -265.61932373046875, 0.0, 0.0, 0.0, 89.44784545898438, 3.4734896199309944
2781, 255.44073486328125, -265.54345703125, 0.0, 0.0, 0.0, 89.44744110107422, 3.4472978002161603
2782, 255.4414520263672, -265.4676818847656, 0.0, 0.0, 0.0, 89.44702911376953, 3.42112625596472
2783, 255.44219970703125, -265.3896484375, 0.0, 0.0, 0.0, 89.44662475585938, 3.3941910277056704
2784, 255.44302368164062, -265.3044738769531, 0.0, 0.0, 0.0, 89.44619750976562, 3.364764511283502
2785, 255.44381713867188, -265.22271728515625, 0.0, 0.0, 0.0, 89.44578552246094, 3.336529557471141
2786, 255.44464111328125, -265.138671875, 0.0, 0.0, 0.0, 89.44535827636719, 3.3075166709132366
2787, 255.44532775878906, -265.0634765625, 0.0, 0.0, 0.0, 89.44498443603516, 3.2815484900128933
2788, 255.44615173339844, -264.97869873046875, 0.0, 0.0, 0.0, 89.44457244873047, 3.252267862161009
2789, 255.44691467285156, -264.9013977050781, 0.0, 0.0, 0.0, 89.44420623779297, 3.225578662524688
2790, 255.4476776123047, -264.82452392578125, 0.0, 0.0, 0.0, 89.44381713867188, 3.199030638404044
2791, 255.44842529296875, -264.74884033203125, 0.0, 0.0, 0.0, 89.44344329833984, 3.172886277687274
2792, 255.44915771484375, -264.67340087890625, 0.0, 0.0, 0.0, 89.44306945800781, 3.146834426641959
2793, 255.44992065429688, -264.593017578125, 0.0, 0.0, 0.0, 89.44269561767578, 3.119063997658903
2794, 255.45068359375, -264.5148010253906, 0.0, 0.0, 0.0, 89.44232177734375, 3.0920371971258653
2795, 255.45144653320312, -264.4356384277344, 0.0, 0.0, 0.0, 89.44194030761719, 3.0646856705636703
2796, 255.45225524902344, -264.3537292480469, 0.0, 0.0, 0.0, 89.44157409667969, 3.036389739568295
2797, 255.4530029296875, -264.2765808105469, 0.0, 0.0, 0.0, 89.44122314453125, 3.0097396396297023
2798, 255.45375061035156, -264.2013854980469, 0.0, 0.0, 0.0, 89.44087219238281, 2.9837638354537304
2799, 255.45445251464844, -264.12847900390625, 0.0, 0.0, 0.0, 89.44054412841797, 2.9585817616233134
2800, 255.4551544189453, -264.0553894042969, 0.0, 0.0, 0.0, 89.44019317626953, 2.9333362461214936
2801, 255.4558868408203, -263.9802551269531, 0.0, 0.0, 0.0, 89.4398422241211, 2.90738736837815
2802, 255.4565887451172, -263.91070556640625, 0.0, 0.0, 0.0, 89.43952941894531, 2.8833540453357562
2803, 255.4573211669922, -263.8356628417969, 0.0, 0.0, 0.0, 89.439208984375, 2.8574320992354645
2804, 255.45802307128906, -263.76220703125, 0.0, 0.0, 0.0, 89.43888092041016, 2.8320530512157793
2805, 255.4586639404297, -263.696044921875, 0.0, 0.0, 0.0, 89.43858337402344, 2.8091951857401316
2806, 255.45936584472656, -263.626953125, 0.0, 0.0, 0.0, 89.43827819824219, 2.7853327397571483
2807, 255.4600067138672, -263.5605163574219, 0.0, 0.0, 0.0, 89.4379653930664, 2.7623816107735992
2808, 255.460693359375, -263.49176025390625, 0.0, 0.0, 0.0, 89.43770599365234, 2.7386310130045017
2809, 255.4613800048828, -263.4228515625, 0.0, 0.0, 0.0, 89.43739318847656, 2.7148181916324194
2810, 255.46202087402344, -263.3567810058594, 0.0, 0.0, 0.0, 89.43712615966797, 2.691998181815493
2811, 255.46261596679688, -263.29522705078125, 0.0, 0.0, 0.0, 89.4368667602539, 2.6707351372946926
2812, 255.46324157714844, -263.2325439453125, 0.0, 0.0, 0.0, 89.43660736083984, 2.6490888864972533
2813, 255.46388244628906, -263.1652526855469, 0.0, 0.0, 0.0, 89.43630981445312, 2.6258418602093667
2814, 255.4645233154297, -263.1011657714844, 0.0, 0.0, 0.0, 89.43603515625, 2.603693949838212
2815, 255.46519470214844, -263.0378112792969, -0.0038197184912860394, 0.0, 0.0, 89.43396759033203, 2.5818124281442687
2816, 255.46595764160156, -262.9767150878906, -0.007639436982572079, 0.0, 0.0, 89.42853546142578, 2.5606761834596057
2817, 255.46682739257812, -262.9150695800781, -0.01145915500819683, 0.0, 0.0, 89.41859436035156, 2.5393386340228625
2818, 255.46786499023438, -262.8546142578125, -0.015278873965144157, 0.0, 0.0, 89.4039535522461, 2.5183915683394362
2819, 255.46913146972656, -262.7908630371094, -0.021008450537919998, 0.0, 0.05000000074505806, 89.38186645507812, 2.4885716195098926
2820, 255.4705352783203, -262.72906494140625, -0.024828169494867325, 0.0, 0.10000000149011612, 89.35391998291016, 2.4621771115594484
2821, 255.47203063964844, -262.6708679199219, -0.02864788845181465, 0.0, 0.15000000596046448, 89.32196807861328, 2.4366455731821697
2822, 255.47352600097656, -262.6153564453125, -0.02992112934589386, 0.0, 0.20000001788139343, 89.28738403320312, 2.410768289233853
2823, 255.47512817382812, -262.5582275390625, -0.028011271730065346, 0.0, 0.27500003576278687, 89.24993896484375, 2.38197024203629
2824, 255.4767303466797, -262.5013732910156, -0.026738032698631287, 0.0, 0.3250000476837158, 89.21247863769531, 2.3505772943409324
2825, 255.47833251953125, -262.44390869140625, -0.025464795529842377, 0.0, 0.3750000596046448, 89.17529296875, 2.316356005975919
2826, 255.4798583984375, -262.38970947265625, -0.023554937914013863, 0.0, 0.4500000774860382, 89.14156341552734, 2.2815540859926107
2827, 255.48138427734375, -262.33477783203125, -0.022281698882579803, 0.0, 0.5000000596046448, 89.10875701904297, 2.243298194660424
2828, 255.4827880859375, -262.2830505371094, -0.021008461713790894, 0.0, 0.550000011920929, 89.0798110961914, 2.204997078439742
2829, 255.48410034179688, -262.2346496582031, -0.019735222682356834, 0.0, 0.5999999642372131, 89.05342102050781, 2.1666344333795835
2830, 255.48545837402344, -262.1840515136719, -0.018461983650922775, 0.0, 0.6499999165534973, 89.02848052978516, 2.1234025167237554
2831, 255.4867706298828, -262.1344909667969, -0.01655212603509426, 0.0, 0.7249998450279236, 89.00384521484375, 2.0782521780925762
2832, 255.48809814453125, -262.0842590332031, -0.015278887934982777, 0.0, 0.7749997973442078, 88.98358917236328, 2.028116996494766
2833, 255.4893035888672, -262.0365905761719, -0.014005647040903568, 0.0, 0.8249997496604919, 88.96226501464844, 1.9779558508717345
2834, 255.49050903320312, -261.9893798828125, -0.014005647040903568, 0.0, 0.8249997496604919, 88.94674682617188, 1.9239161063460224
2835, 255.49156188964844, -261.94647216796875, -0.010822546668350697, 0.0, 0.9499996304512024, 88.93052673339844, 1.874012252743162
2836, 255.49264526367188, -261.9025573730469, -0.009549306705594063, 0.0, 0.9999995827674866, 88.91937255859375, 1.8159772030672465
2837, 255.49359130859375, -261.8612365722656, -0.008276065811514854, 0.0, 1.0, 88.9059066772461, 1.7596076103073168
2838, 255.49459838867188, -261.8197326660156, -0.006366207264363766, 0.0, 1.0, 88.89874267578125, 1.6980731684001817
2839, 255.49554443359375, -261.77606201171875, -0.005092968232929707, 0.0, 1.0, 88.8866958618164, 1.6236435568823642
2840, 255.4964141845703, -261.7375793457031, -0.0038197285030037165, 0.0, 1.0, 88.88397979736328, 1.5640499524483167
2841, 255.4971466064453, -261.70196533203125, -0.0019098690245300531, 0.0, 1.0, 88.87715148925781, 1.5097418137159466
2842, 255.4978790283203, -261.6664733886719, 0.0, 0.0, 1.0, 88.87787628173828, 1.448703294757374
2843, 255.49856567382812, -261.63055419921875, 0.0, 0.0, 1.0, 88.87303161621094, 1.3790222091296662
2844, 255.49925231933594, -261.5986022949219, 0.0, 0.0, 1.0, 88.8764419555664, 1.321049890033905
2845, 255.49986267089844, -261.5666198730469, 0.0, 0.0, 1.0, 88.87311553955078, 1.2558380577223345
2846, 255.50048828125, -261.53778076171875, 0.0, 0.0, 1.0, 88.87751770019531, 1.1985801196602086
2847, 255.50099182128906, -261.5110778808594, 0.0, 0.0, 1.0, 88.87493896484375, 1.145203754512545
2848, 255.5013427734375, -261.4873046875, 0.0, 0.0, 1.0, 88.86498260498047, 0.730917470811638
2849, 255.50148010253906, -261.4770202636719, 0.0, 0.0, 1.0, 88.85951232910156, 0.2695813103016465
2850, 255.50148010253906, -261.47552490234375, 0.0, 0.0, 1.0, 88.85795593261719, 0.001280516987304631
2851, 255.50148010253906, -261.4755554199219, 0.0, 0.0, 1.0, 88.85795593261719, 0.0006366562005740596
2852, 255.50148010253906, -261.47552490234375, 0.0, 0.0, 0.7750002145767212, 88.85796356201172, 0.0006070990213216187
2853, 255.50148010253906, -261.4754943847656, 0.0, 0.0, 0.6500003337860107, 88.85797882080078, 0.0005801841579239941
2854, 255.50148010253906, -261.4754638671875, 0.0, 0.125, 0.3000004291534424, 88.85798645019531, 0.00036975896069576744
2855, 255.50148010253906, -261.474609375, 0.0, 0.4750000834465027, 0.0, 88.85812377929688, 0.03320979855776377
2856, 255.50148010253906, -261.47369384765625, 0.0, 0.5250000357627869, 0.0, 88.85820770263672, 0.04327430394737585
2857, 255.50148010253906, -261.47283935546875, 0.0, 0.574999988079071, 0.0, 88.85822296142578, 0.03457961376244719
2858, 255.50148010253906, -261.4718017578125, 0.0, 0.6249999403953552, 0.0, 88.8582534790039, 0.04690320138392589
2859, 255.50148010253906, -261.47076416015625, 0.0, 0.6749998927116394, 0.0, 88.8583755493164, 0.046547376612287125
2860, 255.50149536132812, -261.46783447265625, 0.0, 0.7749997973442078, 0.0, 88.8547592163086, 0.18626026611606056
2861, 255.50146484375, -261.4622497558594, 0.0, 0.7999997735023499, 0.0, 88.84337615966797, 0.27291460408995544
2862, 255.50146484375, -261.45416259765625, 0.0, 0.8749997019767761, 0.0, 88.82869720458984, 0.36515183513982746
2863, 255.50155639648438, -261.4449768066406, 0.0, 0.9249996542930603, 0.0, 88.81912231445312, 0.44402016667347105
2864, 255.501708984375, -261.43310546875, 0.0, 0.9999995827674866, 0.0, 88.80840301513672, 0.5229399276059112
2865, 255.5019073486328, -261.4201965332031, 0.0, 1.0, 0.0, 88.79898834228516, 0.608923648610397
2866, 255.50213623046875, -261.4053039550781, 0.0, 1.0, 0.0, 88.79011535644531, 0.7027553733126057
2867, 255.5024871826172, -261.3873291015625, 0.0, 1.0, 0.0, 88.78954315185547, 0.8698541679324215
2868, 255.5029296875, -261.3656921386719, 0.0, 1.0, 0.0, 88.78646850585938, 1.0228050433796667
2869, 255.50343322753906, -261.3413391113281, 0.0, 1.0, 0.0, 88.7879638671875, 1.1319440071948852
2870, 255.5039520263672, -261.31591796875, 0.0, 1.0, 0.0, 88.78746032714844, 1.2397799829015579
2871, 255.50457763671875, -261.2873229980469, 0.0, 1.0, 0.0, 88.7893295288086, 1.3389251601451733
2872, 255.50526428222656, -261.2549743652344, 0.0, 1.0, 0.0, 88.78886413574219, 1.4369874771252464
2873, 255.50599670410156, -261.2211608886719, 0.0, 1.0, 0.0, 88.79071044921875, 1.5405417661624319
2874, 255.5067596435547, -261.18536376953125, 0.0, 1.0, 0.0, 88.79082489013672, 1.6439580832522704
2875, 255.50759887695312, -261.1462707519531, 0.0, 1.0, 0.0, 88.79254150390625, 1.7461295397998196
2876, 255.50843811035156, -261.1066589355469, 0.0, 1.0, 0.0, 88.7931900024414, 1.8502640902400718
2877, 255.5093231201172, -261.0647888183594, 0.0, 1.0, 0.0, 88.79424285888672, 1.9497622809785267
2878, 255.51028442382812, -261.0191650390625, 0.0, 1.0, 0.0, 88.79528045654297, 2.047521455986076
2879, 255.5112762451172, -260.9727783203125, 0.0, 1.0, 0.0, 88.79634094238281, 2.140432994801486
2880, 255.51229858398438, -260.9245300292969, 0.0, 1.0, 0.0, 88.79737854003906, 2.2321747548752717
2881, 255.513427734375, -260.8721923828125, 0.0, 1.0, 0.0, 88.79849243164062, 2.3271720170174843
2882, 255.51454162597656, -260.8200378417969, 0.0, 1.0, 0.0, 88.799560546875, 2.4179365985213757
2883, 255.51571655273438, -260.7642517089844, 0.0, 1.0, 0.0, 88.80073547363281, 2.511303506617983
2884, 255.5170135498047, -260.7038879394531, 0.0, 1.0, 0.0, 88.80193328857422, 2.608394491123873
2885, 255.5182342529297, -260.64556884765625, 0.0, 1.0, 0.0, 88.8031005859375, 2.698933680266727
2886, 255.51956176757812, -260.5828552246094, 0.0, 1.0, 0.0, 88.80432891845703, 2.792841609742001
2887, 255.52088928222656, -260.52001953125, 0.0, 1.0, 0.0, 88.80553436279297, 2.883928841920098
2888, 255.52232360839844, -260.4515686035156, 0.0, 1.0, 0.0, 88.806884765625, 2.9798635350155442
2889, 255.52381896972656, -260.3800048828125, 0.0, 1.0, 0.0, 88.8082504272461, 3.07688098253305
2890, 255.52542114257812, -260.3044128417969, 0.0, 1.0, 0.0, 88.8096694946289, 3.1760549983193624
2891, 255.5271453857422, -260.2224426269531, 0.0, 1.0, 0.0, 88.81119537353516, 3.280105770488923
2892, 255.5289764404297, -260.1354675292969, 0.0, 1.0, 0.0, 88.81280517578125, 3.3869254419531836
2893, 255.5306396484375, -260.0552062988281, 0.0, 1.0, 0.0, 88.81431579589844, 3.482614312269496
2894, 255.53240966796875, -259.97113037109375, 0.0, 1.0, 0.0, 88.81586456298828, 3.5799868616890596
2895, 255.53431701660156, -259.8808898925781, 0.0, 1.0, 0.0, 88.81751251220703, 3.681539567615565
2896, 255.5361785888672, -259.7914733886719, 0.0, 1.0, 0.0, 88.81913757324219, 3.7794529110764166
2897, 255.53829956054688, -259.69073486328125, 0.0, 1.0, 0.0, 88.82096099853516, 3.886630451066363
2898, 255.5404815673828, -259.58612060546875, 0.0, 1.0, 0.0, 88.8228530883789, 3.994818394851592
2899, 255.542724609375, -259.4776916503906, 0.0, 1.0, 0.0, 88.82477569580078, 4.1038438714523355
2900, 255.54493713378906, -259.3710632324219, 0.0, 1.0, 0.0, 88.82666015625, 4.208242967092125
2901, 255.54708862304688, -259.26708984375, 0.0, 1.0, 0.0, 88.8285140991211, 4.3075316501174035
2902, 255.549560546875, -259.1473083496094, 0.0, 1.0, 0.0, 88.83060455322266, 4.418983619987402
2903, 255.5521240234375, -259.0233459472656, 0.0, 1.0, 0.0, 88.83277130126953, 4.531360121271384
2904, 255.5546875, -258.899658203125, 0.0, 1.0, 0.0, 88.83490753173828, 4.64067502615132
2905, 255.55715942382812, -258.7785339355469, 0.0, 1.0, 0.0, 88.8370132446289, 4.7452119385664355
2906, 255.55979919433594, -258.6500244140625, 0.0, 1.0, 0.0, 88.83924102783203, 4.853566374090449
2907, 255.5623016357422, -258.5276794433594, 0.0, 1.0, 0.0, 88.84132385253906, 4.954463981708944
2908, 255.565185546875, -258.38629150390625, 0.0, 1.0, 0.0, 88.84374237060547, 5.068513547070281
2909, 255.5679168701172, -258.25225830078125, 0.0, 1.0, 0.0, 88.84603118896484, 5.174189982708824
2910, 255.57069396972656, -258.11669921875, 0.0, 1.0, 0.0, 88.84832763671875, 5.278650507315472
2911, 255.57337951660156, -257.98529052734375, 0.0, 1.0, 0.0, 88.85055541992188, 5.378152555540371
2912, 255.57632446289062, -257.8404541015625, 0.0, 1.0, 0.0, 88.85298156738281, 5.48530087202008
2913, 255.57911682128906, -257.70257568359375, 0.0, 1.0, 0.0, 88.85530090332031, 5.585662055497119
2914, 255.58206176757812, -257.5576171875, 0.0, 0.9500000476837158, 0.0, 88.85777282714844, 5.68806679859516
2915, 255.58506774902344, -257.4092712402344, 0.0, 0.8750001192092896, 0.0, 88.86033630371094, 5.787663595309747
2916, 255.58799743652344, -257.26513671875, 0.0, 0.8250001668930054, 0.0, 88.86286926269531, 5.877101132521789
2917, 255.5911407470703, -257.11065673828125, 0.0, 0.7500002384185791, 0.0, 88.86531066894531, 5.964739717441784
2918, 255.59445190429688, -256.9478454589844, 0.0, 0.7000002861022949, 0.0, 88.86786651611328, 6.046479462129012
2919, 255.5975799560547, -256.7926940917969, 0.0, 0.6250003576278687, 0.0, 88.86986541748047, 6.114233589709407
2920, 255.60072326660156, -256.6369934082031, 0.0, 0.5750004053115845, 0.0, 88.87226867675781, 6.171962904706145
2921, 255.6038818359375, -256.47918701171875, 0.0, 0.5250004529953003, 0.0, 88.87325286865234, 6.220207420009576
2922, 255.60682678222656, -256.3295593261719, 0.0038197184912860394, 0.45000046491622925, 0.0, 88.87835693359375, 6.254160946203721
2923, 255.6099090576172, -256.15936279296875, 0.007639436982572079, 0.4000004529953003, 0.0, 88.88521575927734, 6.2767242010909845
2924, 255.61268615722656, -255.9947052001953, 0.013369014486670494, 0.32500043511390686, 0.0, 88.90755462646484, 6.281111556398326
2925, 255.6150665283203, -255.8231658935547, 0.01718873344361782, 0.2750004231929779, 0.0, 88.93006134033203, 6.273396177762245
2926, 255.6171417236328, -255.6581573486328, 0.020371831953525543, 0.2500004172325134, 0.0, 88.97596740722656, 6.259293689918518
2927, 255.61874389648438, -255.50030517578125, 0.019098594784736633, 0.3000004291534424, 0.0, 89.01466369628906, 6.249036712726495
2928, 255.6205291748047, -255.32554626464844, 0.01718873716890812, 0.3750004470348358, 0.0, 89.07772064208984, 6.232733023554137
2929, 255.62196350097656, -255.15496826171875, 0.015278877690434456, 0.45000046491622925, 0.0, 89.12442016601562, 6.2180420742681575
2930, 255.62350463867188, -254.9862823486328, 0.014005637727677822, 0.5000004768371582, 0.0, 89.18777465820312, 6.212384751210135
2931, 255.6248016357422, -254.8252716064453, 0.012095777317881584, 0.5750004053115845, 0.0, 89.23175811767578, 6.220917227903422
2932, 255.62619018554688, -254.66268920898438, 0.01082253735512495, 0.6250003576278687, 0.0, 89.28736114501953, 6.240344468597591
2933, 255.6273956298828, -254.50796508789062, 0.009549297392368317, 0.6750003099441528, 0.0, 89.32597351074219, 6.2724154535127585
2934, 255.6287841796875, -254.34417724609375, 0.007639436982572079, 0.7500002384185791, 0.0, 89.37369537353516, 6.316868244315317
2935, 255.63006591796875, -254.17889404296875, 0.0063661979511380196, 0.8000001907348633, 0.0, 89.40685272216797, 6.366882642721504
2936, 255.63150024414062, -254.010009765625, 0.0044563389383256435, 0.8750001192092896, 0.0, 89.44605255126953, 6.427563544938714
2937, 255.6328887939453, -253.83694458007812, 0.0031830992083996534, 0.9250000715255737, 0.0, 89.47148132324219, 6.502977841619479
2938, 255.63436889648438, -253.6697235107422, 0.0, 1.0, 0.0, 89.49739074707031, 6.589497866352119
2939, 255.63584899902344, -253.50279235839844, 0.0, 1.0, 0.0, 89.5134048461914, 6.688669733866574
2940, 255.63743591308594, -253.32749938964844, 0.0, 1.0, 0.0, 89.52875518798828, 6.7978264929267525
2941, 255.6390380859375, -253.1469268798828, 0.0, 1.0, 0.0, 89.54026794433594, 6.9080583098059405
2942, 255.64083862304688, -252.94393920898438, 0.0, 1.0, 0.0, 89.55137634277344, 7.02837145233566
2943, 255.6423797607422, -252.7670135498047, 0.0, 0.9750000238418579, 0.0, 89.55904388427734, 7.130024231631091
2944, 255.64385986328125, -252.59426879882812, 0.0, 0.9250000715255737, 0.0, 89.56562805175781, 7.225537529419806
2945, 255.64544677734375, -252.4013214111328, 0.0, 0.8750001192092896, 0.0, 89.57195281982422, 7.3263720616779535
2946, 255.6470184326172, -252.20726013183594, 0.0, 0.8000001907348633, 0.0, 89.5774917602539, 7.420201456326205
2947, 255.6486053466797, -252.00987243652344, 0.0, 0.7500002384185791, 0.0, 89.58245849609375, 7.506583911859978
2948, 255.65011596679688, -251.81716918945312, 0.0, 0.6750003099441528, 0.0, 89.58671569824219, 7.58165688788344
2949, 255.65150451660156, -251.6355743408203, 0.0, 0.6250003576278687, 0.0, 89.59032440185547, 7.643336492696823
2950, 255.65306091308594, -251.4309844970703, 0.0, 0.6250003576278687, 0.0, 89.59391021728516, 7.702793574938068
2951, 255.654541015625, -251.235595703125, 0.0, 0.5000004768371582, 0.0, 89.59687805175781, 7.749232062620376
2952, 255.6559295654297, -251.0507049560547, 0.0, 0.45000046491622925, 0.0, 89.59934997558594, 7.783378872176643
2953, 255.65740966796875, -250.84767150878906, 0.0, 0.42500045895576477, 0.0, 89.6016845703125, 7.811060359969967
2954, 255.65887451171875, -250.6478271484375, 0.0, 0.5000004768371582, 0.0, 89.60357666015625, 7.831553200225495
2955, 255.66030883789062, -250.4495391845703, 0.0, 0.5500004291534424, 0.0, 89.6052474975586, 7.851270233860796
2956, 255.66165161132812, -250.2572479248047, 0.0, 0.6250003576278687, 0.0, 89.60660552978516, 7.872841150622248
2957, 255.66319274902344, -250.0462188720703, 0.0, 0.6750003099441528, 0.0, 89.60798645019531, 7.902280138531281
2958, 255.6646270751953, -249.84442138671875, 0.0, 0.7500002384185791, 0.0, 89.6092529296875, 7.937163871432589
2959, 255.66604614257812, -249.64561462402344, 0.0, 0.8000001907348633, 0.0, 89.6105728149414, 7.979131884316045
2960, 255.6674041748047, -249.45062255859375, 0.0, 0.8500001430511475, 0.0, 89.61194610595703, 8.027437667919035
2961, 255.66888427734375, -249.23892211914062, 0.0, 0.9250000715255737, 0.0, 89.61348724365234, 8.087728487206679
2962, 255.6703643798828, -249.0289764404297, 0.0, 0.9750000238418579, 0.0, 89.61518096923828, 8.156207262445893
2963, 255.67184448242188, -248.81854248046875, 0.0, 1.0, 0.0, 89.61701202392578, 8.232428849397712
2964, 255.6733856201172, -248.59947204589844, 0.0, 1.0, 0.0, 89.61910247802734, 8.317673769911787
2965, 255.67481994628906, -248.3916473388672, 0.0, 1.0, 0.0, 89.62115478515625, 8.402162272914902
2966, 255.6761932373047, -248.19764709472656, 0.0, 1.0, 0.0, 89.62321472167969, 8.483037536172763
2967, 255.67762756347656, -247.9931640625, 0.0, 1.0, 0.0, 89.62554931640625, 8.569505301691184
2968, 255.67916870117188, -247.76956176757812, 0.0, 1.0, 0.0, 89.62821960449219, 8.664803161994813
2969, 255.68067932128906, -247.5498809814453, 0.0, 1.0, 0.0, 89.63098907470703, 8.75873433185032
2970, 255.68206787109375, -247.332763671875, 0.0038197184912860394, 1.0, 0.0, 89.63629150390625, 8.851473851056365
2971, 255.68331909179688, -247.10653686523438, 0.007639436982572079, 1.0, 0.0, 89.64765167236328, 8.947713984713419
2972, 255.68426513671875, -246.89010620117188, 0.01145915500819683, 1.0, 0.0, 89.66626739501953, 9.039235878618102
2973, 255.6848907470703, -246.6532440185547, 0.016552112996578217, 0.9000000953674316, 0.0, 89.69844055175781, 9.13718392176838
2974, 255.68515014648438, -246.4247589111328, 0.015278873033821583, 0.8500001430511475, 0.0, 89.73908233642578, 9.226854777368528
2975, 255.68519592285156, -246.17298889160156, 0.013369012624025345, 0.7750002145767212, 0.0, 89.79069519042969, 9.31860422976551
2976, 255.68502807617188, -245.92308044433594, 0.012095772661268711, 0.725000262260437, 0.0, 89.84577178955078, 9.400815915942184
2977, 255.68478393554688, -245.68760681152344, 0.010822532698512077, 0.6750003099441528, 0.0, 89.89920043945312, 9.46986684906259
2978, 255.68443298339844, -245.4625701904297, 0.00891267228871584, 0.6000003814697266, 0.0, 89.94976806640625, 9.527642277164484
2979, 255.6839599609375, -245.20730590820312, 0.007639432325959206, 0.5500004291534424, 0.0, 90.00505065917969, 9.582652805974046
2980, 255.6833953857422, -244.93966674804688, 0.00572957331314683, 0.4750004708766937, 0.0, 90.0591049194336, 9.627828026377424
2981, 255.68280029296875, -244.6875, 0.0044563342817127705, 0.42500045895576477, 0.0, 90.10546875, 9.658093355406821
2982, 255.68222045898438, -244.44790649414062, 0.0025464745704084635, 0.35000044107437134, 0.0, 90.14458465576172, 9.675793057011305
2983, 255.6815948486328, -244.205322265625, 0.0, 0.3000004291534424, 0.0, 90.17778015136719, 9.682293289744202
2984, 255.6810302734375, -243.973876953125, 0.0, 0.2500004172325134, 0.0, 90.20376586914062, 9.678098914757022
2985, 255.68040466308594, -243.72900390625, 0.0, 0.17500039935112, 0.0, 90.22618865966797, 9.662736197355592
2986, 255.67965698242188, -243.4680938720703, 0.0, 0.12500038743019104, 0.0, 90.24531555175781, 9.634027615783246
2987, 255.67898559570312, -243.24432373046875, 0.0, 0.07500039041042328, 0.0, 90.2586898803711, 9.599628712108956
2988, 255.67816162109375, -243.00164794921875, 0.0, 3.915280046840053e-07, 0.0, 90.27030181884766, 9.552657917824218
2989, 255.67724609375, -242.75059509277344, 0.0, 0.0, 0.0, 90.2797622680664, 9.493155508541221
2990, 255.67630004882812, -242.5101776123047, 0.0, 0.0, 0.0, 90.2867431640625, 9.428866129828553
2991, 255.67530822753906, -242.27122497558594, 0.0, 0.0, 0.0, 90.29199981689453, 9.36050349009422
2992, 255.67431640625, -242.04710388183594, 0.0, 0.0, 0.0, 90.29559326171875, 9.292607235380588
2993, 255.67323303222656, -241.80999755859375, 0.0, 0.0, 0.0, 90.29821014404297, 9.218262552527767
2994, 255.67210388183594, -241.57456970214844, 0.0, 0.0, 0.0, 90.29993438720703, 9.143022306539653
2995, 255.6710662841797, -241.36111450195312, 0.0, 0.0, 0.0, 90.30084991455078, 9.073575569836466
2996, 255.66989135742188, -241.12432861328125, 0.0, 0.0, 0.0, 90.30121612548828, 8.995538077107367
2997, 255.66873168945312, -240.89724731445312, 0.0, 0.0, 0.0, 90.30111694335938, 8.919868186327001
2998, 255.66758728027344, -240.67543029785156, 0.0, 0.0, 0.0, 90.30047607421875, 8.845104950174077
2999, 255.66647338867188, -240.4644012451172, 0.0, 0.02500000037252903, 0.0, 90.29960632324219, 8.774435815529543
3000, 255.66534423828125, -240.24827575683594, 0.0, 0.07500000298023224, 0.0, 90.29859924316406, 8.703687622165573
3001, 255.66415405273438, -240.01968383789062, 0.0, 0.125, 0.0, 90.29733276367188, 8.633059613966795
3002, 255.6630859375, -239.81361389160156, 0.0, 0.20000001788139343, 0.0, 90.29618072509766, 8.574578743076138
3003, 255.6620330810547, -239.611328125, 0.0, 0.2500000298023224, 0.0, 90.29499053955078, 8.523686124234015
3004, 255.66094970703125, -239.4062957763672, 0.0, 0.30000004172325134, 0.0, 90.2938461303711, 8.479576675663251
3005, 255.65982055664062, -239.18800354003906, 0.0, 0.3250000476837158, 0.0, 90.29264068603516, 8.440618113002905
3006, 255.6587677001953, -238.97970581054688, 0.0, 0.27500003576278687, 0.0, 90.29164123535156, 8.409139847532348
3007, 255.65768432617188, -238.77175903320312, 0.0, 0.2250000238418579, 0.0, 90.29067993164062, 8.37899330058009
3008, 255.6565704345703, -238.5514373779297, 0.0, 0.15000000596046448, 0.0, 90.2897720336914, 8.344497573392005
3009, 255.65550231933594, -238.34286499023438, 0.0, 0.15000000596046448, 0.0, 90.28892517089844, 8.306656821039562
3010, 255.65452575683594, -238.15235900878906, 0.0, 0.05000000447034836, 0.0, 90.28810119628906, 8.266743097643674
3011, 255.65350341796875, -237.9607696533203, 0.0, -0.02499999664723873, 0.0, 90.28714752197266, 8.22097546843079
3012, 255.65249633789062, -237.76556396484375, 0.0, 0.0, 0.0, 90.2861099243164, 8.168703565354202
3013, 255.65155029296875, -237.58029174804688, 0.0, 0.0, 0.0, 90.28498840332031, 8.114977291605339
3014, 255.65054321289062, -237.3880157470703, 0.0, 0.0, 0.0, 90.28370666503906, 8.056478329468204
3015, 255.6494598388672, -237.18087768554688, 0.0, 0.0, 0.0, 90.28216552734375, 7.9910876712202485
3016, 255.64845275878906, -236.98329162597656, 0.0, 0.0, 0.0, 90.28063201904297, 7.926995666461254
3017, 255.64749145507812, -236.78958129882812, 0.0, 0.0, 0.0, 90.27901458740234, 7.863014892878771
3018, 255.64659118652344, -236.6087646484375, 0.0, 0.0, 0.0, 90.2774429321289, 7.802569101770204
3019, 255.64569091796875, -236.42864990234375, 0.0, 0.0, 0.0, 90.27582550048828, 7.741854886298481
3020, 255.64468383789062, -236.2237091064453, 0.0, 0.0, 0.0, 90.27392578125, 7.672333726501988
3021, 255.64378356933594, -236.0438232421875, 0.0, 0.0, 0.0, 90.27223205566406, 7.611072138313037
3022, 255.64288330078125, -235.8568572998047, 0.0, 0.0, 0.0, 90.27041625976562, 7.5472021915139
3023, 255.6420440673828, -235.68359375, 0.0, 0.0, 0.0, 90.26870727539062, 7.487904787742715
3024, 255.64120483398438, -235.51585388183594, 0.0, 0.0, 0.0, 90.26712036132812, 7.430426111031057
3025, 255.64036560058594, -235.34182739257812, 0.0, 0.0, 0.0, 90.26541137695312, 7.370719603022341
3026, 255.63946533203125, -235.15538024902344, 0.0, 0.0, 0.0, 90.26358032226562, 7.306693800312917
3027, 255.63856506347656, -234.97164916992188, 0.0, 0.0, 0.0, 90.26178741455078, 7.243564021903958
3028, 255.63772583007812, -234.79345703125, 0.0, 0.0, 0.0, 90.26004028320312, 7.182302092279636
3029, 255.6368865966797, -234.6114044189453, 0.0, 0.0, 0.0, 90.2582778930664, 7.119684977616884
3030, 255.6360626220703, -234.4276580810547, 0.0, 0.05000000074505806, 0.0, 90.25650024414062, 7.058253784436819
3031, 255.63525390625, -234.25314331054688, 0.0, 0.10000000149011612, 0.0, 90.25483703613281, 7.0031475016048095
3032, 255.63446044921875, -234.08560180664062, 0.0, 0.15000000596046448, 0.0, 90.25330352783203, 6.954883013089942
3033, 255.6337127685547, -233.92169189453125, 0.0, 0.2500000298023224, 0.0, 90.25187683105469, 6.913523725090272
3034, 255.6328582763672, -233.74139404296875, 0.0, 0.30000004172325134, 0.0, 90.25045776367188, 6.877847394596979
3035, 255.63211059570312, -233.57305908203125, 0.0, 0.3500000536441803, 0.0, 90.24927520751953, 6.85405217797219
3036, 255.63131713867188, -233.40005493164062, 0.0, 0.42500007152557373, 0.0, 90.24829864501953, 6.838904537899224
3037, 255.630615234375, -233.24197387695312, 0.0, 0.4750000834465027, 0.0, 90.24752044677734, 6.834224194019926
3038, 255.62989807128906, -233.0825653076172, 0.0, 0.5250000357627869, 0.0, 90.24699401855469, 6.837737980713632
3039, 255.6291961669922, -232.91775512695312, 0.0, 0.574999988079071, 0.0, 90.2466049194336, 6.849615649163446
3040, 255.6284942626953, -232.75038146972656, 0.0, 0.6499999165534973, 0.0, 90.2464599609375, 6.869708916035412
3041, 255.62779235839844, -232.58392333984375, 0.0, 0.6999998688697815, 0.0, 90.24647521972656, 6.898554236121761
3042, 255.6270294189453, -232.41004943847656, 0.0, 0.7499998211860657, 0.0, 90.24677276611328, 6.936918360398315
3043, 255.62628173828125, -232.23626708984375, 0.0, 0.8249997496604919, 0.0, 90.24727630615234, 6.9836144469404955
3044, 255.62551879882812, -232.06117248535156, 0.0, 0.8749997019767761, 0.0, 90.2480239868164, 7.038947195583964
3045, 255.624755859375, -231.8827667236328, 0.0, 0.9249996542930603, 0.0, 90.24897003173828, 7.1034640271875515
3046, 255.6240234375, -231.70083618164062, 0.0, 0.9999995827674866, 0.0, 90.25019836425781, 7.176812085553514
3047, 255.62332153320312, -231.53231811523438, 0.0, 1.0, 0.0, 90.25157165527344, 7.251289870730546
3048, 255.62252807617188, -231.35601806640625, 0.0019098592456430197, 1.0, 0.0, 90.25434875488281, 7.33328766721728
3049, 255.62158203125, -231.17884826660156, 0.007639436982572079, 1.0, 0.0, 90.26214599609375, 7.4182024281183905
3050, 255.62020874023438, -230.9775390625, 0.010822535492479801, 0.9250000715255737, 0.0, 90.27992248535156, 7.51498998263126
3051, 255.61875915527344, -230.79542541503906, 0.009549295529723167, 0.8750001192092896, 0.0, 90.30197143554688, 7.599888652906416
3052, 255.61708068847656, -230.5974578857422, 0.0076394351199269295, 0.8000001907348633, 0.0, 90.32917785644531, 7.687123068243826
3053, 255.61537170410156, -230.39942932128906, 0.00636619608849287, 0.7500002384185791, 0.0, 90.35737609863281, 7.767270161801504
3054, 255.6136932373047, -230.20654296875, 0.005092956591397524, 0.7000002861022949, 0.0, 90.38438415527344, 7.837985284002067
3055, 255.61195373535156, -230.00482177734375, 0.003183097345754504, 0.6250003576278687, 0.0, 90.41056823730469, 7.903424237006874
3056, 255.61045837402344, -229.8291015625, 0.001909857615828514, 0.5750004053115845, 0.0, 90.43087005615234, 7.95242234970656
3057, 255.60891723632812, -229.64308166503906, 0.0, 0.5250004529953003, 0.0, 90.44879150390625, 7.996305447803811
3058, 255.6073760986328, -229.44708251953125, 0.0, 0.4750004708766937, 0.0, 90.46405792236328, 8.033645637152555
3059, 255.60577392578125, -229.2464599609375, 0.0, 0.42500045895576477, 0.0, 90.47657775878906, 8.062466675832828
3060, 255.60423278808594, -229.04995727539062, 0.0, 0.35000044107437134, 0.0, 90.48641204833984, 8.081112616682695
3061, 255.60267639160156, -228.85507202148438, 0.0, 0.3000004291534424, 0.0, 90.49420928955078, 8.089653601425079
3062, 255.6011505126953, -228.6707305908203, 0.0, 0.2500004172325134, 0.0, 90.5001220703125, 8.088875304179679
3063, 255.5994415283203, -228.46307373046875, 0.0, 0.17500039935112, 0.0, 90.50536346435547, 8.077732747000086
3064, 255.59779357910156, -228.26736450195312, 0.0, 0.12500038743019104, 0.0, 90.5091552734375, 8.056968398585877
3065, 255.5961151123047, -228.0696258544922, 0.0, 0.07500039041042328, 0.0, 90.51204681396484, 8.026744172902166
3066, 255.59445190429688, -227.87510681152344, 0.0, 3.915280046840053e-07, 0.0, 90.51408386230469, 7.987851706075601
3067, 255.59280395507812, -227.6868438720703, 0.0, 0.0, 0.0, 90.51541137695312, 7.94148626879832
3068, 255.5911865234375, -227.5037078857422, 0.0, 0.0, 0.0, 90.51618957519531, 7.891065005541948
3069, 255.58937072753906, -227.29666137695312, 0.0, 0.0, 0.0, 90.5164794921875, 7.829732033663756
3070, 255.5876922607422, -227.10964965820312, 0.0, 0.0, 0.0, 90.51629638671875, 7.771494867024202
3071, 255.5859832763672, -226.922607421875, 0.0, 0.0, 0.0, 90.51586151123047, 7.711428393091292
3072, 255.5842742919922, -226.73573303222656, 0.0, 0.0, 0.0, 90.51510620117188, 7.650129199713414
3073, 255.5826873779297, -226.55767822265625, 0.0, 0.0, 0.0, 90.5141830444336, 7.590884307167611
3074, 255.58102416992188, -226.37440490722656, 0.0, 0.02500000037252903, 0.0, 90.51306915283203, 7.530403978486125
3075, 255.57931518554688, -226.18397521972656, 0.0, 0.10000000149011612, 0.0, 90.51176452636719, 7.469291926802241
3076, 255.57766723632812, -226.00198364257812, 0.0, 0.15000000596046448, 0.0, 90.51046752929688, 7.415673888029577
3077, 255.5761260986328, -225.83013916015625, 0.0, 0.20000001788139343, 0.0, 90.50919342041016, 7.370570440503926
3078, 255.574462890625, -225.64706420898438, 0.0, 0.20000001788139343, 0.0, 90.50790405273438, 7.329313106719829
3079, 255.5728302001953, -225.46405029296875, 0.0, 0.3500000536441803, 0.0, 90.50666046142578, 7.296135536392684
3080, 255.57122802734375, -225.28530883789062, 0.0, 0.3500000536441803, 0.0, 90.50559997558594, 7.272937135707718
3081, 255.569580078125, -225.1018829345703, 0.0, 0.30000004172325134, 0.0, 90.50460815429688, 7.254531143190334
3082, 255.56809997558594, -224.93753051757812, 0.0, 0.2250000238418579, 0.0, 90.5038833618164, 7.23822209283956
3083, 255.56651306152344, -224.75677490234375, 0.0, 0.17500001192092896, 0.0, 90.50311279296875, 7.216650452000436
3084, 255.56497192382812, -224.58311462402344, 0.0, 0.125, 0.0, 90.5024185180664, 7.190864485887796
3085, 255.56333923339844, -224.39459228515625, 0.0, 0.05000000447034836, 0.0, 90.50164031982422, 7.155690652056521
3086, 255.56175231933594, -224.21575927734375, 0.0, 4.0978194171259474e-09, 0.0, 90.50082397460938, 7.114053603775738
3087, 255.56027221679688, -224.05128479003906, 0.0, 0.0, 0.0, 90.49998474121094, 7.068997096091961
3088, 255.55870056152344, -223.8739013671875, 0.0, 0.0, 0.0, 90.49897003173828, 7.016203984882735
3089, 255.55722045898438, -223.705322265625, 0.0, 0.0, 0.0, 90.49789428710938, 6.963281635980348
3090, 255.5557403564453, -223.5371856689453, 0.0, 0.02500000037252903, 0.0, 90.49673461914062, 6.909840879831321
3091, 255.55421447753906, -223.36302185058594, 0.0, 0.07500000298023224, 0.0, 90.4955062866211, 6.855353795729549
3092, 255.55267333984375, -223.186767578125, 0.0, 0.15000000596046448, 0.0, 90.49418640136719, 6.804028654195862
3093, 255.55130004882812, -223.02926635742188, 0.0, 0.20000001788139343, 0.0, 90.49308013916016, 6.763954044607168
3094, 255.54977416992188, -222.85267639160156, 0.0, 0.27500003576278687, 0.0, 90.49178314208984, 6.7266693667013655
3095, 255.5484161376953, -222.69944763183594, 0.0, 0.3250000476837158, 0.0, 90.49092864990234, 6.702432570713905
3096, 255.5470428466797, -222.53948974609375, 0.0, 0.3750000596046448, 0.0, 90.48985290527344, 6.6850730032379015
3097, 255.54562377929688, -222.37876892089844, 0.0, 0.42500007152557373, 0.0, 90.48954772949219, 6.6757766011021475
3098, 255.54421997070312, -222.2133026123047, 0.0, 0.42500007152557373, 0.0, 90.48798370361328, 6.67415396888734
3099, 255.5428009033203, -222.04847717285156, 0.0, 0.574999988079071, 0.0, 90.48927307128906, 6.680253868318209
3100, 255.5413818359375, -221.88641357421875, 0.0, 0.6249999403953552, 0.0, 90.4869384765625, 6.6940045536341515
3101, 255.5399932861328, -221.72235107421875, 0.0, 0.6749998927116394, 0.0, 90.48932647705078, 6.7160869895062865
3102, 255.5386199951172, -221.56649780273438, 0.0, 0.7499998211860657, 0.0, 90.48761749267578, 6.746548874574186
3103, 255.53724670410156, -221.40325927734375, 0.0, 0.7999997735023499, 0.0, 90.48944854736328, 6.790364466434653
3104, 255.5357208251953, -221.22601318359375, 0.0, 0.849999725818634, 0.0, 90.48860168457031, 6.84686948186616
3105, 255.53427124023438, -221.05645751953125, 0.0, 0.9249996542930603, 0.0, 90.49061584472656, 6.9088154591715005
3106, 255.53280639648438, -220.88758850097656, 0.0, 0.9749996066093445, 0.0, 90.49111938476562, 6.979744206471377
3107, 255.53146362304688, -220.72657775878906, 0.0, 1.0249996185302734, 0.0, 90.49258422851562, 7.053704962910629
3108, 255.53001403808594, -220.5531768798828, 0.0, 1.0, 0.0, 90.49407958984375, 7.13752161832569
3109, 255.52850341796875, -220.37432861328125, 0.0, 1.0, 0.0, 90.49595642089844, 7.226552482968202
3110, 255.52700805664062, -220.19520568847656, 0.0, 1.0, 0.0, 90.49795532226562, 7.317119550606697
3111, 255.52549743652344, -220.01760864257812, 0.0, 1.0, 0.0, 90.50007629394531, 7.407520905561466
3112, 255.5240020751953, -219.84304809570312, 0.0, 1.0, 0.0, 90.50226593017578, 7.496448973083117
3113, 255.52243041992188, -219.65794372558594, 0.0, 0.9750000238418579, 0.0, 90.50470733642578, 7.590106339960171
3114, 255.52081298828125, -219.46755981445312, 0.0, 0.9250000715255737, 0.0, 90.50729370117188, 7.68419220963884
3115, 255.5191192626953, -219.27069091796875, 0.0, 0.8750001192092896, 0.0, 90.51006317138672, 7.777276034964057
3116, 255.51751708984375, -219.08204650878906, 0.0, 0.8000001907348633, 0.0, 90.51268768310547, 7.860929177670794
3117, 255.515869140625, -218.89369201660156, 0.0, 0.725000262260437, 0.0, 90.5152587890625, 7.937302802775846
3118, 255.51426696777344, -218.707763671875, 0.0, 0.6750003099441528, 0.0, 90.51776885986328, 8.004731182506363
3119, 255.5126495361328, -218.5224609375, 0.0, 0.6250003576278687, 0.0, 90.5201644897461, 8.064003491749206
3120, 255.5109100341797, -218.3238983154297, 0.0, 0.5750004053115845, 0.0, 90.52256774902344, 8.118721126374721
3121, 255.5091094970703, -218.12420654296875, 0.0, 0.5000004768371582, 0.0, 90.52482604980469, 8.164141029802986
3122, 255.50732421875, -217.92431640625, 0.0, 0.45000046491622925, 0.0, 90.52688598632812, 8.199399070746898
3123, 255.50558471679688, -217.72845458984375, 0.0, 0.4000004529953003, 0.0, 90.52867126464844, 8.22436256252646
3124, 255.50384521484375, -217.5363006591797, 0.0, 0.35000044107437134, 0.0, 90.53022003173828, 8.239875506470998
3125, 255.50216674804688, -217.348876953125, 0.0, 0.2750004231929779, 0.0, 90.531494140625, 8.246130503745274
3126, 255.5004119873047, -217.1571807861328, 0.0, 0.22500041127204895, 0.0, 90.53254699707031, 8.242905410328044
3127, 255.49867248535156, -216.967041015625, 0.0, 0.17500039935112, 0.0, 90.53334045410156, 8.230610203613056
3128, 255.49679565429688, -216.7659912109375, 0.0, 0.12500038743019104, 0.0, 90.53392028808594, 8.208409521443697
3129, 255.4949188232422, -216.5662078857422, 0.0, 0.0500003919005394, 0.0, 90.53421020507812, 8.176901193245167
3130, 255.49298095703125, -216.3585662841797, 0.0, 3.915280046840053e-07, 0.0, 90.53418731689453, 8.133887903132775
3131, 255.4911651611328, -216.16500854492188, 0.0, 0.0, 0.0, 90.53388977050781, 8.085161438589338
3132, 255.48941040039062, -215.9758758544922, 0.0, 0.0, 0.0, 90.53337097167969, 8.032424266616463
3133, 255.48751831054688, -215.7745819091797, 0.0, 0.0, 0.0, 90.53253173828125, 7.972419472208924
3134, 255.4857635498047, -215.58349609375, 0.0, 0.0, 0.0, 90.53160095214844, 7.9128048980593455
3135, 255.48397827148438, -215.3953399658203, 0.0, 0.0, 0.0, 90.53044128417969, 7.8523488644070465
3136, 255.48228454589844, -215.21047973632812, 0.0, 0.0, 0.0, 90.5291748046875, 7.791749527550391
3137, 255.48056030273438, -215.0267333984375, 0.0, 0.0, 0.0, 90.52782440185547, 7.730660238214235
3138, 255.47879028320312, -214.83580017089844, 0.0, 0.0, 0.0, 90.52633666992188, 7.666537890374226
3139, 255.47708129882812, -214.65444946289062, 0.0, 0.0, 0.0, 90.52483367919922, 7.60522842070676
3140, 255.47531127929688, -214.46148681640625, 0.0, 0.0, 0.0, 90.52314758300781, 7.53965847261233
3141, 255.47366333007812, -214.28485107421875, 0.0, 0.0, 0.0, 90.52156829833984, 7.479439843890648
3142, 255.4720916748047, -214.11488342285156, 0.0, 0.05000000074505806, 0.0, 90.52001190185547, 7.422764245260336
3143, 255.47052001953125, -213.94525146484375, 0.0, 0.10000000149011612, 0.0, 90.51844024658203, 7.368750406692655
3144, 255.4689178466797, -213.7721405029297, 0.0, 0.15000000596046448, 0.0, 90.51689147949219, 7.317928097328621
3145, 255.46742248535156, -213.60777282714844, 0.0, 0.20000001788139343, 0.0, 90.51546478271484, 7.274855266467868
3146, 255.46571350097656, -213.41880798339844, 0.0, 0.27500003576278687, 0.0, 90.513916015625, 7.232730668216108
3147, 255.46417236328125, -213.248291015625, 0.0, 0.3250000476837158, 0.0, 90.51264953613281, 7.203198192621638
3148, 255.46250915527344, -213.0635528564453, 0.0, 0.3750000596046448, 0.0, 90.51139831542969, 7.180207194148771
3149, 255.46104431152344, -212.89987182617188, 0.0, 0.42500007152557373, 0.0, 90.51050567626953, 7.167752655074176
3150, 255.45950317382812, -212.7317352294922, 0.0, 0.5000000596046448, 0.0, 90.50972747802734, 7.162746233596631
3151, 255.45797729492188, -212.5605010986328, 0.0, 0.574999988079071, 0.0, 90.50914764404297, 7.16691897300587
3152, 255.45640563964844, -212.38563537597656, 0.0, 0.6249999403953552, 0.0, 90.5087890625, 7.181146403643287
3153, 255.4548797607422, -212.2129669189453, 0.0, 0.6749998927116394, 0.0, 90.5086441040039, 7.2041100606533295
3154, 255.45323181152344, -212.02679443359375, 0.0, 0.7499998211860657, 0.0, 90.50872802734375, 7.237966712685887
3155, 255.45166015625, -211.8508758544922, 0.0, 0.7499998211860657, 0.0, 90.50904846191406, 7.278097624939476
3156, 255.45013427734375, -211.68093872070312, 0.0, 0.6999998688697815, 0.0, 90.50952911376953, 7.320805691592436
3157, 255.4485626220703, -211.50555419921875, 0.0, 0.6499999165534973, 0.0, 90.51021575927734, 7.365058030522116
3158, 255.44699096679688, -211.32533264160156, 0.0, 0.5999999642372131, 0.0, 90.51107788085938, 7.408137523634081
3159, 255.4453887939453, -211.14453125, 0.0, 0.5250000357627869, 0.0, 90.51199340820312, 7.446647502232377
3160, 255.4437255859375, -210.9569549560547, 0.0, 0.4750000536441803, 0.0, 90.51297760009766, 7.479668099752475
3161, 255.4422607421875, -210.79090881347656, 0.0, 0.42500004172325134, 0.0, 90.51380157470703, 7.502463981625568
3162, 255.4407501220703, -210.62173461914062, 0.0, 0.3750000298023224, 0.0, 90.51464080810547, 7.519167154191472
3163, 255.43911743164062, -210.43951416015625, 0.0, 0.30000001192092896, 0.0, 90.51537322998047, 7.5289664937719785
3164, 255.4375457763672, -210.26454162597656, 0.0, 0.22499999403953552, 0.0, 90.51598358154297, 7.528974016917293
3165, 255.43597412109375, -210.08497619628906, 0.0, 0.17499998211860657, 0.0, 90.5164566040039, 7.519148713524679
3166, 255.43426513671875, -209.8975372314453, 0.0, 0.12499997764825821, 0.0, 90.51673889160156, 7.499191083718102
3167, 255.4326934814453, -209.71986389160156, 0.0, 0.07499998062849045, 0.0, 90.51680755615234, 7.471637427836027
3168, 255.43104553222656, -209.53976440429688, 0.0, -1.8253922817734747e-08, 0.0, 90.51663970947266, 7.435047658737062
3169, 255.42947387695312, -209.36585998535156, 0.0, 0.0, 0.0, 90.51628875732422, 7.391303417560632
3170, 255.42791748046875, -209.1943359375, 0.0, 0.0, 0.0, 90.51576232910156, 7.34309083858971
3171, 255.42636108398438, -209.02171325683594, 0.0, 0.0, 0.0, 90.5150146484375, 7.291097547815644
3172, 255.42469787597656, -208.83624267578125, 0.0, 0.0, 0.0, 90.51404571533203, 7.232602083716043
3173, 255.42312622070312, -208.6629180908203, 0.0, 0.0, 0.0, 90.5129623413086, 7.176251823453126
3174, 255.42152404785156, -208.48802185058594, 0.0, 0.0, 0.0, 90.51177978515625, 7.118283408106365
3175, 255.4198760986328, -208.3072052001953, 0.0, 0.0, 0.0, 90.51046752929688, 7.057551417591132
3176, 255.4183349609375, -208.1387481689453, 0.0, 0.0, 0.0, 90.5091552734375, 7.000488774261234
3177, 255.41673278808594, -207.9618377685547, 0.0, 0.0, 0.0, 90.50774383544922, 6.940202421338227
3178, 255.41519165039062, -207.7928466796875, 0.0, 0.0, 0.0, 90.50630950927734, 6.882417626425601
3179, 255.41378784179688, -207.63381958007812, 0.0, 0.0, 0.0, 90.50493621826172, 6.8278988390717865
3180, 255.41241455078125, -207.48292541503906, 0.0, 0.0, 0.0, 90.5036392211914, 6.776090531369757
3181, 255.41087341308594, -207.31236267089844, 0.0, 0.07500000298023224, 0.0, 90.50215911865234, 6.719380425501473
3182, 255.4094696044922, -207.15390014648438, 0.0, 0.125, 0.0, 90.50080871582031, 6.67089091872547
3183, 255.40798950195312, -206.9883575439453, 0.0, 0.17500001192092896, 0.0, 90.49942779541016, 6.625998751262422
3184, 255.4065704345703, -206.8309783935547, 0.0, 0.2250000238418579, 0.0, 90.49822998046875, 6.5898269417733095
3185, 255.4051971435547, -206.67327880859375, 0.0, 0.30000004172325134, 0.0, 90.49708557128906, 6.560463247054847
3186, 255.4038848876953, -206.5271759033203, 0.0, 0.3500000536441803, 0.0, 90.49620056152344, 6.54118187244943
3187, 255.40264892578125, -206.38331604003906, 0.0, 0.40000006556510925, 0.0, 90.49539184570312, 6.52902386414671
3188, 255.4012908935547, -206.22959899902344, 0.0, 0.4500000774860382, 0.0, 90.49479675292969, 6.524530869260769
3189, 255.39999389648438, -206.08343505859375, 0.0, 0.5000000596046448, 0.0, 90.49422454833984, 6.5261761524068325
3190, 255.39871215820312, -205.93576049804688, 0.0, 0.550000011920929, 0.0, 90.4939956665039, 6.5361512438231255
3191, 255.3974151611328, -205.78431701660156, 0.0, 0.6249999403953552, 0.0, 90.49372863769531, 6.5504935153183075
3192, 255.3960723876953, -205.62936401367188, 0.0, 0.6999998688697815, 0.0, 90.49385070800781, 6.576262772593016
3193, 255.3946075439453, -205.4571075439453, 0.0, 0.6999998688697815, 0.0, 90.49386596679688, 6.606948065341624
3194, 255.39320373535156, -205.2957305908203, 0.0, 0.6499999165534973, 0.0, 90.49436950683594, 6.644745835239333
3195, 255.391845703125, -205.1409149169922, 0.0, 0.574999988079071, 0.0, 90.49483489990234, 6.678447595146623
3196, 255.39051818847656, -204.98599243164062, 0.0, 0.5250000357627869, 0.0, 90.4955062866211, 6.71731387981982
3197, 255.3892364501953, -204.8342742919922, 0.0, 0.4750000536441803, 0.0, 90.49617767333984, 6.748063724208047
3198, 255.38787841796875, -204.6788787841797, 0.0, 0.42500004172325134, 0.0, 90.49691772460938, 6.776256338816429
3199, 255.3865509033203, -204.52256774902344, 0.0, 0.3750000298023224, 0.0, 90.49763488769531, 6.795389734733981
3200, 255.38514709472656, -204.3607177734375, 0.0, 0.32500001788139343, 0.0, 90.49834442138672, 6.809171942269926
3201, 255.38368225097656, -204.1886749267578, 0.0, 0.25, 0.0, 90.49888610839844, 6.811198748399854
3202, 255.38229370117188, -204.0251007080078, 0.0, 0.19999998807907104, 0.0, 90.49935913085938, 6.807290533784043
3203, 255.38082885742188, -203.85569763183594, 0.0, 0.1499999761581421, 0.0, 90.49958801269531, 6.787944083747771
3204, 255.37954711914062, -203.70912170410156, 0.0, 0.09999997913837433, 0.0, 90.49967193603516, 6.772099981109873
3205, 255.37820434570312, -203.553466796875, 0.0, 0.04999998211860657, 0.0, 90.49962615966797, 6.743417909879875
3206, 255.37684631347656, -203.39866638183594, 0.0, 0.0, 0.0, 90.49940490722656, 6.713153514331382
3207, 255.37550354003906, -203.24588012695312, 0.0, 0.0, 0.0, 90.49901580810547, 6.670248497340695
3208, 255.37413024902344, -203.09347534179688, 0.0, 0.0, 0.0, 90.49852752685547, 6.630998463724712
3209, 255.3727264404297, -202.93453979492188, 0.0, 0.0, 0.0, 90.49776458740234, 6.578151672437917
3210, 255.371337890625, -202.77664184570312, 0.0, 0.0, 0.0, 90.4969482421875, 6.533267792394301
3211, 255.36993408203125, -202.61293029785156, 0.0, 0.0, 0.0, 90.49595642089844, 6.473014182123365
3212, 255.36862182617188, -202.46188354492188, 0.0, 0.0, 0.0, 90.49491119384766, 6.428705157001187
3213, 255.36732482910156, -202.30979919433594, 0.0, 0.0, 0.0, 90.49378967285156, 6.3720821092935225
3214, 255.3661346435547, -202.1725616455078, 0.0, 0.0, 0.0, 90.49275970458984, 6.330727537323816
3215, 255.36488342285156, -202.02688598632812, 0.0, 0.0, 0.0, 90.49156951904297, 6.276799537810801
3216, 255.36363220214844, -201.88143920898438, 0.0, 0.02500000037252903, 0.0, 90.49040222167969, 6.23311824452445
3217, 255.3622589111328, -201.72630310058594, 0.0, 0.07500000298023224, 0.0, 90.4891357421875, 6.175409624505378
3218, 255.36097717285156, -201.57720947265625, 0.0, 0.125, 0.0, 90.48790740966797, 6.135438682852474
3219, 255.3596649169922, -201.4258575439453, 0.0, 0.20000001788139343, 0.0, 90.48664855957031, 6.084879073470599
3220, 255.3584747314453, -201.2893524169922, 0.0, 0.2500000298023224, 0.0, 90.48562622070312, 6.059635818066672
3221, 255.357177734375, -201.13661193847656, 0.0, 0.30000004172325134, 0.0, 90.48453521728516, 6.0227652880484515
3222, 255.35592651367188, -200.99183654785156, 0.0, 0.3500000536441803, 0.0, 90.48359680175781, 6.006272338258863
3223, 255.35470581054688, -200.8443145751953, 0.0, 0.3750000596046448, 0.0, 90.48271942138672, 5.980955679444646
3224, 255.35345458984375, -200.69944763183594, 0.0, 0.3250000476837158, 0.0, 90.4820327758789, 5.97619106195052
3225, 255.3522186279297, -200.55674743652344, 0.0, 0.27500003576278687, 0.0, 90.4814453125, 5.959403598145847
3226, 255.35110473632812, -200.4246826171875, 0.0, 0.2250000238418579, 0.0, 90.48098754882812, 5.960535001374136
3227, 255.3499298095703, -200.28567504882812, 0.0, 0.15000000596046448, 0.0, 90.48056030273438, 5.946952161919318
3228, 255.34873962402344, -200.1483612060547, 0.0, 0.10000000149011612, 0.0, 90.48019409179688, 5.9375337863687605
3229, 255.3475799560547, -200.01075744628906, 0.0, 0.05000000447034836, 0.0, 90.47978210449219, 5.909500035015144
3230, 255.34646606445312, -199.87876892089844, 0.0, 4.0978194171259474e-09, 0.0, 90.47937774658203, 5.88971877626251
3231, 255.3451690673828, -199.7273712158203, 0.0, 0.0, 0.0, 90.47879028320312, 5.840744945233701
3232, 255.3440399169922, -199.592041015625, 0.0, 0.0, 0.0, 90.47814178466797, 5.809015647217667
3233, 255.34286499023438, -199.44894409179688, 0.0, 0.0, 0.0, 90.47735595703125, 5.755363831103309
3234, 255.3417205810547, -199.3125, 0.0, 0.0, 0.0, 90.47650909423828, 5.719248339415767
3235, 255.34060668945312, -199.1805419921875, 0.0, 0.0, 0.0, 90.47561645507812, 5.6679091787339715
3236, 255.33953857421875, -199.05470275878906, 0.0, 0.0, 0.0, 90.47474670410156, 5.63467761172987
3237, 255.33840942382812, -198.91891479492188, 0.0, 0.0, 0.0, 90.4737319946289, 5.579846825177274
3238, 255.33721923828125, -198.7802276611328, 0.0, 0.0, 0.0, 90.47266387939453, 5.537453392863366
3239, 255.3361053466797, -198.6451873779297, 0.0, 0.0, 0.0, 90.47157287597656, 5.475202244679175
3240, 255.3350372314453, -198.51499938964844, 0.0, 0.0, 0.0, 90.470458984375, 5.437779969906615
3241, 255.333984375, -198.3881378173828, 0.0, 0.0, 0.0, 90.46937561035156, 5.382714971256566
3242, 255.3329620361328, -198.26719665527344, 0.0, 0.0, 0.0, 90.46829986572266, 5.350078858315346
3243, 255.33197021484375, -198.1457977294922, 0.0, 0.0, 0.0, 90.46728515625, 5.299475786543378
3244, 255.3309326171875, -198.0211944580078, 0.0, 0.0, 0.0, 90.4662094116211, 5.263049167419434
3245, 255.3299102783203, -197.8963165283203, 0.0, 0.0, 0.0, 90.46510314941406, 5.204428787218497
3246, 255.32891845703125, -197.77268981933594, 0.0, 0.0, 0.0, 90.4639892578125, 5.167552532121933
3247, 255.32785034179688, -197.64459228515625, 0.0, 0.0, 0.0, 90.46282958984375, 5.102812701214418
3248, 255.32684326171875, -197.5248565673828, 0.0, 0.0, 0.0, 90.46173858642578, 5.068741319397102
3249, 255.3258514404297, -197.40557861328125, 0.0, 0.0, 0.0, 90.46062469482422, 5.011835740003443
3250, 255.324951171875, -197.29449462890625, 0.0, 0.0, 0.0, 90.45960235595703, 4.983152956771805
3251, 255.3240203857422, -197.17803955078125, 0.0, 0.0, 0.0, 90.45864868164062, 4.95950845276316
3252, 255.3231201171875, -197.0658416748047, 0.0, 0.0, 0.0, 90.45783233642578, 4.929755577932861
3253, 255.32212829589844, -196.94374084472656, 0.0, 0.0, 0.0, 90.45697784423828, 4.893008546941339
3254, 255.32118225097656, -196.8274383544922, 0.0, 0.0, 0.0, 90.45623016357422, 4.855566238013686
3255, 255.31976318359375, -196.65467834472656, 0.0, 0.0, 0.0, 90.45508575439453, 4.797655946727262
3256, 255.31893920898438, -196.5536651611328, 0.0, 0.05000000074505806, 0.0, 90.45440673828125, 4.764753597004621
3257, 255.31797790527344, -196.43414306640625, 0.0, 0.10000000149011612, 0.0, 90.45368194580078, 4.7294759214110265
3258, 255.31710815429688, -196.3217315673828, 0.0, 0.15000000596046448, 0.0, 90.45298767089844, 4.701449873415611
3259, 255.316162109375, -196.20648193359375, 0.0, 0.2250000238418579, 0.0, 90.45240020751953, 4.6793077031691
3260, 255.3152618408203, -196.0926971435547, 0.0, 0.27500003576278687, 0.0, 90.45186614990234, 4.665552949000477
3261, 255.31439208984375, -195.97897338867188, 0.0, 0.3250000476837158, 0.0, 90.45148468017578, 4.659591916328679
3262, 255.31356811523438, -195.8783721923828, 0.0, 0.3750000596046448, 0.0, 90.45123291015625, 4.660524439561028
3263, 255.31268310546875, -195.76966857910156, 0.0, 0.42500007152557373, 0.0, 90.45109558105469, 4.6680698357445864
3264, 255.3118133544922, -195.6575927734375, 0.0, 0.5000000596046448, 0.0, 90.45103454589844, 4.683067600847665
3265, 255.3108673095703, -195.5394744873047, 0.0, 0.550000011920929, 0.0, 90.451171875, 4.70743415713711
3266, 255.30999755859375, -195.42770385742188, 0.0, 0.5999999642372131, 0.0, 90.45143127441406, 4.737586933145726
3267, 255.30905151367188, -195.30833435058594, 0.0, 0.6749998927116394, 0.0, 90.45184326171875, 4.7771127735947
3268, 255.30819702148438, -195.1978302001953, 0.0, 0.7249998450279236, 0.0, 90.45233917236328, 4.820736784296776
3269, 255.30731201171875, -195.08740234375, 0.0, 0.7749997973442078, 0.0, 90.4529800415039, 4.870402084324201
3270, 255.3064422607422, -194.9733123779297, 0.0, 0.7499998211860657, 0.0, 90.45375061035156, 4.9257720472399855
3271, 255.3054656982422, -194.8489227294922, 0.0, 0.6999998688697815, 0.0, 90.4547348022461, 4.986396583009395
3272, 255.3045196533203, -194.7274169921875, 0.0, 0.6249999403953552, 0.0, 90.45574951171875, 5.042444796810651
3273, 255.30349731445312, -194.59739685058594, 0.0, 0.574999988079071, 0.0, 90.45684051513672, 5.096121805411605
3274, 255.30252075195312, -194.47564697265625, 0.0, 0.5250000357627869, 0.0, 90.45787811279297, 5.139909629607457
3275, 255.3016815185547, -194.3544921875, -0.005729577504098415, 0.4500000476837158, 0.0, 90.45568084716797, 5.175608140819543
3276, 255.30099487304688, -194.22406005859375, -0.009549296461045742, 0.40000003576278687, 0.0, 90.44679260253906, 5.205150184530622
3277, 255.30052185058594, -194.09234619140625, -0.013369014486670494, 0.3500000238418579, 0.0, 90.42994689941406, 5.197808834980558
3278, 255.30029296875, -193.97079467773438, -0.01718873344361782, 0.3500000238418579, 0.0, 90.40666961669922, 5.192084337152481
3279, 255.30032348632812, -193.84390258789062, -0.020371831953525543, 0.42500004172325134, 0.0, 90.37408447265625, 5.1668478260661175
3280, 255.300537109375, -193.72515869140625, -0.019098594784736633, 0.4750000536441803, 0.0, 90.33776092529297, 5.175104765430732
3281, 255.3008270263672, -193.6053009033203, -0.017825355753302574, 0.5250000357627869, 0.0, 90.29788208007812, 5.171734570912884
3282, 255.30120849609375, -193.489501953125, -0.016552116721868515, 0.574999988079071, 0.0, 90.25785064697266, 5.196865484355807
3283, 255.30165100097656, -193.35389709472656, -0.014642258174717426, 0.6499999165534973, 0.0, 90.21115112304688, 5.19582076564251
3284, 255.30206298828125, -193.23068237304688, -0.013369017280638218, 0.6999998688697815, 0.0, 90.1697998046875, 5.228184595822332
3285, 255.302490234375, -193.09942626953125, -0.012095777317881584, 0.7499998211860657, 0.0, 90.1278076171875, 5.248224804257442
3286, 255.30294799804688, -192.96954345703125, -0.01082253735512495, 0.7499998211860657, 0.0, 90.08875274658203, 5.298597859107291
3287, 255.30337524414062, -192.83990478515625, -0.008912676945328712, 0.6749998927116394, 0.0, 90.0531005859375, 5.336163403074925
3288, 255.3037872314453, -192.70706176757812, -0.007639436982572079, 0.6249999403953552, 0.0, 90.02027130126953, 5.4000601337094505
3289, 255.30421447753906, -192.57101440429688, -0.0063661979511380196, 0.574999988079071, 0.0, 89.99039459228516, 5.435769149795788
3290, 255.3046112060547, -192.4353790283203, -0.0044563389383256435, 0.4750000536441803, 0.0, 89.96480560302734, 5.490397927884032
3291, 255.30491638183594, -192.31362915039062, -0.0025464792270213366, 0.42500004172325134, 0.0, 89.94556427001953, 5.528975396947929
3292, 255.30520629882812, -192.18109130859375, -0.00127323972992599, 0.3750000298023224, 0.0, 89.92914581298828, 5.587690041011766
3293, 255.30545043945312, -192.0448455810547, 0.0, 0.32500001788139343, 0.0, 89.91651153564453, 5.606091781636384
3294, 255.3056640625, -191.91140747070312, 0.0, 0.2750000059604645, 0.0, 89.9073715209961, 5.629142709367456
3295, 255.30587768554688, -191.7694854736328, 0.0, 0.19999998807907104, 0.0, 89.90016174316406, 5.6226032411088545
3296, 255.3061065673828, -191.6318359375, 0.0, 0.1499999761581421, 0.0, 89.89484405517578, 5.627124596811809
3297, 255.30628967285156, -191.4999542236328, 0.0, 0.09999997913837433, 0.0, 89.89093017578125, 5.611003418187363
3298, 255.30650329589844, -191.37196350097656, 0.0, 0.024999981746077538, 0.0, 89.88798522949219, 5.608517279275836
3299, 255.3067169189453, -191.24375915527344, 0.0, 0.0, 0.0, 89.8856201171875, 5.5819199974472316
3300, 255.3069305419922, -191.10890197753906, 0.0, 0.0, 0.0, 89.8835678100586, 5.5593606385928105
3301, 255.3071746826172, -190.96192932128906, 0.0, 0.0, 0.0, 89.88160705566406, 5.499882150412991
3302, 255.3074188232422, -190.8383026123047, 0.0, 0.0, 0.0, 89.88011932373047, 5.475530346988906
3303, 255.3076934814453, -190.70751953125, 0.0, 0.0, 0.0, 89.8786849975586, 5.427971342175132
3304, 255.30796813964844, -190.572509765625, 0.0, 0.0, 0.0, 89.87730407714844, 5.391506404275831
3305, 255.30819702148438, -190.4500274658203, 0.0, 0.0, 0.0, 89.8760986328125, 5.340298565068379
3306, 255.3084716796875, -190.31996154785156, 0.0, 0.0, 0.0, 89.87488555908203, 5.305022817619333
3307, 255.30874633789062, -190.1835174560547, 0.0, 0.0, 0.0, 89.87358856201172, 5.23765586247764
3308, 255.30897521972656, -190.06216430664062, 0.0, 0.0, 0.0, 89.8724136352539, 5.206437482788939
3309, 255.3092498779297, -189.9385528564453, 0.0, 0.0, 0.0, 89.87126159667969, 5.151908888386454
3310, 255.30946350097656, -189.8202362060547, 0.0, 0.0, 0.0, 89.87020874023438, 5.120991857970176
3311, 255.30970764160156, -189.70384216308594, 0.0, 0.0, 0.0, 89.86914825439453, 5.07030750831804
3312, 255.30992126464844, -189.59136962890625, 0.0, 0.0, 0.0, 89.86815643310547, 5.041675947710239
3313, 255.31021118164062, -189.4654998779297, 0.0, 0.0, 0.0, 89.86705780029297, 4.9792585075630935
3314, 255.31048583984375, -189.3465576171875, 0.0, 0.0, 0.0, 89.86604309082031, 4.961177670537531
3315, 255.31077575683594, -189.2273406982422, 0.0, 0.0, 0.0, 89.86517333984375, 4.931828708312057
3316, 255.31105041503906, -189.110107421875, 0.0, 0.0, 0.0, 89.86438751220703, 4.897728107158836
3317, 255.31134033203125, -188.9906768798828, 0.0, 0.0, 0.0, 89.86359405517578, 4.8599788417612295
3318, 255.3115692138672, -188.8850860595703, 0.0, 0.0, 0.0, 89.86290740966797, 4.825152544673363
3319, 255.3118438720703, -188.7694549560547, 0.0, 0.0, 0.0, 89.86213684082031, 4.786110613581831
3320, 255.31214904785156, -188.65472412109375, 0.0, 0.0, 0.0, 89.86138916015625, 4.7468407286854255
3321, 255.3124237060547, -188.5421600341797, 0.0, 0.0, 0.0, 89.86065673828125, 4.708017167518198
3322, 255.31271362304688, -188.42835998535156, 0.0, 0.0, 0.0, 89.8598861694336, 4.668584681194966
3323, 255.31300354003906, -188.31263732910156, 0.0, 0.0, 0.0, 89.85914611816406, 4.62838686822202
3324, 255.31321716308594, -188.20611572265625, 0.0, 0.0, 0.0, 89.85845184326172, 4.59134240807528
3325, 255.31350708007812, -188.0970001220703, 0.0, 0.0, 0.0, 89.85773468017578, 4.553359000235779
3326, 255.31378173828125, -187.98731994628906, 0.0, 0.0, 0.0, 89.85700225830078, 4.515152923402598
3327, 255.31407165527344, -187.8779296875, 0.0, 0.0, 0.0, 89.85626220703125, 4.477037448005386
3328, 255.3143768310547, -187.76661682128906, 0.0, 0.0, 0.0, 89.85552978515625, 4.43823770569802
3329, 255.31463623046875, -187.65945434570312, 0.0, 0.0, 0.0, 89.85486602783203, 4.400881837033541
3330, 255.31494140625, -187.5523223876953, 0.0, 0.0, 0.0, 89.85417175292969, 4.363526907832201
3331, 255.31521606445312, -187.44737243652344, 0.0, 0.0, 0.0, 89.85350036621094, 4.326938259136187
3332, 255.3155059814453, -187.3402862548828, 0.0, 0.0, 0.0, 89.85284423828125, 4.28958379733774
3333, 255.3157958984375, -187.2332000732422, 0.0, 0.0, 0.0, 89.8521728515625, 4.25222218675325
3334, 255.31600952148438, -187.13351440429688, 0.0, 0.0, 0.0, 89.8515625, 4.217444569699901
3335, 255.31626892089844, -187.03138732910156, 0.0, 0.0, 0.0, 89.8509292602539, 4.181811950139541
3336, 255.31655883789062, -186.92942810058594, 0.0, 0.0, 0.0, 89.85031127929688, 4.146226549437038
3337, 255.31683349609375, -186.82736206054688, 0.0, 0.0, 0.0, 89.84968566894531, 4.110595847951294
3338, 255.31710815429688, -186.72645568847656, 0.0, 0.0, 0.0, 89.84906768798828, 4.075367117385325
3339, 255.3173370361328, -186.62643432617188, 0.0, 0.0, 0.0, 89.84848022460938, 4.040434500920665
3340, 255.31756591796875, -186.53761291503906, 0.0, 0.0, 0.0, 89.84796142578125, 4.009421047517074
3341, 255.31784057617188, -186.43666076660156, 0.0, 0.0, 0.0, 89.84735870361328, 3.97421087580012
3342, 255.31808471679688, -186.34201049804688, 0.0, 0.0, 0.0, 89.8468017578125, 3.9413603548892215
3343, 255.31837463378906, -186.24220275878906, 0.0, 0.02500000037252903, 0.0, 89.84622192382812, 3.9078968763507085
3344, 255.31858825683594, -186.1500701904297, 0.0, 0.10000000149011612, 0.0, 89.84571075439453, 3.8801001295920114
3345, 255.31881713867188, -186.05426025390625, 0.0, 0.17500001192092896, 0.0, 89.84523010253906, 3.858179466803404
3346, 255.31906127929688, -185.967041015625, 0.0, 0.2250000238418579, 0.0, 89.84484100341797, 3.8457228708911093
3347, 255.3192901611328, -185.8784942626953, 0.0, 0.27500003576278687, 0.0, 89.84455871582031, 3.8400619010810995
3348, 255.31947326660156, -185.7854766845703, 0.0038197184912860394, 0.27500003576278687, 0.0, 89.84638214111328, 3.8395823749933484
3349, 255.31947326660156, -185.6869659423828, 0.009549296461045742, 0.20000001788139343, 0.0, 89.85415649414062, 3.8387816864041824
3350, 255.3192596435547, -185.58876037597656, 0.013369014486670494, 0.15000000596046448, 0.0, 89.86930084228516, 3.833018397584447
3351, 255.31887817382812, -185.5032958984375, 0.01718873344361782, 0.10000000149011612, 0.0, 89.88875579833984, 3.8229906344475726
3352, 255.3182373046875, -185.4124755859375, 0.02291831001639366, 0.02500000409781933, 0.0, 89.91761016845703, 3.8055350485488533
3353, 255.31732177734375, -185.31991577148438, 0.026738028973340988, -0.02499999664723873, 0.0, 89.9559326171875, 3.7817406234495516
3354, 255.316162109375, -185.23020935058594, 0.030557747930288315, 0.0, 0.0, 90.00148010253906, 3.755647267267171
3355, 255.31468200683594, -185.13507080078125, 0.03437746688723564, 0.0, 0.0, 90.05888366699219, 3.725079383324272
3356, 255.31298828125, -185.0467987060547, 0.040107037872076035, 0.0, 0.0, 90.12115478515625, 3.6953771703663327
3357, 255.3110809326172, -184.96173095703125, 0.04392675310373306, 0.0, 0.0, 90.18964385986328, 3.666202927564143
3358, 255.30902099609375, -184.8804473876953, 0.04774646833539009, 0.0, 0.0, 90.26273345947266, 3.638060640439938
3359, 255.30657958984375, -184.79478454589844, 0.05156618356704712, 0.0, 0.0, 90.34797668457031, 3.608249766163524
3360, 255.30372619628906, -184.70751953125, 0.05729575455188751, 0.0, 0.0, 90.44413757324219, 3.5777402733307233
3361, 255.3004608154297, -184.61831665039062, 0.06111546978354454, 0.0, 0.0, 90.55216217041016, 3.546531193014829
3362, 255.29690551757812, -184.53138732910156, 0.06493518501520157, 0.0, 0.0, 90.66635131835938, 3.5161097229555742
3363, 255.29342651367188, -184.45301818847656, 0.0687548965215683, 0.0, 0.0, 90.7765121459961, 3.4886666092084644
3364, 255.28929138183594, -184.36827087402344, 0.07448447495698929, 0.0, 0.0, 90.90452575683594, 3.4588829266934016
3365, 255.2853240966797, -184.2937469482422, 0.07830418646335602, 0.0, 0.0, 91.02457427978516, 3.432694471977463
3366, 255.2807159423828, -184.21383666992188, 0.08212390542030334, 0.0, 0.0, 91.16107940673828, 3.4046155578683126
3367, 255.27554321289062, -184.1304473876953, 0.08594361692667007, 0.0, 0.0, 91.31188201904297, 3.3753028459373144
3368, 255.26991271972656, -184.0466766357422, 0.09167318791151047, 0.0, 0.0, 91.47261810302734, 3.3457466072901463
3369, 255.26419067382812, -183.96783447265625, 0.0954929068684578, 0.0, 0.0, 91.63215637207031, 3.3179522825351198
3370, 255.25802612304688, -183.88763427734375, 0.09931261837482452, 0.0, 0.0, 91.80244445800781, 3.2896874981453967
3371, 255.25157165527344, -183.8094024658203, 0.10313233733177185, 0.0, 0.0, 91.97601318359375, 3.262110169159073
3372, 255.24476623535156, -183.73159790039062, 0.10886190831661224, 0.0, 0.0, 92.15685272216797, 3.2345438441227112
3373, 255.2372589111328, -183.65171813964844, 0.11459147930145264, 0.0, 0.0, 92.35205078125, 3.2061497028214756
3374, 255.2294921875, -183.57373046875, 0.11841119825839996, 0.0, 0.0, 92.5514144897461, 3.178491001728159
3375, 255.2212371826172, -183.49581909179688, 0.12414076924324036, 0.0, 0.0, 92.75973510742188, 3.1507425595914755
3376, 255.21278381347656, -183.420166015625, 0.12796048820018768, 0.0, 0.0, 92.97026824951172, 3.123863903130847
3377, 255.2035369873047, -183.3415985107422, 0.13178019225597382, 0.0, 0.0, 93.1973648071289, 3.095944695217667
3378, 255.1937713623047, -183.26324462890625, 0.1375097632408142, 0.0, 0.0, 93.4327392578125, 3.0679705256108494
3379, 255.18345642089844, -183.18467712402344, 0.14132948219776154, 0.02500000037252903, 0.0, 93.67749786376953, 3.0366045664001864
3380, 255.1727294921875, -183.10699462890625, 0.14514920115470886, 0.07500000298023224, 0.0, 93.92767333984375, 3.0119658408195455
3381, 255.16163635253906, -183.02940368652344, 0.1432393491268158, 0.15000000596046448, 0.0, 94.18182373046875, 2.9952385886334105
3382, 255.15159606933594, -182.96109008789062, 0.1419661045074463, 0.20000001788139343, 0.0, 94.40673065185547, 2.9879620051765334
3383, 255.1409912109375, -182.8910369873047, 0.1432393491268158, 0.2500000298023224, 0.0, 94.63809967041016, 2.987119551568723
3384, 255.13055419921875, -182.82424926757812, 0.1489689201116562, 0.3250000476837158, 0.0, 94.86157989501953, 2.992344030836816
3385, 255.1195068359375, -182.75607299804688, 0.15278862416744232, 0.3750000596046448, 0.0, 95.0942153930664, 3.0049223383893637
3386, 255.1069793701172, -182.68173217773438, 0.15660834312438965, 0.42500007152557373, 0.0, 95.35328674316406, 3.0258751373700585
3387, 255.09445190429688, -182.610107421875, 0.16042806208133698, 0.4750000834465027, 0.0, 95.6083755493164, 3.0522209231661135
3388, 255.08135986328125, -182.53811645507812, 0.16615763306617737, 0.550000011920929, 0.0, 95.87134552001953, 3.0846145514025203
3389, 255.06765747070312, -182.46536254882812, 0.1699773520231247, 0.5999999642372131, 0.0, 96.14358520507812, 3.124288353773918
3390, 255.05343627929688, -182.3926544189453, 0.17379705607891083, 0.6499999165534973, 0.0, 96.42193603515625, 3.1697741459849818
3391, 255.03921508789062, -182.322265625, 0.17379705607891083, 0.6499999165534973, 0.0, 96.697021484375, 3.218671818341164
3392, 255.02410888671875, -182.2498016357422, 0.18143649399280548, 0.7499998211860657, 0.0, 96.98589324951172, 3.273649711200779
3393, 255.00851440429688, -182.17747497558594, 0.18716606497764587, 0.7749997973442078, 0.0, 97.28070831298828, 3.3321158165812244
3394, 254.9920196533203, -182.1034698486328, 0.1909857839345932, 0.7249998450279236, 0.0, 97.58906555175781, 3.392557435108381
3395, 254.97349548339844, -182.02317810058594, 0.1967153549194336, 0.6499999165534973, 0.0, 97.93196868896484, 3.4537448662235373
3396, 254.95428466796875, -181.94297790527344, 0.20053507387638092, 0.5999999642372131, 0.0, 98.28298950195312, 3.508581924972554
3397, 254.9322052001953, -181.85365295410156, 0.20180830359458923, 0.550000011920929, 0.0, 98.68199157714844, 3.562339293319017
3398, 254.91156005859375, -181.7726287841797, 0.19989845156669617, 0.4750000536441803, 0.0, 99.0478744506836, 3.604014543588789
3399, 254.89002990722656, -181.69036865234375, 0.20117168128490448, 0.42500004172325134, 0.0, 99.42241668701172, 3.6384070109906257
3400, 254.86819458007812, -181.60890197753906, 0.19989845156669617, 0.3750000298023224, 0.0, 99.7952651977539, 3.6655636641159965
3401, 254.84483337402344, -181.52413940429688, 0.20117168128490448, 0.32500001788139343, 0.0, 100.18533325195312, 3.6865261440214363
3402, 254.82041931152344, -181.4376678466797, 0.19989845156669617, 0.2750000059604645, 0.0, 100.58477783203125, 3.7009342508044027
3403, 254.7948760986328, -181.3494873046875, 0.20053507387638092, 0.19999998807907104, 0.0, 100.99382781982422, 3.7073771610537545
3404, 254.7685546875, -181.26116943359375, 0.20180830359458923, 0.1499999761581421, 0.0, 101.40605926513672, 3.7052621283056575
3405, 254.74192810058594, -181.1740264892578, 0.19989845156669617, 0.07499998062849045, 0.0, 101.81429290771484, 3.695056586770272
3406, 254.71429443359375, -181.08587646484375, 0.19989845156669617, 0.07499998062849045, 0.0, 102.22933197021484, 3.676058034326872
3407, 254.68768310546875, -181.00308227539062, 0.19989845156669617, 0.0, 0.0, 102.62055206298828, 3.6532000096830175
3408, 254.65740966796875, -180.91119384765625, 0.20053507387638092, 0.0, 0.0, 103.05660247802734, 3.623321803291759
3409, 254.62918090820312, -180.8275909423828, 0.20053507387638092, 0.0, 0.0, 103.45571899414062, 3.623321803291759
3410, 254.6002655029297, -180.74400329589844, 0.20053507387638092, 0.0, 0.0, 103.8564682006836, 3.564183563771243
3411, 254.57142639160156, -180.6624298095703, 0.20053507387638092, 0.0, 0.0, 104.24864196777344, 3.5345428226576567
3412, 254.5420684814453, -180.58135986328125, 0.20180830359458923, 0.0, 0.0, 104.64022064208984, 3.5045476286892208
3413, 254.51229858398438, -180.5009307861328, 0.20053507387638092, 0.0, 0.0, 105.02999877929688, 3.474820797902725
3414, 254.48460388183594, -180.4275360107422, 0.20180830359458923, 0.0, 0.0, 105.38690185546875, 3.44748949415137
3415, 254.453857421875, -180.3478240966797, 0.19989845156669617, 0.0, 0.0, 105.77552795410156, 3.4179124715542093
3416, 254.42037963867188, -180.26278686523438, 0.20117168128490448, 0.0, 0.0, 106.19123840332031, 3.386096582068406
3417, 254.38882446289062, -180.18431091308594, 0.20180830359458923, 0.0, 0.0, 106.5768051147461, 3.356743061559624
3418, 254.35855102539062, -180.11044311523438, 0.20053507387638092, 0.0, 0.0, 106.9408187866211, 3.3292354327103015
3419, 254.32937622070312, -180.04052734375, 0.20180830359458923, 0.0, 0.0, 107.28670501708984, 3.3029833258650028
3420, 254.2957000732422, -179.9613494873047, 0.19989845156669617, 0.0, 0.0, 107.67903900146484, 3.2725434942436755
3421, 254.261962890625, -179.8837127685547, 0.20117168128490448, 0.0, 0.0, 108.06477355957031, 3.2410723851162913
3422, 254.23065185546875, -179.81295776367188, 0.19989845156669617, 0.0, 0.0, 108.41716003417969, 3.2145963903162786
3423, 254.2005615234375, -179.7460479736328, 0.20053507387638092, 0.0, 0.0, 108.75157928466797, 3.1892093212661665
3424, 254.16574096679688, -179.66993713378906, 0.20180830359458923, 0.0, 0.0, 109.13426971435547, 3.160210362407344
3425, 254.12962341308594, -179.59255981445312, 0.19989845156669617, 0.0, 0.0, 109.52385711669922, 3.1267709169892957
3426, 254.09849548339844, -179.52713012695312, 0.20117168128490448, 0.0, 0.0, 109.85453033447266, 3.100895692530125
3427, 254.06491088867188, -179.45765686035156, 0.19989845156669617, 0.0, 0.0, 110.20680236816406, 3.074598151866082
3428, 254.03013610839844, -179.3866729736328, 0.20053507387638092, 0.0, 0.0, 110.56806945800781, 3.0474386070138286
3429, 253.99400329589844, -179.3142547607422, 0.20180830359458923, 0.0, 0.0, 110.93920135498047, 3.014767033226471
3430, 253.9604034423828, -179.24819946289062, 0.20053507387638092, 0.0, 0.0, 111.27840423583984, 2.98614923769715
3431, 253.92703247070312, -179.18353271484375, 0.20117168128490448, 0.05000000074505806, 0.0, 111.61212921142578, 2.9589353434815755
3432, 253.8905029296875, -179.11380004882812, 0.20180830359458923, 0.125, 0.0, 111.97403717041016, 2.9383692721333325
3433, 253.85829162597656, -179.0530242919922, 0.19989845156669617, 0.20000001788139343, 0.0, 112.28963470458984, 2.929006248206654
3434, 253.8234100341797, -178.988037109375, 0.20117168128490448, 0.2500000298023224, 0.0, 112.62737274169922, 2.927398932027278
3435, 253.7885284423828, -178.92388916015625, 0.19989845156669617, 0.30000004172325134, 0.0, 112.96098327636719, 2.9336070613799268
3436, 253.7528533935547, -178.85916137695312, 0.20053507387638092, 0.3750000596046448, 0.0, 113.29761505126953, 2.9448277593289114
3437, 253.71766662597656, -178.79661560058594, 0.20180830359458923, 0.42500007152557373, 0.0, 113.62340545654297, 2.9618250714460976
3438, 253.6810760498047, -178.73251342773438, 0.20053507387638092, 0.4750000834465027, 0.0, 113.95833587646484, 2.9893453640496666
3439, 253.6426544189453, -178.66607666015625, 0.20117168128490448, 0.550000011920929, 0.0, 114.30619049072266, 3.0245345655615083
3440, 253.6045379638672, -178.60116577148438, 0.19989845156669617, 0.5999999642372131, 0.0, 114.64567565917969, 3.0615978527009293
3441, 253.56655883789062, -178.53746032714844, 0.20117168128490448, 0.6499999165534973, 0.0, 114.97988891601562, 3.1076234253611297
3442, 253.52577209472656, -178.46995544433594, 0.20180830359458923, 0.7249998450279236, 0.0, 115.33533477783203, 3.162414908934044
3443, 253.48284912109375, -178.39996337890625, 0.20053507387638092, 0.7749997973442078, 0.0, 115.70429992675781, 3.224294903683827
3444, 253.43899536132812, -178.32948303222656, 0.20180830359458923, 0.8249997496604919, 0.0, 116.0766372680664, 3.293023849684379
3445, 253.3974609375, -178.263671875, 0.19989845156669617, 0.7499998211860657, 0.0, 116.42513275146484, 3.35817841857097
3446, 253.35569763183594, -178.1983184814453, 0.20117168128490448, 0.6999998688697815, 0.0, 116.77213287353516, 3.418187146965319
3447, 253.30860900878906, -178.12559509277344, 0.19989845156669617, 0.6499999165534973, 0.0, 117.1591567993164, 3.4808370885993276
3448, 253.2563018798828, -178.04576110839844, 0.20053507387638092, 0.574999988079071, 0.0, 117.58663177490234, 3.543160530108351
3449, 253.20396423339844, -177.96661376953125, 0.20180830359458923, 0.5250000357627869, 0.0, 118.0132827758789, 3.5953497161056136
3450, 253.1527099609375, -177.8899688720703, 0.20180830359458923, 0.42500004172325134, 0.0, 118.4294662475586, 3.6364136592091785
3451, 253.09835815429688, -177.80963134765625, 0.20053507387638092, 0.3750000298023224, 0.0, 118.86964416503906, 3.6665820145345296
3452, 253.04989624023438, -177.73878479003906, 0.20180830359458923, 0.32500001788139343, 0.0, 119.26053619384766, 3.6863410525155045
3453, 252.99501037597656, -177.6595916748047, 0.19989845156669617, 0.25, 0.0, 119.6997299194336, 3.699687706754091
3454, 252.93959045410156, -177.5807647705078, 0.20117168128490448, 0.19999998807907104, 0.0, 120.14064025878906, 3.7017682268951093
3455, 252.88511657714844, -177.5044708251953, 0.19989845156669617, 0.1499999761581421, 0.0, 120.57042694091797, 3.696684233656555
3456, 252.83135986328125, -177.43023681640625, 0.20053507387638092, 0.07499998062849045, 0.0, 120.99225616455078, 3.6838369397158344
3457, 252.7767333984375, -177.3558807373047, 0.20180830359458923, 0.024999981746077538, 0.0, 121.41995239257812, 3.6614287601997653
3458, 252.71932983398438, -177.27894592285156, 0.19989845156669617, 0.0, 0.0, 121.86592102050781, 3.631935645206068
3459, 252.65948486328125, -177.20016479492188, 0.20117168128490448, 0.0, 0.0, 122.32201385498047, 3.6031414564826374
3460, 252.6029510498047, -177.12709045410156, 0.20180830359458923, 0.0, 0.0, 122.74646759033203, 3.572705831424518
3461, 252.5487060546875, -177.0579071044922, 0.20053507387638092, 0.0, 0.0, 123.1491928100586, 3.5391323807870694
3462, 252.49554443359375, -176.99102783203125, 0.20180830359458923, 0.0, 0.0, 123.53868865966797, 3.504220248638222
3463, 252.43994140625, -176.92189025878906, 0.19989845156669617, 0.0, 0.0, 123.9424057006836, 3.469315392456883
3464, 252.38162231445312, -176.85023498535156, 0.20117168128490448, 0.0, 0.0, 124.36336517333984, 3.4325459123114315
3465, 252.32342529296875, -176.7796630859375, 0.20180830359458923, 0.0, 0.0, 124.78118133544922, 3.396005714192298
3466, 252.2670135498047, -176.7121124267578, 0.20053507387638092, 0.0, 0.0, 125.18302917480469, 3.360776844702443
3467, 252.212890625, -176.6481475830078, 0.20117168128490448, 0.0, 0.0, 125.56536102294922, 3.3269745616609847
3468, 252.15333557128906, -176.5788116455078, 0.19989845156669617, 0.05000000074505806, 0.0, 125.98094940185547, 3.2878657112548892
3469, 252.0965118408203, -176.5135955810547, 0.19989845156669617, 0.125, 0.0, 126.37242889404297, 3.2596941625505305
3470, 252.0429229736328, -176.4529266357422, 0.20117168128490448, 0.17500001192092896, 0.0, 126.73875427246094, 3.2411038016976996
3471, 251.989013671875, -176.39273071289062, 0.19989845156669617, 0.2250000238418579, 0.0, 127.10313415527344, 3.2286899108045386
3472, 251.93368530273438, -176.33184814453125, 0.20053507387638092, 0.30000004172325134, 0.0, 127.47245788574219, 3.2250114204600964
3473, 251.8768768310547, -176.27023315429688, 0.20180830359458923, 0.3500000536441803, 0.0, 127.84880065917969, 3.229617494890851
3474, 251.8197479248047, -176.20912170410156, 0.19989845156669617, 0.42500007152557373, 0.0, 128.2229766845703, 3.2414692255498587
3475, 251.76353454589844, -176.14974975585938, 0.20117168128490448, 0.4750000834465027, 0.0, 128.58734130859375, 3.2611850458072107
3476, 251.70167541503906, -176.0853729248047, 0.20180830359458923, 0.550000011920929, 0.0, 128.98492431640625, 3.2908010310404308
3477, 251.6410369873047, -176.02310180664062, 0.20053507387638092, 0.5999999642372131, 0.0, 129.37045288085938, 3.327728526043049
3478, 251.5730743408203, -175.9543914794922, 0.20117168128490448, 0.6749998927116394, 0.0, 129.7978515625, 3.378804801053148
3479, 251.51446533203125, -175.8957977294922, 0.19989845156669617, 0.7249998450279236, 0.0, 130.1651153564453, 3.4306386783005336
3480, 251.44769287109375, -175.82981872558594, 0.20053507387638092, 0.7999997735023499, 0.0, 130.58056640625, 3.4922361935680484
3481, 251.38156127929688, -175.76548767089844, 0.20180830359458923, 0.849999725818634, 0.0, 130.98663330078125, 3.557903711517962
3482, 251.31198120117188, -175.6989288330078, 0.19989845156669617, 0.9249996542930603, 0.0, 131.40733337402344, 3.632733126692997
3483, 251.24143981933594, -175.63259887695312, 0.20117168128490448, 0.9249996542930603, 0.0, 131.82801818847656, 3.7147308904843594
3484, 251.1654052734375, -175.5625, 0.20180830359458923, 0.849999725818634, 0.0, 132.27586364746094, 3.8012647788455225
3485, 251.08897399902344, -175.4932403564453, 0.20053507387638092, 0.7999997735023499, 0.0, 132.720703125, 3.8817907153686493
3486, 251.00509643554688, -175.41848754882812, 0.20053507387638092, 0.6999998688697815, 0.0, 133.20367431640625, 3.9597206387745
3487, 250.92523193359375, -175.34852600097656, 0.20180830359458923, 0.6499999165534973, 0.0, 133.6601104736328, 4.022491481996499
3488, 250.83834838867188, -175.27371215820312, 0.19989845156669617, 0.574999988079071, 0.0, 134.1522216796875, 4.081307581095978
3489, 250.7546844482422, -175.202880859375, 0.20117168128490448, 0.5250000357627869, 0.0, 134.62289428710938, 4.126925718504107
3490, 250.666259765625, -175.12933349609375, 0.20180830359458923, 0.4500000476837158, 0.0, 135.1183624267578, 4.1640815155658
3491, 250.57899475097656, -175.05796813964844, 0.19989845156669617, 0.3750000298023224, 0.0, 135.60415649414062, 4.189304892844482
3492, 250.484619140625, -174.98214721679688, 0.20117168128490448, 0.32500001788139343, 0.0, 136.12709045410156, 4.206792827899072
3493, 250.3999481201172, -174.91531372070312, 0.20180830359458923, 0.25, 0.0, 136.59524536132812, 4.212673647610101
3494, 250.31341552734375, -174.84808349609375, 0.20053507387638092, 0.19999998807907104, 0.0, 137.07220458984375, 4.209457187361676
3495, 250.2241973876953, -174.7799530029297, 0.20117168128490448, 0.12499997764825821, 0.0, 137.56204223632812, 4.196668387795994
3496, 250.13040161132812, -174.70956420898438, 0.19989845156669617, 0.07499998062849045, 0.0, 138.07598876953125, 4.173605197822795
3497, 250.04151916503906, -174.64389038085938, 0.20053507387638092, -1.8253922817734747e-08, 0.0, 138.56260681152344, 4.142550047420569
3498, 249.95252990722656, -174.5792999267578, 0.20180830359458923, 0.0, 0.0, 139.04959106445312, 4.104414375823736
3499, 249.85610961914062, -174.51052856445312, 0.19989845156669617, 0.0, 0.0, 139.5762176513672, 4.061092243406263
3500, 249.7690887451172, -174.44955444335938, 0.20053507387638092, 0.0, 0.0, 140.05072021484375, 4.021043783519567
3501, 249.6780242919922, -174.38687133789062, 0.20117168128490448, 0.0, 0.0, 140.54653930664062, 3.978461959036028
3502, 249.58950805664062, -174.3270263671875, 0.20180830359458923, 0.0, 0.0, 141.02796936035156, 3.9357941184978475
3503, 249.49375915527344, -174.26351928710938, 0.20053507387638092, 0.0, 0.0, 141.54763793945312, 3.8907123232943785
3504, 249.4026641845703, -174.2042694091797, 0.20117168128490448, 0.0, 0.0, 142.0414581298828, 3.8490507571440378
3505, 249.3123321533203, -174.14669799804688, 0.20180830359458923, 0.02500000037252903, 0.0, 142.53050231933594, 3.80856006628116
3506, 249.2254638671875, -174.0923614501953, 0.20053507387638092, 0.07500000298023224, 0.0, 142.9989013671875, 3.773935674437098
3507, 249.13671875, -174.037841796875, 0.20117168128490448, 0.15000000596046448, 0.0, 143.47645568847656, 3.745532691142849
3508, 249.0476531982422, -173.98423767089844, 0.20180830359458923, 0.2250000238418579, 0.0, 143.95269775390625, 3.7270078525014507
3509, 248.96116638183594, -173.93319702148438, 0.20053507387638092, 0.27500003576278687, 0.0, 144.41183471679688, 3.7188838983922663
3510, 248.87179565429688, -173.88148498535156, 0.20117168128490448, 0.3500000536441803, 0.0, 144.88339233398438, 3.7198953819430742
3511, 248.7817840576172, -173.83041381835938, 0.19989845156669617, 0.40000006556510925, 0.0, 145.35470581054688, 3.7312064871651587
3512, 248.69168090820312, -173.7801971435547, 0.20053507387638092, 0.4750000834465027, 0.0, 145.82351684570312, 3.7509564478881843
3513, 248.60089111328125, -173.73062133789062, 0.20117168128490448, 0.550000011920929, 0.0, 146.2924041748047, 3.780882503793048
3514, 248.5115203857422, -173.68275451660156, 0.20117168128490448, 0.550000011920929, 0.0, 146.749755859375, 3.819321198432118
3515, 248.41708374023438, -173.63311767578125, 0.20053507387638092, 0.6749998927116394, 0.0, 147.2291717529297, 3.8678461711007612
3516, 248.3221435546875, -173.584228515625, 0.20117168128490448, 0.6999998688697815, 0.0, 147.70803833007812, 3.9235688335023244
3517, 248.2200469970703, -173.53280639648438, 0.20180830359458923, 0.6249999403953552, 0.0, 148.21990966796875, 3.9839122647145544
3518, 248.11927795410156, -173.4831085205078, 0.20053507387638092, 0.574999988079071, 0.0, 148.7214813232422, 4.039482095873267
3519, 248.02574157714844, -173.4379425048828, 0.20117168128490448, 0.5000000596046448, 0.0, 149.18438720703125, 4.083844452531289
3520, 247.9286346435547, -173.3919677734375, 0.19989845156669617, 0.4500000476837158, 0.0, 149.6619873046875, 4.121559813195972
3521, 247.82313537597656, -173.3431396484375, 0.20053507387638092, 0.3750000298023224, 0.0, 150.1781463623047, 4.15219362901935
3522, 247.71990966796875, -173.29647827148438, 0.20180830359458923, 0.32500001788139343, 0.0, 150.68197631835938, 4.172509677073325
3523, 247.62110900878906, -173.25279235839844, 0.19989845156669617, 0.25, 0.0, 151.16238403320312, 4.183388779105523
3524, 247.51174926757812, -173.20556640625, 0.20053507387638092, 0.17499998211860657, 0.0, 151.69203186035156, 4.183697639554628
3525, 247.40638732910156, -173.16122436523438, 0.20180830359458923, 0.12499997764825821, 0.0, 152.2017364501953, 4.173431155977271
3526, 247.3011932373047, -173.1180419921875, 0.19989845156669617, 0.04999998211860657, 0.0, 152.70925903320312, 4.1543479538865595
3527, 247.19602966308594, -173.075927734375, 0.20117168128490448, -1.8253922817734747e-08, 0.0, 153.216064453125, 4.1257249683885355
3528, 247.1035614013672, -173.03982543945312, 0.20180830359458923, 0.0, 0.0, 153.6617889404297, 4.095033771287222
3529, 246.9989013671875, -172.9999237060547, 0.20053507387638092, 0.0, 0.0, 154.16566467285156, 4.0579471089684
3530, 246.89511108398438, -172.96142578125, 0.20053507387638092, 0.0, 0.0, 154.66404724121094, 4.019817793917907
3531, 246.8057403564453, -172.92909240722656, 0.20180830359458923, 0.0, 0.0, 155.09262084960938, 3.986584957894194
3532, 246.70278930664062, -172.892822265625, 0.19989845156669617, 0.0, 0.0, 155.58468627929688, 3.948503902325786
3533, 246.6027069091797, -172.85855102539062, 0.20117168128490448, 0.0, 0.0, 156.0618438720703, 3.9116298513063725
3534, 246.5010528564453, -172.82473754882812, 0.20180830359458923, 0.0, 0.0, 156.54620361328125, 3.8741566193044883
3535, 246.40188598632812, -172.79269409179688, 0.20053507387638092, 0.0, 0.0, 157.01739501953125, 3.8378775151726905
3536, 246.30226135253906, -172.7613983154297, 0.20117168128490448, 0.0, 0.0, 157.4897918701172, 3.8014288150251145
3537, 246.20892333984375, -172.73292541503906, 0.19989845156669617, 0.0, 0.0, 157.93084716796875, 3.767545735432934
3538, 246.10792541503906, -172.7030487060547, 0.20053507387638092, 0.0, 0.0, 158.4069061279297, 3.7309115240966855
3539, 246.014404296875, -172.67620849609375, 0.20180830359458923, 0.0, 0.0, 158.847412109375, 3.69701800286765
3540, 245.91542053222656, -172.64866638183594, 0.19989845156669617, 0.0, 0.0, 159.31251525878906, 3.6615343833673677
3541, 245.82089233398438, -172.62318420410156, 0.20053507387638092, 0.0, 0.0, 159.755615234375, 3.627631092903118
3542, 245.71560668945312, -172.595703125, 0.1992618292570114, 0.02500000037252903, 0.0, 160.2474822998047, 3.589670521702838
3543, 245.6184844970703, -172.5712127685547, 0.19735197722911835, 0.10000000149011612, 0.0, 160.69827270507812, 3.560358960020996
3544, 245.5308074951172, -172.5497283935547, 0.1954421103000641, 0.17500001192092896, 0.0, 161.10186767578125, 3.5418390471096655
3545, 245.43988037109375, -172.52806091308594, 0.19416888058185577, 0.2250000238418579, 0.0, 161.51641845703125, 3.5318154138135984
3546, 245.34225463867188, -172.50552368164062, 0.1922590136528015, 0.3250000476837158, 0.0, 161.95645141601562, 3.5315769852476517
3547, 245.25027465820312, -172.48492431640625, 0.19034916162490845, 0.3750000596046448, 0.0, 162.3661346435547, 3.5423747909162677
3548, 245.15692138671875, -172.46463012695312, 0.18843930959701538, 0.4500000774860382, 0.0, 162.7767791748047, 3.5623820134313364
3549, 245.06517028808594, -172.44525146484375, 0.18716606497764587, 0.5000000596046448, 0.0, 163.17581176757812, 3.590655053964968
3550, 244.9681396484375, -172.42539978027344, 0.1852562129497528, 0.574999988079071, 0.0, 163.5924530029297, 3.6288412208608105
3551, 244.8770294189453, -172.40733337402344, 0.1839829683303833, 0.6249999403953552, 0.0, 163.97935485839844, 3.6723349377509873
3552, 244.78175354003906, -172.38902282714844, 0.1827097237110138, 0.6749998927116394, 0.0, 164.3795166015625, 3.724405128792331
3553, 244.67279052734375, -172.36880493164062, 0.18079987168312073, 0.7499998211860657, 0.0, 164.8315887451172, 3.791781705433977
3554, 244.5701446533203, -172.35043334960938, 0.17889001965522766, 0.8249997496604919, 0.0, 165.25210571289062, 3.863084046060784
3555, 244.4639129638672, -172.33212280273438, 0.17761677503585815, 0.8749997019767761, 0.0, 165.6820526123047, 3.944235256832009
3556, 244.35972595214844, -172.31478881835938, 0.1757069230079651, 0.9499996304512024, 0.0, 166.09864807128906, 4.029981575934841
3557, 244.2537384033203, -172.2978057861328, 0.17443367838859558, 0.9999995827674866, 0.0, 166.51744079589844, 4.1232059331155515
3558, 244.14112854003906, -172.28050231933594, 0.17252382636070251, 1.0, 0.0, 166.95693969726562, 4.225948670228904
3559, 244.02764892578125, -172.26377868652344, 0.171250581741333, 1.0, 0.0, 167.394775390625, 4.330100168687766
3560, 243.9154510498047, -172.24786376953125, 0.1642477810382843, 1.0, 0.0, 167.81980895996094, 4.432824838436651
3561, 243.794677734375, -172.23123168945312, 0.15469849109649658, 0.9500000476837158, 0.0, 168.26344299316406, 4.540623109710225
3562, 243.66964721679688, -172.21444702148438, 0.14514920115470886, 0.8750001192092896, 0.0, 168.70449829101562, 4.645581765560396
3563, 243.5491943359375, -172.19869995117188, 0.13878300786018372, 0.8250001668930054, 0.0, 169.1122283935547, 4.7384586934138495
3564, 243.4149932861328, -172.18174743652344, 0.13432668149471283, 0.7500002384185791, 0.0, 169.54840087890625, 4.831427557935946
3565, 243.2805938720703, -172.1654510498047, 0.13241681456565857, 0.6750003099441528, 0.0, 169.970703125, 4.912512301346584
3566, 243.1453399658203, -172.14979553222656, 0.13114358484745026, 0.6250003576278687, 0.0, 170.3849334716797, 4.982553341260792
3567, 243.02134704589844, -172.13616943359375, 0.12987034022808075, 0.6250003576278687, 0.0, 170.7572479248047, 5.0392989315524135
3568, 242.88246154785156, -172.12173461914062, 0.12796048820018768, 0.7000002861022949, 0.0, 171.16650390625, 5.099470173735106
3569, 242.74362182617188, -172.1082000732422, 0.12668724358081818, 0.7500002384185791, 0.0, 171.56854248046875, 5.161272061651024
3570, 242.60989379882812, -172.09591674804688, 0.12477738410234451, 0.8250001668930054, 0.0, 171.9495391845703, 5.225492334414252
3571, 242.46682739257812, -172.08360290527344, 0.12286753207445145, 0.9000000953674316, 0.0, 172.35189819335938, 5.292226229881621
3572, 242.3328094482422, -172.07284545898438, 0.12159428745508194, 0.9500000476837158, 0.0, 172.72274780273438, 5.347133622569842
3573, 242.19479370117188, -172.06246948242188, 0.12032105028629303, 0.9500000476837158, 0.0, 173.10198974609375, 5.389457054735046
3574, 242.04161071777344, -172.05191040039062, 0.11841119825839996, 0.8750001192092896, 0.0, 173.51470947265625, 5.435713231781366
3575, 241.89456176757812, -172.04258728027344, 0.11713795363903046, 0.8250001668930054, 0.0, 173.9055633544922, 5.450527719649525
3576, 241.74652099609375, -172.03407287597656, 0.11459147930145264, 0.725000262260437, 0.0, 174.29505920410156, 5.516562852308595
3577, 241.60955810546875, -172.02688598632812, 0.11331824213266373, 0.6750003099441528, 0.0, 174.64955139160156, 5.572543906068401
3578, 241.45950317382812, -172.01983642578125, 0.10886190831661224, 0.6000003814697266, 0.0, 175.03033447265625, 5.663590989896324
3579, 241.3051300048828, -172.01327514648438, 0.1024957150220871, 0.5500004291534424, 0.0, 175.4114227294922, 5.700329741497599
3580, 241.1693572998047, -172.00804138183594, 0.09612952172756195, 0.5000004768371582, 0.0, 175.73583984375, 5.766517584029029
3581, 241.0096435546875, -172.0023651123047, 0.08658023923635483, 0.42500045895576477, 0.0, 176.0986785888672, 5.81440037364001
3582, 240.84619140625, -171.99696350097656, 0.07703094929456711, 0.35000044107437134, 0.0, 176.44822692871094, 5.843730645556052
3583, 240.69834899902344, -171.99246215820312, 0.0757577121257782, 0.4000004529953003, 0.0, 176.74758911132812, 5.851062201682622
3584, 240.53977966308594, -171.98822021484375, 0.07384785264730453, 0.4750004708766937, 0.0, 177.0539093017578, 5.883324702985908
3585, 240.3863983154297, -171.98472595214844, 0.07257461547851562, 0.5250004529953003, 0.0, 177.33822631835938, 5.890267177037534
3586, 240.23028564453125, -171.9818115234375, 0.07066475600004196, 0.6000003814697266, 0.0, 177.6173858642578, 5.926274357758842
3587, 240.07595825195312, -171.9795684814453, 0.06939151883125305, 0.6500003337860107, 0.0, 177.88406372070312, 5.945878111633544
3588, 239.92315673828125, -171.97796630859375, 0.06748165935277939, 0.725000262260437, 0.0, 178.13987731933594, 5.9976848595334955
3589, 239.76007080078125, -171.97689819335938, 0.06620842218399048, 0.7750002145767212, 0.0, 178.4046173095703, 6.0345012730260645
3590, 239.58023071289062, -171.97640991210938, 0.0617520846426487, 0.8500001430511475, 0.0, 178.68606567382812, 6.086462541009443
3591, 239.4218292236328, -171.976318359375, 0.05220278725028038, 0.9250000715255737, 0.0, 178.92019653320312, 6.131835820149872
3592, 239.2419891357422, -171.97659301757812, 0.04583658650517464, 0.9750000238418579, 0.0, 179.16485595703125, 6.237942002968135
3593, 239.07696533203125, -171.9770050048828, 0.03883377090096474, 1.0, 0.0, 179.3695068359375, 6.319662803171577
3594, 238.89259338378906, -171.97781372070312, 0.03756053000688553, 1.0, 0.0, 179.57748413085938, 6.465037470845947
3595, 238.72267150878906, -171.97886657714844, 0.035650674253702164, 1.0, 0.0, 179.7545928955078, 6.593327759863196
3596, 238.53382873535156, -171.98043823242188, 0.0337408147752285, 0.9250000715255737, 0.0, 179.93719482421875, 6.731054951757803
3597, 238.3509521484375, -171.98236083984375, 0.03246757760643959, 0.8750001192092896, 0.0, -179.89686584472656, 6.849724231382721
3598, 238.16329956054688, -171.98472595214844, 0.030557719990611076, 0.8000001907348633, 0.0, -179.73684692382812, 6.958724041464973
3599, 237.99630737304688, -171.98716735839844, 0.029284480959177017, 0.7500002384185791, 0.0, -179.6017608642578, 7.0444816332799665
3600, 237.8098907470703, -171.99026489257812, 0.028011243790388107, 0.7000002861022949, 0.0, -179.4586944580078, 7.12903751744849
3601, 237.62008666992188, -171.99380493164062, 0.026101386174559593, 0.6000003814697266, 0.0, -179.3208770751953, 7.202807457955498
3602, 237.42999267578125, -171.99765014648438, 0.02419152855873108, 0.5500004291534424, 0.0, -179.1907501220703, 7.263394552604546
3603, 237.2410125732422, -172.00180053710938, 0.022281670942902565, 0.4750004708766937, 0.0, -179.06922912597656, 7.311115824604174
3604, 237.04872131347656, -172.0063018798828, 0.021008431911468506, 0.42500045895576477, 0.0, -178.95315551757812, 7.347108882390893
3605, 236.85694885253906, -172.01109313964844, 0.019098574295639992, 0.4000004529953003, 0.0, -178.84494018554688, 7.372033259671264
3606, 236.65660095214844, -172.01622009277344, 0.012732377275824547, 0.45000046491622925, 0.0, -178.74351501464844, 7.390614135649581
3607, 236.45140075683594, -172.02137756347656, 0.003183081280440092, 0.5250004529953003, 0.0, -178.658447265625, 7.407999245901162
3608, 236.24868774414062, -172.02626037597656, -0.0019098592456430197, 0.5750004053115845, 0.0, -178.59571838378906, 7.428709519147927
3609, 236.0446014404297, -172.03089904785156, -0.007639436982572079, 0.6500003337860107, 0.0, -178.55435180664062, 7.455142776580822
3610, 235.847900390625, -172.0352325439453, -0.0063661979511380196, 0.7000002861022949, 0.0, -178.53134155273438, 7.488330561923544
3611, 235.65208435058594, -172.03955078125, -0.0044563389383256435, 0.6750003099441528, 0.0, -178.5183868408203, 7.52711119117632
3612, 235.4556121826172, -172.04396057128906, -0.0031830992083996534, 0.6250003576278687, 0.0, -178.51222229003906, 7.567871475148107
3613, 235.26712036132812, -172.04833984375, -0.00127323972992599, 0.5500004291534424, 0.0, -178.5088348388672, 7.604761960655239
3614, 235.06263732910156, -172.05323791503906, 0.0, 0.5000004768371582, 0.0, -178.5063934326172, 7.6393613277101755
3615, 234.86965942382812, -172.0579833984375, 0.0, 0.45000046491622925, 0.0, -178.504150390625, 7.6655191794824615
3616, 234.66131591796875, -172.06321716308594, 0.0, 0.3750004470348358, 0.0, -178.5025177001953, 7.685493677147772
3617, 234.46640014648438, -172.0681610107422, 0.0, 0.32500043511390686, 0.0, -178.5007781982422, 7.694906732831436
3618, 234.26878356933594, -172.0732421875, 0.0, 0.2500004172325134, 0.0, -178.49998474121094, 7.695111128141131
3619, 234.07080078125, -172.0783233642578, 0.0, 0.20000040531158447, 0.0, -178.4985809326172, 7.685078173400558
3620, 233.8701629638672, -172.08352661132812, 0.0, 0.12500038743019104, 0.0, -178.49887084960938, 7.6648196751293405
3621, 233.6741180419922, -172.088623046875, 0.0, 0.12500038743019104, 0.0, -178.4975128173828, 7.634693520919689
3622, 233.47796630859375, -172.09371948242188, 0.0, -0.02499960921704769, 0.0, -178.49893188476562, 7.595312536078149
3623, 233.27987670898438, -172.098876953125, 0.0, 0.0, 0.0, -178.49729919433594, 7.5461529302875014
3624, 233.08444213867188, -172.10400390625, 0.0, 0.0, 0.0, -178.5001678466797, 7.49116126407768
3625, 232.8824005126953, -172.1092529296875, 0.0, 0.0, 0.0, -178.49801635742188, 7.429663764431027
3626, 232.6947784423828, -172.1142120361328, 0.0, 0.0, 0.0, -178.50180053710938, 7.370342306520588
3627, 232.50741577148438, -172.1190948486328, 0.0, 0.0, 0.0, -178.5002899169922, 7.3098343822484315
3628, 232.3145294189453, -172.1241912841797, 0.0, 0.0, 0.0, -178.50506591796875, 7.246372577030406
3629, 232.12779235839844, -172.12904357910156, 0.0, 0.0, 0.0, -178.5026397705078, 7.184711371955811
3630, 231.9504852294922, -172.13372802734375, 0.0, 0.0, 0.0, -178.50755310058594, 7.126524062053862
3631, 231.7665252685547, -172.13851928710938, 0.0, 0.0, 0.0, -178.5050811767578, 7.065484149673655
3632, 231.58636474609375, -172.1432647705078, 0.0, 0.0, 0.0, -178.51104736328125, 7.004961516879602
3633, 231.4041290283203, -172.14796447753906, 0.0, 0.0, 0.0, -178.50804138183594, 6.942977285897808
3634, 231.21786499023438, -172.1529083251953, 0.0, 0.0, 0.0, -178.51536560058594, 6.878689336071379
3635, 231.0453643798828, -172.15736389160156, 0.0, 0.0, 0.0, -178.51210021972656, 6.819115606728736
3636, 230.87225341796875, -172.16195678710938, 0.0, 0.0, 0.0, -178.51834106445312, 6.7598214454817604
3637, 230.6986541748047, -172.1664276123047, 0.0, 0.0, 0.0, -178.51483154296875, 6.699702672507853
3638, 230.5256805419922, -172.17098999023438, 0.0, 0.0, 0.0, -178.52188110351562, 6.6393970623199206
3639, 230.3563690185547, -172.17535400390625, 0.0, 0.0, 0.0, -178.51800537109375, 6.5801146579128895
3640, 230.1803436279297, -172.1799774169922, 0.0, 0.0, 0.0, -178.5260467529297, 6.517598419225138
3641, 230.00770568847656, -172.1843719482422, 0.0, 0.0, 0.0, -178.52072143554688, 6.455137297304712
3642, 229.84971618652344, -172.18853759765625, 0.0, 0.0, 0.0, -178.527587890625, 6.400208195982275
3643, 229.68746948242188, -172.1926727294922, 0.0, 0.0, 0.0, -178.523681640625, 6.3441326648505045
3644, 229.52198791503906, -172.197021484375, 0.0, 0.0, 0.0, -178.5317840576172, 6.285077747578142
3645, 229.36279296875, -172.20106506347656, 0.0, 0.0, 0.02500000037252903, -178.527099609375, 6.22890176831807
3646, 229.19960021972656, -172.2053680419922, 0.0, 0.0, 0.07500000298023224, -178.53518676757812, 6.17027785122424
3647, 229.03782653808594, -172.20947265625, 0.0, 0.0, 0.15000000596046448, -178.52928161621094, 6.10915008260056
3648, 228.87127685546875, -172.21383666992188, 0.0, 0.0, 0.20000001788139343, -178.5391082763672, 6.042383515933078
3649, 228.71530151367188, -172.2177734375, 0.0, 0.0, 0.2250000238418579, -178.5325164794922, 5.979164430512072
3650, 228.5526885986328, -172.2220458984375, 0.0, 0.0, 0.17500001192092896, -178.54258728027344, 5.911650333728368
3651, 228.3978271484375, -172.22593688964844, 0.0, 0.0, 0.10000000149011612, -178.53514099121094, 5.8477270387253615
3652, 228.24632263183594, -172.2299041748047, 0.0, 0.0, 0.05000000447034836, -178.54412841796875, 5.788074705186693
3653, 228.09552001953125, -172.23367309570312, 0.0, 0.0, -0.02499999664723873, -178.53713989257812, 5.728979146190539
3654, 227.95016479492188, -172.2374725341797, 0.0, 0.0, 0.0, -178.5460968017578, 5.672531804996791
3655, 227.8023223876953, -172.2411651611328, 0.0, 0.0, 0.0, -178.53883361816406, 5.614077731333566
3656, 227.655029296875, -172.24501037597656, 0.0, 0.0, 0.0, -178.5489959716797, 5.555253767093848
3657, 227.50978088378906, -172.24862670898438, 0.0, 0.0, 0.0, -178.5408935546875, 5.497171666042655
3658, 227.3550567626953, -172.25267028808594, 0.0, 0.0, 0.0, -178.5530242919922, 5.430080377021214
3659, 227.21929931640625, -172.2560577392578, 0.0, 0.07500000298023224, 0.0, -178.54466247558594, 5.3812317017276365
3660, 227.06671142578125, -172.26004028320312, 0.0, 0.125, 0.0, -178.55552673339844, 5.3223006470027725
3661, 226.93174743652344, -172.26333618164062, 0.0, 0.20000001788139343, 0.0, -178.54559326171875, 5.280225228804574
3662, 226.7933807373047, -172.26695251464844, 0.0, 0.2500000298023224, 0.0, -178.5542449951172, 5.2425263035879555
3663, 226.6505584716797, -172.2704620361328, 0.0, 0.3250000476837158, 0.0, -178.54269409179688, 5.203569968380181
3664, 226.50894165039062, -172.27415466308594, 0.0, 0.40000006556510925, 0.0, -178.55357360839844, 5.172497328202757
3665, 226.3671875, -172.27748107910156, -0.005729577504098415, 0.4750000834465027, 0.0, -178.54519653320312, 5.148889340175454
3666, 226.2315216064453, -172.28070068359375, -0.009549296461045742, 0.4750000536441803, 0.0, -178.56491088867188, 5.141847149594333
3667, 226.0907745361328, -172.2836151123047, -0.010185915045440197, 0.40000003576278687, 0.0, -178.57012939453125, 5.13635472383648
3668, 225.950927734375, -172.28663635253906, -0.008912675082683563, 0.3500000238418579, 0.0, -178.60128784179688, 5.133375796363632
3669, 225.81417846679688, -172.28933715820312, -0.0070028156042099, 0.2750000059604645, 0.0, -178.61134338378906, 5.134166927535807
3670, 225.67991638183594, -172.29222106933594, -0.005092956591397524, 0.19999998807907104, 0.0, -178.64031982421875, 5.135930541576985
3671, 225.55001831054688, -172.29486083984375, -0.0038197170943021774, 0.1499999761581421, 0.0, -178.64817810058594, 5.137135992359351
3672, 225.4138641357422, -172.29788208007812, -0.0025464773643761873, 0.09999997913837433, 0.0, -178.67288208007812, 5.126495007692908
3673, 225.2798614501953, -172.30075073242188, 0.0, 0.024999981746077538, 0.0, -178.67379760742188, 5.1077550765080595
3674, 225.15017700195312, -172.3037872314453, 0.0, 0.0, 0.0, -178.69100952148438, 5.084593081429865
3675, 225.01963806152344, -172.30667114257812, 0.0, 0.0, 0.0, -178.68702697753906, 5.053625326124161
3676, 224.88577270507812, -172.309814453125, 0.0, 0.0, 0.0, -178.70201110839844, 5.013496447875621
3677, 224.7616424560547, -172.3125762939453, 0.0, 0.0, 0.0, -178.69505310058594, 5.010363040484013
3678, 224.62782287597656, -172.3156280517578, 0.0, 0.07500000298023224, 0.0, -178.6956787109375, 5.012368600821285
3679, 224.49197387695312, -172.31874084472656, 0.0, 0.125, 0.0, -178.69851684570312, 4.990346573817428
3680, 224.36282348632812, -172.3217010498047, 0.0, 0.20000001788139343, 0.0, -178.69961547851562, 4.974021050047923
3681, 224.23780822753906, -172.3245086669922, 0.0, 0.2500000298023224, 0.0, -178.70040893554688, 4.961956314874269
3682, 224.10848999023438, -172.32745361328125, 0.0, 0.3250000476837158, 0.0, -178.70095825195312, 4.95447258325885
3683, 223.98175048828125, -172.330322265625, 0.0, 0.3750000596046448, 0.0, -178.7013702392578, 4.954546515637126
3684, 223.85081481933594, -172.33331298828125, 0.0, 0.30000004172325134, 0.0, -178.70166015625, 4.957745862027301
3685, 223.71707153320312, -172.33636474609375, 0.0, 0.2500000298023224, 0.0, -178.7018280029297, 4.957917763008826
3686, 223.5927276611328, -172.33917236328125, 0.0, 0.15000000596046448, 0.0, -178.7019500732422, 4.951789328360876
3687, 223.46717834472656, -172.34202575683594, 0.0, 0.10000000149011612, 0.0, -178.7021026611328, 4.936915475625553
3688, 223.335205078125, -172.34494018554688, -0.0038197184912860394, 0.02500000409781933, 0.0, -178.70486450195312, 4.911611025494551
3689, 223.21131896972656, -172.34750366210938, -0.007639436982572079, -0.02499999664723873, 0.0, -178.7125244140625, 4.8804863408424435
3690, 223.087158203125, -172.349853515625, -0.01145915500819683, 0.0, 0.0, -178.72702026367188, 4.844090074498832
3691, 222.9650115966797, -172.3519287109375, -0.01718873344361782, 0.0, 0.0, -178.7503662109375, 4.805051973662057
3692, 222.8389434814453, -172.353759765625, -0.01846197247505188, 0.0, 0.0, -178.7836151123047, 4.763025960947656
3693, 222.71766662597656, -172.35536193847656, -0.016552114859223366, 0.0, 0.0, -178.8209228515625, 4.7217553663226575
3694, 222.59837341308594, -172.35690307617188, -0.015278875827789307, 0.0, 0.0, -178.86000061035156, 4.680709990776008
3695, 222.47509765625, -172.35845947265625, -0.014005635865032673, 0.0, 0.0, -178.9009246826172, 4.638043055227046
3696, 222.35562133789062, -172.35995483398438, -0.012095775455236435, 0.0, 0.0, -178.9394989013672, 4.596573832691225
3697, 222.2405548095703, -172.36138916015625, -0.010822535492479801, 0.0, 0.0, -178.9746856689453, 4.556564270067753
3698, 222.12278747558594, -172.36288452148438, -0.008912675082683563, 0.0, 0.0, -179.00784301757812, 4.515586022689434
3699, 222.00840759277344, -172.36434936523438, -0.0076394351199269295, 0.0, 0.0, -179.036865234375, 4.475752791402204
3700, 221.88734436035156, -172.365966796875, -0.0057295761071145535, 0.0, 0.0, -179.0635986328125, 4.433563400627561
3701, 221.7753448486328, -172.36749267578125, -0.004456337075680494, 0.0, 0.0, -179.0846405029297, 4.394530571463141
3702, 221.6589813232422, -172.369140625, -0.0025464773643761873, 0.0, 0.0, -179.1023406982422, 4.353952267026884
3703, 221.54803466796875, -172.37075805664062, 0.0, 0.0, 0.0, -179.1145477294922, 4.315254201725704
3704, 221.4351348876953, -172.3724822998047, 0.0, 0.0, 0.0, -179.123046875, 4.27586845021183
3705, 221.3251190185547, -172.37417602539062, 0.0, 0.0, 0.0, -179.1287841796875, 4.237476877600726
3706, 221.21255493164062, -172.37591552734375, 0.0, 0.0, 0.0, -179.13284301757812, 4.198196835966296
3707, 221.11048889160156, -172.37747192382812, 0.0, 0.0, 0.0, -179.13555908203125, 4.162583391635631
3708, 220.999267578125, -172.37918090820312, 0.0, 0.0, 0.0, -179.1376953125, 4.123765669288327
3709, 220.90138244628906, -172.3806610107422, 0.0, 0.0, 0.0, -179.13917541503906, 4.0895891531546225
3710, 220.79464721679688, -172.3822479248047, 0.0, 0.0, 0.0, -179.1404266357422, 4.052313403566435
3711, 220.69146728515625, -172.38380432128906, 0.0, 0.0, 0.0, -179.1414337158203, 4.016278190762706
3712, 220.59097290039062, -172.38522338867188, -0.0038197184912860394, 0.0, 0.0, -179.1444549560547, 3.981196335854409
3713, 220.48873901367188, -172.38653564453125, -0.007639436982572079, 0.0, 0.02500000037252903, -179.15213012695312, 3.9456945791531437
3714, 220.38429260253906, -172.3876495361328, -0.013369014486670494, 0.0, 0.10000000149011612, -179.1676483154297, 3.9076929343649933
3715, 220.27984619140625, -172.38848876953125, -0.01718873344361782, 0.0, 0.15000000596046448, -179.19224548339844, 3.867197388050916
3716, 220.17698669433594, -172.38916015625, -0.015278873033821583, 0.0, 0.2250000238418579, -179.22193908691406, 3.824752337651205
3717, 220.08123779296875, -172.3897247314453, -0.014005633071064949, 0.0, 0.27500003576278687, -179.25164794921875, 3.7825599354068924
3718, 219.98397827148438, -172.39028930664062, -0.012732393108308315, 0.0, 0.3250000476837158, -179.28213500976562, 3.7371416241322257
3719, 219.88580322265625, -172.39089965820312, -0.010822532698512077, 0.0, 0.30000004172325134, -179.31166076660156, 3.6898152641288835
3720, 219.79098510742188, -172.39149475097656, -0.009549291804432869, 0.0, 0.2500000298023224, -179.3382110595703, 3.644353952413934
3721, 219.69610595703125, -172.39215087890625, -0.007639432325959206, 0.0, 0.17500001192092896, -179.36207580566406, 3.600528680581021
3722, 219.60548400878906, -172.39280700683594, -0.0063661932945251465, 0.0, 0.125, -179.3820343017578, 3.5607912694430057
3723, 219.5155029296875, -172.3935089111328, -0.0038197143003344536, 0.0, 0.02500000409781933, -179.3984375, 3.524067802042238
3724, 219.43226623535156, -172.3942413330078, -0.0025464745704084635, 0.0, -0.02499999664723873, -179.410400390625, 3.492227174405459
3725, 219.34120178222656, -172.3950958251953, 0.0, 0.0, 0.0, -179.41932678222656, 3.4611887881518117
3726, 219.24957275390625, -172.39601135253906, 0.0, 0.0, 0.0, -179.4249725341797, 3.429720115663037
3727, 219.166015625, -172.39686584472656, 0.0, 0.0, 0.0, -179.42832946777344, 3.400945983591694
3728, 219.07969665527344, -172.397705078125, 0.0, 0.0, 0.0, -179.4306182861328, 3.371167187046572
3729, 218.99462890625, -172.39854431152344, 0.0, 0.0, 0.0, -179.43218994140625, 3.3417928854723966
3730, 218.90921020507812, -172.3993682861328, 0.0, 0.0, 0.0, -179.4332733154297, 3.3122965858841473
3731, 218.82888793945312, -172.4001922607422, 0.0, 0.0, 0.0, -179.43406677246094, 3.2845507517193546
3732, 218.74725341796875, -172.40101623535156, 0.0, 0.0, 0.0, -179.43472290039062, 3.2563525476379214
3733, 218.665283203125, -172.40182495117188, 0.0, 0.0, 0.0, -179.435302734375, 3.228036868120351
3734, 218.58470153808594, -172.40264892578125, 0.0, 0.0, 0.0, -179.435791015625, 3.200191227940397
3735, 218.49896240234375, -172.40347290039062, 0.0, 0.0, 0.0, -179.436279296875, 3.170562696358145
3736, 218.4168701171875, -172.404296875, 0.0, 0.0, 0.0, -179.43667602539062, 3.1422021511364804
3737, 218.33985900878906, -172.40505981445312, 0.0, 0.0, 0.0, -179.4370574951172, 3.115596060708463
3738, 218.25808715820312, -172.40586853027344, 0.0, 0.0, 0.0, -179.43746948242188, 3.087343130631386
3739, 218.18032836914062, -172.4066619873047, 0.0, 0.0, 0.0, -179.43783569335938, 3.060485749031196
3740, 218.1003875732422, -172.4074249267578, 0.0, 0.0, 0.0, -179.438232421875, 3.0328637285273814
3741, 218.02943420410156, -172.4081268310547, 0.0, 0.0, 0.0, -179.43853759765625, 3.008348985183939
3742, 217.9540557861328, -172.4088897705078, 0.0, 0.0, 0.0, -179.4388885498047, 2.9823070011901747
3743, 217.87802124023438, -172.40963745117188, 0.0, 0.0, 0.0, -179.43927001953125, 2.9560402208744168
3744, 217.80213928222656, -172.41043090820312, 0.0, 0.0, 0.0, -179.4395751953125, 2.929831377196999
3745, 217.72579956054688, -172.41119384765625, 0.0, 0.0, 0.0, -179.43992614746094, 2.903462069766899
3746, 217.65155029296875, -172.41189575195312, 0.0, 0.0, 0.0, -179.44024658203125, 2.8778183001044035
3747, 217.5798797607422, -172.41259765625, 0.0, 0.0, 0.0, -179.44058227539062, 2.8530538739549756
3748, 217.5100860595703, -172.41329956054688, 0.0, 0.0, 0.0, -179.4408721923828, 2.8289499034034375
3749, 217.43800354003906, -172.41400146484375, 0.0, 0.0, 0.07500000298023224, -179.4412384033203, 2.7973670856227177
3750, 217.36489868164062, -172.4147186279297, 0.0, 0.0, 0.125, -179.44161987304688, 2.7664037107035484
3751, 217.29586791992188, -172.41539001464844, 0.0, 0.0, 0.20000001788139343, -179.4419708251953, 2.7358339730994587
3752, 217.2245330810547, -172.4160919189453, 0.0, 0.0, 0.2500000298023224, -179.4423370361328, 2.701675389580648
3753, 217.1553497314453, -172.416748046875, 0.0, 0.0, 0.30000004172325134, -179.4427947998047, 2.6661036222072076
3754, 217.0901336669922, -172.4174041748047, 0.0, 0.0, 0.3750000596046448, -179.44317626953125, 2.6301017494744023
3755, 217.02268981933594, -172.41806030273438, 0.0, 0.0, 0.42500007152557373, -179.443603515625, 2.589789745190883
3756, 216.95657348632812, -172.418701171875, 0.0, 0.0, 0.5000000596046448, -179.444091796875, 2.5472734636163157
3757, 216.89083862304688, -172.4193572998047, 0.0, 0.0, 0.550000011920929, -179.444580078125, 2.5017019399340854
3758, 216.8273162841797, -172.41998291015625, 0.0, 0.0, 0.5999999642372131, -179.44508361816406, 2.4547775618383594
3759, 216.765625, -172.4205780029297, 0.0, 0.0, 0.6749998927116394, -179.44558715820312, 2.4061848948922577
3760, 216.70489501953125, -172.42117309570312, 0.0, 0.0, 0.7249998450279236, -179.44615173339844, 2.354888430737957
3761, 216.6439666748047, -172.4217529296875, 0.0, 0.0, 0.7999997735023499, -179.44671630859375, 2.3002961569287677
3762, 216.5846405029297, -172.42236328125, 0.0, 0.0, 0.849999725818634, -179.44728088378906, 2.2431204876731092
3763, 216.52874755859375, -172.42288208007812, 0.0, 0.0, 0.9249996542930603, -179.4479217529297, 2.188107473487659
3764, 216.4747772216797, -172.4234161376953, 0.0, 0.0, 0.9749996066093445, -179.44854736328125, 2.1257841523904353
3765, 216.42523193359375, -172.4239044189453, 0.0, 0.0, 1.0249996185302734, -179.4491729736328, 2.07159229234086
3766, 216.37342834472656, -172.42440795898438, 0.0, 0.0, 1.0, -179.44984436035156, 2.0037731334739513
3767, 216.3231658935547, -172.4248809814453, 0.0, 0.0, 1.0, -179.4505615234375, 1.9416710263251697
3768, 216.2715606689453, -172.42538452148438, 0.0, 0.0, 1.0, -179.45135498046875, 1.8623401372332025
3769, 216.2247772216797, -172.4258575439453, 0.0, 0.0, 1.0, -179.4521026611328, 1.8027388533540087
3770, 216.17823791503906, -172.42633056640625, 0.0, 0.0, 1.0, -179.45286560058594, 1.7274333106815412
3771, 216.13790893554688, -172.42672729492188, 0.0, 0.0, 1.0, -179.45352172851562, 1.6782684433081936
3772, 216.09608459472656, -172.42713928222656, 0.0, 0.0, 1.0, -179.45420837402344, 1.606099515101267
3773, 216.05593872070312, -172.42755126953125, 0.0, 0.0, 1.0, -179.45492553710938, 1.5438752915595013
3774, 216.01431274414062, -172.42796325683594, 0.0, 0.0, 1.0, -179.45570373535156, 1.451384089673974
3775, 215.97702026367188, -172.42832946777344, 0.0, 0.0, 1.0, -179.4564971923828, 1.3877332450829314
3776, 215.94293212890625, -172.42872619628906, 0.0, 0.0, 1.0, -179.4627227783203, 1.241620450772079
3777, 215.91952514648438, -172.42909240722656, 0.0, 0.0, 1.0, -179.4749298095703, 0.727025882828685
3778, 215.90928649902344, -172.42929077148438, 0.0, 0.0, 1.0, -179.4815216064453, 0.2585529943088589
3779, 215.90786743164062, -172.42933654785156, 0.0, 0.0, 1.0, -179.4832763671875, 0.0013015916261943906
3780, 215.9078826904297, -172.42933654785156, 0.0, 0.0, 1.0, -179.4832763671875, 0.00023426296744593182
3781, 215.90786743164062, -172.42933654785156, 0.0, 0.0, 1.0, -179.4832763671875, 0.00034757424932970696
3782, 215.90785217285156, -172.42933654785156, 0.0, 0.0, 1.0, -179.4832763671875, 0.0006846467845970422
3783, 215.90782165527344, -172.42933654785156, 0.0, 0.0, 1.0, -179.4832763671875, 0.0006760100916448859
3784, 215.90780639648438, -172.42933654785156, 0.0, 0.0, 1.0, -179.4832763671875, 0.0006062816617907395
3785, 215.9077911376953, -172.42933654785156, 0.0, 0.0, 0.8750001192092896, -179.4832763671875, 0.00047110180119820443
3786, 215.90777587890625, -172.42933654785156, 0.0, 0.0, 0.6250003576278687, -179.4832763671875, 0.0002318202427398442
3787, 215.90760803222656, -172.42933654785156, -0.0038197184912860394, 0.574999988079071, 0.0, -179.48326110839844, 0.003816768387769716
3788, 215.90728759765625, -172.42933654785156, -0.007639436982572079, 0.6249999403953552, 0.0, -179.4832763671875, 0.019902150040447257
3789, 215.90684509277344, -172.42933654785156, -0.01145915500819683, 0.6749998927116394, 0.0, -179.4832763671875, 0.015311693017292209
3790, 215.9061279296875, -172.42933654785156, -0.01718873344361782, 0.7499998211860657, 0.0, -179.4833984375, 0.03820683040097283
3791, 215.90451049804688, -172.42933654785156, -0.021008450537919998, 0.7999997735023499, 0.0, -179.48326110839844, 0.09541582361185118
3792, 215.90090942382812, -172.4292755126953, -0.026738028973340988, 0.8749997019767761, 0.0, -179.48348999023438, 0.1985262735886105
3793, 215.89407348632812, -172.4292755126953, -0.030557747930288315, 0.9249996542930603, 0.0, -179.49053955078125, 0.3182646682429509
3794, 215.88291931152344, -172.42913818359375, -0.03183098882436752, 0.9749996066093445, 0.0, -179.49462890625, 0.5019098388080995
3795, 215.86883544921875, -172.4288787841797, -0.030557749792933464, 1.0249996185302734, 0.0, -179.49359130859375, 0.5701079374602815
3796, 215.8529052734375, -172.4286651611328, -0.02864789217710495, 1.0, 0.0, -179.49533081054688, 0.6560215381924916
3797, 215.83572387695312, -172.42849731445312, -0.02737465500831604, 1.0, 0.0, -179.5006866455078, 0.7638345675757128
3798, 215.81210327148438, -172.42832946777344, -0.025464797392487526, 1.0, 0.0, -179.51409912109375, 0.9791692362159209
3799, 215.7851104736328, -172.42819213867188, -0.024191558361053467, 1.0, 0.0, -179.52781677246094, 1.0581800856229324
3800, 215.7581329345703, -172.42803955078125, -0.022918321192264557, 1.0, 0.0, -179.5420379638672, 1.1537052194528532
3801, 215.72718811035156, -172.4279327392578, -0.021008463576436043, 1.0, 0.0, -179.55723571777344, 1.3581839356101904
3802, 215.68955993652344, -172.42774963378906, -0.019735224545001984, 1.0, 0.0, -179.57391357421875, 1.5120213177459783
3803, 215.64837646484375, -172.4276580810547, -0.01782536692917347, 1.0, 0.0, -179.59205627441406, 1.6128930424638503
3804, 215.6033477783203, -172.42752075195312, -0.01655212789773941, 1.0, 0.0, -179.60723876953125, 1.6896655891368009
3805, 215.56370544433594, -172.4274444580078, -0.015278889797627926, 1.0, 0.0, -179.62228393554688, 1.8083853589411563
3806, 215.5155029296875, -172.42738342285156, -0.013369029387831688, 1.0, 0.0, -179.63792419433594, 1.9382875686445225
3807, 215.46424865722656, -172.42730712890625, -0.01209578849375248, 1.0, 0.0, -179.65301513671875, 2.053052763518572
3808, 215.4104461669922, -172.42727661132812, -0.010822548530995846, 1.0, 0.0, -179.667236328125, 2.1615931454342086
3809, 215.352783203125, -172.42730712890625, -0.008276067674160004, 1.0, 0.0, -179.68026733398438, 2.2701195828930807
3810, 215.29495239257812, -172.42733764648438, -0.0070028286427259445, 1.0, 0.0, -179.69117736816406, 2.373246396581942
3811, 215.2330780029297, -172.42745971679688, -0.005092970095574856, 0.9250000715255737, 0.0, -179.70053100585938, 2.4757385393630975
3812, 215.16917419433594, -172.4276123046875, -0.0038197303656488657, 0.8750001192092896, 0.0, -179.70803833007812, 2.571704647537723
3813, 215.10304260253906, -172.4278106689453, -0.0025464906357228756, 0.8250001668930054, 0.0, -179.71377563476562, 2.6614803827501223
3814, 215.03497314453125, -172.42807006835938, 0.0, 0.7500002384185791, 0.0, -179.717041015625, 2.7438496741537612
3815, 214.96389770507812, -172.42837524414062, 0.0, 0.7000002861022949, 0.0, -179.71847534179688, 2.8196391142262374
3816, 214.89495849609375, -172.42877197265625, 0.0038197184912860394, 0.6500003337860107, 0.0, -179.717041015625, 2.8846741642439753
3817, 214.8184356689453, -172.4293670654297, 0.009549296461045742, 0.5750004053115845, 0.0, -179.7095184326172, 2.9469992427461964
3818, 214.74327087402344, -172.43014526367188, 0.013369014486670494, 0.5250004529953003, 0.0, -179.6956787109375, 2.9988312460521276
3819, 214.6651153564453, -172.43118286132812, 0.019098592922091484, 0.45000046491622925, 0.0, -179.67352294921875, 3.0431845375114888
3820, 214.58753967285156, -172.43243408203125, 0.02291831001639366, 0.4000004529953003, 0.0, -179.6438751220703, 3.078199181396842
3821, 214.51202392578125, -172.43382263183594, 0.026738028973340988, 0.35000044107437134, 0.0, -179.608154296875, 3.1048149339941715
3822, 214.43446350097656, -172.43551635742188, 0.03246760740876198, 0.2750004231929779, 0.0, -179.56346130371094, 3.1238842442417774
3823, 214.35205078125, -172.4375762939453, 0.036287322640419006, 0.22500041127204895, 0.0, -179.5072479248047, 3.135136326317431
3824, 214.279296875, -172.43959045410156, 0.040107037872076035, 0.17500039935112, 0.0, -179.45089721679688, 3.1383488806478144
3825, 214.202880859375, -172.44200134277344, 0.04583660885691643, 0.10000038892030716, 0.0, -179.3837890625, 3.133970586973481
3826, 214.1253662109375, -172.4447021484375, 0.049656324088573456, 0.0500003919005394, 0.0, -179.3075714111328, 3.1214458986390685
3827, 214.04736328125, -172.4476776123047, 0.053476039320230484, 3.915280046840053e-07, 0.0, -179.2229766845703, 3.1015790626549222
3828, 213.97335815429688, -172.45079040527344, 0.059205614030361176, 0.0, 0.0, -179.1348419189453, 3.0813907063585826
3829, 213.8971405029297, -172.45431518554688, 0.0630253255367279, 0.0, 0.0, -179.03598022460938, 3.0574897476428493
3830, 213.82037353515625, -172.4581756591797, 0.06684504449367523, 0.0, 0.0, -178.92848205566406, 3.031912949881563
3831, 213.74423217773438, -172.46218872070312, 0.06493518501520157, 0.0, 0.0, -178.8173828125, 3.006068557614135
3832, 213.6683349609375, -172.46632385253906, 0.06366194784641266, 0.0, 0.0, -178.70497131347656, 2.980072796612262
3833, 213.59478759765625, -172.4704132080078, 0.061752088367938995, 0.0, 0.0, -178.59628295898438, 2.954800106557434
3834, 213.51925659179688, -172.47470092773438, 0.060478851199150085, 0.0, 0.0, -178.48590087890625, 2.9287983932294757
3835, 213.44924926757812, -172.478759765625, 0.059205614030361176, 0.0, 0.0, -178.38507080078125, 2.9046762542264766
3836, 213.38018798828125, -172.48284912109375, 0.05729575455188751, 0.0, 0.0, -178.28753662109375, 2.8808948438667312
3837, 213.31076049804688, -172.4869842529297, 0.0560225173830986, 0.0, 0.0, -178.191650390625, 2.8569609333768606
3838, 213.24713134765625, -172.49093627929688, 0.05984223261475563, 0.0, 0.0, -178.10354614257812, 2.834902927643766
3839, 213.17601013183594, -172.49557495117188, 0.06557180732488632, 0.0, 0.0, -178.0011749267578, 2.810075904263578
3840, 213.10427856445312, -172.50057983398438, 0.06939151883125305, 0.0, 0.0, -177.8924102783203, 2.785011793440042
3841, 213.0353240966797, -172.50567626953125, 0.07321123778820038, 0.0, 0.0, -177.7822265625, 2.7609037739100133
3842, 212.9701385498047, -172.51077270507812, 0.07894080877304077, 0.0, 0.0, -177.67176818847656, 2.737993269921295
3843, 212.9036407470703, -172.5162811279297, 0.0827605202794075, 0.0, 0.0, -177.5524444580078, 2.714634330211438
3844, 212.8345489501953, -172.52230834960938, 0.08658023923635483, 0.0, 0.0, -177.4215545654297, 2.690356846387671
3845, 212.76771545410156, -172.52845764160156, 0.09230981022119522, 0.0, 0.0, -177.28759765625, 2.666767727806046
3846, 212.70455932617188, -172.53460693359375, 0.09803938120603561, 0.0, 0.0, -177.1536865234375, 2.6444162534853337
3847, 212.6450958251953, -172.54066467285156, 0.09803938120603561, 0.0, 0.0, -177.02108764648438, 2.62338760043691
3848, 212.5782012939453, -172.5478057861328, 0.10758867114782333, 0.05000000074505806, 0.0, -176.86387634277344, 2.5957367462313106
3849, 212.51292419433594, -172.5551300048828, 0.11140838265419006, 0.10000000149011612, 0.0, -176.70298767089844, 2.578185628710387
3850, 212.44830322265625, -172.56272888183594, 0.11522810161113739, 0.15000000596046448, 0.0, -176.53713989257812, 2.5682828722075683
3851, 212.38734436035156, -172.5702362060547, 0.12095767259597778, 0.2250000238418579, 0.0, -176.3743896484375, 2.565700249231675
3852, 212.3206329345703, -172.57876586914062, 0.12477738410234451, 0.27500003576278687, 0.0, -176.18931579589844, 2.5716590689196592
3853, 212.25875854492188, -172.5869903564453, 0.12859709560871124, 0.27500003576278687, 0.0, -176.0118408203125, 2.5817187403331228
3854, 212.193115234375, -172.5961151123047, 0.13432668149471283, 0.20000001788139343, 0.0, -175.8166046142578, 2.5898518647006328
3855, 212.13400268554688, -172.60464477539062, 0.13814638555049896, 0.15000000596046448, 0.0, -175.6348419189453, 2.591796712670374
3856, 212.0753631591797, -172.61343383789062, 0.1419661045074463, 0.10000000149011612, 0.0, -175.4489288330078, 2.5880748001531595
3857, 212.012451171875, -172.6232452392578, 0.14769567549228668, 0.02500000409781933, 0.0, -175.24234008789062, 2.5764058366556184
3858, 211.95114135742188, -172.6331787109375, 0.151515394449234, -0.02499999664723873, 0.0, -175.03411865234375, 2.559733325636909
3859, 211.8881072998047, -172.64376831054688, 0.15533511340618134, 0.0, 0.0, -174.81341552734375, 2.544162126340285
3860, 211.82882690429688, -172.654052734375, 0.16106468439102173, 0.0, 0.0, -174.5992889404297, 2.525835826069346
3861, 211.76773071289062, -172.66510009765625, 0.16488438844680786, 0.0, 0.0, -174.37173461914062, 2.5053302197513934
3862, 211.71131896972656, -172.67564392089844, 0.1687041074037552, 0.0, 0.0, -174.1558074951172, 2.4856666374030048
3863, 211.65110778808594, -172.68728637695312, 0.17443367838859558, 0.0, 0.0, -173.91845703125, 2.4641647080161375
3864, 211.59495544433594, -172.6985321044922, 0.1782533973455429, 0.0, 0.0, -173.69100952148438, 2.444007339538784
3865, 211.5331268310547, -172.71131896972656, 0.18207311630249023, 0.0, 0.0, -173.4337615966797, 2.421737106257591
3866, 211.47894287109375, -172.72288513183594, 0.18589282035827637, 0.0, 0.0, -173.2029266357422, 2.4021654085763995
3867, 211.42184448242188, -172.73544311523438, 0.19162240624427795, 0.0, 0.0, -172.95346069335938, 2.3813588163444224
3868, 211.36366271972656, -172.74868774414062, 0.1954421103000641, 0.02500000037252903, 0.0, -172.69223022460938, 2.3543306228879266
3869, 211.31005859375, -172.76124572753906, 0.1992618292570114, 0.07500000298023224, 0.0, -172.44622802734375, 2.337441294987864
3870, 211.2540740966797, -172.77468872070312, 0.19989845156669617, 0.15000000596046448, 0.0, -172.18508911132812, 2.3273065471321095
3871, 211.19970703125, -172.78805541992188, 0.20117168128490448, 0.20000001788139343, 0.0, -171.92926025390625, 2.323652635712908
3872, 211.14833068847656, -172.80091857910156, 0.19989845156669617, 0.2500000298023224, 0.0, -171.6866912841797, 2.328911118545198
3873, 211.09751892089844, -172.8138885498047, 0.20117168128490448, 0.30000004172325134, 0.0, -171.4460906982422, 2.3393633709988224
3874, 211.0447998046875, -172.82757568359375, 0.20180830359458923, 0.3750000596046448, 0.0, -171.19589233398438, 2.3566267118573028
3875, 210.99038696289062, -172.84194946289062, 0.20053507387638092, 0.3750000596046448, 0.0, -170.93801879882812, 2.378948428472841
3876, 210.935302734375, -172.85678100585938, 0.20180830359458923, 0.3250000476837158, 0.0, -170.67662048339844, 2.4014428133881993
3877, 210.87753295898438, -172.87257385253906, 0.20053507387638092, 0.27500003576278687, 0.0, -170.4024658203125, 2.419188137285543
3878, 210.82310485839844, -172.8877716064453, 0.20053507387638092, 0.27500003576278687, 0.0, -170.1436004638672, 2.4308233329923943
3879, 210.769775390625, -172.90286254882812, 0.19989845156669617, 0.15000000596046448, 0.0, -169.89007568359375, 2.435302320492342
3880, 210.71804809570312, -172.9177703857422, 0.20053507387638092, 0.07500000298023224, 0.0, -169.64349365234375, 2.4328993828640586
3881, 210.66087341308594, -172.9345245361328, 0.19989845156669617, 0.02500000409781933, 0.0, -169.3701629638672, 2.4214227942926563
3882, 210.60556030273438, -172.95103454589844, 0.20053507387638092, 0.0, 0.0, -169.1049346923828, 2.4098310424532103
3883, 210.5500946044922, -172.96780395507812, 0.19862520694732666, 0.0, 0.0, -168.83859252929688, 2.3942535622857295
3884, 210.49476623535156, -172.9847869873047, 0.19735197722911835, 0.0, 0.0, -168.5735626220703, 2.3767247544622787
3885, 210.4423065185547, -173.00106811523438, 0.19607873260974884, 0.0, 0.0, -168.32301330566406, 2.3592189767504887
3886, 210.3916015625, -173.01702880859375, 0.19480548799037933, 0.0, 0.0, -168.0817413330078, 2.3419052861405816
3887, 210.3378143310547, -173.0341033935547, 0.18843930959701538, 0.0, 0.0, -167.8291473388672, 2.323249104614905
3888, 210.28468322753906, -173.05101013183594, 0.17889001965522766, 0.0, 0.0, -167.58651733398438, 2.304861477905391
3889, 210.2318878173828, -173.06790161132812, 0.17252382636070251, 0.0, 0.0, -167.35325622558594, 2.2864759173028517
3890, 210.1782989501953, -173.08506774902344, 0.16615763306617737, 0.0, 0.0, -167.12460327148438, 2.267749850723717
3891, 210.1277618408203, -173.10134887695312, 0.15979143977165222, 0.0, 0.0, -166.91632080078125, 2.2500547178338985
3892, 210.07955932617188, -173.11683654785156, 0.1502421498298645, 0.0, 0.0, -166.72586059570312, 2.233718318023728
3893, 210.03208923339844, -173.13204956054688, 0.14069285988807678, 0.07500000298023224, 0.0, -166.54757690429688, 2.213051257240882
3894, 209.98043823242188, -173.1486358642578, 0.13941963016986847, 0.125, 0.0, -166.3621368408203, 2.2027135912032305
3895, 209.92868041992188, -173.16537475585938, 0.13814638555049896, 0.17500001192092896, 0.0, -166.1805419921875, 2.1980457093853354
3896, 209.87908935546875, -173.18153381347656, 0.1362365335226059, 0.2500000298023224, 0.0, -166.0116424560547, 2.2004234913046012
3897, 209.83140563964844, -173.1971435546875, 0.14005625247955322, 0.30000004172325134, 0.0, -165.84832763671875, 2.216929160919019
3898, 209.78363037109375, -173.2128448486328, 0.14387595653533936, 0.3500000536441803, 0.0, -165.6837921142578, 2.238108498766091
3899, 209.73468017578125, -173.22914123535156, 0.14769567549228668, 0.3500000536441803, 0.0, -165.51205444335938, 2.261100394032996
3900, 209.68702697753906, -173.24525451660156, 0.151515394449234, 0.30000004172325134, 0.0, -165.34156799316406, 2.2820271144483204
3901, 209.6389923095703, -173.2617950439453, 0.15533511340618134, 0.2500000298023224, 0.0, -165.1651611328125, 2.298063352673935
3902, 209.59188842773438, -173.27825927734375, 0.15915481746196747, 0.20000001788139343, 0.0, -164.98765563964844, 2.3087285778484685
3903, 209.5414276123047, -173.29620361328125, 0.1629745364189148, 0.15000000596046448, 0.0, -164.7925567626953, 2.313794193250784
3904, 209.49456787109375, -173.31307983398438, 0.16679425537586212, 0.10000000149011612, 0.0, -164.60777282714844, 2.3205674687616886
3905, 209.4478302001953, -173.3301544189453, 0.17061395943164825, 0.05000000447034836, 0.0, -164.4198760986328, 2.317408988757354
3906, 209.39923095703125, -173.3482208251953, 0.17443367838859558, 4.0978194171259474e-09, 0.0, -164.2194366455078, 2.308119003351531
3907, 209.34913635253906, -173.36720275878906, 0.1782533973455429, 0.0, 0.0, -164.0072479248047, 2.2995345518412016
3908, 209.3020782470703, -173.38534545898438, 0.18207311630249023, 0.0, 0.0, -163.80303955078125, 2.2884376410798426
3909, 209.25428771972656, -173.40414428710938, 0.1897125393152237, 0.0, 0.0, -163.58920288085938, 2.2753243944851373
3910, 209.20748901367188, -173.42288208007812, 0.19353225827217102, 0.0, 0.0, -163.3734893798828, 2.2618364460790223
3911, 209.16363525390625, -173.4407196044922, 0.19735197722911835, 0.0, 0.0, -163.16610717773438, 2.2512422518161306
3912, 209.11817932128906, -173.4594268798828, 0.20117168128490448, 0.05000000074505806, 0.0, -162.94577026367188, 2.2343475727250883
3913, 209.07223510742188, -173.478515625, 0.19989845156669617, 0.10000000149011612, 0.0, -162.72032165527344, 2.2284657190783217
3914, 209.02593994140625, -173.4980010986328, 0.20117168128490448, 0.15000000596046448, 0.0, -162.49197387695312, 2.227789594302776
3915, 208.98057556152344, -173.517333984375, 0.19989845156669617, 0.20000001788139343, 0.0, -162.2681884765625, 2.2333241445196244
3916, 208.93492126464844, -173.53704833984375, 0.20117168128490448, 0.2500000298023224, 0.0, -162.0419464111328, 2.2438396434631964
3917, 208.8905487060547, -173.55642700195312, 0.19989845156669617, 0.30000004172325134, 0.0, -161.8224639892578, 2.259876172128346
3918, 208.84503173828125, -173.57652282714844, 0.20117168128490448, 0.3500000536441803, 0.0, -161.59703063964844, 2.2812490985962843
3919, 208.79733276367188, -173.5978240966797, 0.19989845156669617, 0.40000006556510925, 0.0, -161.36102294921875, 2.309721518725111
3920, 208.75120544433594, -173.61862182617188, 0.20117168128490448, 0.4500000774860382, 0.0, -161.1325225830078, 2.34249248126268
3921, 208.70501708984375, -173.6396026611328, 0.19989845156669617, 0.5000000596046448, 0.0, -160.90390014648438, 2.3799639383171316
3922, 208.6536407470703, -173.6631622314453, 0.20053507387638092, 0.574999988079071, 0.0, -160.64974975585938, 2.4260609623370533
3923, 208.6049346923828, -173.6857147216797, 0.1992618292570114, 0.6249999403953552, 0.0, -160.41033935546875, 2.4779030255273518
3924, 208.5554656982422, -173.7089080810547, 0.1979885846376419, 0.6749998927116394, 0.0, -160.16879272460938, 2.5337608204358464
3925, 208.504150390625, -173.73318481445312, 0.1967153549194336, 0.7249998450279236, 0.0, -159.91973876953125, 2.5956550928107878
3926, 208.45321655273438, -173.75753784179688, 0.1954421103000641, 0.7749997973442078, 0.0, -159.6740264892578, 2.660583014297623
3927, 208.39564514160156, -173.78530883789062, 0.19416888058185577, 0.8249997496604919, 0.0, -159.3981170654297, 2.7386317451718343
3928, 208.34132385253906, -173.8117218017578, 0.19289563596248627, 0.8749997019767761, 0.0, -159.1394805908203, 2.8153124818846855
3929, 208.28538513183594, -173.83914184570312, 0.19162240624427795, 0.9249996542930603, 0.0, -158.87484741210938, 2.89622869311228
3930, 208.224609375, -173.86924743652344, 0.19034916162490845, 0.9749996066093445, 0.0, -158.58912658691406, 2.9870198597824995
3931, 208.1647186279297, -173.89920043945312, 0.18907591700553894, 1.0249996185302734, 0.0, -158.31036376953125, 3.0798371877784816
3932, 208.10536193847656, -173.92919921875, 0.18716606497764587, 1.0, 0.0, -158.03619384765625, 3.17141359565351
3933, 208.04205322265625, -173.96151733398438, 0.1852562129497528, 0.9500000476837158, 0.0, -157.7462921142578, 3.265939393385351
3934, 207.973876953125, -173.99673461914062, 0.18652944266796112, 0.9000000953674316, 0.0, -157.43505859375, 3.362956766688892
3935, 207.908935546875, -174.03076171875, 0.19034916162490845, 0.8500001430511475, 0.0, -157.13755798339844, 3.444587389026391
3936, 207.83932495117188, -174.06796264648438, 0.19416888058185577, 0.8000001907348633, 0.0, -156.8154754638672, 3.5274683136453753
3937, 207.7689666748047, -174.10623168945312, 0.1979885846376419, 0.7500002384185791, 0.0, -156.48507690429688, 3.6068588152148298
3938, 207.6978302001953, -174.1456756591797, 0.20180830359458923, 0.7000002861022949, 0.0, -156.145751953125, 3.6737136885554067
3939, 207.62811279296875, -174.1849822998047, 0.20053507387638092, 0.6500003337860107, 0.0, -155.80917358398438, 3.738326356303731
3940, 207.55426025390625, -174.22735595703125, 0.20180830359458923, 0.6000003814697266, 0.0, -155.44874572753906, 3.7948645882289753
3941, 207.48509216308594, -174.26771545410156, 0.20053507387638092, 0.5500004291534424, 0.0, -155.10923767089844, 3.8420828070883446
3942, 207.4076690673828, -174.313720703125, 0.20180830359458923, 0.5000004768371582, 0.0, -154.72601318359375, 3.8888796492188833
3943, 207.337890625, -174.3558349609375, 0.20053507387638092, 0.45000046491622925, 0.0, -154.37701416015625, 3.925238300096496
3944, 207.263427734375, -174.40145874023438, 0.20117168128490448, 0.3750004470348358, 0.0, -154.00254821777344, 3.956167382122742
3945, 207.1882781982422, -174.4481964111328, 0.19989845156669617, 0.32500043511390686, 0.0, -153.6208038330078, 3.9776262778769587
3946, 207.1142578125, -174.49490356445312, 0.20117168128490448, 0.2750004231929779, 0.0, -153.2428741455078, 3.9938643339928754
3947, 207.03697204589844, -174.54437255859375, 0.19989845156669617, 0.22500041127204895, 0.0, -152.84483337402344, 4.0024867026200495
3948, 206.9619140625, -174.5930633544922, 0.20117168128490448, 0.17500039935112, 0.0, -152.4541778564453, 4.00502410586788
3949, 206.88717651367188, -174.64219665527344, 0.19989845156669617, 0.12500038743019104, 0.0, -152.06231689453125, 3.999753129880736
3950, 206.81369018554688, -174.69119262695312, 0.20117168128490448, 0.07500039041042328, 0.0, -151.67044067382812, 3.9854422732203982
3951, 206.74362182617188, -174.73838806152344, 0.19989845156669617, 0.02500039152801037, 0.0, -151.29148864746094, 3.967739895724458
3952, 206.66917419433594, -174.78907775878906, 0.20053507387638092, 0.0, 0.0, -150.88333129882812, 3.943294311990998
3953, 206.59893798828125, -174.83749389648438, 0.20180830359458923, 0.0, 0.0, -150.49392700195312, 3.916697830307359
3954, 206.52789306640625, -174.8870849609375, 0.20053507387638092, 0.0, 0.0, -150.0967254638672, 3.888416381806429
3955, 206.4620819091797, -174.93365478515625, 0.20180830359458923, 0.0, 0.0, -149.7259979248047, 3.8613902555084567
3956, 206.38999938964844, -174.98529052734375, 0.20053507387638092, 0.0, 0.0, -149.31704711914062, 3.831625615624993
3957, 206.3219451904297, -175.0347442626953, 0.20180830359458923, 0.0, 0.0, -148.92762756347656, 3.8034858533876417
3958, 206.24835205078125, -175.08897399902344, 0.20180830359458923, 0.0, 0.0, -148.50384521484375, 3.7730379581223366
3959, 206.18006896972656, -175.14010620117188, 0.20053507387638092, 0.0, 0.0, -148.10797119140625, 3.7446189566214803
3960, 206.11387634277344, -175.1903839111328, 0.20053507387638092, 0.0, 0.0, -147.72244262695312, 3.717246493146301
3961, 206.0520477294922, -175.23800659179688, 0.20180830359458923, 0.0, 0.0, -147.3599090576172, 3.6915633898707725
3962, 205.98748779296875, -175.28842163085938, 0.20180830359458923, 0.0, 0.0, -146.97882080078125, 3.6649565428371407
3963, 205.9256591796875, -175.33734130859375, 0.20053507387638092, 0.0, 0.0, -146.61187744140625, 3.6397431446670354
3964, 205.8618927001953, -175.38861083984375, 0.20180830359458923, 0.0, 0.0, -146.23072814941406, 3.6161331339108567
3965, 205.7996826171875, -175.43951416015625, 0.20053507387638092, 0.0, 0.0, -145.8564910888672, 3.5933415285433443
3966, 205.74176025390625, -175.48768615722656, 0.20180830359458923, 0.0, 0.0, -145.50543212890625, 3.5717783936977727
3967, 205.67857360839844, -175.54112243652344, 0.20053507387638092, 0.0, 0.0, -145.12033081054688, 3.547365895527899
3968, 205.61715698242188, -175.5939483642578, 0.20180830359458923, 0.0, 0.0, -144.74465942382812, 3.523901318054465
3969, 205.55882263183594, -175.64483642578125, 0.20053507387638092, 0.0, 0.0, -144.3848114013672, 3.5012697354830453
3970, 205.500732421875, -175.6962127685547, 0.20180830359458923, 0.0, 0.0, -144.02456665039062, 3.4775302425814703
3971, 205.4467315673828, -175.7445831298828, 0.20053507387638092, 0.0, 0.0, -143.6885223388672, 3.4559088441278787
3972, 205.39022827148438, -175.7958526611328, 0.20180830359458923, 0.0, 0.0, -143.3341827392578, 3.4323330731031767
3973, 205.3387908935547, -175.8431396484375, 0.20053507387638092, 0.0, 0.0, -143.01065063476562, 3.4102997769345422
3974, 205.28146362304688, -175.896484375, 0.20117168128490448, 0.0, 0.0, -142.64889526367188, 3.3858902197991054
3975, 205.22853088378906, -175.94639587402344, 0.19989845156669617, 0.0, 0.0, -142.31332397460938, 3.363406024410432
3976, 205.17449951171875, -175.9979705810547, 0.20117168128490448, 0.0, 0.0, -141.96878051757812, 3.3394026195407305
3977, 205.1239013671875, -176.04684448242188, 0.19989845156669617, 0.0, 0.0, -141.64427185058594, 3.3168709257574402
3978, 205.07247924804688, -176.09706115722656, 0.20117168128490448, 0.0, 0.0, -141.31239318847656, 3.294859893052789
3979, 205.0191192626953, -176.14984130859375, 0.19989845156669617, 0.05000000074505806, 0.0, -140.96559143066406, 3.268830803114284
3980, 204.96788024902344, -176.2010498046875, 0.19989845156669617, 0.05000000074505806, 0.0, -140.630615234375, 3.2491217298956423
3981, 204.91961669921875, -176.24978637695312, 0.19989845156669617, 0.15000000596046448, 0.0, -140.31375122070312, 3.2358934496860754
3982, 204.8701171875, -176.3003692626953, 0.20117168128490448, 0.20000001788139343, 0.0, -139.98670959472656, 3.227874435029516
3983, 204.8207244873047, -176.35134887695312, 0.19989845156669617, 0.2500000298023224, 0.0, -139.65928649902344, 3.22589557293877
3984, 204.7692108154297, -176.4051971435547, 0.20117168128490448, 0.30000004172325134, 0.0, -139.3168182373047, 3.2297849520208346
3985, 204.7206268310547, -176.45655822753906, 0.20117168128490448, 0.40000006556510925, 0.0, -138.99212646484375, 3.2399115565461813
3986, 204.672607421875, -176.5078125, 0.19989845156669617, 0.4500000774860382, 0.0, -138.66983032226562, 3.259789848370658
3987, 204.6215057373047, -176.5628662109375, 0.20117168128490448, 0.5000000596046448, 0.0, -138.32376098632812, 3.2892538327621494
3988, 204.572021484375, -176.6165771484375, 0.19989845156669617, 0.550000011920929, 0.0, -137.98727416992188, 3.3240656431829567
3989, 204.52545166015625, -176.66757202148438, 0.20117168128490448, 0.5999999642372131, 0.0, -137.66932678222656, 3.360788631379171
3990, 204.473388671875, -176.72511291503906, 0.19989845156669617, 0.6499999165534973, 0.0, -137.31468200683594, 3.405632504019725
3991, 204.4222869873047, -176.78225708007812, 0.20117168128490448, 0.6999998688697815, 0.0, -136.9667205810547, 3.454441301101589
3992, 204.36978149414062, -176.84158325195312, 0.19989845156669617, 0.7499998211860657, 0.0, -136.60910034179688, 3.5111363715662534
3993, 204.31948852539062, -176.89901733398438, 0.20117168128490448, 0.7999997735023499, 0.0, -136.26583862304688, 3.5680918145251876
3994, 204.26576232910156, -176.96107482910156, 0.19989845156669617, 0.849999725818634, 0.0, -135.8988800048828, 3.633918393203586
3995, 204.2126007080078, -177.0232391357422, 0.20117168128490448, 0.849999725818634, 0.0, -135.53402709960938, 3.7033283473304293
3996, 204.1615753173828, -177.08358764648438, 0.19989845156669617, 0.7999997735023499, 0.0, -135.18296813964844, 3.768561975730744
3997, 204.10415649414062, -177.15240478515625, 0.20053507387638092, 0.7249998450279236, 0.0, -134.78585815429688, 3.8395713579079818
3998, 204.052001953125, -177.2157440185547, 0.20180830359458923, 0.6749998927116394, 0.0, -134.421875, 3.8988074189855206
3999, 203.99761962890625, -177.2827911376953, 0.20053507387638092, 0.6249999403953552, 0.0, -134.0409698486328, 3.954433949595337
4000, 203.94073486328125, -177.35403442382812, 0.20180830359458923, 0.574999988079071, 0.0, -133.64024353027344, 4.006020492118012
4001, 203.88848876953125, -177.42051696777344, 0.20053507387638092, 0.5250000357627869, 0.0, -133.26913452148438, 4.048563089055957
4002, 203.83460998535156, -177.49008178710938, 0.20180830359458923, 0.4750000536441803, 0.0, -132.88278198242188, 4.085334406562505
4003, 203.77810668945312, -177.5641326904297, 0.20053507387638092, 0.42500004172325134, 0.0, -132.4741668701172, 4.117548870873574
4004, 203.72161865234375, -177.6393280029297, 0.20180830359458923, 0.3750000298023224, 0.0, -132.06094360351562, 4.14330519270323
4005, 203.6679229736328, -177.71185302734375, 0.20053507387638092, 0.32500001788139343, 0.0, -131.66371154785156, 4.162492470456571
4006, 203.61032104492188, -177.79075622558594, 0.20117168128490448, 0.25, 0.0, -131.2329864501953, 4.174330924649456
4007, 203.5570068359375, -177.86485290527344, 0.19989845156669617, 0.19999998807907104, 0.0, -130.83021545410156, 4.177984598449931
4008, 203.50582885742188, -177.93698120117188, 0.20117168128490448, 0.1499999761581421, 0.0, -130.43951416015625, 4.174918649579773
4009, 203.45188903808594, -178.01419067382812, 0.19989845156669617, 0.09999997913837433, 0.0, -130.0227813720703, 4.165219565872549
4010, 203.40208435058594, -178.08645629882812, 0.20117168128490448, 0.024999981746077538, 0.0, -129.6334228515625, 4.149360541597764
4011, 203.34991455078125, -178.163330078125, 0.19989845156669617, 0.0, 0.0, -129.22079467773438, 4.126126066622718
4012, 203.29898071289062, -178.239501953125, 0.20053507387638092, 0.0, 0.0, -128.81280517578125, 4.098505705647909
4013, 203.24783325195312, -178.3173065185547, 0.20180830359458923, 0.0, 0.0, -128.3966827392578, 4.068145656452
4014, 203.1995391845703, -178.39181518554688, 0.20053507387638092, 0.0, 0.0, -127.99900817871094, 4.038708304761568
4015, 203.15353393554688, -178.46389770507812, 0.20180830359458923, 0.0, 0.0, -127.61518096923828, 4.01039743247585
4016, 203.10348510742188, -178.54345703125, 0.20053507387638092, 0.0, 0.0, -127.19338989257812, 3.9790462731177736
4017, 203.05577087402344, -178.62054443359375, 0.20117168128490448, 0.0, 0.0, -126.78599548339844, 3.947867712522551
4018, 203.01382446289062, -178.68923950195312, 0.19989845156669617, 0.0, 0.0, -126.42439270019531, 3.920183229179949
4019, 202.96786499023438, -178.76565551757812, 0.20117168128490448, 0.0, 0.0, -126.0232925415039, 3.889381146309205
4020, 202.92578125, -178.83677673339844, 0.19989845156669617, 0.0, 0.0, -125.65156555175781, 3.8613424149387674
4021, 202.88290405273438, -178.91029357910156, 0.20117168128490448, 0.0, 0.0, -125.2685546875, 3.8318205518576263
4022, 202.84263610839844, -178.98048400878906, 0.19989845156669617, 0.0, 0.0, -124.90430450439453, 3.8044639811953034
4023, 202.8012237548828, -179.0537872314453, 0.20117168128490448, 0.0, 0.0, -124.52498626708984, 3.77498499622062
4024, 202.76104736328125, -179.1260528564453, 0.19989845156669617, 0.0, 0.0, -124.15239715576172, 3.7467778644845295
4025, 202.7218780517578, -179.19769287109375, 0.20117168128490448, 0.0, 0.0, -123.78401947021484, 3.7191834520079583
4026, 202.68167114257812, -179.27239990234375, 0.19989845156669617, 0.0, 0.0, -123.40147399902344, 3.6896512398354515
4027, 202.64366149902344, -179.34420776367188, 0.20117168128490448, 0.0, 0.0, -123.03459167480469, 3.661470029304064
4028, 202.607666015625, -179.41331481933594, 0.19989845156669617, 0.05000000074505806, 0.0, -122.6825942993164, 3.634775076838465
4029, 202.57110595703125, -179.484619140625, 0.20053507387638092, 0.125, 0.0, -122.3205795288086, 3.612367227861931
4030, 202.5340576171875, -179.55821228027344, 0.20180830359458923, 0.17500001192092896, 0.0, -121.94810485839844, 3.5955952732793524
4031, 202.4993896484375, -179.62815856933594, 0.20053507387638092, 0.2250000238418579, 0.0, -121.5953369140625, 3.5862773118484665
4032, 202.46546936035156, -179.69769287109375, 0.20180830359458923, 0.27500003576278687, 0.0, -121.24583435058594, 3.5829189841296585
4033, 202.43173217773438, -179.7678985595703, 0.19989845156669617, 0.3500000536441803, 0.0, -120.89491271972656, 3.586527027928468
4034, 202.39781188964844, -179.8396453857422, 0.20180830359458923, 0.3750000596046448, 0.0, -120.53783416748047, 3.5960271456534145
4035, 202.39781188964844, -179.9111328125, 0.20053507387638092, 0.42500007152557373, 0.0, -120.53783416748047, 3.610729147907169
4036, 202.3645477294922, -179.9111328125, 0.20053507387638092, 0.42500007152557373, 0.0, -120.18363189697266, 3.610729147907169
4037, 202.3306427001953, -179.9851837158203, 0.20117168128490448, 0.40000006556510925, 0.0, -119.81817626953125, 3.629199411767672
4038, 202.29513549804688, -180.0641326904297, 0.19989845156669617, 0.3500000536441803, 0.0, -119.43077087402344, 3.6480838338124486
4039, 202.26345825195312, -180.1357421875, 0.20117168128490448, 0.30000004172325134, 0.0, -119.08039093017578, 3.661707071554895
4040, 202.2317657470703, -180.20855712890625, 0.19989845156669617, 0.2500000298023224, 0.0, -118.72542572021484, 3.6709642833724123
4041, 202.19927978515625, -180.28453063964844, 0.20117168128490448, 0.20000001788139343, 0.0, -118.35564422607422, 3.674801509182512
4042, 202.1678466796875, -180.35923767089844, 0.19989845156669617, 0.15000000596046448, 0.0, -117.99285125732422, 3.672868733028379
4043, 202.1361541748047, -180.43609619140625, 0.20053507387638092, 0.07500000298023224, 0.0, -117.620361328125, 3.663848556011771
4044, 202.107666015625, -180.50636291503906, 0.19989845156669617, 0.05000000447034836, 0.0, -117.28024291992188, 3.6498950698653823
4045, 202.07720947265625, -180.5828857421875, 0.20053507387638092, -0.02499999664723873, 0.0, -116.91007232666016, 3.6300395571524344
4046, 202.0494842529297, -180.65386962890625, 0.20180830359458923, 0.0, 0.0, -116.56649017333984, 3.609115882285648
4047, 202.0207061767578, -180.72897338867188, 0.20053507387638092, 0.0, 0.0, -116.20301055908203, 3.5842777610279
4048, 201.99169921875, -180.80616760253906, 0.20180830359458923, 0.0, 0.0, -115.82953643798828, 3.5571209595141626
4049, 201.96392822265625, -180.88165283203125, 0.20053507387638092, 0.0, 0.0, -115.46490478515625, 3.53002225492001
4050, 201.93910217285156, -180.95042419433594, 0.20180830359458923, 0.0, 0.0, -115.13292694091797, 3.5049425901932647
4051, 201.91273498535156, -181.0248565673828, 0.20053507387638092, 0.0, 0.0, -114.7740249633789, 3.477807009906537
4052, 201.88856506347656, -181.09451293945312, 0.20180830359458923, 0.0, 0.0, -114.43870544433594, 3.4522804572721433
4053, 201.86366271972656, -181.16775512695312, 0.20053507387638092, 0.0, 0.0, -114.08655548095703, 3.4255842767561053
4054, 201.8400421142578, -181.23866271972656, 0.20180830359458923, 0.0, 0.0, -113.7459945678711, 3.399647057884432
4055, 201.8158721923828, -181.31272888183594, 0.19989845156669617, 0.0, 0.0, -113.39132690429688, 3.372800987798668
4056, 201.79270935058594, -181.3852081298828, 0.20117168128490448, 0.0, 0.0, -113.044677734375, 3.346415119693657
4057, 201.771240234375, -181.4539031982422, 0.20180830359458923, 0.0, 0.0, -112.71640014648438, 3.321440208007182
4058, 201.7501983642578, -181.52268981933594, 0.20053507387638092, 0.0, 0.0, -112.38825988769531, 3.296616675779476
4059, 201.728759765625, -181.59420776367188, 0.20180830359458923, 0.0, 0.0, -112.04718780517578, 3.2707092714565444
4060, 201.70899963378906, -181.66162109375, 0.20053507387638092, 0.0, 0.0, -111.7264404296875, 3.24648468728566
4061, 201.6898651123047, -181.7284698486328, 0.20180830359458923, 0.0, 0.0, -111.4085464477539, 3.2223708666851305
4062, 201.67112731933594, -181.79519653320312, 0.20053507387638092, 0.0, 0.0, -111.09173583984375, 3.198471863807977
4063, 201.6510467529297, -181.86843872070312, 0.20180830359458923, 0.0, 0.0, -110.74442291259766, 3.1721549969184837
4064, 201.63302612304688, -181.93576049804688, 0.20053507387638092, 0.0, 0.0, -110.42554473876953, 3.1481296982850338
4065, 201.61578369140625, -182.0016326904297, 0.20117168128490448, 0.0, 0.0, -110.11398315429688, 3.1245826061578996
4066, 201.5994110107422, -182.06549072265625, 0.19989845156669617, 0.0, 0.0, -109.81256866455078, 3.1018858726073186
4067, 201.58248901367188, -182.13302612304688, 0.20117168128490448, 0.0, 0.0, -109.49422454833984, 3.0777780347278685
4068, 201.5662384033203, -182.19956970214844, 0.19989845156669617, 0.0, 0.0, -109.18110656738281, 3.0541847384867475
4069, 201.55050659179688, -182.26568603515625, 0.20117168128490448, 0.0, 0.0, -108.87033081054688, 3.0306484684717145
4070, 201.5359649658203, -182.32809448242188, 0.19989845156669617, 0.0, 0.0, -108.57723999023438, 3.0085783322256257
4071, 201.521484375, -182.3920135498047, 0.20117168128490448, 0.0, 0.0, -108.27728271484375, 2.9858747982451255
4072, 201.50733947753906, -182.455810546875, 0.19989845156669617, 0.0, 0.0, -107.97824096679688, 2.963365095860885
4073, 201.49354553222656, -182.51976013183594, 0.20117168128490448, 0.0, 0.0, -107.6785888671875, 2.9407024127073784
4074, 201.47991943359375, -182.5846710205078, 0.19989845156669617, 0.0, 0.0, -107.37495422363281, 2.917864879022499
4075, 201.4669647216797, -182.64801025390625, 0.19989845156669617, 0.0, 0.0, -107.07855224609375, 2.89242177228572
4076, 201.45455932617188, -182.71046447753906, 0.19989845156669617, 0.10000000149011612, 0.0, -106.7866439819336, 2.874220331272364
4077, 201.4425811767578, -182.77247619628906, 0.20053507387638092, 0.17500001192092896, 0.0, -106.49760437011719, 2.86273349172708
4078, 201.43157958984375, -182.83079528808594, 0.20180830359458923, 0.2250000238418579, 0.0, -106.22584533691406, 2.8586482315050894
4079, 201.42001342773438, -182.89393615722656, 0.20053507387638092, 0.27500003576278687, 0.0, -105.93231964111328, 2.8610855596424978
4080, 201.40890502929688, -182.9564208984375, 0.20180830359458923, 0.3250000476837158, 0.0, -105.64241790771484, 2.8694595346261913
4081, 201.39773559570312, -183.0211944580078, 0.19989845156669617, 0.40000006556510925, 0.0, -105.34315490722656, 2.8847039729832638
4082, 201.38694763183594, -183.08547973632812, 0.20180830359458923, 0.4500000774860382, 0.0, -105.04670715332031, 2.9065568840817093
4083, 201.37635803222656, -183.1507568359375, 0.19989845156669617, 0.5000000596046448, 0.0, -104.7470474243164, 2.9349347254464577
4084, 201.3671417236328, -183.2093048095703, 0.20117168128490448, 0.550000011920929, 0.0, -104.47887420654297, 2.9647805405423693
4085, 201.35704040527344, -183.2754669189453, 0.19989845156669617, 0.5999999642372131, 0.0, -104.17708587646484, 3.003687264286491
4086, 201.3473663330078, -183.3411407470703, 0.20117168128490448, 0.6499999165534973, 0.0, -103.87821960449219, 3.047013593363208
4087, 201.3376922607422, -183.4090118408203, 0.20180830359458923, 0.7249998450279236, 0.0, -103.56977844238281, 3.0967640955296805
4088, 201.32821655273438, -183.47817993164062, 0.20053507387638092, 0.7749997973442078, 0.0, -103.25652313232422, 3.1532776217076273
4089, 201.31887817382812, -183.54904174804688, 0.20180830359458923, 0.8249997496604919, 0.0, -102.93635559082031, 3.21584531434569
4090, 201.30979919433594, -183.62071228027344, 0.20053507387638092, 0.8749997019767761, 0.0, -102.61351776123047, 3.2835303782872822
4091, 201.30081176757812, -183.69491577148438, 0.20180830359458923, 0.8249997496604919, 0.0, -102.28007507324219, 3.35473089633711
4092, 201.29214477539062, -183.76959228515625, 0.20053507387638092, 0.7749997973442078, 0.0, -101.94561004638672, 3.4237563952732017
4093, 201.28396606445312, -183.8437042236328, 0.20180830359458923, 0.7249998450279236, 0.0, -101.61389923095703, 3.4875367413109686
4094, 201.27552795410156, -183.924560546875, 0.20053507387638092, 0.6749998927116394, 0.0, -101.25276184082031, 3.5511263431234035
4095, 201.26809692382812, -183.9993896484375, 0.20180830359458923, 0.6249999403953552, 0.0, -100.91870880126953, 3.6039166218519587
4096, 201.26052856445312, -184.08058166503906, 0.19989845156669617, 0.550000011920929, 0.0, -100.5568618774414, 3.6542014600864774
4097, 201.2534942626953, -184.16123962402344, 0.20117168128490448, 0.5000000596046448, 0.0, -100.19745635986328, 3.696315997324749
4098, 201.246826171875, -184.24317932128906, 0.19989845156669617, 0.4500000476837158, 0.0, -99.8327407836914, 3.7321242961075884
4099, 201.24078369140625, -184.32418823242188, 0.20117168128490448, 0.40000003576278687, 0.0, -99.47199249267578, 3.7607339995981826
4100, 201.23509216308594, -184.40670776367188, 0.19989845156669617, 0.3500000238418579, 0.0, -99.1045150756836, 3.78354853534627
4101, 201.22959899902344, -184.49517822265625, 0.20117168128490448, 0.30000001192092896, 0.0, -98.71021270751953, 3.800804679200138
4102, 201.2248992919922, -184.57913208007812, 0.19989845156669617, 0.25, 0.0, -98.33588409423828, 3.8109214194245515
4103, 201.22048950195312, -184.6697540283203, 0.20053507387638092, 0.17499998211860657, 0.0, -97.93170928955078, 3.813961936652428
4104, 201.217041015625, -184.75111389160156, 0.20180830359458923, 0.12499997764825821, 0.0, -97.56775665283203, 3.8095343886877444
4105, 201.2141571044922, -184.83245849609375, 0.20053507387638092, 0.07499998062849045, 0.0, -97.20320892333984, 3.7991027503494275
4106, 201.2117462158203, -184.91455078125, 0.20180830359458923, 0.024999981746077538, 0.0, -96.8344497680664, 3.782362878100116
4107, 201.2098388671875, -185.00083923339844, 0.20053507387638092, 0.0, 0.0, -96.44599151611328, 3.7598056689779207
4108, 201.20858764648438, -185.07923889160156, 0.20180830359458923, 0.0, 0.0, -96.09234619140625, 3.7358618757289546
4109, 201.2078094482422, -185.16403198242188, 0.20053507387638092, 0.0, 0.0, -95.70931243896484, 3.708326415630077
4110, 201.2075958251953, -185.246826171875, 0.20180830359458923, 0.0, 0.0, -95.33464813232422, 3.6804097135501626
4111, 201.20790100097656, -185.32827758789062, 0.20053507387638092, 0.0, 0.0, -94.96575927734375, 3.6526632927754226
4112, 201.208740234375, -185.4075164794922, 0.20180830359458923, 0.0, 0.0, -94.60624694824219, 3.6253324245470386
4113, 201.2100372314453, -185.4840850830078, 0.20053507387638092, 0.0, 0.0, -94.25890350341797, 3.598976455061842
4114, 201.21188354492188, -185.5634307861328, 0.20180830359458923, 0.0, 0.0, -93.89834594726562, 3.5714648451883213
4115, 201.21421813964844, -185.64105224609375, 0.20053507387638092, 0.0, 0.0, -93.54546356201172, 3.544666956952385
4116, 201.21701049804688, -185.7187042236328, 0.20117168128490448, 0.0, 0.0, -93.1923599243164, 3.517765896684008
4117, 201.2203826904297, -185.7982635498047, 0.19989845156669617, 0.0, 0.0, -92.83077239990234, 3.490313274002483
4118, 201.22401428222656, -185.87380981445312, 0.1979885846376419, 0.0, 0.0, -92.48841094970703, 3.464350863433332
4119, 201.2282257080078, -185.9522247314453, 0.1967153549194336, 0.0, 0.0, -92.1346206665039, 3.437413831354804
4120, 201.2327423095703, -186.02883911132812, 0.1954421103000641, 0.0, 0.0, -91.79035949707031, 3.4110859851808617
4121, 201.23765563964844, -186.1044158935547, 0.19416888058185577, 0.0, 0.0, -91.45262908935547, 3.385124606396679
4122, 201.24298095703125, -186.17996215820312, 0.19289563596248627, 0.0, 0.0, -91.11676788330078, 3.3591676809761197
4123, 201.24826049804688, -186.2493896484375, 0.19162240624427795, 0.0, 0.0, -90.80961608886719, 3.335310765320287
4124, 201.25401306152344, -186.3207550048828, 0.19034916162490845, 0.0, 0.0, -90.49554443359375, 3.310780703700693
4125, 201.26046752929688, -186.39566040039062, 0.18843930959701538, 0.0, 0.0, -90.16805267333984, 3.2850695642066277
4126, 201.26702880859375, -186.4679412841797, 0.18716606497764587, 0.0, 0.0, -89.85405731201172, 3.2602228481555153
4127, 201.27398681640625, -186.5404052734375, 0.18589282035827637, 0.0, 0.0, -89.541259765625, 3.2352887717194174
4128, 201.28077697753906, -186.60765075683594, 0.18461959064006805, 0.0, 0.0, -89.25274658203125, 3.212150286312305
4129, 201.2884521484375, -186.68020629882812, 0.18334634602069855, 0.0, 0.0, -88.94308471679688, 3.187143004004141
4130, 201.2958984375, -186.74755859375, 0.18207311630249023, 0.0, 0.0, -88.65756225585938, 3.1639396974729217
4131, 201.30380249023438, -186.8162841796875, 0.18079987168312073, 0.0, 0.0, -88.3677978515625, 3.14023771881278
4132, 201.31211853027344, -186.88563537597656, 0.17952664196491241, 0.0, 0.0, -88.07714080810547, 3.116305305549475
4133, 201.32081604003906, -186.95530700683594, 0.1782533973455429, 0.0, 0.0, -87.78682708740234, 3.092240594800194
4134, 201.3295440673828, -187.02288818359375, 0.17634354531764984, 0.0, 0.0, -87.50725555419922, 3.0689355529718982
4135, 201.33804321289062, -187.08680725097656, 0.17507030069828033, 0.0, 0.0, -87.24455261230469, 3.046863334754279
4136, 201.34703063964844, -187.15228271484375, 0.17379705607891083, 0.0, 0.0, -86.97716522216797, 3.024223514491838
4137, 201.35690307617188, -187.2220458984375, 0.17252382636070251, 0.0, 0.0, -86.69429779052734, 3.000085680423286
4138, 201.3665313720703, -187.28805541992188, 0.171250581741333, 0.0, 0.0, -86.42816925048828, 2.9772108775983663
4139, 201.3759765625, -187.3507843017578, 0.1699773520231247, 0.0, 0.0, -86.17705535888672, 2.9554801380760294
4140, 201.3857421875, -187.4140625, 0.1687041074037552, 0.0, 0.0, -85.92522430419922, 2.933542333611711
4141, 201.39620971679688, -187.4800567626953, 0.16743087768554688, 0.0, 0.0, -85.66439056396484, 2.910647197485146
4142, 201.4061279296875, -187.5410919189453, 0.16615763306617737, 0.0, 0.0, -85.424560546875, 2.889457536036119
4143, 201.41680908203125, -187.60528564453125, 0.16488438844680786, 0.0, 0.0, -85.17388916015625, 2.8671516346095256
4144, 201.42788696289062, -187.6703338623047, 0.16361115872859955, 0.0, 0.0, -84.92159271240234, 2.8445306905744445
4145, 201.43849182128906, -187.73126220703125, 0.1617012917995453, 0.0, 0.0, -84.68706512451172, 2.823368868646323
4146, 201.44869995117188, -187.78892517089844, 0.16042806208133698, 0.0, 0.0, -84.46672821044922, 2.8033169339206068
4147, 201.45989990234375, -187.85073852539062, 0.15915481746196747, 0.0, 0.0, -84.2322006225586, 2.78179126274341
4148, 201.4712677001953, -187.91233825683594, 0.15788158774375916, 0.0, 0.0, -84.00029754638672, 2.7603303276597706
4149, 201.48265075683594, -187.97288513183594, 0.15660834312438965, 0.0, 0.0, -83.77384948730469, 2.739207909366831
4150, 201.49351501464844, -188.02940368652344, 0.15533511340618134, 0.0, 0.0, -83.5639877319336, 2.7194885172068903
4151, 201.50497436523438, -188.08819580078125, 0.15406186878681183, 0.0, 0.0, -83.3471908569336, 2.6989570870329893
4152, 201.51683044433594, -188.14810180664062, 0.15215201675891876, 0.0, 0.0, -83.12818908691406, 2.6780629514041787
4153, 201.5283966064453, -188.2053680419922, 0.151515394449234, 0.0, 0.0, -82.92020416259766, 2.6580143321481375
4154, 201.5399932861328, -188.2624053955078, 0.1445125788450241, 0.0, 0.0, -82.71665954589844, 2.6383424409471004
4155, 201.5514678955078, -188.31838989257812, 0.13814638555049896, 0.0, 0.0, -82.52226257324219, 2.619112775317323
4156, 201.56410217285156, -188.3801727294922, 0.12859709560871124, 0.0, 0.0, -82.31700897216797, 2.5980365649884147
4157, 201.5747833251953, -188.4326171875, 0.1222309097647667, 0.0, 0.0, -82.15045166015625, 2.5800845031119644
4158, 201.5863037109375, -188.4892578125, 0.11586471647024155, 0.0, 0.0, -81.97888946533203, 2.560646244562823
4159, 201.59739685058594, -188.5437469482422, 0.1094985231757164, 0.0, 0.0, -81.82198333740234, 2.541909381874083
4160, 201.6088104248047, -188.60009765625, 0.10313233733177185, 0.0, 0.0, -81.66828918457031, 2.5225046661268533
4161, 201.6192169189453, -188.65145874023438, 0.0967661440372467, 0.0, 0.0, -81.5355453491211, 2.5047892594464756
4162, 201.630126953125, -188.70587158203125, 0.09039995074272156, 0.0, 0.0, -81.40312194824219, 2.4860071570989852
4163, 201.6413116455078, -188.7616424560547, 0.08403375744819641, 0.0, 0.0, -81.27606964111328, 2.4667170606400903
4164, 201.65216064453125, -188.81629943847656, 0.07766757160425186, 0.0, 0.0, -81.159912109375, 2.4477786922382077
4165, 201.66197204589844, -188.86585998535156, 0.07130137830972672, 0.0, 0.0, -81.06175994873047, 2.4305964106376394
4166, 201.6727294921875, -188.92076110839844, 0.06493518501520157, 0.0, 0.0, -80.96150207519531, 2.411534053009131
4167, 201.68251037597656, -188.9711151123047, 0.058568984270095825, 0.0, 0.0, -80.877197265625, 2.3940301382959026
4168, 201.6925506591797, -189.02345275878906, 0.04901968687772751, 0.0, 0.0, -80.79878234863281, 2.3758420358879113
4169, 201.70230102539062, -189.074951171875, 0.042653486132621765, 0.0, 0.0, -80.73078155517578, 2.3579044940280025
4170, 201.7122344970703, -189.12838745117188, 0.03628728911280632, 0.0, 0.0, -80.66939544677734, 2.339247141467912
4171, 201.72142028808594, -189.17822265625, 0.029921090230345726, 0.0, 0.0, -80.62017059326172, 2.3218259621518134
4172, 201.7303466796875, -189.2274932861328, 0.023554889485239983, 0.0, 0.0, -80.57916259765625, 2.3045910473422357
4173, 201.73974609375, -189.2801055908203, 0.01718869060277939, 0.0, 0.0, -80.54399871826172, 2.2861570395585793
4174, 201.7480010986328, -189.32725524902344, 0.01718869060277939, 0.0, 0.0, -80.51970672607422, 2.269625154831435
4175, 201.7566680908203, -189.3776397705078, 0.004456296097487211, 0.0, 0.0, -80.50175476074219, 2.251948204369769
4176, 201.7650909423828, -189.42752075195312, -0.0019098592456430197, 0.0, 0.0, -80.49202728271484, 2.2344283330278616
4177, 201.77301025390625, -189.4750518798828, -0.005729577504098415, 0.0, 0.0, -80.48924255371094, 2.2177323118566923
4178, 201.7813262939453, -189.5262908935547, -0.013369014486670494, 0.0, 0.0, -80.49413299560547, 2.199693592598068
4179, 201.78878784179688, -189.5729217529297, -0.01718873344361782, 0.0, 0.0, -80.50487518310547, 2.183300154734402
4180, 201.79620361328125, -189.62005615234375, -0.021008450537919998, 0.0, 0.0, -80.5212173461914, 2.166746174144146
4181, 201.8033905029297, -189.66665649414062, -0.024828169494867325, 0.0, 0.0, -80.54232025146484, 2.1503809671765826
4182, 201.81063842773438, -189.7141876220703, -0.02864788845181465, 0.0, 0.0, -80.56871795654297, 2.1336838216231553
4183, 201.8175811767578, -189.76048278808594, -0.03246760740876198, 0.0, 0.0, -80.59891510009766, 2.1174221743452013
4184, 201.8245086669922, -189.80776977539062, -0.036287322640419006, 0.0, 0.0, -80.63435363769531, 2.100823317476791
4185, 201.83106994628906, -189.85340881347656, -0.040107037872076035, 0.0, 0.0, -80.67283630371094, 2.0848024301986614
4186, 201.83767700195312, -189.90005493164062, -0.041380275040864944, 0.02500000037252903, 0.0, -80.71574401855469, 2.0620486050295894
4187, 201.843994140625, -189.9451141357422, -0.040107037872076035, 0.07500000298023224, 0.0, -80.75859832763672, 2.0484817165730522
4188, 201.85018920898438, -189.98886108398438, -0.03819718211889267, 0.15000000596046448, 0.0, -80.80037689208984, 2.041600170761876
4189, 201.8565216064453, -190.03378295898438, -0.03692394122481346, 0.20000001788139343, 0.0, -80.841552734375, 2.0405424109568844
4190, 201.86279296875, -190.07815551757812, -0.03565070405602455, 0.2500000298023224, 0.0, -80.88233947753906, 2.0450251002240956
4191, 201.8692169189453, -190.12380981445312, -0.03437746688723564, 0.30000004172325134, 0.0, -80.92147827148438, 2.0559719395781686
4192, 201.8754425048828, -190.16806030273438, -0.03310422599315643, 0.3500000536441803, 0.0, -80.95921325683594, 2.0739487036556166
4193, 201.8821258544922, -190.21546936035156, -0.03183098882436752, 0.40000006556510925, 0.0, -80.99700164794922, 2.0982540873062576
4194, 201.888671875, -190.26199340820312, -0.03310422599315643, 0.4500000774860382, 0.0, -81.03427124023438, 2.127494540611267
4195, 201.8952178955078, -190.30923461914062, -0.03692394122481346, 0.5000000596046448, 0.0, -81.07280731201172, 2.1623994346233317
4196, 201.90208435058594, -190.35986328125, -0.04074365645647049, 0.550000011920929, 0.0, -81.1170883178711, 2.2037747247416095
4197, 201.90823364257812, -190.406005859375, -0.04456337168812752, 0.5999999642372131, 0.0, -81.16051483154297, 2.245116546759669
4198, 201.91476440429688, -190.4560089111328, -0.048383086919784546, 0.6499999165534973, 0.0, -81.21116638183594, 2.293680700173456
4199, 201.92144775390625, -190.5085906982422, -0.052202802151441574, 0.6999998688697815, 0.0, -81.26860809326172, 2.348786283264311
4200, 201.92770385742188, -190.55917358398438, -0.05793237313628197, 0.7749997973442078, 0.0, -81.32853698730469, 2.40556301063199
4201, 201.9344024658203, -190.6149444580078, -0.061752088367938995, 0.7249998450279236, 0.0, -81.39982604980469, 2.469753265893833
4202, 201.94093322753906, -190.67068481445312, -0.06557180732488632, 0.6749998927116394, 0.0, -81.47611999511719, 2.530421106024393
4203, 201.94732666015625, -190.72702026367188, -0.07130137830972672, 0.5999999642372131, 0.0, -81.55884552001953, 2.5854896043357853
4204, 201.95362854003906, -190.78460693359375, -0.07512108981609344, 0.550000011920929, 0.0, -81.64913177490234, 2.6345083609816067
4205, 201.96006774902344, -190.84521484375, -0.07894080877304077, 0.5000000596046448, 0.0, -81.74993133544922, 2.678918116516753
4206, 201.9660186767578, -190.90298461914062, -0.08021404594182968, 0.4500000476837158, 0.0, -81.85033416748047, 2.7150683653699326
4207, 201.97210693359375, -190.96343994140625, -0.07894080877304077, 0.40000003576278687, 0.0, -81.95781707763672, 2.746695112699723
4208, 201.97813415527344, -191.0240936279297, -0.07766757160425186, 0.3500000238418579, 0.0, -82.06658172607422, 2.7722726584253534
4209, 201.98416137695312, -191.0856170654297, -0.07639432698488235, 0.30000001192092896, 0.0, -82.17675018310547, 2.792090829040439
4210, 201.99034118652344, -191.149658203125, -0.07512108981609344, 0.3500000238418579, 0.0, -82.29063415527344, 2.8100809785880405
4211, 201.99598693847656, -191.2088165283203, -0.07384785264730453, 0.40000003576278687, 0.0, -82.39484405517578, 2.8287001119203095
4212, 202.00201416015625, -191.27296447753906, -0.07512108981609344, 0.4500000476837158, 0.0, -82.50718688964844, 2.8530190699122064
4213, 202.00767517089844, -191.33499145507812, -0.07894080877304077, 0.5000000596046448, 0.0, -82.61711883544922, 2.8810112301019823
4214, 202.01321411132812, -191.3987579345703, -0.08467037975788116, 0.5250000357627869, 0.0, -82.73365020751953, 2.9137345089931275
4215, 202.01856994628906, -191.46324157714844, -0.0884900912642479, 0.4750000536441803, 0.0, -82.85600280761719, 2.947444798849959
4216, 202.02420043945312, -191.53453063964844, -0.09230981022119522, 0.42500004172325134, 0.0, -82.99700164794922, 2.9810545173635252
4217, 202.02902221679688, -191.59844970703125, -0.09358304738998413, 0.3750000298023224, 0.0, -83.12752532958984, 3.006676573521346
4218, 202.03378295898438, -191.66429138183594, -0.09230981022119522, 0.32500001788139343, 0.0, -83.26426696777344, 3.0278866026643025
4219, 202.03829956054688, -191.72894287109375, -0.09103657305240631, 0.2750000059604645, 0.0, -83.39934539794922, 3.0432361491624014
4220, 202.0428924560547, -191.7960968017578, -0.0897633358836174, 0.22499999403953552, 0.0, -83.53960418701172, 3.0532921221606224
4221, 202.04739379882812, -191.86390686035156, -0.0884900912642479, 0.1499999761581421, 0.0, -83.68057250976562, 3.0565169920269923
4222, 202.0517120361328, -191.9305419921875, -0.08658023923635483, 0.09999997913837433, 0.0, -83.81792449951172, 3.0526607831474615
4223, 202.05593872070312, -191.9969482421875, -0.08530700206756592, 0.04999998211860657, 0.0, -83.95339965820312, 3.0425883060378047
4224, 202.05999755859375, -192.06312561035156, -0.08403375744819641, -1.8253922817734747e-08, 0.0, -84.08699035644531, 3.026629732302133
4225, 202.06393432617188, -192.12890625, -0.0827605202794075, 0.0, 0.0, -84.21815490722656, 3.009838586830741
4226, 202.06781005859375, -192.19540405273438, -0.08148728311061859, 0.0, 0.0, -84.34917449951172, 2.989921317346853
4227, 202.0714874267578, -192.26022338867188, -0.08021404594182968, 0.0, 0.0, -84.47520446777344, 2.96906269365889
4228, 202.07571411132812, -192.337646484375, -0.07830418646335602, 0.0, 0.0, -84.6231689453125, 2.943246061121481
4229, 202.0792694091797, -192.40411376953125, -0.07703094929456711, 0.0, 0.0, -84.74801635742188, 2.9206953043580763
4230, 202.08216857910156, -192.4598846435547, -0.0757577121257782, 0.0, 0.0, -84.85113525390625, 2.901637095535914
4231, 202.0853271484375, -192.52224731445312, -0.07448447495698929, 0.05000000074505806, 0.0, -84.96487426757812, 2.8771356306301397
4232, 202.08848571777344, -192.58729553222656, -0.0757577121257782, 0.10000000149011612, 0.0, -85.08250427246094, 2.85851051793296
4233, 202.09130859375, -192.6492462158203, -0.07957742363214493, 0.15000000596046448, 0.0, -85.19548797607422, 2.846809212582939
4234, 202.093994140625, -192.71319580078125, -0.08339714258909225, 0.20000001788139343, 0.0, -85.31476593017578, 2.8408594439435957
4235, 202.0963592529297, -192.77479553222656, -0.08721685409545898, 0.2500000298023224, 0.0, -85.43303680419922, 2.840854367058257
4236, 202.09849548339844, -192.8373260498047, -0.09103657305240631, 0.30000004172325134, 0.0, -85.55724334716797, 2.8465068093295844
4237, 202.10032653808594, -192.8981170654297, -0.09485628455877304, 0.3500000536441803, 0.0, -85.6823959350586, 2.857306336021706
4238, 202.1018829345703, -192.9587860107422, -0.09867600351572037, 0.40000006556510925, 0.0, -85.8116226196289, 2.873192513319915
4239, 202.10330200195312, -193.0243682861328, -0.1024957150220871, 0.4500000774860382, 0.0, -85.95647430419922, 2.896020202495109
4240, 202.10443115234375, -193.08880615234375, -0.10631543397903442, 0.5000000596046448, 0.0, -86.10389709472656, 2.9237804237947738
4241, 202.105224609375, -193.15391540527344, -0.11204500496387482, 0.574999988079071, 0.0, -86.25865173339844, 2.957130367501284
4242, 202.105712890625, -193.2180938720703, -0.11777457594871521, 0.6499999165534973, 0.0, -86.41746520996094, 2.9961924603206085
4243, 202.10585021972656, -193.2842559814453, -0.12159428745508194, 0.6999998688697815, 0.0, -86.58736419677734, 3.0429538400635305
4244, 202.10569763183594, -193.3514404296875, -0.12541399896144867, 0.7499998211860657, 0.0, -86.76568603515625, 3.095790306852181
4245, 202.10519409179688, -193.4195098876953, -0.129233717918396, 0.7999997735023499, 0.0, -86.95177459716797, 3.153901783937478
4246, 202.1044158935547, -193.48468017578125, -0.13305343687534332, 0.849999725818634, 0.0, -87.13489532470703, 3.213324675391271
4247, 202.1032257080078, -193.5549774169922, -0.13687315583229065, 0.8999996781349182, 0.0, -87.33763122558594, 3.2812248263247596
4248, 202.10179138183594, -193.61959838867188, -0.13878300786018372, 0.9249996542930603, 0.0, -87.52816009521484, 3.3463647227972113
4249, 202.09991455078125, -193.6904296875, -0.14260272681713104, 0.9749996066093445, 0.0, -87.7410888671875, 3.420341414336203
4250, 202.0975799560547, -193.7648162841797, -0.14642244577407837, 1.0249996185302734, 0.0, -87.9697494506836, 3.5003668917898407
4251, 202.09466552734375, -193.84300231933594, -0.1502421498298645, 1.0, 0.0, -88.2154541015625, 3.5854406356711124
4252, 202.09124755859375, -193.92315673828125, -0.15406186878681183, 1.0, 0.0, -88.47305297851562, 3.6722812425723492
4253, 202.08700561523438, -194.0094757080078, -0.15979143977165222, 1.0, 0.0, -88.7576904296875, 3.7642726889232145
4254, 202.08241271972656, -194.09332275390625, -0.15915481746196747, 1.0, 0.0, -89.03931427001953, 3.8526221192138213
4255, 202.0771026611328, -194.1823272705078, -0.15660834312438965, 1.0, 0.0, -89.34038543701172, 3.9449317406311772
4256, 202.07151794433594, -194.26966857910156, -0.15533511340618134, 1.0, 0.0, -89.63603973388672, 4.033702842881013
4257, 202.06546020507812, -194.35836791992188, -0.15406186878681183, 1.0, 0.0, -89.93572235107422, 4.122047621243189
4258, 202.0590057373047, -194.447509765625, -0.15278862416744232, 0.9750000238418579, 0.0, -90.2356185913086, 4.208499805485857
4259, 202.05165100097656, -194.54298400878906, -0.151515394449234, 0.9250000715255737, 0.0, -90.55499267578125, 4.297179030407708
4260, 202.0437774658203, -194.63975524902344, -0.1502421498298645, 0.8750001192092896, 0.0, -90.87677764892578, 4.381814154702331
4261, 202.03536987304688, -194.73782348632812, -0.1489689201116562, 0.8250001668930054, 0.0, -91.20077514648438, 4.46154566472899
4262, 202.02645874023438, -194.8362579345703, -0.14769567549228668, 0.7750002145767212, 0.0, -91.52378845214844, 4.535187688750319
4263, 202.01690673828125, -194.93658447265625, -0.14642244577407837, 0.725000262260437, 0.0, -91.85082244873047, 4.603563828220329
4264, 202.0068359375, -195.0373077392578, -0.14514920115470886, 0.6750003099441528, 0.0, -92.17705535888672, 4.665481745132034
4265, 201.9955291748047, -195.1451873779297, -0.14387595653533936, 0.6250003576278687, 0.0, -92.52420043945312, 4.724430769164948
4266, 201.98452758789062, -195.24513244628906, -0.14260272681713104, 0.5750004053115845, 0.0, -92.84355926513672, 4.772413738237417
4267, 201.97203063964844, -195.3538818359375, -0.14132948219776154, 0.5250004529953003, 0.0, -93.188720703125, 4.817471665550077
4268, 201.95962524414062, -195.45713806152344, -0.14005625247955322, 0.4750004708766937, 0.0, -93.51431274414062, 4.853548705645066
4269, 201.94583129882812, -195.5673828125, -0.13814638555049896, 0.4000004529953003, 0.0, -93.85941314697266, 4.884368874438491
4270, 201.9320068359375, -195.67344665527344, -0.13687315583229065, 0.35000044107437134, 0.0, -94.1888656616211, 4.906184048429167
4271, 201.91696166992188, -195.78433227539062, -0.13559991121292114, 0.3000004291534424, 0.0, -94.53099822998047, 4.921315573947378
4272, 201.9017791748047, -195.8922576904297, -0.13432668149471283, 0.2500004172325134, 0.0, -94.86164093017578, 4.928863736644552
4273, 201.88504028320312, -196.0067138671875, -0.13305343687534332, 0.20000040531158447, 0.0, -95.20989227294922, 4.929393710197352
4274, 201.8693389892578, -196.11041259765625, -0.13178019225597382, 0.15000039339065552, 0.0, -95.52349090576172, 4.923448019120411
4275, 201.85289001464844, -196.21554565429688, -0.1305069625377655, 0.10000038892030716, 0.0, -95.83954620361328, 4.911229146288258
4276, 201.83477783203125, -196.3274383544922, -0.129233717918396, 0.0500003919005394, 0.0, -96.1738510131836, 4.891389157655021
4277, 201.8166961669922, -196.43568420410156, -0.12732386589050293, -0.02499960921704769, 0.0, -96.49504089355469, 4.866295398310125
4278, 201.79888916015625, -196.5391387939453, -0.12732386589050293, -0.02499960921704769, 0.0, -96.79998779296875, 4.837379617091498
4279, 201.7805633544922, -196.6427459716797, -0.12414076924324036, 0.0, 0.0, -97.10310363769531, 4.805312652548899
4280, 201.76145935058594, -196.74778747558594, -0.1235041469335556, 0.0, 0.0, -97.40811157226562, 4.770842047472096
4281, 201.74212646484375, -196.85137939453125, -0.12159428745508194, 0.0, 0.0, -97.70651245117188, 4.735775361812183
4282, 201.7227325439453, -196.95252990722656, -0.12032105028629303, 0.0, 0.0, -97.99542999267578, 4.700884138807289
4283, 201.7030029296875, -197.05311584472656, -0.11904781311750412, 0.0, 0.0, -98.2802734375, 4.665805591826838
4284, 201.68264770507812, -197.15426635742188, -0.11777457594871521, 0.0, 0.0, -98.56417083740234, 4.630295327804217
4285, 201.6615447998047, -197.2567901611328, -0.1165013387799263, 0.0, 0.0, -98.84937286376953, 4.594139383680946
4286, 201.64024353027344, -197.35791015625, -0.11522810161113739, 0.0, 0.0, -99.12812805175781, 4.5583771671819155
4287, 201.61927795410156, -197.455322265625, -0.11395486444234848, 0.0, 0.0, -99.39427185058594, 4.523849813267181
4288, 201.5960693359375, -197.5608673095703, -0.11204500496387482, 0.0, 0.0, -99.67955017089844, 4.486411901746738
4289, 201.5749053955078, -197.65538024902344, -0.11077176779508591, 0.0, 0.0, -99.93232727050781, 4.452832743421952
4290, 201.5546875, -197.74388122558594, -0.1094985231757164, 0.0, 0.0, -100.16678619384766, 4.421353632411704
4291, 201.5329132080078, -197.83761596679688, -0.10822528600692749, 0.0, 0.0, -100.41252899169922, 4.387977695570918
4292, 201.5103302001953, -197.93316650390625, -0.10695204883813858, 0.0, 0.0, -100.66046905517578, 4.353911119893366
4293, 201.48757934570312, -198.0277862548828, -0.10567881166934967, 0.0, 0.0, -100.90350341796875, 4.3201272578304755
4294, 201.46463012695312, -198.1216583251953, -0.10440557450056076, 0.0, 0.0, -101.14203643798828, 4.286582280542537
4295, 201.44171142578125, -198.21388244628906, -0.10313233733177185, 0.0, 0.0, -101.37397003173828, 4.253583327455568
4296, 201.4186248779297, -198.30545043945312, -0.10185910016298294, 0.0, 0.0, -101.60179138183594, 4.220784350037483
4297, 201.3944854736328, -198.3997344970703, -0.10058585554361343, 0.0, 0.0, -101.83385467529297, 4.186971517504955
4298, 201.37185668945312, -198.4869842529297, -0.09867600351572037, 0.0, 0.0, -102.04598236083984, 4.1556925148421495
4299, 201.34927368164062, -198.57281494140625, -0.09740276634693146, 0.0, 0.0, -102.252197265625, 4.124886975159929
4300, 201.32667541503906, -198.65768432617188, -0.09612952172756195, 0.0, 0.0, -102.45378112792969, 4.094426520048227
4301, 201.30259704589844, -198.74703979492188, -0.09485628455877304, 0.0, 0.0, -102.663330078125, 4.062376837336911
4302, 201.27957153320312, -198.8314666748047, -0.09358304738998413, 0.0, 0.0, -102.85892486572266, 4.032095017344896
4303, 201.25564575195312, -198.9181671142578, -0.09230981022119522, 0.0, 0.0, -103.057373046875, 4.000979301891574
4304, 201.23199462890625, -199.0028076171875, -0.09103657305240631, 0.0, 0.0, -103.24872589111328, 3.970579330962015
4305, 201.20877075195312, -199.0850372314453, -0.08912671357393265, 0.07500000298023224, 0.0, -103.43213653564453, 3.942757936974141
4306, 201.18402099609375, -199.171875, -0.08785347640514374, 0.125, 0.0, -103.62284088134766, 3.9184756464079586
4307, 201.1599884033203, -199.25558471679688, -0.08148728311061859, 0.17500001192092896, 0.0, -103.8016128540039, 3.900986532396125
4308, 201.1361846923828, -199.33824157714844, -0.07512108981609344, 0.125, 0.0, -103.97068786621094, 3.886736592440503
4309, 201.1123809814453, -199.42079162597656, -0.0687548965215683, 0.07500000298023224, 0.0, -104.13054656982422, 3.871000082549435
4310, 201.08740234375, -199.5074920654297, -0.06238870322704315, 0.02500000409781933, 0.0, -104.28754425048828, 3.8503517592161374
4311, 201.0638885498047, -199.58917236328125, -0.05602250620722771, -0.02499999664723873, 0.0, -104.42484283447266, 3.827438920399851
4312, 201.04132080078125, -199.66770935058594, -0.049656305462121964, 0.0, 0.0, -104.54643249511719, 3.8034755046095294
4313, 201.01760864257812, -199.75050354003906, -0.04329010844230652, 0.0, 0.0, -104.66287231445312, 3.776096521551779
4314, 200.99563598632812, -199.82765197753906, -0.036923907697200775, 0.0, 0.0, -104.76038360595703, 3.74956965810757
4315, 200.97286987304688, -199.9081573486328, -0.02737460844218731, 0.0, 0.0, -104.84880828857422, 3.7213134613367527
4316, 200.9511260986328, -199.98570251464844, -0.021008409559726715, 0.0, 0.0, -104.9207763671875, 3.693797211527444
4317, 200.92950439453125, -200.06341552734375, -0.014642211608588696, 0.0, 0.0, -104.9801025390625, 3.6660477176276385
4318, 200.907958984375, -200.14161682128906, -0.014642211608588696, 0.0, 0.0, -105.02690124511719, 3.63802153425777
4319, 200.88706970214844, -200.2182159423828, -0.0019098165212199092, 0.0, 0.0, -105.060302734375, 3.610507248233742
4320, 200.86448669433594, -200.30172729492188, 0.0019098592456430197, 0.0, 0.0, -105.08380889892578, 3.580505881325546
4321, 200.84356689453125, -200.37962341308594, 0.005729577504098415, 0.0, 0.0, -105.09539031982422, 3.5525253381894917
4322, 200.82479858398438, -200.4501495361328, 0.009549296461045742, 0.0, 0.0, -105.09791564941406, 3.527205630137991
4323, 200.8048553466797, -200.5257110595703, 0.015278873965144157, 0.0, 0.0, -105.09156799316406, 3.5000293223176135
4324, 200.7850799560547, -200.601318359375, 0.019098592922091484, 0.0, 0.0, -105.07618713378906, 3.4728481217773797
4325, 200.76626586914062, -200.67393493652344, 0.02291831001639366, 0.0, 0.0, -105.05353546142578, 3.4467571324525808
4326, 200.74693298339844, -200.74957275390625, 0.02864788845181465, 0.07500000298023224, 0.0, -105.02108764648438, 3.419150871256803
4327, 200.72900390625, -200.8204803466797, 0.03246760740876198, 0.125, 0.0, -104.98273468017578, 3.399304711409703
4328, 200.71011352539062, -200.8961639404297, 0.036287322640419006, 0.17500001192092896, 0.0, -104.93358612060547, 3.384770142337817
4329, 200.6923828125, -200.9679412841797, 0.040107037872076035, 0.2250000238418579, 0.0, -104.87965393066406, 3.3771461182830174
4330, 200.67347717285156, -201.0456085205078, 0.04392675310373306, 0.27500003576278687, 0.0, -104.81348419189453, 3.375640353659677
4331, 200.656494140625, -201.1161346435547, 0.04774646833539009, 0.3250000476837158, 0.0, -104.74681091308594, 3.3799901709760403
4332, 200.63980102539062, -201.1865234375, 0.05156618356704712, 0.3750000596046448, 0.0, -104.67402648925781, 3.389686847212308
4333, 200.62269592285156, -201.2595977783203, 0.05538589879870415, 0.42500007152557373, 0.0, -104.5918197631836, 3.4053991838817117
4334, 200.60548400878906, -201.33425903320312, 0.059205614030361176, 0.4750000834465027, 0.0, -104.50115203857422, 3.4271490629586125
4335, 200.58917236328125, -201.4060516357422, 0.0630253255367279, 0.5250000357627869, 0.0, -104.40772247314453, 3.4532315198276966
4336, 200.5718536376953, -201.4835968017578, 0.06684504449367523, 0.574999988079071, 0.0, -104.3000717163086, 3.486937932755757
4337, 200.55503845214844, -201.5602569580078, 0.07066475600004196, 0.6249999403953552, 0.0, -104.18701934814453, 3.5255471919812775
4338, 200.5384063720703, -201.63742065429688, 0.07448447495698929, 0.6749998927116394, 0.0, -104.06671905517578, 3.5693808473648425
4339, 200.52218627929688, -201.71421813964844, 0.08021404594182968, 0.7499998211860657, 0.0, -103.94003295898438, 3.617845896994058
4340, 200.50526428222656, -201.79624938964844, 0.08403375744819641, 0.7999997735023499, 0.0, -103.79698181152344, 3.6756913602392967
4341, 200.4884796142578, -201.87942504882812, 0.08785347640514374, 0.849999725818634, 0.0, -103.64453887939453, 3.7397032654187052
4342, 200.47225952148438, -201.96156311035156, 0.09167318791151047, 0.8999996781349182, 0.0, -103.48717498779297, 3.8074370802790574
4343, 200.45628356933594, -202.0443572998047, 0.0954929068684578, 0.9749996066093445, 0.0, -103.32199096679688, 3.879979706601406
4344, 200.4401092529297, -202.1301727294922, 0.09931261837482452, 1.0249996185302734, 0.0, -103.14405059814453, 3.9595272414179883
4345, 200.424072265625, -202.21766662597656, 0.10313233733177185, 1.0, 0.0, -102.95588684082031, 4.042982764719336
4346, 200.4083709716797, -202.30569458007812, 0.10886190831661224, 1.0, 0.0, -102.75924682617188, 4.127246077613649
4347, 200.3925323486328, -202.397216796875, 0.11268161982297897, 1.0, 0.0, -102.5469741821289, 4.214431294353741
4348, 200.3772735595703, -202.48843383789062, 0.11841119825839996, 1.0, 0.0, -102.32737731933594, 4.300093351214496
4349, 200.36141967773438, -202.58665466308594, 0.1222309097647667, 1.0, 0.0, -102.08204650878906, 4.390928648419705
4350, 200.3460693359375, -202.6854705810547, 0.12605062127113342, 1.0, 0.0, -101.82682800292969, 4.4806990453619076
4351, 200.33084106445312, -202.78761291503906, 0.12987034022808075, 1.0, 0.0, -101.55477905273438, 4.571684336933254
4352, 200.31663513183594, -202.8866729736328, 0.13369005918502808, 1.0, 0.0, -101.2834701538086, 4.658189716848016
4353, 200.3019256591797, -202.99423217773438, 0.1375097632408142, 1.0, 0.0, -100.98063659667969, 4.750197711674959
4354, 200.28836059570312, -203.09811401367188, 0.14132948219776154, 1.0, 0.0, -100.68062591552734, 4.837274991232314
4355, 200.2747039794922, -203.20846557617188, 0.14514920115470886, 1.0, 0.0, -100.35376739501953, 4.9278827979185
4356, 200.2622833251953, -203.314697265625, 0.1489689201116562, 1.0, 0.0, -100.03166961669922, 5.013405307791609
4357, 200.25009155273438, -203.42543029785156, 0.15278862416744232, 1.0, 0.0, -99.68804931640625, 5.100888674719944
4358, 200.23727416992188, -203.55093383789062, 0.15851819515228271, 1.0, 0.0, -99.28779602050781, 5.197644118646541
4359, 200.22679138183594, -203.66226196289062, 0.16233791410923004, 1.0, 0.0, -98.9239730834961, 5.2819659296447
4360, 200.2164764404297, -203.78147888183594, 0.16615763306617737, 1.0, 0.0, -98.52545928955078, 5.3705375298169535
4361, 200.20753479003906, -203.8950958251953, 0.1699773520231247, 1.0, 0.0, -98.13750457763672, 5.453470209639965
4362, 200.19886779785156, -204.0182647705078, 0.17379705607891083, 1.0, 0.0, -97.70806884765625, 5.541723503747437
4363, 200.19140625, -204.13766479492188, 0.17761677503585815, 1.0, 0.0, -97.28336334228516, 5.625768475495701
4364, 200.18423461914062, -204.271728515625, 0.18143649399280548, 0.9500000476837158, 0.0, -96.796630859375, 5.717590166980726
4365, 200.1787109375, -204.39605712890625, 0.1852562129497528, 0.9000000953674316, 0.0, -96.33639526367188, 5.798885705094799
4366, 200.17413330078125, -204.5257110595703, 0.18907591700553894, 0.8500001430511475, 0.0, -95.84710693359375, 5.878655509674477
4367, 200.17076110839844, -204.65570068359375, 0.19289563596248627, 0.8000001907348633, 0.0, -95.34735870361328, 5.952839332176004
4368, 200.16859436035156, -204.79324340820312, 0.19862520694732666, 0.725000262260437, 0.0, -94.8072509765625, 6.0239392314480575
4369, 200.16783142089844, -204.9202423095703, 0.19989845156669617, 0.6750003099441528, 0.0, -94.2995376586914, 6.082889057604262
4370, 200.1683349609375, -205.0568084716797, 0.20117168128490448, 0.6250003576278687, 0.0, -93.7452392578125, 6.139093548362528
4371, 200.170166015625, -205.19544982910156, 0.19989845156669617, 0.5750004053115845, 0.0, -93.17606353759766, 6.188945839240417
4372, 200.17327880859375, -205.33128356933594, 0.19862520694732666, 0.5250004529953003, 0.0, -92.61425018310547, 6.230649495704073
4373, 200.17784118652344, -205.47296142578125, 0.1967153549194336, 0.45000046491622925, 0.0, -92.02617645263672, 6.266332845781525
4374, 200.1833038330078, -205.60479736328125, 0.19607873260974884, 0.4000004529953003, 0.0, -91.4776840209961, 6.291546148198098
4375, 200.1902618408203, -205.74374389648438, 0.19416888058185577, 0.35000044107437134, 0.0, -90.89957427978516, 6.31046050333994
4376, 200.19931030273438, -205.89418029785156, 0.19289563596248627, 0.3000004291534424, 0.0, -90.27418518066406, 6.322235522439474
4377, 200.20838928222656, -206.02532958984375, 0.19162240624427795, 0.2500004172325134, 0.0, -89.72985076904297, 6.325263429066374
4378, 200.21929931640625, -206.1640625, 0.19034916162490845, 0.20000040531158447, 0.0, -89.15524291992188, 6.321393643221497
4379, 200.23141479492188, -206.30206298828125, 0.18907591700553894, 0.15000039339065552, 0.0, -88.58478546142578, 6.31046939606873
4380, 200.2447052001953, -206.4386444091797, 0.18780268728733063, 0.10000038892030716, 0.0, -88.021728515625, 6.292668752631621
4381, 200.259521484375, -206.57760620117188, 0.18589282035827637, 0.02500039152801037, 0.0, -87.45062255859375, 6.267541634238027
4382, 200.2763214111328, -206.72169494628906, 0.18461959064006805, -0.02499960921704769, 0.0, -86.86032104492188, 6.23335590745051
4383, 200.29302978515625, -206.85435485839844, 0.18334634602069855, 0.0, 0.0, -86.31871795654297, 6.198300628660904
4384, 200.31158447265625, -206.9916534423828, 0.18207311630249023, 0.0, 0.0, -85.75957489013672, 6.154860847724001
4385, 200.3311309814453, -207.12701416015625, 0.18079987168312073, 0.0, 0.0, -85.2093505859375, 6.113381016678557
4386, 200.35069274902344, -207.25469970703125, 0.17952664196491241, 0.0, 0.0, -84.69039154052734, 6.067447000221101
4387, 200.3725128173828, -207.38890075683594, 0.1782533973455429, 0.0, 0.0, -84.1464614868164, 6.025000696790851
4388, 200.3951873779297, -207.52099609375, 0.1769801527261734, 0.0, 0.0, -83.61199951171875, 5.974781530769547
4389, 200.4181365966797, -207.64797973632812, 0.1757069230079651, 0.0, 0.0, -83.09964752197266, 5.93475805320989
4390, 200.44317626953125, -207.77992248535156, 0.1757069230079651, 0.0, 0.0, -82.5693359375, 5.883465430743861
4391, 200.4683380126953, -207.90628051757812, 0.17316044867038727, 0.0, 0.0, -82.06285095214844, 5.843468683430872
4392, 200.49424743652344, -208.03103637695312, 0.17316044867038727, 0.0, 0.0, -81.56523132324219, 5.794247097704197
4393, 200.5217742919922, -208.15786743164062, 0.1699773520231247, 0.0, 0.0, -81.06144714355469, 5.753792386627726
4394, 200.54933166503906, -208.28013610839844, 0.16806748509407043, 0.05000000074505806, 0.0, -80.57865142822266, 5.705864056574215
4395, 200.5778350830078, -208.40185546875, 0.16679425537586212, 0.10000000149011612, 0.0, -80.10086822509766, 5.670793815626672
4396, 200.60714721679688, -208.52276611328125, 0.16552101075649261, 0.15000000596046448, 0.0, -79.62953186035156, 5.628739496853336
4397, 200.6372833251953, -208.64312744140625, 0.15915481746196747, 0.20000001788139343, 0.0, -79.16537475585938, 5.601922667320568
4398, 200.6669921875, -208.7585906982422, 0.15278862416744232, 0.20000001788139343, 0.0, -78.72808837890625, 5.570568928436711
4399, 200.6983184814453, -208.87738037109375, 0.14642244577407837, 0.15000000596046448, 0.0, -78.2883071899414, 5.551455718235822
4400, 200.73019409179688, -208.9957733154297, 0.14005625247955322, 0.10000000149011612, 0.0, -77.86180877685547, 5.5197150343180565
4401, 200.76150512695312, -209.1096649169922, 0.13369005918502808, 0.05000000447034836, 0.0, -77.46336364746094, 5.50014382782589
4402, 200.7942657470703, -209.2268524169922, 0.12732386589050293, 4.0978194171259474e-09, 0.0, -77.06712341308594, 5.464443296533532
4403, 200.82708740234375, -209.34207153320312, 0.12095767259597778, 0.0, 0.0, -76.6908187866211, 5.436746723624042
4404, 200.85987854003906, -209.45565795898438, 0.11459147930145264, 0.0, 0.0, -76.33377838134766, 5.393930550819328
4405, 200.89273071289062, -209.56773376464844, 0.10822528600692749, 0.0, 0.0, -75.99539947509766, 5.363920713332912
4406, 200.92648315429688, -209.68153381347656, 0.10185910016298294, 0.0, 0.0, -75.66688537597656, 5.3174419840770035
4407, 200.95950317382812, -209.79161071777344, 0.0954929068684578, 0.0, 0.0, -75.36360931396484, 5.286186742938781
4408, 200.9938201904297, -209.90475463867188, 0.08912671357393265, 0.0, 0.0, -75.06765747070312, 5.237352138544855
4409, 201.0269317626953, -210.01304626464844, 0.07957742363214493, 0.0, 0.0, -74.80072021484375, 5.2059067586819
4410, 201.06118774414062, -210.12451171875, 0.07321123778820038, 0.0, 0.0, -74.54356384277344, 5.1560897233834435
4411, 201.09559631347656, -210.2357635498047, 0.06684504449367523, 0.0, 0.0, -74.30426788330078, 5.121740416934679
4412, 201.12966918945312, -210.34536743164062, 0.06047884374856949, 0.0, 0.0, -74.08548736572266, 5.069473703718828
4413, 201.1614227294922, -210.44700622558594, 0.054112643003463745, 0.0, 0.0, -74.08548736572266, 5.041248224584432
4414, 201.1949920654297, -210.554443359375, 0.04456334561109543, 0.02500000037252903, 0.0, -73.71768951416016, 4.994204880377618
4415, 201.2271270751953, -210.6571807861328, 0.038197144865989685, 0.07500000298023224, 0.0, -73.56383514404297, 4.973294589353288
4416, 201.2620391845703, -210.76878356933594, 0.03183094784617424, 0.125, 0.0, -73.41777038574219, 4.9473659834346195
4417, 201.293212890625, -210.8684844970703, 0.025464747101068497, 0.17500001192092896, 0.0, -73.30442810058594, 4.926357620979597
4418, 201.32418823242188, -210.96778869628906, 0.019098548218607903, 0.2250000238418579, 0.0, -73.20771026611328, 4.909143525765592
4419, 201.35577392578125, -211.06942749023438, 0.012732351198792458, 0.27500003576278687, 0.0, -73.12540435791016, 4.896454264823124
4420, 201.38597106933594, -211.1669464111328, 0.006366153713315725, 0.3250000476837158, 0.0, -73.06193542480469, 4.88953239380933
4421, 201.4158477783203, -211.2641143798828, 0.0, 0.3750000596046448, 0.0, -73.01380157470703, 4.888108382565458
4422, 201.44607543945312, -211.36288452148438, -0.0038197184912860394, 0.42500007152557373, 0.0, -72.97933959960938, 4.892495140767597
4423, 201.47621154785156, -211.4619140625, -0.007639436982572079, 0.4750000834465027, 0.0, -72.95777893066406, 4.90274664990828
4424, 201.50564575195312, -211.5591583251953, -0.01145915500819683, 0.5250000357627869, 0.0, -72.94821166992188, 4.918401579897993
4425, 201.53614807128906, -211.66058349609375, -0.015278873965144157, 0.574999988079071, 0.0, -72.9497299194336, 4.940525448922602
4426, 201.56735229492188, -211.76507568359375, -0.019098592922091484, 0.6249999403953552, 0.0, -72.96260833740234, 4.969310733413507
4427, 201.59844970703125, -211.86985778808594, -0.02291831001639366, 0.6749998927116394, 0.0, -72.98632049560547, 5.003986061363216
4428, 201.62950134277344, -211.97540283203125, -0.026738028973340988, 0.7249998450279236, 0.0, -73.02079772949219, 5.043971216163904
4429, 201.6603240966797, -212.08102416992188, -0.030557747930288315, 0.7749997973442078, 0.0, -73.06537628173828, 5.089570430200549
4430, 201.69178771972656, -212.18991088867188, -0.03437746688723564, 0.8249997496604919, 0.0, -73.12149047851562, 5.141995377139285
4431, 201.72161865234375, -212.29412841796875, -0.03819718211889267, 0.8749997019767761, 0.0, -73.18421936035156, 5.19718827871238
4432, 201.7522430419922, -212.4022674560547, -0.0420168936252594, 0.9249996542930603, 0.0, -73.25858306884766, 5.259142385224941
4433, 201.78250122070312, -212.51014709472656, -0.04583660885691643, 0.9749996066093445, 0.0, -73.34180450439453, 5.325728612452428
4434, 201.81082153320312, -212.61251831054688, -0.05156618356704712, 1.0, 0.0, -73.43035125732422, 5.392238824311608
4435, 201.84202575683594, -212.72653198242188, -0.053476039320230484, 1.0, 0.0, -73.53776550292969, 5.4697611611917525
4436, 201.87144470214844, -212.83534240722656, -0.05729575455188751, 1.0, 0.0, -73.6485366821289, 5.545452019625136
4437, 201.90228271484375, -212.9511260986328, -0.06111546978354454, 1.0, 0.0, -73.77558135986328, 5.626441952968605
4438, 201.9340362548828, -213.07228088378906, -0.06684504449367523, 1.0, 0.0, -73.91912841796875, 5.711016306724346
4439, 201.96612548828125, -213.19683837890625, -0.07066475600004196, 1.0, 0.0, -74.07786560058594, 5.797477985994114
4440, 201.99757385253906, -213.32093811035156, -0.07257461547851562, 1.0, 0.0, -74.24579620361328, 5.883052420635804
4441, 202.02859497070312, -213.44558715820312, -0.07830418646335602, 1.0, 0.0, -74.42456817626953, 5.967786945689594
4442, 202.06092834472656, -213.57826232910156, -0.08403375744819641, 1.0, 0.0, -74.62706756591797, 6.056616085708659
4443, 202.09201049804688, -213.7087860107422, -0.08785347640514374, 1.0, 0.0, -74.83806610107422, 6.142853952850114
4444, 202.1222381591797, -213.83856201171875, -0.09167318791151047, 0.9500000476837158, 0.0, -75.05870819091797, 6.226727931517402
4445, 202.1527557373047, -213.97274780273438, -0.0954929068684578, 0.9000000953674316, 0.0, -75.29801940917969, 6.309924809189102
4446, 202.1834259033203, -214.11094665527344, -0.0967661440372467, 0.8500001430511475, 0.0, -75.55470275878906, 6.391069005198303
4447, 202.21250915527344, -214.244873046875, -0.0954929068684578, 0.8000001907348633, 0.0, -75.810546875, 6.464777598892807
4448, 202.242919921875, -214.38812255859375, -0.09421966969966888, 0.7500002384185791, 0.0, -76.08914947509766, 6.537577115470469
4449, 202.2722930908203, -214.52935791015625, -0.09294642508029938, 0.7000002861022949, 0.0, -76.36686706542969, 6.602830772302648
4450, 202.30126953125, -214.67156982421875, -0.09167318791151047, 0.6500003337860107, 0.0, -76.64795684814453, 6.6617852884726725
4451, 202.3300323486328, -214.81585693359375, -0.09039995074272156, 0.6000003814697266, 0.0, -76.93343353271484, 6.714531911155206
4452, 202.35891723632812, -214.96389770507812, -0.08912671357393265, 0.5500004291534424, 0.0, -77.22573852539062, 6.761207532800652
4453, 202.38650512695312, -215.10842895507812, -0.08785347640514374, 0.5000004768371582, 0.0, -77.50992584228516, 6.799481667726821
4454, 202.41407775878906, -215.25648498535156, -0.08658023923635483, 0.45000046491622925, 0.0, -77.79913330078125, 6.831275668889008
4455, 202.44065856933594, -215.40252685546875, -0.08530700206756592, 0.4000004529953003, 0.0, -78.08224487304688, 6.855293516411486
4456, 202.46734619140625, -215.5528106689453, -0.08403375744819641, 0.35000044107437134, 0.0, -78.37097930908203, 6.872468410655824
4457, 202.49058532714844, -215.68698120117188, -0.0827605202794075, 0.3000004291534424, 0.0, -78.62612915039062, 6.88175346138263
4458, 202.51364135742188, -215.82302856445312, -0.08148728311061859, 0.2500004172325134, 0.0, -78.8824691772461, 6.884280827083593
4459, 202.5369110107422, -215.9636993408203, -0.08021404594182968, 0.20000040531158447, 0.0, -79.144775390625, 6.880243063616494
4460, 202.5611114501953, -216.11390686035156, -0.07894080877304077, 0.15000039339065552, 0.0, -79.42156982421875, 6.868585318986598
4461, 202.5832977294922, -216.2552490234375, -0.07703094929456711, 0.07500039041042328, 0.0, -79.67878723144531, 6.850471755648572
4462, 202.60650634765625, -216.4069061279297, -0.07639432698488235, 0.02500039152801037, 0.0, -79.95133209228516, 6.8228410945433975
4463, 202.6284942626953, -216.55491638183594, -0.07448447495698929, -0.02499960921704769, 0.0, -80.21387481689453, 6.788919325475573
4464, 202.6501922607422, -216.70501708984375, -0.07321123778820038, 0.0, 0.0, -80.47645568847656, 6.748957855652087
4465, 202.6697998046875, -216.84446716308594, -0.07193799316883087, 0.0, 0.0, -80.71704864501953, 6.708103626811634
4466, 202.6898956298828, -216.9916229248047, -0.0700281411409378, 0.0, 0.0, -80.967041015625, 6.66245550740364
4467, 202.70872497558594, -217.13331604003906, -0.0687548965215683, 0.0, 0.0, -81.20384979248047, 6.616755342050478
4468, 202.72769165039062, -217.2803497314453, -0.06748165935277939, 0.0, 0.0, -81.44548034667969, 6.568131814322488
4469, 202.74563598632812, -217.4237518310547, -0.06620842218399048, 0.0, 0.0, -81.67701721191406, 6.51991306417077
4470, 202.76210021972656, -217.55902099609375, -0.06493518501520157, 0.0, 0.0, -81.89181518554688, 6.473952393269485
4471, 202.77854919433594, -217.69810485839844, -0.06366194784641266, 0.0, 0.0, -82.10874938964844, 6.426365169256063
4472, 202.79425048828125, -217.8352508544922, -0.06238870695233345, 0.0, 0.0, -82.31875610351562, 6.379235506922085
4473, 202.80931091308594, -217.970703125, -0.06111546978354454, 0.0, 0.0, -82.52238464355469, 6.332539172639975
4474, 202.82302856445312, -218.0972442626953, -0.05984223261475563, 0.0, 0.0, -82.70915222167969, 6.2888469596416945
4475, 202.83595275878906, -218.22036743164062, -0.059205614030361176, 0.0, 0.0, -82.88755798339844, 6.24623669403578
4476, 202.8494110107422, -218.3519287109375, -0.05793237313628197, 0.0, 0.0, -83.07505798339844, 6.200680202385046
4477, 202.86273193359375, -218.4862518310547, -0.0560225173830986, 0.0, 0.0, -83.26243591308594, 6.154253414434458
4478, 202.875, -218.6133575439453, -0.05474928021430969, 0.0, 0.0, -83.43612670898438, 6.110161652767248
4479, 202.88702392578125, -218.74221801757812, -0.05665913596749306, 0.0, 0.0, -83.60954284667969, 6.065603815559395
4480, 202.89881896972656, -218.87388610839844, -0.060478851199150085, 0.0, 0.0, -83.78719329833984, 6.019481848111701
4481, 202.90994262695312, -219.00469970703125, -0.06620842218399048, 0.0, 0.0, -83.9664306640625, 5.974537012147492
4482, 202.92019653320312, -219.13206481933594, -0.0700281411409378, 0.0, 0.0, -84.14774322509766, 5.929058295866797
4483, 202.9298553466797, -219.25991821289062, -0.07066475600004196, 0.0, 0.0, -84.33296966552734, 5.884425654107429
4484, 202.9387664794922, -219.38385009765625, -0.06939151883125305, 0.0, 0.0, -84.51883697509766, 5.839812824386021
4485, 202.94740295410156, -219.51048278808594, -0.06811828166246414, 0.0, 0.0, -84.70842742919922, 5.795603051960576
4486, 202.9556427001953, -219.6370849609375, -0.06684504449367523, 0.0, 0.0, -84.90138244628906, 5.749721509496403
4487, 202.9630889892578, -219.75698852539062, -0.06557180732488632, 0.0, 0.0, -85.08226013183594, 5.708802835913639
4488, 202.96986389160156, -219.87118530273438, -0.06429856270551682, 0.0, 0.0, -85.25535583496094, 5.6687892209590105
4489, 202.9762725830078, -219.98480224609375, -0.06366194784641266, 0.0, 0.0, -85.42546844482422, 5.631357899711956
4490, 202.98248291015625, -220.0998992919922, -0.06238870695233345, 0.0, 0.0, -85.59776306152344, 5.590918466671467
4491, 202.98851013183594, -220.21688842773438, -0.06111546978354454, 0.0, 0.0, -85.77010345458984, 5.551447018073047
4492, 202.994384765625, -220.3372039794922, -0.05984223261475563, 0.0, 0.0, -85.94701385498047, 5.50777854054077
4493, 202.9999237060547, -220.4557342529297, -0.05793237313628197, 0.0, 0.0, -86.11754608154297, 5.466100675538035
4494, 203.0050811767578, -220.57144165039062, -0.05411265417933464, 0.0, 0.0, -86.28191375732422, 5.424172209109876
4495, 203.01007080078125, -220.68875122070312, -0.05092955753207207, 0.0, 0.0, -86.44195556640625, 5.382805244907824
4496, 203.0152130126953, -220.81134033203125, -0.04138025641441345, 0.0, 0.0, -86.60199737548828, 5.336177862475808
4497, 203.01976013183594, -220.92120361328125, -0.03819715604186058, 0.0, 0.0, -86.73477935791016, 5.297441557497357
4498, 203.0247039794922, -221.0389862060547, -0.028647858649492264, 0.0, 0.0, -86.8663330078125, 5.254742794039389
4499, 203.02911376953125, -221.1442108154297, -0.025464758276939392, 0.0, 0.0, -86.97122192382812, 5.218432020836681
4500, 203.03350830078125, -221.24742126464844, -0.019098559394478798, 0.0, 0.0, -87.06175994873047, 5.176043191949252
4501, 203.0380859375, -221.35235595703125, -0.012732362374663353, 0.02500000037252903, 0.0, -87.1455078125, 5.134626148372467
4502, 203.04299926757812, -221.46249389648438, -0.006366164889186621, 0.07500000298023224, 0.0, -87.21658325195312, 5.101965132702854
4503, 203.0480194091797, -221.57151794433594, -0.004456306342035532, 0.15000000596046448, 0.0, -87.27519989013672, 5.068086071292244
4504, 203.05323791503906, -221.6843719482422, -0.0031830663792788982, 0.15000000596046448, 0.0, -87.32207489013672, 5.034627014110169
4505, 203.0584259033203, -221.79554748535156, 0.0, 0.2250000238418579, 0.0, -87.35989379882812, 5.0035870120703825
4506, 203.06353759765625, -221.9041748046875, 0.0, 0.27500003576278687, 0.0, -87.3861083984375, 4.9938317730133805
4507, 203.0685272216797, -222.01187133789062, 0.0, 0.2250000238418579, 0.0, -87.406005859375, 4.994120315142171
4508, 203.07354736328125, -222.12054443359375, 0.0, 0.17500001192092896, 0.0, -87.42069244384766, 4.989259808721014
4509, 203.07861328125, -222.23068237304688, 0.0, 0.125, 0.0, -87.43160247802734, 4.978574394622838
4510, 203.08360290527344, -222.34071350097656, 0.0, 0.07500000298023224, 0.0, -87.43963623046875, 4.96186628817365
4511, 203.08840942382812, -222.44630432128906, 0.0, 0.02500000409781933, 0.0, -87.44542694091797, 4.939992147860476
4512, 203.09339904785156, -222.5565948486328, 0.0, -0.02499999664723873, 0.0, -87.45004272460938, 4.9121733797754805
4513, 203.0979766845703, -222.65870666503906, 0.0, 0.0, 0.0, -87.45333862304688, 4.882670032766147
4514, 203.10247802734375, -222.75875854492188, 0.0, 0.0, 0.0, -87.45587158203125, 4.851409483347906
4515, 203.1068115234375, -222.85562133789062, 0.0, 0.02500000037252903, 0.0, -87.4578857421875, 4.820811296025676
4516, 203.11122131347656, -222.95445251464844, 0.0, 0.07500000298023224, 0.0, -87.45955657958984, 4.7905495884220635
4517, 203.11573791503906, -223.05628967285156, 0.0, 0.125, 0.0, -87.46100616455078, 4.7624976120759746
4518, 203.1204071044922, -223.16119384765625, 0.0, 0.17500001192092896, 0.0, -87.46219635009766, 4.738341089196899
4519, 203.1246795654297, -223.2574005126953, 0.0, 0.2250000238418579, 0.0, -87.4631118774414, 4.721120890374948
4520, 203.12921142578125, -223.35948181152344, 0.0, 0.27500003576278687, 0.0, -87.46385955810547, 4.708603467820909
4521, 203.13385009765625, -223.46389770507812, 0.0, 0.3250000476837158, 0.0, -87.46443176269531, 4.7022261301862285
4522, 203.13824462890625, -223.56259155273438, 0.0, 0.3750000596046448, 0.0, -87.46487426757812, 4.702197503442082
4523, 203.142822265625, -223.66636657714844, 0.0, 0.3750000596046448, 0.0, -87.46513366699219, 4.707171137795848
4524, 203.14752197265625, -223.77203369140625, 0.0, 0.3250000476837158, 0.0, -87.46533203125, 4.713791596269349
4525, 203.15191650390625, -223.87120056152344, 0.0, 0.27500003576278687, 0.0, -87.46541595458984, 4.718240839684639
4526, 203.1561279296875, -223.96600341796875, 0.0, 0.2250000238418579, 0.0, -87.46546173095703, 4.719151672689459
4527, 203.16015625, -224.05715942382812, 0.0, 0.17500001192092896, 0.0, -87.46549224853516, 4.716041682797662
4528, 203.16436767578125, -224.15208435058594, 0.0, 0.125, 0.0, -87.46553802490234, 4.707807373174658
4529, 203.16880798339844, -224.25213623046875, 0.0, 0.07500000298023224, 0.0, -87.46562957763672, 4.693440409222667
4530, 203.17320251464844, -224.3509521484375, 0.0, 0.02500000409781933, 0.0, -87.46582794189453, 4.673396818478036
4531, 203.17782592773438, -224.45578002929688, 0.0, 0.0, 0.0, -87.466064453125, 4.645946236883326
4532, 203.18209838867188, -224.5523223876953, 0.0, 0.0, 0.0, -87.46636962890625, 4.617059769807217
4533, 203.1864776611328, -224.65103149414062, 0.0, 0.0, 0.0, -87.46675872802734, 4.585470550760107
4534, 203.19064331054688, -224.7444610595703, 0.0, 0.02500000037252903, 0.0, -87.46717834472656, 4.555512108463993
4535, 203.19468688964844, -224.8355255126953, 0.0, 0.05000000074505806, 0.0, -87.4676513671875, 4.527022170845711
4536, 203.19873046875, -224.9270477294922, 0.0, 0.10000000149011612, 0.0, -87.46810913085938, 4.500478994103049
4537, 203.20277404785156, -225.01841735839844, 0.0, 0.15000000596046448, 0.0, -87.46853637695312, 4.477637204490555
4538, 203.20697021484375, -225.11309814453125, 0.0, 0.20000001788139343, 0.0, -87.46898651123047, 4.458900122829836
4539, 203.2112274169922, -225.2092742919922, 0.0, 0.2500000298023224, 0.0, -87.4693603515625, 4.445609558039682
4540, 203.21556091308594, -225.3069610595703, 0.0, 0.30000004172325134, 0.0, -87.46969604492188, 4.4383259401759405
4541, 203.21966552734375, -225.4000701904297, 0.0, 0.3500000536441803, 0.0, -87.46990203857422, 4.437287119211229
4542, 203.22390747070312, -225.49623107910156, 0.0, 0.40000006556510925, 0.0, -87.47005462646484, 4.442270147006922
4543, 203.2279510498047, -225.58761596679688, 0.0, 0.4500000774860382, 0.0, -87.4701156616211, 4.452563461842288
4544, 203.2318572998047, -225.67636108398438, 0.0, 0.5000000596046448, 0.0, -87.47008514404297, 4.467683544380158
4545, 203.2357635498047, -225.7649688720703, 0.0, 0.5000000596046448, 0.0, -87.46997833251953, 4.486932287930129
4546, 203.2399139404297, -225.85931396484375, 0.0, 0.4500000476837158, 0.0, -87.46975708007812, 4.508811750159693
4547, 203.24441528320312, -225.9608154296875, 0.0, 0.40000003576278687, 0.0, -87.46949005126953, 4.53040000761079
4548, 203.2487030029297, -226.05819702148438, 0.0, 0.3500000238418579, 0.0, -87.46916961669922, 4.547398819258499
4549, 203.2530975341797, -226.1572265625, 0.0, 0.30000001192092896, 0.0, -87.46886444091797, 4.55983952677446
4550, 203.25729370117188, -226.25259399414062, 0.0, 0.30000001192092896, 0.0, -87.46862030029297, 4.55983952677446
4551, 203.2616424560547, -226.35015869140625, 0.0, 0.19999998807907104, 0.0, -87.46842193603516, 4.5677839721320455
4552, 203.2660369873047, -226.44911193847656, 0.0, 0.1499999761581421, 0.0, -87.46826171875, 4.5628804188694865
4553, 203.2701873779297, -226.54347229003906, 0.0, 0.09999997913837433, 0.0, -87.46820068359375, 4.552470523464647
4554, 203.27413940429688, -226.6326904296875, 0.0, 0.04999998211860657, 0.0, -87.46820068359375, 4.537488713526391
4555, 203.27806091308594, -226.72146606445312, 0.0, 0.04999998211860657, 0.0, -87.46834564208984, 4.518351230386249
4556, 203.2825164794922, -226.8220672607422, 0.0, 0.09999997913837433, 0.0, -87.46856689453125, 4.495012227419723
4557, 203.28672790527344, -226.91796875, 0.0, 0.17499998211860657, 0.0, -87.4687728881836, 4.474731723848681
4558, 203.29104614257812, -227.01535034179688, 0.0, 0.22499999403953552, 0.0, -87.46905517578125, 4.459055033045289
4559, 203.29515075683594, -227.10853576660156, 0.0, 0.2750000059604645, 0.0, -87.46930694580078, 4.449396120815038
4560, 203.2994842529297, -227.20655822753906, 0.0, 0.32500001788139343, 0.0, -87.46951293945312, 4.445298167900453
4561, 203.3037109375, -227.3026123046875, 0.0, 0.3750000298023224, 0.0, -87.4696273803711, 4.447386663721585
4562, 203.307861328125, -227.39700317382812, 0.0, 0.42500004172325134, 0.0, -87.46968841552734, 4.4552315775789095
4563, 203.31173706054688, -227.4848175048828, 0.0, 0.4750000536441803, 0.0, -87.46968841552734, 4.4676143054200015
4564, 203.31588745117188, -227.5785369873047, 0.0, 0.5250000357627869, 0.0, -87.46952819824219, 4.486423860333401
4565, 203.3199005126953, -227.66937255859375, 0.0, 0.574999988079071, 0.0, -87.46936798095703, 4.5098428306869325
4566, 203.3240509033203, -227.76385498046875, 0.0, 0.6249999403953552, 0.0, -87.46905517578125, 4.539528058919361
4567, 203.3283233642578, -227.8603515625, 0.0, 0.6749998927116394, 0.0, -87.46865844726562, 4.57526770114269
4568, 203.3328399658203, -227.96278381347656, 0.0, 0.7249998450279236, 0.0, -87.4681396484375, 4.618934752780728
4569, 203.33726501464844, -228.06272888183594, 0.0, 0.6749998927116394, 0.0, -87.4675064086914, 4.664715153490551
4570, 203.34153747558594, -228.1599884033203, 0.0, 0.6499999165534973, 0.0, -87.46685028076172, 4.709155588437309
4571, 203.34576416015625, -228.25506591796875, 0.0, 0.574999988079071, 0.0, -87.46620178222656, 4.7503997871354935
4572, 203.3505096435547, -228.3623046875, 0.0, 0.5250000357627869, 0.0, -87.46533203125, 4.791934246305057
4573, 203.35476684570312, -228.45863342285156, 0.0, 0.4750000536441803, 0.0, -87.46461486816406, 4.824222829489199
4574, 203.3589630126953, -228.55352783203125, 0.0, 0.42500004172325134, 0.0, -87.46395874023438, 4.85107110291056
4575, 203.36343383789062, -228.6547088623047, 0.0, 0.3750000298023224, 0.0, -87.46331024169922, 4.873739962710281
4576, 203.3680419921875, -228.75929260253906, 0.0, 0.32500001788139343, 0.0, -87.46271514892578, 4.890769882125551
4577, 203.37258911132812, -228.8618927001953, 0.0, 0.2750000059604645, 0.0, -87.46219635009766, 4.901162215958832
4578, 203.3772735595703, -228.96751403808594, 0.0, 0.22499999403953552, 0.0, -87.46178436279297, 4.905333669990194
4579, 203.3816680908203, -229.0668487548828, 0.0, 0.17499998211860657, 0.0, -87.46147918701172, 4.903229133513368
4580, 203.38636779785156, -229.1728515625, 0.0, 0.12499997764825821, 0.0, -87.46131134033203, 4.894590025530664
4581, 203.39064025878906, -229.26998901367188, 0.0, 0.07499998062849045, 0.0, -87.46121978759766, 4.88108905384455
4582, 203.39508056640625, -229.36990356445312, 0.0, 0.024999981746077538, 0.0, -87.46123504638672, 4.861306084244044
4583, 203.3993682861328, -229.46652221679688, 0.0, 0.0, 0.0, -87.46136474609375, 4.836827667916679
4584, 203.404052734375, -229.572265625, 0.0, 0.0, 0.0, -87.46161651611328, 4.805899462482188
4585, 203.40863037109375, -229.67515563964844, 0.0, 0.0, 0.0, -87.4619369506836, 4.773419887729901
4586, 203.41314697265625, -229.77658081054688, 0.0, 0.02500000037252903, 0.0, -87.46234130859375, 4.741149966273606
4587, 203.4176483154297, -229.8783721923828, 0.0, 0.07500000298023224, 0.0, -87.46282958984375, 4.709955099905932
4588, 203.42233276367188, -229.983642578125, 0.0, 0.125, 0.0, -87.46334075927734, 4.681234286268874
4589, 203.42681884765625, -230.08477783203125, 0.0, 0.20000001788139343, 0.0, -87.46379852294922, 4.65859041668139
4590, 203.43075561523438, -230.1739044189453, 0.0, 0.2500000298023224, 0.0, -87.46419525146484, 4.644058728728336
4591, 203.434814453125, -230.26600646972656, 0.0, 0.27500003576278687, 0.0, -87.46454620361328, 4.634267350516253
4592, 203.43898010253906, -230.35972595214844, 0.0, 0.3250000476837158, 0.0, -87.46485137939453, 4.629375506511011
4593, 203.4431915283203, -230.45516967773438, 0.0, 0.3750000596046448, 0.0, -87.46501922607422, 4.629851622513664
4594, 203.4475860595703, -230.5547637939453, 0.0, 0.42500007152557373, 0.0, -87.46517181396484, 4.636323848858576
4595, 203.4520721435547, -230.6557159423828, 0.0, 0.4750000834465027, 0.0, -87.4652099609375, 4.648975081045801
4596, 203.45632934570312, -230.752685546875, 0.0, 0.5250000357627869, 0.0, -87.46514892578125, 4.666709932561933
4597, 203.46054077148438, -230.84815979003906, 0.0, 0.574999988079071, 0.0, -87.46497344970703, 4.689423806324647
4598, 203.46470642089844, -230.94216918945312, 0.0, 0.6249999403953552, 0.0, -87.46471405029297, 4.716786834559529
4599, 203.46902465820312, -231.03955078125, 0.0, 0.6249999403953552, 0.0, -87.46436309814453, 4.749545326223971
4600, 203.47329711914062, -231.13624572753906, 0.0, 0.574999988079071, 0.0, -87.46392059326172, 4.783417559289353
4601, 203.4779815673828, -231.2421875, 0.0, 0.5250000357627869, 0.0, -87.46337127685547, 4.818870533113718
4602, 203.48239135742188, -231.34210205078125, 0.0, 0.4750000536441803, 0.0, -87.46285247802734, 4.849006602060712
4603, 203.48683166503906, -231.4420623779297, 0.0, 0.42500004172325134, 0.0, -87.46231079101562, 4.87484998429337
4604, 203.4914093017578, -231.54481506347656, 0.0, 0.3750000298023224, 0.0, -87.46175384521484, 4.89622693281528
4605, 203.49606323242188, -231.65008544921875, 0.0, 0.30000001192092896, 0.0, -87.4613037109375, 4.911709273698897
4606, 203.5004119873047, -231.74758911132812, 0.0, 0.2750000059604645, 0.0, -87.46087646484375, 4.920256631183092
4607, 203.50469970703125, -231.8441162109375, 0.0, 0.22499999403953552, 0.0, -87.46054077148438, 4.923598205233634
4608, 203.50938415527344, -231.95054626464844, -0.0019098592456430197, 0.17499998211860657, 0.0, -87.46114349365234, 4.920943769860626
4609, 203.5140838623047, -232.059326171875, -0.005729577504098415, 0.12499997764825821, 0.0, -87.46470642089844, 4.9116045606838155
4610, 203.5182647705078, -232.1595916748047, -0.009549296461045742, 0.07499998062849045, 0.0, -87.47215270996094, 4.897157289327635
4611, 203.52252197265625, -232.26544189453125, -0.013369014486670494, 0.024999981746077538, 0.0, -87.48590087890625, 4.875748797596439
4612, 203.52650451660156, -232.3689422607422, -0.01718873344361782, 0.0, 0.0, -87.50592803955078, 4.848869291033966
4613, 203.53016662597656, -232.47059631347656, -0.021008450537919998, 0.0, 0.0, -87.5326156616211, 4.818733148722086
4614, 203.53334045410156, -232.56411743164062, -0.024828169494867325, 0.0, 0.0, -87.56443786621094, 4.789041006807186
4615, 203.53623962402344, -232.65628051757812, -0.02864788845181465, 0.0, 0.0, -87.60269165039062, 4.7585778309388225
4616, 203.53909301757812, -232.75328063964844, -0.02992112934589386, 0.0, 0.0, -87.6491928100586, 4.725799249081761
4617, 203.5418701171875, -232.8522186279297, -0.029284510761499405, 0.0, 0.0, -87.70201110839844, 4.691957363252192
4618, 203.54457092285156, -232.95375061035156, -0.028011271730065346, 0.0, 0.0, -87.759765625, 4.656971006421648
4619, 203.54722595214844, -233.05624389648438, -0.025464795529842377, 0.0, 0.0, -87.81946563720703, 4.6215037149817775
4620, 203.54974365234375, -233.15478515625, -0.024191556498408318, 0.0, 0.0, -87.87673950195312, 4.587324873635988
4621, 203.5519256591797, -233.2415771484375, -0.023554937914013863, 0.0, 0.0, -87.92668914794922, 4.557160466601447
4622, 203.55429077148438, -233.33624267578125, -0.022281698882579803, 0.0, 0.0, -87.980224609375, 4.524242716758061
4623, 203.5565948486328, -233.43080139160156, -0.021008461713790894, 0.0, 0.0, -88.03219604492188, 4.4913497942964895
4624, 203.5586700439453, -233.51622009277344, -0.019735222682356834, 0.0, 0.0, -88.077392578125, 4.461612010466067
4625, 203.56106567382812, -233.61569213867188, -0.018461983650922775, 0.05000000074505806, 0.0, -88.12785339355469, 4.428854456296985
4626, 203.5633087158203, -233.71058654785156, -0.017188746482133865, 0.10000000149011612, 0.0, -88.17362213134766, 4.400742806888249
4627, 203.56558227539062, -233.80630493164062, -0.015915507450699806, 0.15000000596046448, 0.0, -88.21710968017578, 4.376939591958865
4628, 203.5676727294922, -233.89852905273438, -0.019735226407647133, 0.20000001788139343, 0.0, -88.25845336914062, 4.3591017131269805
4629, 203.5697021484375, -233.99525451660156, -0.02355494536459446, 0.2500000298023224, 0.0, -88.30396270751953, 4.346322066593605
4630, 203.57131958007812, -234.0828857421875, -0.027374664321541786, 0.30000004172325134, 0.0, -88.34850311279297, 4.340154851222406
4631, 203.57289123535156, -234.178955078125, -0.031194383278489113, 0.2500000298023224, 0.0, -88.40247344970703, 4.336765742071301
4632, 203.57415771484375, -234.27345275878906, -0.03501410037279129, 0.20000001788139343, 0.0, -88.46156311035156, 4.332569935347802
4633, 203.57505798339844, -234.35995483398438, -0.03883381560444832, 0.15000000596046448, 0.0, -88.52196502685547, 4.325900405501658
4634, 203.57569885253906, -234.44558715820312, -0.04265353083610535, 0.10000000149011612, 0.0, -88.58794403076172, 4.3153281291353185
4635, 203.57611083984375, -234.5323944091797, -0.046473246067762375, 0.05000000447034836, 0.0, -88.66107940673828, 4.299763092943806
4636, 203.57626342773438, -234.6299285888672, -0.0502929612994194, 4.0978194171259474e-09, 0.0, -88.7516098022461, 4.299763092943806
4637, 203.57606506347656, -234.71751403808594, -0.0502929612994194, 4.0978194171259474e-09, 0.0, -88.84040832519531, 4.250215236589472
4638, 203.5756072998047, -234.8080596923828, -0.05793238803744316, 0.0, 0.0, -88.9400405883789, 4.2210913155542364
4639, 203.57476806640625, -234.9008026123047, -0.06175210326910019, 0.0, 0.0, -89.05046844482422, 4.189919517056097
4640, 203.5735626220703, -234.9929962158203, -0.06557182222604752, 0.0, 0.0, -89.16861724853516, 4.158168263674958
4641, 203.5721893310547, -235.0759735107422, -0.06939153373241425, 0.0, 0.0, -89.28203582763672, 4.129233023129721
4642, 203.57037353515625, -235.1641082763672, -0.07321125268936157, 0.02500000037252903, 0.0, -89.41027069091797, 4.099465390216498
4643, 203.5682373046875, -235.25013732910156, -0.07894082367420197, 0.10000000149011612, 0.0, -89.54365539550781, 4.07253062905939
4644, 203.5658416748047, -235.3323516845703, -0.0827605351805687, 0.15000000596046448, 0.0, -89.6790771484375, 4.051372797056689
4645, 203.56301879882812, -235.41603088378906, -0.08658025413751602, 0.20000001788139343, 0.0, -89.824462890625, 4.035181843679816
4646, 203.5597686767578, -235.50146484375, -0.09039996564388275, 0.2500000298023224, 0.0, -89.98077392578125, 4.024510881298812
4647, 203.55601501464844, -235.58834838867188, -0.09421968460083008, 0.30000004172325134, 0.0, -90.14752960205078, 4.019843883358712
4648, 203.5519256591797, -235.6737518310547, -0.09803939610719681, 0.3500000536441803, 0.0, -90.31884765625, 4.021247600684396
4649, 203.5471954345703, -235.76329040527344, -0.10185911506414413, 0.40000006556510925, 0.0, -90.50624084472656, 4.028946737167758
4650, 203.5424041748047, -235.84695434570312, -0.10567882657051086, 0.4500000774860382, 0.0, -90.68820190429688, 4.041632774636171
4651, 203.5369415283203, -235.93386840820312, -0.10949854552745819, 0.5000000596046448, 0.0, -90.8843002319336, 4.0603576744908505
4652, 203.53076171875, -236.02490234375, -0.11331825703382492, 0.550000011920929, 0.0, -91.09728240966797, 4.085874843135543
4653, 203.5249786376953, -236.10374450683594, -0.11713796854019165, 0.5999999642372131, 0.0, -91.28801727294922, 4.112584877604278
4654, 203.51858520507812, -236.1855010986328, -0.12095768749713898, 0.6499999165534973, 0.0, -91.49203491210938, 4.144938797571255
4655, 203.51171875, -236.26779174804688, -0.1247773990035057, 0.6999998688697815, 0.0, -91.70348358154297, 4.182176608860377
4656, 203.50396728515625, -236.3553466796875, -0.12859711050987244, 0.7499998211860657, 0.0, -91.93485260009766, 4.226854062038049
4657, 203.4951934814453, -236.4480743408203, -0.13241682946681976, 0.7999997735023499, 0.0, -92.18719482421875, 4.279293240529887
4658, 203.4860382080078, -236.53915405273438, -0.1362365484237671, 0.849999725818634, 0.0, -92.44207763671875, 4.335591031823109
4659, 203.47630310058594, -236.63075256347656, -0.13814640045166016, 0.8749997019767761, 0.0, -92.70452117919922, 4.3964486940328555
4660, 203.46530151367188, -236.7284393310547, -0.14387597143650055, 0.9499996304512024, 0.0, -92.9918212890625, 4.465051405996658
4661, 203.45474243164062, -236.81748962402344, -0.1457858383655548, 0.9749996066093445, 0.0, -93.26007843017578, 4.531507794501094
4662, 203.44387817382812, -236.90464782714844, -0.14960554242134094, 1.0, 0.0, -93.52799987792969, 4.599222468044733
4663, 203.43153381347656, -236.99925231933594, -0.15533512830734253, 1.0, 0.0, -93.8254623413086, 4.67456170401548
4664, 203.41802978515625, -237.0977020263672, -0.15915483236312866, 1.0, 0.0, -94.1429443359375, 4.753842093628031
4665, 203.40382385253906, -237.19595336914062, -0.162974551320076, 1.0, 0.0, -94.46739196777344, 4.833070451508226
4666, 203.388427734375, -237.29747009277344, -0.16679427027702332, 1.0, 0.0, -94.81060791015625, 4.914517889280495
4667, 203.37144470214844, -237.4043731689453, -0.17061398923397064, 1.0, 0.0, -95.18049621582031, 4.999504105916387
4668, 203.35394287109375, -237.5093231201172, -0.17443369328975677, 1.0, 0.0, -95.55187225341797, 5.082042752585423
4669, 203.33546447753906, -237.61505126953125, -0.1782534122467041, 1.0, 0.0, -95.93426513671875, 5.1640366887817075
4670, 203.316650390625, -237.71827697753906, -0.18207313120365143, 1.0, 0.0, -96.31547546386719, 5.243004270619013
4671, 203.29603576660156, -237.8267059326172, -0.18589283525943756, 1.0, 0.0, -96.72440338134766, 5.324818600602434
4672, 203.27468872070312, -237.93423461914062, -0.1897125542163849, 1.0, 0.0, -97.13805389404297, 5.404760782958882
4673, 203.25103759765625, -238.0482940673828, -0.19353227317333221, 1.0, 0.0, -97.58609771728516, 5.488345243987991
4674, 203.22662353515625, -238.16114807128906, -0.19735199213027954, 1.0, 0.0, -98.03836822509766, 5.5698516795722455
4675, 203.19862365722656, -238.28489685058594, -0.20117169618606567, 1.0, 0.0, -98.54450225830078, 5.657859910670585
4676, 203.1709747314453, -238.4025115966797, -0.19989846646785736, 1.0, 0.0, -99.03296661376953, 5.7410817146642765
4677, 203.14205932617188, -238.5208740234375, -0.20117169618606567, 1.0, 0.0, -99.53052520751953, 5.823563245172665
4678, 203.11196899414062, -238.639892578125, -0.20117169618606567, 1.0, 0.0, -100.03536987304688, 5.906039951560279
4679, 203.07814025878906, -238.7688446044922, -0.20117169618606567, 1.0, 0.0, -100.5865249633789, 5.993936089357206
4680, 203.04409790039062, -238.89422607421875, -0.19989846646785736, 1.0, 0.0, -101.12580108642578, 6.078319287875174
4681, 203.0101318359375, -239.0153045654297, -0.20117169618606567, 1.0, 0.0, -101.64924621582031, 6.15908041853718
4682, 202.974365234375, -239.13880920410156, -0.19989846646785736, 0.9500000476837158, 0.0, -102.18515014648438, 6.239669403061811
4683, 202.93898010253906, -239.25706481933594, -0.20053508877754211, 0.8750001192092896, 0.0, -102.70032501220703, 6.313996809824884
4684, 202.900146484375, -239.38308715820312, -0.20180831849575043, 0.8250001668930054, 0.0, -103.25154113769531, 6.388638835133255
4685, 202.857421875, -239.5172576904297, -0.20053508877754211, 0.7750002145767212, 0.0, -103.84123229980469, 6.461022582669269
4686, 202.81321716308594, -239.65159606933594, -0.20180831849575043, 0.725000262260437, 0.0, -104.43487548828125, 6.528239529795075
4687, 202.7683868408203, -239.78363037109375, -0.20117169618606567, 0.7000002861022949, 0.0, -105.02055358886719, 6.587854556887871
4688, 202.72097778320312, -239.9188232421875, -0.19989846646785736, 0.6500003337860107, 0.0, -105.62303924560547, 6.6428762074562515
4689, 202.67250061035156, -240.05291748046875, -0.20117169618606567, 0.6000003814697266, 0.0, -106.22331237792969, 6.691712940794049
4690, 202.6214599609375, -240.18972778320312, -0.19989846646785736, 0.5500004291534424, 0.0, -106.83766174316406, 6.734733021076396
4691, 202.56607055664062, -240.3336639404297, -0.20053508877754211, 0.4750004708766937, 0.0, -107.48760223388672, 6.772173991300578
4692, 202.5132598876953, -240.4666748046875, -0.20180831849575043, 0.42500045895576477, 0.0, -108.09162902832031, 6.7990330401481005
4693, 202.46041870117188, -240.59608459472656, -0.20053508877754211, 0.3750004470348358, 0.0, -108.68211364746094, 6.81840083501299
4694, 202.4049530029297, -240.72796630859375, -0.20180831849575043, 0.32500043511390686, 0.0, -109.28749084472656, 6.8308567668638
4695, 202.35171508789062, -240.85081481933594, -0.20117169618606567, 0.3000004291534424, 0.0, -109.85491180419922, 6.836859158861888
4696, 202.29270935058594, -240.98361206054688, -0.19989846646785736, 0.2750004231929779, 0.0, -110.47091674804688, 6.837216451379417
4697, 202.2303466796875, -241.12001037597656, -0.20117169618606567, 0.32500043511390686, 0.0, -111.10768127441406, 6.833092973701266
4698, 202.16978454589844, -241.2488555908203, -0.19989846646785736, 0.3750004470348358, 0.0, -111.7123794555664, 6.828784030054233
4699, 202.10777282714844, -241.3772430419922, -0.20117169618606567, 0.42500045895576477, 0.0, -112.31837463378906, 6.825950261121362
4700, 202.04261779785156, -241.50852966308594, -0.20180831849575043, 0.4750004708766937, 0.0, -112.94232177734375, 6.826448464224562
4701, 201.98171997070312, -241.6279296875, -0.20053508877754211, 0.5250004529953003, 0.0, -113.51285552978516, 6.830761236503464
4702, 201.9231719970703, -241.739990234375, -0.20180831849575043, 0.5750004053115845, 0.0, -114.05084991455078, 6.838845044360266
4703, 201.8562774658203, -241.8651885986328, -0.20053508877754211, 0.6250003576278687, 0.0, -114.65469360351562, 6.853753628240993
4704, 201.78656005859375, -241.9925079345703, -0.20180831849575043, 0.6750003099441528, 0.0, -115.27155303955078, 6.874283577523751
4705, 201.71560668945312, -242.11880493164062, -0.20053508877754211, 0.725000262260437, 0.0, -115.88663482666016, 6.901085171872827
4706, 201.6442413330078, -242.24278259277344, -0.20180831849575043, 0.7750002145767212, 0.0, -116.49354553222656, 6.932605297699244
4707, 201.5670623779297, -242.37362670898438, -0.20053508877754211, 0.8250001668930054, 0.0, -117.13648223876953, 6.972569683300803
4708, 201.4992218017578, -242.4858856201172, -0.20180831849575043, 0.8750001192092896, 0.0, -117.69136810302734, 7.01161710654823
4709, 201.42636108398438, -242.60382080078125, -0.20053508877754211, 0.8250001668930054, 0.0, -118.2768783569336, 7.0569916711839715
4710, 201.3494110107422, -242.72589111328125, -0.19989846646785736, 0.8000001907348633, 0.0, -118.88497924804688, 7.106136547468658
4711, 201.2646484375, -242.857177734375, -0.20053508877754211, 0.725000262260437, 0.0, -119.54267120361328, 7.15863268988085
4712, 201.18577575683594, -242.9763946533203, -0.19989846646785736, 0.7000002861022949, 0.0, -120.14314270019531, 7.204601926081109
4713, 201.09632873535156, -243.10874938964844, -0.20117169618606567, 0.6500003337860107, 0.0, -120.81405639648438, 7.252167935263081
4714, 201.01705932617188, -243.22325134277344, -0.19989846646785736, 0.6000003814697266, 0.0, -121.39871215820312, 7.290423166767396
4715, 200.9344024658203, -243.3401336669922, -0.20117169618606567, 0.5500004291534424, 0.0, -121.99979400634766, 7.325163500519855
4716, 200.84266662597656, -243.46717834472656, -0.19989846646785736, 0.5000004768371582, 0.0, -122.6578140258789, 7.357343848116164
4717, 200.7561492919922, -243.584228515625, -0.20117169618606567, 0.45000046491622925, 0.0, -123.26934814453125, 7.381822629298161
4718, 200.6615447998047, -243.7095489501953, -0.20117169618606567, 0.45000046491622925, 0.0, -123.92923736572266, 7.401514181651749
4719, 200.56593322753906, -243.833251953125, -0.20117169618606567, 0.35000044107437134, 0.0, -124.58683776855469, 7.414121283461309
4720, 200.4696044921875, -243.95504760742188, -0.19989846646785736, 0.3000004291534424, 0.0, -125.24051666259766, 7.420089113102706
4721, 200.37814331054688, -244.0680389404297, -0.20053508877754211, 0.22500041127204895, 0.0, -125.85314178466797, 7.419559670894947
4722, 200.28782653808594, -244.17721557617188, -0.20180831849575043, 0.17500039935112, 0.0, -126.45152282714844, 7.411966658149431
4723, 200.18453979492188, -244.29946899414062, -0.20053508877754211, 0.12500038743019104, 0.0, -127.12850189208984, 7.395314166936888
4724, 200.0856475830078, -244.41395568847656, -0.19989846646785736, 0.10000038892030716, 0.0, -127.76951599121094, 7.3727183702638905
4725, 199.9700469970703, -244.5444793701172, -0.20053508877754211, 0.02500039152801037, 0.0, -128.50975036621094, 7.338838832584129
4726, 199.86392211914062, -244.66140747070312, -0.20180831849575043, -0.02499960921704769, 0.0, -129.1824493408203, 7.30077830975772
4727, 199.7579803466797, -244.775390625, -0.20053508877754211, 0.0, 0.0, -129.84716796875, 7.258169525963897
4728, 199.6507568359375, -244.88807678222656, -0.20180831849575043, 0.0, 0.0, -130.51365661621094, 7.211394553892835
4729, 199.54193115234375, -244.99978637695312, -0.20053508877754211, 0.0, 0.0, -131.1834259033203, 7.1619044823021865
4730, 199.43418884277344, -245.1077423095703, -0.20180831849575043, 0.0, 0.0, -131.8401641845703, 7.111372741279182
4731, 199.32801818847656, -245.21173095703125, -0.20053508877754211, 0.0, 0.0, -132.4812469482422, 7.0610450269051555
4732, 199.21588134765625, -245.31895446777344, -0.20180831849575043, 0.0, 0.0, -133.15188598632812, 7.007363791538391
4733, 199.10403442382812, -245.42337036132812, -0.20053508877754211, 0.0, 0.0, -133.81410217285156, 6.953963259953902
4734, 198.99093627929688, -245.5264434814453, -0.20180831849575043, 0.0, 0.0, -134.47747802734375, 6.899924272659546
4735, 198.8896484375, -245.61656188964844, -0.20053508877754211, 0.0, 0.0, -135.06600952148438, 6.851997144107755
4736, 198.7843475341797, -245.7082977294922, -0.20117169618606567, 0.0, 0.0, -135.67263793945312, 6.802302972949222
4737, 198.6787109375, -245.79835510253906, -0.20053508877754211, 0.0, 0.0, -136.27586364746094, 6.752927722342991
4738, 198.57138061523438, -245.88780212402344, -0.20180831849575043, 0.0, 0.0, -136.8837890625, 6.702928652192748
4739, 198.4656219482422, -245.9739990234375, -0.20053508877754211, 0.0, 0.0, -137.47760009765625, 6.654301786018423
4740, 198.353515625, -246.06326293945312, -0.20180831849575043, 0.0, 0.0, -138.10215759277344, 6.602966591168743
4741, 198.24122619628906, -246.15060424804688, -0.20053508877754211, 0.0, 0.0, -138.722412109375, 6.552241818205189
4742, 198.13424682617188, -246.23194885253906, -0.20180831849575043, 0.0, 0.0, -139.30885314941406, 6.504094016782319
4743, 198.01318359375, -246.32177734375, -0.19989846646785736, 0.0, 0.0, -139.9666290283203, 6.4504824371724725
4744, 197.8810577392578, -246.4172821044922, -0.20117169618606567, 0.0, 0.0, -140.6782989501953, 6.391560454162985
4745, 197.76760864257812, -246.49725341796875, -0.19989846646785736, 0.0, 0.0, -141.2844696044922, 6.3420961879328095
4746, 197.65524291992188, -246.57467651367188, -0.20117169618606567, 0.0, 0.0, -141.88121032714844, 6.292164353601337
4747, 197.53329467773438, -246.65663146972656, -0.19989846646785736, 0.0, 0.0, -142.52345275878906, 6.241287926643418
4748, 197.42208862304688, -246.72972106933594, -0.20117169618606567, 0.0, 0.0, -143.10647583007812, 6.191300834334289
4749, 197.3074188232422, -246.80332946777344, -0.19989846646785736, 0.0, 0.0, -143.7042236328125, 6.145222466459874
4750, 197.19308471679688, -246.87509155273438, -0.20053508877754211, 0.0, 0.0, -144.29798889160156, 6.093290502511386
4751, 197.07872009277344, -246.9451141357422, -0.20180831849575043, 0.0, 0.0, -144.88926696777344, 6.048809180054431
4752, 196.9654998779297, -247.01284790039062, -0.20053508877754211, 0.0, 0.0, -145.4720458984375, 5.997532160968042
4753, 196.84921264648438, -247.08065795898438, -0.20180831849575043, 0.0, 0.0, -146.06785583496094, 5.952630778021984
4754, 196.73509216308594, -247.1455841064453, -0.20053508877754211, 0.0, 0.0, -146.64956665039062, 5.900509431574595
4755, 196.6207733154297, -247.20895385742188, -0.20180831849575043, 0.0, 0.0, -147.2296142578125, 5.857939365251092
4756, 196.50921630859375, -247.2693328857422, -0.20053508877754211, 0.0, 0.0, -147.79273986816406, 5.807676811161948
4757, 196.39073181152344, -247.33175659179688, -0.20117169618606567, 0.0, 0.0, -148.3878936767578, 5.763999238405679
4758, 196.27352905273438, -247.3920135498047, -0.19989846646785736, 0.0, 0.0, -148.97402954101562, 5.709365159553948
4759, 196.1684112548828, -247.44468688964844, -0.20117169618606567, 0.05000000074505806, 0.0, -149.4972686767578, 5.6744068991316645
4760, 196.05270385742188, -247.501220703125, -0.19989846646785736, 0.10000000149011612, 0.0, -150.0689239501953, 5.627569373058902
4761, 195.9388427734375, -247.55540466308594, -0.20117169618606567, 0.15000000596046448, 0.0, -150.62942504882812, 5.594115091129264
4762, 195.83274841308594, -247.6046600341797, -0.19989846646785736, 0.20000001788139343, 0.0, -151.14830017089844, 5.558323309103475
4763, 195.7215118408203, -247.6549530029297, -0.20117169618606567, 0.2500000298023224, 0.0, -151.68936157226562, 5.535875697230968
4764, 195.60557556152344, -247.7060546875, -0.19989846646785736, 0.30000004172325134, 0.0, -152.24972534179688, 5.504134730283667
4765, 195.49755859375, -247.75244140625, -0.20117169618606567, 0.3500000536441803, 0.0, -152.7696533203125, 5.493038515568061
4766, 195.38841247558594, -247.798095703125, -0.19989846646785736, 0.40000006556510925, 0.0, -153.29103088378906, 5.477999959030025
4767, 195.2714385986328, -247.8456573486328, -0.20117169618606567, 0.4500000774860382, 0.0, -153.8470458984375, 5.475925603365314
4768, 195.15541076660156, -247.8916015625, -0.20117169618606567, 0.550000011920929, 0.0, -154.3956298828125, 5.46435142808179
4769, 195.0428009033203, -247.93492126464844, -0.19989846646785736, 0.5999999642372131, 0.0, -154.92498779296875, 5.479016752705534
4770, 194.938720703125, -247.9739227294922, -0.20117169618606567, 0.6499999165534973, 0.0, -155.4105224609375, 5.495920877268577
4771, 194.8187255859375, -248.017578125, -0.19989846646785736, 0.6999998688697815, 0.0, -155.96607971191406, 5.536248100844411
4772, 194.700439453125, -248.05935668945312, -0.20117169618606567, 0.7499998211860657, 0.0, -156.51011657714844, 5.561010510255571
4773, 194.58169555664062, -248.09999084472656, -0.19989846646785736, 0.7999997735023499, 0.0, -157.05247497558594, 5.607468972132248
4774, 194.46249389648438, -248.1395721435547, -0.20117169618606567, 0.849999725818634, 0.0, -157.5931396484375, 5.653315214906558
4775, 194.34132385253906, -248.178466796875, -0.19989846646785736, 0.8999996781349182, 0.0, -158.13815307617188, 5.725541941455785
4776, 194.21791076660156, -248.21682739257812, -0.20117169618606567, 0.9499996304512024, 0.0, -158.6894989013672, 5.8026696274986
4777, 194.09619140625, -248.25343322753906, -0.19989846646785736, 0.9999995827674866, 0.0, -159.229248046875, 5.886185865892
4778, 193.9670867919922, -248.29090881347656, -0.20117169618606567, 1.0, 0.0, -159.79920959472656, 5.972583905100182
4779, 193.83753967285156, -248.3271942138672, -0.20180831849575043, 1.0, 0.0, -160.36903381347656, 6.059201676528629
4780, 193.71009826660156, -248.3616180419922, -0.20053508877754211, 0.9750000238418579, 0.0, -160.92758178710938, 6.142776874009817
4781, 193.5726776123047, -248.39732360839844, -0.20180831849575043, 0.9250000715255737, 0.0, -161.5279083251953, 6.229916124142325
4782, 193.4369659423828, -248.43118286132812, -0.20053508877754211, 0.8750001192092896, 0.0, -162.11891174316406, 6.311821885104081
4783, 193.29946899414062, -248.46409606933594, -0.20180831849575043, 0.8250001668930054, 0.0, -162.71629333496094, 6.389325180186195
4784, 193.1654815673828, -248.4947967529297, -0.20053508877754211, 0.7750002145767212, 0.0, -163.29685974121094, 6.459418969885521
4785, 193.01242065429688, -248.5282440185547, -0.20180831849575043, 0.725000262260437, 0.0, -163.95899963378906, 6.532070584238866
4786, 192.87710571289062, -248.55636596679688, -0.20053508877754211, 0.6750003099441528, 0.0, -164.54295349121094, 6.5898672872868715
4787, 192.72962951660156, -248.58546447753906, -0.20180831849575043, 0.6250003576278687, 0.0, -165.1785125732422, 6.645516015323274
4788, 192.58384704589844, -248.61265563964844, -0.19989846646785736, 0.5500004291534424, 0.0, -165.8052978515625, 6.693131701556431
4789, 192.43362426757812, -248.63902282714844, -0.20117169618606567, 0.5000004768371582, 0.0, -166.4501190185547, 6.733310668846305
4790, 192.28509521484375, -248.66346740722656, -0.19989846646785736, 0.45000046491622925, 0.0, -167.0865936279297, 6.765020424728346
4791, 192.13931274414062, -248.6859130859375, -0.20117169618606567, 0.4000004529953003, 0.0, -167.71054077148438, 6.788153497758575
4792, 191.99118041992188, -248.7071075439453, -0.19989846646785736, 0.35000044107437134, 0.0, -168.34385681152344, 6.804278097911948
4793, 191.8182373046875, -248.7297821044922, -0.1979885995388031, 0.2750004231929779, 0.0, -169.0812225341797, 6.813519871536421
4794, 191.6610565185547, -248.74855041503906, -0.1967153698205948, 0.22500041127204895, 0.0, -169.74913024902344, 6.81222543797126
4795, 191.49473571777344, -248.76661682128906, -0.1897125542163849, 0.15000039339065552, 0.0, -170.45021057128906, 6.802114169574161
4796, 191.32379150390625, -248.78334045410156, -0.18334636092185974, 0.10000038892030716, 0.0, -171.16140747070312, 6.78178350073089
4797, 191.16970825195312, -248.7969512939453, -0.1769801676273346, 0.0500003919005394, 0.0, -171.79209899902344, 6.755303718922365
4798, 191.017822265625, -248.80902099609375, -0.17061398923397064, 3.915280046840053e-07, 0.0, -172.40213012695312, 6.722257720114879
4799, 190.8492889404297, -248.82095336914062, -0.16106469929218292, 0.0, 0.0, -173.06182861328125, 6.677931428088843
4800, 190.68310546875, -248.83123779296875, -0.15469850599765778, 0.0, 0.0, -173.69285583496094, 6.630921258747622
4801, 190.51968383789062, -248.84005737304688, -0.14833231270313263, 0.0, 0.0, -174.29469299316406, 6.578869865056339
4802, 190.36656188964844, -248.84718322753906, -0.1387830227613449, 0.0, 0.0, -174.8399200439453, 6.533067626750196
4803, 190.2067413330078, -248.8535614013672, -0.13241682946681976, 0.0, 0.0, -175.39012145996094, 6.476895000464659
4804, 190.04515075683594, -248.85888671875, -0.12605063617229462, 0.02500000037252903, 0.0, -175.9251251220703, 6.4284806495633
4805, 189.87684631347656, -248.8633575439453, -0.1165013536810875, 0.10000000149011612, 0.0, -176.45921325683594, 6.369169468941663
4806, 189.72462463378906, -248.8665313720703, -0.10695206373929977, 0.17500001192092896, 0.0, -176.91798400878906, 6.3318696546102355
4807, 189.5800018310547, -248.86874389648438, -0.10567882657051086, 0.2250000238418579, 0.0, -177.33343505859375, 6.292565750602739
4808, 189.4179229736328, -248.87014770507812, -0.10440558940172195, 0.2250000238418579, 0.0, -177.77847290039062, 6.263034764733475
4809, 189.25120544433594, -248.8704833984375, -0.10249572992324829, 0.15000000596046448, 0.0, -178.2189483642578, 6.216212692748533
4810, 189.0957794189453, -248.8697052001953, -0.10122249275445938, 0.10000000149011612, 0.0, -178.616455078125, 6.189710991147795
4811, 188.93548583984375, -248.86785888671875, -0.09931263327598572, 0.02500000409781933, 0.0, -179.0142822265625, 6.143133195407382
4812, 188.78236389160156, -248.8650665283203, -0.09803939610719681, -0.02499999664723873, 0.0, -179.385009765625, 6.111311316248112
4813, 188.61756896972656, -248.86102294921875, -0.09612953662872314, 0.0, 0.0, -179.77455139160156, 6.051503006563124
4814, 188.46832275390625, -248.8564453125, -0.09485629945993423, 0.0, 0.0, 179.8793182373047, 6.0145516373289
4815, 188.31182861328125, -248.85067749023438, -0.09358306229114532, 0.02500000037252903, 0.0, 179.52365112304688, 5.955923910103466
4816, 188.15834045410156, -248.8440704345703, -0.09167320281267166, 0.10000000149011612, 0.0, 179.18075561523438, 5.916177416448772
4817, 188.0118865966797, -248.83702087402344, -0.09039996564388275, 0.15000000596046448, 0.0, 178.85972595214844, 5.8641554778055855
4818, 187.86135864257812, -248.8289031982422, -0.08849010616540909, 0.2250000238418579, 0.0, 178.53550720214844, 5.832982959209633
4819, 187.71026611328125, -248.81997680664062, -0.08721686899662018, 0.27500003576278687, 0.0, 178.21620178222656, 5.785398254153749
4820, 187.55364990234375, -248.8098907470703, -0.0827605351805687, 0.3500000536441803, 0.0, 177.8926544189453, 5.761559652214052
4821, 187.40060424804688, -248.7994842529297, -0.07639434188604355, 0.40000006556510925, 0.0, 177.58767700195312, 5.721860181915152
4822, 187.2538299560547, -248.7890625, -0.06684505939483643, 0.4750000834465027, 0.0, 177.30996704101562, 5.7212969477212265
4823, 187.10508728027344, -248.77825927734375, -0.05729575827717781, 0.550000011920929, 0.0, 177.0487060546875, 5.70660834728131
4824, 186.95611572265625, -248.76722717285156, -0.050929561257362366, 0.550000011920929, 0.0, 176.808349609375, 5.723126683757151
4825, 186.81082153320312, -248.75616455078125, -0.0490197017788887, 0.4750000536441803, 0.0, 176.59222412109375, 5.725307827957755
4826, 186.66329956054688, -248.74459838867188, -0.04774646461009979, 0.42500004172325134, 0.0, 176.38792419433594, 5.752854941090909
4827, 186.50575256347656, -248.73182678222656, -0.04583660513162613, 0.3500000238418579, 0.0, 176.18356323242188, 5.746906884479952
4828, 186.35845947265625, -248.719482421875, -0.04456336796283722, 0.30000001192092896, 0.0, 176.00262451171875, 5.7666622667822915
4829, 186.2140350341797, -248.70700073242188, -0.042653512209653854, 0.22499999403953552, 0.0, 175.834228515625, 5.765343579202019
4830, 186.0617218017578, -248.69346618652344, -0.041380271315574646, 0.17499998211860657, 0.0, 175.6648712158203, 5.774274782571231
4831, 185.9124298095703, -248.67984008789062, -0.03947041556239128, 0.09999997913837433, 0.0, 175.50625610351562, 5.750867277201401
4832, 185.76097106933594, -248.66563415527344, -0.03819717466831207, 0.04999998211860657, 0.0, 175.3517303466797, 5.742649828456196
4833, 185.60655212402344, -248.65084838867188, -0.03628731891512871, 0.12499997764825821, 0.0, 175.20077514648438, 5.700182531547657
4834, 185.44993591308594, -248.635498046875, -0.0350140817463398, 0.17499998211860657, 0.0, 175.0535430908203, 5.67886698976288
4835, 185.30767822265625, -248.62127685546875, -0.033104222267866135, 0.25, 0.0, 174.9254150390625, 5.642294331735522
4836, 185.1551513671875, -248.60577392578125, -0.031830985099077225, 0.30000001192092896, 0.0, 174.79385375976562, 5.629480679364783
4837, 185.004638671875, -248.5902557373047, -0.02992112748324871, 0.3750000298023224, 0.0, 174.6699981689453, 5.592003629941729
4838, 184.86044311523438, -248.57508850097656, -0.02864788845181465, 0.42500004172325134, 0.0, 174.55677795410156, 5.593975625732823
4839, 184.7111053466797, -248.55918884277344, -0.026738030835986137, 0.4500000476837158, 0.0, 174.445556640625, 5.573679732187285
4840, 184.56390380859375, -248.5433349609375, -0.026738030835986137, 0.4500000476837158, 0.0, 174.34149169921875, 5.584367508650012
4841, 184.41615295410156, -248.5272674560547, -0.023554936051368713, 0.32500001788139343, 0.0, 174.24290466308594, 5.570253704685118
4842, 184.27792358398438, -248.5120391845703, -0.0216450784355402, 0.25, 0.0, 174.1561737060547, 5.588446192200085
4843, 184.1385955810547, -248.49659729003906, -0.02037183940410614, 0.19999998807907104, 0.0, 174.07415771484375, 5.5819405218212825
4844, 183.98941040039062, -248.47991943359375, -0.018461981788277626, 0.12499997764825821, 0.0, 173.9920196533203, 5.582487507826854
4845, 183.85031127929688, -248.46429443359375, -0.017188744619488716, 0.07499998062849045, 0.0, 173.92042541503906, 5.5550404761498875
4846, 183.707275390625, -248.44810485839844, -0.015278885141015053, -1.8253922817734747e-08, 0.0, 173.85198974609375, 5.544947124754866
4847, 183.562255859375, -248.431640625, -0.014005645178258419, 0.0, 0.0, 173.7876739501953, 5.496869005726982
4848, 183.43045043945312, -248.41659545898438, -0.012732405215501785, 0.0, 0.0, 173.73341369628906, 5.478806154270653
4849, 183.29122924804688, -248.400634765625, -0.010822544805705547, 0.0, 0.0, 173.68084716796875, 5.429154518103581
4850, 183.151611328125, -248.38458251953125, -0.009549304842948914, 0.0, 0.0, 173.63291931152344, 5.396711408623895
4851, 183.0047607421875, -248.36769104003906, -0.007639444898813963, 0.0, 0.0, 173.58787536621094, 5.325820770280667
4852, 182.866455078125, -248.3517303466797, -0.00891268439590931, 0.0, 0.0, 173.54864501953125, 5.290164928599445
4853, 182.7245635986328, -248.33511352539062, -0.0146422628313303, 0.05000000074505806, 0.0, 173.5072784423828, 5.221702632282651
4854, 182.59925842285156, -248.32017517089844, -0.018461979925632477, 0.10000000149011612, 0.0, 173.46653747558594, 5.198450986519318
4855, 182.46633911132812, -248.303955078125, -0.024191558361053467, 0.17500001192092896, 0.0, 173.41615295410156, 5.145927428512093
4856, 182.32736206054688, -248.2865447998047, -0.028011277318000793, 0.2250000238418579, 0.0, 173.353271484375, 5.1141824196730195
4857, 182.20892333984375, -248.27137756347656, -0.03183099627494812, 0.27500003576278687, 0.0, 173.29185485839844, 5.076429856856351
4858, 182.0714874267578, -248.2532958984375, -0.03756056725978851, 0.3500000536441803, 0.0, 173.20803833007812, 5.058294746943282
4859, 181.94183349609375, -248.2357635498047, -0.04138028249144554, 0.40000006556510925, 0.0, 173.11776733398438, 5.01626229443095
4860, 181.81912231445312, -248.21868896484375, -0.04710985720157623, 0.3250000476837158, 0.0, 173.02023315429688, 5.022473715483083
4861, 181.68722534179688, -248.19984436035156, -0.04838309437036514, 0.27500003576278687, 0.0, 172.90426635742188, 4.993387688961972
4862, 181.55514526367188, -248.18060302734375, -0.045836616307497025, 0.17500001192092896, 0.0, 172.78138732910156, 5.062433151511406
4863, 181.4371795654297, -248.16317749023438, -0.044563379138708115, 0.125, 0.0, 172.66891479492188, 5.094946138517488
4864, 181.31153869628906, -248.14439392089844, -0.043290141969919205, 0.07500000298023224, 0.0, 172.5469970703125, 5.088733647223405
4865, 181.18093872070312, -248.12466430664062, -0.042016901075839996, 0.02500000409781933, 0.0, 172.41944885253906, 5.056313889992379
4866, 181.0583038330078, -248.10598754882812, -0.04010704532265663, 0.0, 0.0, 172.30026245117188, 4.994675253297747
4867, 180.9264678955078, -248.0857391357422, -0.03883380815386772, 0.0, 0.0, 172.17442321777344, 4.986431966621045
4868, 180.79452514648438, -248.0652313232422, -0.03692394867539406, 0.0, 0.0, 172.05197143554688, 4.95981894454157
4869, 180.66693115234375, -248.04522705078125, -0.03565071150660515, 0.0, 0.0, 171.93682861328125, 4.924944558321549
4870, 180.54202270507812, -248.0254364013672, -0.033740852028131485, 0.07500000298023224, 0.0, 171.82778930664062, 4.888917041476627
4871, 180.41688537597656, -248.00537109375, -0.03756056725978851, 0.125, 0.0, 171.71922302246094, 4.85601140556726
4872, 180.28738403320312, -247.98416137695312, -0.043290141969919205, 0.20000001788139343, 0.0, 171.60260009765625, 4.828152609567602
4873, 180.16012573242188, -247.9628143310547, -0.04710985720157623, 0.2500000298023224, 0.0, 171.48118591308594, 4.809196586277693
4874, 180.0329132080078, -247.94094848632812, -0.050292953848838806, 0.3250000476837158, 0.0, 171.35206604003906, 4.799083927607243
4875, 179.9193115234375, -247.92108154296875, -0.0490197129547596, 0.3750000596046448, 0.0, 171.2323760986328, 4.798529497146813
4876, 179.79550170898438, -247.89913940429688, -0.04710985720157623, 0.4500000774860382, 0.0, 171.10025024414062, 4.806805277286463
4877, 179.66790771484375, -247.8762664794922, -0.045836616307497025, 0.40000006556510925, 0.0, 170.96426391601562, 4.821424378779382
4878, 179.55075073242188, -247.8550567626953, -0.04392676055431366, 0.3250000476837158, 0.0, 170.84095764160156, 4.83360353599991
4879, 179.42828369140625, -247.8326873779297, -0.04265352338552475, 0.27500003576278687, 0.0, 170.7144012451172, 4.8411267021339395
4880, 179.29991149902344, -247.80908203125, -0.04138028249144554, 0.2250000238418579, 0.0, 170.5846405029297, 4.842149454044222
4881, 179.1832733154297, -247.78746032714844, -0.03883380815386772, 0.125, 0.0, 170.4699249267578, 4.83527612148906
4882, 179.0592498779297, -247.76429748535156, -0.03756056725978851, 0.07500000298023224, 0.0, 170.35174560546875, 4.8179804053856925
4883, 178.93800354003906, -247.74148559570312, -0.0362873300909996, 0.02500000409781933, 0.0, 170.23971557617188, 4.792283758698191
4884, 178.8195343017578, -247.71905517578125, -0.03437747433781624, 0.0, 0.0, 170.13375854492188, 4.759709901248376
4885, 178.7058868408203, -247.69741821289062, -0.03310423344373703, 0.0, 0.0, 170.03553771972656, 4.724285358836209
4886, 178.58651733398438, -247.674560546875, -0.031194377690553665, 0.07500000298023224, 0.0, 169.93637084960938, 4.687487158079926
4887, 178.4627685546875, -247.6507110595703, -0.029921138659119606, 0.125, 0.0, 169.83795166015625, 4.654107168619629
4888, 178.35362243652344, -247.62957763671875, -0.028647899627685547, 0.17500001192092896, 0.0, 169.75479125976562, 4.630141076288246
4889, 178.2321319580078, -247.60592651367188, -0.026738042011857033, 0.2500000298023224, 0.0, 169.66673278808594, 4.611091246690246
4890, 178.111083984375, -247.58230590820312, -0.025464804843068123, 0.30000004172325134, 0.0, 169.58372497558594, 4.6014990305685535
4891, 178.00250244140625, -247.5609893798828, -0.02355494722723961, 0.3750000596046448, 0.0, 169.51336669921875, 4.600717705195094
4892, 177.88284301757812, -247.5374755859375, -0.02228170819580555, 0.42500007152557373, 0.0, 169.44046020507812, 4.609244611889301
4893, 177.76585388183594, -247.5142364501953, -0.02801128663122654, 0.5000000596046448, 0.0, 169.36920166015625, 4.626196716012581
4894, 177.6457977294922, -247.4900665283203, -0.03183100372552872, 0.550000011920929, 0.0, 169.2921142578125, 4.6526929774546355
4895, 177.52130126953125, -247.46453857421875, -0.03756057471036911, 0.6249999403953552, 0.0, 169.20455932617188, 4.688965796255638
4896, 177.40042114257812, -247.43931579589844, -0.04138028994202614, 0.6749998927116394, 0.0, 169.11080932617188, 4.732864780844753
4897, 177.28280639648438, -247.4143829345703, -0.04265353083610535, 0.6749998927116394, 0.0, 169.01248168945312, 4.781277461398953
4898, 177.1637420654297, -247.38885498046875, -0.04074367135763168, 0.5999999642372131, 0.0, 168.90895080566406, 4.830854131467042
4899, 177.03591918945312, -247.36126708984375, -0.03883381560444832, 0.5250000357627869, 0.0, 168.79660034179688, 4.878952665023385
4900, 176.90760803222656, -247.3334197998047, -0.036923956125974655, 0.4500000476837158, 0.0, 168.68466186523438, 4.918896346666507
4901, 176.7867889404297, -247.3070068359375, -0.035650718957185745, 0.40000003576278687, 0.0, 168.5809326171875, 4.948120203104626
4902, 176.65843200683594, -247.27883911132812, -0.03374085947871208, 0.32500001788139343, 0.0, 168.47340393066406, 4.9697565047925325
4903, 176.5328826904297, -247.25112915039062, -0.03246762230992317, 0.2750000059604645, 0.0, 168.37127685546875, 4.9813578107899525
4904, 176.40760803222656, -247.22337341308594, -0.030557764694094658, 0.30000001192092896, 0.0, 168.27279663085938, 4.98692761398324
4905, 176.27853393554688, -247.19464111328125, -0.029284527525305748, 0.3500000238418579, 0.0, 168.1751708984375, 4.9920831020208984
4906, 176.14645385742188, -247.16506958007812, -0.029921147972345352, 0.42500004172325134, 0.0, 168.07810974121094, 5.001282959785014
4907, 176.0140380859375, -247.13511657714844, -0.03374086692929268, 0.4750000536441803, 0.0, 167.9797821044922, 5.016792870149177
4908, 175.88433837890625, -247.1053009033203, -0.03947043791413307, 0.550000011920929, 0.0, 167.87808227539062, 5.039465494834755
4909, 175.74789428710938, -247.07342529296875, -0.0432901531457901, 0.5999999642372131, 0.0, 167.761962890625, 5.071769804725907
4910, 175.62466430664062, -247.044189453125, -0.04456339031457901, 0.6499999165534973, 0.0, 167.6539306640625, 5.102200643173719
4911, 175.50015258789062, -247.0144500732422, -0.042653534561395645, 0.7249998450279236, 0.0, 167.5316619873047, 5.105226058030089
4912, 175.36439514160156, -246.98159790039062, -0.04138029366731644, 0.7749997973442078, 0.0, 167.41397094726562, 5.0919842796682335
4913, 175.24221801757812, -246.95204162597656, -0.03947043791413307, 0.849999725818634, 0.0, 167.28904724121094, 5.108607804279058
4914, 175.11463928222656, -246.92083740234375, -0.03819720074534416, 0.8999996781349182, 0.0, 167.17715454101562, 5.146256053960826
4915, 174.97824096679688, -246.88743591308594, -0.0362873412668705, 0.9749996066093445, 0.0, 167.04299926757812, 5.188308958282576
4916, 174.8480682373047, -246.85520935058594, -0.03501410409808159, 1.0249996185302734, 0.0, 166.9361114501953, 5.255769674556516
4917, 174.71543884277344, -246.8223419189453, -0.033104244619607925, 1.0, 0.0, 166.81878662109375, 5.357588086213068
4918, 174.57913208007812, -246.78826904296875, -0.03119438886642456, 1.0, 0.0, 166.71527099609375, 5.483986659136456
4919, 174.4281463623047, -246.75045776367188, -0.0299211498349905, 1.0, 0.0, 166.5970001220703, 5.613446935968339
4920, 174.2791748046875, -246.71286010742188, -0.028011292219161987, 1.0, 0.0, 166.49549865722656, 5.734158794322219
4921, 174.1342010498047, -246.6761474609375, -0.029284533113241196, 1.0, 0.0, 166.39222717285156, 5.8571309357069445
4922, 173.98399353027344, -246.63763427734375, -0.03501410782337189, 1.0, 0.0, 166.2904052734375, 5.982834982891325
4923, 173.83309936523438, -246.5985107421875, -0.038833823055028915, 1.0, 0.0, 166.17709350585938, 6.102842104400236
4924, 173.67379760742188, -246.5565185546875, -0.04456339403986931, 1.0, 0.0, 166.05413818359375, 6.224288970249099
4925, 173.51220703125, -246.51329040527344, -0.04838310927152634, 1.0, 0.0, 165.9127655029297, 6.339915710837553
4926, 173.35504150390625, -246.4705352783203, -0.052202824503183365, 1.0, 0.0, 165.76918029785156, 6.452720406422318
4927, 173.17970275878906, -246.42208862304688, -0.05538592115044594, 1.0, 0.0, 165.59193420410156, 6.578785785252666
4928, 173.01242065429688, -246.37513732910156, -0.05411268398165703, 1.0, 0.0, 165.41648864746094, 6.696443816337995
4929, 172.83560180664062, -246.32498168945312, -0.052202824503183365, 0.9750000238418579, 0.0, 165.2239990234375, 6.816047252439828
4930, 172.662353515625, -246.27532958984375, -0.05029296875, 0.9000000953674316, 0.0, 165.03421020507812, 6.9263873035385295
4931, 172.48301696777344, -246.2234649658203, -0.04838310927152634, 0.8250001668930054, 0.0, 164.8375701904297, 7.030860285781721
4932, 172.30018615722656, -246.17010498046875, -0.04710987210273743, 0.7750002145767212, 0.0, 164.63894653320312, 7.126717347050593
4933, 172.12042236328125, -246.11715698242188, -0.04520001262426376, 0.7000002861022949, 0.0, 164.4460906982422, 7.21024067403643
4934, 171.937255859375, -246.06271362304688, -0.043926775455474854, 0.6500003337860107, 0.0, 164.25306701660156, 7.284207032847976
4935, 171.7566375732422, -246.0085906982422, -0.04201691970229149, 0.5750004053115845, 0.0, 164.06658935546875, 7.3461773915937805
4936, 171.57101440429688, -245.95237731933594, -0.0432901568710804, 0.5250004529953003, 0.0, 163.87765502929688, 7.398252185818478
4937, 171.3788604736328, -245.8933868408203, -0.04901972785592079, 0.45000046491622925, 0.0, 163.67921447753906, 7.439709664990398
4938, 171.1854248046875, -245.8330535888672, -0.05283944308757782, 0.4000004529953003, 0.0, 163.4725799560547, 7.4689028677682
4939, 170.99449157714844, -245.77247619628906, -0.05856901779770851, 0.32500043511390686, 0.0, 163.25784301757812, 7.485481927865514
4940, 170.80091857910156, -245.7098846435547, -0.06238873302936554, 0.2750004231929779, 0.0, 163.02725219726562, 7.4902082442014
4941, 170.61837768554688, -245.64971923828125, -0.06811830401420593, 0.20000040531158447, 0.0, 162.795166015625, 7.483228812386362
4942, 170.4315185546875, -245.58705139160156, -0.06684506684541702, 0.2500004172325134, 0.0, 162.5457000732422, 7.468258280435568
4943, 170.24644470214844, -245.52403259277344, -0.06493520736694336, 0.32500043511390686, 0.0, 162.28941345214844, 7.450610434164314
4944, 170.0547637939453, -245.45779418945312, -0.06366197019815445, 0.3750004470348358, 0.0, 162.0208282470703, 7.43593137175763
4945, 169.88168334960938, -245.39724731445312, -0.061752110719680786, 0.4000004529953003, 0.0, 161.77410888671875, 7.425229092702631
4946, 169.6920623779297, -245.33004760742188, -0.05984225496649742, 0.32500043511390686, 0.0, 161.5071563720703, 7.416758293308808
4947, 169.51333618164062, -245.26600646972656, -0.05793239548802376, 0.2500004172325134, 0.0, 161.2543487548828, 7.404547375197174
4948, 169.32310485839844, -245.19696044921875, -0.05665915831923485, 0.20000040531158447, 0.0, 160.99169921875, 7.386423287100718
4949, 169.14306640625, -245.1309356689453, -0.05538592115044594, 0.15000039339065552, 0.0, 160.74267578125, 7.361889576763135
4950, 168.9650421142578, -245.0648651123047, -0.053476061671972275, 0.07500039041042328, 0.0, 160.50320434570312, 7.332310435467703
4951, 168.7777557373047, -244.99462890625, -0.05156620591878891, 3.915280046840053e-07, 0.0, 160.25267028808594, 7.2900289312475355
4952, 168.5997772216797, -244.9271697998047, -0.05029296875, 0.0, 0.0, 160.02159118652344, 7.241914941404372
4953, 168.42691040039062, -244.86097717285156, -0.04901972785592079, 0.0, 0.0, 159.79852294921875, 7.18905942380716
4954, 168.26870727539062, -244.79981994628906, -0.04710987210273743, 0.0, 0.0, 159.59959411621094, 7.139763248583236
4955, 168.0830078125, -244.7273406982422, -0.04583663120865822, 0.0, 0.0, 159.3692626953125, 7.076209961915895
4956, 167.91513061523438, -244.66122436523438, -0.043926775455474854, 0.0, 0.0, 159.16712951660156, 7.018821572271531
4957, 167.74424743652344, -244.5933380126953, -0.042653538286685944, 0.0, 0.0, 158.9638214111328, 6.957505206794156
4958, 167.57843017578125, -244.52687072753906, -0.04074367880821228, 0.0, 0.0, 158.77322387695312, 6.8987759681249
4959, 167.41485595703125, -244.46083068847656, -0.03947044163942337, 0.0, 0.0, 158.5880584716797, 6.838510232021706
4960, 167.24693298339844, -244.3924560546875, -0.03756058216094971, 0.0, 0.0, 158.40573120117188, 6.7772129027887775
4961, 167.08059692382812, -244.32423400878906, -0.0362873449921608, 0.0, 0.0, 158.22821044921875, 6.713827535556464
4962, 166.91555786132812, -244.2560272216797, -0.03437748923897743, 0.0, 0.0, 158.0605926513672, 6.6518840290774115
4963, 166.75804138183594, -244.1905059814453, -0.033104248344898224, 0.0, 0.0, 157.90362548828125, 6.591857209207978
4964, 166.59646606445312, -244.1228485107422, -0.03119439259171486, 0.0, 0.0, 157.75149536132812, 6.531068881559611
4965, 166.44854736328125, -244.0604705810547, -0.03501410782337189, 0.05000000074505806, 0.0, 157.61236572265625, 6.4764968348482235
4966, 166.2933349609375, -243.99435424804688, -0.038833823055028915, 0.10000000149011612, 0.0, 157.46734619140625, 6.423026076219267
4967, 166.14126586914062, -243.9288787841797, -0.04456339403986931, 0.20000001788139343, 0.0, 157.31741333007812, 6.372518441985804
4968, 165.98641967773438, -243.86126708984375, -0.05029296875, 0.2500000298023224, 0.0, 157.15768432617188, 6.327931344947379
4969, 165.83355712890625, -243.7936248779297, -0.05602253973484039, 0.3250000476837158, 0.0, 156.985107421875, 6.289408752393632
4970, 165.68341064453125, -243.7262420654297, -0.0572957769036293, 0.3750000596046448, 0.0, 156.80674743652344, 6.261601760914275
4971, 165.5420684814453, -243.6621856689453, -0.05538592115044594, 0.4500000774860382, 0.0, 156.62989807128906, 6.246439118815244
4972, 165.39491271972656, -243.59487915039062, -0.05411268398165703, 0.5000000596046448, 0.0, 156.4440155029297, 6.240469970970814
4973, 165.25181579589844, -243.5288543701172, -0.05283944308757782, 0.550000011920929, 0.0, 156.2594451904297, 6.241707476369431
4974, 165.10626220703125, -243.46121215820312, -0.050929587334394455, 0.6249999403953552, 0.0, 156.0745849609375, 6.253347932698742
4975, 164.9552764892578, -243.3905487060547, -0.04965634644031525, 0.6749998927116394, 0.0, 155.8822021484375, 6.270595007549919
4976, 164.80935668945312, -243.32174682617188, -0.04838310927152634, 0.7249998450279236, 0.0, 155.70167541503906, 6.299200082523835
4977, 164.66506958007812, -243.25331115722656, -0.04647325351834297, 0.6499999165534973, 0.0, 155.52438354492188, 6.341910579479111
4978, 164.5178680419922, -243.18299865722656, -0.04520001262426376, 0.5999999642372131, 0.0, 155.3512725830078, 6.392018949894498
4979, 164.36160278320312, -243.10792541503906, -0.0432901568710804, 0.5250000357627869, 0.0, 155.16909790039062, 6.43776506102014
4980, 164.21136474609375, -243.03526306152344, -0.04201691970229149, 0.4750000536441803, 0.0, 155.002685546875, 6.472834142462011
4981, 164.06185913085938, -242.96258544921875, -0.04074367880821228, 0.42500004172325134, 0.0, 154.83824157714844, 6.50406339386483
4982, 163.9071502685547, -242.88694763183594, -0.03819720447063446, 0.32500001788139343, 0.0, 154.67645263671875, 6.526863143993687
4983, 163.7613067626953, -242.8153076171875, -0.03692396357655525, 0.2750000059604645, 0.0, 154.5260009765625, 6.538955128318328
4984, 163.6007843017578, -242.7360076904297, -0.03501410782337189, 0.19999998807907104, 0.0, 154.36842346191406, 6.5405579502407445
4985, 163.45339965820312, -242.6628875732422, -0.03374087065458298, 0.1499999761581421, 0.0, 154.22586059570312, 6.531110489747253
4986, 163.30117797851562, -242.58700561523438, -0.031831011176109314, 0.07499998062849045, 0.0, 154.08567810058594, 6.515607026395429
4987, 163.1524200439453, -242.51255798339844, -0.030557772144675255, 0.024999981746077538, 0.0, 153.9512939453125, 6.48965222930753
4988, 162.9996795654297, -242.43576049804688, -0.029284534975886345, 0.0, 0.0, 153.82005310058594, 6.4531712178095075
4989, 162.8583984375, -242.36447143554688, -0.02737467736005783, 0.0, 0.0, 153.70074462890625, 6.413575609149046
4990, 162.70449829101562, -242.28648376464844, -0.02610143832862377, 0.0, 0.0, 153.57823181152344, 6.364864191664157
4991, 162.55592346191406, -242.21095275878906, -0.024191580712795258, 0.0, 0.0, 153.4621124267578, 6.311700079750664
4992, 162.4198455810547, -242.1415252685547, -0.022918343544006348, 0.0, 0.0, 153.36273193359375, 6.2648424851244515
4993, 162.26504516601562, -242.0623321533203, -0.021008485928177834, 0.0, 0.0, 153.25277709960938, 6.205708834062001
4994, 162.12307739257812, -241.9894256591797, -0.019735246896743774, 0.0, 0.0, 153.16009521484375, 6.149840398288343
4995, 161.99354553222656, -241.9228057861328, -0.01782538928091526, 0.07500000298023224, 0.0, 153.07791137695312, 6.103983904577311
4996, 161.8476104736328, -241.8475341796875, -0.015915531665086746, 0.15000000596046448, 0.0, 152.9943389892578, 6.053404132211959
4997, 161.70556640625, -241.77413940429688, -0.014642291702330112, 0.20000001788139343, 0.0, 152.91595458984375, 6.004919364854198
4998, 161.56735229492188, -241.7025909423828, -0.013369051739573479, 0.2500000298023224, 0.0, 152.8484344482422, 5.965821825528272
4999, 161.43093872070312, -241.63186645507812, -0.01145919132977724, 0.3250000476837158, 0.0, 152.78477478027344, 5.934272178922337
5000, 161.28982543945312, -241.55860900878906, -0.010185951367020607, 0.3750000596046448, 0.0, 152.72799682617188, 5.906693856920321
5001, 161.15390014648438, -241.48797607421875, -0.008276090957224369, 0.4500000774860382, 0.0, 152.6763153076172, 5.888714235216167
5002, 161.018798828125, -241.41770935058594, -0.007002851460129023, 0.5000000596046448, 0.0, 152.6337432861328, 5.881979330675036
5003, 160.88198852539062, -241.3463592529297, -0.012732429429888725, 0.574999988079071, 0.0, 152.5891571044922, 5.882591849127885
5004, 160.7372283935547, -241.2704620361328, -0.016552148386836052, 0.6249999403953552, 0.0, 152.54200744628906, 5.88597209222182
5005, 160.60777282714844, -241.20217895507812, -0.022281724959611893, 0.6999998688697815, 0.0, 152.49082946777344, 5.909303468870909
5006, 160.46742248535156, -241.12759399414062, -0.02610144391655922, 0.6499999165534973, 0.0, 152.42959594726562, 5.946801056142346
5007, 160.32476806640625, -241.05116271972656, -0.03374088183045387, 0.550000011920929, 0.0, 152.3509521484375, 5.976818164335097
5008, 160.1849365234375, -240.9755401611328, -0.0375605970621109, 0.5000000596046448, 0.0, 152.26333618164062, 6.008172951022974
5009, 160.05511474609375, -240.9048309326172, -0.03883383423089981, 0.4500000476837158, 0.0, 152.16848754882812, 6.0466158523261155
5010, 159.91134643554688, -240.8260498046875, -0.03692397475242615, 0.3750000298023224, 0.0, 152.0582733154297, 6.0825606065460605
5011, 159.77420043945312, -240.7505645751953, -0.03565073758363724, 0.32500001788139343, 0.0, 151.9453582763672, 6.100517560571886
5012, 159.63339233398438, -240.6727752685547, -0.03374088183045387, 0.25, 0.0, 151.8301239013672, 6.11221231282108
5013, 159.4862060546875, -240.59120178222656, -0.032467640936374664, 0.19999998807907104, 0.0, 151.70596313476562, 6.1081341717932
5014, 159.3515167236328, -240.51632690429688, -0.0305577851831913, 0.12499997764825821, 0.0, 151.59585571289062, 6.102718261681592
5015, 159.21961975097656, -240.4428253173828, -0.02928454615175724, 0.07499998062849045, 0.0, 151.4873809814453, 6.094475869352649
5016, 159.07814025878906, -240.36370849609375, -0.02801130712032318, 0.024999981746077538, 0.0, 151.37588500976562, 6.071841515508472
5017, 158.9414520263672, -240.28712463378906, -0.026101449504494667, 0.02500000037252903, 0.0, 151.26829528808594, 6.039416185487578
5018, 158.802001953125, -240.208740234375, -0.024828212335705757, 0.07500000298023224, 0.0, 151.1648406982422, 6.001545280105807
5019, 158.665771484375, -240.13201904296875, -0.022918354719877243, 0.15000000596046448, 0.0, 151.0646514892578, 5.9626120907814215
5020, 158.53106689453125, -240.05593872070312, -0.021645115688443184, 0.20000001788139343, 0.0, 150.9727783203125, 5.927312275101059
5021, 158.39976501464844, -239.98167419433594, -0.019098639488220215, 0.30000004172325134, 0.0, 150.88540649414062, 5.897320163612018
5022, 158.2650146484375, -239.90516662597656, -0.02291835844516754, 0.3500000536441803, 0.0, 150.8008270263672, 5.871376318863352
5023, 158.1339111328125, -239.83038330078125, -0.026738077402114868, 0.40000006556510925, 0.0, 150.71432495117188, 5.852596385316849
5024, 158.0023956298828, -239.7548065185547, -0.03246765211224556, 0.4750000834465027, 0.0, 150.624755859375, 5.841799376235589
5025, 157.8710479736328, -239.67874145507812, -0.03628736734390259, 0.5250000357627869, 0.0, 150.5247039794922, 5.838213165189032
5026, 157.744384765625, -239.6047821044922, -0.040107082575559616, 0.574999988079071, 0.0, 150.42234802246094, 5.8471500259089755
5027, 157.60939025878906, -239.52525329589844, -0.04583665728569031, 0.6499999165534973, 0.0, 150.29884338378906, 5.860675366030596
5028, 157.4798583984375, -239.44818115234375, -0.049656372517347336, 0.6999998688697815, 0.0, 150.1713104248047, 5.883910000342157
5029, 157.3475799560547, -239.36878967285156, -0.05283946543931961, 0.7249998450279236, 0.0, 150.0264129638672, 5.919937659292627
5030, 157.20899963378906, -239.28489685058594, -0.0515662282705307, 0.6749998927116394, 0.0, 149.86846923828125, 5.959189633667315
5031, 157.07693481445312, -239.20448303222656, -0.049656372517347336, 0.5999999642372131, 0.0, 149.7097930908203, 6.002645891088959
5032, 156.9358367919922, -239.1180419921875, -0.04774651303887367, 0.5250000357627869, 0.0, 149.54197692871094, 6.048556313764937
5033, 156.80001831054688, -239.03448486328125, -0.04583665728569031, 0.4500000476837158, 0.0, 149.377197265625, 6.084658356186982
5034, 156.80001831054688, -238.9524383544922, -0.0445634163916111, 0.40000003576278687, 0.0, 149.377197265625, 6.121727735672379
5035, 156.66732788085938, -238.9524383544922, -0.0445634163916111, 0.40000003576278687, 0.0, 149.2206573486328, 6.121727735672379
5036, 156.5361785888672, -238.8710479736328, -0.04329017922282219, 0.3500000238418579, 0.0, 149.06521606445312, 6.154141137085225
5037, 156.39010620117188, -238.77992248535156, -0.041380323469638824, 0.2750000059604645, 0.0, 148.89817810058594, 6.170084977771661
5038, 156.25698852539062, -238.69656372070312, -0.040107082575559616, 0.22499999403953552, 0.0, 148.7457275390625, 6.173874097920762
5039, 156.1129913330078, -238.60592651367188, -0.03819722682237625, 0.1499999761581421, 0.0, 148.58740234375, 6.169281631042355
5040, 155.97532653808594, -238.51898193359375, -0.03692398592829704, 0.09999997913837433, 0.0, 148.43653869628906, 6.153740557694613
5041, 155.84596252441406, -238.4369354248047, -0.03501413017511368, 0.024999981746077538, 0.0, 148.30101013183594, 6.138031871503775
5042, 155.69900512695312, -238.34339904785156, -0.03374089300632477, 0.0, 0.0, 148.1484832763672, 6.101002254875549
5043, 155.56861877441406, -238.26004028320312, -0.031831033527851105, 0.0, 0.0, 148.02000427246094, 6.0633762331784675
5044, 155.43325805664062, -238.17323303222656, -0.030557796359062195, 0.0, 0.0, 147.88778686523438, 6.019813947034266
5045, 155.29885864257812, -238.0867156982422, -0.02864793874323368, 0.0, 0.0, 147.76429748535156, 5.971111769708338
5046, 155.16102600097656, -237.9977264404297, -0.026738081127405167, 0.0, 0.0, 147.63922119140625, 5.91519930422205
5047, 155.0249481201172, -237.9095458984375, -0.024828223511576653, 0.05000000074505806, 0.0, 147.525390625, 5.86019710588463
5048, 154.88539123535156, -237.81893920898438, -0.023554984480142593, 0.10000000149011612, 0.0, 147.41017150878906, 5.8019965371655
5049, 154.7590789794922, -237.73651123046875, -0.026738084852695465, 0.17500001192092896, 0.0, 147.31202697753906, 5.758317378928595
5050, 154.63107299804688, -237.65255737304688, -0.030557803809642792, 0.2250000238418579, 0.0, 147.2077178955078, 5.718831852735075
5051, 154.49838256835938, -237.56480407714844, -0.036287374794483185, 0.30000004172325134, 0.0, 147.0970458984375, 5.678301859328276
5052, 154.3688507080078, -237.4784698486328, -0.04010709002614021, 0.3500000536441803, 0.0, 146.97682189941406, 5.644984807944629
5053, 154.24441528320312, -237.39476013183594, -0.045836664736270905, 0.42500007152557373, 0.0, 146.85459899902344, 5.625028587553385
5054, 154.11782836914062, -237.3087615966797, -0.0515662357211113, 0.5000000596046448, 0.0, 146.71383666992188, 5.611092987160274
5055, 154.00338745117188, -237.230224609375, -0.055385950952768326, 0.550000011920929, 0.0, 146.5780029296875, 5.618107177893786
5056, 153.8806915283203, -237.14523315429688, -0.059205666184425354, 0.5999999642372131, 0.0, 146.41690063476562, 5.631143989304451
5057, 153.75494384765625, -237.05722045898438, -0.06238876283168793, 0.574999988079071, 0.0, 146.241943359375, 5.6426639283606015
5058, 153.6361541748047, -236.97344970703125, -0.06111552193760872, 0.5250000357627869, 0.0, 146.06471252441406, 5.665406585454219
5059, 153.51513671875, -236.887451171875, -0.059205666184425354, 0.4500000476837158, 0.0, 145.88258361816406, 5.6940797457184305
5060, 153.38296508789062, -236.79296875, -0.05729580670595169, 0.3750000298023224, 0.0, 145.67764282226562, 5.705896869384458
5061, 153.25596618652344, -236.70166015625, -0.055385950952768326, 0.30000001192092896, 0.0, 145.48367309570312, 5.713192786574141
5062, 153.131591796875, -236.6117706298828, -0.054112713783979416, 0.25, 0.0, 145.29090881347656, 5.720277195843296
5063, 153.0167999267578, -236.5283660888672, -0.05220285430550575, 0.17499998211860657, 0.0, 145.11798095703125, 5.731892488627594
5064, 152.8893585205078, -236.43536376953125, -0.05092961713671684, 0.12499997764825821, 0.0, 144.9257354736328, 5.7272432418215695
5065, 152.76815795898438, -236.34642028808594, -0.04901975765824318, 0.04999998211860657, 0.0, 144.74859619140625, 5.712063714581764
5066, 152.65066528320312, -236.2598419189453, -0.04774652048945427, -1.8253922817734747e-08, 0.0, 144.57672119140625, 5.692523522171365
5067, 152.52374267578125, -236.165771484375, -0.045836664736270905, 0.05000000074505806, 0.0, 144.3979949951172, 5.657248778616519
5068, 152.41140747070312, -236.08221435546875, -0.044563423842191696, 0.10000000149011612, 0.0, 144.23973083496094, 5.628179918599341
5069, 152.2889862060547, -235.9906005859375, -0.045836664736270905, 0.15000000596046448, 0.0, 144.07286071777344, 5.592388549377329
5070, 152.1635284423828, -235.89601135253906, -0.0515662357211113, 0.2250000238418579, 0.0, 143.8949737548828, 5.548079326179811
5071, 152.04827880859375, -235.80824279785156, -0.05729580670595169, 0.30000004172325134, 0.0, 143.728271484375, 5.518802804409404
5072, 151.9333038330078, -235.71983337402344, -0.06111552193760872, 0.3500000536441803, 0.0, 143.54977416992188, 5.495982111695241
5073, 151.81668090820312, -235.6293487548828, -0.05984228476881981, 0.40000006556510925, 0.0, 143.36521911621094, 5.477063046633109
5074, 151.69985961914062, -235.5380859375, -0.05729580670595169, 0.40000006556510925, 0.0, 143.17372131347656, 5.461837515864284
5075, 151.5912628173828, -235.45265197753906, -0.05602256953716278, 0.3500000536441803, 0.0, 142.99850463867188, 5.461182252313455
5076, 151.47885131835938, -235.36376953125, -0.054112713783979416, 0.27500003576278687, 0.0, 142.81509399414062, 5.459082492508033
5077, 151.36404418945312, -235.27247619628906, -0.05283947288990021, 0.2250000238418579, 0.0, 142.6329345703125, 5.449489249276366
5078, 151.2531280517578, -235.1838836669922, -0.05092961713671684, 0.15000000596046448, 0.0, 142.45616149902344, 5.4385936817456075
5079, 151.14309692382812, -235.09552001953125, -0.04965637996792793, 0.10000000149011612, 0.0, 142.28692626953125, 5.425187912946977
5080, 151.03097534179688, -235.00511169433594, -0.048383139073848724, 0.05000000447034836, 0.0, 142.11412048339844, 5.401715099100027
5081, 150.92652893066406, -234.9204559326172, -0.04647328332066536, -0.02499999664723873, 0.0, 141.95938110351562, 5.380195071810623
5082, 150.81483459472656, -234.82958984375, -0.04520004242658615, 0.0, 0.0, 141.79397583007812, 5.343073569954157
5083, 150.70779418945312, -234.7420654296875, -0.043290186673402786, 0.0, 0.0, 141.6422576904297, 5.303538454328526
5084, 150.5966796875, -234.65089416503906, -0.042016949504613876, 0.0, 0.0, 141.48451232910156, 5.254414259519653
5085, 150.4922637939453, -234.56480407714844, -0.04010709002614021, 0.0, 0.0, 141.3438720703125, 5.2103122561468265
5086, 150.39114379882812, -234.48118591308594, -0.0388338528573513, 0.02500000037252903, 0.0, 141.20785522460938, 5.170017509143095
5087, 150.2830047607422, -234.3914031982422, -0.03692399337887764, 0.10000000149011612, 0.0, 141.07095336914062, 5.120180295720434
5088, 150.17999267578125, -234.3056182861328, -0.03565075621008873, 0.15000000596046448, 0.0, 140.9407501220703, 5.07575600961218
5089, 150.0768280029297, -234.2191162109375, -0.043290186673402786, 0.2500000298023224, 0.0, 140.81344604492188, 5.034757394443381
5090, 149.97714233398438, -234.1349334716797, -0.047109901905059814, 0.30000004172325134, 0.0, 140.68179321289062, 5.00233677003994
5091, 149.8685760498047, -234.04229736328125, -0.05283947288990021, 0.3750000596046448, 0.0, 140.5347137451172, 5.021844941331837
5092, 149.7684783935547, -233.95614624023438, -0.0515662357211113, 0.3250000476837158, 0.0, 140.39190673828125, 5.066222798534558
5093, 149.66616821289062, -233.86753845214844, -0.04965637996792793, 0.2500000298023224, 0.0, 140.24378967285156, 5.090396246439846
5094, 149.5670928955078, -233.78128051757812, -0.048383139073848724, 0.20000001788139343, 0.0, 140.10008239746094, 5.09648342778404
5095, 149.4669952392578, -233.6938018798828, -0.04647328332066536, 0.125, 0.0, 139.9551544189453, 5.089132342838659
5096, 149.3652801513672, -233.60462951660156, -0.04520004242658615, 0.07500000298023224, 0.0, 139.80906677246094, 5.02351884097121
5097, 149.26121520996094, -233.5131072998047, -0.043290186673402786, 4.0978194171259474e-09, 0.0, 139.66143798828125, 4.982548300573362
5098, 149.16160583496094, -233.4250946044922, -0.042016949504613876, 0.0, 0.0, 139.5238494873047, 4.9713096301281245
5099, 149.06863403320312, -233.34271240234375, -0.04010709002614021, 0.0, 0.0, 139.39907836914062, 4.945295133140426
5100, 148.97142028808594, -233.2562713623047, -0.0388338528573513, 0.0, 0.0, 139.27232360839844, 4.9097139125685665
5101, 148.8767852783203, -233.1718292236328, -0.03692399337887764, 0.0, 0.0, 139.15283203125, 4.870611170700239
5102, 148.78956604003906, -233.0938262939453, -0.03565075621008873, 0.0, 0.0, 139.04611206054688, 4.832421859080132
5103, 148.69659423828125, -233.01043701171875, -0.03437751904129982, 0.0, 0.0, 138.93614196777344, 4.790446416535249
5104, 148.6055450439453, -232.92857360839844, -0.03246765956282616, 0.0, 0.0, 138.8323516845703, 4.748625712393096
5105, 148.51087951660156, -232.84326171875, -0.031194422394037247, 0.0, 0.0, 138.72879028320312, 4.704703144451209
5106, 148.42063903808594, -232.76173400878906, -0.028647946193814278, 0.0, 0.0, 138.63462829589844, 4.662622683532917
5107, 148.3305206298828, -232.6802215576172, -0.02737470716238022, 0.0, 0.0, 138.5452880859375, 4.6204635417196585
5108, 148.2482147216797, -232.60565185546875, -0.02610146999359131, 0.0, 0.0, 138.4674530029297, 4.58187388171283
5109, 148.15646362304688, -232.5223846435547, -0.024191612377762794, 0.0, 0.0, 138.3852996826172, 4.53878379822951
5110, 148.06922912597656, -232.44308471679688, -0.022918373346328735, 0.0, 0.0, 138.3114776611328, 4.497769283302799
5111, 147.98924255371094, -232.3702850341797, -0.021645134314894676, 0.0, 0.0, 138.247314453125, 4.460125777583922
5112, 147.90391540527344, -232.29257202148438, -0.019735276699066162, 0.0, 0.0, 138.18299865722656, 4.419948406885985
5113, 147.81936645507812, -232.21546936035156, -0.018462039530277252, 0.0, 0.0, 138.12330627441406, 4.380091980015576
5114, 147.7291717529297, -232.13319396972656, -0.016552181914448738, 0.0, 0.0, 138.06448364257812, 4.337566274580555
5115, 147.64974975585938, -232.06069946289062, -0.015278942883014679, 0.05000000074505806, 0.0, 138.01651000976562, 4.302425273268204
5116, 147.56600952148438, -231.98406982421875, -0.0184620413929224, 0.125, 0.0, 137.96707153320312, 4.270328703462503
5117, 147.48941040039062, -231.91378784179688, -0.022281760349869728, 0.17500001192092896, 0.0, 137.91973876953125, 4.247861586775755
5118, 147.4103546142578, -231.84083557128906, -0.026101479306817055, 0.2250000238418579, 0.0, 137.8661651611328, 4.231935720840542
5119, 147.33041381835938, -231.76675415039062, -0.026101481169462204, 0.3250000476837158, 0.0, 137.80787658691406, 4.224383246008899
5120, 147.2449188232422, -231.68731689453125, -0.024828242138028145, 0.3750000596046448, 0.0, 137.74354553222656, 4.228077155102212
5121, 147.16444396972656, -231.61244201660156, -0.02291838452219963, 0.4500000774860382, 0.0, 137.68328857421875, 4.241031690581424
5122, 147.08633422851562, -231.53970336914062, -0.02164514735341072, 0.5000000596046448, 0.0, 137.62644958496094, 4.262290112416551
5123, 147.0111541748047, -231.4696044921875, -0.02037190832197666, 0.550000011920929, 0.0, 137.5736846923828, 4.289741694731745
5124, 146.9298858642578, -231.3938446044922, -0.018462050706148148, 0.6249999403953552, 0.0, 137.519775390625, 4.326893952399036
5125, 146.84652709960938, -231.31607055664062, -0.01718881167471409, 0.6749998927116394, 0.0, 137.46800231933594, 4.373344851127374
5126, 146.76307678222656, -231.2382049560547, -0.01591557450592518, 0.7249998450279236, 0.0, 137.41966247558594, 4.4270472101017795
5127, 146.6768341064453, -231.15773010253906, -0.01591557450592518, 0.7249998450279236, 0.0, 137.37376403808594, 4.489559248564594
5128, 146.58924865722656, -231.0759735107422, -0.012732473202049732, 0.7499998211860657, 0.0, 137.331298828125, 4.557368513829337
5129, 146.50050354003906, -230.9931640625, -0.010822612792253494, 0.6749998927116394, 0.0, 137.29261779785156, 4.623837570843861
5130, 146.4150848388672, -230.9134521484375, -0.00954937282949686, 0.6249999403953552, 0.0, 137.25921630859375, 4.6824525743804095
5131, 146.32159423828125, -230.82627868652344, -0.00763951288536191, 0.550000011920929, 0.0, 137.22727966308594, 4.738578727476932
5132, 146.23388671875, -230.7445526123047, -0.005729653872549534, 0.4750000536441803, 0.0, 137.20162963867188, 4.782100383818444
5133, 146.14683532714844, -230.6634979248047, -0.003819794859737158, 0.40000003576278687, 0.0, 137.1806182861328, 4.815558072749359
5134, 146.0535125732422, -230.57667541503906, -0.0025465551298111677, 0.3500000238418579, 0.0, 137.1627197265625, 4.840951649176574
5135, 145.9617462158203, -230.4913787841797, -0.0012733156327158213, 0.30000001192092896, 0.0, 137.1493377685547, 4.856583103284393
5136, 145.8739776611328, -230.40988159179688, 0.0, 0.22499999403953552, 0.0, 137.14016723632812, 4.86270153973878
5137, 145.7806854248047, -230.32318115234375, -0.0038197184912860394, 0.17499998211860657, 0.0, 137.13096618652344, 4.859530691578863
5138, 145.68429565429688, -230.23329162597656, -0.009549296461045742, 0.09999997913837433, 0.0, 137.11685180664062, 4.845927884573655
5139, 145.59918212890625, -230.1536102294922, -0.013369014486670494, 0.04999998211860657, 0.0, 137.09808349609375, 4.825369670412922
5140, 145.50823974609375, -230.06805419921875, -0.01718873344361782, -1.8253922817734747e-08, 0.0, 137.0699005126953, 4.795148100003706
5141, 145.41946411132812, -229.98411560058594, -0.02291831001639366, 0.07499998062849045, 0.0, 137.03221130371094, 4.761500943020951
5142, 145.33436584472656, -229.9031982421875, -0.026738028973340988, 0.12499997764825821, 0.0, 136.98580932617188, 4.731674176478749
5143, 145.24940490722656, -229.8219451904297, -0.030557747930288315, 0.17499998211860657, 0.0, 136.9290771484375, 4.706652010386633
5144, 145.1622772216797, -229.7381591796875, -0.03374084457755089, 0.19999998807907104, 0.0, 136.8603973388672, 4.686389068049136
5145, 145.0757598876953, -229.65457153320312, -0.03246760740876198, 0.1499999761581421, 0.0, 136.7848358154297, 4.66839553073026
5146, 144.9911346435547, -229.57257080078125, -0.030557749792933464, 0.07499998062849045, 0.0, 136.7073211669922, 4.647521357521026
5147, 144.904541015625, -229.48858642578125, -0.02864789217710495, -1.8253922817734747e-08, 0.0, 136.62716674804688, 4.618952543374998
5148, 144.8200225830078, -229.40647888183594, -0.02737465500831604, 0.0, 0.0, 136.54945373535156, 4.584213709734632
5149, 144.73765563964844, -229.32638549804688, -0.02610141597688198, 0.0, 0.0, 136.47500610351562, 4.54739015571798
5150, 144.6551513671875, -229.24603271484375, -0.024191558361053467, 0.0, 0.0, 136.40277099609375, 4.508946437234993
5151, 144.57391357421875, -229.1668701171875, -0.022918321192264557, 0.0, 0.0, 136.33436584472656, 4.470289692817041
5152, 144.4970703125, -229.09190368652344, -0.021645082160830498, 0.0, 0.0, 136.27236938476562, 4.433326496851561
5153, 144.41761779785156, -229.01434326171875, -0.019735224545001984, 0.0, 0.0, 136.2116241455078, 4.394886118208023
5154, 144.33546447753906, -228.93409729003906, -0.018461985513567924, 0.0, 0.0, 136.1525115966797, 4.354989537569564
5155, 144.25466918945312, -228.85511779785156, -0.01655212789773941, 0.0, 0.0, 136.09840393066406, 4.315682009119843
5156, 144.1773223876953, -228.77951049804688, -0.015278889797627926, 0.05000000074505806, 0.0, 136.05038452148438, 4.280399230161307
5157, 144.0975799560547, -228.70140075683594, -0.01655212789773941, 0.10000000149011612, 0.0, 136.00299072265625, 4.248411063597698
5158, 144.0211639404297, -228.62625122070312, -0.024191565811634064, 0.20000001788139343, 0.0, 135.954345703125, 4.22424302279787
5159, 143.9441680908203, -228.55007934570312, -0.02801128476858139, 0.2500000298023224, 0.0, 135.89891052246094, 4.209591981319225
5160, 143.86839294433594, -228.47467041015625, -0.03183100372552872, 0.30000004172325134, 0.0, 135.83692932128906, 4.203815974471941
5161, 143.7853546142578, -228.3914794921875, -0.03501410037279129, 0.3750000596046448, 0.0, 135.76011657714844, 4.207125382100781
5162, 143.70530700683594, -228.3109588623047, -0.03310424089431763, 0.30000004172325134, 0.0, 135.68087768554688, 4.214980536280588
5163, 143.62815856933594, -228.23313903808594, -0.03183100372552872, 0.2500000298023224, 0.0, 135.60276794433594, 4.219644233326197
5164, 143.55450439453125, -228.15872192382812, -0.030557764694094658, 0.20000001788139343, 0.0, 135.528076171875, 4.219176985586231
5165, 143.4767303466797, -228.0800323486328, -0.028647907078266144, 0.125, 0.0, 135.45053100585938, 4.211269067875194
5166, 143.39901733398438, -228.00132751464844, -0.027374669909477234, 0.07500000298023224, 0.0, 135.3750762939453, 4.194940065184349
5167, 143.3239288330078, -227.9252166748047, -0.02546481229364872, 4.0978194171259474e-09, 0.0, 135.3047637939453, 4.1707416239836546
5168, 143.2476806640625, -227.84786987304688, -0.02419157326221466, 0.0, 0.0, 135.2362060546875, 4.1387458381515065
5169, 143.1729736328125, -227.77197265625, -0.02291833609342575, 0.0, 0.0, 135.17189025878906, 4.104296393122607
5170, 143.10153198242188, -227.69937133789062, -0.021008478477597237, 0.0, 0.0, 135.11351013183594, 4.069979951310453
5171, 143.02772521972656, -227.6243133544922, -0.019735239446163177, 0.0, 0.0, 135.0565948486328, 4.033837897586892
5172, 142.95407104492188, -227.54925537109375, -0.02291833981871605, 0.05000000074505806, 0.0, 135.00038146972656, 3.999936658804743
5173, 142.88255310058594, -227.4760284423828, -0.026738058775663376, 0.10000000149011612, 0.0, 134.943115234375, 3.9712178993427707
5174, 142.80953979492188, -227.40077209472656, -0.03437749296426773, 0.20000001788139343, 0.0, 134.8771514892578, 3.9488419053317227
5175, 142.73934936523438, -227.32794189453125, -0.03819720819592476, 0.2500000298023224, 0.0, 134.80503845214844, 3.9371576119007528
5176, 142.67245483398438, -227.258056640625, -0.03947044536471367, 0.30000004172325134, 0.0, 134.72952270507812, 3.934135935261943
5177, 142.60235595703125, -227.1845703125, -0.037560585886240005, 0.2250000238418579, 0.0, 134.646484375, 3.933846778300102
5178, 142.53060913085938, -227.10916137695312, -0.036287348717451096, 0.17500001192092896, 0.0, 134.5601348876953, 3.929837864789206
5179, 142.46044921875, -227.03529357910156, -0.03437749296426773, 0.10000000149011612, 0.0, 134.47621154785156, 3.919333483426428
5180, 142.39215087890625, -226.9632568359375, -0.03310425207018852, 0.05000000447034836, 0.0, 134.3958282470703, 3.9015390342318477
5181, 142.3234100341797, -226.8907012939453, -0.03183101490139961, 4.0978194171259474e-09, 0.0, 134.3167266845703, 3.8763391863161853
5182, 142.26025390625, -226.82395935058594, -0.0299211572855711, 0.0, 0.0, 134.24624633789062, 3.848636345657652
5183, 142.19049072265625, -226.75013732910156, -0.02864792011678219, 0.0, 0.0, 134.17115783691406, 3.8156327965136105
5184, 142.1254425048828, -226.68121337890625, -0.02737468108534813, 0.02500000037252903, 0.0, 134.1038360595703, 3.7841632824188576
5185, 142.05731201171875, -226.60897827148438, -0.025464823469519615, 0.10000000149011612, 0.0, 134.03660583496094, 3.7549108324077407
5186, 141.99095153808594, -226.53858947753906, -0.024191584438085556, 0.15000000596046448, 0.0, 133.97450256347656, 3.7334594735465427
5187, 141.9243621826172, -226.46791076660156, -0.022281726822257042, 0.2250000238418579, 0.0, 133.91590881347656, 3.719813258366049
5188, 141.85755920410156, -226.39694213867188, -0.021008489653468132, 0.27500003576278687, 0.0, 133.86082458496094, 3.71521180468418
5189, 141.78981018066406, -226.32498168945312, -0.019098632037639618, 0.20000001788139343, 0.0, 133.8089599609375, 3.7133150650899527
5190, 141.72357177734375, -226.25454711914062, -0.01782539300620556, 0.15000000596046448, 0.0, 133.7617950439453, 3.707457989335525
5191, 141.66241455078125, -226.18955993652344, -0.015915535390377045, 0.07500000298023224, 0.0, 133.72137451171875, 3.695997786297772
5192, 141.59759521484375, -226.12069702148438, -0.014005675911903381, 4.0978194171259474e-09, 0.0, 133.6822509765625, 3.6751035262332867
5193, 141.52955627441406, -226.04843139648438, -0.012732435017824173, 0.05000000447034836, 0.0, 133.6449432373047, 3.6481415469260505
5194, 141.46669006347656, -225.98165893554688, -0.01082257553935051, 0.125, 0.0, 133.61402893066406, 3.62558179717247
5195, 141.4031219482422, -225.91421508789062, -0.009549334645271301, 0.17500001192092896, 0.0, 133.58615112304688, 3.6092985671575337
5196, 141.33900451660156, -225.8462677001953, -0.007639475166797638, 0.2500000298023224, 0.0, 133.56178283691406, 3.600557543810635
5197, 141.276123046875, -225.77960205078125, -0.0063662356697022915, 0.30000004172325134, 0.0, 133.5414581298828, 3.6006211229424077
5198, 141.212646484375, -225.71240234375, -0.0044563766568899155, 0.3750000596046448, 0.0, 133.52464294433594, 3.608846390908274
5199, 141.1472625732422, -225.6432342529297, -0.003183137159794569, 0.42500007152557373, 0.0, 133.5110321044922, 3.6262472441423035
5200, 141.0817108154297, -225.573974609375, -0.001909897429868579, 0.4750000834465027, 0.0, 133.5008544921875, 3.651329519209936
5201, 141.01339721679688, -225.50189208984375, 0.0, 0.4500000476837158, 0.0, 133.49407958984375, 3.6815000635363395
5202, 140.94891357421875, -225.43389892578125, 0.0, 0.40000003576278687, 0.0, 133.49029541015625, 3.708588598209078
5203, 140.8816375732422, -225.36294555664062, 0.0, 0.32500001788139343, 0.0, 133.48797607421875, 3.7310261111892027
5204, 140.8162078857422, -225.29397583007812, 0.0, 0.2750000059604645, 0.0, 133.4866943359375, 3.745455755205711
5205, 140.74887084960938, -225.22300720214844, 0.0, 0.19999998807907104, 0.0, 133.48594665527344, 3.7517836309277173
5206, 140.68309020996094, -225.15362548828125, 0.0, 0.19999998807907104, 0.0, 133.48548889160156, 3.749349803889668
5207, 140.614501953125, -225.0813446044922, 0.0, 0.07499998062849045, 0.0, 133.485107421875, 3.7376392936271583
5208, 140.54823303222656, -225.01145935058594, 0.0, 0.024999981746077538, 0.0, 133.4848175048828, 3.7175789047787395
5209, 140.48269653320312, -224.94235229492188, 0.0, 0.0, 0.0, 133.4844970703125, 3.6920254672534085
5210, 140.41795349121094, -224.87411499023438, 0.0, 0.0, 0.0, 133.484130859375, 3.662790685769449
5211, 140.3515167236328, -224.8040771484375, 0.0, 0.0, 0.0, 133.4837188720703, 3.6309311468298207
5212, 140.29095458984375, -224.74020385742188, 0.0, 0.0, 0.0, 133.4832763671875, 3.6011306254845463
5213, 140.22360229492188, -224.669189453125, 0.0, 0.0, 0.0, 133.4828338623047, 3.567609693569322
5214, 140.15975952148438, -224.60191345214844, 0.0, 0.0, 0.0, 133.4823455810547, 3.5356836275850156
5215, 140.09695434570312, -224.53567504882812, 0.0, 0.0, 0.0, 133.48191833496094, 3.5042074026394583
5216, 140.0359649658203, -224.47134399414062, 0.0, 0.0, 0.0, 133.4814453125, 3.4736056202438745
5217, 139.97415161132812, -224.4061737060547, 0.0, 0.05000000074505806, 0.0, 133.48097229003906, 3.4422365101277412
5218, 139.91270446777344, -224.34140014648438, 0.0, 0.10000000149011612, 0.0, 133.4805450439453, 3.4173925425824434
5219, 139.85386657714844, -224.27935791015625, 0.0, 0.15000000596046448, 0.0, 133.48019409179688, 3.400125824168403
5220, 139.79104614257812, -224.21307373046875, 0.0, 0.2250000238418579, 0.0, 133.47988891601562, 3.3897381767884944
5221, 139.7306365966797, -224.14938354492188, 0.0, 0.30000004172325134, 0.0, 133.479736328125, 3.3891381347991243
5222, 139.67141723632812, -224.08692932128906, 0.0, 0.3500000536441803, 0.0, 133.47964477539062, 3.3975499529870876
5223, 139.61024475097656, -224.0224151611328, 0.0, 0.40000006556510925, 0.0, 133.47970581054688, 3.4140138240880513
5224, 139.5486602783203, -223.95745849609375, 0.0, 0.4750000834465027, 0.0, 133.47987365722656, 3.4381698597179806
5225, 139.48655700683594, -223.8919677734375, 0.0, 0.5250000357627869, 0.0, 133.48013305664062, 3.470700577279664
5226, 139.4221649169922, -223.82403564453125, 0.0, 0.5999999642372131, 0.0, 133.4805450439453, 3.5122135857667396
5227, 139.3556365966797, -223.75390625, 0.0, 0.6499999165534973, 0.0, 133.48114013671875, 3.5634100854310757
5228, 139.29270935058594, -223.68756103515625, 0.0, 0.7499998211860657, 0.0, 133.48175048828125, 3.618933246710602
5229, 139.2283477783203, -223.6197052001953, 0.0, 0.7999997735023499, 0.0, 133.48251342773438, 3.6840562475037424
5230, 139.16238403320312, -223.55015563964844, 0.0, 0.8749997019767761, 0.0, 133.48348999023438, 3.757813229024942
5231, 139.09310913085938, -223.47708129882812, 0.0, 0.9249996542930603, 0.0, 133.4845733642578, 3.8423390144241383
5232, 139.02484130859375, -223.40509033203125, 0.0, 0.8999996781349182, 0.0, 133.48582458496094, 3.9288223760247813
5233, 138.95225524902344, -223.3285675048828, 0.0, 0.849999725818634, 0.0, 133.48719787597656, 4.018902060296942
5234, 138.87840270996094, -223.25064086914062, 0.0, 0.7749997973442078, 0.0, 133.48866271972656, 4.104622388928971
5235, 138.8079071044922, -223.17630004882812, 0.0, 0.7249998450279236, 0.0, 133.4900360107422, 4.17906859182659
5236, 138.73435974121094, -223.09873962402344, 0.0, 0.6749998927116394, 0.0, 133.491455078125, 4.248993464970279
5237, 138.65330505371094, -223.01327514648438, 0.0, 0.5999999642372131, 0.0, 133.4928741455078, 4.3161630201422225
5238, 138.57420349121094, -222.92987060546875, 0.0, 0.550000011920929, 0.0, 133.49417114257812, 4.371796882188638
5239, 138.4955596923828, -222.84698486328125, 0.0, 0.4750000536441803, 0.0, 133.4953155517578, 4.417463370060278
5240, 138.41415405273438, -222.7613067626953, 0.0038197184912860394, 0.42500004172325134, 0.0, 133.49887084960938, 4.454657772246473
5241, 138.33287048339844, -222.67605590820312, 0.009549296461045742, 0.3500000238418579, 0.0, 133.50860595703125, 4.481703607013999
5242, 138.2544708251953, -222.5941619873047, 0.013369014486670494, 0.30000001192092896, 0.0, 133.52549743652344, 4.498457668619936
5243, 138.17283630371094, -222.50924682617188, 0.01718873344361782, 0.25, 0.0, 133.55172729492188, 4.507145397699027
5244, 138.08949279785156, -222.423095703125, 0.02291831001639366, 0.17499998211860657, 0.0, 133.58914184570312, 4.506424659784523
5245, 138.0102081298828, -222.34158325195312, 0.026738028973340988, 0.12499997764825821, 0.0, 133.63491821289062, 4.496876807563157
5246, 137.92425537109375, -222.2538299560547, 0.03437746688723564, 0.024999981746077538, 0.0, 133.6981658935547, 4.475831593652173
5247, 137.84449768066406, -222.17303466796875, 0.03819718211889267, 0.0, 0.0, 133.7692413330078, 4.446535790513614
5248, 137.76576232910156, -222.09381103515625, 0.0420168936252594, 0.0, 0.0, 133.85044860839844, 4.412508202488462
5249, 137.68421936035156, -222.0123748779297, 0.04774646833539009, 0.0, 0.0, 133.9468231201172, 4.374589463360705
5250, 137.60243225097656, -221.93138122558594, 0.053476039320230484, 0.0, 0.0, 134.05674743652344, 4.335237274148319
5251, 137.52452087402344, -221.8549041748047, 0.05729575455188751, 0.0, 0.0, 134.17320251464844, 4.297278591095519
5252, 137.44692993164062, -221.77932739257812, 0.06111546978354454, 0.0, 0.0, 134.2998504638672, 4.25933101997566
5253, 137.36817932128906, -221.70333862304688, 0.06684504449367523, 0.0, 0.0, 134.43980407714844, 4.220729631596629
5254, 137.28773498535156, -221.6264190673828, 0.07066475600004196, 0.0, 0.0, 134.59442138671875, 4.181415629952672
5255, 137.2110137939453, -221.55381774902344, 0.07639432698488235, 0.0, 0.0, 134.75289916992188, 4.143972785971377
5256, 137.13333129882812, -221.48104858398438, 0.08021404594182968, 0.0, 0.0, 134.92410278320312, 4.106255189803285
5257, 137.05462646484375, -221.4081268310547, 0.08594361692667007, 0.0, 0.0, 135.1089324951172, 4.068149239391163
5258, 136.9806671142578, -221.33917236328125, 0.0897633358836174, 0.0, 0.0, 135.34283447265625, 3.866906710137206
5259, 136.90826416015625, -221.26922607421875, 0.09358304738998413, 0.0, 0.0, 135.61949157714844, 3.8060415700212964
5260, 136.84335327148438, -221.2102813720703, 0.09931261837482452, 0.0, 0.0, 135.85708618164062, 3.775330471891972
5261, 136.76780700683594, -221.14315795898438, 0.10313233733177185, 0.0, 0.0, 136.1179656982422, 3.7395971882189523
5262, 136.6936492919922, -221.07823181152344, 0.10886190831661224, 0.0, 0.0, 136.36871337890625, 3.704586275785785
5263, 136.618896484375, -221.01364135742188, 0.11268161982297897, 0.0, 0.0, 136.62184143066406, 3.669599851529484
5264, 136.5508575439453, -220.9555206298828, 0.1165013387799263, 0.0, 0.0, 136.85499572753906, 3.6380540021047993
5265, 136.4779052734375, -220.8939971923828, 0.1222309097647667, 0.0, 0.0, 137.11045837402344, 3.6043443063014777
5266, 136.40695190429688, -220.83505249023438, 0.12796048820018768, 0.0, 0.0, 137.3659210205078, 3.5717756051043277
5267, 136.33485412597656, -220.77606201171875, 0.13369005918502808, 0.0, 0.0, 137.63365173339844, 3.538916374260741
5268, 136.26548767089844, -220.72018432617188, 0.1375097632408142, 0.0, 0.0, 137.89886474609375, 3.5076776254325073
5269, 136.1977081298828, -220.6664276123047, 0.14132948219776154, 0.0, 0.0, 138.16461181640625, 3.4774290212250114
5270, 136.127685546875, -220.61175537109375, 0.14705905318260193, 0.0, 0.0, 138.44668579101562, 3.4462605835499622
5271, 136.05831909179688, -220.5584716796875, 0.15087877213954926, 0.0, 0.0, 138.73348999023438, 3.4156658490725063
5272, 135.98973083496094, -220.5067138671875, 0.15660834312438965, 0.0, 0.0, 139.02447509765625, 3.38547792312754
5273, 135.91836547851562, -220.45372009277344, 0.16042806208133698, 0.0, 0.0, 139.33502197265625, 3.3543440921746366
5274, 135.84710693359375, -220.40171813964844, 0.1642477810382843, 0.0, 0.0, 139.65206909179688, 3.323481661428774
5275, 135.78176879882812, -220.3548126220703, 0.1699773520231247, 0.0, 0.0, 139.9493408203125, 3.2951604046786973
5276, 135.71377563476562, -220.30686950683594, 0.17379705607891083, 0.0, 0.0, 140.26536560058594, 3.26591211841278
5277, 135.64453125, -220.25885009765625, 0.17761677503585815, 0.0, 0.0, 140.59364318847656, 3.2363142808183567
5278, 135.57473754882812, -220.21131896972656, 0.18334634602069855, 0.0, 0.0, 140.93165588378906, 3.206472627493492
5279, 135.50794982910156, -220.16665649414062, 0.18907591700553894, 0.0, 0.0, 141.26251220703125, 3.177962705340288
5280, 135.43896484375, -220.12139892578125, 0.19480548799037933, 0.0, 0.0, 141.6122589111328, 3.1486088895197795
5281, 135.37245178222656, -220.07862854003906, 0.19862520694732666, 0.0, 0.0, 141.9563446044922, 3.1206057543276042
5282, 135.30960083007812, -220.03884887695312, 0.19989845156669617, 0.0, 0.0, 142.28599548339844, 3.094547581605835
5283, 135.24131774902344, -219.996337890625, 0.20053507387638092, 0.0, 0.0, 142.64743041992188, 3.0665578216344938
5284, 135.1739501953125, -219.95497131347656, 0.20180830359458923, 0.0, 0.0, 143.0143585205078, 3.0105210927397166
5285, 135.10777282714844, -219.91412353515625, 0.19989845156669617, 0.0, 0.0, 143.43357849121094, 2.9016933069047024
5286, 135.04354858398438, -219.87396240234375, 0.20117168128490448, 0.0, 0.0, 143.86727905273438, 2.8415575252529948
5287, 134.9818115234375, -219.83595275878906, 0.20180830359458923, 0.0, 0.0, 144.25282287597656, 2.819713011870944
5288, 134.9261016845703, -219.80239868164062, 0.20053507387638092, 0.0, 0.0, 144.5776824951172, 2.798505157944712
5289, 134.86529541015625, -219.76657104492188, 0.20180830359458923, 0.0, 0.0, 144.9174041748047, 2.7745306924136552
5290, 134.80123901367188, -219.72964477539062, 0.19989845156669617, 0.0, 0.0, 145.26473999023438, 2.7491770367201
5291, 134.74009704589844, -219.69509887695312, 0.20117168128490448, 0.0, 0.0, 145.59068298339844, 2.724641669055916
5292, 134.6773223876953, -219.66030883789062, 0.20180830359458923, 0.0, 0.0, 145.9222869873047, 2.6994031045495803
5293, 134.61729431152344, -219.62765502929688, 0.20053507387638092, 0.0, 0.0, 146.23672485351562, 2.6755244248534265
5294, 134.5580596923828, -219.595947265625, 0.20117168128490448, 0.0, 0.0, 146.54539489746094, 2.6519017782606515
5295, 134.49981689453125, -219.56597900390625, 0.19989845156669617, 0.0, 0.0, 146.81993103027344, 2.447083946653851
5296, 134.4456024169922, -219.54083251953125, 0.20117168128490448, 0.02500000037252903, 0.0, 146.97665405273438, 2.333056897224843
5297, 134.39198303222656, -219.5149688720703, 0.20180830359458923, 0.10000000149011612, 0.0, 147.18789672851562, 2.306804525100448
5298, 134.3400421142578, -219.4890594482422, 0.20053507387638092, 0.15000000596046448, 0.0, 147.42637634277344, 2.2904139768000693
5299, 134.28857421875, -219.46359252929688, 0.20117168128490448, 0.2250000238418579, 0.0, 147.67666625976562, 2.2876926533079263
5300, 134.23861694335938, -219.43934631347656, 0.19989845156669617, 0.27500003576278687, 0.0, 147.9240264892578, 2.287317077376075
5301, 134.1865997314453, -219.4146270751953, 0.20053507387638092, 0.3500000536441803, 0.0, 148.18460083007812, 2.3008168969006912
5302, 134.13357543945312, -219.3897247314453, 0.19862520694732666, 0.42500007152557373, 0.0, 148.45045471191406, 2.323311479148852
5303, 134.07913208007812, -219.3644256591797, 0.19735197722911835, 0.4750000834465027, 0.0, 148.72235107421875, 2.3581453346906573
5304, 134.0235595703125, -219.3388214111328, 0.1954421103000641, 0.4500000476837158, 0.0, 148.99740600585938, 2.395903660852452
5305, 133.96438598632812, -219.31179809570312, 0.19416888058185577, 0.40000003576278687, 0.0, 149.28811645507812, 2.4321311942402484
5306, 133.9081268310547, -219.28627014160156, 0.19289563596248627, 0.3500000238418579, 0.0, 149.56216430664062, 2.4620251300961127
5307, 133.85220336914062, -219.2610626220703, 0.1909857839345932, 0.2750000059604645, 0.0, 149.83238220214844, 2.485713743062772
5308, 133.80093383789062, -219.23814392089844, 0.1897125393152237, 0.22499999403953552, 0.0, 150.0783233642578, 2.499931698646281
5309, 133.7413787841797, -219.21170043945312, 0.18843930959701538, 0.17499998211860657, 0.0, 150.36209106445312, 2.50803242009258
5310, 133.68382263183594, -219.1864013671875, 0.18652944266796112, 0.09999997913837433, 0.0, 150.63421630859375, 2.506177421328259
5311, 133.6246795654297, -219.1605987548828, 0.1852562129497528, 0.04999998211860657, 0.0, 150.91209411621094, 2.497095240582979
5312, 133.5712432861328, -219.13751220703125, 0.1839829683303833, -1.8253922817734747e-08, 0.0, 151.16134643554688, 2.4832483831127394
5313, 133.5133514404297, -219.1127471923828, 0.18207311630249023, 0.0, 0.0, 151.42910766601562, 2.4694451346069686
5314, 133.45440673828125, -219.0877685546875, 0.18079987168312073, 0.0, 0.0, 151.6994171142578, 2.4511763492110816
5315, 133.3979034423828, -219.06399536132812, 0.17889001965522766, 0.0, 0.0, 151.95616149902344, 2.431946641720375
5316, 133.34048461914062, -219.0401153564453, 0.1769801527261734, 0.0, 0.0, 152.21438598632812, 2.4116278601089207
5317, 133.28338623046875, -219.0166015625, 0.1757069230079651, 0.0, 0.0, 152.46865844726562, 2.3910641565153754
5318, 133.227294921875, -218.99371337890625, 0.17379705607891083, 0.0, 0.0, 152.71595764160156, 2.3707514205752256
5319, 133.17494201660156, -218.97251892089844, 0.17252382636070251, 0.0, 0.0, 152.94464111328125, 2.351722768769019
5320, 133.12176513671875, -218.95120239257812, 0.171250581741333, 0.0, 0.0, 153.17481994628906, 2.332384028549671
5321, 133.06439208984375, -218.92845153808594, 0.16934072971343994, 0.0, 0.0, 153.4207000732422, 2.311547246782993
5322, 133.01107788085938, -218.9075164794922, 0.16806748509407043, 0.0, 0.0, 153.6468963623047, 2.2921775912531577
5323, 132.96253967285156, -218.8886260986328, 0.16679425537586212, 0.0, 0.0, 153.85118103027344, 2.274554047948915
5324, 132.90704345703125, -218.86721801757812, 0.16488438844680786, 0.0, 0.0, 154.08224487304688, 2.254465215981552
5325, 132.85333251953125, -218.84669494628906, 0.16361115872859955, 0.0, 0.0, 154.30381774902344, 2.235004882995607
5326, 132.80050659179688, -218.82672119140625, 0.1617012917995453, 0.0, 0.0, 154.51942443847656, 2.2159144066310574
5327, 132.75344848632812, -218.8090362548828, 0.16042806208133698, 0.0, 0.0, 154.70962524414062, 2.1989148857769525
5328, 132.70062255859375, -218.7893829345703, 0.15915481746196747, 0.0, 0.0, 154.92123413085938, 2.1798274193089817
5329, 132.6492462158203, -218.7704620361328, 0.15788158774375916, 0.0, 0.0, 155.12515258789062, 2.1612837680056547
5330, 132.59983825683594, -218.7523956298828, 0.1559717208147049, 0.0, 0.0, 155.3192596435547, 2.143500950324736
5331, 132.55308532714844, -218.73544311523438, 0.15469849109649658, 0.0, 0.0, 155.5012664794922, 2.126671892111083
5332, 132.4993438720703, -218.71612548828125, 0.15278862416744232, 0.0, 0.0, 155.7080841064453, 2.107366628809856
5333, 132.44944763183594, -218.69833374023438, 0.151515394449234, 0.0, 0.0, 155.898193359375, 2.0894296412524436
5334, 132.39955139160156, -218.68112182617188, 0.1502421498298645, 0.0, 0.0, 156.0685272216797, 2.0166092303763015
5335, 132.35317993164062, -218.66751098632812, 0.14833229780197144, 0.0, 0.0, 156.14039611816406, 1.9262944174398315
5336, 132.30633544921875, -218.65298461914062, 0.14642244577407837, 0.0, 0.0, 156.2511444091797, 1.9046143110589124
5337, 132.26084899902344, -218.6381378173828, 0.14514920115470886, 0.0, 0.0, 156.38877868652344, 1.8870275304318522
5338, 132.21929931640625, -218.62440490722656, 0.14387595653533936, 0.0, 0.0, 156.52633666992188, 1.8720187081420725
5339, 132.173828125, -218.60939025878906, 0.1419661045074463, 0.0, 0.0, 156.68170166015625, 1.8558703384813617
5340, 132.12705993652344, -218.59402465820312, 0.14069285988807678, 0.0, 0.0, 156.8408966064453, 1.8407380993378817
5341, 132.08387756347656, -218.5798797607422, 0.13878300786018372, 0.0, 0.0, 156.98524475097656, 1.823042026734665
5342, 132.04287719726562, -218.56649780273438, 0.1375097632408142, 0.0, 0.0, 157.1230926513672, 1.8068446699597474
5343, 131.99935913085938, -218.55230712890625, 0.1362365335226059, 0.0, 0.0, 157.2691192626953, 1.7902312258761555
5344, 131.95657348632812, -218.53836059570312, 0.13432668149471283, 0.0, 0.0, 157.41162109375, 1.7741943014502666
5345, 131.91542053222656, -218.5249786376953, 0.13305343687534332, 0.0, 0.0, 157.54762268066406, 1.7588598738970842
5346, 131.8759765625, -218.5120849609375, 0.12668724358081818, 0.0, 0.0, 157.67515563964844, 1.7443793194302433
5347, 131.83255004882812, -218.49778747558594, 0.11713795363903046, 0.0, 0.0, 157.8091278076172, 1.7285851520489472
5348, 131.79307556152344, -218.48464965820312, 0.11077176779508591, 0.0, 0.0, 157.92481994628906, 1.7142175757842886
5349, 131.75180053710938, -218.47084045410156, 0.10440557450056076, 0.0, 0.0, 158.0394287109375, 1.6991936082394858
5350, 131.71385192871094, -218.4580078125, 0.09485628455877304, 0.0, 0.0, 158.1380157470703, 1.6853137172950943
5351, 131.67413330078125, -218.44444274902344, 0.08785347640514374, 0.0, 0.0, 158.2337646484375, 1.670771678014989
5352, 131.6339874267578, -218.43072509765625, 0.08658023923635483, 0.0, 0.0, 158.32553100585938, 1.6559810241346211
5353, 131.59423828125, -218.41712951660156, 0.08467037975788116, 0.0, 0.0, 158.41329956054688, 1.6413559575932433
5354, 131.55628967285156, -218.4041748046875, 0.08339714258909225, 0.0, 0.0, 158.49508666992188, 1.6274122925923693
5355, 131.51844787597656, -218.3912811279297, 0.08212390542030334, 0.0, 0.0, 158.5750732421875, 1.6135517914726785
5356, 131.4795379638672, -218.37806701660156, 0.08021404594182968, 0.0, 0.0, 158.6557159423828, 1.5993481102577964
5357, 131.44119262695312, -218.3650360107422, 0.07894080877304077, 0.0, 0.0, 158.7337188720703, 1.5853754304453307
5358, 131.40557861328125, -218.35296630859375, 0.07766757160425186, 0.0, 0.0, 158.80496215820312, 1.572425377600049
5359, 131.36842346191406, -218.34036254882812, 0.0757577121257782, 0.0, 0.0, 158.8778839111328, 1.5589547854968155
5360, 131.3316192626953, -218.3279266357422, 0.07448447495698929, 0.0, 0.0, 158.94866943359375, 1.5456239240039027
5361, 131.2943878173828, -218.3153533935547, 0.07257461547851562, 0.0, 0.0, 159.01878356933594, 1.5321675732826612
5362, 131.259521484375, -218.30357360839844, 0.07130137830972672, 0.0, 0.0, 159.08306884765625, 1.5195796081959476
5363, 131.22344970703125, -218.2914276123047, 0.0700281411409378, 0.0, 0.0, 159.14842224121094, 1.5065631711062986
5364, 131.18724060058594, -218.2792205810547, 0.0687548965215683, 0.0, 0.0, 159.21279907226562, 1.493503040462148
5365, 131.15281677246094, -218.2676544189453, 0.06684504449367523, 0.0, 0.0, 159.27267456054688, 1.4811058704094346
5366, 131.12033081054688, -218.2567138671875, 0.06493518501520157, 0.0, 0.0, 159.3277587890625, 1.469420289081761
5367, 131.083740234375, -218.2444305419922, 0.06366194784641266, 0.0, 0.0, 159.38833618164062, 1.4562488053345288
5368, 131.04867553710938, -218.23263549804688, 0.061752088367938995, 0.0, 0.0, 159.44480895996094, 1.443634684672964
5369, 131.01417541503906, -218.2210235595703, 0.060478851199150085, 0.0, 0.02500000037252903, 159.50193786621094, 1.4133281982837256
5370, 130.98275756835938, -218.21047973632812, 0.059205614030361176, 0.0, 0.07500000298023224, 159.54925537109375, 1.3709635000391553
5371, 130.95053100585938, -218.1995849609375, 0.05729575455188751, 0.0, 0.15000000596046448, 159.60421752929688, 1.329392412560152
5372, 130.91864013671875, -218.1888885498047, 0.0560225173830986, 0.0, 0.20000001788139343, 159.6514892578125, 1.292142437957044
5373, 130.8882293701172, -218.1785888671875, 0.05411265790462494, 0.0, 0.27500003576278687, 159.7032012939453, 1.258757634324675
5374, 130.8612823486328, -218.16952514648438, 0.05283942073583603, 0.0, 0.3250000476837158, 159.74134826660156, 1.2422156110348619
5375, 130.83157348632812, -218.1594696044922, 0.05156618356704712, 0.0, 0.3750000596046448, 159.78895568847656, 1.200577234476131
5376, 130.80320739746094, -218.14993286132812, 0.05029294267296791, 0.0, 0.42500007152557373, 159.82662963867188, 1.162000693052193
5377, 130.7759552001953, -218.14068603515625, 0.048383086919784546, 0.0, 0.5000000596046448, 159.87020874023438, 1.1215342565298647
5378, 130.7510986328125, -218.13232421875, 0.047109849750995636, 0.0, 0.550000011920929, 159.901611328125, 1.0902239496256863
5379, 130.7295379638672, -218.12510681152344, 0.04583660885691643, 0.0, 0.5999999642372131, 159.9253387451172, 0.7264816457200568
5380, 130.7197265625, -218.12188720703125, 0.04329013451933861, 0.0, 0.6999998688697815, 159.93617248535156, 0.24240429358473262
5381, 130.7183074951172, -218.1214599609375, 0.0420168936252594, 0.0, 0.7499998211860657, 159.9333038330078, 0.0013196471494482077
5382, 130.71829223632812, -218.12147521972656, 0.04074365645647049, 0.0, 0.6999998688697815, 159.93325805664062, 0.0008285219197048736
5383, 130.71827697753906, -218.12147521972656, 0.030557749792933464, 0.0, 0.30000001192092896, 159.9332275390625, 0.00048674630031334296
5384, 130.71826171875, -218.12147521972656, 0.029284512624144554, 0.0, 0.25, 159.9332275390625, 0.0005696050552276697
5385, 130.71826171875, -218.1214599609375, 0.028011273592710495, 0.0, 0.19999998807907104, 159.9332275390625, 0.0004914639266285959
5386, 130.71824645996094, -218.1214599609375, 0.024828176945447922, 0.0, 0.07499998062849045, 159.9332275390625, 0.0004916484608749169
5387, 130.7182159423828, -218.1214599609375, 0.02037184312939644, 0.0, 0.0, 159.9332275390625, 0.0008089993403513562
5388, 130.7181854248047, -218.1214599609375, 0.01782536692917347, 0.0, 0.0, 159.93325805664062, 0.0010628408216991697
5389, 130.71815490722656, -218.1214599609375, 0.01655212789773941, 0.0, 0.0, 159.9333038330078, 0.0011841341835688646
5390, 130.71812438964844, -218.1214599609375, 0.015278889797627926, 0.0, 0.0, 159.9332733154297, 0.001215313305767608
5391, 130.71807861328125, -218.1214599609375, 0.014005648903548717, 0.0, 0.0, 159.93328857421875, 0.0011960126351549642
5392, 130.71804809570312, -218.1214599609375, 0.012732408940792084, 0.0, 0.0, 159.9333038330078, 0.0012678439308763051
5393, 130.718017578125, -218.1214599609375, 0.010822548530995846, 0.0, 0.0, 159.9333038330078, 0.0012401825069627691
5394, 130.71800231933594, -218.1214599609375, 0.009549308568239212, 0.0, 0.0, 159.9333038330078, 0.0012293703816759782
5395, 130.7179718017578, -218.1214599609375, 0.008276067674160004, 0.0, 0.0, 159.9333038330078, 0.0012373143523554601
5396, 130.7179412841797, -218.1214599609375, 0.0070028286427259445, 0.0, 0.0, 159.9333038330078, 0.001274861146602869
5397, 130.71791076660156, -218.1214599609375, 0.005729589611291885, 0.0, 0.0, 159.93331909179688, 0.0012877292915317055
5398, 130.7178955078125, -218.1214599609375, 0.004456350114196539, 0.0, 0.0, 159.93331909179688, 7.605978001903864e-05
5399, 130.71788024902344, -218.1214599609375, 0.0, 0.0, 0.0, 159.9333038330078, 0.0012881625568647518
5400, 130.71786499023438, -218.1214599609375, 0.0, 0.0, 0.0, 159.9333038330078, 0.0010248877701168778
5401, 130.71783447265625, -218.1214599609375, 0.0, 0.0, 0.0, 159.9333038330078, 0.0009034754839336958
5402, 130.71780395507812, -218.1214599609375, 0.0, 0.0, 0.0, 159.9333038330078, 0.0009743705744128115
5403, 130.7177734375, -218.1214599609375, 0.0, 0.0, 0.0, 159.9333038330078, 0.0010056098012258129
5404, 130.71774291992188, -218.1214599609375, 0.0, 0.0, 0.0, 159.9333038330078, 0.0009045494990440849
5405, 130.71771240234375, -218.1214599609375, 0.0, 0.0, 0.0, 159.9333038330078, 0.0008903806297331911
5406, 130.71768188476562, -218.1214599609375, 0.0, 0.0, 0.0, 159.9333038330078, 0.000891359995933605
