1, 14.740727424621582, -186.75057983398438, 0.0, 0.0, 0.0, -89.99962615966797, 0.0
2, 14.74072551727295, -186.75057983398438, 0.0, 0.05000000074505806, 0.0, -89.99962615966797, 0.0043079352388918956
3, 14.740724563598633, -186.75057983398438, 0.0, 0.7499998211860657, 0.0, -89.99962615966797, 0.001173887049353105
4, 14.74072551727295, -186.7521209716797, 0.0, 1.0, 0.0, -89.99969482421875, 0.17699895444946356
5, 14.74071979522705, -186.75970458984375, 0.0, 1.0, 0.0, -89.99909210205078, 0.5210962349139521
6, 14.740703582763672, -186.7747039794922, 0.0, 1.0, 0.0, -89.99785614013672, 0.8820956992075679
7, 14.740681648254395, -186.79425048828125, 0.0, 1.0, 0.0, -89.9962158203125, 1.2006370432829063
8, 14.740653991699219, -186.8193359375, 0.0, 1.0, 0.0, -89.99407958984375, 1.5057201894710952
9, 14.740618705749512, -186.84962463378906, 0.0, 1.0, 0.0, -89.99139404296875, 1.7951394807558285
10, 14.740578651428223, -186.88409423828125, 0.0, 1.0, 0.0, -89.98822021484375, 2.0621288337312302
11, 14.740528106689453, -186.92628479003906, 0.0, 1.0, 0.0, -89.98419952392578, 2.3296852794637046
12, 14.740476608276367, -186.96896362304688, 0.0, 1.0, 0.0, -89.97989654541016, 2.5554914822864743
13, 14.740418434143066, -187.02017211914062, 0.0, 1.0, 0.0, -89.974609375, 2.7816095779619467
14, 14.740367889404297, -187.06983947753906, 0.0, 1.0, 0.0, -89.96966552734375, 2.9664485640879046
15, 14.740323066711426, -187.12356567382812, 0.0, 1.0, 0.0, -89.96470642089844, 3.1358511710556276
16, 14.74028491973877, -187.18446350097656, 0.0, 1.0, 0.0, -89.95984649658203, 3.298658738742081
17, 14.74026107788086, -187.2445831298828, 0.0, 1.0, 0.0, -89.95560455322266, 3.4363365075326473
18, 14.740248680114746, -187.3108367919922, 0.0, 1.0, 0.0, -89.95159149169922, 3.566340171907945
19, 14.740249633789062, -187.37876892089844, 0.0, 1.0, 0.0, -89.94806671142578, 3.681341588153751
20, 14.740262031555176, -187.44442749023438, 0.0, 1.0, 0.0, -89.9450454711914, 3.779400762216174
21, 14.74028491973877, -187.5160675048828, 0.0, 1.0, 0.0, -89.94217681884766, 3.875614838083422
22, 14.740317344665527, -187.58523559570312, 0.0, 1.0, 0.0, -89.93972778320312, 3.960759603583272
23, 14.740357398986816, -187.6586151123047, 0.0, 1.0, 0.0, -89.93741607666016, 4.045024602979665
24, 14.740408897399902, -187.7367401123047, 0.0, 1.0, 0.0, -89.93517303466797, 4.129719735744874
25, 14.740463256835938, -187.81117248535156, 0.0, 1.0, 0.0, -89.93325805664062, 4.206876025595378
26, 14.740523338317871, -187.8870086669922, 0.0, 1.0, 0.0, -89.9314193725586, 4.282675239678276
27, 14.74059009552002, -187.96742248535156, 0.0, 1.0, 0.0, -89.92963409423828, 4.36056300541155
28, 14.740657806396484, -188.0436248779297, 0.0, 1.0, 0.0, -89.92796325683594, 4.4325084282872576
29, 14.740737915039062, -188.13011169433594, 0.0, 1.0, 0.0, -89.92620086669922, 4.512125696062872
30, 14.74079704284668, -188.215087890625, -0.0019098592456430197, 1.0, 0.0, -89.92523193359375, 4.58869523297743
31, 14.740768432617188, -188.2954864501953, -0.007639436982572079, 1.0, 0.0, -89.92691802978516, 4.659665297782489
32, 14.740629196166992, -188.3821258544922, -0.009549296461045742, 1.0, 0.0, -89.93225860595703, 4.7347121945562485
33, 14.740365982055664, -188.46774291992188, -0.013369014486670494, 1.0, 0.0, -89.94158172607422, 4.807570468138049
34, 14.739956855773926, -188.5535430908203, -0.01718873344361782, 1.0, 0.0, -89.95567321777344, 4.879324658836446
35, 14.739418983459473, -188.6426544189453, -0.016552112996578217, 1.0, 0.0, -89.9742660522461, 4.952721393754843
36, 14.738815307617188, -188.73159790039062, -0.015278873033821583, 1.0, 0.0, -89.99529266357422, 5.024916224929631
37, 14.738157272338867, -188.823486328125, -0.014005633071064949, 1.0, 0.0, -90.01844024658203, 5.098486485096513
38, 14.737435340881348, -188.92144775390625, -0.013369012624025345, 1.0, 0.0, -90.0438232421875, 5.175550207107486
39, 14.736750602722168, -189.0138702392578, -0.012095772661268711, 1.0, 0.0, -90.0677490234375, 5.247205331066487
40, 14.736048698425293, -189.10939025878906, -0.010822532698512077, 1.0, 0.0, -90.09185028076172, 5.3201973369648075
41, 14.735368728637695, -189.2028350830078, -0.010185912251472473, 1.0, 0.0, -90.11463165283203, 5.390584473423146
42, 14.734675407409668, -189.30010986328125, -0.00891267228871584, 1.0, 0.0, -90.13706970214844, 5.462837356614031
43, 14.733966827392578, -189.4020233154297, -0.007639432325959206, 1.0, 0.0, -90.15898895263672, 5.537462485587902
44, 14.733294486999512, -189.50111389160156, -0.007002812810242176, 1.0, 0.0, -90.17870330810547, 5.608975285483788
45, 14.73259449005127, -189.6071319580078, -0.00572957331314683, 1.0, 0.0, -90.19786071777344, 5.684461289518991
46, 14.731907844543457, -189.71533203125, -0.00572957331314683, 1.0, 0.0, -90.21520233154297, 5.760407593201062
47, 14.731303215026855, -189.813232421875, -0.0038197143003344536, 1.0, 0.0, -90.2291488647461, 5.8280499476302
48, 14.730656623840332, -189.92222595214844, -0.0025464745704084635, 1.0, 0.0, -90.24244689941406, 5.902552205656851
49, 14.730095863342285, -190.02447509765625, 0.0, 1.0, 0.0, -90.25237274169922, 5.971431669231463
50, 14.729533195495605, -190.1339874267578, 0.0, 1.0, 0.0, -90.260498046875, 6.044392526848868
51, 14.728970527648926, -190.2484130859375, 0.0, 1.0, 0.0, -90.26681518554688, 6.119679614883621
52, 14.728438377380371, -190.3583984375, 0.0, 1.0, 0.0, -90.27128601074219, 6.191044168446812
53, 14.72789192199707, -190.4722442626953, 0.0, 1.0, 0.0, -90.27471923828125, 6.264042648365649
54, 14.727322578430176, -190.59091186523438, 0.0, 1.0, 0.0, -90.27715301513672, 6.339191498291707
55, 14.726777076721191, -190.70396423339844, 0.0, 1.0, 0.0, -90.27869415283203, 6.409851622367388
56, 14.726194381713867, -190.82362365722656, 0.0, 1.0, 0.0, -90.27967834472656, 6.483820668238956
57, 14.725630760192871, -190.93893432617188, 0.0, 1.0, 0.0, -90.28003692626953, 6.554264332101658
58, 14.725068092346191, -191.05331420898438, 0.0, 1.0, 0.0, -90.27997589111328, 6.623407343686295
59, 14.724435806274414, -191.1810760498047, 0.0, 1.0, 0.0, -90.27960968017578, 6.699755974816891
60, 14.723852157592773, -191.2985076904297, 0.0, 1.0, 0.0, -90.2789306640625, 6.769151282388685
61, 14.723211288452148, -191.42686462402344, 0.0, 1.0, 0.0, -90.2779769897461, 6.844156097163287
62, 14.722578048706055, -191.55352783203125, 0.0, 1.0, 0.0, -90.27685546875, 6.91732259711998
63, 14.721982955932617, -191.67250061035156, 0.0, 1.0, 0.0, -90.27562713623047, 6.985313846564036
64, 14.72132396697998, -191.8045654296875, 0.0, 1.0, 0.0, -90.274169921875, 7.059958345151037
65, 14.720691680908203, -191.93136596679688, 0.0, 1.0, 0.0, -90.27265930175781, 7.130841426885072
66, 14.720070838928223, -192.05601501464844, 0.0, 1.0, 0.0, -90.27106475830078, 7.199800846613569
67, 14.719388961791992, -192.19351196289062, 0.0, 1.0, 0.0, -90.26923370361328, 7.2750353652819495
68, 14.718778610229492, -192.3168487548828, 0.0, 1.0, 0.0, -90.2675552368164, 7.341839785302737
69, 14.718109130859375, -192.45315551757812, 0.0, 1.0, 0.0, -90.265625, 7.414899755598432
70, 14.71740436553955, -192.59678649902344, 0.0, 1.0, 0.0, -90.26358032226562, 7.491050025491654
71, 14.716784477233887, -192.72401428222656, 0.0, 1.0, 0.0, -90.26171875, 7.557828968217282
72, 14.716108322143555, -192.86337280273438, 0.0, 1.0, 0.0, -90.25967407226562, 7.63025692611883
73, 14.715455055236816, -192.99888610839844, 0.0, 0.9750000238418579, 0.0, -90.25762939453125, 7.699830489151215
74, 14.714797973632812, -193.13575744628906, 0.0, 0.9500000476837158, 0.0, -90.25558471679688, 7.768773617123389
75, 14.71412467956543, -193.2776641845703, 0.0, 0.9000000953674316, 0.0, -90.25344848632812, 7.8382926923958784
76, 14.71345329284668, -193.4199981689453, 0.0, 0.8500001430511475, 0.0, -90.25128173828125, 7.905163824755199
77, 14.71274471282959, -193.57086181640625, 0.0, 0.8000001907348633, 0.0, -90.2490463256836, 7.972263737911824
78, 14.712114334106445, -193.70651245117188, 0.0, 0.7750002145767212, 0.0, -90.2470703125, 8.028840809243178
79, 14.711465835571289, -193.84698486328125, 0.0, 0.725000262260437, 0.0, -90.24505615234375, 8.08374506413695
80, 14.710785865783691, -193.99560546875, 0.0, 0.7000002861022949, 0.0, -90.2429428100586, 8.13744855222815
81, 14.710124015808105, -194.14161682128906, 0.0, 0.6250003576278687, 0.0, -90.24092864990234, 8.185656938694887
82, 14.709429740905762, -194.29638671875, 0.0, 0.5750004053115845, 0.0, -90.2389144897461, 8.231026143040639
83, 14.708818435668945, -194.4336700439453, 0.0, 0.5500004291534424, 0.0, -90.2372817993164, 8.266128157608954
84, 14.708169937133789, -194.58071899414062, 0.0, 0.5000004768371582, 0.0, -90.23555755615234, 8.298811574742134
85, 14.707503318786621, -194.7329864501953, 0.0, 0.45000046491622925, 0.0, -90.23388671875, 8.326948777547505
86, 14.706890106201172, -194.87474060058594, 0.0, 0.42500045895576477, 0.0, -90.23245239257812, 8.347786615514963
87, 14.706212997436523, -195.032958984375, 0.0, 0.3750004470348358, 0.0, -90.23101806640625, 8.365497256289922
88, 14.7056245803833, -195.17140197753906, 0.0, 0.35000044107437134, 0.0, -90.22991943359375, 8.375852343380762
89, 14.704998016357422, -195.32025146484375, 0.0, 0.3000004291534424, 0.0, -90.22881317138672, 8.382133289040198
90, 14.703718185424805, -195.62864685058594, 0.0, 0.2500004172325134, 0.0, -90.22704315185547, 8.378079335254705
91, 14.702990531921387, -195.80572509765625, 0.0, 0.20000040531158447, 0.0, -90.22634887695312, 8.366532261611095
92, 14.702448844909668, -195.93885803222656, 0.0, 0.15000039339065552, 0.0, -90.2259521484375, 8.353835331753324
93, 14.701822280883789, -196.09376525878906, 0.0, 0.10000038892030716, 0.0, -90.22557830810547, 8.334338637968537
94, 14.701229095458984, -196.2416229248047, 0.0, 0.10000038892030716, 0.0, -90.2254409790039, 8.310887136187638
95, 14.70064640045166, -196.3871307373047, 0.0, 0.12500038743019104, 0.0, -90.22539520263672, 8.284552740505035
96, 14.700000762939453, -196.55007934570312, 0.0, 0.17500039935112, 0.0, -90.22555541992188, 8.253269733077797
97, 14.699423789978027, -196.69558715820312, 0.0, 0.22500041127204895, 0.0, -90.22576141357422, 8.225508791752928
98, 14.69884967803955, -196.84097290039062, 0.0, 0.2750004231929779, 0.0, -90.22608184814453, 8.199329125914753
99, 14.698277473449707, -196.9862518310547, 0.0, 0.3000004291534424, 0.0, -90.22640991210938, 8.17561670104739
100, 14.697736740112305, -197.12342834472656, 0.0, 0.35000044107437134, 0.0, -90.226806640625, 8.155834459135137
101, 14.69710922241211, -197.28294372558594, 0.0, 0.3750004470348358, 0.0, -90.22730255126953, 8.136581563011852
102, 14.696573257446289, -197.41921997070312, 0.0, 0.42500045895576477, 0.0, -90.22769927978516, 8.123670688418361
103, 14.695963859558105, -197.57369995117188, 0.0, 0.4750004708766937, 0.0, -90.22808837890625, 8.113431118943206
104, 14.69536018371582, -197.7268524169922, 0.0, 0.5250004529953003, 0.0, -90.22848510742188, 8.10857892230699
105, 14.694804191589355, -197.8672637939453, 0.0, 0.5250004529953003, 0.0, -90.228759765625, 8.108935733250487
106, 14.694215774536133, -198.01573181152344, 0.0, 0.5500004291534424, 0.0, -90.22901153564453, 8.113812050264103
107, 14.693635940551758, -198.16119384765625, 0.0, 0.6500003337860107, 0.0, -90.22913360595703, 8.123416709499425
108, 14.693081855773926, -198.3000030517578, 0.0, 0.6750003099441528, 0.0, -90.22915649414062, 8.137031579071309
109, 14.692472457885742, -198.45237731933594, 0.0, 0.725000262260437, 0.0, -90.22913360595703, 8.156471523665699
110, 14.691920280456543, -198.59005737304688, 0.0, 0.7750002145767212, 0.0, -90.22894287109375, 8.17845299271539
111, 14.691315650939941, -198.74061584472656, 0.0, 0.8000001907348633, 0.0, -90.22867584228516, 8.207041540227491
112, 14.690736770629883, -198.8843536376953, 0.0, 0.8750001192092896, 0.0, -90.22827911376953, 8.238563570974243
113, 14.69015121459961, -199.02931213378906, 0.0, 0.9250000715255737, 0.0, -90.227783203125, 8.275122906320254
114, 14.68953800201416, -199.18125915527344, 0.0, 0.9500000476837158, 0.0, -90.22713470458984, 8.318449514983977
115, 14.688931465148926, -199.33132934570312, 0.0, 1.0, 0.0, -90.2263412475586, 8.365810144928222
116, 14.688304901123047, -199.48614501953125, 0.0, 1.0, 0.0, -90.22543334960938, 8.419049205347779
117, 14.68768310546875, -199.64010620117188, 0.0, 1.0, 0.0, -90.22432708740234, 8.475288485575412
118, 14.687103271484375, -199.78329467773438, 0.0, 1.0, 0.0, -90.22327423095703, 8.52982063390467
119, 14.686458587646484, -199.9430694580078, 0.0, 1.0, 0.0, -90.2219009399414, 8.592415102066587
120, 14.685857772827148, -200.0916748046875, 0.0, 1.0, 0.0, -90.22048950195312, 8.65194821487516
121, 14.68521785736084, -200.2503662109375, 0.0, 1.0, 0.0, -90.21891021728516, 8.716455631142642
122, 14.684544563293457, -200.41818237304688, 0.0, 1.0, 0.0, -90.21712493896484, 8.78537943990306
123, 14.683891296386719, -200.58169555664062, 0.0, 1.0, 0.0, -90.21533966064453, 8.853001417773042
124, 14.68325138092041, -200.7425079345703, 0.0, 1.0, 0.0, -90.21346282958984, 8.919752628906085
125, 14.68255615234375, -200.91798400878906, 0.0, 1.0, 0.0, -90.21133422851562, 8.99266925020487
126, 14.6819486618042, -201.0714569091797, 0.0, 1.0, 0.0, -90.20941925048828, 9.056436307678013
127, 14.681280136108398, -201.24221801757812, 0.0, 1.0, 0.0, -90.20722961425781, 9.127229936987673
128, 14.680669784545898, -201.39913940429688, 0.0, 1.0, 0.0, -90.2052001953125, 9.192111726307855
129, 14.680047035217285, -201.56016540527344, 0.0, 1.0, 0.0, -90.20306396484375, 9.258451623661788
130, 14.679361343383789, -201.73892211914062, 0.0, 1.0, 0.0, -90.20061492919922, 9.331734158788343
131, 14.678730010986328, -201.904541015625, 0.0, 1.0, 0.0, -90.1983413696289, 9.399280345911777
132, 14.67805290222168, -202.08412170410156, 0.0, 1.0, 0.0, -90.1958236694336, 9.472105974485578
133, 14.677349090576172, -202.272216796875, 0.0, 1.0, 0.0, -90.19316864013672, 9.547899357473518
134, 14.67672348022461, -202.44146728515625, 0.0, 1.0, 0.0, -90.19074249267578, 9.61565903545829
135, 14.676130294799805, -202.6031036376953, 0.0, 1.0, 0.0, -90.18842315673828, 9.679993121143
136, 14.675509452819824, -202.77381896972656, 0.0, 1.0, 0.0, -90.1859130859375, 9.747504779276829
137, 14.674871444702148, -202.95155334472656, 0.0, 1.0, 0.0, -90.18331146240234, 9.817311869804245
138, 14.674222946166992, -203.13392639160156, 0.0, 1.0, 0.0, -90.18062591552734, 9.888434981845077
139, 14.673614501953125, -203.30734252929688, 0.0, 1.0, 0.0, -90.17809295654297, 9.955607047252135
140, 14.672999382019043, -203.48426818847656, 0.0, 1.0, 0.0, -90.17547607421875, 10.023673621747852
141, 14.672322273254395, -203.68124389648438, 0.0, 1.0, 0.0, -90.17254638671875, 10.098887856912317
142, 14.671731948852539, -203.855712890625, 0.0, 0.9750000238418579, 0.0, -90.16996002197266, 10.164924993977161
143, 14.671066284179688, -204.05422973632812, 0.0, 0.9500000476837158, 0.0, -90.16696166992188, 10.238846002886905
144, 14.67044734954834, -204.24172973632812, 0.0, 0.9000000953674316, 0.0, -90.16415405273438, 10.306948688515538
145, 14.66984748840332, -204.4267578125, 0.0, 0.8500001430511475, 0.0, -90.161376953125, 10.37173735124366
146, 14.669219970703125, -204.62228393554688, 0.0, 0.8000001907348633, 0.0, -90.15851593017578, 10.436919798297504
147, 14.668584823608398, -204.82313537597656, 0.0, 0.7750002145767212, 0.0, -90.15558624267578, 10.499870594451588
148, 14.6680269241333, -205.00213623046875, 0.0, 0.725000262260437, 0.0, -90.15300750732422, 10.552359705999539
149, 14.667425155639648, -205.19882202148438, 0.0, 0.6750003099441528, 0.0, -90.15025329589844, 10.605745151081548
150, 14.666884422302246, -205.37864685058594, 0.0, 0.6500003337860107, 0.0, -90.14781951904297, 10.65018809303292
151, 14.66634464263916, -205.56044006347656, 0.0, 0.6000003814697266, 0.0, -90.14543914794922, 10.690953656486053
152, 14.665803909301758, -205.74615478515625, 0.0, 0.5750004053115845, 0.0, -90.14313507080078, 10.728017038458544
153, 14.665249824523926, -205.9397735595703, 0.0, 0.5250004529953003, 0.0, -90.14073944091797, 10.761767320136743
154, 14.664679527282715, -206.142578125, 0.0, 0.45000046491622925, 0.0, -90.13848876953125, 10.791177392791695
155, 14.664182662963867, -206.32278442382812, 0.0, 0.42500045895576477, 0.0, -90.13653564453125, 10.811490525022121
156, 14.663630485534668, -206.52728271484375, 0.0, 0.3750004470348358, 0.0, -90.13455200195312, 10.82847522122484
157, 14.663097381591797, -206.7271270751953, 0.0, 0.32500043511390686, 0.0, -90.13275909423828, 10.83833699074469
158, 14.662578582763672, -206.9265594482422, 0.0, 0.3000004291534424, 0.0, -90.13114929199219, 10.841553605328288
159, 14.662062644958496, -207.12864685058594, 0.0, 0.2500004172325134, 0.0, -90.1297607421875, 10.838394949488205
160, 14.661556243896484, -207.33030700683594, 0.0, 0.20000040531158447, 0.0, -90.12853240966797, 10.828671270840616
161, 14.661107063293457, -207.51223754882812, 0.0, 0.17500039935112, 0.0, -90.12769317626953, 10.81429858588021
162, 14.660618782043457, -207.7133026123047, 0.0, 0.12500038743019104, 0.0, -90.12689971923828, 10.79291446790735
163, 14.660176277160645, -207.89816284179688, 0.0, 0.10000038892030716, 0.0, -90.1263427734375, 10.767919869815
164, 14.65973949432373, -208.08372497558594, 0.0, 0.02500039152801037, 0.0, -90.12598419189453, 10.73791758621509
165, 14.659317016601562, -208.26480102539062, 0.0, 3.915280046840053e-07, 0.0, -90.12586975097656, 10.703376839767406
166, 14.658866882324219, -208.46067810058594, 0.0, 0.0500003919005394, 0.0, -90.1258773803711, 10.661248678700451
167, 14.658428192138672, -208.65386962890625, 0.0, 0.10000038892030716, 0.0, -90.12609100341797, 10.61686134415394
168, 14.657991409301758, -208.847900390625, 0.0, 0.15000039339065552, 0.0, -90.12651062011719, 10.57122953968921
169, 14.657598495483398, -209.0240020751953, 0.0, 0.17500039935112, 0.0, -90.12704467773438, 10.530020982190917
170, 14.65719223022461, -209.2069549560547, 0.0, 0.22500041127204895, 0.0, -90.12772369384766, 10.488103901310591
171, 14.656786918640137, -209.3898162841797, 0.0, 0.2500004172325134, 0.0, -90.12848663330078, 10.447982658937908
172, 14.656341552734375, -209.5918731689453, 0.0, 0.3000004291534424, 0.0, -90.12942504882812, 10.406199222111411
173, 14.65595531463623, -209.7667694091797, 0.0, 0.35000044107437134, 0.0, -90.13031005859375, 10.373114328879401
174, 14.655535697937012, -209.95718383789062, 0.0, 0.3750004470348358, 0.0, -90.13128662109375, 10.340728538081365
175, 14.655097007751465, -210.15541076660156, 0.0, 0.42500045895576477, 0.0, -90.13231658935547, 10.311293480437499
176, 14.654703140258789, -210.33192443847656, 0.0, 0.4750004708766937, 0.0, -90.13321685791016, 10.289450663612044
177, 14.654281616210938, -210.52037048339844, 0.0, 0.5000004768371582, 0.0, -90.1341323852539, 10.270819874396611
178, 14.653871536254883, -210.70260620117188, 0.0, 0.5500004291534424, 0.0, -90.13497924804688, 10.257488683020199
179, 14.653468132019043, -210.8812255859375, 0.0, 0.6250003576278687, 0.0, -90.13573455810547, 10.24933215224404
180, 14.65304183959961, -211.0677947998047, 0.0, 0.6500003337860107, 0.0, -90.13641357421875, 10.246654514703081
181, 14.652628898620605, -211.24737548828125, 0.0, 0.7000002861022949, 0.0, -90.13700103759766, 10.249600696563123
182, 14.652175903320312, -211.4429473876953, 0.0, 0.7500002384185791, 0.0, -90.13748168945312, 10.258849742373487
183, 14.6517915725708, -211.607421875, 0.0, 0.7750002145767212, 0.0, -90.13777923583984, 10.27164354373644
184, 14.651381492614746, -211.7821807861328, 0.0, 0.8250001668930054, 0.0, -90.13797760009766, 10.289632017911295
185, 14.650918960571289, -211.97715759277344, 0.0, 0.8750001192092896, 0.0, -90.13800811767578, 10.31516407270843
186, 14.650510787963867, -212.14808654785156, 0.0, 0.9000000953674316, 0.0, -90.13790893554688, 10.342437482286423
187, 14.65004825592041, -212.3412628173828, 0.0, 0.9500000476837158, 0.0, -90.13763427734375, 10.378054593609827
188, 14.64963436126709, -212.5131378173828, 0.0, 0.9750000238418579, 0.0, -90.13727569580078, 10.414224782498911
189, 14.649178504943848, -212.70138549804688, 0.0, 1.0, 0.0, -90.1366958618164, 10.457993832998008
190, 14.648756980895996, -212.8743896484375, 0.0, 1.0, 0.0, -90.13597869873047, 10.501774278510625
191, 14.648300170898438, -213.06146240234375, 0.0, 1.0, 0.0, -90.1351318359375, 10.552019649936947
192, 14.647868156433105, -213.23870849609375, 0.0, 1.0, 0.0, -90.1341323852539, 10.601950258809
193, 14.647409439086914, -213.42677307128906, 0.0, 1.0, 0.0, -90.13296508789062, 10.656827529912448
194, 14.64693832397461, -213.61924743652344, 0.0, 1.0, 0.0, -90.131591796875, 10.714617268033583
195, 14.646476745605469, -213.80870056152344, 0.0, 1.0, 0.0, -90.13011932373047, 10.772763626094052
196, 14.64599609375, -214.005859375, 0.0, 1.0, 0.0, -90.12850189208984, 10.83430118862329
197, 14.6455659866333, -214.19302368164062, 0.0019098592456430197, 1.0, 0.0, -90.12615966796875, 10.893479706437864
198, 14.645195007324219, -214.37730407714844, 0.0038197184912860394, 1.0, 0.0, -90.12232208251953, 10.952265205534749
199, 14.6448974609375, -214.58953857421875, 0.007639436982572079, 1.0, 0.0, -90.11409759521484, 11.020353938969192
200, 14.644784927368164, -214.778564453125, 0.01145915500819683, 1.0, 0.0, -90.10237884521484, 11.081234519953597
201, 14.644878387451172, -214.980224609375, 0.015278873965144157, 1.0, 0.0, -90.08370971679688, 11.146270343534235
202, 14.64518928527832, -215.17550659179688, 0.01718873344361782, 1.0, 0.0, -90.05926513671875, 11.20935288957009
203, 14.645686149597168, -215.37234497070312, 0.015915492549538612, 1.0, 0.0, -90.02935028076172, 11.27307930451845
204, 14.646403312683105, -215.58848571777344, 0.014642253518104553, 1.0, 0.0, -89.9917984008789, 11.343081593371997
205, 14.64719295501709, -215.78753662109375, 0.014005633071064949, 1.0, 0.0, -89.9539794921875, 11.407486269801748
206, 14.648093223571777, -215.98760986328125, 0.012732393108308315, 1.0, 0.0, -89.91368865966797, 11.47212484358612
207, 14.650172233581543, -216.38983154296875, 0.010822532698512077, 0.9750000238418579, 0.0, -89.82853698730469, 11.60143528820958
208, 14.651415824890137, -216.60679626464844, 0.009549291804432869, 0.9250000715255737, 0.0, -89.78197479248047, 11.670043514021089
209, 14.652653694152832, -216.81040954589844, 0.00891267228871584, 0.9000000953674316, 0.0, -89.73845672607422, 11.73279969996163
210, 14.655435562133789, -217.2352752685547, 0.0063661932945251465, 0.8000001907348633, 0.0, -89.65045928955078, 11.85686931324388
211, 14.656829833984375, -217.43556213378906, 0.00572957331314683, 0.7750002145767212, 0.0, -89.61103057861328, 11.911026944885293
212, 14.658384323120117, -217.65115356445312, 0.0044563342817127705, 0.725000262260437, 0.0, -89.570556640625, 11.965900650612847
213, 14.659893035888672, -217.85516357421875, 0.0025464745704084635, 0.6500003337860107, 0.0, -89.53474426269531, 12.013858459170178
214, 14.661609649658203, -218.08164978027344, 0.0019098548218607903, 0.6250003576278687, 0.0, -89.49807739257812, 12.0619967336204
215, 14.663247108459473, -218.29440307617188, 0.0, 0.5750004053115845, 0.0, -89.46697998046875, 12.10213899907425
216, 14.664881706237793, -218.50262451171875, 0.0, 0.5500004291534424, 0.0, -89.43964385986328, 12.136486952323406
217, 14.666773796081543, -218.73712158203125, 0.0, 0.5000004768371582, 0.0, -89.41213989257812, 12.16950572409839
218, 14.66853141784668, -218.9481964111328, 0.0, 0.45000046491622925, 0.0, -89.38998413085938, 12.19348004608804
219, 14.670414924621582, -219.166748046875, 0.0, 0.4000004529953003, 0.0, -89.36936950683594, 12.212420217766972
220, 14.672320365905762, -219.38023376464844, 0.0, 0.3750004470348358, 0.0, -89.35140228271484, 12.224907744979962
221, 14.674286842346191, -219.5933380126953, 0.0, 0.32500043511390686, 0.0, -89.3353271484375, 12.231608696483828
222, 14.6764497756958, -219.8196258544922, 0.0, 0.32500043511390686, 0.0, -89.32015228271484, 12.232510720162763
223, 14.67866325378418, -220.04347229003906, 0.0, 0.35000044107437134, 0.0, -89.30683898925781, 12.228172740805697
224, 14.680923461914062, -220.26527404785156, 0.0, 0.4000004529953003, 0.0, -89.2951889038086, 12.220492921949992
225, 14.683022499084473, -220.46571350097656, 0.0, 0.42500045895576477, 0.0, -89.28575134277344, 12.212096583804055
226, 14.685375213623047, -220.68240356445312, 0.0019098592456430197, 0.4750004708766937, 0.0, -89.2760009765625, 12.202546303537549
227, 14.687994003295898, -220.90956115722656, 0.005729577504098415, 0.5250004529953003, 0.0, -89.26432800292969, 12.193348060571992
228, 14.690458297729492, -221.11083984375, 0.007639436982572079, 0.5500004291534424, 0.0, -89.251953125, 12.1867886909164
229, 14.6934232711792, -221.33514404296875, 0.01145915500819683, 0.6000003814697266, 0.0, -89.23419189453125, 12.181608028160323
230, 14.69633960723877, -221.53871154785156, 0.015278873965144157, 0.6500003337860107, 0.0, -89.21334075927734, 12.179716684641164
231, 14.699703216552734, -221.75497436523438, 0.01718873344361782, 0.6750003099441528, 0.0, -89.18546295166016, 12.181083494183063
232, 14.703577995300293, -221.98167419433594, 0.02291831001639366, 0.7500002384185791, 0.0, -89.14794158935547, 12.186258506583414
233, 14.707493782043457, -222.1936798095703, 0.02164507284760475, 0.8000001907348633, 0.0, -89.10603332519531, 12.195860404616768
234, 14.711822509765625, -222.41357421875, 0.021008452400565147, 0.8250001668930054, 0.0, -89.05656433105469, 12.210744301125706
235, 14.716334342956543, -222.63099670410156, 0.019735215231776237, 0.8750001192092896, 0.0, -89.0029296875, 12.230250477941663
236, 14.720995903015137, -222.84580993652344, 0.019098596647381783, 0.9000000953674316, 0.0, -88.94615173339844, 12.254237603945471
237, 14.72603988647461, -223.0692138671875, 0.017825357615947723, 0.9500000476837158, 0.0, -88.88414764404297, 12.28389347529297
238, 14.73097038269043, -223.2803497314453, 0.016552118584513664, 1.0, 0.0, -88.8236312866211, 12.316616978769568
239, 14.736417770385742, -223.50636291503906, 0.01591550000011921, 1.0, 0.0, -88.75743865966797, 12.356388246326139
240, 14.7417631149292, -223.72186279296875, 0.014642260037362576, 1.0, 0.0, -88.6936264038086, 12.398178463215675
241, 14.746874809265137, -223.9226531982422, 0.014005639590322971, 1.0, 0.0, -88.63396453857422, 12.439902869009536
242, 14.752790451049805, -224.14915466308594, 0.012732399627566338, 1.0, 0.0, -88.56698608398438, 12.489516277869498
243, 14.758453369140625, -224.36141967773438, 0.0108225392177701, 1.0, 0.0, -88.5052719116211, 12.538164155827658
244, 14.76491641998291, -224.59829711914062, 0.010185918770730495, 1.0, 0.0, -88.43798065185547, 12.594340575274366
245, 14.771519660949707, -224.83433532714844, 0.010185918770730495, 1.0, 0.0, -88.37246704101562, 12.651996251498666
246, 14.778203010559082, -225.0662078857422, 0.012095778249204159, 1.0, 0.0, -88.30858612060547, 12.709912688506595
247, 14.78532886505127, -225.30284118652344, 0.017825355753302574, 1.0, 0.0, -88.24120330810547, 12.769892356087352
248, 14.791889190673828, -225.5120086669922, 0.017825355753302574, 1.0, 0.0, -88.17949676513672, 12.823709222015772
249, 14.799789428710938, -225.75209045410156, 0.0216450747102499, 1.0, 0.0, -88.1047592163086, 12.885972416386867
250, 14.807012557983398, -225.96192932128906, 0.02291831374168396, 1.0, 0.0, -88.03575897216797, 12.940890943941511
251, 14.815458297729492, -226.19712829589844, 0.02164507657289505, 1.0, 0.0, -87.95498657226562, 13.00294080225196
252, 14.824807167053223, -226.447265625, 0.02037183754146099, 1.0, 0.0, -87.86620330810547, 13.069373627553105
253, 14.833609580993652, -226.67501831054688, 0.01909860037267208, 1.0, 0.0, -87.78384399414062, 13.130168256045105
254, 14.842915534973145, -226.90841674804688, 0.018461979925632477, 0.9750000238418579, 0.0, -87.69840240478516, 13.192526607224279
255, 14.851698875427246, -227.122802734375, 0.017188742756843567, 0.9250000715255737, 0.0, -87.61956024169922, 13.249363176411165
256, 14.86180305480957, -227.3627471923828, 0.016552122309803963, 0.9000000953674316, 0.0, -87.5313949584961, 13.311720795101904
257, 14.872586250305176, -227.6119842529297, 0.015278883278369904, 0.8500001430511475, 0.0, -87.44049835205078, 13.37464361417527
258, 14.882516860961914, -227.83615112304688, 0.01400564331561327, 0.8000001907348633, 0.0, -87.3597640991211, 13.42892871202628
259, 14.894251823425293, -228.09451293945312, 0.01336902379989624, 0.7750002145767212, 0.0, -87.26837158203125, 13.488337364759559
260, 14.904290199279785, -228.31085205078125, 0.012095782905817032, 0.725000262260437, 0.0, -87.19343566894531, 13.535127932845569
261, 14.915749549865723, -228.5526885986328, 0.010822542943060398, 0.6750003099441528, 0.0, -87.11205291748047, 13.583873375920833
262, 14.928193092346191, -228.80953979492188, 0.010185922496020794, 0.6500003337860107, 0.0, -87.02840423583984, 13.631057746206778
263, 14.939667701721191, -229.04185485839844, 0.00891268253326416, 0.6000003814697266, 0.0, -86.9554443359375, 13.669428309075581
264, 14.952268600463867, -229.29208374023438, 0.00891268253326416, 0.6000003814697266, 0.0, -86.88030242919922, 13.70588639521945
265, 14.96410846710205, -229.52305603027344, 0.007002823054790497, 0.5250004529953003, 0.0, -86.81401824951172, 13.734594795903265
266, 14.977190971374512, -229.77386474609375, 0.005729584023356438, 0.4750004708766937, 0.0, -86.74584197998047, 13.760559909085886
267, 14.991167068481445, -230.03741455078125, 0.003819724777713418, 0.4000004529953003, 0.0, -86.6790542602539, 13.781337669903252
268, 15.003329277038574, -230.263427734375, 0.003819724777713418, 0.3750004470348358, 0.0, -86.6253662109375, 13.7930045581443
269, 15.01754093170166, -230.52366638183594, 0.0019098651828244328, 0.32500043511390686, 0.0, -86.56842041015625, 13.800012664712755
270, 15.030458450317383, -230.75747680664062, 0.0, 0.2750004231929779, 0.0, -86.52192687988281, 13.799769729419262
271, 15.044046401977539, -231.00057983398438, 0.0, 0.2500004172325134, 0.0, -86.47826385498047, 13.793103127004184
272, 15.058594703674316, -231.25767517089844, 0.0, 0.20000040531158447, 0.0, -86.436767578125, 13.779329606593436
273, 15.071629524230957, -231.4853515625, 0.0, 0.17500039935112, 0.0, -86.40352630615234, 13.761209731242776
274, 15.086237907409668, -231.73753356933594, 0.0, 0.12500038743019104, 0.0, -86.37035369873047, 13.735299689355012
275, 15.10028076171875, -231.97637939453125, 0.0038197184912860394, 0.07500039041042328, 0.0, -86.34064483642578, 13.704718473455115
276, 15.114408493041992, -232.2127685546875, 0.005729577504098415, 0.0500003919005394, 0.0, -86.31167602539062, 13.668755752763191
277, 15.13002872467041, -232.46888732910156, 0.009549296461045742, 3.915280046840053e-07, 0.0, -86.27890014648438, 13.623752628200629
278, 15.145068168640137, -232.7100372314453, 0.013369014486670494, 0.0, 0.0, -86.2451171875, 13.575246534551264
279, 15.160968780517578, -232.95921325683594, 0.015278873965144157, 0.0, 0.0, -86.20626831054688, 13.52025117035418
280, 15.175848007202148, -233.1869659423828, 0.019098592922091484, 0.0, 0.0, -86.16617584228516, 13.466135627489995
281, 15.190651893615723, -233.40821838378906, 0.02291831001639366, 0.0, 0.0, -86.12176513671875, 13.41057695398363
282, 15.208529472351074, -233.66818237304688, 0.024828169494867325, 0.0, 0.0, -86.06172943115234, 13.342196108588178
283, 15.22443675994873, -233.89337158203125, 0.02864788845181465, 0.02500000037252903, 0.0, -86.00251007080078, 13.280927540276119
284, 15.24238109588623, -234.14002990722656, 0.03246760740876198, 0.07500000298023224, 0.0, -85.92814636230469, 13.212303483758602
285, 15.259275436401367, -234.36624145507812, 0.03183098882436752, 0.10000000149011612, 0.0, -85.85226440429688, 13.149101926678783
286, 15.276653289794922, -234.593505859375, 0.030557749792933464, 0.15000000596046448, 0.0, -85.7694091796875, 13.086015425373882
287, 15.295886039733887, -234.83938598632812, 0.029284512624144554, 0.20000001788139343, 0.0, -85.67345428466797, 13.019240919593821
288, 15.314620971679688, -235.07403564453125, 0.028011273592710495, 0.2500000298023224, 0.0, -85.57713317871094, 12.957894319886126
289, 15.33303165435791, -235.30026245117188, 0.02737465500831604, 0.27500003576278687, 0.0, -85.48058319091797, 12.901548657802568
290, 15.351316452026367, -235.52113342285156, 0.025464797392487526, 0.3500000536441803, 0.0, -85.38383483886719, 12.849511667462288
291, 15.3699369430542, -235.7423553466797, 0.024828176945447922, 0.3750000596046448, 0.0, -85.28508758544922, 12.801180820102573
292, 15.39003849029541, -235.97720336914062, 0.023554939776659012, 0.42500007152557373, 0.0, -85.17894744873047, 12.754295171016052
293, 15.408602714538574, -236.1907501220703, 0.022281700745224953, 0.4750000834465027, 0.0, -85.0819091796875, 12.716259144560478
294, 15.428691864013672, -236.41827392578125, 0.021645082160830498, 0.5000000596046448, 0.0, -84.978515625, 12.680692854441109
295, 15.448822975158691, -236.64280700683594, 0.02037184312939644, 0.550000011920929, 0.0, -84.87692260742188, 12.650746466522712
296, 15.46814250946045, -236.85525512695312, 0.01909860596060753, 0.5999999642372131, 0.0, -84.78179931640625, 12.627562995796627
297, 15.488086700439453, -237.07151794433594, 0.018461985513567924, 0.6249999403953552, 0.0, -84.68619537353516, 12.609238979459375
298, 15.508416175842285, -237.2889404296875, 0.017188748344779015, 0.6749998927116394, 0.0, -84.59175872802734, 12.596142253619222
299, 15.53032398223877, -237.5198974609375, 0.01655212789773941, 0.6999998688697815, 0.0, -84.49354553222656, 12.588189912739942
300, 15.550677299499512, -237.731689453125, 0.015278889797627926, 0.7499998211860657, 0.0, -84.40567016601562, 12.586328474615158
301, 15.571883201599121, -237.94921875, 0.017188748344779015, 0.7749997973442078, 0.0, -84.31683349609375, 12.589655012115006
302, 15.594148635864258, -238.17364501953125, 0.02100846730172634, 0.8249997496604919, 0.0, -84.2248306274414, 12.598282931113015
303, 15.616303443908691, -238.3926239013672, 0.024828186258673668, 0.8749997019767761, 0.0, -84.13291931152344, 12.61197742953314
304, 15.640064239501953, -238.622314453125, 0.028647903352975845, 0.9249996542930603, 0.0, -84.03253936767578, 12.631923396588768
305, 15.662211418151855, -238.8318634033203, 0.03055776283144951, 0.9499996304512024, 0.0, -83.93672943115234, 12.655292592328504
306, 15.688213348388672, -239.0727081298828, 0.0292845256626606, 1.0249996185302734, 0.0, -83.82219696044922, 12.687773865909861
307, 15.713268280029297, -239.30038452148438, 0.027374668046832085, 1.0, 0.0, -83.7110824584961, 12.724063064812412
308, 15.736892700195312, -239.5115509033203, 0.02673804946243763, 1.0, 0.0, -83.60618591308594, 12.76162201166883
309, 15.764277458190918, -239.7523193359375, 0.02546481043100357, 1.0, 0.0, -83.48516082763672, 12.808047746538739
310, 15.788562774658203, -239.962646484375, 0.024828191846609116, 1.0, 0.0, -83.3786849975586, 12.851377206981018
311, 15.817278861999512, -240.20762634277344, 0.023554952815175056, 1.0, 0.0, -83.25448608398438, 12.904350871850022
312, 15.843462944030762, -240.4279022216797, 0.022281713783740997, 1.0, 0.0, -83.14311981201172, 12.954038728790238
313, 15.86933708190918, -240.64280700683594, 0.021645095199346542, 1.0, 0.0, -83.03514099121094, 13.003998497308652
314, 15.896625518798828, -240.8666229248047, 0.020371856167912483, 1.0, 0.0, -82.923828125, 13.057329839416147
315, 15.924317359924316, -241.09092712402344, 0.019098618999123573, 1.0, 0.0, -82.8138198852539, 13.111904131792414
316, 15.954304695129395, -241.33079528808594, 0.01846199855208397, 1.0, 0.0, -82.6982421875, 13.171232349321746
317, 15.98304557800293, -241.55770874023438, 0.019735239446163177, 1.0, 0.0, -82.59007263183594, 13.2280628810875
318, 16.01512336730957, -241.80699157714844, 0.023554958403110504, 1.0, 0.0, -82.47071838378906, 13.290954505990818
319, 16.04792594909668, -242.05755615234375, 0.025464817881584167, 1.0, 0.0, -82.34892272949219, 13.354660399672687
320, 16.078105926513672, -242.28407287597656, 0.029284536838531494, 1.0, 0.0, -82.23601531982422, 13.412468186466418
321, 16.111587524414062, -242.5305633544922, 0.03310425207018852, 1.0, 0.0, -82.10820770263672, 13.475465299975884
322, 16.14379119873047, -242.76307678222656, 0.035014111548662186, 1.0, 0.0, -81.9825668334961, 13.535102545424108
323, 16.177701950073242, -243.00306701660156, 0.038833826780319214, 1.0, 0.0, -81.84648895263672, 13.596600847198442
324, 16.215124130249023, -243.2625732421875, 0.03692396730184555, 1.0, 0.0, -81.69308471679688, 13.66355093032958
325, 16.248212814331055, -243.48802185058594, 0.036287348717451096, 1.0, 0.0, -81.55569458007812, 13.721909526004621
326, 16.28711700439453, -243.7484893798828, 0.035014111548662186, 1.0, 0.0, -81.39302062988281, 13.78947505643379
327, 16.31974983215332, -243.96372985839844, 0.033740874379873276, 1.0, 0.0, -81.25651550292969, 13.845390515924768
328, 16.354488372802734, -244.18954467773438, 0.03310425207018852, 1.0, 0.0, -81.11157989501953, 13.90404763630452
329, 16.394020080566406, -244.4426727294922, 0.03183101490139961, 1.0, 0.0, -80.94792175292969, 13.969762282749624
330, 16.430185317993164, -244.6709442138672, 0.031194396317005157, 1.0, 0.0, -80.79960632324219, 14.02894441989684
331, 16.430185317993164, -244.9431610107422, 0.0299211572855711, 1.0, 0.0, -80.79960632324219, 14.099403986107086
332, 16.473974227905273, -244.9431610107422, 0.0299211572855711, 1.0, 0.0, -80.62256622314453, 14.099403986107086
333, 16.509929656982422, -245.16368103027344, 0.029284538701176643, 1.0, 0.0, -80.4793930053711, 14.156355418383011
334, 16.552913665771484, -245.423583984375, 0.028011299669742584, 0.9500000476837158, 0.0, -80.3113784790039, 14.223099216430846
335, 16.593229293823242, -245.6641387939453, 0.026738062500953674, 0.9000000953674316, 0.0, -80.1570816040039, 14.28371486489416
336, 16.635129928588867, -245.91082763671875, 0.02610144205391407, 0.8750001192092896, 0.0, -80.00035858154297, 14.344112673646473
337, 16.681591033935547, -246.1805419921875, 0.02482820488512516, 0.8250001668930054, 0.0, -79.83122253417969, 14.407784152846432
338, 16.72474479675293, -246.42782592773438, 0.02482820488512516, 0.8250001668930054, 0.0, -79.67845153808594, 14.463284216282943
339, 16.770780563354492, -246.68821716308594, 0.022281726822257042, 0.725000262260437, 0.0, -79.52053833007812, 14.51824609853561
340, 16.81593132019043, -246.9403839111328, 0.021645108237862587, 0.7000002861022949, 0.0, -79.37056732177734, 14.567566895636947
341, 16.86077880859375, -247.1878204345703, 0.020371871069073677, 0.6500003337860107, 0.0, -79.22651672363281, 14.612126370243164
342, 16.91019058227539, -247.45703125, 0.019735250622034073, 0.6250003576278687, 0.0, -79.0734634399414, 14.655947590718137
343, 16.96082305908203, -247.72935485839844, 0.018462013453245163, 0.5750004053115845, 0.0, -78.92281341552734, 14.695178044309598
344, 17.008827209472656, -247.9845428466797, 0.01655215583741665, 0.5000004768371582, 0.0, -78.78587341308594, 14.726658373006284
345, 17.054349899291992, -248.2239532470703, 0.015915535390377045, 0.4750004708766937, 0.0, -78.66127014160156, 14.750886058108764
346, 17.103397369384766, -248.47882080078125, 0.01973525434732437, 0.42500045895576477, 0.0, -78.53120422363281, 14.770966165519626
347, 17.157073974609375, -248.7537841796875, 0.023554973304271698, 0.3750004470348358, 0.0, -78.39163970947266, 14.78565720111884
348, 17.205671310424805, -248.9993133544922, 0.02546483278274536, 0.35000044107437134, 0.0, -78.26669311523438, 14.792340348219572
349, 17.26144027709961, -249.27674865722656, 0.029284551739692688, 0.3000004291534424, 0.0, -78.12330627441406, 14.792971631409971
350, 17.318397521972656, -249.55545043945312, 0.033104266971349716, 0.2500004172325134, 0.0, -77.9751968383789, 14.785722333982818
351, 17.367557525634766, -249.79241943359375, 0.03501412644982338, 0.22500041127204895, 0.0, -77.84552001953125, 14.773264682357318
352, 17.42582130432129, -250.06871032714844, 0.03883384168148041, 0.22500041127204895, 0.0, -77.68821716308594, 14.752467203454785
353, 17.480022430419922, -250.32150268554688, 0.042653556913137436, 0.2750004231929779, 0.0, -77.53764343261719, 14.728327862688145
354, 17.532209396362305, -250.56114196777344, 0.0445634126663208, 0.3000004291534424, 0.0, -77.38847351074219, 14.702588890668904
355, 17.59192657470703, -250.83067321777344, 0.04838312789797783, 0.35000044107437134, 0.0, -77.21183776855469, 14.671458675747129
356, 17.64765739440918, -251.07823181152344, 0.04710989072918892, 0.4000004529953003, 0.0, -77.0423355102539, 14.642388561493648
357, 17.710073471069336, -251.35101318359375, 0.046473272144794464, 0.42500045895576477, 0.0, -76.84833526611328, 14.610894975499455
358, 17.7767333984375, -251.63790893554688, 0.045200031250715256, 0.4750004708766937, 0.0, -76.63800048828125, 14.579289977438881
359, 17.836280822753906, -251.89013671875, 0.04329017549753189, 0.5500004291534424, 0.0, -76.44840240478516, 14.553567226344674
360, 17.892799377441406, -252.12635803222656, 0.042653556913137436, 0.6000003814697266, 0.0, -76.26789093017578, 14.532429328278424
361, 17.953153610229492, -252.3753204345703, 0.04138031601905823, 0.6250003576278687, 0.0, -76.07525634765625, 14.513834753203971
362, 18.015106201171875, -252.6274871826172, 0.04010707885026932, 0.6750003099441528, 0.0, -75.87845611572266, 14.499083466312934
363, 18.07793617248535, -252.8799285888672, 0.03883384168148041, 0.725000262260437, 0.0, -75.68051147460938, 14.489006510345769
364, 18.13962173461914, -253.12464904785156, 0.03819722309708595, 0.7500002384185791, 0.0, -75.4881591796875, 14.484034898854066
365, 18.209087371826172, -253.39657592773438, 0.036923982203006744, 0.8000001907348633, 0.0, -75.2745132446289, 14.483913645864764
366, 18.26798439025879, -253.62437438964844, 0.03628736361861229, 0.8250001668930054, 0.0, -75.09587860107422, 14.488589786602475
367, 18.33345603942871, -253.8745880126953, 0.03501412644982338, 0.8750001192092896, 0.0, -74.9004898071289, 14.498375544424148
368, 18.40423583984375, -254.14169311523438, 0.03374088928103447, 0.9250000715255737, 0.0, -74.69346618652344, 14.514549820915539
369, 18.46853256225586, -254.3815155029297, 0.033104266971349716, 0.9500000476837158, 0.0, -74.50894927978516, 14.534301757902432
370, 18.541162490844727, -254.64915466308594, 0.031831029802560806, 0.9500000476837158, 0.0, -74.30509948730469, 14.561432102731448
371, 18.61260986328125, -254.90933227539062, 0.030557792633771896, 0.9000000953674316, 0.0, -74.10931396484375, 14.592006920863012
372, 18.679767608642578, -255.1511993408203, 0.029284553602337837, 0.8500001430511475, 0.0, -73.92965698242188, 14.622644685461662
373, 18.75469398498535, -255.4180450439453, 0.028647935017943382, 0.8250001668930054, 0.0, -73.73444366455078, 14.657499673494907
374, 18.82109832763672, -255.65206909179688, 0.027374695986509323, 0.7750002145767212, 0.0, -73.56578063964844, 14.68838410327577
375, 18.891292572021484, -255.89697265625, 0.026738077402114868, 0.7500002384185791, 0.0, -73.39202880859375, 14.720119984200885
376, 18.971569061279297, -256.1739501953125, 0.02546483837068081, 0.7000002861022949, 0.0, -73.19944763183594, 14.754736050497232
377, 19.039703369140625, -256.40673828125, 0.0241916012018919, 0.6500003337860107, 0.0, -73.04070281982422, 14.78193363187736
378, 19.11815071105957, -256.6720886230469, 0.02291836217045784, 0.6000003814697266, 0.0, -72.86387634277344, 14.81018232435121
379, 19.19989776611328, -256.94573974609375, 0.022281743586063385, 0.5750004053115845, 0.0, -72.68608093261719, 14.83551424677019
380, 19.27507972717285, -257.1950378417969, 0.02037188597023487, 0.5000004768371582, 0.0, -72.52836608886719, 14.854862905873684
381, 19.35835838317871, -257.4685363769531, 0.019098646938800812, 0.45000046491622925, 0.0, -72.36065673828125, 14.871053968383935
382, 19.452335357666016, -257.7742614746094, 0.017825407907366753, 0.4000004529953003, 0.0, -72.17949676513672, 14.881643406135735
383, 19.556121826171875, -258.1081848144531, 0.016552170738577843, 0.35000044107437134, 0.0, -71.9898910522461, 14.884288178522588
384, 19.64650535583496, -258.3961181640625, 0.015278930775821209, 0.3000004291534424, 0.0, -71.83328247070312, 14.878519611725778
385, 19.72963523864746, -258.6584777832031, 0.014005690813064575, 0.2500004172325134, 0.0, -71.6966781616211, 14.86717337728754
386, 19.811874389648438, -258.9159851074219, 0.013369070366024971, 0.22500041127204895, 0.0, -71.56791687011719, 14.849865648973418
387, 19.90184783935547, -259.1954345703125, 0.012095830403268337, 0.17500039935112, 0.0, -71.43437194824219, 14.824600119390995
388, 19.986026763916016, -259.4549255371094, 0.010822590440511703, 0.12500038743019104, 0.0, -71.31597137451172, 14.794673357106422
389, 20.068384170532227, -259.70709228515625, 0.0101859699934721, 0.10000038892030716, 0.0, -71.20610046386719, 14.759674221404055
390, 20.1613712310791, -259.9898986816406, 0.0101859699934721, 0.10000038892030716, 0.0, -71.08868408203125, 14.713375329479847
391, 20.24056053161621, -260.2291259765625, 0.008912730030715466, 0.0500003919005394, 0.0, -70.9947738647461, 14.668875583480363
392, 20.324230194091797, -260.48046875, 0.006366251036524773, 0.0, 0.0, -70.90155029296875, 14.616369646983982
393, 20.411712646484375, -260.7416687011719, 0.005729631520807743, 0.0, 0.0, -70.81036376953125, 14.556665089704854
394, 20.496366500854492, -260.9931335449219, 0.0038197720423340797, 0.0, 0.0, -70.72835540771484, 14.494889622706822
395, 20.58407974243164, -261.2523498535156, 0.0025465323124080896, 0.0, 0.0, -70.6501235961914, 14.427447887777323
396, 20.671213150024414, -261.5086364746094, 0.0019099126802757382, 0.0, 0.0, -70.57891845703125, 14.357482200631683
397, 20.763010025024414, -261.77740478515625, 0.0, 0.02500000037252903, 0.0, -70.51116180419922, 14.281729337213259
398, 20.843210220336914, -262.0112609863281, 0.0, 0.07500000298023224, 0.0, -70.45764923095703, 14.214243571159866
399, 20.931562423706055, -262.2678527832031, 0.0, 0.10000000149011612, 0.0, -70.4044189453125, 14.139722495052832
400, 21.027099609375, -262.5442199707031, 0.0, 0.15000000596046448, 0.0, -70.35260772705078, 14.059866829891723
401, 21.108095169067383, -262.77752685546875, 0.0, 0.20000001788139343, 0.0, -70.3133544921875, 13.993553926139855
402, 21.193700790405273, -263.0232238769531, 0.0, 0.2500000298023224, 0.0, -70.27605438232422, 13.925811507284243
403, 21.28548240661621, -263.2857666015625, 0.0, 0.30000004172325134, 0.0, -70.24007415771484, 13.85702529133286
404, 21.3763427734375, -263.54461669921875, 0.0, 0.3500000536441803, 0.0, -70.20877075195312, 13.79297328618594
405, 21.455461502075195, -263.769287109375, 0.0, 0.3500000536441803, 0.0, -70.18366241455078, 13.741358713251186
406, 21.546550750732422, -264.02685546875, 0.005729577504098415, 0.42500007152557373, 0.0, -70.15511322021484, 13.686614895454605
407, 21.63300323486328, -264.2701416015625, 0.009549296461045742, 0.4750000834465027, 0.0, -70.12640380859375, 13.640078342477242
408, 21.715314865112305, -264.500732421875, 0.009549296461045742, 0.4750000834465027, 0.0, -70.09652709960938, 13.60099239766294
409, 21.801799774169922, -264.74176025390625, 0.015278873965144157, 0.550000011920929, 0.0, -70.06090545654297, 13.565249202071213
410, 21.891597747802734, -264.99072265625, 0.015915492549538612, 0.6249999403953552, 0.0, -70.01903533935547, 13.534515046428549
411, 21.97368049621582, -265.2172546386719, 0.014642253518104553, 0.6749998927116394, 0.0, -69.9773178100586, 13.513065155140513
412, 22.061256408691406, -265.4580383300781, 0.014005633071064949, 0.6999998688697815, 0.0, -69.9299087524414, 13.497061157574302
413, 22.147233963012695, -265.6935729980469, 0.012732393108308315, 0.7499998211860657, 0.0, -69.88131713867188, 13.48814084534391
414, 22.230709075927734, -265.9216003417969, 0.011459152214229107, 0.7999997735023499, 0.0, -69.83306121826172, 13.486108963922419
415, 22.315265655517578, -266.1519470214844, 0.010822532698512077, 0.8249997496604919, 0.0, -69.78363037109375, 13.49049922342042
416, 22.402475357055664, -266.3888854980469, 0.009549291804432869, 0.8749997019767761, 0.0, -69.73262023925781, 13.501306519775643
417, 22.489486694335938, -266.62481689453125, 0.008276051841676235, 0.9249996542930603, 0.0, -69.68231964111328, 13.518473056738667
418, 22.573848724365234, -266.85308837890625, 0.007002812810242176, 0.9749996066093445, 0.0, -69.6347427368164, 13.54119098024909
419, 22.67426300048828, -267.12420654296875, 0.008276051841676235, 1.0249996185302734, 0.0, -69.57889556884766, 13.575943381498607
420, 22.750879287719727, -267.33050537109375, 0.010185911320149899, 1.0, 0.0, -69.53614044189453, 13.606954791793312
421, 22.834474563598633, -267.55487060546875, 0.014005630277097225, 1.0, 0.0, -69.48755645751953, 13.64435665367636
422, 22.929210662841797, -267.8080749511719, 0.017825348302721977, 1.0, 0.0, -69.42816162109375, 13.690362584788353
423, 23.00897216796875, -268.02032470703125, 0.01973520778119564, 1.0, 0.0, -69.37425994873047, 13.731813019514927
424, 23.099706649780273, -268.2606201171875, 0.023554926738142967, 1.0, 0.0, -69.30697631835938, 13.781042318790218
425, 23.18560028076172, -268.4870300292969, 0.022281687706708908, 1.0, 0.0, -69.2384033203125, 13.82971503601424
426, 23.272430419921875, -268.71502685546875, 0.021645069122314453, 1.0, 0.0, -69.16510009765625, 13.880505803194628
427, 23.370418548583984, -268.97119140625, 0.020371830090880394, 1.0, 0.0, -69.07874298095703, 13.939347725222978
428, 23.455570220947266, -269.1929931640625, 0.019098592922091484, 1.0, 0.0, -69.00163269042969, 13.991643124378198
429, 23.5457763671875, -269.4272155761719, 0.017825353890657425, 1.0, 0.0, -68.91861724853516, 14.047919050543307
430, 23.643367767333984, -269.67974853515625, 0.016552114859223366, 1.0, 0.0, -68.82819366455078, 14.109592667617848
431, 23.73133659362793, -269.9067077636719, 0.015278875827789307, 1.0, 0.0, -68.7468032836914, 14.16578114811698
432, 23.831926345825195, -270.1654052734375, 0.014005635865032673, 1.0, 0.0, -68.65460205078125, 14.230492415977634
433, 23.927457809448242, -270.41033935546875, 0.013369015417993069, 1.0, 0.0, -68.5682373046875, 14.29229598399921
434, 24.017709732055664, -270.64111328125, 0.012095775455236435, 1.0, 0.0, -68.48807525634766, 14.350923155317787
435, 24.121145248413086, -270.90478515625, 0.010822535492479801, 1.0, 0.0, -68.39860534667969, 14.418247105767527
436, 24.208759307861328, -271.12750244140625, 0.010185915045440197, 1.0, 0.0, -68.32481384277344, 14.475355158341218
437, 24.306930541992188, -271.37640380859375, 0.008912675082683563, 1.0, 0.0, -68.24476623535156, 14.539340418556298
438, 24.405397415161133, -271.6253356933594, 0.008276054635643959, 1.0, 0.0, -68.16740417480469, 14.603453742430105
439, 24.50760841369629, -271.8830261230469, 0.0070028156042099, 1.0, 0.0, -68.0904312133789, 14.669901584848883
440, 24.625778198242188, -272.1801452636719, 0.0057295761071145535, 1.0, 0.0, -68.0058364868164, 14.746585224435044
441, 24.733154296875, -272.4493103027344, 0.004456337075680494, 1.0, 0.0, -67.93379211425781, 14.816003923377544
442, 24.84159278869629, -272.7204895019531, 0.003183097345754504, 1.0, 0.0, -67.86576843261719, 14.885871727328727
443, 24.952945709228516, -272.99810791015625, 0.007002816069871187, 1.0, 0.0, -67.79843139648438, 14.957237342816601
444, 25.052536010742188, -273.2455139160156, 0.008912675082683563, 1.0, 0.0, -67.73928833007812, 15.020641404551439
445, 25.152389526367188, -273.4924621582031, 0.014642253518104553, 1.0, 0.0, -67.67851257324219, 15.0836021227398
446, 25.260589599609375, -273.7587890625, 0.01846197061240673, 1.0, 0.0, -67.60877990722656, 15.151183484605044
447, 25.36367416381836, -274.0111389160156, 0.020371830090880394, 1.0, 0.0, -67.53797149658203, 15.215067381078972
448, 25.470434188842773, -274.2710876464844, 0.02419154904782772, 1.0, 0.0, -67.45906829833984, 15.280538550666606
449, 25.580020904541016, -274.5365295410156, 0.02291831001639366, 1.0, 0.0, -67.37274932861328, 15.347417015003856
450, 25.688182830810547, -274.7972106933594, 0.02164507284760475, 0.9750000238418579, 0.0, -67.2836685180664, 15.412944396491664
451, 25.79644203186035, -275.05694580078125, 0.021008452400565147, 0.9500000476837158, 0.0, -67.19142150878906, 15.47758360012258
452, 25.913530349731445, -275.33660888671875, 0.019735215231776237, 0.9000000953674316, 0.0, -67.08918762207031, 15.545934411296843
453, 26.01407814025879, -275.5758056640625, 0.01846197620034218, 0.8500001430511475, 0.0, -67.0002670288086, 15.602645435123332
454, 26.13864517211914, -275.8710021972656, 0.017825357615947723, 0.8250001668930054, 0.0, -66.88928985595703, 15.669611675071467
455, 26.2506046295166, -276.1351623535156, 0.016552118584513664, 0.7750002145767212, 0.0, -66.78944396972656, 15.72671960677366
456, 26.35865592956543, -276.3891906738281, 0.015278879553079605, 0.725000262260437, 0.0, -66.69364166259766, 15.778366007811966
457, 26.478511810302734, -276.6698913574219, 0.014642260037362576, 0.7000002861022949, 0.0, -66.58856964111328, 15.831305978625505
458, 26.599063873291016, -276.9511413574219, 0.012732399627566338, 0.6250003576278687, 0.0, -66.48500061035156, 15.879620473876082
459, 26.7159366607666, -277.2228698730469, 0.011459159664809704, 0.5750004053115845, 0.0, -66.38710021972656, 15.920820627540266
460, 26.85228157043457, -277.5387268066406, 0.010185918770730495, 0.5250004529953003, 0.0, -66.2765121459961, 15.961010834569189
461, 26.977943420410156, -277.82867431640625, 0.008912678807973862, 0.4750004708766937, 0.0, -66.1789779663086, 15.991071310414885
462, 27.10367774963379, -278.11773681640625, 0.007639438845217228, 0.42500045895576477, 0.0, -66.08580780029297, 16.013609785927386
463, 27.216556549072266, -278.37646484375, 0.007002819329500198, 0.4000004529953003, 0.0, -66.00593566894531, 16.02709732958858
464, 27.33551788330078, -278.6481628417969, 0.008276058360934258, 0.35000044107437134, 0.0, -65.92506408691406, 16.034713675827412
465, 27.469261169433594, -278.9523620605469, 0.012095777317881584, 0.3000004291534424, 0.0, -65.83576965332031, 16.034126685981462
466, 27.594472885131836, -279.2357177734375, 0.014005636796355247, 0.2750004231929779, 0.0, -65.75254821777344, 16.02604820564735
467, 27.72056770324707, -279.5196228027344, 0.017825355753302574, 0.22500041127204895, 0.0, -65.66707611083984, 16.010384024996128
468, 27.843036651611328, -279.7938537597656, 0.0216450747102499, 0.17500039935112, 0.0, -65.58080291748047, 15.987926431394646
469, 27.973512649536133, -280.084228515625, 0.025464793667197227, 0.12500038743019104, 0.0, -65.48339080810547, 15.95637510967745
470, 28.106664657592773, -280.3787536621094, 0.029284512624144554, 0.07500039041042328, 0.0, -65.37731170654297, 15.915428938733996
471, 28.230243682861328, -280.6501770019531, 0.03310422971844673, 0.02500039152801037, 0.0, -65.27059173583984, 15.870788814614885
472, 28.35550308227539, -280.92340087890625, 0.035014089196920395, -0.02499960921704769, 0.0, -65.15418243408203, 15.818933753363865
473, 28.489530563354492, -281.2137451171875, 0.04074366018176079, 0.02500039152801037, 0.0, -65.01972961425781, 15.756704608271932
474, 28.62135887145996, -281.4969787597656, 0.03947042301297188, 0.07500039041042328, 0.0, -64.87651824951172, 15.69129711955017
475, 28.745031356811523, -281.76092529296875, 0.03819718584418297, 0.12500038743019104, 0.0, -64.7347640991211, 15.627379300076246
476, 28.876667022705078, -282.03997802734375, 0.037560563534498215, 0.15000039339065552, 0.0, -64.57697296142578, 15.5581112032697
477, 29.01047706604004, -282.3218688964844, 0.036287326365709305, 0.20000040531158447, 0.0, -64.41132354736328, 15.487336251196652
478, 29.137062072753906, -282.5867004394531, 0.035014089196920395, 0.2500004172325134, 0.0, -64.25005340576172, 15.421223397934554
479, 29.268890380859375, -282.8607482910156, 0.033740848302841187, 0.3000004291534424, 0.0, -64.07890319824219, 15.35434590336534
480, 29.390626907348633, -283.1122741699219, 0.03246761113405228, 0.35000044107437134, 0.0, -63.919044494628906, 15.29527204186131
481, 29.5220890045166, -283.3822326660156, 0.03183099254965782, 0.3750004470348358, 0.0, -63.745079040527344, 15.234926672705335
482, 29.657304763793945, -283.658203125, 0.030557753518223763, 0.32500043511390686, 0.0, -63.565696716308594, 15.176477153206879
483, 29.78734588623047, -283.9218444824219, 0.029284516349434853, 0.2750004231929779, 0.0, -63.39338684082031, 15.121854689039923
484, 29.91264533996582, -284.1742858886719, 0.028011277318000793, 0.22500041127204895, 0.0, -63.228370666503906, 15.069540288793396
485, 30.04570960998535, -284.4407653808594, 0.026738038286566734, 0.17500039935112, 0.0, -63.05488204956055, 15.013131753339472
486, 30.173892974853516, -284.6958923339844, 0.025464801117777824, 0.12500038743019104, 0.0, -62.88997268676758, 14.956969149274173
487, 30.29896354675293, -284.94342041015625, 0.024191562086343765, 0.07500039041042328, 0.0, -62.7315559387207, 14.89966144648911
488, 30.431686401367188, -285.2044982910156, 0.022918324917554855, 0.02500039152801037, 0.0, -62.56672286987305, 14.835483764391439
489, 30.570085525512695, -285.4752197265625, 0.021645085886120796, -0.02499960921704769, 0.0, -62.398475646972656, 14.764242273136214
490, 30.696483612060547, -285.7209167480469, 0.02100846730172634, 0.0, 0.0, -62.248626708984375, 14.6958636814441
491, 30.821794509887695, -285.9631652832031, 0.019735228270292282, 0.0, 0.0, -62.103668212890625, 14.625227905134594
492, 30.951019287109375, -286.21160888671875, 0.018461989238858223, 0.0, 0.0, -61.958377838134766, 14.549908435810288
493, 31.080833435058594, -286.4598388671875, 0.017188752070069313, 0.0, 0.0, -61.816925048828125, 14.472099152996444
494, 31.19805908203125, -286.682861328125, 0.017188752070069313, 0.0, 0.0, -61.693016052246094, 14.400228127005963
495, 31.324066162109375, -286.92138671875, 0.015278893522918224, 0.0, 0.0, -61.56428909301758, 14.321611330983142
496, 31.449859619140625, -287.1582946777344, 0.014005652628839016, 0.02500000037252903, 0.0, -61.440574645996094, 14.242526900085709
497, 31.57787322998047, -287.3982238769531, 0.012732412666082382, 0.07500000298023224, 0.0, -61.31981658935547, 14.161756881160706
498, 31.70159149169922, -287.6289978027344, 0.012095792219042778, 0.10000000149011612, 0.0, -61.20803451538086, 14.084382500818913
499, 31.829669952392578, -287.8668212890625, 0.01018593180924654, 0.17500001192092896, 0.0, -61.09785461425781, 14.005660330715342
500, 31.96431541442871, -288.11578369140625, 0.008912691846489906, 0.2250000238418579, 0.0, -60.987972259521484, 13.926163166828136
501, 32.080413818359375, -288.3294982910156, 0.00763945234939456, 0.27500003576278687, 0.0, -60.89889144897461, 13.860646304370153
502, 32.212528228759766, -288.5716552734375, 0.00700283283367753, 0.30000004172325134, 0.0, -60.803829193115234, 13.790210081182432
503, 32.34519577026367, -288.81390380859375, 0.005729593336582184, 0.3500000536441803, 0.0, -60.71437454223633, 13.724652979158286
504, 32.4892692565918, -289.0757141113281, 0.00954931229352951, 0.40000006556510925, 0.0, -60.62255096435547, 13.659441080329428
505, 32.60877990722656, -289.291748046875, 0.013369031250476837, 0.4500000774860382, 0.0, -60.5482292175293, 13.610363625735317
506, 32.729270935058594, -289.5084228515625, 0.017188750207424164, 0.5000000596046448, 0.0, -60.47285079956055, 13.566189191058614
507, 32.85556411743164, -289.7342834472656, 0.019098609685897827, 0.5250000357627869, 0.0, -60.39210510253906, 13.525880130830444
508, 32.98826217651367, -289.97027587890625, 0.022918328642845154, 0.574999988079071, 0.0, -60.30397033691406, 13.490466505711783
509, 33.10551834106445, -290.1774597167969, 0.02673804759979248, 0.6249999403953552, 0.0, -60.22151565551758, 13.464596810511958
510, 33.24102783203125, -290.4156188964844, 0.02546480856835842, 0.6749998927116394, 0.0, -60.12176513671875, 13.442463898034184
511, 33.36668014526367, -290.6351013183594, 0.024191569536924362, 0.7249998450279236, 0.0, -60.025596618652344, 13.428688493810844
512, 33.49102783203125, -290.85125732421875, 0.023554950952529907, 0.7499998211860657, 0.0, -59.9280891418457, 13.421957522445197
513, 33.61778259277344, -291.0705871582031, 0.022281711921095848, 0.7999997735023499, 0.0, -59.82704544067383, 13.421761068915835
514, 33.7486572265625, -291.29608154296875, 0.021008474752306938, 0.849999725818634, 0.0, -59.7219123840332, 13.428596807061702
515, 33.86616516113281, -291.49774169921875, 0.01973523572087288, 0.8999996781349182, 0.0, -59.62749481201172, 13.440933918864056
516, 33.98933410644531, -291.7083740234375, 0.01846199668943882, 0.9499996304512024, 0.0, -59.52910614013672, 13.459877232705672
517, 34.1298828125, -291.9478759765625, 0.01718875952064991, 0.9999995827674866, 0.0, -59.4180793762207, 13.489358485735403
518, 34.25538635253906, -292.16094970703125, 0.016552140936255455, 1.0249996185302734, 0.0, -59.320518493652344, 13.521451233844951
519, 34.38127136230469, -292.37396240234375, 0.015278900973498821, 1.0, 0.0, -59.22441101074219, 13.55844206681111
520, 34.51211929321289, -292.59466552734375, 0.014005660079419613, 1.0, 0.0, -59.12693786621094, 13.60100884634786
521, 34.64894485473633, -292.8247375488281, 0.012732420116662979, 1.0, 0.0, -59.02800750732422, 13.649181527683044
522, 34.77149963378906, -293.0302429199219, 0.01209580060094595, 1.0, 0.0, -58.94200134277344, 13.695016507767688
523, 34.906002044677734, -293.2550964355469, 0.010822559706866741, 1.0, 0.0, -58.850833892822266, 13.747591427787306
524, 35.05065155029297, -293.49627685546875, 0.009549319744110107, 1.0, 0.0, -58.75657653808594, 13.80652734553088
525, 35.180965423583984, -293.71295166015625, 0.008276079781353474, 1.0, 0.0, -58.67569351196289, 13.861079310513931
526, 35.310550689697266, -293.9278259277344, 0.010185939259827137, 1.0, 0.0, -58.597904205322266, 13.916452869087736
527, 35.46029281616211, -294.17523193359375, 0.014005657285451889, 1.0, 0.0, -58.50876235961914, 13.98151671146904
528, 35.60143280029297, -294.4073181152344, 0.01973523572087288, 1.0, 0.0, -58.4224967956543, 14.0432807661962
529, 35.748260498046875, -294.6475524902344, 0.023554954677820206, 0.9500000476837158, 0.0, -58.32801055908203, 14.107690123818728
530, 35.87978744506836, -294.8617858886719, 0.022281715646386147, 0.9000000953674316, 0.0, -58.23994064331055, 14.164873328753933
531, 36.0306396484375, -295.1064453125, 0.02164509706199169, 0.8750001192092896, 0.0, -58.13605499267578, 14.228785256276291
532, 36.161800384521484, -295.31829833984375, 0.020371858030557632, 0.8250001668930054, 0.0, -58.04370880126953, 14.282651897312588
533, 36.30207443237305, -295.54400634765625, 0.019098620861768723, 0.7750002145767212, 0.0, -57.94409942626953, 14.33769913893438
534, 36.44676971435547, -295.7760009765625, 0.01846200041472912, 0.7500002384185791, 0.0, -57.840858459472656, 14.391095741188874
535, 36.58916473388672, -296.0035095214844, 0.01718876324594021, 0.7000002861022949, 0.0, -57.739532470703125, 14.440052146832024
536, 36.73153305053711, -296.2302551269531, 0.01591552421450615, 0.6500003337860107, 0.0, -57.63926696777344, 14.48486202875206
537, 36.88837432861328, -296.479248046875, 0.014642284251749516, 0.6000003814697266, 0.0, -57.530460357666016, 14.528481058259501
538, 37.03606033325195, -296.7128601074219, 0.014005664736032486, 0.5750004053115845, 0.0, -57.430206298828125, 14.564430551893105
539, 37.18008804321289, -296.9400329589844, 0.012732423841953278, 0.5000004768371582, 0.0, -57.33487319946289, 14.594152542886738
540, 37.32968521118164, -297.17529296875, 0.01082256343215704, 0.45000046491622925, 0.0, -57.239173889160156, 14.618673321449226
541, 37.49163818359375, -297.42926025390625, 0.009549323469400406, 0.4000004529953003, 0.0, -57.13959503173828, 14.636886058991706
542, 37.62725830078125, -297.64129638671875, 0.008912703022360802, 0.3750004470348358, 0.0, -57.05997848510742, 14.646131655782995
543, 37.77080154418945, -297.8651428222656, 0.007639463525265455, 0.32500043511390686, 0.0, -56.97955322265625, 14.649825621026464
544, 37.933990478515625, -298.1190185546875, 0.006366224493831396, 0.32500043511390686, 0.0, -56.892974853515625, 14.645953802727407
545, 38.083770751953125, -298.3514099121094, 0.00509298499673605, 0.3750004470348358, 0.0, -56.818885803222656, 14.637095566035269
546, 38.23415756225586, -298.5841369628906, 0.00445636548101902, 0.4000004529953003, 0.0, -56.749332427978516, 14.624694109894081
547, 38.382476806640625, -298.81317138671875, 0.00318312575109303, 0.45000046491622925, 0.0, -56.68562316894531, 14.610361551359698
548, 38.54453659057617, -299.0628967285156, 0.0019098860211670399, 0.5000004768371582, 0.0, -56.62140655517578, 14.594135742204818
549, 38.70924758911133, -299.3161926269531, 0.0, 0.5500004291534424, 0.0, -56.56277847290039, 14.578641475271734
550, 38.85099411010742, -299.5337219238281, 0.0, 0.6000003814697266, 0.0, -56.51779556274414, 14.567034621850848
551, 39.00733947753906, -299.7732238769531, 0.0, 0.6500003337860107, 0.0, -56.473243713378906, 14.557194912834403
552, 39.158836364746094, -300.0048522949219, 0.0, 0.6750003099441528, 0.0, -56.434547424316406, 14.551382234547562
553, 39.321189880371094, -300.2525329589844, 0.0038197184912860394, 0.725000262260437, 0.0, -56.395484924316406, 14.54966722561895
554, 39.467384338378906, -300.47491455078125, 0.007639436982572079, 0.7750002145767212, 0.0, -56.360416412353516, 14.55207892476948
555, 39.619964599609375, -300.70623779296875, 0.013369014486670494, 0.8500001430511475, 0.0, -56.32087707519531, 14.55929781575739
556, 39.77349853515625, -300.93817138671875, 0.015278873965144157, 0.8750001192092896, 0.0, -56.276710510253906, 14.57223849490362
557, 39.92899703979492, -301.17230224609375, 0.014005634002387524, 0.9250000715255737, 0.0, -56.2282829284668, 14.59110612011533
558, 40.08142852783203, -301.4011535644531, 0.01273239403963089, 0.9750000238418579, 0.0, -56.17819595336914, 14.615410127302521
559, 40.24401092529297, -301.64471435546875, 0.011459153145551682, 1.0, 0.0, -56.12302780151367, 14.647972710019431
560, 40.383209228515625, -301.85272216796875, 0.010822533629834652, 1.0, 0.0, -56.07475280761719, 14.680098570279679
561, 40.54191970825195, -302.0894470214844, 0.009549292735755444, 1.0, 0.0, -56.01927185058594, 14.720839655082973
562, 40.702598571777344, -302.3286437988281, 0.00827605277299881, 1.0, 0.0, -55.96342086791992, 14.7659335070289
563, 40.86654281616211, -302.57220458984375, 0.009549291804432869, 1.0, 0.0, -55.906288146972656, 14.815157260683216
564, 41.017372131347656, -302.7958068847656, 0.009549291804432869, 1.0, 0.0, -55.85272979736328, 14.862851326914976
565, 41.17290496826172, -303.0257873535156, 0.015278870239853859, 1.0, 0.0, -55.794715881347656, 14.913861918278021
566, 41.32950210571289, -303.2566223144531, 0.019098587334156036, 1.0, 0.0, -55.73179626464844, 14.966738396922645
567, 41.48851013183594, -303.4902648925781, 0.01846196874976158, 1.0, 0.0, -55.66346740722656, 15.021951782322795
568, 41.65175247192383, -303.72943115234375, 0.01718873158097267, 1.0, 0.0, -55.58985137939453, 15.079963303503503
569, 41.8312873840332, -303.9917907714844, 0.015915490686893463, 1.0, 0.0, -55.50623321533203, 15.145128100472142
570, 41.99296188354492, -304.2274475097656, 0.0140056312084198, 1.0, 0.0, -55.42951965332031, 15.204650544839911
571, 42.17243194580078, -304.48846435546875, 0.012732391245663166, 1.0, 0.0, -55.34410095214844, 15.271590891857716
572, 42.33279800415039, -304.7210998535156, 0.014005630277097225, 1.0, 0.0, -55.26716232299805, 15.331793412309109
573, 42.50255584716797, -304.9666442871094, 0.017825348302721977, 1.0, 0.0, -55.18329620361328, 15.395706489288385
574, 42.672607421875, -305.2117919921875, 0.01973520778119564, 1.0, 0.0, -55.0958137512207, 15.45992491504459
575, 42.836585998535156, -305.44732666015625, 0.023554926738142967, 1.0, 0.0, -55.0068244934082, 15.521812811603768
576, 43.00298309326172, -305.68536376953125, 0.027374645695090294, 1.0, 0.0, -54.91029739379883, 15.584472021486878
577, 43.19068908691406, -305.9527587890625, 0.028647884726524353, 1.0, 0.0, -54.79408264160156, 15.655200237651894
578, 43.36172866821289, -306.1952819824219, 0.028011266142129898, 1.0, 0.0, -54.68147277832031, 15.7196598662041
579, 43.53200149536133, -306.4357604980469, 0.02673802711069584, 1.0, 0.0, -54.564693450927734, 15.783852067714443
580, 43.69972229003906, -306.6717529296875, 0.02546478994190693, 1.0, 0.0, -54.44622802734375, 15.847043480929354
581, 43.890419006347656, -306.93914794921875, 0.02419155091047287, 1.0, 0.0, -54.30880355834961, 15.918810330581023
582, 44.05493927001953, -307.16888427734375, 0.023554932326078415, 1.0, 0.0, -54.18828582763672, 15.980510202057346
583, 44.22684860229492, -307.40814208984375, 0.023554932326078415, 1.0, 0.0, -54.061397552490234, 16.044798282950957
584, 44.42074203491211, -307.67706298828125, 0.021008456125855446, 0.9750000238418579, 0.0, -53.917938232421875, 16.116897443459354
585, 44.61452865600586, -307.9447937011719, 0.019735217094421387, 0.9250000715255737, 0.0, -53.7750244140625, 16.187780041971852
586, 44.809974670410156, -308.2138366699219, 0.017825359478592873, 0.8500001430511475, 0.0, -53.632423400878906, 16.256989721223604
587, 45.00105285644531, -308.4757995605469, 0.016552120447158813, 0.8000001907348633, 0.0, -53.49546432495117, 16.32150119098466
588, 45.17348098754883, -308.7113952636719, 0.01591550186276436, 0.7750002145767212, 0.0, -53.374027252197266, 16.376297421396924
589, 45.37235641479492, -308.98223876953125, 0.014642261900007725, 0.725000262260437, 0.0, -53.236854553222656, 16.43508509225922
590, 45.57502365112305, -309.2572021484375, 0.013369021005928516, 0.6750003099441528, 0.0, -53.10102081298828, 16.48972033704068
591, 45.760154724121094, -309.5074157714844, 0.012095781043171883, 0.6250003576278687, 0.0, -52.98102951049805, 16.534810162416623
592, 45.94283676147461, -309.75347900390625, 0.011459161527454853, 0.6000003814697266, 0.0, -52.866458892822266, 16.57410588543119
593, 46.15100860595703, -310.03289794921875, 0.012732400558888912, 0.5500004291534424, 0.0, -52.73942184448242, 16.612032261875264
594, 46.34300231933594, -310.28936767578125, 0.016552118584513664, 0.5000004768371582, 0.0, -52.624000549316406, 16.64075948333631
595, 46.526859283447266, -310.53387451171875, 0.02037183754146099, 0.45000046491622925, 0.0, -52.51286315917969, 16.661795749038735
596, 46.72035598754883, -310.78997802734375, 0.022281697019934654, 0.42500045895576477, 0.0, -52.39406204223633, 16.67714784848013
597, 46.93790817260742, -311.07635498046875, 0.02610141597688198, 0.3750004470348358, 0.0, -52.25679016113281, 16.68545433551225
598, 47.1411018371582, -311.3424072265625, 0.024828176945447922, 0.32500043511390686, 0.0, -52.12529373168945, 16.68516221594852
599, 47.32289505004883, -311.5792236328125, 0.022918321192264557, 0.2500004172325134, 0.0, -52.00596618652344, 16.678478358065355
600, 47.51287078857422, -311.8255920410156, 0.021645082160830498, 0.20000040531158447, 0.0, -51.88063049316406, 16.664019412837973
601, 47.705535888671875, -312.0743713378906, 0.021008463576436043, 0.17500039935112, 0.0, -51.75341033935547, 16.641660365779412
602, 47.91976547241211, -312.34979248046875, 0.019735224545001984, 0.12500038743019104, 0.0, -51.61241912841797, 16.60775645468053
603, 48.11248016357422, -312.5964050292969, 0.018461985513567924, 0.07500039041042328, 0.0, -51.48664855957031, 16.570210218515047
604, 48.3082275390625, -312.8459167480469, 0.017188748344779015, 0.02500039152801037, 0.0, -51.36054611206055, 16.524779544644577
605, 48.49765396118164, -313.0864562988281, 0.015915509313344955, -0.02499960921704769, 0.0, -51.24055862426758, 16.474010640063852
606, 48.68403244018555, -313.3222351074219, 0.015278889797627926, 0.0, 0.0, -51.12467956542969, 16.41808737670008
607, 48.87407684326172, -313.561767578125, 0.014005648903548717, 0.0, 0.0, -51.00918197631836, 16.355757150124326
608, 49.07647705078125, -313.8159484863281, 0.012732408940792084, 0.0, 0.0, -50.889549255371094, 16.284354200690096
609, 49.268924713134766, -314.0567321777344, 0.01145916897803545, 0.0, 0.0, -50.77937698364258, 16.21220990923124
610, 49.46104431152344, -314.2962951660156, 0.010822548530995846, 0.0, 0.0, -50.6729850769043, 16.136664153386118
611, 49.65262222290039, -314.53424072265625, 0.012095787562429905, 0.0, 0.0, -50.56983184814453, 16.05827116142079
612, 49.86431121826172, -314.79620361328125, 0.015915505588054657, 0.0, 0.0, -50.45701599121094, 15.968385623699639
613, 50.24292755126953, -315.26123046875, 0.019735224545001984, 0.0, 0.0, -50.25056076049805, 15.801169349890797
614, 50.43141555786133, -315.490966796875, 0.027374662458896637, 0.0, 0.0, -50.14195251464844, 15.715266351382317
615, 50.62160873413086, -315.7215881347656, 0.0292845219373703, 0.0, 0.0, -50.02701950073242, 15.627179249100479
616, 50.806888580322266, -315.9449768066406, 0.03310423716902733, 0.0, 0.0, -49.90876007080078, 15.540142265687653
617, 51.00092697143555, -316.1774597167969, 0.03883381187915802, 0.0, 0.0, -49.775978088378906, 15.447791445725022
618, 51.20875930786133, -316.42498779296875, 0.03756057098507881, 0.0, 0.0, -49.62506103515625, 15.348031635032292
619, 51.39802551269531, -316.6489562988281, 0.0362873338162899, 0.0, 0.0, -49.479984283447266, 15.256624377741765
620, 51.59941864013672, -316.885986328125, 0.03565071523189545, 0.0, 0.0, -49.31973648071289, 15.158799648855858
621, 51.79043197631836, -317.1094665527344, 0.03437747806310654, 0.0, 0.0, -49.162349700927734, 15.065624823935293
622, 51.972469329833984, -317.3213195800781, 0.03310423716902733, 0.0, 0.0, -49.008995056152344, 14.976531967755893
623, 52.161376953125, -317.5400085449219, 0.03183100000023842, 0.0, 0.0, -48.847190856933594, 14.883836322930543
624, 52.35862350463867, -317.7672424316406, 0.031194381415843964, 0.0, 0.0, -48.67632293701172, 14.786833518866686
625, 52.52862548828125, -317.9620666503906, 0.029921142384409904, 0.0, 0.0, -48.52781677246094, 14.703101439052613
626, 52.72886276245117, -318.1904296875, 0.028647903352975845, 0.0, 0.0, -48.35249710083008, 14.604401279171514
627, 52.92473602294922, -318.41253662109375, 0.03183100372552872, 0.0, 0.0, -48.179603576660156, 14.507651133503922
628, 53.11011505126953, -318.6213684082031, 0.035650718957185745, 0.0, 0.0, -48.01262283325195, 14.415887397125044
629, 53.29331970214844, -318.826416015625, 0.03756057471036911, 0.0, 0.0, -47.84364700317383, 14.325164399422741
630, 53.46271514892578, -319.01483154296875, 0.04138028994202614, 0.0, 0.0, -47.68284225463867, 14.241209556612386
631, 53.658660888671875, -319.2312927246094, 0.045200005173683167, 0.0, 0.0, -47.490055084228516, 14.144061932417726
632, 53.82735061645508, -319.41619873046875, 0.049019720405340195, 0.0, 0.0, -47.31657028198242, 14.060389628084872
633, 54.02267837524414, -319.6286926269531, 0.05092957988381386, 0.0, 0.0, -47.10728073120117, 13.96366797625897
634, 54.20553207397461, -319.8258056640625, 0.054749295115470886, 0.0, 0.0, -46.90129089355469, 13.873142869902159
635, 54.39970397949219, -320.0335388183594, 0.05347605422139168, 0.0, 0.0, -46.67406463623047, 13.777455990934133
636, 54.58073425292969, -320.2254943847656, 0.05220281705260277, 0.0, 0.0, -46.454715728759766, 13.68859721264986
637, 54.754398345947266, -320.4082946777344, 0.05092957988381386, 0.0, 0.0, -46.23923110961914, 13.603692918756373
638, 54.92863464355469, -320.59033203125, 0.0502929612994194, 0.0, 0.0, -46.01884460449219, 13.518794629695847
639, 55.12032699584961, -320.7891845703125, 0.049019720405340195, 0.0, 0.0, -45.77294158935547, 13.425783925657454
640, 55.28229904174805, -320.9559020996094, 0.04710986465215683, 0.0, 0.0, -45.56307601928711, 13.347483121928075
641, 55.462158203125, -321.1397399902344, 0.04583662375807762, 0.0, 0.0, -45.328880310058594, 13.260825949144952
642, 55.64455032348633, -321.32476806640625, 0.045200005173683167, 0.0, 0.0, -45.09076690673828, 13.173234089205565
643, 55.82505416870117, -321.50653076171875, 0.04392676800489426, 0.05000000074505806, 0.0, -44.8552131652832, 13.087723107191122
644, 56.00465393066406, -321.6860046386719, 0.04265353083610535, 0.10000000149011612, 0.0, -44.621803283691406, 13.004295180107922
645, 56.1689338684082, -321.84906005859375, 0.04138028994202614, 0.15000000596046448, 0.0, -44.40964889526367, 12.930330431111278
646, 56.35597610473633, -322.0334167480469, 0.04010705277323723, 0.20000001788139343, 0.0, -44.17026901245117, 12.849925880758553
647, 56.54258346557617, -322.2159423828125, 0.03883381560444832, 0.2500000298023224, 0.0, -43.93443298339844, 12.774272343796916
648, 56.72011947631836, -322.38818359375, 0.038197197020053864, 0.27500003576278687, 0.0, -43.71342849731445, 12.70666514813925
649, 56.88819122314453, -322.5501403808594, 0.036923956125974655, 0.3250000476837158, 0.0, -43.507389068603516, 12.647180886727462
650, 57.07191467285156, -322.7259521484375, 0.035650718957185745, 0.3750000596046448, 0.0, -43.28593063354492, 12.588074517909694
651, 57.26523208618164, -322.9095153808594, 0.034377481788396835, 0.42500007152557373, 0.0, -43.05792999267578, 12.532603125674475
652, 57.43789291381836, -323.07220458984375, 0.03310424089431763, 0.4750000834465027, 0.0, -42.85929489135742, 12.48897773378927
653, 57.608158111572266, -323.2315673828125, 0.03246762230992317, 0.5000000596046448, 0.0, -42.66780090332031, 12.452019049126475
654, 57.791282653808594, -323.40185546875, 0.031194385141134262, 0.550000011920929, 0.0, -42.46665954589844, 12.419223422398707
655, 57.9727668762207, -323.56939697265625, 0.029284527525305748, 0.6249999403953552, 0.0, -42.273582458496094, 12.393266561275317
656, 58.1617546081543, -323.7427062988281, 0.02801128849387169, 0.6749998927116394, 0.0, -42.07838439941406, 12.375205723239985
657, 58.32331848144531, -323.8899230957031, 0.02673805132508278, 0.7249998450279236, 0.0, -41.91706848144531, 12.366260085856082
658, 58.509002685546875, -324.05816650390625, 0.026101430878043175, 0.7499998211860657, 0.0, -41.73720169067383, 12.364084776218583
659, 58.69729232788086, -324.2276611328125, 0.024828193709254265, 0.7999997735023499, 0.0, -41.56111145019531, 12.369531390516116
660, 58.87544250488281, -324.3869934082031, 0.023554954677820206, 0.849999725818634, 0.0, -41.40082550048828, 12.381205013237093
661, 59.04039764404297, -324.5337829589844, 0.022281715646386147, 0.8999996781349182, 0.0, -41.257450103759766, 12.398197151601009
662, 59.22198486328125, -324.69451904296875, 0.021008478477597237, 0.9499996304512024, 0.0, -41.105438232421875, 12.423416067614665
663, 59.41121292114258, -324.8612060546875, 0.019735239446163177, 0.9999995827674866, 0.0, -40.95281982421875, 12.45743908383882
664, 59.58746337890625, -325.015625, 0.019098620861768723, 1.0249996185302734, 0.0, -40.816497802734375, 12.494715064109064
665, 59.76339340209961, -325.1690673828125, 0.017825381830334663, 0.9749996662139893, 0.0, -40.68560791015625, 12.536506917429293
666, 59.96064376831055, -325.3403625488281, 0.016552144661545753, 0.9249997138977051, 0.0, -40.544551849365234, 12.586990361870324
667, 60.15531539916992, -325.5086364746094, 0.01527890469878912, 0.8749997615814209, 0.0, -40.41168212890625, 12.638313624447061
668, 60.36091232299805, -325.685546875, 0.014005664736032486, 0.8249998092651367, 0.0, -40.27812576293945, 12.692386956138954
669, 60.55689239501953, -325.85345458984375, 0.012732423841953278, 0.7749998569488525, 0.0, -40.15721893310547, 12.742511448001187
670, 60.73871612548828, -326.0085754394531, 0.012095804326236248, 0.7499998807907104, 0.0, -40.0508918762207, 12.78712323745612
671, 60.931556701660156, -326.1725158691406, 0.01082256343215704, 0.6999999284744263, 0.0, -39.94389724731445, 12.831898531852916
672, 61.12843704223633, -326.33929443359375, 0.009549323469400406, 0.6499999761581421, 0.0, -39.84031295776367, 12.873712757372942
673, 61.33018112182617, -326.5096740722656, 0.007639463525265455, 0.5750000476837158, 0.0, -39.74095153808594, 12.911844297175818
674, 61.51205062866211, -326.6627197265625, 0.007002844009548426, 0.5500000715255737, 0.0, -39.65751266479492, 12.941626264816904
675, 61.703407287597656, -326.82330322265625, 0.005729604512453079, 0.5000001192092896, 0.0, -39.57577896118164, 12.96792770916548
676, 61.911659240722656, -326.99755859375, 0.00445636548101902, 0.4500001072883606, 0.0, -39.49335861206055, 12.989590356723182
677, 62.11189651489258, -327.1647033691406, 0.00318312575109303, 0.40000009536743164, 0.0, -39.420936584472656, 13.003589085662565
678, 62.29147720336914, -327.3142395019531, 0.0019098860211670399, 0.3500000834465027, 0.0, -39.36216354370117, 13.01054336090221
679, 62.48556137084961, -327.4754943847656, 0.0, 0.30000007152557373, 0.0, -39.305397033691406, 13.011403650729928
680, 62.68168640136719, -327.63812255859375, 0.0, 0.2500000596046448, 0.0, -39.25455093383789, 13.00483804785324
681, 62.884788513183594, -327.80621337890625, 0.0, 0.27500006556510925, 0.0, -39.207523345947266, 12.990328435831106
682, 63.07191848754883, -327.960693359375, 0.0, 0.3250000774860382, 0.0, -39.16941452026367, 12.972854032884271
683, 63.2650146484375, -328.119873046875, 0.0, 0.37500008940696716, 0.0, -39.13450622558594, 12.95251613074009
684, 63.46207046508789, -328.281982421875, 0.0, 0.4250001013278961, 0.0, -39.10300827026367, 12.931163141096466
685, 63.668880462646484, -328.4518737792969, 0.0, 0.4750001132488251, 0.0, -39.07365036010742, 12.909858968055387
686, 63.87996292114258, -328.62493896484375, 0.0, 0.5250000953674316, 0.0, -39.0473747253418, 12.890597819418868
687, 64.07653045654297, -328.78582763671875, 0.0, 0.5750000476837158, 0.0, -39.02613067626953, 12.875743409588521
688, 64.27261352539062, -328.9460754394531, 0.0, 0.6000000238418579, 0.0, -39.00742721557617, 12.864852462598618
689, 64.46577453613281, -329.1037292480469, 0.0, 0.6749999523162842, 0.0, -38.9912223815918, 12.858260765237175
690, 64.67060089111328, -329.2707824707031, 0.0, 0.7249999046325684, 0.0, -38.975929260253906, 12.857464295472404
691, 64.85206604003906, -329.41851806640625, 0.0, 0.7749998569488525, 0.0, -38.96402359008789, 12.861775876235152
692, 65.03948211669922, -329.57098388671875, 0.0, 0.7999998331069946, 0.0, -38.95303726196289, 12.87160100340605
693, 65.23310089111328, -329.7283630371094, 0.0, 0.8499997854232788, 0.0, -38.942909240722656, 12.887212813290253
694, 65.44318389892578, -329.89898681640625, 0.0019098592456430197, 0.899999737739563, 0.0, -38.932106018066406, 12.911069011320032
695, 65.62627410888672, -330.04736328125, 0.005729577504098415, 0.9499996900558472, 0.0, -38.9210319519043, 12.937020836791604
696, 65.81597900390625, -330.2008972167969, 0.007639436982572079, 0.9749996662139893, 0.0, -38.90662384033203, 12.969294954141015
697, 66.01897430419922, -330.3648681640625, 0.01145915500819683, 1.0249996185302734, 0.0, -38.88660430908203, 13.009719301223278
698, 66.23137664794922, -330.5359802246094, 0.015278873965144157, 0.9749996662139893, 0.0, -38.858436584472656, 13.056959958860974
699, 66.43330383300781, -330.69818115234375, 0.016552112996578217, 0.9249997138977051, 0.0, -38.823890686035156, 13.104821767402282
700, 66.6326904296875, -330.8580322265625, 0.015278873033821583, 0.8749997615814209, 0.0, -38.78400802612305, 13.15356613643831
701, 66.83173370361328, -331.01727294921875, 0.014005633071064949, 0.8249998092651367, 0.0, -38.739959716796875, 13.202247571489956
702, 67.03629302978516, -331.1806640625, 0.012732393108308315, 0.7749998569488525, 0.0, -38.6915397644043, 13.251065088081962
703, 67.25973510742188, -331.35888671875, 0.011459152214229107, 0.7249999046325684, 0.0, -38.63644790649414, 13.301565863691334
704, 67.48079681396484, -331.5350036621094, 0.009549291804432869, 0.6499999761581421, 0.0, -38.581058502197266, 13.347601461377806
705, 67.675537109375, -331.68994140625, 0.00891267228871584, 0.625, 0.0, -38.532230377197266, 13.38425632509965
706, 67.87236785888672, -331.846435546875, 0.007639432325959206, 0.5750000476837158, 0.0, -38.483497619628906, 13.41719375072162
707, 68.08037567138672, -332.0115051269531, 0.011459150351583958, 0.5250000953674316, 0.0, -38.43101501464844, 13.446809352374341
708, 68.30863189697266, -332.1922607421875, 0.015278869308531284, 0.4750001132488251, 0.0, -38.37019348144531, 13.47198890433678
709, 68.49783325195312, -332.3416748046875, 0.017188729718327522, 0.4500001072883606, 0.0, -38.31589889526367, 13.487556822172612
710, 68.69426727294922, -332.49639892578125, 0.0210084468126297, 0.40000009536743164, 0.0, -38.2546501159668, 13.498333696844854
711, 68.916015625, -332.67047119140625, 0.024828165769577026, 0.3500000834465027, 0.0, -38.17832565307617, 13.502909108009325
712, 69.12274932861328, -332.8321533203125, 0.023554928600788116, 0.30000007152557373, 0.0, -38.100223541259766, 13.500773595068765
713, 69.32594299316406, -332.9906311035156, 0.023554928600788116, 0.30000007152557373, 0.0, -38.0189208984375, 13.49184519317053
714, 69.52373504638672, -333.1443786621094, 0.021645070984959602, 0.2250000536441803, 0.0, -37.936317443847656, 13.47670364220315
715, 69.74738311767578, -333.3177795410156, 0.020371831953525543, 0.17500004172325134, 0.0, -37.84012985229492, 13.451997507333877
716, 69.97559356689453, -333.4942626953125, 0.01846197433769703, 0.10000003129243851, 0.0, -37.74018096923828, 13.41870303204612
717, 70.18634796142578, -333.6567077636719, 0.019735215231776237, 0.050000034272670746, 0.0, -37.64621353149414, 13.380687144006165
718, 70.41117858886719, -333.8294982910156, 0.023554934188723564, 3.390014313708889e-08, 0.0, -37.54267120361328, 13.331260055699161
719, 70.62065887451172, -333.98974609375, 0.02737465314567089, 0.0, 0.0, -37.44071578979492, 13.278136971119183
720, 70.8147964477539, -334.1376953125, 0.029284512624144554, 0.02500000037252903, 0.0, -37.34111404418945, 13.224170129098637
721, 71.02580261230469, -334.2977600097656, 0.03310422971844673, 0.07500000298023224, 0.0, -37.22630310058594, 13.161569409394588
722, 71.23453521728516, -334.4553527832031, 0.03183099254965782, 0.125, 0.0, -37.10563659667969, 13.097996448529845
723, 71.44194793701172, -334.6112060546875, 0.030557753518223763, 0.17500001192092896, 0.0, -36.98075866699219, 13.034622260677855
724, 71.63868713378906, -334.7584228515625, 0.029284516349434853, 0.2250000238418579, 0.0, -36.858924865722656, 12.975580570735776
725, 71.84730529785156, -334.91400146484375, 0.028011277318000793, 0.27500003576278687, 0.0, -36.72740173339844, 12.915443091371346
726, 72.06689453125, -335.0770568847656, 0.026738038286566734, 0.3250000476837158, 0.0, -36.5871696472168, 12.855722460288016
727, 72.272705078125, -335.22918701171875, 0.02610141970217228, 0.3500000536441803, 0.0, -36.45476531982422, 12.803464995998542
728, 72.46440124511719, -335.3703308105469, 0.02482818067073822, 0.3500000536441803, 0.0, -36.33135223388672, 12.75834149527799
729, 72.6604995727539, -335.51416015625, 0.02355494350194931, 0.30000004172325134, 0.0, -36.205780029296875, 12.714790270996359
730, 72.87097930908203, -335.6679992675781, 0.02228170447051525, 0.2500000298023224, 0.0, -36.07235336303711, 12.669117033339033
731, 73.07701110839844, -335.8179626464844, 0.020371846854686737, 0.17500001192092896, 0.0, -35.94403076171875, 12.623653418471372
732, 73.25965881347656, -335.95050048828125, 0.019735228270292282, 0.15000000596046448, 0.0, -35.83258056640625, 12.581590243848561
733, 73.45983123779297, -336.0951843261719, 0.018461989238858223, 0.10000000149011612, 0.0, -35.713287353515625, 12.533025261601692
734, 73.66329956054688, -336.24176025390625, 0.017188752070069313, 0.05000000447034836, 0.0, -35.59512710571289, 12.479783162942008
735, 73.86532592773438, -336.38677978515625, 0.015915513038635254, 4.0978194171259474e-09, 0.0, -35.481842041015625, 12.422985581868232
736, 74.04656982421875, -336.5165100097656, 0.01464227307587862, 0.0, 0.0, -35.383609771728516, 12.367708324643866
737, 74.23833465576172, -336.65325927734375, 0.014005652628839016, 0.0, 0.0, -35.283329010009766, 12.306012953595529
738, 74.43037414550781, -336.7898864746094, 0.012732412666082382, 0.05000000074505806, 0.0, -35.186893463134766, 12.242201394644601
739, 74.63658142089844, -336.93609619140625, 0.011459172703325748, 0.10000000149011612, 0.0, -35.087772369384766, 12.172724138844961
740, 74.81383514404297, -337.0614318847656, 0.01018593180924654, 0.15000000596046448, 0.0, -35.00690460205078, 12.113400293038469
741, 75.00910949707031, -337.1991271972656, 0.008912691846489906, 0.20000001788139343, 0.0, -34.922706604003906, 12.049720197167034
742, 75.20506286621094, -337.3369140625, 0.00763945234939456, 0.2500000298023224, 0.0, -34.84355163574219, 11.988703284160923
743, 75.40343475341797, -337.4760437011719, 0.00700283283367753, 0.27500003576278687, 0.0, -34.76823425292969, 11.93096211853005
744, 75.5848617553711, -337.60296630859375, 0.005729593336582184, 0.3250000476837158, 0.0, -34.70441818237305, 11.881410338513941
745, 75.77729034423828, -337.7371520996094, 0.00954931229352951, 0.3750000596046448, 0.0, -34.6397819519043, 11.833242038736534
746, 75.96556091308594, -337.8679504394531, 0.013369031250476837, 0.42500007152557373, 0.0, -34.57704162597656, 11.791221411933721
747, 76.16809844970703, -338.0081481933594, 0.017188750207424164, 0.4750000834465027, 0.0, -34.50776672363281, 11.752623704249604
748, 76.37602996826172, -338.1513671875, 0.02100846916437149, 0.550000011920929, 0.0, -34.43238067626953, 11.720126636224238
749, 76.5560302734375, -338.2746276855469, 0.024828188121318817, 0.5250000357627869, 0.0, -34.3617057800293, 11.697798170459771
750, 76.73664093017578, -338.3977966308594, 0.023554949089884758, 0.4750000536441803, 0.0, -34.2863883972168, 11.679574619672607
751, 76.92876434326172, -338.5283203125, 0.0222817100584507, 0.42500004172325134, 0.0, -34.20270919799805, 11.662440287192657
752, 77.12383270263672, -338.6603088378906, 0.02100847288966179, 0.3750000298023224, 0.0, -34.11540222167969, 11.645378223835648
753, 77.3094482421875, -338.78546142578125, 0.01973523385822773, 0.32500001788139343, 0.0, -34.03083801269531, 11.628094722797641
754, 77.48779296875, -338.90533447265625, 0.019098615273833275, 0.30000001192092896, 0.0, -33.94893264770508, 11.609467420040403
755, 77.6805419921875, -339.0345153808594, 0.017825376242399216, 0.25, 0.0, -33.86042785644531, 11.586398235599667
756, 77.88333129882812, -339.1700439453125, 0.016552137210965157, 0.19999998807907104, 0.0, -33.76808547973633, 11.55808554652278
757, 78.0626220703125, -339.2895202636719, 0.015278899110853672, 0.1499999761581421, 0.0, -33.68782043457031, 11.529226202806102
758, 78.24085998535156, -339.4079895019531, 0.016552137210965157, 0.09999997913837433, 0.0, -33.60878372192383, 11.49614584558572
759, 78.44304656982422, -339.5419921875, 0.01846199668943882, 0.07499998062849045, 0.0, -33.51884841918945, 11.452711943911744
760, 78.63353729248047, -339.6676940917969, 0.022281715646386147, 0.024999981746077538, 0.0, -33.431785583496094, 11.406843582365628
761, 78.8084716796875, -339.7825622558594, 0.026101434603333473, 0.0, 0.0, -33.348167419433594, 11.359488371445869
762, 78.992431640625, -339.9027404785156, 0.031831011176109314, 0.0, 0.0, -33.25386047363281, 11.30521480184351
763, 79.18797302246094, -340.02978515625, 0.03565072640776634, 0.0, 0.0, -33.14546585083008, 11.24323267397293
764, 79.37554931640625, -340.1508483886719, 0.03692396357655525, 0.0, 0.0, -33.0322151184082, 11.180916702025463
765, 79.5603256225586, -340.2694396972656, 0.0362873449921608, 0.0, 0.0, -32.91350173950195, 11.117185558481891
766, 79.73782348632812, -340.3827209472656, 0.03501410782337189, 0.0, 0.0, -32.79414749145508, 11.054202026417709
767, 79.91604614257812, -340.4959716796875, 0.03374087065458298, 0.0, 0.0, -32.6702766418457, 10.989556003946653
768, 80.09761810302734, -340.6108093261719, 0.03246762976050377, 0.05000000074505806, 0.0, -32.54109191894531, 10.923389512556687
769, 80.28854370117188, -340.7310791015625, 0.03119439259171486, 0.10000000149011612, 0.0, -32.40337371826172, 10.854587845391935
770, 80.45919799804688, -340.8380432128906, 0.030557772144675255, 0.125, 0.0, -32.27901077270508, 10.794523944583277
771, 80.63497161865234, -340.94775390625, 0.029284534975886345, 0.17500001192092896, 0.0, -32.15058898925781, 10.734818093708334
772, 80.81205749511719, -341.05780029296875, 0.028011295944452286, 0.2250000238418579, 0.0, -32.02159118652344, 10.677901075621902
773, 80.99871063232422, -341.17333984375, 0.026738058775663376, 0.27500003576278687, 0.0, -31.88676643371582, 10.622677917008723
774, 81.16140747070312, -341.27362060546875, 0.025464819744229317, 0.3250000476837158, 0.0, -31.770858764648438, 10.578578217365013
775, 81.33335876464844, -341.37921142578125, 0.024828201159834862, 0.3500000536441803, 0.0, -31.65028190612793, 10.536736101603811
776, 81.50862884521484, -341.4863586425781, 0.023554962128400803, 0.40000006556510925, 0.0, -31.529829025268555, 10.499230445134591
777, 81.6903076171875, -341.5970764160156, 0.022281723096966743, 0.4500000774860382, 0.0, -31.40778350830078, 10.46682337791226
778, 81.85517120361328, -341.6971435546875, 0.021008485928177834, 0.5250000357627869, 0.0, -31.30030059814453, 10.442727040199198
779, 82.02933502197266, -341.8024597167969, 0.01909862831234932, 0.574999988079071, 0.0, -31.190654754638672, 10.424118946506052
780, 82.19831085205078, -341.9043273925781, 0.018462009727954865, 0.5999999642372131, 0.0, -31.08811378479004, 10.413001994489264
781, 82.36514282226562, -342.0045166015625, 0.017188770696520805, 0.6499999165534973, 0.0, -30.990676879882812, 10.408273204488658
782, 82.5301742553711, -342.1033630371094, 0.015915531665086746, 0.6999998688697815, 0.0, -30.89826774597168, 10.40983963942772
783, 82.71723175048828, -342.2150573730469, 0.014642291702330112, 0.7499998211860657, 0.0, -30.79814338684082, 10.419409151862446
784, 82.8968734741211, -342.32196044921875, 0.013369051739573479, 0.7999997735023499, 0.0, -30.706825256347656, 10.435681247996813
785, 83.06369018554688, -342.4209289550781, 0.012095811776816845, 0.849999725818634, 0.0, -30.62677764892578, 10.456458050173799
786, 83.23308563232422, -342.5212097167969, 0.01145919132977724, 0.8749997019767761, 0.0, -30.54962730407715, 10.483373550370178
787, 83.41207122802734, -342.62689208984375, 0.010185951367020607, 0.9249996542930603, 0.0, -30.47279167175293, 10.517564680582245
788, 83.58744049072266, -342.7301940917969, 0.008912711404263973, 0.9749996066093445, 0.0, -30.402021408081055, 10.556892320957123
789, 83.76222229003906, -342.8330078125, 0.0076394714415073395, 1.0249996185302734, 0.0, -30.336095809936523, 10.601583375216906
790, 83.92965698242188, -342.9312438964844, 0.007002851460129023, 1.0, 0.0, -30.27692222595215, 10.648846335129145
791, 84.11810302734375, -343.0416259765625, 0.0057296124286949635, 1.0, 0.0, -30.214818954467773, 10.706243160415882
792, 84.2989730834961, -343.14739990234375, 0.004456372931599617, 1.0, 0.0, -30.16034507751465, 10.764123820572829
793, 84.46831512451172, -343.2463073730469, 0.003183133201673627, 1.0, 0.0, -30.113557815551758, 10.820491667788634
794, 84.65090942382812, -343.35272216796875, 0.0025465134531259537, 1.0, 0.0, -30.067668914794922, 10.883012545095461
795, 84.83782958984375, -343.4615173339844, 0.003183133201673627, 1.0, 0.0, -30.024629592895508, 10.94847867319124
796, 85.00845336914062, -343.56060791015625, 0.00700285192579031, 1.0, 0.0, -29.98663902282715, 11.00919339948066
797, 85.19081115722656, -343.6662292480469, 0.010822569951415062, 1.0, 0.0, -29.9450740814209, 11.074719165614335
798, 85.40013122558594, -343.78704833984375, 0.014642288908362389, 1.0, 0.0, -29.893896102905273, 11.150573076297766
799, 85.58609008789062, -343.8939514160156, 0.016552148386836052, 0.9750000238418579, 0.0, -29.844093322753906, 11.218110016735295
800, 85.7679443359375, -343.9979553222656, 0.02037186548113823, 0.9250000715255737, 0.0, -29.790281295776367, 11.283461813983974
801, 85.96293640136719, -344.10906982421875, 0.021645106375217438, 0.8750001192092896, 0.0, -29.72662353515625, 11.35183142088677
802, 86.15727996826172, -344.2193603515625, 0.020371869206428528, 0.8250001668930054, 0.0, -29.658390045166016, 11.417415388240867
803, 86.34575653076172, -344.3259582519531, 0.019735248759388924, 0.8000001907348633, 0.0, -29.588743209838867, 11.477896514466263
804, 86.53275299072266, -344.4314270019531, 0.018462011590600014, 0.7500002384185791, 0.0, -29.517364501953125, 11.53463729365499
805, 86.72538757324219, -344.5397644042969, 0.017188772559165955, 0.7000002861022949, 0.0, -29.442533493041992, 11.58905998718735
806, 86.93205261230469, -344.65570068359375, 0.015915533527731895, 0.6500003337860107, 0.0, -29.36181640625, 11.641876950911684
807, 87.12462615966797, -344.7634582519531, 0.014642293564975262, 0.6000003814697266, 0.0, -29.286951065063477, 11.68614933725572
808, 87.31958770751953, -344.8723449707031, 0.014005674049258232, 0.5750004053115845, 0.0, -29.212034225463867, 11.725469713135952
809, 87.51399230957031, -344.9806823730469, 0.012732433155179024, 0.5250004529953003, 0.0, -29.13870620727539, 11.759217117796245
810, 87.71440124511719, -345.0921325683594, 0.01145919319242239, 0.4750004708766937, 0.0, -29.065208435058594, 11.787911408765117
811, 87.89652252197266, -345.1932373046875, 0.009549332782626152, 0.45000046491622925, 0.0, -29.00090980529785, 11.808298209663318
812, 88.09033966064453, -345.3006591796875, 0.009549332782626152, 0.4750004708766937, 0.0, -28.935117721557617, 11.824852054847128
813, 88.30636596679688, -345.42010498046875, 0.008276092819869518, 0.5250004529953003, 0.0, -28.865047454833984, 11.838822635001238
814, 88.52217864990234, -345.5393371582031, 0.006366233807057142, 0.5750004053115845, 0.0, -28.799345016479492, 11.850752988877545
815, 88.71001434326172, -345.6428527832031, 0.005092994775623083, 0.6250003576278687, 0.0, -28.746238708496094, 11.861026307082394
816, 88.91055297851562, -345.75323486328125, 0.003819755045697093, 0.6750003099441528, 0.0, -28.69390296936035, 11.873265630136268
817, 89.11259460449219, -345.86431884765625, 0.002546515315771103, 0.725000262260437, 0.0, -28.64583969116211, 11.888049076797799
818, 89.31878662109375, -345.9775390625, 0.0019098955672234297, 0.7500002384185791, 0.0, -28.601530075073242, 11.906374235497584
819, 89.50959777832031, -346.08221435546875, 0.0, 0.8000001907348633, 0.0, -28.564931869506836, 11.926492952788324
820, 89.70364379882812, -346.1885986328125, 0.0, 0.8500001430511475, 0.0, -28.53194808959961, 11.95060882946599
821, 89.9104995727539, -346.3017883300781, 0.0, 0.9000000953674316, 0.0, -28.500877380371094, 11.980843318630829
822, 90.10655212402344, -346.4089660644531, 0.0, 0.9250000715255737, 0.0, -28.474720001220703, 12.014103048079857
823, 90.303955078125, -346.5168151855469, 0.0, 0.9750000238418579, 0.0, -28.45122718811035, 12.05188529481215
824, 90.51480102539062, -346.6318664550781, 0.0, 1.0, 0.0, -28.42888641357422, 12.097066550652617
825, 90.71862030029297, -346.74285888671875, 0.005729577504098415, 1.0, 0.0, -28.40703773498535, 12.144980508657564
826, 90.9222640991211, -346.853515625, 0.005729577504098415, 1.0, 0.0, -28.3841495513916, 12.1962372487505
827, 91.13375854492188, -346.9681091308594, 0.01145915500819683, 1.0, 0.0, -28.356739044189453, 12.252103186134018
828, 91.35581970214844, -347.0880432128906, 0.015278873965144157, 1.0, 0.0, -28.32231903076172, 12.31332815632417
829, 91.56640625, -347.20123291015625, 0.019098592922091484, 1.0, 0.0, -28.281944274902344, 12.372912855227687
830, 91.77840423583984, -347.3147888183594, 0.021008450537919998, 1.0, 0.0, -28.23360252380371, 12.434328297350056
831, 91.98064422607422, -347.4227294921875, 0.022281691431999207, 1.0, 0.0, -28.180561065673828, 12.494012591317444
832, 92.20808410644531, -347.543701171875, 0.021008452400565147, 1.0, 0.0, -28.11455535888672, 12.562341936512647
833, 92.42420959472656, -347.6582336425781, 0.019735215231776237, 1.0, 0.0, -28.046405792236328, 12.627977673172497
834, 92.63497161865234, -347.7696533203125, 0.01846197620034218, 1.0, 0.0, -27.97655487060547, 12.692560089312234
835, 92.84525299072266, -347.8805847167969, 0.017825357615947723, 1.0, 0.0, -27.90434455871582, 12.757377752637742
836, 93.0782470703125, -348.0031433105469, 0.016552118584513664, 1.0, 0.0, -27.822587966918945, 12.829575641059954
837, 93.51534271240234, -348.2323303222656, 0.014005639590322971, 1.0, 0.0, -27.667434692382812, 12.965350753396427
838, 93.73340606689453, -348.3462829589844, 0.017825357615947723, 1.0, 0.0, -27.58860969543457, 13.032972542297824
839, 93.9796142578125, -348.474365234375, 0.023554936051368713, 1.0, 0.0, -27.494953155517578, 13.10895970999386
840, 94.20940399169922, -348.59332275390625, 0.025464795529842377, 1.0, 0.0, -27.40138053894043, 13.17960958522421
841, 94.42780303955078, -348.7059020996094, 0.026738034561276436, 1.0, 0.0, -27.30714225769043, 13.246561212168631
842, 94.66019439697266, -348.8251037597656, 0.025464797392487526, 1.0, 0.0, -27.202133178710938, 13.317696704770155
843, 94.90095520019531, -348.94818115234375, 0.024191558361053467, 1.0, 0.0, -27.089975357055664, 13.391259750361797
844, 95.138427734375, -349.0690612792969, 0.022918321192264557, 1.0, 0.0, -26.976730346679688, 13.463532452428785
845, 95.36761474609375, -349.1852722167969, 0.022281700745224953, 1.0, 0.0, -26.86588478088379, 13.532998347725526
846, 95.60006713867188, -349.30267333984375, 0.021008463576436043, 1.0, 0.0, -26.75275993347168, 13.603171779702645
847, 95.84791564941406, -349.4274597167969, 0.019735224545001984, 1.0, 0.0, -26.632177352905273, 13.677681083588197
848, 96.08365631103516, -349.545654296875, 0.018461985513567924, 1.0, 0.0, -26.51835060119629, 13.748180216851647
849, 96.3221206665039, -349.664794921875, 0.017188748344779015, 1.0, 0.0, -26.40467071533203, 13.81912868440574
850, 96.5558853149414, -349.78125, 0.01655212789773941, 1.0, 0.0, -26.29490089416504, 13.888304107766649
851, 96.80650329589844, -349.9055480957031, 0.020371846854686737, 1.0, 0.0, -26.177255630493164, 13.961851278393805
852, 97.0750503540039, -350.0380859375, 0.021645087748765945, 1.0, 0.0, -26.049964904785156, 14.040088976431377
853, 97.3298110961914, -350.16314697265625, 0.020371848717331886, 1.0, 0.0, -25.92853546142578, 14.113926565961394
854, 97.57135772705078, -350.2811279296875, 0.019098611548542976, 1.0, 0.0, -25.813610076904297, 14.18354831152477
855, 97.830810546875, -350.40740966796875, 0.017825372517108917, 0.9750000238418579, 0.0, -25.691110610961914, 14.257766934478378
856, 98.0740966796875, -350.5252685546875, 0.016552133485674858, 0.9250000715255737, 0.0, -25.57788848876953, 14.326274452712573
857, 98.35179138183594, -350.65924072265625, 0.015278895385563374, 0.8750001192092896, 0.0, -25.4510555267334, 14.401951022793462
858, 98.61190032958984, -350.7842102050781, 0.014005654491484165, 0.8000001907348633, 0.0, -25.335430145263672, 14.469755944931029
859, 98.86725616455078, -350.9064025878906, 0.012732414528727531, 0.7750002145767212, 0.0, -25.225196838378906, 14.532300073718286
860, 99.11087799072266, -351.0224914550781, 0.011459174565970898, 0.725000262260437, 0.0, -25.12345314025879, 14.588066450506464
861, 99.38449096679688, -351.1524658203125, 0.010185934603214264, 0.6750003099441528, 0.0, -25.013315200805664, 14.645226281684023
862, 99.64749145507812, -351.27685546875, 0.008912693709135056, 0.6250003576278687, 0.0, -24.912574768066406, 14.694905401551669
863, 99.92742156982422, -351.40887451171875, 0.007639454212039709, 0.5750004053115845, 0.0, -24.8104305267334, 14.740658760512314
864, 100.16728210449219, -351.5215148925781, 0.006366214714944363, 0.5250004529953003, 0.0, -24.727888107299805, 14.774366942491598
865, 100.44827270507812, -351.6530456542969, 0.005729595199227333, 0.5000004768371582, 0.0, -24.63654327392578, 14.806359676943572
866, 100.70979309082031, -351.7749938964844, 0.004456356167793274, 0.45000046491622925, 0.0, -24.55747413635254, 14.82978686962123
867, 100.99530029296875, -351.90771484375, 0.005729595199227333, 0.4000004529953003, 0.0, -24.47599220275879, 14.846761629738387
868, 101.2365493774414, -352.0193786621094, 0.00954931415617466, 0.35000044107437134, 0.0, -24.4095516204834, 14.854573663588724
869, 101.49827575683594, -352.13995361328125, 0.013369033113121986, 0.3000004291534424, 0.0, -24.337379455566406, 14.855687984902719
870, 101.76554107666016, -352.262451171875, 0.01527889259159565, 0.2750004231929779, 0.0, -24.262279510498047, 14.848825105813491
871, 102.04942321777344, -352.3918762207031, 0.019098611548542976, 0.22500041127204895, 0.0, -24.179241180419922, 14.832508776533924
872, 102.29470825195312, -352.5030517578125, 0.022918330505490303, 0.17500039935112, 0.0, -24.10279083251953, 14.811864863318277
873, 102.55381774902344, -352.6197204589844, 0.02673804946243763, 0.12500038743019104, 0.0, -24.01566505432129, 14.7830681991808
874, 102.81340789794922, -352.73583984375, 0.029921147972345352, 0.15000039339065552, 0.0, -23.920698165893555, 14.747390291907813
875, 103.09272003173828, -352.8600769042969, 0.028647908940911293, 0.20000040531158447, 0.0, -23.811443328857422, 14.703439798975454
876, 103.3416748046875, -352.9701232910156, 0.028011290356516838, 0.22500041127204895, 0.0, -23.708017349243164, 14.66155552433304
877, 103.59613037109375, -353.0819396972656, 0.026738053187727928, 0.2750004231929779, 0.0, -23.59791374206543, 14.617121537037715
878, 103.85933685302734, -353.197021484375, 0.02546481415629387, 0.32500043511390686, 0.0, -23.480419158935547, 14.570920665564202
879, 104.13250732421875, -353.3158264160156, 0.02419157512485981, 0.3750004470348358, 0.0, -23.356027603149414, 14.524209003821968
880, 104.3798828125, -353.42279052734375, 0.023554956540465355, 0.4000004529953003, 0.0, -23.24155616760254, 14.4836180675149
881, 104.64108276367188, -353.5352783203125, 0.022281717509031296, 0.45000046491622925, 0.0, -23.119701385498047, 14.44320902359921
882, 104.91928100585938, -353.6544494628906, 0.021008480340242386, 0.5000004768371582, 0.0, -22.98982048034668, 14.404284030296031
883, 105.17886352539062, -353.76507568359375, 0.019735241308808327, 0.5500004291534424, 0.0, -22.869304656982422, 14.371994699633703
884, 105.45465850830078, -353.8820495605469, 0.018462004140019417, 0.6000003814697266, 0.0, -22.742595672607422, 14.343467628669462
885, 105.70668029785156, -353.98834228515625, 0.019735243171453476, 0.6500003337860107, 0.0, -22.62782096862793, 14.322378819498196
886, 105.96233367919922, -354.0955810546875, 0.023554962128400803, 0.7000002861022949, 0.0, -22.51035499572754, 14.306655499076008
887, 106.222412109375, -354.2039489746094, 0.025464821606874466, 0.725000262260437, 0.0, -22.388595581054688, 14.296853682672046
888, 106.49690246582031, -354.3175354003906, 0.029284540563821793, 0.7750002145767212, 0.0, -22.256086349487305, 14.293485995802035
889, 106.75577545166016, -354.42376708984375, 0.035014115273952484, 0.8500001430511475, 0.0, -22.124217987060547, 14.296080254132747
890, 107.01615142822266, -354.5296325683594, 0.03883383050560951, 0.9000000953674316, 0.0, -21.983257293701172, 14.305600081015546
891, 107.27357482910156, -354.6334228515625, 0.037560589611530304, 0.9500000476837158, 0.0, -21.836471557617188, 14.322319459126927
892, 107.55458068847656, -354.7458190917969, 0.03692397102713585, 0.9750000238418579, 0.0, -21.669635772705078, 14.348883376309782
893, 107.82247161865234, -354.85211181640625, 0.03565073385834694, 1.0, 0.0, -21.50505256652832, 14.381022690524642
894, 108.10133361816406, -354.9617919921875, 0.03437749668955803, 1.0, 0.0, -21.32927131652832, 14.420553959078967
895, 108.39260864257812, -355.07550048828125, 0.03310425579547882, 0.9750000238418579, 0.0, -21.14220428466797, 14.466978260546822
896, 108.64742279052734, -355.1741638183594, 0.03183101862668991, 0.9250000715255737, 0.0, -20.976612091064453, 14.510348508343673
897, 108.91780853271484, -355.278076171875, 0.030557781457901, 0.8750001192092896, 0.0, -20.799945831298828, 14.557678604936317
898, 109.20397186279297, -355.38726806640625, 0.029284542426466942, 0.8250001668930054, 0.0, -20.612876892089844, 14.607666057861419
899, 109.4701156616211, -355.4880065917969, 0.028647923842072487, 0.8000001907348633, 0.0, -20.439292907714844, 14.653127959170401
900, 109.75841522216797, -355.5963439941406, 0.027374684810638428, 0.7500002384185791, 0.0, -20.25228500366211, 14.700390833730841
901, 110.02590942382812, -355.6961364746094, 0.025464827194809914, 0.6750003099441528, 0.0, -20.080806732177734, 14.7416979136809
902, 110.29928588867188, -355.79730224609375, 0.024191588163375854, 0.6250003576278687, 0.0, -19.90822982788086, 14.77993409172288
903, 110.5792465209961, -355.9001770019531, 0.022918350994586945, 0.5750004053115845, 0.0, -19.734521865844727, 14.813796078558818
904, 110.86827087402344, -356.0055847167969, 0.021645111963152885, 0.5250004529953003, 0.0, -19.559173583984375, 14.842959975630716
905, 111.14663696289062, -356.1063232421875, 0.020371874794363976, 0.4750004708766937, 0.0, -19.3948974609375, 14.865414712097017
906, 111.42652130126953, -356.206787109375, 0.019098635762929916, 0.42500045895576477, 0.0, -19.234373092651367, 14.881432123714177
907, 111.7074966430664, -356.3069763183594, 0.01846201717853546, 0.4000004529953003, 0.0, -19.077577590942383, 14.890065988284372
908, 112.00050354003906, -356.4106140136719, 0.017188778147101402, 0.35000044107437134, 0.0, -18.919408798217773, 14.89193386980906
909, 112.28726196289062, -356.5113525390625, 0.015915539115667343, 0.3000004291534424, 0.0, -18.770145416259766, 14.886257292201925
910, 112.59683990478516, -356.61920166015625, 0.01464229915291071, 0.2500004172325134, 0.0, -18.615482330322266, 14.871707149899443
911, 112.87312316894531, -356.7147521972656, 0.013369059190154076, 0.20000040531158447, 0.0, -18.48361587524414, 14.851678525177787
912, 113.15922546386719, -356.81304931640625, 0.012095819227397442, 0.15000039339065552, 0.0, -18.352636337280273, 14.822788631607285
913, 113.43599700927734, -356.9074401855469, 0.010822579264640808, 0.07500039041042328, 0.0, -18.23230743408203, 14.787914895544066
914, 113.724853515625, -357.00537109375, 0.00891271885484457, 0.02500039152801037, 0.0, -18.112924575805664, 14.74247227420775
915, 114.009521484375, -357.101318359375, 0.008276098407804966, 3.915280046840053e-07, 0.0, -18.001840591430664, 14.68963670805417
916, 114.30162811279297, -357.1990966796875, 0.007002859376370907, 0.0, 0.0, -17.894662857055664, 14.62774190358292
917, 114.58695220947266, -357.2940979003906, 0.00572961987927556, 0.0, 0.0, -17.796701431274414, 14.561242838427583
918, 114.85738372802734, -357.3835754394531, 0.004456380847841501, 0.0, 0.0, -17.71067237854004, 14.493848047915636
919, 115.12936401367188, -357.4731140136719, 0.00572961987927556, 0.02500000037252903, 0.0, -17.62949562072754, 14.422660111478665
920, 115.41413879394531, -357.5662841796875, 0.0095493383705616, 0.07500000298023224, 0.0, -17.547527313232422, 14.345261453119614
921, 115.68209838867188, -357.6532287597656, 0.013369057327508926, 0.125, 0.0, -17.471080780029297, 14.271445647487896
922, 115.97434997558594, -357.7474060058594, 0.017188776284456253, 0.17500001192092896, 0.0, -17.38596534729004, 14.191419310789176
923, 116.25302124023438, -357.83642578125, 0.019098635762929916, 0.20000001788139343, 0.0, -17.301706314086914, 14.116654644284383
924, 116.52285766601562, -357.9219055175781, 0.022918354719877243, 0.2500000298023224, 0.0, -17.21571159362793, 14.046238977693402
925, 116.78516387939453, -358.0041809082031, 0.02673807367682457, 0.30000004172325134, 0.0, -17.125560760498047, 13.98030803031658
926, 117.05950164794922, -358.0895690917969, 0.02546483464539051, 0.3750000596046448, 0.0, -17.02589225769043, 13.915829968485243
927, 117.3563461303711, -358.18109130859375, 0.023554977029561996, 0.42500007152557373, 0.0, -16.912946701049805, 13.852254299137003
928, 117.6169662475586, -358.2607727050781, 0.022281739860773087, 0.4750000834465027, 0.0, -16.810590744018555, 13.80206081803305
929, 117.89391326904297, -358.3448791503906, 0.021008500829339027, 0.5250000357627869, 0.0, -16.700117111206055, 13.755934104805116
930, 118.15259552001953, -358.4228820800781, 0.019735261797904968, 0.574999988079071, 0.0, -16.595993041992188, 13.719036382464326
931, 118.42220306396484, -358.503662109375, 0.01846202462911606, 0.6249999403953552, 0.0, -16.487504959106445, 13.688436648610466
932, 118.6800765991211, -358.58038330078125, 0.017825404182076454, 0.6499999165534973, 0.0, -16.384323120117188, 13.665703802679825
933, 118.95987701416016, -358.6632080078125, 0.016552167013287544, 0.6999998688697815, 0.0, -16.273544311523438, 13.649232329511577
934, 119.2253646850586, -358.74127197265625, 0.01527892705053091, 0.7499998211860657, 0.0, -16.170270919799805, 13.641236895644488
935, 119.50186157226562, -358.8221130371094, 0.014005687087774277, 0.7999997735023499, 0.0, -16.065290451049805, 13.640923684352192
936, 119.78060913085938, -358.9029846191406, 0.017825404182076454, 0.849999725818634, 0.0, -15.960281372070312, 13.648696330668091
937, 120.06497955322266, -358.98486328125, 0.02164512313902378, 0.8999996781349182, 0.0, -15.851092338562012, 13.664793095119839
938, 120.31520080566406, -359.0562438964844, 0.025464842095971107, 0.9499996304512024, 0.0, -15.751084327697754, 13.685257623343707
939, 120.5810775756836, -359.1314392089844, 0.029284561052918434, 0.9999995827674866, 0.0, -15.639300346374512, 13.714300299411267
940, 120.85860443115234, -359.2091369628906, 0.02737470343708992, 1.0, 0.0, -15.516956329345703, 13.751866836062382
941, 121.14179229736328, -359.2877502441406, 0.02610146626830101, 1.0, 0.0, -15.387834548950195, 13.796343576517556
942, 121.43942260742188, -359.36962890625, 0.02482822723686695, 1.0, 0.0, -15.24882984161377, 13.848426390666882
943, 121.70528411865234, -359.4421081542969, 0.023554988205432892, 1.0, 0.0, -15.122915267944336, 13.89850773605911
944, 121.98763275146484, -359.5185546875, 0.022281751036643982, 1.0, 0.0, -14.988545417785645, 13.955109536210328
945, 122.27012634277344, -359.5944519042969, 0.021008512005209923, 1.0, 0.0, -14.85423469543457, 14.01436983400061
946, 122.57073974609375, -359.6745910644531, 0.019735272973775864, 1.0, 0.0, -14.712358474731445, 14.079733080933206
947, 122.89507293701172, -359.7603454589844, 0.018462035804986954, 1.0, 0.0, -14.561356544494629, 14.152366109035594
948, 123.15154266357422, -359.82763671875, 0.017188796773552895, 0.9500000476837158, 0.0, -14.444140434265137, 14.210763055326721
949, 123.42900848388672, -359.9000244140625, 0.01655217818915844, 0.9250000715255737, 0.0, -14.319446563720703, 14.273732461776289
950, 123.72099304199219, -359.9755859375, 0.01527893915772438, 0.8750001192092896, 0.0, -14.191272735595703, 14.338950363494124
951, 124.0197525024414, -360.0523681640625, 0.014005698263645172, 0.8250001668930054, 0.0, -14.063894271850586, 14.403434842575512
952, 124.30558013916016, -360.1253356933594, 0.012732458300888538, 0.7750002145767212, 0.0, -13.945911407470703, 14.462071441651405
953, 124.61334991455078, -360.20330810546875, 0.011459218338131905, 0.725000262260437, 0.0, -13.823749542236328, 14.521021196049704
954, 124.89610290527344, -360.27447509765625, 0.009549357928335667, 0.6500003337860107, 0.0, -13.71642017364502, 14.570453169699041
955, 125.20156860351562, -360.35089111328125, 0.008276117034256458, 0.7000002861022949, 0.0, -13.606404304504395, 14.618616902868489
956, 125.4816665649414, -360.42047119140625, 0.007002878002822399, 0.7500002384185791, 0.0, -13.51152515411377, 14.659814407471918
957, 125.76309967041016, -360.489990234375, 0.00572963897138834, 0.8000001907348633, 0.0, -13.421832084655762, 14.699734699352666
958, 126.05352020263672, -360.5613708496094, 0.00509301945567131, 0.8250001668930054, 0.0, -13.334611892700195, 14.740654145851739
959, 126.36392974853516, -360.63714599609375, 0.0038197797257453203, 0.8750001192092896, 0.0, -13.248034477233887, 14.785018943200997
960, 126.65786743164062, -360.70855712890625, 0.00254653999581933, 0.9250000715255737, 0.0, -13.17235279083252, 14.828722201674376
961, 126.96937561035156, -360.7838134765625, 0.0012733004987239838, 0.9750000238418579, 0.0, -13.099079132080078, 14.877818192275866
962, 127.29803466796875, -360.86279296875, 0.0, 1.0, 0.0, -13.029590606689453, 14.933390445239102
963, 127.57262420654297, -360.9284973144531, 0.0, 1.0, 0.0, -12.977438926696777, 14.982516927321019
964, 127.86897277832031, -360.99908447265625, 0.0, 0.9750000238418579, 0.0, -12.92583179473877, 15.037936006563832
965, 128.17784118652344, -361.0723876953125, 0.0, 0.9000000953674316, 0.0, -12.877096176147461, 15.09669454815439
966, 128.4921875, -361.14654541015625, 0.0, 0.8500001430511475, 0.0, -12.832114219665527, 15.155703803749047
967, 128.79409790039062, -361.2174987792969, 0.0, 0.8000001907348633, 0.0, -12.792865753173828, 15.210500942116331
968, 129.10853576660156, -361.291015625, 0.0, 0.7500002384185791, 0.0, -12.755664825439453, 15.26464018693941
969, 129.3867645263672, -361.3558044433594, 0.0, 0.7000002861022949, 0.0, -12.725727081298828, 15.309516241399281
970, 129.6895294189453, -361.42608642578125, 0.0, 0.6750003099441528, 0.0, -12.695759773254395, 15.354080979396489
971, 129.9871368408203, -361.494873046875, 0.0, 0.6250003576278687, 0.0, -12.669024467468262, 15.393883838194622
972, 130.31509399414062, -361.5704345703125, 0.0, 0.5750004053115845, 0.0, -12.642078399658203, 15.43160396121197
973, 130.61326599121094, -361.63885498046875, 0.0, 0.5250004529953003, 0.0, -12.619954109191895, 15.460485207856884
974, 130.936279296875, -361.7127685546875, 0.0, 0.5250004529953003, 0.0, -12.598071098327637, 15.484940551919705
975, 131.24583435058594, -361.78338623046875, 0.0, 0.5750004053115845, 0.0, -12.579060554504395, 15.503359332440413
976, 131.54522705078125, -361.85150146484375, 0.0, 0.6250003576278687, 0.0, -12.56248950958252, 15.518589410439885
977, 131.84791564941406, -361.9201965332031, 0.0, 0.6750003099441528, 0.0, -12.547290802001953, 15.53286574894875
978, 132.15130615234375, -361.9888610839844, 0.0, 0.7000002861022949, 0.0, -12.533312797546387, 15.547396020483555
979, 132.46214294433594, -362.05908203125, 0.0, 0.7750002145767212, 0.0, -12.520344734191895, 15.563389568631402
980, 132.7877960205078, -362.1324462890625, 0.0, 0.8250001668930054, 0.0, -12.508013725280762, 15.583111093032063
981, 133.09690856933594, -362.2019348144531, 0.0, 0.8750001192092896, 0.0, -12.497333526611328, 15.605580965755953
982, 133.43167114257812, -362.2770690917969, 0.0, 0.9250000715255737, 0.0, -12.486773490905762, 15.634720220532644
983, 133.7212371826172, -362.3419189453125, 0.0, 0.9750000238418579, 0.0, -12.478382110595703, 15.664207966473509
984, 134.03489685058594, -362.41204833984375, 0.0, 1.0, 0.0, -12.469928741455078, 15.70155248316382
985, 134.3555145263672, -362.48370361328125, 0.0, 1.0, 0.0, -12.461812019348145, 15.744611515131952
986, 134.68392944335938, -362.5569763183594, 0.0, 0.9500000476837158, 0.0, -12.454060554504395, 15.792530875925753
987, 135.00865173339844, -362.62933349609375, 0.0, 0.9000000953674316, 0.0, -12.446795463562012, 15.841852284745997
988, 135.2987823486328, -362.69390869140625, 0.0, 0.8750001192092896, 0.0, -12.44066333770752, 15.886408159875767
989, 135.618408203125, -362.76495361328125, 0.0, 0.8250001668930054, 0.0, -12.434192657470703, 15.935172793938563
990, 135.92916870117188, -362.83392333984375, 0.0, 0.7750002145767212, 0.0, -12.428240776062012, 15.981287951545067
991, 136.2595672607422, -362.90728759765625, 0.0, 0.7000002861022949, 0.0, -12.422167778015137, 16.02734039273736
992, 136.59912109375, -362.9825744628906, 0.0, 0.6500003337860107, 0.0, -12.41624927520752, 16.07026623472117
993, 136.90989685058594, -363.0514221191406, 0.0, 0.6000003814697266, 0.0, -12.411123275756836, 16.105243482424576
994, 137.25601196289062, -363.1280517578125, 0.0, 0.5500004291534424, 0.0, -12.405718803405762, 16.13784564268254
995, 137.5697784423828, -363.19744873046875, 0.0, 0.5250004529953003, 0.0, -12.401140213012695, 16.16195806299536
996, 137.88656616210938, -363.2674560546875, 0.0, 0.4750004708766937, 0.0, -12.396806716918945, 16.180076225134894
997, 138.1882781982422, -363.3341064453125, 0.0, 0.42500045895576477, 0.0, -12.392992973327637, 16.191894276582133
998, 138.52313232421875, -363.407958984375, 0.0, 0.3750004470348358, 0.0, -12.389056205749512, 16.197185544235534
999, 138.83753967285156, -363.4773254394531, 0.0, 0.32500043511390686, 0.0, -12.385729789733887, 16.19522347225503
1000, 139.1821746826172, -363.5533142089844, 0.0, 0.2750004231929779, 0.0, -12.38243579864502, 16.183785866800708
1001, 139.4996795654297, -363.6232604980469, 0.0, 0.22500041127204895, 0.0, -12.379780769348145, 16.165139633906435
1002, 139.8194580078125, -363.69366455078125, 0.0, 0.17500039935112, 0.0, -12.377460479736328, 16.138577280557016
1003, 140.12258911132812, -363.7603759765625, 0.0, 0.15000039339065552, 0.0, -12.375629425048828, 16.10679859160149
1004, 140.45497131347656, -363.83349609375, 0.0, 0.10000038892030716, 0.0, -12.373980522155762, 16.063835833498246
1005, 140.77645874023438, -363.9042053222656, 0.0019098592456430197, 0.02500039152801037, 0.0, -12.371935844421387, 16.014407631440378
1006, 141.1198272705078, -363.9795227050781, 0.007639436982572079, -0.02499960921704769, 0.0, -12.366137504577637, 15.95310290417235
1007, 141.4350128173828, -364.0484313964844, 0.01145915500819683, 0.0, 0.0, -12.355274200439453, 15.88954682525918
1008, 141.7730255126953, -364.1219787597656, 0.015278873965144157, 0.0, 0.0, -12.335468292236328, 15.814832798147274
1009, 142.07411193847656, -364.1871643066406, 0.019098592922091484, 0.0, 0.0, -12.308733940124512, 15.743526106771684
1010, 142.38352966308594, -364.2538146972656, 0.020371831953525543, 0.0, 0.0, -12.272998809814453, 15.665774056403812
1011, 142.6859588623047, -364.31866455078125, 0.019098594784736633, 0.0, 0.0, -12.229692459106445, 15.586505810243871
1012, 143.01199340820312, -364.38818359375, 0.017825355753302574, 0.0, 0.0, -12.176531791687012, 15.497488541160237
1013, 143.310791015625, -364.45172119140625, 0.016552116721868515, 0.0, 0.0, -12.122332572937012, 15.413373914709542
1014, 143.6262664794922, -364.5185546875, 0.015278877690434456, 0.05000000074505806, 0.0, -12.061359405517578, 15.322919335799465
1015, 143.9150390625, -364.5794372558594, 0.014642258174717426, 0.07500000298023224, 0.0, -12.002397537231445, 15.239371937942092
1016, 144.20506286621094, -364.6404113769531, 0.013369017280638218, 0.125, 0.0, -11.941208839416504, 15.155518935393737
1017, 144.50315856933594, -364.7028503417969, 0.01718873716890812, 0.17500001192092896, 0.0, -11.87523078918457, 15.070646304094279
1018, 144.81658935546875, -364.76812744140625, 0.021008456125855446, 0.2250000238418579, 0.0, -11.80009651184082, 14.983759508482319
1019, 145.08544921875, -364.8236389160156, 0.02419155463576317, 0.30000004172325134, 0.0, -11.729296684265137, 14.911794125047303
1020, 145.37338256835938, -364.8827209472656, 0.023554936051368713, 0.3250000476837158, 0.0, -11.647356033325195, 14.838667376585258
1021, 145.661865234375, -364.94146728515625, 0.022281697019934654, 0.3750000596046448, 0.0, -11.56016731262207, 14.769984633706896
1022, 145.9719696044922, -365.00421142578125, 0.021008459851145744, 0.42500007152557373, 0.0, -11.462357521057129, 14.702457560835
1023, 146.275146484375, -365.0650939941406, 0.019735220819711685, 0.4750000834465027, 0.0, -11.363481521606445, 14.642905720666255
1024, 146.57081604003906, -365.1241455078125, 0.018461981788277626, 0.5250000357627869, 0.0, -11.26506233215332, 14.591530006768066
1025, 146.84547424316406, -365.1785583496094, 0.017188744619488716, 0.574999988079071, 0.0, -11.17271614074707, 14.549745226418171
1026, 147.1265869140625, -365.23394775390625, 0.015915505588054657, 0.6249999403953552, 0.0, -11.07817268371582, 14.513836844230413
1027, 147.40187072753906, -365.2878723144531, 0.015278885141015053, 0.6499999165534973, 0.0, -10.986069679260254, 14.485672358968571
1028, 147.6902618408203, -365.34393310546875, 0.01909860409796238, 0.6999998688697815, 0.0, -10.888471603393555, 14.463783783018528
1029, 147.97434997558594, -365.39862060546875, 0.022918323054909706, 0.7499998211860657, 0.0, -10.78913688659668, 14.449543167504407
1030, 148.28936767578125, -365.4585876464844, 0.026738040149211884, 0.7999997735023499, 0.0, -10.672868728637695, 14.442416280861051
1031, 148.55955505371094, -365.50927734375, 0.03055775910615921, 0.7499998211860657, 0.0, -10.566084861755371, 14.442690094092839
1032, 148.84982299804688, -365.5631408691406, 0.028647901490330696, 0.6749998927116394, 0.0, -10.445663452148438, 14.44756150394755
1033, 149.14169311523438, -365.61669921875, 0.027374664321541786, 0.6249999403953552, 0.0, -10.319624900817871, 14.454121790510413
1034, 149.43406677246094, -365.6697082519531, 0.026101425290107727, 0.574999988079071, 0.0, -10.189742088317871, 14.460610917474606
1035, 149.73143005371094, -365.7230529785156, 0.024828188121318817, 0.5250000357627869, 0.0, -10.055098533630371, 14.465647329326163
1036, 149.99888610839844, -365.7704162597656, 0.024191567674279213, 0.5000000596046448, 0.0, -9.932476997375488, 14.468130819831567
1037, 150.27833557128906, -365.81939697265625, 0.022918330505490303, 0.4500000476837158, 0.0, -9.80366325378418, 14.468047846553382
1038, 150.56565856933594, -365.8692626953125, 0.021645091474056244, 0.40000003576278687, 0.0, -9.671367645263672, 14.463758252286805
1039, 150.8559112548828, -365.9190979003906, 0.020371852442622185, 0.3500000238418579, 0.0, -9.538617134094238, 14.454662073806032
1040, 151.14474487304688, -365.9681701660156, 0.019098615273833275, 0.30000001192092896, 0.0, -9.408061027526855, 14.440247280277337
1041, 151.45562744140625, -366.0202941894531, 0.017825376242399216, 0.25, 0.0, -9.270062446594238, 14.41829754141959
1042, 151.77163696289062, -366.07269287109375, 0.017825376242399216, 0.25, 0.0, -9.132979393005371, 14.388706485679027
1043, 152.0580291748047, -366.11968994140625, 0.015278899110853672, 0.1499999761581421, 0.0, -9.011974334716797, 14.355215726137416
1044, 152.32936096191406, -366.1637268066406, 0.014642278663814068, 0.12499997764825821, 0.0, -8.900585174560547, 14.318076428324085
1045, 152.63389587402344, -366.2126770019531, 0.01273241825401783, 0.04999998211860657, 0.0, -8.77955150604248, 14.269160210989883
1046, 152.9117889404297, -366.2568664550781, 0.011459178291261196, -1.8253922817734747e-08, 0.0, -8.673747062683105, 14.218042042705676
1047, 153.2017364501953, -366.3025207519531, 0.012732417322695255, 0.0, 0.0, -8.566598892211914, 14.156996752614532
1048, 153.4853515625, -366.3465881347656, 0.016552135348320007, 0.05000000074505806, 0.0, -8.463236808776855, 14.092386530335187
1049, 153.77835083007812, -366.3914794921875, 0.020371854305267334, 0.10000000149011612, 0.0, -8.355234146118164, 14.022321516822245
1050, 154.03456115722656, -366.42999267578125, 0.02419157326221466, 0.15000000596046448, 0.0, -8.257761001586914, 13.95977602557774
1051, 154.31686401367188, -366.4718322753906, 0.028011292219161987, 0.20000001788139343, 0.0, -8.145486831665039, 13.890962690079085
1052, 154.60556030273438, -366.51373291015625, 0.02992115169763565, 0.2250000238418579, 0.0, -8.024147987365723, 13.821875621948813
1053, 154.89187622070312, -366.554443359375, 0.03374087065458298, 0.27500003576278687, 0.0, -7.895910739898682, 13.755291534832995
1054, 155.1680450439453, -366.59283447265625, 0.03501410782337189, 0.3250000476837158, 0.0, -7.764320373535156, 13.694021339831291
1055, 155.42562866210938, -366.6279296875, 0.033104248344898224, 0.40000006556510925, 0.0, -7.635230541229248, 13.640243048080789
1056, 155.682861328125, -366.6623229980469, 0.031831011176109314, 0.4500000774860382, 0.0, -7.501960277557373, 13.591241936759056
1057, 155.9668731689453, -366.6996154785156, 0.03119439259171486, 0.4750000834465027, 0.0, -7.351051330566406, 13.543554343759094
1058, 156.231201171875, -366.7335510253906, 0.0299211535602808, 0.5250000357627869, 0.0, -7.207587242126465, 13.504485924951586
1059, 156.51206970214844, -366.7690124511719, 0.02864791639149189, 0.574999988079071, 0.0, -7.053443431854248, 13.470080165662544
1060, 156.7803955078125, -366.80218505859375, 0.02737467736005783, 0.6249999403953552, 0.0, -6.905402183532715, 13.444001526192702
1061, 157.03573608398438, -366.83319091796875, 0.02610143832862377, 0.6749998927116394, 0.0, -6.764654636383057, 13.425243534629951
1062, 157.31890869140625, -366.8669128417969, 0.024828201159834862, 0.7249998450279236, 0.0, -6.609472274780273, 13.412827037156381
1063, 157.6009521484375, -366.8998718261719, 0.023554962128400803, 0.7749997973442078, 0.0, -6.456639766693115, 13.408830304962736
1064, 157.86888122558594, -366.9305725097656, 0.022281723096966743, 0.8249997496604919, 0.0, -6.313632965087891, 13.412829308627533
1065, 158.14816284179688, -366.9619445800781, 0.02164510451257229, 0.849999725818634, 0.0, -6.167148590087891, 13.42464485744322
1066, 158.40090942382812, -366.98980712890625, 0.02037186548113823, 0.8999996781349182, 0.0, -6.037267208099365, 13.441282683842891
1067, 158.6624298095703, -367.01806640625, 0.018462009727954865, 0.9749996066093445, 0.0, -5.906162738800049, 13.464990136486682
1068, 158.92677307128906, -367.0461730957031, 0.017188770696520805, 1.0249996185302734, 0.0, -5.777439117431641, 13.4959637585258
1069, 159.2050323486328, -367.07525634765625, 0.015915531665086746, 1.0, 0.0, -5.645999908447266, 13.535715402708961
1070, 159.45880126953125, -367.101318359375, 0.014642291702330112, 1.0, 0.0, -5.530460357666016, 13.576471660293576
1071, 159.72042846679688, -367.127685546875, 0.01655215211212635, 1.0, 0.0, -5.414340019226074, 13.622299810827524
1072, 159.9958038330078, -367.1548767089844, 0.020371871069073677, 1.0, 0.0, -5.292788982391357, 13.674113903253952
1073, 160.28514099121094, -367.1827392578125, 0.024191588163375854, 1.0, 0.0, -5.163424491882324, 13.731442621116953
1074, 160.5582275390625, -367.2081604003906, 0.02801130712032318, 1.0, 0.0, -5.0372633934021, 13.787568078224302
1075, 160.85165405273438, -367.23468017578125, 0.02673806995153427, 1.0, 0.0, -4.898194789886475, 13.85041719312411
1076, 161.11656188964844, -367.2579650878906, 0.025464830920100212, 1.0, 0.0, -4.770205020904541, 13.908726114793286
1077, 161.39791870117188, -367.2820739746094, 0.024191591888666153, 1.0, 0.0, -4.633058547973633, 13.972183284780007
1078, 161.67852783203125, -367.3054504394531, 0.023554973304271698, 1.0, 0.0, -4.495577335357666, 14.036583794258695
1079, 161.98260498046875, -367.3301086425781, 0.022281736135482788, 1.0, 0.0, -4.3465895652771, 14.107382353261551
1080, 162.26504516601562, -367.3524169921875, 0.02100849710404873, 1.0, 0.0, -4.208985805511475, 14.173905475576422
1081, 162.5599365234375, -367.37506103515625, 0.01973525807261467, 1.0, 0.0, -4.066864967346191, 14.243949311917481
1082, 162.84112548828125, -367.39605712890625, 0.017825400456786156, 1.0, 0.0, -3.9339001178741455, 14.311130408304427
1083, 163.13787841796875, -367.4176940917969, 0.016552163287997246, 1.0, 0.0, -3.7964789867401123, 14.382408714209824
1084, 163.42648315429688, -367.4381408691406, 0.015278923325240612, 1.0, 0.0, -3.6663219928741455, 14.451947656043544
1085, 163.7280731201172, -367.458984375, 0.014005683362483978, 1.0, 0.0, -3.534454822540283, 14.52474988547871
1086, 164.0209197998047, -367.4786682128906, 0.013369062915444374, 1.0, 0.0, -3.410461902618408, 14.59547078878659
1087, 164.34207153320312, -367.4997253417969, 0.01209582295268774, 1.0, 0.0, -3.279388904571533, 14.67302463919753
1088, 164.61553955078125, -367.5170593261719, 0.010822582989931107, 1.0, 0.0, -3.1722419261932373, 14.738996781030965
1089, 164.9086456298828, -367.5352783203125, 0.009549342095851898, 1.0, 0.0, -3.062195062637329, 14.809609240593526
1090, 165.20132446289062, -367.55291748046875, 0.008276102133095264, 1.0, 0.0, -2.9573676586151123, 14.880004661955063
1091, 165.51858520507812, -367.5716247558594, 0.006366243585944176, 1.0, 0.0, -2.849579095840454, 14.956188662661576
1092, 165.8197479248047, -367.58892822265625, 0.005729623604565859, 1.0, 0.0, -2.753174066543579, 15.02829425656881
1093, 166.1376495361328, -367.6066589355469, 0.0044563845731318, 1.0, 0.0, -2.657745599746704, 15.10416817441768
1094, 166.43040466308594, -367.62261962890625, 0.003183144610375166, 1.0, 0.0, -2.576141357421875, 15.17378417482576
1095, 166.724853515625, -367.6383056640625, 0.0019099049968644977, 1.0, 0.0, -2.499939441680908, 15.243569240916107
1096, 167.0298614501953, -367.6541748046875, 0.0, 1.0, 0.0, -2.427673578262329, 15.315601869003945
1097, 167.36073303222656, -367.6710205078125, 0.0, 1.0, 0.0, -2.355896234512329, 15.393427914783704
1098, 167.66632080078125, -367.6861877441406, 0.0, 1.0, 0.0, -2.295868158340454, 15.464963269664318
1099, 167.97372436523438, -367.70111083984375, 0.0, 1.0, 0.0, -2.240570306777954, 15.536607472119682
1100, 168.26600646972656, -367.7149963378906, 0.0, 1.0, 0.0, -2.192169666290283, 15.604437636809209
1101, 168.60211181640625, -367.7306213378906, 0.0, 1.0, 0.0, -2.140808343887329, 15.682104605860081
1102, 168.9181671142578, -367.7449645996094, 0.0, 1.0, 0.0, -2.09649658203125, 15.754792423549375
1103, 169.24339294433594, -367.75933837890625, 0.0, 1.0, 0.0, -2.054535150527954, 15.829239142298453
1104, 169.54104614257812, -367.772216796875, 0.0, 1.0, 0.0, -2.019256830215454, 15.897036365460808
1105, 169.8602294921875, -367.7857360839844, 0.0, 1.0, 0.0, -1.9840089082717896, 15.969427416216522
1106, 170.1766357421875, -367.7988586425781, 0.0, 1.0, 0.0, -1.9518433809280396, 16.04081311982728
1107, 170.52438354492188, -367.8129577636719, 0.0, 0.9500000476837158, 0.0, -1.9189759492874146, 16.118510326035555
1108, 170.848388671875, -367.8258056640625, 0.0, 0.9000000953674316, 0.0, -1.8906248807907104, 16.189181378927948
1109, 171.18614196777344, -367.83892822265625, 0.0, 0.8500001430511475, 0.0, -1.8631892204284668, 16.26018100002912
1110, 171.50704956054688, -367.8511962890625, 0.0, 0.8000001907348633, 0.0, -1.8391109704971313, 16.324597896453582
1111, 171.82748413085938, -367.8631896972656, 0.0, 0.7500002384185791, 0.0, -1.8167115449905396, 16.385102336918106
1112, 172.15020751953125, -367.8750305175781, 0.0, 0.7000002861022949, 0.0, -1.7957147359848022, 16.44154676186367
1113, 172.49815368652344, -367.8875732421875, 0.0, 0.6750003099441528, 0.0, -1.7745662927627563, 16.496513618778568
1114, 172.8248748779297, -367.8991394042969, 0.0, 0.6250003576278687, 0.0, -1.75628662109375, 16.54311782726759
1115, 173.1469268798828, -367.9103698730469, 0.0, 0.5750004053115845, 0.0, -1.7395631074905396, 16.5833946239631
1116, 173.45997619628906, -367.9211730957031, 0.0, 0.5000004768371582, 0.0, -1.7244566679000854, 16.616515474698094
1117, 173.81546020507812, -367.9332275390625, 0.0, 0.45000046491622925, 0.0, -1.7085262537002563, 16.645439862790443
1118, 174.1536102294922, -367.9445495605469, 0.0, 0.42500045895576477, 0.0, -1.694671392440796, 16.66464412736713
1119, 174.50064086914062, -367.9559631347656, 0.0038197184912860394, 0.3750004470348358, 0.0, -1.6799317598342896, 16.67600954990728
1120, 174.82212829589844, -367.9662170410156, 0.007639436982572079, 0.32500043511390686, 0.0, -1.663482666015625, 16.679140712301397
1121, 175.14007568359375, -367.9760437011719, 0.01145915500819683, 0.2750004231929779, 0.0, -1.64276123046875, 16.67432540380428
1122, 175.47119140625, -367.98590087890625, 0.015278873965144157, 0.2750004231929779, 0.0, -1.6146243810653687, 16.661253039539584
1123, 175.82522583007812, -367.9959716796875, 0.019098592922091484, 0.32500043511390686, 0.0, -1.5760802030563354, 16.639542909612622
1124, 176.1545867919922, -368.0049133300781, 0.01846197247505188, 0.35000044107437134, 0.0, -1.5316771268844604, 16.615203629666286
1125, 176.48524475097656, -368.0135192871094, 0.01718873530626297, 0.4000004529953003, 0.0, -1.480743408203125, 16.58790664854771
1126, 176.8031768798828, -368.02142333984375, 0.015278875827789307, 0.4750004708766937, 0.0, -1.427276611328125, 16.560586869303233
1127, 177.14854431152344, -368.02984619140625, 0.014005635865032673, 0.5250004529953003, 0.0, -1.3657532930374146, 16.531868117937545
1128, 177.47837829589844, -368.0375061035156, 0.012732395902276039, 0.5750004053115845, 0.0, -1.3042601346969604, 16.506398310413523
1129, 177.81944274902344, -368.0451965332031, 0.01145915500819683, 0.5250004529953003, 0.0, -1.239257574081421, 16.482699990150955
1130, 178.13937377929688, -368.0521545410156, 0.010822535492479801, 0.5000004768371582, 0.0, -1.1773985624313354, 16.461319020985208
1131, 178.46202087402344, -368.0589294433594, 0.009549295529723167, 0.45000046491622925, 0.0, -1.114929437637329, 16.4397640151251
1132, 178.77716064453125, -368.0653381347656, 0.008276054635643959, 0.4000004529953003, 0.0, -1.0545653104782104, 16.417508896150963
1133, 179.11343383789062, -368.0719909667969, 0.0070028156042099, 0.35000044107437134, 0.0, -0.991485595703125, 16.391083676629083
1134, 179.41851806640625, -368.0777893066406, 0.0057295761071145535, 0.3000004291534424, 0.0, -0.93621826171875, 16.364291500319563
1135, 179.73822021484375, -368.0837097167969, 0.005092956591397524, 0.2750004231929779, 0.0, -0.8805236220359802, 16.332560192805584
1136, 180.07139587402344, -368.0896301269531, 0.0038197170943021774, 0.22500041127204895, 0.0, -0.8251648545265198, 16.294897596594744
1137, 180.4173126220703, -368.0956115722656, 0.0025464773643761873, 0.17500039935112, 0.0, -0.7713621854782104, 16.250532573294123
1138, 180.7415313720703, -368.1010437011719, 0.0, 0.20000040531158447, 0.0, -0.7256165146827698, 16.204429013305333
1139, 181.07421875, -368.10650634765625, 0.0, 0.2500004172325134, 0.0, -0.6828612685203552, 16.15354166118078
1140, 181.37220764160156, -368.1112060546875, 0.0, 0.3000004291534424, 0.0, -0.6483460068702698, 16.106629513627134
1141, 181.6981658935547, -368.1162109375, 0.0, 0.32500043511390686, 0.0, -0.6138916015625, 16.055120468489545
1142, 182.01234436035156, -368.120849609375, 0.0, 0.3750004470348358, 0.0, -0.5841367840766907, 16.005976982066155
1143, 182.33656311035156, -368.12554931640625, 0.0, 0.42500045895576477, 0.0, -0.556243896484375, 15.957187583532278
1144, 182.6363067626953, -368.129638671875, 0.0, 0.42500045895576477, 0.0, -0.5331420302391052, 15.914114215683941
1145, 182.9529571533203, -368.1338195800781, 0.0, 0.3750004470348358, 0.0, -0.5111388564109802, 15.870313791985014
1146, 183.26576232910156, -368.1378173828125, 0.0, 0.32500043511390686, 0.0, -0.4916076362133026, 15.827357707291156
1147, 183.598388671875, -368.1418762207031, 0.0, 0.3000004291534424, 0.0, -0.472900390625, 15.780720147983477
1148, 183.9104766845703, -368.1455383300781, 0.0, 0.2500004172325134, 0.0, -0.45733642578125, 15.735560351752808
1149, 184.240234375, -368.1492004394531, 0.0, 0.2500004172325134, 0.0, -0.4425964057445526, 15.685412253948087
1150, 184.53013610839844, -368.1523742675781, 0.0, 0.3000004291534424, 0.0, -0.4310912489891052, 15.64002067169511
1151, 184.83888244628906, -368.15557861328125, 0.0, 0.35000044107437134, 0.0, -0.4201659560203552, 15.591657761849358
1152, 185.1484375, -368.1586608886719, 0.0, 0.42500045895576477, 0.0, -0.4104613661766052, 15.544455724728184
1153, 185.47105407714844, -368.1618347167969, 0.0, 0.4750004708766937, 0.0, -0.401458740234375, 15.498558666646387
1154, 185.75962829589844, -368.16448974609375, 0.0, 0.5000004768371582, 0.0, -0.3944091498851776, 15.460615997651468
1155, 186.05636596679688, -368.16717529296875, 0.0, 0.5000004768371582, 0.0, -0.3880005180835724, 15.424927731445136
1156, 186.36517333984375, -368.169921875, 0.0, 0.45000046491622925, 0.0, -0.3820801079273224, 15.390694515494141
1157, 186.69253540039062, -368.1726379394531, 0.0, 0.4000004529953003, 0.0, -0.37658682465553284, 15.355486567957438
1158, 186.99566650390625, -368.1751403808594, 0.0, 0.35000044107437134, 0.0, -0.3722228705883026, 15.322566428812875
1159, 187.2974395751953, -368.1775817871094, 0.0, 0.3000004291534424, 0.0, -0.3684692084789276, 15.288269367784736
1160, 187.58761596679688, -368.1798400878906, 0.0, 0.2750004231929779, 0.0, -0.3653259575366974, 15.253022065107626
1161, 187.90963745117188, -368.1823425292969, 0.0, 0.2750004231929779, 0.0, -0.3623656630516052, 15.211084065504767
1162, 188.22030639648438, -368.1846923828125, 0.0, 0.32500043511390686, 0.0, -0.360015869140625, 15.168802874833446
1163, 188.5399932861328, -368.18701171875, 0.0, 0.3750004470348358, 0.0, -0.3580626845359802, 15.12511083365573
1164, 188.81787109375, -368.18902587890625, 0.0, 0.42500045895576477, 0.0, -0.3566893935203552, 15.088059088839286
1165, 189.1005096435547, -368.19097900390625, 0.0, 0.4750004708766937, 0.0, -0.355621337890625, 15.052363686213544
1166, 189.39756774902344, -368.1929931640625, 0.0, 0.5250004529953003, 0.0, -0.354766845703125, 15.017959390089466
1167, 189.71011352539062, -368.1950988769531, 0.0, 0.5750004053115845, 0.0, -0.3540954887866974, 14.986503838171725
1168, 189.9817657470703, -368.1969299316406, 0.0, 0.6000003814697266, 0.0, -0.3536987602710724, 14.963058631593881
1169, 190.26126098632812, -368.19879150390625, 0.0019098592456430197, 0.6500003337860107, 0.0, -0.3526306748390198, 14.943171907557403
1170, 190.54241943359375, -368.20050048828125, 0.007639436982572079, 0.725000262260437, 0.0, -0.3482666015625, 14.928163587573733
1171, 190.85269165039062, -368.20220947265625, 0.009549296461045742, 0.7500002384185791, 0.0, -0.33856201171875, 14.918834779081168
1172, 191.1434326171875, -368.20355224609375, 0.013369014486670494, 0.8000001907348633, 0.0, -0.3225403130054474, 14.916037317406008
1173, 191.4239959716797, -368.2045593261719, 0.01718873344361782, 0.8500001430511475, 0.0, -0.299591064453125, 14.919521926376001
1174, 191.7412872314453, -368.20538330078125, 0.01846197247505188, 0.9000000953674316, 0.0, -0.2648315131664276, 14.931354019364921
1175, 192.0315704345703, -368.2058410644531, 0.01718873530626297, 0.9500000476837158, 0.0, -0.2249755561351776, 14.948735408756262
1176, 192.34481811523438, -368.20611572265625, 0.01591549627482891, 1.0, 0.0, -0.176025390625, 14.975533415659266
1177, 192.63009643554688, -368.20611572265625, 0.015278875827789307, 1.0, 0.0, -0.126373291015625, 15.005893340726367
1178, 192.91322326660156, -368.2059326171875, 0.014005635865032673, 1.0, 0.0, -0.0736999362707138, 15.041086706306858
1179, 193.2156219482422, -368.20556640625, 0.012732395902276039, 1.0, 0.0, -0.014984131790697575, 15.083574884462216
1180, 193.5270538330078, -368.20501708984375, 0.01145915500819683, 1.0, 0.0, 0.04727922007441521, 15.13137202030094
1181, 193.79896545410156, -368.2043762207031, 0.010185915045440197, 1.0, 0.0, 0.10236340761184692, 15.17577494946349
1182, 194.08799743652344, -368.20355224609375, 0.008912675082683563, 1.0, 0.0, 0.16080710291862488, 15.225399200081824
1183, 194.39044189453125, -368.20257568359375, 0.0076394351199269295, 1.0, 0.0, 0.22110524773597717, 15.279590961415723
1184, 194.7100372314453, -368.2013854980469, 0.00636619608849287, 1.0, 0.0, 0.28331509232521057, 15.339141943466023
1185, 195.012451171875, -368.20013427734375, 0.005092956591397524, 1.0, 0.0, 0.33992868661880493, 15.397021616396783
1186, 195.29541015625, -368.1988525390625, 0.004456337075680494, 1.0, 0.0, 0.39083531498908997, 15.452422382437463
1187, 195.61187744140625, -368.197265625, 0.003183097345754504, 1.0, 0.0, 0.4451165497303009, 15.515642735219243
1188, 195.9207305908203, -368.1955871582031, 0.001909857615828514, 1.0, 0.0, 0.49452024698257446, 15.578224521072533
1189, 196.23521423339844, -368.1936950683594, 0.0, 1.0, 0.0, 0.5410580635070801, 15.642859926918868
1190, 196.5292510986328, -368.19189453125, 0.0, 1.0, 0.0, 0.5806844830513, 15.703838249434057
1191, 196.8226318359375, -368.19000244140625, 0.0, 1.0, 0.0, 0.6170996427536011, 15.765155024151934
1192, 197.1307373046875, -368.18780517578125, 0.0, 1.0, 0.0, 0.6522937417030334, 15.829953256846501
1193, 197.4542999267578, -368.1853942871094, 0.0, 1.0, 0.0, 0.6865065693855286, 15.898417582405994
1194, 197.7467498779297, -368.18304443359375, 0.0, 1.0, 0.0, 0.7149237990379333, 15.96049278075901
1195, 198.05039978027344, -368.1804504394531, 0.0, 1.0, 0.0, 0.7422842383384705, 16.025106730872093
1196, 198.3680419921875, -368.1775817871094, 0.0, 1.0, 0.0, 0.7687956690788269, 16.092820638384737
1197, 198.70545959472656, -368.17437744140625, 0.0, 1.0, 0.0, 0.7950188517570496, 16.164889836656535
1198, 199.00112915039062, -368.17144775390625, 0.0, 1.0, 0.0, 0.8163024187088013, 16.22802728800003
1199, 199.30929565429688, -368.1681823730469, 0.0, 1.0, 0.0, 0.8370401263237, 16.293826818035413
1200, 199.644775390625, -368.16448974609375, 0.0, 1.0, 0.0, 0.8582135438919067, 16.365440961188952
1201, 199.9712677001953, -368.1607360839844, 0.0, 1.0, 0.0, 0.8773505687713623, 16.435007522481232
1202, 200.28561401367188, -368.1570129394531, 0.0, 1.0, 0.0, 0.8946441411972046, 16.50188408589343
1203, 200.60655212402344, -368.153076171875, 0.0, 1.0, 0.0, 0.9112447500228882, 16.570027244145475
1204, 200.9432373046875, -368.14886474609375, 0.0, 1.0, 0.0, 0.9277058243751526, 16.641380631425953
1205, 201.26841735839844, -368.14459228515625, 0.0, 1.0, 0.0, 0.942623496055603, 16.71009481677255
1206, 201.58349609375, -368.1403503417969, 0.0, 1.0, 0.0, 0.9563114643096924, 16.7764959209324
1207, 201.9098358154297, -368.1358642578125, 0.0, 1.0, 0.0, 0.9697502851486206, 16.845064017973872
1208, 202.2581329345703, -368.13092041015625, 0.0, 1.0, 0.0, 0.9833999276161194, 16.91803110768947
1209, 202.60101318359375, -368.1259765625, 0.0, 1.0, 0.0, 0.9961550831794739, 16.98961467786096
1210, 202.95249938964844, -368.1207580566406, 0.0, 1.0, 0.0, 1.0085867643356323, 17.06271922306935
1211, 203.25718688964844, -368.11614990234375, 0.0, 1.0, 0.0, 1.0188617706298828, 17.125856597755853
1212, 203.58966064453125, -368.111083984375, 0.0, 1.0, 0.0, 1.029600739479065, 17.194504116588792
1213, 203.94847106933594, -368.1055908203125, -0.0038197184912860394, 1.0, 0.0, 1.0390039682388306, 17.26831640623795
1214, 204.30322265625, -368.10009765625, -0.007639436982572079, 1.0, 0.0, 1.0438488721847534, 17.340935800764765
1215, 204.6155242919922, -368.095458984375, -0.01145915500819683, 1.0, 0.0, 1.042457938194275, 17.4045298632665
1216, 204.9540557861328, -368.0905456542969, -0.013369014486670494, 1.0, 0.0, 1.034179925918579, 17.473163299766142
1217, 205.32342529296875, -368.0852966308594, -0.01718873344361782, 1.0, 0.0, 1.016489028930664, 17.54762805921648
1218, 205.6719512939453, -368.0806579589844, -0.01846197247505188, 0.9500000476837158, 0.0, 0.989973783493042, 17.617312592526662
1219, 206.03884887695312, -368.0759582519531, -0.016552114859223366, 0.8750001192092896, 0.0, 0.9546442627906799, 17.68892118550135
1220, 206.369873046875, -368.0719299316406, -0.015278875827789307, 0.8250001668930054, 0.0, 0.9167503118515015, 17.75111435401351
1221, 206.70814514160156, -368.0679626464844, -0.014005635865032673, 0.7750002145767212, 0.0, 0.8736932277679443, 17.811488401176675
1222, 207.0570068359375, -368.06396484375, -0.013369015417993069, 0.7500002384185791, 0.0, 0.8255216479301453, 17.869842224300932
1223, 207.41615295410156, -368.05999755859375, -0.012095775455236435, 0.7000002861022949, 0.0, 0.7731807231903076, 17.925142136531132
1224, 207.74818420410156, -368.0564880371094, -0.010822535492479801, 0.6500003337860107, 0.0, 0.7228264212608337, 17.97201867358445
1225, 208.10406494140625, -368.0527648925781, -0.009549295529723167, 0.6000003814697266, 0.0, 0.6678157448768616, 18.016889198108988
1226, 208.45562744140625, -368.0492248535156, -0.008276054635643959, 0.5500004291534424, 0.0, 0.6132192015647888, 18.055113925280818
1227, 208.83135986328125, -368.0455322265625, -0.0070028156042099, 0.5000004768371582, 0.0, 0.5553475618362427, 18.08819380504745
1228, 209.16908264160156, -368.0423889160156, -0.00636619608849287, 0.4750004708766937, 0.0, 0.5041835904121399, 18.111669769295425
1229, 209.50421142578125, -368.0393371582031, -0.005092956591397524, 0.42500045895576477, 0.0, 0.4546792209148407, 18.12864747165978
1230, 209.86175537109375, -368.0361633300781, -0.0038197170943021774, 0.3750004470348358, 0.0, 0.40390744805336, 18.139428977048016
1231, 210.21018981933594, -368.0332336425781, -0.0025464773643761873, 0.32500043511390686, 0.0, 0.3569346070289612, 18.142050469439337
1232, 210.55763244628906, -368.0304260253906, -0.001909857615828514, 0.3000004291534424, 0.0, 0.3127788007259369, 18.13672863262302
1233, 210.91514587402344, -368.0276184082031, 0.0, 0.2500004172325134, 0.0, 0.27083897590637207, 18.12332842457847
1234, 211.27256774902344, -368.02496337890625, 0.0, 0.20000040531158447, 0.0, 0.2323339432477951, 18.101803948280086
1235, 211.64491271972656, -368.0223083496094, 0.0, 0.12500038743019104, 0.0, 0.19522128999233246, 18.069924149591447
1236, 211.96641540527344, -368.0201110839844, 0.0, 0.10000038892030716, 0.0, 0.1656888723373413, 18.035424395700748
1237, 212.31442260742188, -368.01788330078125, 0.0, 0.0500003919005394, 0.0, 0.13599833846092224, 17.99083913006956
1238, 212.66354370117188, -368.0157775878906, 0.0, 3.915280046840053e-07, 0.0, 0.10829894989728928, 17.93832705684986
1239, 212.9925994873047, -368.0138854980469, 0.0, 0.0, 0.0, 0.08387632668018341, 17.8815664241435
1240, 213.32264709472656, -368.0121765136719, 0.0, 0.0, 0.0, 0.060871515423059464, 17.818776185817896
1241, 213.67327880859375, -368.010498046875, 0.0, 0.0, 0.0, 0.03792520612478256, 17.746499081495237
1242, 214.02401733398438, -368.00897216796875, 0.0, 0.0, 0.0, 0.01634053885936737, 17.669093659088563
1243, 214.3483123779297, -368.0076904296875, 0.0, 0.0, 0.0, -0.0025329587515443563, 17.593460688951346
1244, 214.6707305908203, -368.0065002441406, 0.0, 0.0, 0.0, -0.020355219021439552, 17.514902398956025
1245, 215.00582885742188, -368.0054626464844, 0.0, 0.0, 0.0, -0.0379638634622097, 17.430116430091896
1246, 215.30398559570312, -368.0046081542969, 0.0, 0.0, 0.0, -0.0529174730181694, 17.352208618046316
1247, 215.64260864257812, -368.0037536621094, 0.0, 0.0, 0.0, -0.0691528245806694, 17.26131798537966
1248, 215.9620819091797, -368.0030517578125, 0.0, 0.0, 0.0, -0.08380126953125, 17.173386710434073
1249, 216.27029418945312, -368.00250244140625, 0.0, 0.0, 0.0, -0.09735107421875, 17.086779541062818
1250, 216.57980346679688, -368.0019836425781, 0.0, 0.0, 0.0, -0.1104736179113388, 16.998230579835276
1251, 216.90298461914062, -368.0016174316406, 0.0, 0.0, 0.0, -0.1236266940832138, 16.90426060080793
1252, 217.19876098632812, -368.00140380859375, 0.0, 0.02500000037252903, 0.0, -0.1352844089269638, 16.817557633813824
1253, 217.51556396484375, -368.0011901855469, 0.0, 0.07500000298023224, 0.0, -0.1473083347082138, 16.72418028766082
1254, 217.83499145507812, -368.0011291503906, 0.0, 0.125, 0.0, -0.1590270698070526, 16.630480160298138
1255, 218.13424682617188, -368.0011291503906, 0.0, 0.15000000596046448, 0.0, -0.169647216796875, 16.543882317552228
1256, 218.43125915527344, -368.0012512207031, 0.0, 0.20000001788139343, 0.0, -0.1798400580883026, 16.459475196136072
1257, 218.7489013671875, -368.0014343261719, 0.0, 0.2500000298023224, 0.0, -0.1903686374425888, 16.371697176051736
1258, 219.03431701660156, -368.0016784667969, 0.0, 0.27500003576278687, 0.0, -0.199462890625, 16.295693717117974
1259, 219.34048461914062, -368.00201416015625, 0.0, 0.3250000476837158, 0.0, -0.2088928073644638, 16.21736446928585
1260, 219.65130615234375, -368.0024108886719, 0.0, 0.3250000476837158, 0.0, -0.2180786281824112, 16.141721666627145
1261, 219.926513671875, -368.00286865234375, 0.0, 0.30000004172325134, 0.0, -0.22589106857776642, 16.077683023358414
1262, 220.24758911132812, -368.0035095214844, 0.0, 0.2500000298023224, 0.0, -0.2346801906824112, 16.005329972036325
1263, 220.5522003173828, -368.0041198730469, 0.0, 0.17500001192092896, 0.0, -0.2426147609949112, 15.937400170935655
1264, 220.83067321777344, -368.0047607421875, 0.0, 0.125, 0.0, -0.2495727837085724, 15.874681817007914
1265, 221.11651611328125, -368.0054626464844, 0.0, 0.10000000149011612, 0.0, -0.256500244140625, 15.80894648083899
1266, 221.42640686035156, -368.0063171386719, 0.0, 0.05000000447034836, 0.0, -0.2637328803539276, 15.73563508990268
1267, 221.7132110595703, -368.00714111328125, 0.0, 4.0978194171259474e-09, 0.0, -0.2702331244945526, 15.665082111502462
1268, 221.99278259277344, -368.0080261230469, 0.0, -0.02499999664723873, 0.0, -0.27642822265625, 15.593565762734304
1269, 222.288330078125, -368.00897216796875, 0.0, 0.0, 0.0, -0.2828063368797302, 15.515203492814955
1270, 222.56954956054688, -368.0099182128906, 0.0, 0.0, 0.0, -0.2887878119945526, 15.438324711881814
1271, 222.85476684570312, -368.0109558105469, 0.0, 0.0, 0.0, -0.29476919770240784, 15.35833515327402
1272, 223.15377807617188, -368.0120544433594, 0.0, 0.0, 0.0, -0.3009338080883026, 15.272559085100923
1273, 223.40679931640625, -368.0130310058594, 0.0, 0.0, 0.0, -0.3061217665672302, 15.198592866041857
1274, 223.7053985595703, -368.01422119140625, 0.0, 0.0, 0.0, -0.3121642768383026, 15.109890834938948
1275, 223.9866485595703, -368.015380859375, -0.0019098592456430197, 0.0, 0.0, -0.31857287883758545, 15.025080536810137
1276, 224.2458953857422, -368.0166015625, -0.005729577504098415, 0.05000000074505806, 0.0, -0.32650747895240784, 14.946610804691304
1277, 224.53587341308594, -368.0181579589844, -0.01145915500819683, 0.10000000149011612, 0.0, -0.3406371772289276, 14.859008641773695
1278, 224.82809448242188, -368.0199890136719, -0.010185915045440197, 0.15000000596046448, 0.0, -0.36001577973365784, 14.772059531119949
1279, 225.08343505859375, -368.0216979980469, -0.009549295529723167, 0.17500001192092896, 0.0, -0.3803710639476776, 14.697944900126204
1280, 225.3543243408203, -368.0236511230469, -0.008276054635643959, 0.2250000238418579, 0.0, -0.4047545790672302, 14.621513580315257
1281, 225.63589477539062, -368.0258483886719, -0.0070028156042099, 0.27500003576278687, 0.0, -0.43218994140625, 14.54530298488812
1282, 225.9109649658203, -368.028076171875, -0.00636619608849287, 0.30000004172325134, 0.0, -0.4604186415672302, 14.47467169851705
1283, 226.16407775878906, -368.03021240234375, -0.005092956591397524, 0.2500000298023224, 0.0, -0.4869689345359802, 14.412806636734341
1284, 226.43798828125, -368.0326232910156, -0.0038197170943021774, 0.20000001788139343, 0.0, -0.5156248807907104, 14.347617885387743
1285, 226.70448303222656, -368.0349426269531, -0.003183097345754504, 0.17500001192092896, 0.0, -0.5429688096046448, 14.284871894651442
1286, 226.95872497558594, -368.03729248046875, -0.001909857615828514, 0.125, 0.0, -0.5681151747703552, 14.224934125624234
1287, 227.22125244140625, -368.0396728515625, 0.0, 0.07500000298023224, 0.0, -0.5922545194625854, 14.161923336746595
1288, 227.47727966308594, -368.0420227050781, 0.0, 0.05000000447034836, 0.0, -0.6139525771141052, 14.098608092356796
1289, 227.72987365722656, -368.0444030761719, 0.0, 0.02500000409781933, 0.0, -0.6337584853172302, 14.034091191825704
1290, 228.00091552734375, -368.0470275878906, 0.0, 0.07500000298023224, 0.0, -0.6533812284469604, 13.96281932977583
1291, 228.2635498046875, -368.049560546875, 0.0, 0.125, 0.0, -0.6709594130516052, 13.893069569851624
1292, 228.51760864257812, -368.0520935058594, 0.0, 0.15000000596046448, 0.0, -0.6867370009422302, 13.825959458291946
1293, 228.78515625, -368.0548400878906, 0.0, 0.20000001788139343, 0.0, -0.7021178603172302, 13.756345994613307
1294, 229.0331268310547, -368.0574035644531, 0.0, 0.2500000298023224, 0.0, -0.7153624296188354, 13.69375673427154
1295, 229.28126525878906, -368.06005859375, 0.0, 0.30000004172325134, 0.0, -0.7276611328125, 13.6337736034291
1296, 229.53561401367188, -368.06280517578125, 0.0, 0.3250000476837158, 0.0, -0.7393798232078552, 13.575640644215687
1297, 229.8007049560547, -368.0657653808594, 0.0019098592456430197, 0.3750000596046448, 0.0, -0.7497863173484802, 13.518980036205905
1298, 230.04209899902344, -368.0683898925781, 0.005729577504098415, 0.42500007152557373, 0.0, -0.7561951279640198, 13.471610967353945
1299, 230.2899169921875, -368.071044921875, 0.007639436982572079, 0.4500000774860382, 0.0, -0.7586668729782104, 13.427495597518066
1300, 230.53054809570312, -368.07354736328125, 0.01145915500819683, 0.5000000596046448, 0.0, -0.7557373046875, 13.389196827020044
1301, 230.77005004882812, -368.0758361816406, 0.015278873965144157, 0.550000011920929, 0.0, -0.7461851835250854, 13.355994444111431
1302, 231.0261993408203, -368.07806396484375, 0.019098592922091484, 0.5999999642372131, 0.0, -0.7269896864891052, 13.32630538659619
1303, 231.27220153808594, -368.0799560546875, 0.021008450537919998, 0.6249999403953552, 0.0, -0.69964599609375, 13.303894556233722
1304, 231.50726318359375, -368.08154296875, 0.022281691431999207, 0.6249999403953552, 0.0, -0.665435791015625, 13.287685940519884
1305, 231.76834106445312, -368.0830383300781, 0.021008452400565147, 0.574999988079071, 0.0, -0.6191100478172302, 13.274264385616606
1306, 232.0139923095703, -368.08428955078125, 0.020371833816170692, 0.550000011920929, 0.0, -0.5690001845359802, 13.26438851278046
1307, 232.25157165527344, -368.0852966308594, 0.019098596647381783, 0.5000000596046448, 0.0, -0.5156859159469604, 13.256184804483098
1308, 232.51071166992188, -368.0862121582031, 0.01718873903155327, 0.42500004172325134, 0.0, -0.4534911811351776, 13.24692924431604
1309, 232.74765014648438, -368.0869445800781, 0.016552118584513664, 0.40000003576278687, 0.0, -0.3939819633960724, 13.236682347455373
1310, 232.98779296875, -368.0875549316406, 0.015278879553079605, 0.3500000238418579, 0.0, -0.3318481743335724, 13.224140135469971
1311, 233.23800659179688, -368.08807373046875, 0.014005639590322971, 0.30000001192092896, 0.0, -0.2660522162914276, 13.207888013891832
1312, 233.4674530029297, -368.08837890625, 0.013369019143283367, 0.2750000059604645, 0.0, -0.205291748046875, 13.189538751207698
1313, 233.71597290039062, -368.0885925292969, 0.012095779180526733, 0.22499999403953552, 0.0, -0.139678955078125, 13.165930843489674
1314, 233.97341918945312, -368.0886535644531, 0.0108225392177701, 0.2750000059604645, 0.0, -0.0726318359375, 13.137429748358302
1315, 234.2113037109375, -368.088623046875, 0.009549299255013466, 0.32500001788139343, 0.0, -0.012054443359375, 13.109181799845958
1316, 234.4539337158203, -368.08843994140625, 0.008912678807973862, 0.3500000238418579, 0.0, 0.0480448342859745, 13.079891647672476
1317, 234.70765686035156, -368.08807373046875, 0.007639438845217228, 0.40000003576278687, 0.0, 0.10857424885034561, 13.049670355133768
1318, 234.9419403076172, -368.087646484375, 0.006366199813783169, 0.4500000476837158, 0.0, 0.1620102971792221, 13.023282031972176
1319, 235.1771240234375, -368.0871276855469, 0.005092960316687822, 0.5000000596046448, 0.0, 0.21280266344547272, 12.999194850397208
1320, 235.4218292236328, -368.08642578125, 0.004456340800970793, 0.5250000357627869, 0.0, 0.2624622583389282, 12.97736925514477
1321, 235.6551971435547, -368.0856628417969, 0.005092960316687822, 0.5999999642372131, 0.0, 0.30732131004333496, 12.959999604760162
1322, 235.89657592773438, -368.0846862792969, 0.008912678807973862, 0.6499999165534973, 0.0, 0.3530369699001312, 12.946666228965917
1323, 236.1508331298828, -368.08331298828125, 0.010822538286447525, 0.6749998927116394, 0.0, 0.40191400051116943, 12.9382416470825
1324, 236.3797149658203, -368.0818176269531, 0.014642257243394852, 0.7249998450279236, 0.0, 0.4480955898761749, 12.935639792587294
1325, 236.60638427734375, -368.08001708984375, 0.01846197433769703, 0.7749997973442078, 0.0, 0.4975786805152893, 12.937913730859865
1326, 236.85855102539062, -368.07763671875, 0.020371833816170692, 0.7999997735023499, 0.0, 0.5580847263336182, 12.946138263236794
1327, 237.08811950683594, -368.0750427246094, 0.02419155277311802, 0.849999725818634, 0.0, 0.6190367937088013, 12.958716835379775
1328, 237.3123779296875, -368.0721130371094, 0.025464793667197227, 0.849999725818634, 0.0, 0.6844460368156433, 12.975637965898104
1329, 237.5657501220703, -368.0683898925781, 0.02419155463576317, 0.7999997735023499, 0.0, 0.7644665837287903, 12.99892006761051
1330, 237.82376098632812, -368.0641784667969, 0.023554936051368713, 0.7749997973442078, 0.0, 0.8512912392616272, 13.025298287651935
1331, 238.05235290527344, -368.06005859375, 0.022281697019934654, 0.7249998450279236, 0.0, 0.9315584301948547, 13.049907803297886
1332, 238.2967987060547, -368.055419921875, 0.021008459851145744, 0.6749998927116394, 0.0, 1.019917607307434, 13.07605896855078
1333, 238.54844665527344, -368.05029296875, 0.02037183940410614, 0.6499999165534973, 0.0, 1.1128627061843872, 13.10173635635378
1334, 238.7817840576172, -368.0452575683594, 0.01909860223531723, 0.574999988079071, 0.0, 1.2000350952148438, 13.123735797496257
1335, 239.02162170410156, -368.039794921875, 0.017188744619488716, 0.5250000357627869, 0.0, 1.2896019220352173, 13.143290008882778
1336, 239.2694854736328, -368.0339050292969, 0.016552124172449112, 0.5000000596046448, 0.0, 1.381619930267334, 13.159622448792033
1337, 239.50450134277344, -368.0280456542969, 0.015278885141015053, 0.4500000476837158, 0.0, 1.4678364992141724, 13.171223632364176
1338, 239.75987243652344, -368.02142333984375, 0.014005645178258419, 0.40000003576278687, 0.0, 1.559675693511963, 13.1790018677312
1339, 240.00279235839844, -368.0148010253906, 0.01336902566254139, 0.3750000298023224, 0.0, 1.6450726985931396, 13.18118304713654
1340, 240.2418670654297, -368.0080871582031, 0.012095784768462181, 0.42500004172325134, 0.0, 1.7268325090408325, 13.179058274392006
1341, 240.480224609375, -368.00115966796875, 0.010822544805705547, 0.4750000536441803, 0.0, 1.8056493997573853, 13.174640273286228
1342, 240.73989868164062, -367.9933166503906, 0.009549304842948914, 0.5250000357627869, 0.0, 1.8879194259643555, 13.169084526419738
1343, 240.9758758544922, -367.9859619140625, 0.00891268439590931, 0.550000011920929, 0.0, 1.9595133066177368, 13.164538623467815
1344, 241.20046997070312, -367.9787902832031, 0.007639444898813963, 0.5999999642372131, 0.0, 2.0245914459228516, 13.161296505868203
1345, 241.46688842773438, -367.97003173828125, 0.005729585886001587, 0.6749998927116394, 0.0, 2.0974419116973877, 13.16026493829348
1346, 241.70286560058594, -367.9620361328125, 0.00509296590462327, 0.6999998688697815, 0.0, 2.157546281814575, 13.16263015233681
1347, 241.9414825439453, -367.9537658691406, 0.0038197266403585672, 0.7499998211860657, 0.0, 2.214153289794922, 13.168632938258405
1348, 242.190673828125, -367.9450378417969, 0.002546486910432577, 0.7999997735023499, 0.0, 2.268550395965576, 13.179311110766138
1349, 242.41712951660156, -367.9368591308594, 0.001909867045469582, 0.8249997496604919, 0.0, 2.3140242099761963, 13.193277835992147
1350, 242.671875, -367.9275207519531, 0.0, 0.8749997019767761, 0.0, 2.3600265979766846, 13.213540462822866
1351, 242.9233856201172, -367.9181823730469, 0.0, 0.9249996542930603, 0.0, 2.4006309509277344, 13.238762460720348
1352, 243.15452575683594, -367.9095153808594, -0.0019098592456430197, 0.9499996304512024, 0.0, 2.4335954189300537, 13.266662327455979
1353, 243.4182891845703, -367.8995361328125, -0.005729577504098415, 0.9999995827674866, 0.0, 2.464371919631958, 13.303511414921447
1354, 243.6742706298828, -367.88983154296875, -0.009549296461045742, 1.0, 0.0, 2.486182928085327, 13.344470745980816
1355, 243.91331481933594, -367.880859375, -0.01145915500819683, 1.0, 0.0, 2.499086618423462, 13.386548802992515
1356, 244.15408325195312, -367.8717956542969, -0.010185915045440197, 1.0, 0.0, 2.5057475566864014, 13.43201635981535
1357, 244.40989685058594, -367.8620910644531, -0.008912675082683563, 0.9750000238418579, 0.0, 2.5072858333587646, 13.482942586448996
1358, 244.65785217285156, -367.8526916503906, -0.0070028156042099, 0.9000000953674316, 0.0, 2.504993200302124, 13.533732021034007
1359, 244.89920043945312, -367.8434143066406, -0.00636619608849287, 0.8750001192092896, 0.0, 2.500056505203247, 13.58307854323005
1360, 245.1598358154297, -367.8333435058594, -0.005092956591397524, 0.8250001668930054, 0.0, 2.492623805999756, 13.635582109974832
1361, 245.40834045410156, -367.82366943359375, -0.0038197170943021774, 0.7750002145767212, 0.0, 2.4844279289245605, 13.68394902763328
1362, 245.6690216064453, -367.81341552734375, -0.003183097345754504, 0.7500002384185791, 0.0, 2.4751996994018555, 13.732239160004031
1363, 245.93325805664062, -367.8028869628906, -0.001909857615828514, 0.7000002861022949, 0.0, 2.4658892154693604, 13.77823650228539
1364, 246.17999267578125, -367.7929992675781, 0.0, 0.6500003337860107, 0.0, 2.458092212677002, 13.817777796259223
1365, 246.43112182617188, -367.7828063964844, 0.0, 0.6000003814697266, 0.0, 2.45119047164917, 13.854123470431135
1366, 246.6884765625, -367.7723083496094, 0.0, 0.5750004053115845, 0.0, 2.445054531097412, 13.88685667053827
1367, 246.92864990234375, -367.762451171875, 0.0, 0.5250004529953003, 0.0, 2.440047264099121, 13.913095860825313
1368, 247.19686889648438, -367.75140380859375, 0.0, 0.4750004708766937, 0.0, 2.435192108154297, 13.937114561757678
1369, 247.45956420898438, -367.7405090332031, 0.0, 0.45000046491622925, 0.0, 2.431055784225464, 13.954733457004911
1370, 247.7123260498047, -367.72998046875, 0.0, 0.4000004529953003, 0.0, 2.427556276321411, 13.966167580604727
1371, 247.9683074951172, -367.7193298339844, 0.0, 0.35000044107437134, 0.0, 2.424419641494751, 13.971853063754475
1372, 248.24427795410156, -367.7077941894531, 0.0, 0.3000004291534424, 0.0, 2.421417236328125, 13.970970626684172
1373, 248.49777221679688, -367.6971435546875, 0.0, 0.2500004172325134, 0.0, 2.418921709060669, 13.963244886061753
1374, 248.7423553466797, -367.6869201660156, 0.0, 0.20000040531158447, 0.0, 2.4167020320892334, 13.94954410571748
1375, 249.00650024414062, -367.67578125, 0.0, 0.15000039339065552, 0.0, 2.4144608974456787, 13.927953749921722
1376, 249.25392150878906, -367.6653747558594, 0.0, 0.12500038743019104, 0.0, 2.412454843521118, 13.901227692885408
1377, 249.530029296875, -367.6537780761719, 0.0, 0.17500039935112, 0.0, 2.4102823734283447, 13.865375695051533
1378, 249.7959442138672, -367.6426086425781, 0.0, 0.22500041127204895, 0.0, 2.408221960067749, 13.826863606139602
1379, 250.0474395751953, -367.63201904296875, 0.0, 0.2750004231929779, 0.0, 2.4062893390655518, 13.788581996310413
1380, 250.29132080078125, -367.6217956542969, 0.0, 0.3000004291534424, 0.0, 2.4044246673583984, 13.750959637855251
1381, 250.55386352539062, -367.6107482910156, 0.0, 0.35000044107437134, 0.0, 2.4024264812469482, 13.710766938560655
1382, 250.8057403564453, -367.6001892089844, 0.0, 0.4000004529953003, 0.0, 2.4005255699157715, 13.673637726333679
1383, 251.04173278808594, -367.5902404785156, 0.0, 0.42500045895576477, 0.0, 2.398766040802002, 13.640892850185683
1384, 251.3089141845703, -367.5790100097656, 0.0, 0.4750004708766937, 0.0, 2.3968148231506348, 13.606572477417354
1385, 251.55458068847656, -367.56866455078125, 0.0, 0.5250004529953003, 0.0, 2.3950700759887695, 13.578530960139595
1386, 251.79608154296875, -367.5585021972656, 0.0, 0.5500004291534424, 0.0, 2.3934199810028076, 13.55471506366434
1387, 252.0547637939453, -367.547607421875, 0.0, 0.6000003814697266, 0.0, 2.3917384147644043, 13.533470902674235
1388, 252.30108642578125, -367.53729248046875, 0.0, 0.6500003337860107, 0.0, 2.390235185623169, 13.518062446040247
1389, 252.54998779296875, -367.52691650390625, 0.0, 0.7000002861022949, 0.0, 2.3888309001922607, 13.507734275203873
1390, 252.80918884277344, -367.5160217285156, 0.0038197184912860394, 0.7500002384185791, 0.0, 2.3892006874084473, 13.503016393832121
1391, 253.0492706298828, -367.505859375, 0.005729577504098415, 0.7750002145767212, 0.0, 2.392199754714966, 13.50441024511294
1392, 253.2920684814453, -367.4953918457031, 0.01145915500819683, 0.8500001430511475, 0.0, 2.400088310241699, 13.510980626535869
1393, 253.5498809814453, -367.4841003417969, 0.010185915045440197, 0.9000000953674316, 0.0, 2.4135773181915283, 13.524424790630349
1394, 253.78024291992188, -367.4739074707031, 0.009549295529723167, 0.9250000715255737, 0.0, 2.429124355316162, 13.542266011137803
1395, 254.04208374023438, -367.46221923828125, 0.008276054635643959, 0.9750000238418579, 0.0, 2.4499661922454834, 13.568437086990492
1396, 254.3064727783203, -367.4503479003906, 0.0070028156042099, 1.0, 0.0, 2.4732601642608643, 13.601290801229464
1397, 254.5487823486328, -367.43939208984375, 0.00636619608849287, 1.0, 0.0, 2.4959588050842285, 13.636521275158493
1398, 254.81005859375, -367.4276123046875, 0.005092956591397524, 1.0, 0.0, 2.5211422443389893, 13.67881978273039
1399, 255.068603515625, -367.4158630371094, 0.006366196554154158, 1.0, 0.0, 2.54710054397583, 13.724389497106595
1400, 255.3037872314453, -367.4050598144531, 0.008276055566966534, 1.0, 0.0, 2.57232928276062, 13.768540255212018
1401, 255.56961059570312, -367.39263916015625, 0.01209577452391386, 1.0, 0.0, 2.604586124420166, 13.82079875337105
1402, 255.8358917236328, -367.3800048828125, 0.015915492549538612, 1.0, 0.0, 2.642507314682007, 13.875287872889608
1403, 256.0761413574219, -367.3683776855469, 0.017825352028012276, 0.9750000238418579, 0.0, 2.682021141052246, 13.925951930028752
1404, 256.342041015625, -367.3551940917969, 0.021008450537919998, 0.9000000953674316, 0.0, 2.7329065799713135, 13.982474866672943
1405, 256.6102600097656, -367.341552734375, 0.019735213369131088, 0.8500001430511475, 0.0, 2.790720224380493, 14.038729512167558
1406, 256.8498229980469, -367.32916259765625, 0.01846197433769703, 0.8000001907348633, 0.0, 2.8465535640716553, 14.087479225430538
1407, 257.1308898925781, -367.3143310546875, 0.017825355753302574, 0.7750002145767212, 0.0, 2.9163694381713867, 14.142190232042038
1408, 257.400390625, -367.2999267578125, 0.016552116721868515, 0.725000262260437, 0.0, 2.9863998889923096, 14.191680201064546
1409, 257.6432800292969, -367.28668212890625, 0.015278877690434456, 0.6750003099441528, 0.0, 3.0511972904205322, 14.233140846837868
1410, 257.9128723144531, -367.2718200683594, 0.014005637727677822, 0.6250003576278687, 0.0, 3.124131917953491, 14.275179154197945
1411, 258.18463134765625, -367.2566223144531, 0.013369017280638218, 0.6000003814697266, 0.0, 3.1981418132781982, 14.312755373530228
1412, 258.44647216796875, -367.2417907714844, 0.012095777317881584, 0.5500004291534424, 0.0, 3.269279956817627, 14.34427776279614
1413, 258.7077331542969, -367.22674560546875, 0.013369016349315643, 0.5000004768371582, 0.0, 3.340390205383301, 14.370599468512962
1414, 258.9817810058594, -367.2106628417969, 0.015278875827789307, 0.4750004708766937, 0.0, 3.4160876274108887, 14.39241434495935
1415, 259.2358093261719, -367.1954345703125, 0.019098594784736633, 0.42500045895576477, 0.0, 3.488701343536377, 14.407095162716336
1416, 259.5140075683594, -367.1783142089844, 0.02291831187903881, 0.3750004470348358, 0.0, 3.5729448795318604, 14.416827692687244
1417, 259.78546142578125, -367.16107177734375, 0.026738030835986137, 0.32500043511390686, 0.0, 3.661269426345825, 14.419348821605695
1418, 260.0334777832031, -367.1449279785156, 0.0286478903144598, 0.3000004291534424, 0.0, 3.747694253921509, 14.41547905596498
1419, 260.3137512207031, -367.12603759765625, 0.03246760740876198, 0.35000044107437134, 0.0, 3.853549003601074, 14.405168450980607
1420, 260.5984802246094, -367.1061096191406, 0.036287322640419006, 0.4000004529953003, 0.0, 3.971068859100342, 14.390445718181423
1421, 260.85394287109375, -367.0876770019531, 0.035014085471630096, 0.45000046491622925, 0.0, 4.083990573883057, 14.375527111286798
1422, 261.12213134765625, -367.0677185058594, 0.03374084457755089, 0.5000004768371582, 0.0, 4.209076881408691, 14.359675649277834
1423, 261.3956298828125, -367.046875, 0.03246760740876198, 0.5500004291534424, 0.0, 4.34213924407959, 14.344592449358295
1424, 261.6452331542969, -367.02728271484375, 0.031194370239973068, 0.6000003814697266, 0.0, 4.467283248901367, 14.332788403365427
1425, 261.90728759765625, -367.0062561035156, 0.030557749792933464, 0.6250003576278687, 0.0, 4.601831912994385, 14.32305226301679
1426, 262.18658447265625, -366.9832458496094, 0.029284512624144554, 0.6250003576278687, 0.0, 4.7478156089782715, 14.315732885909743
1427, 262.43505859375, -366.9623107910156, 0.028011273592710495, 0.5750004053115845, 0.0, 4.879054069519043, 14.311280065439988
1428, 262.6996765136719, -366.93951416015625, 0.026738034561276436, 0.5250004529953003, 0.0, 5.01947546005249, 14.307050174725036
1429, 262.97125244140625, -366.91558837890625, 0.02610141597688198, 0.5000004768371582, 0.0, 5.163826942443848, 14.302048845266196
1430, 263.2242126464844, -366.8927917480469, 0.02737465687096119, 0.45000046491622925, 0.0, 5.298816204071045, 14.296073423882515
1431, 263.4924011230469, -366.8680419921875, 0.031194375827908516, 0.4000004529953003, 0.0, 5.444212913513184, 14.287241950849525
1432, 263.7724304199219, -366.8414001464844, 0.03310423344373703, 0.3750004470348358, 0.0, 5.59959077835083, 14.274650226939102
1433, 264.03411865234375, -366.8158264160156, 0.03692394867539406, 0.32500043511390686, 0.0, 5.749406814575195, 14.259325820962664
1434, 264.2835388183594, -366.7907409667969, 0.040743663907051086, 0.2750004231929779, 0.0, 5.8977556228637695, 14.24090183556908
1435, 264.5558776855469, -366.7624206542969, 0.044563379138708115, 0.2750004231929779, 0.0, 6.067623615264893, 14.216399224158776
1436, 264.8127136230469, -366.73492431640625, 0.04647323861718178, 0.3000004291534424, 0.0, 6.235581874847412, 14.189871814510871
1437, 265.06695556640625, -366.706787109375, 0.050292953848838806, 0.35000044107437134, 0.0, 6.410299301147461, 14.161440756435933
1438, 265.34130859375, -366.6754455566406, 0.05092957243323326, 0.42500045895576477, 0.0, 6.60837459564209, 14.13027366055683
1439, 265.59716796875, -366.6453552246094, 0.050292953848838806, 0.45000046491622925, 0.0, 6.800797462463379, 14.10233861520438
1440, 265.85791015625, -366.6137390136719, 0.0490197129547596, 0.4000004529953003, 0.0, 7.003490924835205, 14.075077260949898
1441, 266.13507080078125, -366.57916259765625, 0.04774647578597069, 0.35000044107437134, 0.0, 7.224912166595459, 14.04594042859461
1442, 266.4173889160156, -366.5429992675781, 0.04647323861718178, 0.3000004291534424, 0.0, 7.45502233505249, 14.01453346605202
1443, 266.6615295410156, -366.5108947753906, 0.045836616307497025, 0.2750004231929779, 0.0, 7.657533168792725, 13.985465849428254
1444, 266.9164123535156, -366.4764709472656, 0.044563379138708115, 0.22500041127204895, 0.0, 7.871429920196533, 13.952755507152466
1445, 267.1902770996094, -366.4386291503906, 0.043290141969919205, 0.17500039935112, 0.0, 8.103208541870117, 13.914068909949739
1446, 267.4326477050781, -366.40435791015625, 0.04265352338552475, 0.15000039339065552, 0.0, 8.309510231018066, 13.876129700154141
1447, 267.695068359375, -366.3663330078125, 0.04138028249144554, 0.10000038892030716, 0.0, 8.533531188964844, 13.831191224898365
1448, 267.9620056152344, -366.3267517089844, 0.04010704532265663, 0.0500003919005394, 0.0, 8.761406898498535, 13.780703658749042
1449, 268.2131652832031, -366.2886657714844, 0.03883380815386772, 3.915280046840053e-07, 0.0, 8.975296974182129, 13.728270607302642
1450, 268.4646911621094, -366.2497253417969, 0.03692394867539406, 0.0, 0.0, 9.18822193145752, 13.670618240125117
1451, 268.7237854003906, -366.2087707519531, 0.0362873300909996, 0.0, 0.0, 9.405892372131348, 13.606958689980567
1452, 268.9853515625, -366.1665954589844, 0.03501409292221069, 0.0, 0.0, 9.62356185913086, 13.538932116991045
1453, 269.2967224121094, -366.1151428222656, 0.033740852028131485, 0.0, 0.0, 9.87956714630127, 13.453631289487047
1454, 269.5445556640625, -366.07330322265625, 0.032467614859342575, 0.0, 0.0, 10.080316543579102, 13.383093437052612
1455, 269.7861633300781, -366.03173828125, 0.031194377690553665, 0.0, 0.0, 10.273160934448242, 13.312316378924459
1456, 270.0525817871094, -365.9850769042969, 0.03055775724351406, 0.0, 0.0, 10.482583045959473, 13.232216261655283
1457, 270.32421875, -365.9365539550781, 0.02928452007472515, 0.0, 0.0, 10.692121505737305, 13.148758459971578
1458, 270.5614929199219, -365.8933410644531, 0.025464801117777824, 0.0, 0.0, 10.870412826538086, 13.074670780081656
1459, 270.8067626953125, -365.8480529785156, 0.01909860223531723, 0.0, 0.0, 11.047408103942871, 12.997124406028309
1460, 271.05474853515625, -365.80169677734375, 0.012732403352856636, 0.0, 0.0, 11.215981483459473, 12.91784042519271
1461, 271.31561279296875, -365.7524108886719, 0.006366205867379904, 0.0, 0.0, 11.380358695983887, 12.833586237259611
1462, 271.5600280761719, -365.705810546875, 0.0, 0.0, 0.0, 11.517980575561523, 12.753924604532804
1463, 271.79791259765625, -365.66015625, -0.0019098592456430197, 0.02500000037252903, 0.0, 11.637256622314453, 12.676446785232912
1464, 272.04461669921875, -365.6124572753906, -0.005729577504098415, 0.07500000298023224, 0.0, 11.744831085205078, 12.596391513589332
1465, 272.29498291015625, -365.56365966796875, -0.0038197184912860394, 0.15000000596046448, 0.0, 11.840511322021484, 12.516931799605015
1466, 272.55828857421875, -365.51177978515625, -0.0025464787613600492, 0.20000001788139343, 0.0, 11.927454948425293, 12.436816193069658
1467, 272.777587890625, -365.4682312011719, 0.0, 0.2500000298023224, 0.0, 11.990960121154785, 12.373371634482837
1468, 273.0045166015625, -365.4227600097656, 0.0, 0.27500003576278687, 0.0, 12.0496187210083, 12.311653219861453
1469, 273.25262451171875, -365.37255859375, 0.0, 0.3250000476837158, 0.0, 12.106890678405762, 12.249350179155675
1470, 273.4959411621094, -365.3229064941406, 0.0, 0.3750000596046448, 0.0, 12.1563138961792, 12.19380612330259
1471, 273.7229919433594, -365.276123046875, 0.0038197184912860394, 0.42500007152557373, 0.0, 12.198210716247559, 12.14702545105148
1472, 273.9415283203125, -365.23065185546875, 0.007639436982572079, 0.4750000834465027, 0.0, 12.237441062927246, 12.10756755658682
1473, 274.1893615722656, -365.1785583496094, 0.01145915500819683, 0.5250000357627869, 0.0, 12.283100128173828, 12.070219750152939
1474, 274.43389892578125, -365.12652587890625, 0.012732394970953465, 0.574999988079071, 0.0, 12.330455780029297, 12.041003482317059
1475, 274.6792907714844, -365.0738220214844, 0.01209577452391386, 0.5999999642372131, 0.0, 12.380036354064941, 12.019405926362824
1476, 274.92730712890625, -365.0201110839844, 0.010822534561157227, 0.6499999165534973, 0.0, 12.431316375732422, 12.005129882796222
1477, 275.14697265625, -364.97216796875, 0.009549293667078018, 0.6999998688697815, 0.0, 12.476895332336426, 11.998706419757974
1478, 275.3689270019531, -364.9234619140625, 0.007639434188604355, 0.6249999403953552, 0.0, 12.52206802368164, 11.99790863539678
1479, 275.6152038574219, -364.8692626953125, 0.006366195157170296, 0.574999988079071, 0.0, 12.57049560546875, 12.00019419535945
1480, 275.863037109375, -364.814453125, 0.005092955660074949, 0.5250000357627869, 0.0, 12.616748809814453, 12.00329358540919
1481, 276.0795593261719, -364.766357421875, 0.00445633614435792, 0.5000000596046448, 0.0, 12.654764175415039, 12.005461457499274
1482, 276.3033447265625, -364.716552734375, 0.0031830964144319296, 0.4500000476837158, 0.0, 12.69141674041748, 12.006373102631382
1483, 276.53564453125, -364.6647033691406, 0.0019098566845059395, 0.40000003576278687, 0.0, 12.726160049438477, 12.004657819317213
1484, 276.7687683105469, -364.61260986328125, 0.0, 0.3500000238418579, 0.0, 12.756974220275879, 11.999178311470493
1485, 276.9883728027344, -364.56341552734375, 0.0, 0.32500001788139343, 0.0, 12.782510757446289, 11.989998053428163
1486, 277.2109375, -364.5135192871094, 0.0, 0.2750000059604645, 0.0, 12.805295944213867, 11.97668856906404
1487, 277.4425048828125, -364.46142578125, 0.0, 0.22499999403953552, 0.0, 12.826050758361816, 11.957957984937824
1488, 277.6761779785156, -364.4088134765625, 0.0, 0.17499998211860657, 0.0, 12.844557762145996, 11.933034468047202
1489, 277.8940124511719, -364.35968017578125, 0.0, 0.12499997764825821, 0.0, 12.859503746032715, 11.90485378769902
1490, 278.1208801269531, -364.3084411621094, 0.0, 0.07499998062849045, 0.0, 12.873092651367188, 11.869713102740112
1491, 278.3671875, -364.252685546875, 0.0, 0.04999998211860657, 0.0, 12.88595962524414, 11.824369775500303
1492, 278.5940246582031, -364.2012939453125, 0.0, 0.12499997764825821, 0.0, 12.896035194396973, 11.77790021949556
1493, 278.8261413574219, -364.1485595703125, 0.0, 0.17499998211860657, 0.0, 12.904987335205078, 11.728133547816451
1494, 279.0364074707031, -364.1007385253906, 0.0, 0.22499999403953552, 0.0, 12.911869049072266, 11.6828647265841
1495, 279.2492980957031, -364.05224609375, 0.0, 0.2750000059604645, 0.0, 12.917845726013184, 11.638164223348525
1496, 279.4896240234375, -363.99749755859375, 0.0, 0.32500001788139343, 0.0, 12.923588752746582, 11.5905991999204
1497, 279.7181091308594, -363.9453430175781, 0.0, 0.3500000238418579, 0.0, 12.928149223327637, 11.548867283427905
1498, 279.9255676269531, -363.89794921875, 0.0, 0.40000003576278687, 0.0, 12.931574821472168, 11.514007124283866
1499, 280.1286926269531, -363.8515625, 0.0, 0.4500000476837158, 0.0, 12.93440055847168, 11.483660813588955
1500, 280.3555603027344, -363.7996826171875, 0.0, 0.5000000596046448, 0.0, 12.937066078186035, 11.455220691460637
1501, 280.5812683105469, -363.74798583984375, 0.0, 0.550000011920929, 0.0, 12.939250946044922, 11.432829667753255
1502, 280.8121643066406, -363.6951599121094, 0.0, 0.574999988079071, 0.0, 12.941104888916016, 11.416274189681532
1503, 281.01788330078125, -363.64794921875, 0.0, 0.6249999403953552, 0.0, 12.942475318908691, 11.406549322148004
1504, 281.2330627441406, -363.59857177734375, 0.0, 0.6249999403953552, 0.0, 12.943709373474121, 11.402232938602454
1505, 281.4649963378906, -363.54541015625, 0.0, 0.7249998450279236, 0.0, 12.94488525390625, 11.405084204119321
1506, 281.68463134765625, -363.4950256347656, 0.0, 0.7749997973442078, 0.0, 12.94589614868164, 11.413977109849275
1507, 281.8992614746094, -363.44573974609375, 0.0038197184912860394, 0.8249997496604919, 0.0, 12.948558807373047, 11.429039796006528
1508, 282.1072082519531, -363.3977966308594, 0.007639436982572079, 0.8749997019767761, 0.0, 12.954663276672363, 11.44959090274101
1509, 282.333984375, -363.3453063964844, 0.01145915500819683, 0.9249996542930603, 0.0, 12.966789245605469, 11.478979850861124
1510, 282.56103515625, -363.29254150390625, 0.015278873965144157, 0.9749996066093445, 0.0, 12.986547470092773, 11.515045016449388
1511, 282.7951965332031, -363.23773193359375, 0.019098592922091484, 1.0249996185302734, 0.0, 13.016435623168945, 11.558846770389353
1512, 283.01300048828125, -363.1864013671875, 0.02291831001639366, 0.9750000238418579, 0.0, 13.054685592651367, 11.604262076534647
1513, 283.2270202636719, -363.1356201171875, 0.024828169494867325, 0.9500000476837158, 0.0, 13.101668357849121, 11.652224125913921
1514, 283.46142578125, -363.07965087890625, 0.026101410388946533, 0.9000000953674316, 0.0, 13.162684440612793, 11.707003209687858
1515, 283.6835021972656, -363.0262451171875, 0.024828171357512474, 0.8500001430511475, 0.0, 13.229352951049805, 11.759430489451658
1516, 283.8977966308594, -362.9744567871094, 0.023554934188723564, 0.8000001907348633, 0.0, 13.299506187438965, 11.80929292263666
1517, 284.11102294921875, -362.9226379394531, 0.02291831374168396, 0.7750002145767212, 0.0, 13.373855590820312, 11.857273164837657
1518, 284.342041015625, -362.8663330078125, 0.021008457988500595, 0.7000002861022949, 0.0, 13.457993507385254, 11.906798412738285
1519, 284.5780944824219, -362.80853271484375, 0.019735218957066536, 0.6500003337860107, 0.0, 13.546180725097656, 11.952940172049622
1520, 284.7948303222656, -362.7552795410156, 0.018461979925632477, 0.6000003814697266, 0.0, 13.628384590148926, 11.991317674547913
1521, 285.029052734375, -362.69744873046875, 0.017188742756843567, 0.5500004291534424, 0.0, 13.717483520507812, 12.027180119868305
1522, 285.25555419921875, -362.641357421875, 0.016552122309803963, 0.5250004529953003, 0.0, 13.803382873535156, 12.05679283857929
1523, 285.50018310546875, -362.5805358886719, 0.015278883278369904, 0.5250004529953003, 0.0, 13.895197868347168, 12.08278963743762
1524, 285.72503662109375, -362.52435302734375, 0.01400564331561327, 0.5750004053115845, 0.0, 13.977943420410156, 12.103022565783725
1525, 285.9455261230469, -362.4691467285156, 0.012732403352856636, 0.6250003576278687, 0.0, 14.057047843933105, 12.121039341209885
1526, 286.1839294433594, -362.40911865234375, 0.012095782905817032, 0.6500003337860107, 0.0, 14.140259742736816, 12.140099914260329
1527, 286.41375732421875, -362.3510437011719, 0.013369021937251091, 0.7000002861022949, 0.0, 14.21863079071045, 12.15891180370487
1528, 286.660888671875, -362.2882385253906, 0.017188740894198418, 0.7500002384185791, 0.0, 14.303393363952637, 12.181109105966858
1529, 286.8689270019531, -362.2349548339844, 0.022918319329619408, 0.8250001668930054, 0.0, 14.377752304077148, 12.201851811689119
1530, 287.11676025390625, -362.17095947265625, 0.026738036423921585, 0.8750001192092896, 0.0, 14.472111701965332, 12.230971131998215
1531, 287.3547668457031, -362.10888671875, 0.025464799255132675, 0.9250000715255737, 0.0, 14.568188667297363, 12.264127289717496
1532, 287.58258056640625, -362.04901123046875, 0.02482817880809307, 0.9500000476837158, 0.0, 14.664410591125488, 12.300322832902557
1533, 287.8104248046875, -361.98876953125, 0.02355494163930416, 1.0, 0.0, 14.763410568237305, 12.341174869344366
1534, 288.0475769042969, -361.9256286621094, 0.022281702607870102, 1.0, 0.0, 14.868335723876953, 12.388535078902638
1535, 288.2837219238281, -361.8623352050781, 0.021008465439081192, 1.0, 0.0, 14.973705291748047, 12.439664059689806
1536, 288.5340270996094, -361.794921875, 0.019735226407647133, 1.0, 0.0, 15.085489273071289, 12.497565334851512
1537, 288.7979736328125, -361.723388671875, 0.018461987376213074, 1.0, 0.0, 15.202579498291016, 12.561576888683362
1538, 289.02679443359375, -361.6609191894531, 0.01782536879181862, 1.0, 0.0, 15.303048133850098, 12.618938539755861
1539, 289.25433349609375, -361.59857177734375, 0.01655212976038456, 1.0, 0.0, 15.401516914367676, 12.677495980687729
1540, 289.5055847167969, -361.5293273925781, 0.015278891660273075, 1.0, 0.0, 15.508196830749512, 12.743660701130665
1541, 289.7637939453125, -361.4578857421875, 0.014005650766193867, 1.0, 0.0, 15.614916801452637, 12.81283843101275
1542, 290.0106506347656, -361.38916015625, 0.012095790356397629, 1.0, 0.0, 15.713240623474121, 12.87977293187867
1543, 290.245849609375, -361.3234558105469, 0.010822550393640995, 0.9500000476837158, 0.0, 15.803345680236816, 12.943924485432419
1544, 290.4944152832031, -361.253662109375, 0.01018592994660139, 0.9250000715255737, 0.0, 15.894668579101562, 13.011014271633588
1545, 290.7513122558594, -361.1812438964844, 0.008912689983844757, 0.8750001192092896, 0.0, 15.985071182250977, 13.07881753341077
1546, 291.02642822265625, -361.103271484375, 0.007639450486749411, 0.8250001668930054, 0.0, 16.07668113708496, 13.148670265376843
1547, 291.2756042480469, -361.0323791503906, 0.006366210989654064, 0.7750002145767212, 0.0, 16.15447998046875, 13.208861540513562
1548, 291.5175476074219, -360.9632873535156, 0.005092971958220005, 0.725000262260437, 0.0, 16.225414276123047, 13.26365124265948
1549, 291.75836181640625, -360.8943176269531, 0.004456351976841688, 0.7000002861022949, 0.0, 16.291475296020508, 13.314135188693099
1550, 292.0329895019531, -360.81536865234375, 0.0031831124797463417, 0.6500003337860107, 0.0, 16.361492156982422, 13.366289224894523
1551, 292.29669189453125, -360.7392578125, 0.0019098727498203516, 0.6000003814697266, 0.0, 16.422916412353516, 13.41059617789359
1552, 292.5654602050781, -360.66143798828125, 0.0031831124797463417, 0.6000003814697266, 0.0, 16.480588912963867, 13.449893630292324
1553, 292.8072204589844, -360.5910339355469, 0.008912689983844757, 0.6750003099441528, 0.0, 16.53106689453125, 13.481293618070495
1554, 293.06365966796875, -360.5159606933594, 0.012732408940792084, 0.725000262260437, 0.0, 16.586252212524414, 13.51260426679679
1555, 293.3336181640625, -360.4364013671875, 0.01655212603509426, 0.7750002145767212, 0.0, 16.648012161254883, 13.545135009232313
1556, 293.5899963378906, -360.3602600097656, 0.018461985513567924, 0.8000001907348633, 0.0, 16.7117977142334, 13.576750573777113
1557, 293.85565185546875, -360.28076171875, 0.02228170447051525, 0.8500001430511475, 0.0, 16.783859252929688, 13.611048555838078
1558, 294.1219787597656, -360.20050048828125, 0.02355494536459446, 0.9000000953674316, 0.0, 16.863143920898438, 13.648031237315333
1559, 294.35748291015625, -360.1290283203125, 0.0222817063331604, 0.9500000476837158, 0.0, 16.93857192993164, 13.683532629053992
1560, 294.6398010253906, -360.0428161621094, 0.02100846916437149, 1.0, 0.0, 17.03339195251465, 13.730704945233736
1561, 294.8994140625, -359.9630432128906, 0.01973523013293743, 1.0, 0.0, 17.12405014038086, 13.778068635481084
1562, 295.1752014160156, -359.87786865234375, 0.019098611548542976, 1.0, 0.0, 17.22263526916504, 13.83232050864605
1563, 295.4166259765625, -359.8030090332031, 0.017825372517108917, 1.0, 0.0, 17.310338973999023, 13.882213890899303
1564, 295.6676025390625, -359.7247619628906, 0.016552133485674858, 1.0, 0.0, 17.401927947998047, 13.936171062570722
1565, 295.94268798828125, -359.6387023925781, 0.015278895385563374, 1.0, 0.0, 17.502002716064453, 13.997496329777325
1566, 296.22808837890625, -359.5488586425781, 0.019098613411188126, 1.0, 0.0, 17.607128143310547, 14.062682491946752
1567, 296.47625732421875, -359.47021484375, 0.022918332368135452, 1.0, 0.0, 17.701812744140625, 14.120317949093732
1568, 296.7367858886719, -359.3870544433594, 0.02673805132508278, 1.0, 0.0, 17.806400299072266, 14.181624068837085
1569, 297.0153503417969, -359.2975158691406, 0.030557768419384956, 1.0, 0.0, 17.925207138061523, 14.248020315578426
1570, 297.2931213378906, -359.20745849609375, 0.029284531250596046, 1.0, 0.0, 18.050607681274414, 14.315216163023367
1571, 297.57757568359375, -359.1145935058594, 0.028011292219161987, 1.0, 0.0, 18.184616088867188, 14.384823449284914
1572, 297.8692626953125, -359.01861572265625, 0.026738055050373077, 1.0, 0.0, 18.32636260986328, 14.4568157521544
1573, 298.118408203125, -358.93603515625, 0.025464816018939018, 1.0, 0.0, 18.449993133544922, 14.518670915591965
1574, 298.3916015625, -358.8450012207031, 0.02419157698750496, 1.0, 0.0, 18.587093353271484, 14.586790446520606
1575, 298.67608642578125, -358.7496032714844, 0.02291833981871605, 1.0, 0.0, 18.730518341064453, 14.658009412750895
1576, 298.9714660644531, -358.64984130859375, 0.026738058775663376, 1.0, 0.0, 18.881715774536133, 14.731765455201742
1577, 299.25225830078125, -358.55426025390625, 0.02864791825413704, 1.0, 0.0, 19.028915405273438, 14.80182906755294
1578, 299.5157775878906, -358.4637451171875, 0.03246763348579407, 1.0, 0.0, 19.171947479248047, 14.867292186033607
1579, 299.7936706542969, -358.3674621582031, 0.036287348717451096, 1.0, 0.0, 19.329526901245117, 14.936037828022753
1580, 300.0956726074219, -358.2618408203125, 0.037560585886240005, 1.0, 0.0, 19.50838279724121, 15.01071224689733
1581, 300.37646484375, -358.16265869140625, 0.036287348717451096, 1.0, 0.0, 19.681612014770508, 15.080256723157797
1582, 300.66845703125, -358.0586242675781, 0.035014111548662186, 1.0, 0.0, 19.86646270751953, 15.152635261375504
1583, 300.9515686035156, -357.9568176269531, 0.033740874379873276, 1.0, 0.0, 20.04973602294922, 15.222778745539527
1584, 301.2201232910156, -357.8595275878906, 0.03246763348579407, 1.0, 0.0, 20.22587776184082, 15.289244049463742
1585, 301.5187683105469, -357.7503967285156, 0.033740874379873276, 1.0, 0.0, 20.424463272094727, 15.362849318734922
1586, 301.8224182128906, -357.6383361816406, 0.037560585886240005, 1.0, 0.0, 20.631038665771484, 15.437071981200157
1587, 302.13006591796875, -357.52362060546875, 0.041380301117897034, 1.0, 0.0, 20.84723472595215, 15.511691883851368
1588, 302.4010009765625, -357.42144775390625, 0.04520001634955406, 1.0, 0.0, 21.045249938964844, 15.57688372469754
1589, 302.67657470703125, -357.31634521484375, 0.047109875828027725, 1.0, 0.0, 21.25436782836914, 15.642912141695472
1590, 302.9851989746094, -357.19744873046875, 0.045836638659238815, 1.0, 0.0, 21.496076583862305, 15.716927966665232
1591, 303.29827880859375, -357.0754699707031, 0.04456339776515961, 0.9750000238418579, 0.0, 21.748363494873047, 15.791791759941823
1592, 303.5897521972656, -356.9605407714844, 0.0432901605963707, 0.9250000715255737, 0.0, 21.988590240478516, 15.860693627158133
1593, 303.90301513671875, -356.8358154296875, 0.04201692342758179, 0.8750001192092896, 0.0, 22.250490188598633, 15.932597499546254
1594, 304.1924743652344, -356.71923828125, 0.040107063949108124, 0.8000001907348633, 0.0, 22.495040893554688, 15.996521967951297
1595, 304.48541259765625, -356.60015869140625, 0.038833826780319214, 0.7500002384185791, 0.0, 22.743722915649414, 16.057394464008322
1596, 304.78265380859375, -356.4779968261719, 0.037560585886240005, 0.7000002861022949, 0.0, 22.99647331237793, 16.11460190450668
1597, 305.0917663574219, -356.34979248046875, 0.03692396730184555, 0.6750003099441528, 0.0, 23.259140014648438, 16.168223445736384
1598, 305.3970031738281, -356.2218322753906, 0.03565073013305664, 0.6250003576278687, 0.0, 23.51769256591797, 16.215614294230413
1599, 305.6843566894531, -356.10009765625, 0.03437749296426773, 0.5750004053115845, 0.0, 23.759540557861328, 16.255097162307433
1600, 305.9768371582031, -355.97491455078125, 0.03310425207018852, 0.5250004529953003, 0.0, 24.003583908081055, 16.289239804424128
1601, 306.2877197265625, -355.8406066894531, 0.03183101490139961, 0.4750004708766937, 0.0, 24.260202407836914, 16.3177178192873
1602, 306.5791015625, -355.71337890625, 0.030557777732610703, 0.42500045895576477, 0.0, 24.497236251831055, 16.337755746948837
1603, 306.86297607421875, -355.5882873535156, 0.0299211572855711, 0.4000004529953003, 0.0, 24.724828720092773, 16.35020532108043
1604, 307.1638488769531, -355.4544372558594, 0.02864792011678219, 0.35000044107437134, 0.0, 24.962417602539062, 16.35537918919872
1605, 307.4592590332031, -355.3216857910156, 0.02737468108534813, 0.3000004291534424, 0.0, 25.191015243530273, 16.3532854004713
1606, 307.7716369628906, -355.17999267578125, 0.02610144205391407, 0.2500004172325134, 0.0, 25.428001403808594, 16.341609995375084
1607, 308.0851745605469, -355.0363464355469, 0.02482820488512516, 0.20000040531158447, 0.0, 25.66036033630371, 16.32080502920187
1608, 308.37762451171875, -354.9010009765625, 0.022918347269296646, 0.12500038743019104, 0.0, 25.871248245239258, 16.29363231434085
1609, 308.6785888671875, -354.7605285644531, 0.022281726822257042, 0.10000038892030716, 0.0, 26.08306121826172, 16.25617599408532
1610, 308.9656982421875, -354.62530517578125, 0.021008489653468132, 0.10000038892030716, 0.0, 26.279376983642578, 16.2135340476666
1611, 309.2561950683594, -354.4873046875, 0.019735250622034073, 0.15000039339065552, 0.0, 26.4724178314209, 16.16429325307575
1612, 309.553466796875, -354.3449401855469, 0.018462013453245163, 0.20000040531158447, 0.0, 26.664316177368164, 16.10945129525854
1613, 309.853515625, -354.2001037597656, 0.017188774421811104, 0.2500004172325134, 0.0, 26.851600646972656, 16.051747333198488
1614, 310.13372802734375, -354.0636291503906, 0.015915535390377045, 0.3000004291534424, 0.0, 27.020021438598633, 15.997140472461856
1615, 310.4154357910156, -353.9253845214844, 0.014642295427620411, 0.35000044107437134, 0.0, 27.183074951171875, 15.942787487468737
1616, 310.6994934082031, -353.7850036621094, 0.013369055464863777, 0.4000004529953003, 0.0, 27.340835571289062, 15.889682622504814
1617, 310.99822998046875, -353.63623046875, 0.012732435017824173, 0.42500045895576477, 0.0, 27.500112533569336, 15.83682841824923
1618, 311.2784423828125, -353.4955749511719, 0.01145919505506754, 0.4750004708766937, 0.0, 27.642324447631836, 15.790054327382215
1619, 311.5476379394531, -353.35968017578125, 0.010185955092310905, 0.5250004529953003, 0.0, 27.772531509399414, 15.748783011913577
1620, 311.8192138671875, -353.2217102050781, 0.008912715129554272, 0.5750004053115845, 0.0, 27.897253036499023, 15.711490396397387
1621, 312.1167297363281, -353.06964111328125, 0.007639475166797638, 0.6250003576278687, 0.0, 28.026500701904297, 15.67682295926391
1622, 312.3996276855469, -352.9241027832031, 0.0063662356697022915, 0.6750003099441528, 0.0, 28.141746520996094, 15.650092887313411
1623, 312.6814880371094, -352.77825927734375, 0.005092996638268232, 0.725000262260437, 0.0, 28.248886108398438, 15.630023121225134
1624, 312.9695129394531, -352.62841796875, 0.0038197569083422422, 0.7750002145767212, 0.0, 28.35031509399414, 15.616772988503518
1625, 313.2372741699219, -352.48834228515625, 0.003183137159794569, 0.8000001907348633, 0.0, 28.436988830566406, 15.610811371981406
1626, 313.51287841796875, -352.34344482421875, 0.007002855651080608, 0.8500001430511475, 0.0, 28.521320343017578, 15.611265709622158
1627, 313.8241882324219, -352.1787414550781, 0.012732433155179024, 0.9250000715255737, 0.0, 28.615201950073242, 15.620540191156888
1628, 314.1114196777344, -352.02581787109375, 0.01655215211212635, 0.9750000238418579, 0.0, 28.703285217285156, 15.637516575200374
1629, 314.3948059082031, -351.8739318847656, 0.01782539114356041, 1.0, 0.0, 28.79296875, 15.662047255928034
1630, 314.685302734375, -351.71728515625, 0.0165521539747715, 1.0, 0.0, 28.8873233795166, 15.694418989510028
1631, 314.9754333496094, -351.5599670410156, 0.015278914012014866, 1.0, 0.0, 28.983003616333008, 15.732829386584449
1632, 315.24169921875, -351.4148254394531, 0.014005674049258232, 1.0, 0.0, 29.071338653564453, 15.772291859514239
1633, 315.5069885253906, -351.26959228515625, 0.012732433155179024, 1.0, 0.0, 29.159055709838867, 15.815252673517376
1634, 315.7844543457031, -351.1170959472656, 0.014005673117935658, 1.0, 0.0, 29.25095558166504, 15.863294665989594
1635, 316.0725402832031, -350.9580078125, 0.01782539114356041, 1.0, 0.0, 29.348478317260742, 15.916121186302869
1636, 316.3717041015625, -350.7918395996094, 0.021645110100507736, 1.0, 0.0, 29.454435348510742, 15.973387140120623
1637, 316.6540222167969, -350.6341857910156, 0.025464829057455063, 1.0, 0.0, 29.560665130615234, 16.02933006850472
1638, 316.92205810546875, -350.48358154296875, 0.027374688535928726, 1.0, 0.0, 29.668594360351562, 16.083873307450055
1639, 317.2130432128906, -350.3191223144531, 0.031194407492876053, 1.0, 0.0, 29.793962478637695, 16.144492332172142
1640, 317.4847412109375, -350.1646423339844, 0.029921168461441994, 1.0, 0.0, 29.919036865234375, 16.202458053771192
1641, 317.7759094238281, -349.99822998046875, 0.028647931292653084, 1.0, 0.0, 30.059127807617188, 16.265958468887142
1642, 318.0529479980469, -349.83892822265625, 0.027374692261219025, 1.0, 0.0, 30.19769859313965, 16.327322809312925
1643, 318.3256530761719, -349.6813659667969, 0.026101453229784966, 1.0, 0.0, 30.337621688842773, 16.388545487953117
1644, 318.6177978515625, -349.5117492675781, 0.024828216060996056, 1.0, 0.0, 30.490110397338867, 16.45492718183821
1645, 318.9002685546875, -349.3468322753906, 0.028647935017943382, 1.0, 0.0, 30.641712188720703, 16.519270424997014
1646, 319.20263671875, -349.1692810058594, 0.03246765211224556, 1.0, 0.0, 30.81006622314453, 16.58836365203936
1647, 319.52166748046875, -348.9806213378906, 0.03628736734390259, 1.0, 0.0, 30.996932983398438, 16.661381218904868
1648, 319.7840576171875, -348.82427978515625, 0.040107082575559616, 1.0, 0.0, 31.159379959106445, 16.721429838585433
1649, 320.05999755859375, -348.6587829589844, 0.03947046399116516, 1.0, 0.0, 31.338233947753906, 16.784987547927237
1650, 320.3735656738281, -348.4694519042969, 0.037560608237981796, 1.0, 0.0, 31.548986434936523, 16.857771316226195
1651, 320.65850830078125, -348.2961120605469, 0.03692398592829704, 1.0, 0.0, 31.747041702270508, 16.924126021945337
1652, 320.95166015625, -348.11669921875, 0.03565074875950813, 1.0, 0.0, 31.955345153808594, 16.99265381131515
1653, 321.228515625, -347.9461364746094, 0.03437751159071922, 1.0, 0.0, 32.15586471557617, 17.057511778348207
1654, 321.5045166015625, -347.7749938964844, 0.033104270696640015, 1.0, 0.0, 32.35823059082031, 17.122286583166744
1655, 321.80511474609375, -347.58746337890625, 0.03119441494345665, 1.0, 0.0, 32.5800895690918, 17.192984184468237
1656, 322.0928649902344, -347.40667724609375, 0.033104270696640015, 1.0, 0.0, 32.794490814208984, 17.260377425016845
1657, 322.3766174316406, -347.2271423339844, 0.03692398592829704, 1.0, 0.0, 33.00962448120117, 17.326393783104727
1658, 322.6616516113281, -347.04547119140625, 0.03565074875950813, 0.9500000476837158, 0.0, 33.22917556762695, 17.392592054450407
1659, 322.95428466796875, -346.85760498046875, 0.03437751159071922, 0.9000000953674316, 0.0, 33.45708465576172, 17.459421388615063
1660, 323.2725830078125, -346.6518249511719, 0.033104270696640015, 0.8500001430511475, 0.0, 33.706809997558594, 17.529585857674242
1661, 323.5715026855469, -346.4570617675781, 0.031831033527851105, 0.8000001907348633, 0.0, 33.94227600097656, 17.59238647365662
1662, 323.88177490234375, -346.2533874511719, 0.030557796359062195, 0.7500002384185791, 0.0, 34.18668746948242, 17.65363302252935
1663, 324.16558837890625, -346.0656433105469, 0.029284557327628136, 0.7000002861022949, 0.0, 34.4095344543457, 17.70582176676316
1664, 324.4509582519531, -345.8755798339844, 0.02864793874323368, 0.6750003099441528, 0.0, 34.63246536254883, 17.753762508848915
1665, 324.7593078613281, -345.6687316894531, 0.02737469971179962, 0.6250003576278687, 0.0, 34.87159729003906, 17.799863878333735
1666, 325.0533447265625, -345.4699401855469, 0.02610146254301071, 0.5750004053115845, 0.0, 35.097023010253906, 17.838549685058
1667, 325.36102294921875, -345.2605285644531, 0.024828223511576653, 0.5250004529953003, 0.0, 35.32992172241211, 17.87187404988188
1668, 325.637939453125, -345.07061767578125, 0.023554984480142593, 0.4750004708766937, 0.0, 35.536041259765625, 17.896029112671545
1669, 325.91717529296875, -344.8778381347656, 0.02291836589574814, 0.45000046491622925, 0.0, 35.74039077758789, 17.913973088297183
1670, 326.2301330566406, -344.66021728515625, 0.02164512686431408, 0.4000004529953003, 0.0, 35.965152740478516, 17.925877164320017
1671, 326.5279541015625, -344.45166015625, 0.02037188969552517, 0.35000044107437134, 0.0, 36.17418670654297, 17.9291169669602
1672, 326.8375244140625, -344.2333068847656, 0.018462032079696655, 0.2750004231929779, 0.0, 36.38566589355469, 17.923617778084957
1673, 327.1116638183594, -344.03863525390625, 0.017188793048262596, 0.22500041127204895, 0.0, 36.567291259765625, 17.911001712142255
1674, 327.3941650390625, -343.836669921875, 0.015915555879473686, 0.17500039935112, 0.0, 36.74887466430664, 17.889809508604415
1675, 327.7068176269531, -343.61175537109375, 0.014642314985394478, 0.12500038743019104, 0.0, 36.94340515136719, 17.85593978412521
1676, 328.0139465332031, -343.38934326171875, 0.013369075022637844, 0.07500039041042328, 0.0, 37.12734603881836, 17.812768327146763
1677, 328.2967224121094, -343.18316650390625, 0.012095834128558636, 0.02500039152801037, 0.0, 37.28990936279297, 17.764969792919384
1678, 328.5766296386719, -342.9778747558594, 0.010822594165802002, -0.02499960921704769, 0.0, 37.444557189941406, 17.709721610914038
1679, 328.8613586425781, -342.76800537109375, 0.010185973718762398, 0.0, 0.0, 37.59598159790039, 17.645550950803326
1680, 329.1370544433594, -342.5635070800781, 0.008912733756005764, 0.0, 0.0, 37.736026763916016, 17.577483069900182
1681, 329.4309387207031, -342.3445129394531, 0.00763949379324913, 0.0, 0.0, 37.87873458862305, 17.498518537203317
1682, 329.74859619140625, -342.10638427734375, 0.006366254761815071, 0.0, 0.0, 38.024593353271484, 17.407136083325145
1683, 330.02734375, -341.8963317871094, 0.005093015264719725, 0.0, 0.0, 38.14542007446289, 17.322286547841284
1684, 330.32269287109375, -341.6725769042969, 0.003819776000455022, 0.0, 0.0, 38.265647888183594, 17.22828612224735
1685, 330.5987548828125, -341.4624938964844, 0.0025465362705290318, 0.0, 0.0, 38.370662689208984, 17.13702908738381
1686, 330.8518981933594, -341.26898193359375, 0.0012732966570183635, 0.0, 0.0, 38.45998764038086, 17.050881250245524
1687, 331.1296081542969, -341.05584716796875, 0.0, 0.0, 0.0, 38.5509033203125, 16.9537261181899
1688, 331.4100646972656, -340.8397521972656, 0.0, 0.0, 0.0, 38.63506317138672, 16.85319916586072
1689, 331.6726989746094, -340.6365661621094, 0.0, 0.0, 0.0, 38.706932067871094, 16.757133433955552
1690, 331.9559326171875, -340.41656494140625, 0.0, 0.0, 0.0, 38.77827072143555, 16.651535507749806
1691, 332.20513916015625, -340.22222900390625, 0.0, 0.0, 0.0, 38.83551025390625, 16.557152348495375
1692, 332.4601745605469, -340.02264404296875, 0.0019098592456430197, 0.02500000037252903, 0.0, 38.89006805419922, 16.459852016596688
1693, 332.72552490234375, -339.8142395019531, 0.005729577504098415, 0.07500000298023224, 0.0, 38.944942474365234, 16.358131267752405
1694, 332.9990539550781, -339.5984802246094, 0.009549296461045742, 0.125, 0.0, 39.00176239013672, 16.25386090705273
1695, 333.2522888183594, -339.3977355957031, 0.013369014486670494, 0.17500001192092896, 0.0, 39.056968688964844, 16.15863247330432
1696, 333.5294494628906, -339.1769714355469, 0.01718873344361782, 0.2250000238418579, 0.0, 39.1221809387207, 16.05743984077097
1697, 333.75555419921875, -338.9960021972656, 0.019098592922091484, 0.2500000298023224, 0.0, 39.18044662475586, 15.977453361545946
1698, 333.99957275390625, -338.7998046875, 0.020371831953525543, 0.30000004172325134, 0.0, 39.24885177612305, 15.894232831651621
1699, 334.2474060058594, -338.5997619628906, 0.019098594784736633, 0.3500000536441803, 0.0, 39.32292938232422, 15.814368328302711
1700, 334.50152587890625, -338.3937683105469, 0.019098594784736633, 0.3500000536441803, 0.0, 39.403038024902344, 15.737647806780624
1701, 334.755859375, -338.18682861328125, 0.016552116721868515, 0.4500000774860382, 0.0, 39.48634719848633, 15.66679194984346
1702, 334.99835205078125, -337.9888610839844, 0.015278877690434456, 0.5000000596046448, 0.0, 39.567691802978516, 15.605413823681447
1703, 335.2265625, -337.8018798828125, 0.014005637727677822, 0.550000011920929, 0.0, 39.645172119140625, 15.553199149802305
1704, 335.4733581542969, -337.5990905761719, 0.012732397764921188, 0.5999999642372131, 0.0, 39.72903060913086, 15.504397543290052
1705, 335.73175048828125, -337.3860778808594, 0.013369016349315643, 0.6749998927116394, 0.0, 39.8170051574707, 15.461673004259351
1706, 335.9680480957031, -337.1905517578125, 0.01718873530626297, 0.7249998450279236, 0.0, 39.89944076538086, 15.430404227088495
1707, 336.21820068359375, -336.98272705078125, 0.019098594784736633, 0.7499998211860657, 0.0, 39.989986419677734, 15.406955037067794
1708, 336.45513916015625, -336.78515625, 0.02291831187903881, 0.7999997735023499, 0.0, 40.080543518066406, 15.392884900271051
1709, 336.67919921875, -336.597412109375, 0.02419155277311802, 0.849999725818634, 0.0, 40.17180633544922, 15.386622866194939
1710, 336.9346923828125, -336.3825378417969, 0.02291831374168396, 0.8999996781349182, 0.0, 40.280845642089844, 15.389389923200193
1711, 337.16571044921875, -336.1874084472656, 0.02164507657289505, 0.9499996304512024, 0.0, 40.38347625732422, 15.39975914349321
1712, 337.41729736328125, -335.97412109375, 0.02037183754146099, 0.9999995827674866, 0.0, 40.497982025146484, 15.42053476450309
1713, 337.6492004394531, -335.7767639160156, 0.019735218957066536, 1.0249996185302734, 0.0, 40.605735778808594, 15.446788096493716
1714, 337.869873046875, -335.58831787109375, 0.018461979925632477, 1.0, 0.0, 40.70934295654297, 15.477566463951872
1715, 338.1111755371094, -335.3817138671875, 0.017188742756843567, 1.0, 0.0, 40.82299041748047, 15.516831483009502
1716, 338.3514099121094, -335.17529296875, 0.021008461713790894, 1.0, 0.0, 40.93798065185547, 15.560197984006434
1717, 338.6054992675781, -334.9559631347656, 0.024191560223698616, 1.0, 0.0, 41.063926696777344, 15.609961010357807
1718, 338.8423767089844, -334.7507019042969, 0.022918323054909706, 0.9750000238418579, 0.0, 41.18498229980469, 15.659534986789879
1719, 339.0943603515625, -334.53131103515625, 0.021645084023475647, 0.9250000715255737, 0.0, 41.3165283203125, 15.714222545053788
1720, 339.3304138183594, -334.3249816894531, 0.021008465439081192, 0.9000000953674316, 0.0, 41.44168472290039, 15.76603843560189
1721, 339.5641784667969, -334.1199035644531, 0.019735226407647133, 0.8500001430511475, 0.0, 41.566505432128906, 15.817221394167744
1722, 339.80377197265625, -333.9090270996094, 0.018461987376213074, 0.8000001907348633, 0.0, 41.694541931152344, 15.86826218269314
1723, 340.05218505859375, -333.6895751953125, 0.017188750207424164, 0.7500002384185791, 0.0, 41.826568603515625, 15.918722501457653
1724, 340.2892150878906, -333.4792785644531, 0.015915511175990105, 0.7000002861022949, 0.0, 41.95106887817383, 15.963975881698762
1725, 340.55322265625, -333.24432373046875, 0.014642271213233471, 0.6500003337860107, 0.0, 42.087459564208984, 16.009474947690403
1726, 340.7691345214844, -333.0515441894531, 0.013369031250476837, 0.6000003814697266, 0.0, 42.196502685546875, 16.042724577395987
1727, 341.0191650390625, -332.8275451660156, 0.012095790356397629, 0.5500004291534424, 0.0, 42.31967544555664, 16.075502239821034
1728, 341.25299072265625, -332.6173095703125, 0.0114591708406806, 0.5250004529953003, 0.0, 42.43117141723633, 16.100882046357434
1729, 341.50341796875, -332.3914489746094, 0.01018592994660139, 0.4750004708766937, 0.0, 42.54673385620117, 16.12137239227713
1730, 341.75555419921875, -332.16326904296875, 0.008912689983844757, 0.42500045895576477, 0.0, 42.6583137512207, 16.134901714594754
1731, 341.9773864746094, -331.96185302734375, 0.007639450486749411, 0.3750004470348358, 0.0, 42.75187301635742, 16.140857789692372
1732, 342.2203063964844, -331.74072265625, 0.006366210989654064, 0.4000004529953003, 0.0, 42.84950637817383, 16.140254304667987
1733, 342.45709228515625, -331.5244445800781, 0.004456351976841688, 0.45000046491622925, 0.0, 42.93849182128906, 16.135031605144697
1734, 342.70465087890625, -331.29779052734375, 0.0031831124797463417, 0.5000004768371582, 0.0, 43.02547073364258, 16.12621744786575
1735, 342.96337890625, -331.0601501464844, 0.007002831436693668, 0.5500004291534424, 0.0, 43.11146545410156, 16.115629133126934
1736, 343.20794677734375, -330.834716796875, 0.01082254946231842, 0.6000003814697266, 0.0, 43.19108581542969, 16.105905386972044
1737, 343.42437744140625, -330.6344909667969, 0.013369028456509113, 0.7000002861022949, 0.0, 43.26197814941406, 16.098604208353297
1738, 343.9197082519531, -330.1734619140625, 0.012732408009469509, 0.725000262260437, 0.0, 43.42598342895508, 16.094056659432695
1739, 344.06500244140625, -330.0376892089844, 0.011459168046712875, 0.7750002145767212, 0.0, 43.474266052246094, 16.09591422828666
1740, 344.2908935546875, -329.8259582519531, 0.010822547599673271, 0.8000001907348633, 0.0, 43.548797607421875, 16.101740893918507
1741, 344.54119873046875, -329.5906677246094, 0.009549307636916637, 0.8500001430511475, 0.0, 43.63023376464844, 16.11352712534162
1742, 344.79351806640625, -329.3527526855469, 0.008276066742837429, 0.9000000953674316, 0.0, 43.710357666015625, 16.13126301080841
1743, 345.03570556640625, -329.1239013671875, 0.00700282771140337, 0.9500000476837158, 0.0, 43.78482437133789, 16.15425423691164
1744, 345.251708984375, -328.9191589355469, 0.005729588679969311, 1.0, 0.0, 43.848594665527344, 16.179653737752837
1745, 345.5027770996094, -328.68060302734375, 0.009549307636916637, 1.0, 0.0, 43.921810150146484, 16.215446625751465
1746, 345.7369079589844, -328.4574279785156, 0.013369026593863964, 1.0, 0.0, 43.99167251586914, 16.253324209395124
1747, 345.9765930175781, -328.2281494140625, 0.014642265625298023, 1.0, 0.0, 44.06565475463867, 16.2966298164096
1748, 346.22625732421875, -327.98858642578125, 0.012732405215501785, 1.0, 0.0, 44.144779205322266, 16.345655015845544
1749, 346.45184326171875, -327.771484375, 0.012095784768462181, 1.0, 0.0, 44.21738815307617, 16.392669222014607
1750, 346.6793212890625, -327.552001953125, 0.010822544805705547, 1.0, 0.0, 44.2909049987793, 16.44249456433955
1751, 346.9287414550781, -327.310791015625, 0.009549304842948914, 1.0, 0.0, 44.371028900146484, 16.49963709374993
1752, 347.16796875, -327.078857421875, 0.008276063948869705, 1.0, 0.0, 44.44676208496094, 16.556410843569456
1753, 347.4221496582031, -326.8318176269531, 0.009549303911626339, 1.0, 0.0, 44.52643585205078, 16.6183850216557
1754, 347.66748046875, -326.5926513671875, 0.013369021937251091, 1.0, 0.0, 44.60464859008789, 16.679491710760708
1755, 347.90753173828125, -326.35784912109375, 0.017188740894198418, 1.0, 0.0, 44.684715270996094, 16.740288297001424
1756, 348.1410217285156, -326.1286315917969, 0.021008459851145744, 1.0, 0.0, 44.76832580566406, 16.800115284322406
1757, 348.3935546875, -325.8797912597656, 0.022281698882579803, 1.0, 0.0, 44.86510467529297, 16.865845346481507
1758, 348.6333923339844, -325.6424865722656, 0.02164508029818535, 1.0, 0.0, 44.963287353515625, 16.92908983535972
1759, 348.8924560546875, -325.38525390625, 0.02037184126675129, 1.0, 0.0, 45.07406234741211, 16.998315459817796
1760, 349.15008544921875, -325.1285400390625, 0.01909860409796238, 1.0, 0.0, 45.188114166259766, 17.067858748433004
1761, 349.40191650390625, -324.8767395019531, 0.01782536506652832, 1.0, 0.0, 45.30220031738281, 17.1364020590399
1762, 349.6308898925781, -324.64697265625, 0.01909860596060753, 1.0, 0.0, 45.40837478637695, 17.19893438313179
1763, 349.89312744140625, -324.3829345703125, 0.022918324917554855, 1.0, 0.0, 45.53437042236328, 17.270636709344895
1764, 350.1375427246094, -324.13568115234375, 0.026738042011857033, 1.0, 0.0, 45.65803909301758, 17.337516117928104
1765, 350.3914489746094, -323.8777160644531, 0.03055776096880436, 1.0, 0.0, 45.794857025146484, 17.40693961386294
1766, 350.6400451660156, -323.6237487792969, 0.03437747806310654, 1.0, 0.0, 45.93870544433594, 17.4748691246841
1767, 350.9082336425781, -323.3482666015625, 0.03310423716902733, 1.0, 0.0, 46.10430908203125, 17.548620928829408
1768, 351.1398620605469, -323.1091003417969, 0.031194381415843964, 0.9250000715255737, 0.0, 46.254600524902344, 17.612309358595184
1769, 351.3743591308594, -322.8659362792969, 0.03055776096880436, 0.9000000953674316, 0.0, 46.41212844848633, 17.67548754037238
1770, 351.6235046386719, -322.6064453125, 0.02928452380001545, 0.8500001430511475, 0.0, 46.58397674560547, 17.74056565847381
1771, 351.8778076171875, -322.34027099609375, 0.02801128476858139, 0.8000001907348633, 0.0, 46.763362884521484, 17.80406891158138
1772, 352.1023864746094, -322.1040954589844, 0.02673804759979248, 0.7500002384185791, 0.0, 46.92430114746094, 17.85725293231714
1773, 352.3406677246094, -321.8522644042969, 0.030557764694094658, 0.7000002861022949, 0.0, 47.09873580932617, 17.909487301628374
1774, 352.5885925292969, -321.5888366699219, 0.034377481788396835, 0.6500003337860107, 0.0, 47.2856559753418, 17.958164899953918
1775, 352.8613586425781, -321.2971496582031, 0.038197197020053864, 0.6000003814697266, 0.0, 47.50025939941406, 18.004916112244242
1776, 353.1047058105469, -321.0350341796875, 0.04010705277323723, 0.5750004053115845, 0.0, 47.70088195800781, 18.040740501706846
1777, 353.36285400390625, -320.7551574707031, 0.04010705277323723, 0.5750004053115845, 0.0, 47.923152923583984, 18.07132631459996
1778, 353.5893249511719, -320.5077209472656, 0.047746483236551285, 0.4750004708766937, 0.0, 48.12867736816406, 18.09219641348317
1779, 353.82122802734375, -320.2525634765625, 0.046473246067762375, 0.42500045895576477, 0.0, 48.34821319580078, 18.107450486956782
1780, 354.08251953125, -319.9630126953125, 0.045200005173683167, 0.3750004470348358, 0.0, 48.60436248779297, 18.1159207759743
1781, 354.33599853515625, -319.6800231933594, 0.04392676800489426, 0.3000004291534424, 0.0, 48.86083221435547, 18.11506695419493
1782, 354.5953063964844, -319.3882141113281, 0.04201691225171089, 0.2500004172325134, 0.0, 49.12974166870117, 18.104167595607844
1783, 354.8258056640625, -319.12677001953125, 0.04074367135763168, 0.20000040531158447, 0.0, 49.37350845336914, 18.086279638302095
1784, 355.0549621582031, -318.8650817871094, 0.04010705277323723, 0.17500039935112, 0.0, 49.61927032470703, 18.060313639841294
1785, 355.2939453125, -318.59027099609375, 0.03883381560444832, 0.12500038743019104, 0.0, 49.87832260131836, 18.024332507328076
1786, 355.52789306640625, -318.3191833496094, 0.03756057471036911, 0.07500039041042328, 0.0, 50.13431167602539, 17.98147283408151
1787, 355.7628173828125, -318.0450439453125, 0.0362873375415802, 0.02500039152801037, 0.0, 50.39280319213867, 17.929315853711106
1788, 355.984130859375, -317.78472900390625, 0.03501410037279129, -0.02499960921704769, 0.0, 50.637298583984375, 17.873168925290774
1789, 356.2020568847656, -317.5266418457031, 0.034377481788396835, 0.0, 0.0, 50.87847900390625, 17.81106141498724
1790, 356.4478759765625, -317.2334899902344, 0.03310424089431763, 0.0, 0.0, 51.1505241394043, 17.733390064278485
1791, 356.6697082519531, -316.9667053222656, 0.03183100372552872, 0.0, 0.0, 51.39567947387695, 17.657730929602565
1792, 356.9133605957031, -316.6715087890625, 0.030557764694094658, 0.0, 0.0, 51.663841247558594, 17.568610391293056
1793, 357.13214111328125, -316.40423583984375, 0.029284527525305748, 0.0, 0.0, 51.90322494506836, 17.484210651884112
1794, 357.3515930175781, -316.1341857910156, 0.02801128849387169, 0.0, 0.0, 52.14137268066406, 17.395613412558845
1795, 357.5653076171875, -315.86920166015625, 0.026101430878043175, 0.0, 0.0, 52.37080383300781, 17.305878899272063
1796, 357.78021240234375, -315.60076904296875, 0.024828193709254265, 0.02500000037252903, 0.0, 52.59847640991211, 17.21310063601302
1797, 357.99639892578125, -315.3289489746094, 0.02419157326221466, 0.05000000074505806, 0.0, 52.82438278198242, 17.117481208196917
1798, 358.2144470214844, -315.0525817871094, 0.02291833609342575, 0.10000000149011612, 0.0, 53.048728942871094, 17.01964651919326
1799, 358.4078063964844, -314.8056945800781, 0.02419157512485981, 0.15000000596046448, 0.0, 53.24488830566406, 16.9325510169882
1800, 358.6243591308594, -314.5269775390625, 0.028011294081807137, 0.20000001788139343, 0.0, 53.46391677856445, 16.83572319123189
1801, 358.8376159667969, -314.25006103515625, 0.031831011176109314, 0.2500000298023224, 0.0, 53.68101119995117, 16.741969144539407
1802, 359.0653076171875, -313.9515686035156, 0.03565072640776634, 0.30000004172325134, 0.0, 53.916893005371094, 16.644654721615467
1803, 359.2684020996094, -313.6827392578125, 0.03692396357655525, 0.3500000536441803, 0.0, 54.131813049316406, 16.561386677566276
1804, 359.47467041015625, -313.40704345703125, 0.03565072640776634, 0.40000006556510925, 0.0, 54.354190826416016, 16.48113865893169
1805, 359.6860046386719, -313.1219177246094, 0.03437748923897743, 0.4500000774860382, 0.0, 54.58517837524414, 16.40432761122615
1806, 359.86749267578125, -312.8748474121094, 0.03374087065458298, 0.4750000834465027, 0.0, 54.78559494018555, 16.342909366816055
1807, 360.0606994628906, -312.6097106933594, 0.03246762976050377, 0.5250000357627869, 0.0, 55.00020217895508, 16.283185930402244
1808, 360.2464904785156, -312.3525695800781, 0.03119439259171486, 0.5250000357627869, 0.0, 55.207054138183594, 16.230714535064354
1809, 360.45306396484375, -312.064208984375, 0.029284534975886345, 0.4500000476837158, 0.0, 55.43670654296875, 16.17763015180826
1810, 360.6429748535156, -311.7970275878906, 0.028011295944452286, 0.40000003576278687, 0.0, 55.646549224853516, 16.131160563877916
1811, 360.82647705078125, -311.53656005859375, 0.026738058775663376, 0.3500000238418579, 0.0, 55.847599029541016, 16.086831613180546
1812, 361.01116943359375, -311.2725524902344, 0.025464819744229317, 0.30000001192092896, 0.0, 56.04799270629883, 16.04147453784384
1813, 361.1907653808594, -311.0137634277344, 0.024191580712795258, 0.25, 0.0, 56.240150451660156, 15.995701368107781
1814, 361.37933349609375, -310.7401428222656, 0.023554962128400803, 0.22499999403953552, 0.0, 56.43925857543945, 15.944650140047415
1815, 361.5758056640625, -310.45281982421875, 0.022281723096966743, 0.17499998211860657, 0.0, 56.64327621459961, 15.887839269942772
1816, 361.7510070800781, -310.19451904296875, 0.021008485928177834, 0.12499997764825821, 0.0, 56.8216552734375, 15.833482933550647
1817, 361.92584228515625, -309.9350891113281, 0.019735246896743774, 0.07499998062849045, 0.0, 56.996028900146484, 15.77486226641545
1818, 362.0968017578125, -309.67962646484375, 0.018462009727954865, 0.024999981746077538, 0.0, 57.16279983520508, 15.712625847992866
1819, 362.2697448730469, -309.4195556640625, 0.017188770696520805, 0.0, 0.0, 57.32733154296875, 15.643984081603799
1820, 362.45361328125, -309.1413879394531, 0.015915531665086746, 0.0, 0.0, 57.49763488769531, 15.5651628971686
1821, 362.6248779296875, -308.88067626953125, 0.014642291702330112, 0.02500000037252903, 0.0, 57.651397705078125, 15.48785751678785
1822, 362.80816650390625, -308.5999755859375, 0.012732431292533875, 0.10000000149011612, 0.0, 57.81001281738281, 15.402041341199524
1823, 362.9831848144531, -308.33013916015625, 0.012095811776816845, 0.15000000596046448, 0.0, 57.95565414428711, 15.319055773174002
1824, 363.1445617675781, -308.07989501953125, 0.010822570882737637, 0.17500001192092896, 0.0, 58.084171295166016, 15.242681337119913
1825, 363.3136291503906, -307.81646728515625, 0.009549330919981003, 0.2250000238418579, 0.0, 58.213260650634766, 15.163840950636578
1826, 363.4744567871094, -307.5643615722656, 0.008276090957224369, 0.27500003576278687, 0.0, 58.32966232299805, 15.09054486559251
1827, 363.6431884765625, -307.2985534667969, 0.007002851460129023, 0.3250000476837158, 0.0, 58.44561767578125, 15.017058972497043
1828, 363.8036193847656, -307.0445861816406, 0.0057296124286949635, 0.3750000596046448, 0.0, 58.54930877685547, 14.951002252357254
1829, 363.9750061035156, -306.77203369140625, 0.004456372931599617, 0.42500007152557373, 0.0, 58.65248489379883, 14.88539150887155
1830, 364.12353515625, -306.53466796875, 0.003183133201673627, 0.4750000834465027, 0.0, 58.73499298095703, 14.833047325455016
1831, 364.27459716796875, -306.2923278808594, 0.0025465134531259537, 0.5000000596046448, 0.0, 58.812660217285156, 14.78492937191647
1832, 364.4312744140625, -306.04010009765625, 0.0012732739560306072, 0.550000011920929, 0.0, 58.88689041137695, 14.74110323734783
1833, 364.5930480957031, -305.7787170410156, 0.0, 0.5999999642372131, 0.0, 58.955963134765625, 14.702417331437637
1834, 364.75506591796875, -305.5158996582031, 0.0, 0.6499999165534973, 0.0, 59.017906188964844, 14.670935099117958
1835, 364.9207458496094, -305.2461853027344, 0.0, 0.6999998688697815, 0.0, 59.074424743652344, 14.646765630220838
1836, 365.0743713378906, -304.9952392578125, 0.0, 0.7749997973442078, 0.0, 59.12128829956055, 14.63215919917541
1837, 365.22711181640625, -304.7449951171875, 0.0, 0.8249997496604919, 0.0, 59.16306686401367, 14.625876984513303
1838, 365.3785400390625, -304.49609375, 0.0, 0.8749997019767761, 0.0, 59.19988250732422, 14.627350070654028
1839, 365.5340270996094, -304.23992919921875, 0.0, 0.9249996542930603, 0.0, 59.23408126831055, 14.638136837706298
1840, 365.6916809082031, -303.9794616699219, 0.0, 0.9499996304512024, 0.0, 59.26526641845703, 14.657425940545613
1841, 365.8564758300781, -303.7063293457031, 0.0038197184912860394, 0.9999995827674866, 0.0, 59.29639434814453, 14.68575465231773
1842, 366.004638671875, -303.45989990234375, 0.007639436982572079, 1.0, 0.0, 59.32579803466797, 14.717555869410218
1843, 366.1545715332031, -303.20977783203125, 0.01145915500819683, 1.0, 0.0, 59.35927200317383, 14.75513900784536
1844, 366.3151550292969, -302.9408874511719, 0.015278873965144157, 1.0, 0.0, 59.401004791259766, 14.80072145831569
1845, 366.46875, -302.68255615234375, 0.019098592922091484, 1.0, 0.0, 59.44862365722656, 14.848338083374909
1846, 366.63189697265625, -302.4068298339844, 0.02291831001639366, 0.9500000476837158, 0.0, 59.50950241088867, 14.901977421996655
1847, 366.7853698730469, -302.1462097167969, 0.026738028973340988, 0.9000000953674316, 0.0, 59.57768630981445, 14.953750379786145
1848, 366.93701171875, -301.8875427246094, 0.025464791804552078, 0.8500001430511475, 0.0, 59.6547737121582, 15.00515703676044
1849, 367.08685302734375, -301.630859375, 0.024828171357512474, 0.8250001668930054, 0.0, 59.73959732055664, 15.055240922198637
1850, 367.2431945800781, -301.3621520996094, 0.023554934188723564, 0.7750002145767212, 0.0, 59.83454513549805, 15.105817689188683
1851, 367.3977355957031, -301.0956115722656, 0.02164507657289505, 0.7000002861022949, 0.0, 59.93366241455078, 15.153104769590016
1852, 367.56158447265625, -300.81182861328125, 0.02037183754146099, 0.6500003337860107, 0.0, 60.042945861816406, 15.198887907980783
1853, 367.7180480957031, -300.5401611328125, 0.01909860037267208, 0.6000003814697266, 0.0, 60.14992141723633, 15.237522862673133
1854, 367.8621520996094, -300.2890930175781, 0.017825361341238022, 0.5500004291534424, 0.0, 60.249900817871094, 15.268538226430575
1855, 368.0178527832031, -300.01678466796875, 0.02164508029818535, 0.5000004768371582, 0.0, 60.360660552978516, 15.295409552526143
1856, 368.1645202636719, -299.7591857910156, 0.025464799255132675, 0.45000046491622925, 0.0, 60.4698600769043, 15.314783247237875
1857, 368.32318115234375, -299.479248046875, 0.02737465873360634, 0.42500045895576477, 0.0, 60.593788146972656, 15.328012898369993
1858, 368.4875793457031, -299.1875915527344, 0.031194377690553665, 0.3750004470348358, 0.0, 60.730560302734375, 15.333704079432817
1859, 368.6443786621094, -298.9075622558594, 0.03501409292221069, 0.3750004470348358, 0.0, 60.87065505981445, 15.33145922747255
1860, 368.7918701171875, -298.6424255371094, 0.03883380815386772, 0.42500045895576477, 0.0, 61.01337814331055, 15.32416866118815
1861, 368.9441223144531, -298.36700439453125, 0.04010704532265663, 0.4750004708766937, 0.0, 61.1707763671875, 15.313155947680427
1862, 369.10284423828125, -298.0778503417969, 0.03883380815386772, 0.5250004529953003, 0.0, 61.345436096191406, 15.300466494741928
1863, 369.2527770996094, -297.8029479980469, 0.03692394867539406, 0.6000003814697266, 0.0, 61.518402099609375, 15.289030642717952
1864, 369.40283203125, -297.52593994140625, 0.03565071150660515, 0.6500003337860107, 0.0, 61.697845458984375, 15.27998732233522
1865, 369.5633544921875, -297.2277526855469, 0.03437747433781624, 0.6000003814697266, 0.0, 61.89533996582031, 15.273165258830987
1866, 369.711669921875, -296.9504089355469, 0.03310423344373703, 0.5500004291534424, 0.0, 62.081722259521484, 15.26769853779604
1867, 369.86273193359375, -296.6661376953125, 0.03183099627494812, 0.5000004768371582, 0.0, 62.274375915527344, 15.261302440371532
1868, 370.0166320800781, -296.37457275390625, 0.03055775724351406, 0.45000046491622925, 0.0, 62.4725341796875, 15.252493743111723
1869, 370.1522521972656, -296.1158447265625, 0.029921138659119606, 0.42500045895576477, 0.0, 62.64836883544922, 15.242164863775361
1870, 370.29205322265625, -295.8475646972656, 0.028647899627685547, 0.3750004470348358, 0.0, 62.82992172241211, 15.22844106673653
1871, 370.43597412109375, -295.5697326660156, 0.028647899627685547, 0.3750004470348358, 0.0, 63.016578674316406, 15.209725867609421
1872, 370.5858459472656, -295.2785339355469, 0.026101423427462578, 0.2750004231929779, 0.0, 63.2099609375, 15.184869606164197
1873, 370.71875, -295.0185852050781, 0.024828186258673668, 0.22500041127204895, 0.0, 63.37994384765625, 15.157980974160392
1874, 370.8599853515625, -294.7405700683594, 0.02355494722723961, 0.17500039935112, 0.0, 63.558895111083984, 15.123038327745947
1875, 370.9984436035156, -294.46649169921875, 0.021645089611411095, 0.10000038892030716, 0.0, 63.7315559387207, 15.082244181251856
1876, 371.1414794921875, -294.1814270019531, 0.020371850579977036, 0.0500003919005394, 0.0, 63.90656661987305, 15.032418632988596
1877, 371.2846374511719, -293.8943176269531, 0.019098613411188126, 3.915280046840053e-07, 0.0, 64.07786560058594, 14.974422626303026
1878, 371.42919921875, -293.60247802734375, 0.017825374379754066, 0.0, 0.0, 64.24661254882812, 14.907495621570101
1879, 371.57623291015625, -293.3038635253906, 0.016552135348320007, 0.02500000037252903, 0.0, 64.41332244873047, 14.833123389835126
1880, 371.7148742675781, -293.0205078125, 0.015278897248208523, 0.07500000298023224, 0.0, 64.56573486328125, 14.758396287237638
1881, 371.85833740234375, -292.7252502441406, 0.014005656354129314, 0.125, 0.0, 64.7181167602539, 14.67842585279843
1882, 372.0133972167969, -292.40411376953125, 0.015278896316885948, 0.17500001192092896, 0.0, 64.87750244140625, 14.591045065456857
1883, 372.1462707519531, -292.1268615722656, 0.019098615273833275, 0.2250000238418579, 0.0, 65.01235961914062, 14.516634490714218
1884, 372.2847595214844, -291.8355712890625, 0.0229183342307806, 0.27500003576278687, 0.0, 65.15422058105469, 14.440788685701776
1885, 372.42279052734375, -291.5427551269531, 0.026738053187727928, 0.27500003576278687, 0.0, 65.2996597290039, 14.367633430954275
1886, 372.5525207519531, -291.2649841308594, 0.030557770282030106, 0.2250000238418579, 0.0, 65.44233703613281, 14.300241612588993
1887, 372.6882019042969, -290.9718322753906, 0.03437748923897743, 0.17500001192092896, 0.0, 65.60033416748047, 14.2293105123233
1888, 372.81591796875, -290.69317626953125, 0.03246762976050377, 0.10000000149011612, 0.0, 65.75665283203125, 14.160703407757616
1889, 372.9483947753906, -290.4017028808594, 0.03119439259171486, 0.05000000447034836, 0.0, 65.92505645751953, 14.085832538683489
1890, 373.0707702636719, -290.1300964355469, 0.0299211535602808, 4.0978194171259474e-09, 0.0, 66.08509063720703, 14.01224829305704
1891, 373.1999206542969, -289.8412170410156, 0.02864791639149189, 0.0, 0.0, 66.25755310058594, 13.92917543771357
1892, 373.3270263671875, -289.5546875, 0.02737467736005783, 0.0, 0.0, 66.42970275878906, 13.843144931998046
1893, 373.4530334472656, -289.2682800292969, 0.02610143832862377, 0.0, 0.0, 66.60189819335938, 13.754129892401286
1894, 373.5685729980469, -289.0038757324219, 0.024828201159834862, 0.0, 0.0, 66.76012420654297, 13.6697028151027
1895, 373.6922607421875, -288.7187194824219, 0.023554962128400803, 0.0, 0.0, 66.92914581298828, 13.576640812494196
1896, 373.8038635253906, -288.45947265625, 0.022281723096966743, 0.05000000074505806, 0.0, 67.0806884765625, 13.491453265909254
1897, 373.9211730957031, -288.18511962890625, 0.021008485928177834, 0.10000000149011612, 0.0, 67.2381591796875, 13.401719650500548
1898, 374.03643798828125, -287.913818359375, 0.019735246896743774, 0.15000000596046448, 0.0, 67.39036560058594, 13.314823896646514
1899, 374.1422424316406, -287.6627502441406, 0.022918347269296646, 0.2250000238418579, 0.0, 67.52945709228516, 13.237123528401286
1900, 374.2561340332031, -287.39044189453125, 0.026738066226243973, 0.27500003576278687, 0.0, 67.68106842041016, 13.15737990300563
1901, 374.3652648925781, -287.126953125, 0.0305577851831913, 0.27500003576278687, 0.0, 67.83089447021484, 13.085213193361756
1902, 374.4734802246094, -286.86309814453125, 0.03437750041484833, 0.2250000238418579, 0.0, 67.9863052368164, 13.016548775139526
1903, 374.5707092285156, -286.6236572265625, 0.03310425952076912, 0.17500001192092896, 0.0, 68.13192749023438, 12.955774059138172
1904, 374.6801452636719, -286.3517150878906, 0.03183102235198021, 0.125, 0.0, 68.3006591796875, 12.886707382329462
1905, 374.77642822265625, -286.1103515625, 0.03183102235198021, 0.125, 0.0, 68.45254516601562, 12.823992934342074
1906, 374.8749084472656, -285.8616638183594, 0.02928454615175724, 0.02500000409781933, 0.0, 68.61013793945312, 12.756821796549412
1907, 374.97650146484375, -285.6028747558594, 0.02801130712032318, -0.02499999664723873, 0.0, 68.77436828613281, 12.683693012809515
1908, 375.07537841796875, -285.34912109375, 0.02673806995153427, 0.0, 0.0, 68.93478393554688, 12.608573602785905
1909, 375.1741027832031, -285.09375, 0.024828212335705757, 0.02500000037252903, 0.0, 69.09455108642578, 12.53095158649694
1910, 375.2770080566406, -284.8251037597656, 0.028647931292653084, 0.07500000298023224, 0.0, 69.26249694824219, 12.447866733867246
1911, 375.3729248046875, -284.57244873046875, 0.03246764838695526, 0.125, 0.0, 69.42288208007812, 12.370113335351608
1912, 375.46539306640625, -284.3262939453125, 0.03628736361861229, 0.17500001192092896, 0.0, 69.58367156982422, 12.296109638533931
1913, 375.5596923828125, -284.072265625, 0.04010707885026932, 0.2250000238418579, 0.0, 69.75639343261719, 12.22281306232686
1914, 375.64959716796875, -283.8271484375, 0.043926794081926346, 0.17500001192092896, 0.0, 69.93125915527344, 12.155078211566384
1915, 375.74066162109375, -283.57574462890625, 0.045200031250715256, 0.125, 0.0, 70.11943054199219, 12.086708210755878
1916, 375.8277282714844, -283.3323669433594, 0.043926794081926346, 0.07500000298023224, 0.0, 70.30885314941406, 12.020029085010265
1917, 375.9181213378906, -283.0768127441406, 0.042653556913137436, 0.02500000409781933, 0.0, 70.51376342773438, 11.947933738605784
1918, 376.0007629394531, -282.8404541015625, 0.04138031601905823, -0.02499999664723873, 0.0, 70.70724487304688, 11.878706211165973
1919, 376.08599853515625, -282.5939636230469, 0.04010707885026932, 0.0, 0.0, 70.91180419921875, 11.803640219153872
1920, 376.1681823730469, -282.3537902832031, 0.03883384168148041, 0.0, 0.0, 71.11273193359375, 11.728176888560823
1921, 376.2434997558594, -282.13153076171875, 0.036923982203006744, 0.05000000074505806, 0.0, 71.2989501953125, 11.65760447640075
1922, 376.32550048828125, -281.8871154785156, 0.035650745034217834, 0.10000000149011612, 0.0, 71.5028305053711, 11.580383332697696
1923, 376.3971862792969, -281.671142578125, 0.034377507865428925, 0.15000000596046448, 0.0, 71.68157196044922, 11.513629010703635
1924, 376.4754333496094, -281.4333190917969, 0.033104266971349716, 0.20000001788139343, 0.0, 71.87626647949219, 11.44343759227111
1925, 376.5479736328125, -281.2105712890625, 0.031831029802560806, 0.2500000298023224, 0.0, 72.05594635009766, 11.381611034142251
1926, 376.6225280761719, -280.9793395996094, 0.030557792633771896, 0.30000004172325134, 0.0, 72.23909759521484, 11.322274538069635
1927, 376.6966247558594, -280.7471618652344, 0.029284553602337837, 0.3500000536441803, 0.0, 72.41900634765625, 11.268494884135665
1928, 376.7684631347656, -280.51995849609375, 0.028011314570903778, 0.40000006556510925, 0.0, 72.59076690673828, 11.222118055291014
1929, 376.8431701660156, -280.28131103515625, 0.026738077402114868, 0.4500000774860382, 0.0, 72.76614379882812, 11.180585733383646
1930, 376.9122619628906, -280.058349609375, 0.02546483837068081, 0.5000000596046448, 0.0, 72.92510986328125, 11.148927763897031
1931, 376.9840393066406, -279.8243408203125, 0.0241916012018919, 0.550000011920929, 0.0, 73.08642578125, 11.123369654460731
1932, 377.05670166015625, -279.5859069824219, 0.017825400456786156, 0.5999999642372131, 0.0, 73.2421875, 11.105867980279701
1933, 377.12542724609375, -279.3588562011719, 0.01145920343697071, 0.6499999165534973, 0.0, 73.37909698486328, 11.097353388656813
1934, 377.1983947753906, -279.11669921875, 0.005093006417155266, 0.6999998688697815, 0.0, 73.50929260253906, 11.096916140713567
1935, 377.2652893066406, -278.89404296875, 0.0, 0.7499998211860657, 0.0, 73.61322021484375, 11.104334356305497
1936, 377.33502197265625, -278.6615295410156, -0.0038197184912860394, 0.7999997735023499, 0.0, 73.70453643798828, 11.119752720100486
1937, 377.398193359375, -278.4505920410156, -0.007639436982572079, 0.849999725818634, 0.0, 73.77094268798828, 11.140030956863464
1938, 377.4645690917969, -278.2284851074219, -0.005729577969759703, 0.9249996542930603, 0.0, 73.82853698730469, 11.16896738863492
1939, 377.5318908691406, -278.00250244140625, -0.0044563389383256435, 0.9749996066093445, 0.0, 73.87602233886719, 11.206089920845168
1940, 377.59716796875, -277.78253173828125, -0.0031830992083996534, 0.9249996542930603, 0.0, 73.91395568847656, 11.24854318665804
1941, 377.6689453125, -277.5397644042969, -0.0019098594784736633, 0.8749997019767761, 0.0, 73.94860076904297, 11.299244452169448
1942, 377.7400207519531, -277.2982482910156, 0.0, 0.8249997496604919, 0.0, 73.97811889648438, 11.351260339014976
1943, 377.80963134765625, -277.0608215332031, 0.0, 0.7749997973442078, 0.0, 74.00353240966797, 11.402014930431323
1944, 377.8773498535156, -276.82879638671875, 0.0, 0.7249998450279236, 0.0, 74.0253677368164, 11.449786199409662
1945, 377.8773498535156, -276.57928466796875, 0.0, 0.6749998927116394, 0.0, 74.0253677368164, 11.497856976401962
1946, 377.949951171875, -276.57928466796875, 0.0, 0.6749998927116394, 0.0, 74.04597473144531, 11.497856976401962
1947, 378.0231628417969, -276.326904296875, 0.0, 0.6249999403953552, 0.0, 74.06422424316406, 11.541893287606504
1948, 378.0939636230469, -276.0820007324219, 0.0, 0.574999988079071, 0.0, 74.07977294921875, 11.57934976911833
1949, 378.1639404296875, -275.83953857421875, 0.0, 0.574999988079071, 0.0, 74.09329223632812, 11.611198419202807
1950, 378.2352600097656, -275.5918273925781, 0.0, 0.6249999403953552, 0.0, 74.10537719726562, 11.63992974051551
1951, 378.3028564453125, -275.3567810058594, 0.0, 0.6749998927116394, 0.0, 74.11555480957031, 11.66580344988468
1952, 378.3743591308594, -275.107421875, 0.0, 0.7249998450279236, 0.0, 74.12504577636719, 11.693781541600433
1953, 378.4446716308594, -274.8619384765625, 0.0, 0.7999997735023499, 0.0, 74.13330078125, 11.723471972334357
1954, 378.51068115234375, -274.6313171386719, 0.0, 0.849999725818634, 0.0, 74.14027404785156, 11.75491901891437
1955, 378.5816955566406, -274.3829345703125, 0.0, 0.8999996781349182, 0.0, 74.14698028564453, 11.793397985496027
1956, 378.6438903808594, -274.1650390625, 0.0, 0.9499996304512024, 0.0, 74.15232849121094, 11.831294985339431
1957, 378.7122497558594, -273.9254455566406, 0.0, 0.9999995827674866, 0.0, 74.15780639648438, 11.878505945862202
1958, 378.7834167480469, -273.6757507324219, 0.0, 1.0, 0.0, 74.16307830810547, 11.933139854389868
1959, 378.85162353515625, -273.4364013671875, 0.0, 1.0, 0.0, 74.16786193847656, 11.989682573708748
1960, 378.9215087890625, -273.19073486328125, 0.0, 1.0, 0.0, 74.17249298095703, 12.050996522258876
1961, 378.9922180175781, -272.94207763671875, 0.0, 1.0, 0.0, 74.17699432373047, 12.115722136704733
1962, 379.06280517578125, -272.6938171386719, 0.0, 1.0, 0.0, 74.18134307861328, 12.182442879152674
1963, 379.1357421875, -272.43707275390625, 0.0, 1.0, 0.0, 74.18568420410156, 12.253126394271506
1964, 379.2062072753906, -272.1891784667969, 0.0, 1.0, 0.0, 74.18978881835938, 12.322667212080548
1965, 379.2746887207031, -271.9481506347656, 0.0, 1.0, 0.0, 74.1937255859375, 12.391193725830249
1966, 379.34466552734375, -271.70159912109375, 0.0, 1.0, 0.0, 74.19766998291016, 12.461963626343863
1967, 379.4147033691406, -271.4546813964844, 0.0, 1.0, 0.0, 74.20158386230469, 12.533342806827472
1968, 379.4874267578125, -271.1984558105469, 0.0, 1.0, 0.0, 74.20561981201172, 12.607782906045072
1969, 379.56439208984375, -270.9270324707031, 0.0, 1.0, 0.0, 74.2098388671875, 12.686868069615787
1970, 379.63720703125, -270.6702880859375, 0.0, 1.0, 0.0, 74.21381378173828, 12.761822442789482
1971, 379.71697998046875, -270.3887939453125, 0.0, 1.0, 0.0, 74.2181625366211, 12.843994714813716
1972, 379.7906188964844, -270.1286926269531, 0.0019098592456430197, 1.0, 0.0, 74.22307586669922, 12.919844748480745
1973, 379.8707580566406, -269.8450012207031, 0.005729577504098415, 1.0, 0.0, 74.23185729980469, 13.002344989610886
1974, 379.9468994140625, -269.5748596191406, 0.009549296461045742, 1.0, 0.0, 74.24576568603516, 13.080609408066527
1975, 380.0258483886719, -269.29364013671875, 0.013369014486670494, 1.0, 0.0, 74.26819610595703, 13.161683522832766
1976, 380.0990295410156, -269.0318603515625, 0.01718873344361782, 1.0, 0.0, 74.2977523803711, 13.236741694365298
1977, 380.1702575683594, -268.775390625, 0.02291831001639366, 1.0, 0.0, 74.33705139160156, 13.309723956455947
1978, 380.2496337890625, -268.4878845214844, 0.02419155091047287, 0.9750000238418579, 0.0, 74.3938980102539, 13.390978486041687
1979, 380.3211669921875, -268.2274475097656, 0.02291831187903881, 0.9250000715255737, 0.0, 74.45494842529297, 13.463482520734308
1980, 380.3952331542969, -267.95654296875, 0.0216450747102499, 0.8750001192092896, 0.0, 74.52619934082031, 13.536701923880013
1981, 380.4705505371094, -267.6798400878906, 0.02037183567881584, 0.8250001668930054, 0.0, 74.605224609375, 13.608218678578536
1982, 380.548828125, -267.3909912109375, 0.019098598510026932, 0.7750002145767212, 0.0, 74.692626953125, 13.678506064565886
1983, 380.6268310546875, -267.1018371582031, 0.017825359478592873, 0.725000262260437, 0.0, 74.78357696533203, 13.74361030477886
1984, 380.7068176269531, -266.80419921875, 0.016552120447158813, 0.6750003099441528, 0.0, 74.87937927246094, 13.804492931953785
1985, 380.7847595214844, -266.51287841796875, 0.015278881415724754, 0.6250003576278687, 0.0, 74.97398376464844, 13.857438613205916
1986, 380.8648681640625, -266.2127380371094, 0.01400564145296812, 0.5750004053115845, 0.0, 75.07124328613281, 13.904624751397872
1987, 380.93994140625, -265.9300231933594, 0.012732401490211487, 0.5250004529953003, 0.0, 75.1617431640625, 13.941720261673538
1988, 381.0166015625, -265.6404724121094, 0.011459161527454853, 0.5750004053115845, 0.0, 75.25248718261719, 13.972966831760944
1989, 381.09185791015625, -265.3548889160156, 0.010185920633375645, 0.6250003576278687, 0.0, 75.33936309814453, 13.999438352151826
1990, 381.1715393066406, -265.05145263671875, 0.008912680670619011, 0.6750003099441528, 0.0, 75.42813873291016, 14.025228951416564
1991, 381.2474060058594, -264.7614440917969, 0.007639440707862377, 0.725000262260437, 0.0, 75.50911712646484, 14.049442051409788
1992, 381.3267822265625, -264.45654296875, 0.011459159664809704, 0.7750002145767212, 0.0, 75.59223937988281, 14.07597838301834
1993, 381.4075622558594, -264.1441345214844, 0.015278877690434456, 0.8250001668930054, 0.0, 75.67867279052734, 14.105710418449288
1994, 381.4853820800781, -263.8407897949219, 0.019098596647381783, 0.8750001192092896, 0.0, 75.76643371582031, 14.13808367363772
1995, 381.5621643066406, -263.5385437011719, 0.024828173220157623, 0.9500000476837158, 0.0, 75.86097717285156, 14.174510180108848
1996, 381.6383972167969, -263.2360534667969, 0.023554936051368713, 1.0, 0.0, 75.96259307861328, 14.216820305292194
1997, 381.7049560546875, -262.96942138671875, 0.022281697019934654, 0.9500000476837158, 0.0, 76.0568618774414, 14.258392493838851
1998, 381.7791748046875, -262.6701965332031, 0.021008459851145744, 0.9000000953674316, 0.0, 76.16586303710938, 14.30794239205468
1999, 381.8507385253906, -262.379638671875, 0.019735220819711685, 0.8500001430511475, 0.0, 76.27398681640625, 14.356997940576507
2000, 381.9230651855469, -262.08355712890625, 0.018461981788277626, 0.8000001907348633, 0.0, 76.38540649414062, 14.406426719991336
2001, 381.9956970214844, -261.7845764160156, 0.017188744619488716, 0.7500002384185791, 0.0, 76.49811553955078, 14.45447785643228
2002, 382.0708923339844, -261.4728088378906, 0.015915505588054657, 0.7000002861022949, 0.0, 76.6148452758789, 14.50144165751016
2003, 382.1430358886719, -261.17181396484375, 0.014642265625298023, 0.6500003337860107, 0.0, 76.72599792480469, 14.542759318286407
2004, 382.2174072265625, -260.85955810546875, 0.01336902566254139, 0.6500003337860107, 0.0, 76.83885955810547, 14.581126206573002
2005, 382.28912353515625, -260.5564270019531, 0.012095784768462181, 0.7000002861022949, 0.0, 76.94542694091797, 14.615017086162407
2006, 382.3635559082031, -260.23980712890625, 0.010185924358665943, 0.7750002145767212, 0.0, 77.05260467529297, 14.64905727220981
2007, 382.43170166015625, -259.9480895996094, 0.00891268439590931, 0.8250001668930054, 0.0, 77.14714813232422, 14.681165983410423
2008, 382.5046081542969, -259.634521484375, 0.007639444898813963, 0.8750001192092896, 0.0, 77.24374389648438, 14.717825608035128
2009, 382.5772705078125, -259.31988525390625, 0.00891268439590931, 0.9250000715255737, 0.0, 77.33645629882812, 14.75783336732385
2010, 382.6443176269531, -259.02716064453125, 0.012732403352856636, 0.9750000238418579, 0.0, 77.42137145996094, 14.79859703852918
2011, 382.7232666015625, -258.6794128417969, 0.016552120447158813, 1.0, 0.0, 77.52407836914062, 14.851793460909269
2012, 382.7878723144531, -258.3918151855469, 0.02037183940410614, 1.0, 0.0, 77.61283874511719, 14.899315095375464
2013, 382.8541564941406, -258.0939636230469, 0.022281698882579803, 1.0, 0.0, 77.70924377441406, 14.951781341271795
2014, 382.9223327636719, -257.784423828125, 0.02610141783952713, 1.0, 0.0, 77.81612396240234, 15.008755829046093
2015, 382.9918518066406, -257.46484375, 0.026738038286566734, 1.0, 0.0, 77.93406677246094, 15.06999467278154
2016, 383.0606689453125, -257.1451110839844, 0.025464801117777824, 1.0, 0.0, 78.05841064453125, 15.13341487518326
2017, 383.1271667480469, -256.8325500488281, 0.024191562086343765, 1.0, 0.0, 78.1844253540039, 15.197103928453751
2018, 383.1977233886719, -256.4975280761719, 0.022918324917554855, 1.0, 0.0, 78.3230972290039, 15.266828669141647
2019, 383.2635498046875, -256.1820068359375, 0.021645085886120796, 1.0, 0.0, 78.45574951171875, 15.333627500675352
2020, 383.3338317871094, -255.84176635742188, 0.019735228270292282, 1.0, 0.0, 78.59950256347656, 15.40664606584191
2021, 383.39892578125, -255.5228271484375, 0.02355494722723961, 1.0, 0.0, 78.73619079589844, 15.475472949256226
2022, 383.4718933105469, -255.16091918945312, 0.027374666184186935, 1.0, 0.0, 78.89661407470703, 15.553819457581637
2023, 383.537109375, -254.8330078125, 0.031194385141134262, 1.0, 0.0, 79.04867553710938, 15.624937984156908
2024, 383.602294921875, -254.4995574951172, 0.03501410037279129, 1.0, 0.0, 79.21189880371094, 15.697233928566062
2025, 383.6663513183594, -254.16700744628906, 0.03374085947871208, 1.0, 0.0, 79.38252258300781, 15.769767821066832
2026, 383.73199462890625, -253.8209686279297, 0.03246762230992317, 1.0, 0.0, 79.56666564941406, 15.845517700387873
2027, 383.7950439453125, -253.48294067382812, 0.031194385141134262, 1.0, 0.0, 79.75128936767578, 15.919669267400144
2028, 383.8585510253906, -253.1376495361328, 0.029921146109700203, 1.0, 0.0, 79.94328308105469, 15.995466841391416
2029, 383.9159240722656, -252.82101440429688, 0.028647907078266144, 1.0, 0.0, 80.12126922607422, 16.064966480421372
2030, 383.9738464355469, -252.4965057373047, 0.027374669909477234, 1.0, 0.0, 80.30461120605469, 16.13612467565019
2031, 384.03271484375, -252.16204833984375, 0.026101430878043175, 1.0, 0.0, 80.49359130859375, 16.209341888778106
2032, 384.0887756347656, -251.8387451171875, 0.02546481229364872, 1.0, 0.0, 80.67582702636719, 16.279912543437227
2033, 384.1537170410156, -251.4583740234375, 0.02291833609342575, 1.0, 0.0, 80.88807678222656, 16.362812268288142
2034, 384.2132263183594, -251.10353088378906, 0.02164509706199169, 1.0, 0.0, 81.08312225341797, 16.439875183154964
2035, 384.2709655761719, -250.7537384033203, 0.020371858030557632, 0.9750000238418579, 0.0, 81.27207946777344, 16.515379581119365
2036, 384.3263244628906, -250.41311645507812, 0.019098620861768723, 0.9250000715255737, 0.0, 81.45235443115234, 16.587733639873772
2037, 384.3857421875, -250.04112243652344, 0.017825381830334663, 0.8750001192092896, 0.0, 81.64447784423828, 16.664328240808132
2038, 384.4412841796875, -249.68760681152344, 0.016552144661545753, 0.8250001668930054, 0.0, 81.82210540771484, 16.733831359719485
2039, 384.49798583984375, -249.32040405273438, 0.01527890469878912, 0.7750002145767212, 0.0, 82.0009994506836, 16.801815051806933
2040, 384.55194091796875, -248.965087890625, 0.014005664736032486, 0.725000262260437, 0.0, 82.16831970214844, 16.86272940992775
2041, 384.60675048828125, -248.59779357910156, 0.012732423841953278, 0.6750003099441528, 0.0, 82.33486938476562, 16.920015857789387
2042, 384.65948486328125, -248.2386016845703, 0.011459183879196644, 0.6250003576278687, 0.0, 82.49115753173828, 16.969780666746566
2043, 384.7156982421875, -247.84864807128906, 0.01018594391644001, 0.5750004053115845, 0.0, 82.65301513671875, 17.01625602911199
2044, 384.7656555175781, -247.49603271484375, 0.008912703022360802, 0.5250004529953003, 0.0, 82.7922592163086, 17.05082758183708
2045, 384.8182067871094, -247.11859130859375, 0.007639463525265455, 0.4750004708766937, 0.0, 82.93328857421875, 17.0796536813756
2046, 384.86566162109375, -246.77255249023438, 0.005729604512453079, 0.45000046491622925, 0.0, 83.05496215820312, 17.098286993665077
2047, 384.9189453125, -246.3765411376953, 0.009549323469400406, 0.5000004768371582, 0.0, 83.18734741210938, 17.111622917978345
2048, 384.9640197753906, -246.03515625, 0.013369042426347733, 0.5500004291534424, 0.0, 83.29861450195312, 17.11812214544399
2049, 385.01422119140625, -245.64608764648438, 0.01718876138329506, 0.6000003814697266, 0.0, 83.42524719238281, 17.12252268077278
2050, 385.0574645996094, -245.30332946777344, 0.021008480340242386, 0.6500003337860107, 0.0, 83.53881072998047, 17.12530836050835
2051, 385.10150146484375, -244.9461669921875, 0.02291833981871605, 0.6750003099441528, 0.0, 83.6607666015625, 17.128626685865964
2052, 385.1433410644531, -244.59796142578125, 0.026738058775663376, 0.725000262260437, 0.0, 83.7847671508789, 17.13293180366735
2053, 385.188232421875, -244.213623046875, 0.03246763348579407, 0.8000001907348633, 0.0, 83.9307632446289, 17.140119292716037
2054, 385.2303771972656, -243.8420867919922, 0.03183101490139961, 0.8250001668930054, 0.0, 84.08086395263672, 17.151564133212837
2055, 385.2724609375, -243.45989990234375, 0.0299211572855711, 0.9000000953674316, 0.0, 84.24270629882812, 17.16841439108577
2056, 385.3119812011719, -243.09036254882812, 0.029284538701176643, 0.9250000715255737, 0.0, 84.40499114990234, 17.190475631229326
2057, 385.35272216796875, -242.6995849609375, 0.026738062500953674, 1.0, 0.0, 84.58086395263672, 17.22019232442966
2058, 385.3923034667969, -242.3091278076172, 0.025464823469519615, 1.0, 0.0, 84.75935363769531, 17.256825099068706
2059, 385.4289245605469, -241.9374237060547, 0.024191584438085556, 1.0, 0.0, 84.93081665039062, 17.297171846181527
2060, 385.4645080566406, -241.5667266845703, 0.022918347269296646, 1.0, 0.0, 85.102294921875, 17.341816813252844
2061, 385.4999084472656, -241.18739318847656, 0.021645108237862587, 1.0, 0.0, 85.2774429321289, 17.391318107220766
2062, 385.5342102050781, -240.8093719482422, 0.020371871069073677, 1.0, 0.0, 85.45087432861328, 17.443894881882386
2063, 385.56744384765625, -240.4325714111328, 0.019098632037639618, 1.0, 0.0, 85.62186431884766, 17.49901676829573
2064, 385.5998840332031, -240.0532684326172, 0.022918350994586945, 1.0, 0.0, 85.7939682006836, 17.55640720527707
2065, 385.6321105957031, -239.6624298095703, 0.02673806995153427, 1.0, 0.0, 85.97401428222656, 17.617180324160998
2066, 385.6629638671875, -239.27259826660156, 0.030557788908481598, 1.0, 0.0, 86.15880584716797, 17.679163826393197
2067, 385.6930236816406, -238.87464904785156, 0.034377504140138626, 1.0, 0.0, 86.35516357421875, 17.743559717638927
2068, 385.7225646972656, -238.46302795410156, 0.038197219371795654, 1.0, 0.0, 86.56854248046875, 17.811110287623524
2069, 385.749755859375, -238.06182861328125, 0.04201693460345268, 1.0, 0.0, 86.7882308959961, 17.877662742093474
2070, 385.7731628417969, -237.6966094970703, 0.04329017177224159, 0.9750000238418579, 0.0, 86.99854278564453, 17.938836901615968
2071, 385.797607421875, -237.28900146484375, 0.04201693460345268, 0.9250000715255737, 0.0, 87.24375915527344, 18.00709168547048
2072, 385.81878662109375, -236.91371154785156, 0.040743693709373474, 0.8750001192092896, 0.0, 87.47734069824219, 18.068736253977868
2073, 385.8397216796875, -236.51556396484375, 0.03883383795619011, 0.8000001907348633, 0.0, 87.73150634765625, 18.131676325742447
2074, 385.85693359375, -236.16302490234375, 0.0375606007874012, 0.7500002384185791, 0.0, 87.96086120605469, 18.184314478973114
2075, 385.87408447265625, -235.787841796875, 0.03628735989332199, 0.7000002861022949, 0.0, 88.20765686035156, 18.235822852609516
2076, 385.8895568847656, -235.42225646972656, 0.03501412272453308, 0.6500003337860107, 0.0, 88.45004272460938, 18.28117262468624
2077, 385.9051818847656, -235.0172576904297, 0.03374088555574417, 0.6000003814697266, 0.0, 88.71959686279297, 18.32520906782415
2078, 385.9192810058594, -234.6123504638672, 0.03246764466166496, 0.5500004291534424, 0.0, 88.98904418945312, 18.36196302358473
2079, 385.9316711425781, -234.21414184570312, 0.031194407492876053, 0.5000004768371582, 0.0, 89.2530517578125, 18.390429460720725
2080, 385.94232177734375, -233.82167053222656, 0.029921168461441994, 0.45000046491622925, 0.0, 89.51141357421875, 18.410522755027387
2081, 385.9519958496094, -233.41213989257812, 0.028647931292653084, 0.4000004529953003, 0.0, 89.7780990600586, 18.422625436312117
2082, 385.9597473144531, -233.01593017578125, 0.027374692261219025, 0.35000044107437134, 0.0, 90.03267669677734, 18.425206493134375
2083, 385.96636962890625, -232.5956573486328, 0.027374692261219025, 0.35000044107437134, 0.0, 90.29830169677734, 18.417884699013726
2084, 385.9710388183594, -232.20223999023438, 0.024828216060996056, 0.2500004172325134, 0.0, 90.54240417480469, 18.401330280276984
2085, 385.974365234375, -231.802001953125, 0.01846201717853546, 0.20000040531158447, 0.0, 90.78337097167969, 18.375339562611522
2086, 385.9764099121094, -231.41636657714844, 0.00891272071748972, 0.12500038743019104, 0.0, 91.00379943847656, 18.341318338634615
2087, 385.9774169921875, -231.0100555419922, 0.0025465229991823435, 0.17500039935112, 0.0, 91.21926879882812, 18.296314497441593
2088, 385.9774475097656, -230.63784790039062, -0.0019098592456430197, 0.22500041127204895, 0.0, 91.40006256103516, 18.248999456458396
2089, 385.9764709472656, -230.233154296875, -0.005729577504098415, 0.2750004231929779, 0.0, 91.5766830444336, 18.19344122638159
2090, 385.97479248046875, -229.86358642578125, -0.009549296461045742, 0.32500043511390686, 0.0, 91.71943664550781, 18.14055130331998
2091, 385.97210693359375, -229.46961975097656, -0.010822535492479801, 0.3750004470348358, 0.0, 91.8515853881836, 18.083582180532233
2092, 385.96868896484375, -229.09263610839844, -0.009549295529723167, 0.42500045895576477, 0.0, 91.96085357666016, 18.029814157745296
2093, 385.96441650390625, -228.71302795410156, -0.008912675082683563, 0.45000046491622925, 0.0, 92.05557250976562, 17.97744386165212
2094, 385.95916748046875, -228.32955932617188, -0.0070028156042099, 0.5250004529953003, 0.0, 92.1377944946289, 17.927076381995775
2095, 385.952880859375, -227.9340362548828, -0.0057295761071145535, 0.5750004053115845, 0.0, 92.21050262451172, 17.87943221242065
2096, 385.94580078125, -227.5498809814453, -0.004456337075680494, 0.6250003576278687, 0.0, 92.27120208740234, 17.838357820634066
2097, 385.9372863769531, -227.13975524902344, -0.0025464773643761873, 0.5500004291534424, 0.0, 92.32721710205078, 17.7995978174371
2098, 385.92803955078125, -226.74082946777344, 0.0, 0.5000004768371582, 0.0, 92.37565612792969, 17.764339934343084
2099, 385.91796875, -226.3435821533203, 0.0, 0.45000046491622925, 0.0, 92.4190902709961, 17.729828309269497
2100, 385.9075012207031, -225.9631805419922, 0.0, 0.4000004529953003, 0.0, 92.45658111572266, 17.69584243375441
2101, 385.8959045410156, -225.56988525390625, 0.0, 0.35000044107437134, 0.0, 92.4914779663086, 17.658400113029856
2102, 385.8841247558594, -225.19029235839844, -0.0019098592456430197, 0.35000044107437134, 0.0, 92.5210189819336, 17.619453133477368
2103, 385.87152099609375, -224.80003356933594, -0.005729577504098415, 0.4000004529953003, 0.0, 92.54505157470703, 17.577469096021623
2104, 385.8592834472656, -224.43104553222656, -0.009549296461045742, 0.45000046491622925, 0.0, 92.5599594116211, 17.537516845637292
2105, 385.84625244140625, -224.04661560058594, -0.009549296461045742, 0.45000046491622925, 0.0, 92.5652084350586, 17.497116631414684
2106, 385.83331298828125, -223.66647338867188, -0.01718873344361782, 0.5500004291534424, 0.0, 92.558349609375, 17.459671138299253
2107, 385.8199462890625, -223.2759552001953, -0.021008450537919998, 0.6000003814697266, 0.0, 92.53703308105469, 17.424946351333762
2108, 385.80682373046875, -222.88819885253906, -0.024828169494867325, 0.6500003337860107, 0.0, 92.50013732910156, 17.39524717866813
2109, 385.7937316894531, -222.49761962890625, -0.023554932326078415, 0.7000002861022949, 0.0, 92.44817352294922, 17.37116250985293
2110, 385.78155517578125, -222.13113403320312, -0.0216450747102499, 0.7750002145767212, 0.0, 92.3885498046875, 17.35476587676714
2111, 385.7687072753906, -221.7410125732422, -0.02037183567881584, 0.8250001668930054, 0.0, 92.31542205810547, 17.345113691718165
2112, 385.7567138671875, -221.375, -0.019098598510026932, 0.8750001192092896, 0.0, 92.23974609375, 17.344015186500194
2113, 385.7449035644531, -221.01075744628906, -0.017825359478592873, 0.8750001192092896, 0.0, 92.1590805053711, 17.35022821391517
2114, 385.73388671875, -220.665283203125, -0.016552120447158813, 0.8250001668930054, 0.0, 92.07877349853516, 17.361082347582375
2115, 385.72259521484375, -220.30877685546875, -0.015278881415724754, 0.7750002145767212, 0.0, 91.99365234375, 17.375770519153225
2116, 385.7113952636719, -219.94903564453125, -0.01400564145296812, 0.725000262260437, 0.0, 91.9062728881836, 17.392043725472213
2117, 385.69952392578125, -219.56019592285156, -0.012732401490211487, 0.6750003099441528, 0.0, 91.81127166748047, 17.409535698105397
2118, 385.6875, -219.15850830078125, -0.011459161527454853, 0.6250003576278687, 0.0, 91.71353149414062, 17.425912429771593
2119, 385.6768798828125, -218.79611206054688, -0.010185920633375645, 0.5750004053115845, 0.0, 91.62654876708984, 17.43800040318816
2120, 385.66632080078125, -218.42857360839844, -0.008912680670619011, 0.5250004529953003, 0.0, 91.54021453857422, 17.44664083102468
2121, 385.6554870605469, -218.04220581054688, -0.007639440707862377, 0.4750004708766937, 0.0, 91.45226287841797, 17.4508141015732
2122, 385.64556884765625, -217.67811584472656, -0.006366201676428318, 0.42500045895576477, 0.0, 91.37254333496094, 17.449258242954457
2123, 385.6354064941406, -217.29656982421875, -0.005092962179332972, 0.3750004470348358, 0.0, 91.29293060302734, 17.441250862712327
2124, 385.6259765625, -216.9313201904297, -0.003183102933689952, 0.3000004291534424, 0.0, 91.22112274169922, 17.42670293529202
2125, 385.6162414550781, -216.54649353027344, -0.0019098633201792836, 0.2500004172325134, 0.0, 91.15083312988281, 17.403313257206413
2126, 385.6078186035156, -216.20343017578125, 0.0, 0.20000040531158447, 0.0, 91.09362030029297, 17.375711492950323
2127, 385.59906005859375, -215.8380584716797, 0.0, 0.17500039935112, 0.0, 91.0374526977539, 17.33832455463369
2128, 385.59100341796875, -215.4947052001953, 0.0, 0.12500038743019104, 0.0, 90.98937225341797, 17.29692943502919
2129, 385.58251953125, -215.12139892578125, 0.0, 0.07500039041042328, 0.0, 90.94107055664062, 17.2437163781034
2130, 385.57464599609375, -214.7616729736328, 0.0, 0.02500039152801037, 0.0, 90.89830780029297, 17.18468100660057
2131, 385.5665588378906, -214.38052368164062, 0.0, -0.02499960921704769, 0.0, 90.8566665649414, 17.11427114955749
2132, 385.5589294433594, -214.01077270507812, 0.0, 0.0, 0.0, 90.81936645507812, 17.038654542272496
2133, 385.5513610839844, -213.6289825439453, 0.0, 0.0, 0.0, 90.7838363647461, 16.95406784784645
2134, 385.5442199707031, -213.25399780273438, -0.0019098592456430197, 0.0, 0.0, 90.75055694580078, 16.86539879226633
2135, 385.5375671386719, -212.8820037841797, -0.007639436982572079, 0.07500000298023224, 0.0, 90.7158203125, 16.773639611651323
2136, 385.5315246582031, -212.51771545410156, -0.01145915500819683, 0.125, 0.0, 90.67721557617188, 16.68194619304211
2137, 385.5258483886719, -212.15235900878906, -0.010185915045440197, 0.17500001192092896, 0.0, 90.63404083251953, 16.589860328244747
2138, 385.52069091796875, -211.78817749023438, -0.008912675082683563, 0.2250000238418579, 0.0, 90.58780670166016, 16.499292844975294
2139, 385.5158386230469, -211.42437744140625, -0.0076394351199269295, 0.27500003576278687, 0.0, 90.53962707519531, 16.411248756827817
2140, 385.5116271972656, -211.08428955078125, -0.00636619608849287, 0.27500003576278687, 0.0, 90.49382019042969, 16.33176030112593
2141, 385.5072937011719, -210.71116638183594, -0.005092956591397524, 0.2250000238418579, 0.0, 90.4437026977539, 16.246727612021864
2142, 385.5035705566406, -210.36927795410156, -0.0038197170943021774, 0.17500001192092896, 0.0, 90.39876556396484, 16.169375680929928
2143, 385.4997863769531, -209.99685668945312, -0.0025464773643761873, 0.125, 0.0, 90.35176849365234, 16.084138108962517
2144, 385.49652099609375, -209.65802001953125, 0.0, 0.07500000298023224, 0.0, 90.31195831298828, 16.00454769096693
2145, 385.4932861328125, -209.30335998535156, 0.0, 0.02500000409781933, 0.0, 90.27373504638672, 15.918069936649417
2146, 385.4902648925781, -208.96142578125, 0.0, -0.02499999664723873, 0.0, 90.23983764648438, 15.831163090930273
2147, 385.4874267578125, -208.6057586669922, 0.0, 0.0, 0.0, 90.20729064941406, 15.73687636654336
2148, 385.48468017578125, -208.24850463867188, 0.0, 0.0, 0.0, 90.1772232055664, 15.638757976056608
2149, 385.482177734375, -207.89971923828125, 0.0, 0.02500000037252903, 0.0, 90.15007019042969, 15.540867267904321
2150, 385.48004150390625, -207.57411193847656, 0.0, 0.07500000298023224, 0.0, 90.12650299072266, 15.448201847301245
2151, 385.47796630859375, -207.23049926757812, 0.0, 0.125, 0.0, 90.10338592529297, 15.350608510770092
2152, 385.4761657714844, -206.9134063720703, 0.0, 0.17500001192092896, 0.0, 90.08350372314453, 15.261942822664928
2153, 385.474609375, -206.60128784179688, 0.0, 0.2250000238418579, 0.0, 90.06522369384766, 15.176995823519741
2154, 385.47320556640625, -206.2837677001953, 0.0, 0.27500003576278687, 0.0, 90.04785919189453, 15.093923975821316
2155, 385.47186279296875, -205.9703826904297, 0.0, 0.3250000476837158, 0.0, 90.03189086914062, 15.016129754945828
2156, 385.47064208984375, -205.6427459716797, 0.0, 0.3750000596046448, 0.0, 90.01640319824219, 14.940073657261054
2157, 385.46966552734375, -205.3294219970703, 0.0, 0.42500007152557373, 0.0, 90.00267791748047, 14.873174007941499
2158, 385.46875, -205.00205993652344, 0.0, 0.4750000834465027, 0.0, 89.98939514160156, 14.80998355365649
2159, 385.46795654296875, -204.6833038330078, 0.0, 0.5250000357627869, 0.0, 89.9775161743164, 14.755704439289792
2160, 385.46728515625, -204.34860229492188, 0.0, 0.574999988079071, 0.0, 89.96613311767578, 14.706896630215812
2161, 385.46673583984375, -204.02268981933594, 0.0, 0.6249999403953552, 0.0, 89.9560546875, 14.667972295523358
2162, 385.46630859375, -203.69589233398438, 0.0, 0.574999988079071, 0.0, 89.9468994140625, 14.63669067618193
2163, 385.46600341796875, -203.3971710205078, 0.0, 0.5250000357627869, 0.0, 89.9393539428711, 14.612490980161551
2164, 385.46575927734375, -203.07899475097656, 0.0, 0.4500000476837158, 0.0, 89.93205261230469, 14.588647093578267
2165, 385.4656066894531, -202.74549865722656, 0.0, 0.40000003576278687, 0.0, 89.92516326904297, 14.563188706920874
2166, 385.4655456542969, -202.43701171875, 0.0, 0.3500000238418579, 0.0, 89.91938018798828, 14.537738835170288
2167, 385.465576171875, -202.10525512695312, 0.0, 0.30000001192092896, 0.0, 89.91370391845703, 14.507020573287688
2168, 385.4656066894531, -201.77989196777344, 0.0, 0.25, 0.0, 89.90860748291016, 14.472439474482348
2169, 385.46575927734375, -201.4700164794922, 0.0, 0.19999998807907104, 0.0, 89.90409851074219, 14.434578982660312
2170, 385.4659729003906, -201.14710998535156, 0.0, 0.1499999761581421, 0.0, 89.89967346191406, 14.389384092944052
2171, 385.4661560058594, -200.86073303222656, 0.0, 0.09999997913837433, 0.0, 89.89595031738281, 14.344225416774675
2172, 385.4664611816406, -200.53775024414062, 0.0, 0.04999998211860657, 0.0, 89.89190673828125, 14.286261111783606
2173, 385.46673583984375, -200.2589569091797, 0.0, -1.8253922817734747e-08, 0.0, 89.88846588134766, 14.23059687554883
2174, 385.4670715332031, -199.96343994140625, 0.0, 0.0, 0.0, 89.88481903076172, 14.164845756824228
2175, 385.4674072265625, -199.6644287109375, 0.0, 0.0, 0.0, 89.88113403320312, 14.093145668363297
2176, 385.46783447265625, -199.3690643310547, 0.0, 0.0, 0.0, 89.87749481201172, 14.017979924045624
2177, 385.46826171875, -199.0627899169922, 0.0, 0.0, 0.0, 89.87358856201172, 13.936232963086077
2178, 385.46868896484375, -198.76771545410156, 0.0, 0.0, 0.0, 89.86981964111328, 13.854334312522063
2179, 385.46923828125, -198.4470977783203, 0.0, 0.0, 0.0, 89.86561584472656, 13.762437534278497
2180, 385.46978759765625, -198.1502685546875, 0.0, 0.0, 0.0, 89.86164855957031, 13.675021938542862
2181, 385.4703063964844, -197.84860229492188, 0.0, 0.0, 0.0, 89.8575439453125, 13.584267593871175
2182, 385.4708557128906, -197.54849243164062, 0.0, 0.0, 0.0, 89.85331726074219, 13.492342164449234
2183, 385.4714050292969, -197.2665557861328, 0.0, 0.0, 0.0, 89.84931945800781, 13.404718671570002
2184, 385.4719543457031, -196.97601318359375, 0.0, 0.0, 0.0, 89.84515380859375, 13.313323502958054
2185, 385.47259521484375, -196.67538452148438, 0.0, 0.0, 0.0, 89.8407211303711, 13.2177609045544
2186, 385.47314453125, -196.4033966064453, 0.0, 0.02500000037252903, 0.0, 89.836669921875, 13.131331486119677
2187, 385.47381591796875, -196.1151580810547, 0.0, 0.07500000298023224, 0.0, 89.83230590820312, 13.04013578907623
2188, 385.4744567871094, -195.8168182373047, 0.0, 0.125, 0.0, 89.82780456542969, 12.947662325591603
2189, 385.47509765625, -195.54397583007812, 0.0, 0.20000001788139343, 0.0, 89.82364654541016, 12.866091134444485
2190, 385.4757995605469, -195.25669860839844, 0.0, 0.2500000298023224, 0.0, 89.81932830810547, 12.784902574401018
2191, 385.4764709472656, -194.99249267578125, 0.0, 0.30000004172325134, 0.0, 89.81537628173828, 12.715441222927478
2192, 385.4771423339844, -194.727783203125, 0.0, 0.3500000536441803, 0.0, 89.81157684326172, 12.651453083268935
2193, 385.4778137207031, -194.48057556152344, 0.0, 0.40000006556510925, 0.0, 89.80809020996094, 12.596946271026193
2194, 385.47845458984375, -194.22613525390625, 0.0, 0.42500007152557373, 0.0, 89.80463409423828, 12.547483555729336
2195, 385.4792175292969, -193.97608947753906, 0.0, 0.4750000834465027, 0.0, 89.80142211914062, 12.504386611273675
2196, 385.47998046875, -193.708251953125, 0.0, 0.5250000357627869, 0.0, 89.79820251464844, 12.465925670053473
2197, 385.4808044433594, -193.4479217529297, 0.0, 0.574999988079071, 0.0, 89.7952651977539, 12.43598669530339
2198, 385.4815979003906, -193.18505859375, 0.0, 0.6249999403953552, 0.0, 89.79253387451172, 12.413510236314513
2199, 385.4824523925781, -192.91693115234375, 0.0, 0.6749998927116394, 0.0, 89.79005432128906, 12.398904472129038
2200, 385.4832458496094, -192.67843627929688, 0.0, 0.6749998927116394, 0.0, 89.78810119628906, 12.392772730239654
2201, 385.4840087890625, -192.43026733398438, 0.0, 0.7749997973442078, 0.0, 89.78630065917969, 12.394416302626299
2202, 385.4849548339844, -192.16949462890625, 0.0, 0.8249997496604919, 0.0, 89.78470611572266, 12.404046908732472
2203, 385.48590087890625, -191.9036865234375, 0.0, 0.8999996781349182, 0.0, 89.78340148925781, 12.422127943939177
2204, 385.4867858886719, -191.64498901367188, 0.0, 0.9499996304512024, 0.0, 89.78244018554688, 12.448097586049098
2205, 385.48773193359375, -191.37925720214844, 0.0, 0.9999995827674866, 0.0, 89.78177642822266, 12.483010702222712
2206, 385.4886779785156, -191.1144561767578, 0.0, 1.0, 0.0, 89.78144836425781, 12.52533370575945
2207, 385.4895935058594, -190.8504180908203, 0.0, 1.0, 0.0, 89.78141784667969, 12.573452967903746
2208, 385.49053955078125, -190.6023712158203, 0.0, 1.0, 0.0, 89.78168487548828, 12.622657255921096
2209, 385.4914855957031, -190.3524627685547, 0.0, 1.0, 0.0, 89.78223419189453, 12.675668447621083
2210, 385.4925231933594, -190.07884216308594, 0.0, 1.0, 0.0, 89.78307342529297, 12.737089036251803
2211, 385.4936218261719, -189.8050079345703, 0.0, 1.0, 0.0, 89.7842025756836, 12.801154900460961
2212, 385.49468994140625, -189.5364227294922, 0.0, 1.0, 0.0, 89.78556060791016, 12.865993966205771
2213, 385.4957275390625, -189.25782775878906, 0.0, 1.0, 0.0, 89.7872085571289, 12.934883093077561
2214, 385.496826171875, -188.98443603515625, 0.0, 0.9500000476837158, 0.0, 89.78902435302734, 13.003335212910796
2215, 385.4979248046875, -188.7062530517578, 0.0, 0.8750001192092896, 0.0, 89.79106140136719, 13.072152370451253
2216, 385.49896240234375, -188.4259796142578, 0.0, 0.8250001668930054, 0.0, 89.79330444335938, 13.138993286727311
2217, 385.49993896484375, -188.16012573242188, 0.0, 0.7750002145767212, 0.0, 89.7955322265625, 13.199178313227875
2218, 385.5008850097656, -187.8994903564453, 0.0, 0.725000262260437, 0.0, 89.79780578613281, 13.254715920059866
2219, 385.5018615722656, -187.62808227539062, 0.0, 0.6750003099441528, 0.0, 89.80024719238281, 13.30754868620596
2220, 385.5029602050781, -187.3387451171875, 0.0, 0.6250003576278687, 0.0, 89.80284118652344, 13.3580237310363
2221, 385.5040283203125, -187.0564422607422, 0.0, 0.5750004053115845, 0.0, 89.80533599853516, 13.400834905475094
2222, 385.5050964355469, -186.7766571044922, 0.0, 0.5500004291534424, 0.0, 89.80781555175781, 13.436766146511292
2223, 385.5061950683594, -186.48361206054688, 0.0, 0.5000004768371582, 0.0, 89.81027221679688, 13.467496822638097
2224, 385.5070495605469, -186.22879028320312, 0.0, 0.45000046491622925, 0.0, 89.81233215332031, 13.488405727191974
2225, 385.5080261230469, -185.96841430664062, 0.0, 0.4000004529953003, 0.0, 89.81430053710938, 13.503421792786188
2226, 385.50897216796875, -185.6838836669922, 0.0, 0.35000044107437134, 0.0, 89.81626892089844, 13.511485391074402
2227, 385.50994873046875, -185.4015350341797, 0.0, 0.35000044107437134, 0.0, 89.81804656982422, 13.511669728184534
2228, 385.5108947753906, -185.1213836669922, 0.0, 0.4000004529953003, 0.0, 89.81961059570312, 13.505908895811054
2229, 385.5118713378906, -184.83604431152344, 0.0, 0.45000046491622925, 0.0, 89.82097625732422, 13.49670151738995
2230, 385.5128173828125, -184.558837890625, 0.0, 0.5250004529953003, 0.0, 89.82213592529297, 13.48673895556004
2231, 385.51373291015625, -184.28656005859375, 0.0, 0.5500004291534424, 0.0, 89.82310485839844, 13.478039180722744
2232, 385.51458740234375, -184.0270538330078, 0.0, 0.6000003814697266, 0.0, 89.82389831542969, 13.471404262471614
2233, 385.5155334472656, -183.7459259033203, 0.0, 0.6500003337860107, 0.0, 89.82463836669922, 13.467635157195616
2234, 385.5165100097656, -183.46681213378906, 0.0, 0.7000002861022949, 0.0, 89.82530975341797, 13.468101445332426
2235, 385.5174560546875, -183.1893768310547, 0.0, 0.7500002384185791, 0.0, 89.82592010498047, 13.473421101035315
2236, 385.5182800292969, -182.91314697265625, 0.0, 0.8000001907348633, 0.0, 89.82656860351562, 13.484055690896936
2237, 385.51910400390625, -182.6410369873047, 0.0, 0.8500001430511475, 0.0, 89.82716369628906, 13.500129186289428
2238, 385.51995849609375, -182.3748321533203, 0.0, 0.8750001192092896, 0.0, 89.82787322998047, 13.520926312987184
2239, 385.5207214355469, -182.1078643798828, 0.0038197184912860394, 0.9250000715255737, 0.0, 89.8304214477539, 13.547086454374519
2240, 385.52142333984375, -181.82339477539062, 0.007639436982572079, 0.9750000238418579, 0.0, 89.8371353149414, 13.581443478951229
2241, 385.5218811035156, -181.53810119628906, 0.013369014486670494, 1.0, 0.0, 89.8512191772461, 13.621937192564083
2242, 385.52191162109375, -181.27688598632812, 0.01718873344361782, 1.0, 0.0, 89.87300109863281, 13.663452523171339
2243, 385.52166748046875, -181.0090789794922, 0.021008450537919998, 1.0, 0.0, 89.90509796142578, 13.709873012662799
2244, 385.5210876464844, -180.7179718017578, 0.019735213369131088, 0.9750000238418579, 0.0, 89.94918060302734, 13.764284665478053
2245, 385.5201721191406, -180.4422149658203, 0.019098594784736633, 0.9500000476837158, 0.0, 89.99940490722656, 13.817909658937037
2246, 385.5189514160156, -180.1399688720703, 0.017825355753302574, 0.9000000953674316, 0.0, 90.06097412109375, 13.877951279485048
2247, 385.51751708984375, -179.8482208251953, 0.016552116721868515, 0.8500001430511475, 0.0, 90.1256103515625, 13.935520886304392
2248, 385.51580810546875, -179.5495147705078, 0.015278877690434456, 0.8000001907348633, 0.0, 90.19562530517578, 13.992758403903547
2249, 385.5141296386719, -179.287841796875, 0.015278877690434456, 0.8000001907348633, 0.0, 90.25910186767578, 14.040749414379272
2250, 385.51220703125, -179.0167694091797, 0.012732397764921188, 0.7000002861022949, 0.0, 90.32588958740234, 14.087436665708257
2251, 385.50994873046875, -178.71839904785156, 0.012095777317881584, 0.6750003099441528, 0.0, 90.3999252319336, 14.13430536777373
2252, 385.5074768066406, -178.41986083984375, 0.010185916908085346, 0.6000003814697266, 0.0, 90.47344207763672, 14.176267873243095
2253, 385.5048828125, -178.13108825683594, 0.008912676945328712, 0.5500004291534424, 0.0, 90.5431137084961, 14.21103393889193
2254, 385.50225830078125, -177.85145568847656, 0.007639436982572079, 0.5000004768371582, 0.0, 90.6083984375, 14.239215364091235
2255, 385.4994812011719, -177.57826232910156, 0.0063661979511380196, 0.45000046491622925, 0.0, 90.66964721679688, 14.260569070879086
2256, 385.49639892578125, -177.28619384765625, 0.005092958454042673, 0.4000004529953003, 0.0, 90.73210906982422, 14.275694164695953
2257, 385.49310302734375, -176.9904327392578, 0.0038197189569473267, 0.35000044107437134, 0.0, 90.79130554199219, 14.283083019348556
2258, 385.48944091796875, -176.6798553466797, 0.0025464792270213366, 0.3000004291534424, 0.0, 90.84861755371094, 14.281931850163476
2259, 385.486083984375, -176.4022674560547, 0.00127323972992599, 0.2500004172325134, 0.0, 90.89508056640625, 14.273466526948074
2260, 385.4825744628906, -176.12478637695312, 0.0, 0.22500041127204895, 0.0, 90.93682861328125, 14.257645669921123
2261, 385.4789733886719, -175.85145568847656, 0.0, 0.2750004231929779, 0.0, 90.9737319946289, 14.235977837667429
2262, 385.47491455078125, -175.55079650878906, 0.0, 0.32500043511390686, 0.0, 91.01016235351562, 14.207726866432443
2263, 385.47076416015625, -175.25941467285156, 0.0, 0.3750004470348358, 0.0, 91.04157257080078, 14.178348469251398
2264, 385.4665832519531, -174.9727325439453, 0.0, 0.45000046491622925, 0.0, 91.06909942626953, 14.149335546715083
2265, 385.4620361328125, -174.6716766357422, 0.0, 0.5000004768371582, 0.0, 91.0946273803711, 14.120882157758942
2266, 385.45751953125, -174.388916015625, 0.0, 0.5500004291534424, 0.0, 91.11598205566406, 14.097246521529623
2267, 385.453125, -174.1171875, 0.0, 0.5750004053115845, 0.0, 91.13401794433594, 14.077763683979292
2268, 385.44818115234375, -173.82186889648438, 0.0, 0.6250003576278687, 0.0, 91.15161895751953, 14.061197475875554
2269, 385.44329833984375, -173.53753662109375, 0.0, 0.6750003099441528, 0.0, 91.16658020019531, 14.05023988963029
2270, 385.4381103515625, -173.24249267578125, 0.0, 0.725000262260437, 0.0, 91.18036651611328, 14.044713298673594
2271, 385.4328918457031, -172.9538116455078, 0.0, 0.725000262260437, 0.0, 91.19229125976562, 14.045164105318602
2272, 385.42791748046875, -172.68716430664062, 0.0, 0.6750003099441528, 0.0, 91.20203399658203, 14.049210688931918
2273, 385.4227600097656, -172.41262817382812, 0.0, 0.6250003576278687, 0.0, 91.2110824584961, 14.055275654544001
2274, 385.41717529296875, -172.12106323242188, 0.0, 0.6000003814697266, 0.0, 91.21974182128906, 14.062177778093973
2275, 385.41156005859375, -171.83204650878906, 0.0, 0.5500004291534424, 0.0, 91.22740173339844, 14.068371358077824
2276, 385.40582275390625, -171.5404815673828, 0.0, 0.5000004768371582, 0.0, 91.23429870605469, 14.072577674140742
2277, 385.4002685546875, -171.2621612548828, 0.0, 0.42500045895576477, 0.0, 91.24017333984375, 14.073678576094478
2278, 385.39459228515625, -170.98280334472656, 0.0, 0.3750004470348358, 0.0, 91.24536895751953, 14.070241547971513
2279, 385.38885498046875, -170.70350646972656, 0.0, 0.32500043511390686, 0.0, 91.24996185302734, 14.061597590639769
2280, 385.3828125, -170.41119384765625, 0.0, 0.2750004231929779, 0.0, 91.25426483154297, 14.046019296645854
2281, 385.3767395019531, -170.12188720703125, 0.0, 0.2500004172325134, 0.0, 91.25796508789062, 14.024419953059713
2282, 385.37109375, -169.8504638671875, 0.0, 0.20000040531158447, 0.0, 91.26091003417969, 13.999089320075877
2283, 385.36541748046875, -169.58148193359375, 0.0, 0.15000039339065552, 0.0, 91.26339721679688, 13.968362487042857
2284, 385.3591613769531, -169.28741455078125, 0.0, 0.10000038892030716, 0.0, 91.26571655273438, 13.927599127708053
2285, 385.35308837890625, -169.00355529785156, 0.0, 0.15000039339065552, 0.0, 91.26744079589844, 13.882248534697974
2286, 385.34674072265625, -168.7071990966797, 0.0, 0.20000040531158447, 0.0, 91.26884460449219, 13.831213560355742
2287, 385.3406982421875, -168.42770385742188, 0.0, 0.2500004172325134, 0.0, 91.26971435546875, 13.781493116562622
2288, 385.3343811035156, -168.13514709472656, 0.0, 0.3000004291534424, 0.0, 91.2702865600586, 13.729565430195342
2289, 385.3285827636719, -167.87034606933594, 0.0, 0.35000044107437134, 0.0, 91.27050018310547, 13.683786835410725
2290, 385.32281494140625, -167.60546875, 0.0, 0.4000004529953003, 0.0, 91.27050018310547, 13.640363022795091
2291, 385.31671142578125, -167.3243865966797, 0.0, 0.45000046491622925, 0.0, 91.2702865600586, 13.598174876846409
2292, 385.3103942871094, -167.03814697265625, 0.0, 0.5000004768371582, 0.0, 91.26985931396484, 13.559904281325686
2293, 385.3040466308594, -166.7498016357422, 0.0, 0.5500004291534424, 0.0, 91.2693099975586, 13.52694579575105
2294, 385.298583984375, -166.50013732910156, 0.0, 0.6000003814697266, 0.0, 91.2687759399414, 13.503222945547634
2295, 385.2928466796875, -166.240966796875, 0.0, 0.6250003576278687, 0.0, 91.26819610595703, 13.483993745726899
2296, 385.28662109375, -165.9589080810547, 0.0, 0.6250003576278687, 0.0, 91.26754760742188, 13.469275539990422
2297, 385.2806701660156, -165.68849182128906, 0.0, 0.5750004053115845, 0.0, 91.2669448852539, 13.45939409872163
2298, 385.2745666503906, -165.4131622314453, 0.0, 0.5250004529953003, 0.0, 91.2663803100586, 13.451301226099522
2299, 385.2687683105469, -165.1501922607422, 0.0, 0.45000046491622925, 0.0, 91.2658920288086, 13.44358902206303
2300, 385.2631530761719, -164.896484375, 0.0, 0.4000004529953003, 0.0, 91.26541137695312, 13.434362258997751
2301, 385.2569580078125, -164.61642456054688, 0.0, 0.3750004470348358, 0.0, 91.26493072509766, 13.420986492175395
2302, 385.2507019042969, -164.3341827392578, 0.0, 0.32500043511390686, 0.0, 91.26441955566406, 13.403885206243427
2303, 385.2444763183594, -164.05422973632812, 0.0, 0.2750004231929779, 0.0, 91.26387023925781, 13.382462265663507
2304, 385.2384948730469, -163.7816925048828, 0.0, 0.22500041127204895, 0.0, 91.2633056640625, 13.35665287384392
2305, 385.2328796386719, -163.528076171875, 0.0, 0.17500039935112, 0.0, 91.26268768310547, 13.328127424010129
2306, 385.22711181640625, -163.2645263671875, 0.0, 0.12500038743019104, 0.0, 91.2619400024414, 13.293080682637486
2307, 385.22113037109375, -162.9925079345703, 0.0, 0.10000038892030716, 0.0, 91.26103973388672, 13.250472832549931
2308, 385.2151184082031, -162.72251892089844, 0.0, 0.0500003919005394, 0.0, 91.26007843017578, 13.20234717687669
2309, 385.2091369628906, -162.4497528076172, 0.0, 3.915280046840053e-07, 0.0, 91.25891876220703, 13.147456880113497
2310, 385.2035827636719, -162.19851684570312, 0.0, 0.0, 0.0, 91.25763702392578, 13.09137588222504
2311, 385.1981506347656, -161.95245361328125, 0.0, 0.0, 0.0, 91.2562484741211, 13.032131304434104
2312, 385.1921691894531, -161.68235778808594, 0.0, 0.0, 0.0, 91.25455474853516, 12.962805865701522
2313, 385.186279296875, -161.41400146484375, 0.0, 0.0, 0.0, 91.25267028808594, 12.890430167648587
2314, 385.1805419921875, -161.1522674560547, 0.0, 0.0, 0.0, 91.2506103515625, 12.817007482866655
2315, 385.1750183105469, -160.90206909179688, 0.0, 0.0, 0.0, 91.24850463867188, 12.744706231193922
2316, 385.1697082519531, -160.6584014892578, 0.0, 0.0, 0.0, 91.24626922607422, 12.672493210767213
2317, 385.1640625, -160.4034881591797, 0.0, 0.0, 0.0, 91.24384307861328, 12.595307450483912
2318, 385.15838623046875, -160.14678955078125, 0.0, 0.0, 0.0, 91.24124908447266, 12.516198861134061
2319, 385.15289306640625, -159.8939666748047, 0.0, 0.05000000074505806, 0.0, 91.23853302001953, 12.438060810826924
2320, 385.1476135253906, -159.65505981445312, 0.0, 0.07500000298023224, 0.0, 91.23585510253906, 12.364482345350154
2321, 385.1423645019531, -159.41647338867188, 0.0, 0.125, 0.0, 91.23307800292969, 12.292073758437873
2322, 385.1368713378906, -159.1652374267578, 0.0, 0.17500001192092896, 0.0, 91.23013305664062, 12.21839633817735
2323, 385.1314697265625, -158.9183807373047, 0.0038197184912860394, 0.2500000298023224, 0.0, 91.2287826538086, 12.149398311737308
2324, 385.12603759765625, -158.67538452148438, 0.007639436982572079, 0.30000004172325134, 0.0, 91.23113250732422, 12.086116240746062
2325, 385.1208190917969, -158.45082092285156, 0.009549296461045742, 0.3250000476837158, 0.0, 91.23794555664062, 12.03189929980394
2326, 385.1153564453125, -158.2204132080078, 0.010822535492479801, 0.3750000596046448, 0.0, 91.24980926513672, 11.981059860371369
2327, 385.1095275878906, -157.98077392578125, 0.009549295529723167, 0.42500007152557373, 0.0, 91.26605224609375, 11.934420051494945
2328, 385.103271484375, -157.72836303710938, 0.008276054635643959, 0.3750000596046448, 0.0, 91.28665161132812, 11.891025600848666
2329, 385.09796142578125, -157.51611328125, 0.0070028156042099, 0.3250000476837158, 0.0, 91.3058853149414, 11.857174245347458
2330, 385.09234619140625, -157.2933807373047, 0.00636619608849287, 0.30000004172325134, 0.0, 91.32708740234375, 11.822827778173105
2331, 385.08624267578125, -157.05331420898438, 0.005092956591397524, 0.2500000298023224, 0.0, 91.35041046142578, 11.785953038428454
2332, 385.0802917480469, -156.81871032714844, 0.005092956591397524, 0.2500000298023224, 0.0, 91.3727798461914, 11.74872362764706
2333, 385.0746765136719, -156.59716796875, 0.0025464773643761873, 0.15000000596046448, 0.0, 91.39287567138672, 11.711296351937515
2334, 385.0691833496094, -156.380615234375, 0.0025464773643761873, 0.15000000596046448, 0.0, 91.41040802001953, 11.671720683625995
2335, 385.0634765625, -156.1520233154297, 0.0, 0.07500000298023224, 0.0, 91.4265365600586, 11.626188783156541
2336, 385.05767822265625, -155.92071533203125, 0.0, 0.02500000409781933, 0.0, 91.4405746459961, 11.57598173368041
2337, 385.05218505859375, -155.70050048828125, 0.0, -0.02499999664723873, 0.0, 91.45220184326172, 11.524024310456213
2338, 385.046630859375, -155.4796600341797, 0.0, 0.02500000037252903, 0.0, 91.4621810913086, 11.46861418871096
2339, 385.0411376953125, -155.2587127685547, 0.0, 0.07500000298023224, 0.0, 91.4707260131836, 11.410793634312208
2340, 385.0357971191406, -155.04714965820312, 0.0, 0.10000000149011612, 0.0, 91.47769165039062, 11.354635997570709
2341, 385.0301818847656, -154.82579040527344, 0.0, 0.15000000596046448, 0.0, 91.48383331298828, 11.296050837517292
2342, 385.0246276855469, -154.60646057128906, 0.0, 0.20000001788139343, 0.0, 91.4889144897461, 11.239479831782678
2343, 385.01898193359375, -154.3854522705078, 0.0, 0.2500000298023224, 0.0, 91.49311065673828, 11.185096417071048
2344, 385.0137939453125, -154.1809539794922, 0.0, 0.27500003576278687, 0.0, 91.49633026123047, 11.137888402659012
2345, 385.0083923339844, -153.9729766845703, 0.0, 0.3250000476837158, 0.0, 91.49897003173828, 11.093187779142523
2346, 385.002685546875, -153.751220703125, 0.0, 0.3750000596046448, 0.0, 91.50127410888672, 11.050368935853088
2347, 384.9971008300781, -153.53582763671875, 0.0019098592456430197, 0.42500007152557373, 0.0, 91.50386047363281, 11.013454059946381
2348, 384.99169921875, -153.33274841308594, 0.005729577504098415, 0.4750000834465027, 0.0, 91.50845336914062, 10.983903334891439
2349, 384.9859619140625, -153.12120056152344, 0.007639436982572079, 0.5000000596046448, 0.0, 91.51661682128906, 10.958695189629962
2350, 384.9797668457031, -152.8989715576172, 0.01145915500819683, 0.550000011920929, 0.0, 91.53014373779297, 10.938650813088767
2351, 384.9738464355469, -152.69639587402344, 0.015278873965144157, 0.6249999403953552, 0.0, 91.54907989501953, 10.92570851764569
2352, 384.9676208496094, -152.49346923828125, 0.01846197247505188, 0.6749998927116394, 0.0, 91.57520294189453, 10.919167024219279
2353, 384.9607238769531, -152.27447509765625, 0.017825353890657425, 0.6999998688697815, 0.0, 91.61012268066406, 10.919967096799855
2354, 384.9537353515625, -152.06100463867188, 0.016552114859223366, 0.7499998211860657, 0.0, 91.6504135131836, 10.926913966415341
2355, 384.9471435546875, -151.86170959472656, 0.015278875827789307, 0.7999997735023499, 0.0, 91.69170379638672, 10.939489754511275
2356, 384.93994140625, -151.65069580078125, 0.014005635865032673, 0.849999725818634, 0.0, 91.73819732666016, 10.958993488728236
2357, 384.9325256347656, -151.4354248046875, 0.013369015417993069, 0.8749997019767761, 0.0, 91.78766632080078, 10.985248182956795
2358, 384.92498779296875, -151.22079467773438, 0.012095775455236435, 0.9249996542930603, 0.0, 91.83814239501953, 11.017280312318587
2359, 384.91741943359375, -151.0072479248047, 0.010822535492479801, 0.9749996066093445, 0.0, 91.88861083984375, 11.054974614708678
2360, 384.909912109375, -150.79812622070312, 0.009549295529723167, 1.0249996185302734, 0.0, 91.9375, 11.097360476379743
2361, 384.90185546875, -150.57505798339844, 0.008276054635643959, 1.0, 0.0, 91.98856353759766, 11.14800273933479
2362, 384.8943176269531, -150.36964416503906, 0.0076394351199269295, 1.0, 0.0, 92.03417205810547, 11.197988943415135
2363, 384.8865966796875, -150.16029357910156, 0.00636619608849287, 1.0, 0.0, 92.078857421875, 11.25178684473028
2364, 384.8790283203125, -149.9560089111328, 0.00636619608849287, 1.0, 0.0, 92.12029266357422, 11.30651906877849
2365, 384.87066650390625, -149.73193359375, 0.0038197170943021774, 1.0, 0.0, 92.16287994384766, 11.368492411902881
2366, 384.8628845214844, -149.52523803710938, 0.003183097345754504, 1.0, 0.0, 92.19950103759766, 11.427164495620609
2367, 384.8546447753906, -149.30816650390625, 0.001909857615828514, 1.0, 0.0, 92.23495483398438, 11.48994413252049
2368, 384.8458557128906, -149.07626342773438, 0.0, 1.0, 0.0, 92.26905059814453, 11.55813757661705
2369, 384.8370666503906, -148.84588623046875, 0.0, 1.0, 0.0, 92.29872131347656, 11.626551638302328
2370, 384.8285827636719, -148.62510681152344, 0.0, 1.0, 0.0, 92.32412719726562, 11.692663088439298
2371, 384.8200378417969, -148.4045867919922, 0.0019098592456430197, 1.0, 0.0, 92.3477554321289, 11.75906421159191
2372, 384.81085205078125, -148.17152404785156, 0.005729577504098415, 1.0, 0.0, 92.37310028076172, 11.829442684061048
2373, 384.8013916015625, -147.93800354003906, 0.009549296461045742, 1.0, 0.0, 92.4011001586914, 11.90002352023769
2374, 384.7919921875, -147.71340942382812, 0.013369014486670494, 1.0, 0.0, 92.43234252929688, 11.967868043988496
2375, 384.78253173828125, -147.4940643310547, 0.015278873965144157, 1.0, 0.0, 92.46763610839844, 12.034104050006677
2376, 384.77178955078125, -147.25198364257812, 0.019098592922091484, 1.0, 0.0, 92.512939453125, 12.10704722602789
2377, 384.7601013183594, -146.99903869628906, 0.020371831953525543, 1.0, 0.0, 92.56816101074219, 12.183132243073569
2378, 384.7490234375, -146.7663116455078, 0.019098594784736633, 1.0, 0.0, 92.62519073486328, 12.253047749339046
2379, 384.7379150390625, -146.5385284423828, 0.017825355753302574, 1.0, 0.0, 92.68489837646484, 12.321361720535796
2380, 384.7258605957031, -146.29615783691406, 0.016552116721868515, 0.9750000238418579, 0.0, 92.75151062011719, 12.393705116379081
2381, 384.7130126953125, -146.04345703125, 0.01591549813747406, 0.9500000476837158, 0.0, 92.82310485839844, 12.468103430224946
2382, 384.70062255859375, -145.8040008544922, 0.014642258174717426, 0.9000000953674316, 0.0, 92.89241790771484, 12.537159252899292
2383, 384.6881408691406, -145.5672149658203, 0.013369017280638218, 0.8500001430511475, 0.0, 92.9613265991211, 12.603153773943017
2384, 384.6742858886719, -145.30734252929688, 0.012095777317881584, 0.8000001907348633, 0.0, 93.03649139404297, 12.671885395632849
2385, 384.6610107421875, -145.061279296875, 0.010185916908085346, 0.725000262260437, 0.0, 93.10617065429688, 12.733073718897945
2386, 384.64837646484375, -144.8308868408203, 0.010185916908085346, 0.7000002861022949, 0.0, 93.17000579833984, 12.78584294468201
2387, 384.6346130371094, -144.5817108154297, 0.008276056498289108, 0.6500003337860107, 0.0, 93.23677825927734, 12.838085613412142
2388, 384.62060546875, -144.33206176757812, 0.007002817466855049, 0.6000003814697266, 0.0, 93.30077362060547, 12.884792365454969
2389, 384.6071472167969, -144.09384155273438, 0.005729577969759703, 0.5500004291534424, 0.0, 93.35877990722656, 12.923636502858702
2390, 384.5932312011719, -143.8510284423828, 0.005092958454042673, 0.5250004529953003, 0.0, 93.41459655761719, 12.957318496540584
2391, 384.5783386230469, -143.59378051757812, 0.0038197189569473267, 0.4750004708766937, 0.0, 93.46975708007812, 12.986615804113885
2392, 384.5636901855469, -143.3422088623047, 0.0025464792270213366, 0.42500045895576477, 0.0, 93.51947784423828, 13.008400785142657
2393, 384.5494079589844, -143.0997314453125, 0.00127323972992599, 0.3750004470348358, 0.0, 93.56312561035156, 13.022632977715208
2394, 384.53509521484375, -142.8585662841797, 0.0, 0.35000044107437134, 0.0, 93.60211944580078, 13.030109999343347
2395, 384.51971435546875, -142.6012420654297, 0.0, 0.3000004291534424, 0.0, 93.63902282714844, 13.031038089325257
2396, 384.50408935546875, -142.3423309326172, 0.0, 0.2500004172325134, 0.0, 93.6718521118164, 13.024244633585713
2397, 384.4890441894531, -142.09573364257812, 0.0, 0.20000040531158447, 0.0, 93.69963836669922, 13.010478281774308
2398, 384.4732971191406, -141.83912658691406, 0.0, 0.15000039339065552, 0.0, 93.7251968383789, 12.988784567901678
2399, 384.45758056640625, -141.58462524414062, 0.0, 0.12500038743019104, 0.0, 93.74758911132812, 12.959967719464395
2400, 384.44134521484375, -141.324951171875, 0.0, 0.0500003919005394, 0.0, 93.76792907714844, 12.92288580551309
2401, 384.4256896972656, -141.07566833496094, 0.0, 0.02500039152801037, 0.0, 93.78496551513672, 12.880730293313798
2402, 384.4107360839844, -140.83935546875, 0.0, 0.0, 0.0, 93.7992172241211, 12.834445741853528
2403, 384.39459228515625, -140.5869598388672, 0.0, 0.0, 0.0, 93.8125991821289, 12.779338126325818
2404, 384.37786865234375, -140.32666015625, 0.0, 0.0, 0.0, 93.8246841430664, 12.717019981666816
2405, 384.3624267578125, -140.08763122558594, 0.0, 0.0, 0.0, 93.83424377441406, 12.656204342462896
2406, 384.34710693359375, -139.85169982910156, 0.0, 0.0, 0.0, 93.84239196777344, 12.59312471989082
2407, 384.3311767578125, -139.6077880859375, 0.0, 0.0, 0.0, 93.84961700439453, 12.525249671479962
2408, 384.3146057128906, -139.35472106933594, 0.0, 0.0, 0.0, 93.85599517822266, 12.452285119484921
2409, 384.29931640625, -139.1230010986328, 0.0, 0.0, 0.0, 93.86084747314453, 12.383743065112107
2410, 384.2840881347656, -138.8920135498047, 0.0019098592456430197, 0.05000000074505806, 0.0, 93.8656234741211, 12.31471392243076
2411, 384.2678527832031, -138.6485137939453, 0.005729577504098415, 0.10000000149011612, 0.0, 93.87259674072266, 12.242026127162385
2412, 384.2513122558594, -138.4047393798828, 0.01145915500819683, 0.17500001192092896, 0.0, 93.88400268554688, 12.170857113806287
2413, 384.2355651855469, -138.17636108398438, 0.013369014486670494, 0.20000001788139343, 0.0, 93.90055847167969, 12.10655738553268
2414, 384.22021484375, -137.95736694335938, 0.01718873344361782, 0.2500000298023224, 0.0, 93.9226303100586, 12.047745219988041
2415, 384.20367431640625, -137.72634887695312, 0.021008450537919998, 0.30000004172325134, 0.0, 93.95423126220703, 11.989437236496048
2416, 384.18707275390625, -137.49911499023438, 0.022281691431999207, 0.3500000536441803, 0.0, 93.99361419677734, 11.936647991496892
2417, 384.1705017089844, -137.276123046875, 0.02164507284760475, 0.3750000596046448, 0.0, 94.03942108154297, 11.88973783878313
2418, 384.1531982421875, -137.04701232910156, 0.020371833816170692, 0.42500007152557373, 0.0, 94.09260559082031, 11.846610025157808
2419, 384.1350402832031, -136.80923461914062, 0.019098596647381783, 0.4750000834465027, 0.0, 94.15249633789062, 11.808339204960673
2420, 384.117919921875, -136.58811950683594, 0.017825357615947723, 0.5250000357627869, 0.0, 94.21192932128906, 11.778227412932697
2421, 384.10101318359375, -136.3719940185547, 0.01718873903155327, 0.550000011920929, 0.0, 94.27244567871094, 11.754613870627185
2422, 384.0831298828125, -136.14576721191406, 0.01591550000011921, 0.5999999642372131, 0.0, 94.3375244140625, 11.735831349986638
2423, 384.0637512207031, -135.90260314941406, 0.014642260037362576, 0.6499999165534973, 0.0, 94.40828704833984, 11.723362286679745
2424, 384.0455627441406, -135.67665100097656, 0.013369019143283367, 0.5999999642372131, 0.0, 94.47401428222656, 11.717430750109035
2425, 384.02764892578125, -135.45556640625, 0.012095779180526733, 0.550000011920929, 0.0, 94.53765106201172, 11.71491340292125
2426, 384.0082092285156, -135.21742248535156, 0.0108225392177701, 0.4750000536441803, 0.0, 94.604736328125, 11.713214072273194
2427, 383.9888916015625, -134.98342895507812, 0.010185918770730495, 0.4500000476837158, 0.0, 94.66886138916016, 11.710434438359652
2428, 383.97088623046875, -134.7665252685547, 0.008276058360934258, 0.40000003576278687, 0.0, 94.72588348388672, 11.706319002532613
2429, 383.9530029296875, -134.55165100097656, 0.007002819329500198, 0.3500000238418579, 0.0, 94.77967834472656, 11.699626152763457
2430, 383.93359375, -134.32040405273438, 0.005729580298066139, 0.30000001192092896, 0.0, 94.83399200439453, 11.688650217722415
2431, 383.9140625, -134.08897399902344, 0.004456340800970793, 0.25, 0.0, 94.88446044921875, 11.67296858361796
2432, 383.89544677734375, -133.86985778808594, 0.003819720819592476, 0.22499999403953552, 0.0, 94.92864227294922, 11.653420958081892
2433, 383.8753967285156, -133.63458251953125, 0.002546481089666486, 0.22499999403953552, 0.0, 94.97224426269531, 11.6276344193924
2434, 383.8562316894531, -133.41098022460938, 0.0012732415925711393, 0.2750000059604645, 0.0, 95.00914764404297, 11.600288707659942
2435, 383.8355407714844, -133.16981506347656, 0.0, 0.32500001788139343, 0.0, 95.0443344116211, 11.569632524057651
2436, 383.8161315917969, -132.94464111328125, 0.0, 0.3750000298023224, 0.0, 95.0726318359375, 11.541552561910622
2437, 383.79791259765625, -132.73422241210938, 0.0, 0.42500004172325134, 0.0, 95.09586334228516, 11.517091510345917
2438, 383.7781677246094, -132.50685119628906, 0.0, 0.4750000536441803, 0.0, 95.11772918701172, 11.493644861885377
2439, 383.75787353515625, -132.27474975585938, 0.0, 0.5250000357627869, 0.0, 95.13733673095703, 11.474249968977553
2440, 383.7376403808594, -132.04452514648438, 0.0, 0.550000011920929, 0.0, 95.1541976928711, 11.459715619935487
2441, 383.7187805175781, -131.83023071289062, 0.0, 0.5999999642372131, 0.0, 95.1677017211914, 11.450239042977106
2442, 383.6991271972656, -131.6085662841797, 0.0, 0.6499999165534973, 0.0, 95.17990112304688, 11.445515170455591
2443, 383.6784362792969, -131.37548828125, 0.0, 0.6999998688697815, 0.0, 95.19117736816406, 11.447053302656226
2444, 383.6581115722656, -131.14808654785156, 0.0, 0.7499998211860657, 0.0, 95.20065307617188, 11.454241040652576
2445, 383.6393127441406, -130.93743896484375, 0.0, 0.7749997973442078, 0.0, 95.20843505859375, 11.466473892725656
2446, 383.6201477050781, -130.7238006591797, 0.0, 0.8249997496604919, 0.0, 95.21542358398438, 11.483891526948925
2447, 383.599365234375, -130.49252319335938, 0.0, 0.8999996781349182, 0.0, 95.22225952148438, 11.509132089394644
2448, 383.5776062011719, -130.25125122070312, 0.0, 0.9499996304512024, 0.0, 95.22860717773438, 11.542606181138595
2449, 383.5586242675781, -130.0415496826172, 0.0, 0.9749996066093445, 0.0, 95.2336654663086, 11.577167579225977
2450, 383.5386962890625, -129.8212127685547, 0.0, 0.9249996542930603, 0.0, 95.2385025024414, 11.618197880798895
2451, 383.51751708984375, -129.5880889892578, 0.0, 0.8749997019767761, 0.0, 95.24325561523438, 11.664678466104998
2452, 383.4958801269531, -129.3499298095703, 0.0, 0.8249997496604919, 0.0, 95.24787902832031, 11.713162716922152
2453, 383.4764099121094, -129.1356201171875, 0.0, 0.7749997973442078, 0.0, 95.25171661376953, 11.75641915925709
2454, 383.4566650390625, -128.9190216064453, 0.0, 0.7499998211860657, 0.0, 95.25537872314453, 11.798841585836158
2455, 383.43560791015625, -128.68820190429688, 0.0, 0.6999998688697815, 0.0, 95.2590560913086, 11.842051018734699
2456, 383.41522216796875, -128.4650421142578, 0.0, 0.6499999165534973, 0.0, 95.2624740600586, 11.88092785327754
2457, 383.39501953125, -128.2440948486328, 0.0, 0.6249999403953552, 0.0, 95.26561737060547, 11.91603599144873
2458, 383.3727111816406, -128.0005645751953, 0.0, 0.574999988079071, 0.0, 95.26889038085938, 11.950260520228882
2459, 383.35272216796875, -127.78275299072266, 0.0, 0.5250000357627869, 0.0, 95.2716293334961, 11.976839995688465
2460, 383.3323059082031, -127.55965423583984, 0.0, 0.4500000476837158, 0.0, 95.27424621582031, 11.9991272513168
2461, 383.3110046386719, -127.32744598388672, 0.0, 0.40000003576278687, 0.0, 95.27676391601562, 12.016041285056588
2462, 383.2888488769531, -127.08671569824219, 0.0, 0.3750000298023224, 0.0, 95.2791519165039, 12.02608422610161
2463, 383.2665100097656, -126.84339904785156, 0.0, 0.32500001788139343, 0.0, 95.28130340576172, 12.029284894617291
2464, 383.2455139160156, -126.61502838134766, 0.0, 0.2750000059604645, 0.0, 95.28306579589844, 12.026075327468707
2465, 383.2257080078125, -126.3993911743164, 0.0, 0.22499999403953552, 0.0, 95.28451538085938, 12.016805631288223
2466, 383.20355224609375, -126.1595687866211, 0.0, 0.17499998211860657, 0.0, 95.28585815429688, 11.99897258205885
2467, 383.18109130859375, -125.91588592529297, 0.0, 0.1499999761581421, 0.0, 95.28695678710938, 11.973568903617121
2468, 383.16070556640625, -125.69497680664062, 0.0, 0.09999997913837433, 0.0, 95.28773498535156, 11.944954310429823
2469, 383.14056396484375, -125.4770736694336, 0.0, 0.04999998211860657, 0.0, 95.28821563720703, 11.910933056876168
2470, 383.1185607910156, -125.23856353759766, 0.0, -1.8253922817734747e-08, 0.0, 95.28854370117188, 11.866509964994647
2471, 383.0968017578125, -125.00325012207031, 0.0, 0.0, 0.0, 95.28854370117188, 11.816251936308547
2472, 383.07513427734375, -124.76908874511719, 0.0, 0.0, 0.0, 95.28825378417969, 11.760889609659706
2473, 383.0554504394531, -124.55619049072266, 0.0, 0.0, 0.0, 95.28778076171875, 11.706703367555509
2474, 383.0329895019531, -124.31343841552734, 0.0, 0.0, 0.0, 95.2869873046875, 11.641190948145605
2475, 383.0127258300781, -124.0947036743164, 0.0, 0.0, 0.0, 95.2860336303711, 11.579602351748367
2476, 382.992919921875, -123.880615234375, 0.0, 0.0, 0.0, 95.284912109375, 11.517225855961385
2477, 382.9733581542969, -123.6689224243164, 0.0, 0.0, 0.0, 95.28359985351562, 11.45385881190687
2478, 382.951904296875, -123.4376220703125, 0.0, 0.0, 0.0, 95.2820053100586, 11.382973745434107
2479, 382.93304443359375, -123.23341369628906, 0.0, 0.0, 0.0, 95.28042602539062, 11.3192667871026
2480, 382.91357421875, -123.02345275878906, 0.0, 0.0, 0.0, 95.27865600585938, 11.252807398466148
2481, 382.89385986328125, -122.80986785888672, 0.0, 0.0, 0.0, 95.27674865722656, 11.184361810100212
2482, 382.8733825683594, -122.58856201171875, 0.0, 0.0, 0.0, 95.27462005615234, 11.11269520282247
2483, 382.8548278808594, -122.38785552978516, 0.0, 0.0, 0.0, 95.27259826660156, 11.047150173941786
2484, 382.8360900878906, -122.18556213378906, 0.0, 0.0, 0.0, 95.2704849243164, 10.980640874218484
2485, 382.8164367675781, -121.97251892089844, 0.0, 0.0, 0.0, 95.26815032958984, 10.91018096660411
2486, 382.7784729003906, -121.56119537353516, -0.0019098592456430197, 0.02500000037252903, 0.0, 95.26266479492188, 10.773890777143219
2487, 382.76007080078125, -121.36056518554688, -0.005729577504098415, 0.07500000298023224, 0.0, 95.25702667236328, 10.708229739535964
2488, 382.7402648925781, -121.14385223388672, -0.009549296461045742, 0.125, 0.0, 95.24654388427734, 10.639479663822486
2489, 382.7211608886719, -120.93157196044922, -0.013369014486670494, 0.17500001192092896, 0.0, 95.22990417480469, 10.575179467402265
2490, 382.70404052734375, -120.73927307128906, -0.015278873965144157, 0.20000001788139343, 0.0, 95.20824432373047, 10.519938230839955
2491, 382.6867370605469, -120.54161071777344, -0.021008450537919998, 0.27500003576278687, 0.0, 95.17788696289062, 10.46668335232028
2492, 382.66888427734375, -120.3337173461914, -0.024828169494867325, 0.3250000476837158, 0.0, 95.1366195678711, 10.416317985813702
2493, 382.6516418457031, -120.12762451171875, -0.02864788845181465, 0.3750000596046448, 0.0, 95.0835189819336, 10.37177876314891
2494, 382.63568115234375, -119.93246459960938, -0.030557747930288315, 0.40000006556510925, 0.0, 95.02301025390625, 10.335490846243463
2495, 382.6193542480469, -119.72802734375, -0.03183098882436752, 0.4500000774860382, 0.0, 94.94921875, 10.30332336503774
2496, 382.60308837890625, -119.5194091796875, -0.030557749792933464, 0.5000000596046448, 0.0, 94.86557006835938, 10.277728435448644
2497, 382.5877380371094, -119.31804656982422, -0.029284512624144554, 0.4500000476837158, 0.0, 94.77753448486328, 10.258336735995568
2498, 382.5739440917969, -119.13420867919922, -0.028011273592710495, 0.40000003576278687, 0.0, 94.69292449951172, 10.243400049448482
2499, 382.55987548828125, -118.9432373046875, -0.02737465500831604, 0.3750000298023224, 0.0, 94.60161590576172, 10.228770062035471
2500, 382.5455017089844, -118.74515533447266, -0.02610141597688198, 0.32500001788139343, 0.0, 94.50434875488281, 10.21341721841538
2501, 382.5314025878906, -118.54757690429688, -0.024828176945447922, 0.2750000059604645, 0.0, 94.40581512451172, 10.196428983379485
2502, 382.51861572265625, -118.365478515625, -0.023554939776659012, 0.22499999403953552, 0.0, 94.31449127197266, 10.178224191946056
2503, 382.5050048828125, -118.16845703125, -0.022281700745224953, 0.17499998211860657, 0.0, 94.21587371826172, 10.154971577548206
2504, 382.49169921875, -117.97305297851562, -0.021645082160830498, 0.1499999761581421, 0.0, 94.11859130859375, 10.127677440394198
2505, 382.4666442871094, -117.59406280517578, -0.01909860596060753, 0.04999998211860657, 0.0, 93.93347930908203, 10.062108189976945
2506, 382.45343017578125, -117.38998413085938, -0.01782536692917347, -1.8253922817734747e-08, 0.0, 93.83661651611328, 10.018428288342532
2507, 382.44146728515625, -117.20186614990234, -0.017188748344779015, 0.0, 0.0, 93.74954223632812, 9.973108876632764
2508, 382.4301452636719, -117.02084350585938, -0.015278889797627926, 0.0, 0.0, 93.66813659667969, 9.925892586070336
2509, 382.4182434082031, -116.82772827148438, -0.014005648903548717, 0.0, 0.0, 93.58443450927734, 9.872458303393781
2510, 382.4064636230469, -116.63365173339844, -0.012732408940792084, 0.0, 0.0, 93.50379943847656, 9.816168376998622
2511, 382.39556884765625, -116.45166778564453, -0.01209578849375248, 0.0, 0.0, 93.43135833740234, 9.761474798385823
2512, 382.38482666015625, -116.26829528808594, -0.010822548530995846, 0.0, 0.0, 93.36165618896484, 9.704889915485316
2513, 382.3741760253906, -116.08517456054688, -0.009549308568239212, 0.0, 0.0, 93.29566955566406, 9.647181130491454
2514, 382.3630676269531, -115.89169311523438, -0.008276067674160004, 0.0, 0.0, 93.22976684570312, 9.585155277292825
2515, 382.353271484375, -115.71749877929688, -0.0070028286427259445, 0.0, 0.0, 93.17452239990234, 9.528580843988717
2516, 382.34320068359375, -115.5380630493164, -0.005729589611291885, 0.0, 0.0, 93.12164306640625, 9.469714655730385
2517, 382.3327941894531, -115.35028839111328, -0.004456350114196539, 0.02500000037252903, 0.0, 93.07095336914062, 9.408351368608693
2518, 382.322998046875, -115.17092895507812, -0.0038197303656488657, 0.05000000074505806, 0.0, 93.02674865722656, 9.350110077140405
2519, 382.3136901855469, -114.99907684326172, -0.0025464906357228756, 0.10000000149011612, 0.0, 92.9883804321289, 9.295458560428314
2520, 382.3038635253906, -114.81672668457031, -0.0012732511386275291, 0.15000000596046448, 0.0, 92.9522476196289, 9.239899373738538
2521, 382.29388427734375, -114.63038635253906, 0.0, 0.20000001788139343, 0.0, 92.91990661621094, 9.18715061535859
2522, 382.28533935546875, -114.46894073486328, 0.0, 0.2500000298023224, 0.0, 92.89582061767578, 9.14490648521414
2523, 382.2763977050781, -114.29920959472656, 0.0, 0.27500003576278687, 0.0, 92.87384033203125, 9.10470327306952
2524, 382.2672119140625, -114.12358856201172, 0.0, 0.3250000476837158, 0.0, 92.854248046875, 9.067754504719675
2525, 382.258544921875, -113.9557113647461, -0.0038197184912860394, 0.3750000596046448, 0.0, 92.83657836914062, 9.037486649558243
2526, 382.25042724609375, -113.79544830322266, -0.007639436982572079, 0.42500007152557373, 0.0, 92.8186264038086, 9.013614682204578
2527, 382.2416076660156, -113.61595153808594, -0.009549296461045742, 0.4500000774860382, 0.0, 92.79600524902344, 8.99270963016247
2528, 382.2340087890625, -113.45718383789062, -0.013369014486670494, 0.5000000596046448, 0.0, 92.77263641357422, 8.979365801037831
2529, 382.2264404296875, -113.2938232421875, -0.01718873344361782, 0.550000011920929, 0.0, 92.74365997314453, 8.97083388322206
2530, 382.2186279296875, -113.11810302734375, -0.019098592922091484, 0.574999988079071, 0.0, 92.70633697509766, 8.967652167576572
2531, 382.2118225097656, -112.958984375, -0.019735213369131088, 0.6499999165534973, 0.0, 92.66757202148438, 8.970002276279683
2532, 382.2048645019531, -112.7917251586914, -0.01846197433769703, 0.5999999642372131, 0.0, 92.62285614013672, 8.977611543599147
2533, 382.1976013183594, -112.61300659179688, -0.01718873716890812, 0.550000011920929, 0.0, 92.57193756103516, 8.988607979317452
2534, 382.19061279296875, -112.43783569335938, -0.01591549813747406, 0.5000000596046448, 0.0, 92.5202407836914, 8.99994375771933
2535, 382.18414306640625, -112.2713851928711, -0.015278877690434456, 0.4750000536441803, 0.0, 92.47013854980469, 9.009751382327138
2536, 382.1778564453125, -112.10684204101562, -0.014005637727677822, 0.42500004172325134, 0.0, 92.4203872680664, 9.017817847991731
2537, 382.17108154296875, -111.92874145507812, -0.012732397764921188, 0.3750000298023224, 0.0, 92.36712646484375, 9.023520278150405
2538, 382.1646728515625, -111.75588989257812, -0.01145915687084198, 0.32500001788139343, 0.0, 92.31658935546875, 9.025038186615904
2539, 382.1586608886719, -111.59274291992188, -0.01082253735512495, 0.30000001192092896, 0.0, 92.2701187133789, 9.022352674812202
2540, 382.1524658203125, -111.42176818847656, -0.009549297392368317, 0.25, 0.0, 92.22320556640625, 9.015369005663315
2541, 382.1463623046875, -111.25310516357422, -0.008276056498289108, 0.19999998807907104, 0.0, 92.17904663085938, 9.003720292769245
2542, 382.1405334472656, -111.09090423583984, -0.007639436982572079, 0.17499998211860657, 0.0, 92.13862609863281, 8.987870341691309
2543, 382.1344909667969, -110.92086029052734, -0.0063661979511380196, 0.12499997764825821, 0.0, 92.09874725341797, 8.966648379005303
2544, 382.1288146972656, -110.75973510742188, -0.005092958454042673, 0.07499998062849045, 0.0, 92.06349182128906, 8.941712984497158
2545, 382.12322998046875, -110.60154724121094, -0.0038197189569473267, 0.024999981746077538, 0.0, 92.03156280517578, 8.912402384876476
2546, 382.1172180175781, -110.4284439086914, -0.0031830992083996534, -1.8253922817734747e-08, 0.0, 91.999755859375, 8.874879564145315
2547, 382.11163330078125, -110.26750946044922, -0.0019098594784736633, 0.0, 0.0, 91.97309875488281, 8.834983260245863
2548, 382.1060485839844, -110.10777282714844, 0.0, 0.0, 0.0, 91.94991302490234, 8.792083284632108
2549, 382.10015869140625, -109.93720245361328, 0.0, 0.0, 0.0, 91.92864990234375, 8.743476329110525
2550, 382.09478759765625, -109.78306579589844, 0.0, 0.0, 0.0, 91.91190338134766, 8.697543118827944
2551, 382.08935546875, -109.62577819824219, 0.0, 0.0, 0.0, 91.89701080322266, 8.649174500186348
2552, 382.0835876464844, -109.45784759521484, 0.0, 0.0, 0.0, 91.8832015991211, 8.59622230833666
2553, 382.0782470703125, -109.3009262084961, 0.0, 0.0, 0.0, 91.87200164794922, 8.545761561944419
2554, 382.0732421875, -109.15276336669922, 0.0, 0.0, 0.0, 91.86266326904297, 8.497444687592578
2555, 382.0677795410156, -108.98904418945312, -0.0038197184912860394, 0.0, 0.0, 91.85195922851562, 8.443449029461027
2556, 382.0626220703125, -108.82939147949219, -0.007639436982572079, 0.02500000037252903, 0.0, 91.839111328125, 8.391035505935672
2557, 382.0578918457031, -108.67769622802734, -0.01145915500819683, 0.07500000298023224, 0.0, 91.82319641113281, 8.34180110667415
2558, 382.0530700683594, -108.5135498046875, -0.01718873344361782, 0.15000000596046448, 0.0, 91.79920959472656, 8.290603189514103
2559, 382.0486145019531, -108.35367584228516, -0.016552112996578217, 0.17500001192092896, 0.0, 91.76983642578125, 8.244511023311647
2560, 382.0445861816406, -108.20188903808594, -0.015278873033821583, 0.2250000238418579, 0.0, 91.7378158569336, 8.20451691505853
2561, 382.04058837890625, -108.04727172851562, -0.014005633071064949, 0.27500003576278687, 0.0, 91.70244598388672, 8.168213382526666
2562, 382.0365905761719, -107.88861846923828, -0.012732393108308315, 0.3250000476837158, 0.0, 91.66432189941406, 8.136222582833387
2563, 382.0328674316406, -107.73887634277344, -0.012095772661268711, 0.3500000536441803, 0.0, 91.62744903564453, 8.11122918346133
2564, 382.0294494628906, -107.5968017578125, -0.010822532698512077, 0.40000006556510925, 0.0, 91.59236145019531, 8.091997433665487
2565, 382.0257263183594, -107.44147491455078, -0.009549291804432869, 0.4500000774860382, 0.0, 91.55464172363281, 8.07629664573088
2566, 382.022216796875, -107.29306030273438, -0.008276051841676235, 0.5000000596046448, 0.0, 91.51984405517578, 8.067000069879095
2567, 382.01885986328125, -107.14956665039062, -0.007639432325959206, 0.5250000357627869, 0.0, 91.48764038085938, 8.063298699244706
2568, 382.01513671875, -106.99188232421875, -0.0063661932945251465, 0.574999988079071, 0.0, 91.45428466796875, 8.064601167398138
2569, 382.01171875, -106.84407043457031, -0.0050929537974298, 0.6249999403953552, 0.0, 91.42536926269531, 8.071292614270241
2570, 382.0084228515625, -106.70230102539062, -0.0044563342817127705, 0.6499999165534973, 0.0, 91.39974212646484, 8.082540705759294
2571, 382.0047912597656, -106.54570007324219, -0.0031830943189561367, 0.6999998688697815, 0.0, 91.37430572509766, 8.099777856398493
2572, 382.0013732910156, -106.3966064453125, -0.0019098548218607903, 0.7499998211860657, 0.0, 91.35295104980469, 8.121296217804897
2573, 381.9978942871094, -106.24815368652344, 0.0, 0.7999997735023499, 0.0, 91.33506774902344, 8.147699353150239
2574, 381.99420166015625, -106.09058380126953, 0.0, 0.849999725818634, 0.0, 91.31938171386719, 8.181089917998133
2575, 381.99066162109375, -105.93839263916016, 0.0, 0.8749997019767761, 0.0, 91.30693054199219, 8.218512837356593
2576, 381.9870910644531, -105.78533172607422, 0.0, 0.9249996542930603, 0.0, 91.29662322998047, 8.260655561417204
2577, 381.98333740234375, -105.62289428710938, 0.0, 0.9749996066093445, 0.0, 91.2877197265625, 8.310328995883042
2578, 381.97998046875, -105.47733306884766, 0.0, 0.9499996304512024, 0.0, 91.28123474121094, 8.358926341217199
2579, 381.9764709472656, -105.32530212402344, 0.0, 0.8999996781349182, 0.0, 91.27576446533203, 8.41177028150785
2580, 381.9727783203125, -105.1629638671875, 0.0, 0.849999725818634, 0.0, 91.2711410522461, 8.468624364349152
2581, 381.9691467285156, -105.00230407714844, 0.0, 0.7749997973442078, 0.0, 91.26754760742188, 8.52370600808302
2582, 381.9656982421875, -104.84762573242188, 0.0, 0.7499998211860657, 0.0, 91.26488494873047, 8.574260654757305
2583, 381.9620666503906, -104.685791015625, 0.0, 0.6999998688697815, 0.0, 91.26278686523438, 8.62424479167153
2584, 381.9586181640625, -104.53069305419922, 0.0, 0.6499999165534973, 0.0, 91.26129913330078, 8.668610718300386
2585, 381.955078125, -104.37273406982422, 0.0, 0.5999999642372131, 0.0, 91.26020812988281, 8.709693146437086
2586, 381.9513244628906, -104.2022933959961, 0.0, 0.574999988079071, 0.0, 91.25945281982422, 8.749097198431569
2587, 381.9476623535156, -104.03604888916016, 0.0, 0.5250000357627869, 0.0, 91.25897216796875, 8.7825884935737
2588, 381.9442138671875, -103.880126953125, 0.0, 0.4750000536441803, 0.0, 91.25875091552734, 8.809142597637896
2589, 381.94036865234375, -103.7065200805664, 0.0, 0.42500004172325134, 0.0, 91.2586898803711, 8.832958504830327
2590, 381.93701171875, -103.55427551269531, 0.0, 0.40000003576278687, 0.0, 91.25872802734375, 8.848494127150795
2591, 381.93359375, -103.39688110351562, 0.0, 0.3500000238418579, 0.0, 91.25881958007812, 8.859721578566242
2592, 381.92974853515625, -103.22262573242188, 0.0, 0.30000001192092896, 0.0, 91.25899505615234, 8.866078816651177
2593, 381.9261779785156, -103.05806732177734, 0.0, 0.25, 0.0, 91.25910186767578, 8.865750871171096
2594, 381.9227294921875, -102.9015121459961, 0.0, 0.22499999403953552, 0.0, 91.25920867919922, 8.85982782916973
2595, 381.9189758300781, -102.73159790039062, 0.0, 0.17499998211860657, 0.0, 91.25922393798828, 8.847883012020725
2596, 381.9153747558594, -102.56705474853516, 0.0, 0.12499997764825821, 0.0, 91.25920867919922, 8.830533618438256
2597, 381.911865234375, -102.40787506103516, 0.0, 0.09999997913837433, 0.0, 91.25908660888672, 8.808428187986264
2598, 381.9081115722656, -102.23860931396484, 0.0, 0.04999998211860657, 0.0, 91.25884246826172, 8.779673078827132
2599, 381.9046936035156, -102.08358001708984, 0.0, -1.8253922817734747e-08, 0.0, 91.258544921875, 8.748185989382664
2600, 381.9012451171875, -101.92769622802734, 0.0, 0.0, 0.0, 91.25806427001953, 8.711449455693737
2601, 381.8974914550781, -101.75753021240234, 0.0, 0.0, 0.0, 91.25745391845703, 8.66727603847554
2602, 381.89404296875, -101.60282897949219, 0.0, 0.0, 0.0, 91.25676727294922, 8.6241307983561
2603, 381.89056396484375, -101.4443359375, 0.0, 0.0, 0.0, 91.25592041015625, 8.577719123229217
2604, 381.8870544433594, -101.28550720214844, 0.0, 0.0, 0.0, 91.25502014160156, 8.529433705402088
2605, 381.8836975097656, -101.13094329833984, 0.0, 0.0, 0.0, 91.25404357910156, 8.481116578127864
2606, 381.8804626464844, -100.9840087890625, 0.0, 0.0, 0.0, 91.25300598144531, 8.434222521069039
2607, 381.8771667480469, -100.83560943603516, 0.0, 0.0, 0.0, 91.25188446044922, 8.386119601556045
2608, 381.8738098144531, -100.68134307861328, 0.0, 0.0, 0.0, 91.25065612792969, 8.335486586863702
2609, 381.8703308105469, -100.52214813232422, -0.0019098592456430197, 0.0, 0.0, 91.24852752685547, 8.282708321015644
2610, 381.8669128417969, -100.36016082763672, -0.005729577504098415, 0.0, 0.0, 91.24359130859375, 8.228559704929287
2611, 381.86383056640625, -100.20902252197266, -0.007639436982572079, 0.0, 0.0, 91.23566436767578, 8.17772580845681
2612, 381.8609313964844, -100.05950164794922, -0.01145915500819683, 0.0, 0.0, 91.22347259521484, 8.127188397114747
2613, 381.8580627441406, -99.90361785888672, -0.015278873965144157, 0.05000000074505806, 0.0, 91.20449829101562, 8.07524600438775
2614, 381.8556213378906, -99.75959014892578, -0.01718873344361782, 0.07500000298023224, 0.0, 91.18114471435547, 8.028547017774192
2615, 381.8533630371094, -99.61308288574219, -0.015915492549538612, 0.125, 0.0, 91.15267944335938, 7.982976954618287
2616, 381.8509216308594, -99.45159149169922, -0.014642253518104553, 0.17500001192092896, 0.0, 91.11756134033203, 7.936478742688911
2617, 381.8489074707031, -99.30905151367188, -0.013369012624025345, 0.2250000238418579, 0.0, 91.08413696289062, 7.89895807951284
2618, 381.8469543457031, -99.1674575805664, -0.012732393108308315, 0.2500000298023224, 0.0, 91.04953002929688, 7.865728480286848
2619, 381.84490966796875, -99.01729583740234, -0.011459152214229107, 0.30000004172325134, 0.0, 91.01224517822266, 7.834873515943652
2620, 381.8429870605469, -98.87189483642578, -0.009549291804432869, 0.3750000596046448, 0.0, 90.9765853881836, 7.810033318989993
2621, 381.8411560058594, -98.72959899902344, -0.00891267228871584, 0.40000006556510925, 0.0, 90.9426040649414, 7.791302215893167
2622, 381.8392028808594, -98.57901000976562, -0.007639432325959206, 0.40000006556510925, 0.0, 90.9081802368164, 7.776692226723346
2623, 381.83734130859375, -98.43289947509766, -0.0063661932945251465, 0.3500000536441803, 0.0, 90.87672424316406, 7.765956182731471
2624, 381.8355407714844, -98.29632568359375, -0.0050929537974298, 0.30000004172325134, 0.0, 90.84940338134766, 7.756628844555438
2625, 381.8336181640625, -98.14798736572266, -0.0044563342817127705, 0.27500003576278687, 0.0, 90.82208251953125, 7.745619766488079
2626, 381.8318176269531, -98.00660705566406, -0.0031830943189561367, 0.2250000238418579, 0.0, 90.79853820800781, 7.733464667112521
2627, 381.83001708984375, -97.86746215820312, -0.0019098548218607903, 0.17500001192092896, 0.0, 90.7779541015625, 7.7188066000669115
2628, 381.828125, -97.72179412841797, 0.0, 0.15000000596046448, 0.0, 90.75956726074219, 7.700046365501587
2629, 381.8262939453125, -97.58341217041016, 0.0, 0.10000000149011612, 0.0, 90.74491882324219, 7.678763556971746
2630, 381.82452392578125, -97.448974609375, 0.0, 0.05000000447034836, 0.0, 90.73284912109375, 7.654245530753931
2631, 381.8226013183594, -97.30326080322266, 0.0, 0.02500000409781933, 0.0, 90.72149658203125, 7.623231336336928
2632, 381.8207092285156, -97.16158294677734, 0.0, 0.02500000409781933, 0.0, 90.71226501464844, 7.588699996539805
2633, 381.8190002441406, -97.02822875976562, 0.0, 0.0, 0.0, 90.7051773071289, 7.55296586435181
2634, 381.817138671875, -96.88301849365234, 0.0, 0.0, 0.0, 90.69806671142578, 7.511182611854303
2635, 381.8153381347656, -96.74552154541016, 0.0, 0.0, 0.0, 90.69275665283203, 7.469547696371416
2636, 381.8135986328125, -96.6075668334961, 0.0, 0.07500000298023224, 0.0, 90.6880111694336, 7.427839737938726
2637, 381.8117370605469, -96.46192932128906, 0.0, 0.125, 0.0, 90.68303680419922, 7.385160068089691
2638, 381.81011962890625, -96.33089447021484, 0.0, 0.17500001192092896, 0.0, 90.67981719970703, 7.3486152525411645
2639, 381.8084411621094, -96.19514465332031, 0.0, 0.20000001788139343, 0.0, 90.67615509033203, 7.314273548010513
2640, 381.8066711425781, -96.05276489257812, 0.0, 0.2500000298023224, 0.0, 90.67230987548828, 7.280296780985004
2641, 381.8050842285156, -95.92237854003906, 0.0, 0.30000004172325134, 0.0, 90.67002868652344, 7.252102677868908
2642, 381.8034973144531, -95.7936019897461, 0.0, 0.3250000476837158, 0.0, 90.66783142089844, 7.229375670177261
2643, 381.8017578125, -95.65140533447266, 0.0019098592456430197, 0.3750000596046448, 0.0, 90.66549682617188, 7.2072308211703096
2644, 381.80010986328125, -95.52375793457031, 0.005729577504098415, 0.42500007152557373, 0.0, 90.66703796386719, 7.190032125692397
2645, 381.7983093261719, -95.39278411865234, 0.007639436982572079, 0.4500000774860382, 0.0, 90.67135620117188, 7.178925498701115
2646, 381.7963562011719, -95.25508880615234, 0.01145915500819683, 0.5000000596046448, 0.0, 90.68023681640625, 7.170009592258311
2647, 381.7943420410156, -95.12503814697266, 0.015278873965144157, 0.574999988079071, 0.0, 90.69480895996094, 7.164911514969036
2648, 381.7921447753906, -94.99823760986328, 0.019098592922091484, 0.550000011920929, 0.0, 90.71513366699219, 7.167286242505585
2649, 381.7894592285156, -94.85466766357422, 0.02291831001639366, 0.5000000596046448, 0.0, 90.7469711303711, 7.183375400204574
2650, 381.7867736816406, -94.72610473632812, 0.02164507284760475, 0.4500000476837158, 0.0, 90.78130340576172, 7.202545386434181
2651, 381.7840270996094, -94.59765625, 0.020371833816170692, 0.40000003576278687, 0.0, 90.81995391845703, 7.217670903835428
2652, 381.78082275390625, -94.45518493652344, 0.019735215231776237, 0.3750000298023224, 0.0, 90.8673324584961, 7.228653830778696
2653, 381.7778015136719, -94.32451629638672, 0.01846197620034218, 0.32500001788139343, 0.0, 90.91242980957031, 7.232069510853393
2654, 381.77484130859375, -94.197998046875, 0.01718873903155327, 0.2750000059604645, 0.0, 90.95672607421875, 7.2311712510521655
2655, 381.77142333984375, -94.05635833740234, 0.01591550000011921, 0.22499999403953552, 0.0, 91.00768280029297, 7.22477021637609
2656, 381.7682800292969, -93.92407989501953, 0.015278879553079605, 0.19999998807907104, 0.0, 91.05394744873047, 7.21226464534179
2657, 381.76519775390625, -93.79949188232422, 0.014005639590322971, 0.1499999761581421, 0.0, 91.09671783447266, 7.199977098554615
2658, 381.76177978515625, -93.66085052490234, 0.012732399627566338, 0.09999997913837433, 0.0, 91.14429473876953, 7.183095191469922
2659, 381.7585144042969, -93.52821350097656, 0.012095779180526733, 0.07499998062849045, 0.0, 91.18760681152344, 7.160847201025627
2660, 381.75494384765625, -93.388427734375, 0.0108225392177701, 0.07499998062849045, 0.0, 91.2321548461914, 7.13362500316276
2661, 381.7514343261719, -93.24978637695312, 0.009549299255013466, 0.12499997764825821, 0.0, 91.27381896972656, 7.102785264142428
2662, 381.7482604980469, -93.12590789794922, 0.008276058360934258, 0.17499998211860657, 0.0, 91.30826568603516, 7.0767494530735995
2663, 381.744873046875, -92.99605560302734, 0.007639438845217228, 0.19999998807907104, 0.0, 91.34295654296875, 7.052053842325741
2664, 381.74139404296875, -92.86084747314453, 0.006366199813783169, 0.25, 0.0, 91.37674713134766, 7.025654311179081
2665, 381.7381896972656, -92.736572265625, 0.005092960316687822, 0.30000001192092896, 0.0, 91.40440368652344, 7.003259936453693
2666, 381.73486328125, -92.61006927490234, 0.003819720819592476, 0.3500000238418579, 0.0, 91.43029022216797, 6.9849693681470635
2667, 381.73138427734375, -92.47720336914062, 0.002546481089666486, 0.40000003576278687, 0.0, 91.45477294921875, 6.967690900937682
2668, 381.7282409667969, -92.35537719726562, 0.0019098614575341344, 0.42500004172325134, 0.0, 91.47367858886719, 6.955170906326215
2669, 381.72491455078125, -92.22664642333984, 0.0, 0.4750000536441803, 0.0, 91.49124145507812, 6.947463265653703
2670, 381.7215270996094, -92.09468841552734, 0.0, 0.5250000357627869, 0.0, 91.50621032714844, 6.940895421844427
2671, 381.7183532714844, -91.97312927246094, 0.0, 0.5000000596046448, 0.0, 91.51703643798828, 6.939381207021984
2672, 381.7149658203125, -91.84156799316406, 0.0, 0.4500000476837158, 0.0, 91.5277099609375, 6.942610790024472
2673, 381.7113952636719, -91.70326232910156, 0.0, 0.3750000298023224, 0.0, 91.53728485107422, 6.940810836705025
2674, 381.7078552246094, -91.56715393066406, 0.0, 0.32500001788139343, 0.0, 91.5445327758789, 6.9347809135266925
2675, 381.7044982910156, -91.43950653076172, 0.0, 0.30000001192092896, 0.0, 91.54969024658203, 6.93135999509232
2676, 381.7010192871094, -91.30929565429688, 0.0, 0.25, 0.0, 91.55461120605469, 6.929511416920344
2677, 381.69775390625, -91.18688201904297, 0.0, 0.19999998807907104, 0.0, 91.55799865722656, 6.9262252156128055
2678, 381.69451904296875, -91.06488800048828, 0.0, 0.17499998211860657, 0.0, 91.56105041503906, 6.922479563743655
2679, 381.6910400390625, -90.93504333496094, 0.0, 0.12499997764825821, 0.0, 91.56437683105469, 6.9134209916633695
2680, 381.68695068359375, -90.78321075439453, 0.0, 0.07499998062849045, 0.0, 91.56399536132812, 6.901133914937386
2681, 381.6832580566406, -90.64875030517578, 0.0, 0.024999981746077538, 0.0, 91.56390380859375, 6.886149435523134
2682, 381.6801452636719, -90.53314208984375, 0.0, 0.0, 0.0, 91.56532287597656, 6.863899194395354
2683, 381.67669677734375, -90.4075927734375, 0.0, 0.0, 0.0, 91.56568908691406, 6.835433750592343
2684, 381.67333984375, -90.2842788696289, 0.0, 0.0, 0.0, 91.5663070678711, 6.8025849600498285
2685, 381.66998291015625, -90.16238403320312, 0.0, 0.0, 0.0, 91.5667953491211, 6.767918477892008
2686, 381.66632080078125, -90.02714538574219, 0.0, 0.0, 0.0, 91.5693588256836, 6.730354605655651
2687, 381.66302490234375, -89.90750122070312, 0.0, 0.0, 0.0, 91.5706787109375, 6.695837749884123
2688, 381.6598815917969, -89.78913116455078, 0.0, 0.0, 0.0, 91.57160186767578, 6.659363897611522
2689, 381.65643310546875, -89.66249084472656, 0.0, 0.0, 0.0, 91.57256317138672, 6.617017322882198
2690, 381.6531677246094, -89.54169464111328, 0.0, 0.0, 0.0, 91.57217407226562, 6.574331681474376
2691, 381.64996337890625, -89.42520141601562, 0.0, 0.0, 0.0, 91.57154083251953, 6.533898756307827
2692, 381.6465148925781, -89.2998046875, 0.0, 0.0, 0.0, 91.57177734375, 6.4893732583965615
2693, 381.6434326171875, -89.1877212524414, 0.0, 0.0, 0.0, 91.5705795288086, 6.449384503397692
2694, 381.64013671875, -89.06778717041016, 0.0, 0.0, 0.0, 91.5704116821289, 6.40757606871511
2695, 381.6368713378906, -88.94884490966797, 0.0, 0.0, 0.0, 91.56976318359375, 6.363966359581553
2696, 381.6336669921875, -88.8319091796875, 0.0, 0.0, 0.0, 91.56897735595703, 6.321075266970099
2697, 381.6305236816406, -88.71865844726562, 0.0, 0.0, 0.0, 91.5680160522461, 6.280292950004943
2698, 381.62725830078125, -88.59979248046875, 0.0, 0.0, 0.0, 91.56769561767578, 6.2367263953131555
2699, 381.6241760253906, -88.48798370361328, 0.0, 0.0, 0.0, 91.56659698486328, 6.195344944423605
2700, 381.62103271484375, -88.37323760986328, 0.0, 0.0, 0.02500000037252903, 91.56596374511719, 6.1543427269297455
2701, 381.6178283691406, -88.25582122802734, 0.0, 0.0, 0.07500000298023224, 91.56565856933594, 6.110027357358899
2702, 381.6149597167969, -88.1507568359375, 0.0, 0.0, 0.125, 91.5644760131836, 6.0713348630642585
2703, 381.6119079589844, -88.03996276855469, 0.0, 0.0, 0.15000000596046448, 91.56426239013672, 6.031145831069066
2704, 381.6086730957031, -87.92100524902344, 0.0, 0.0, 0.2250000238418579, 91.56470489501953, 5.981825378144544
2705, 381.6056213378906, -87.8101577758789, 0.0, 0.0, 0.27500003576278687, 91.56395721435547, 5.933767450998964
2706, 381.6027526855469, -87.7074203491211, 0.0, 0.0, 0.30000004172325134, 91.56303405761719, 5.892188789512118
2707, 381.5997619628906, -87.5950698852539, 0.0, 0.0, 0.3500000536441803, 91.56352996826172, 5.844393400571729
2708, 381.5968322753906, -87.48877716064453, 0.0, 0.0, 0.30000004172325134, 91.56259155273438, 5.796224756976174
2709, 381.5940246582031, -87.38445281982422, 0.0, 0.0, 0.2500000298023224, 91.56167602539062, 5.750738448545202
2710, 381.5909729003906, -87.2732925415039, 0.0, 0.0, 0.2250000238418579, 91.5615234375, 5.699787734753109
2711, 381.5881652832031, -87.16873931884766, 0.0, 0.0, 0.17500001192092896, 91.56035614013672, 5.651700669824224
2712, 381.58538818359375, -87.06785583496094, 0.0, 0.0, 0.125, 91.55908203125, 5.60853471337022
2713, 381.5824890136719, -86.9605712890625, 0.0, 0.0, 0.10000000149011612, 91.55867767333984, 5.561140868214266
2714, 381.5797119140625, -86.85830688476562, 0.0, 0.0, 0.05000000447034836, 91.55748748779297, 5.515750483303077
2715, 381.5770568847656, -86.76006317138672, 0.0, 0.0, 4.0978194171259474e-09, 91.55614471435547, 5.475631222685591
2716, 381.5742492675781, -86.65580749511719, 0.0, 0.0, 0.0, 91.5558090209961, 5.43035770356239
2717, 381.57147216796875, -86.5538330078125, 0.0, 0.05000000074505806, 0.0, 91.55506134033203, 5.385918254451024
2718, 381.56884765625, -86.45738983154297, 0.0, 0.10000000149011612, 0.0, 91.55406188964844, 5.348358489218778
2719, 381.5660400390625, -86.35323333740234, 0.0, 0.15000000596046448, 0.0, 91.55411529541016, 5.306913057515567
2720, 381.5633239746094, -86.25191497802734, 0.0, 0.20000001788139343, 0.0, 91.55384063720703, 5.267129347459931
2721, 381.56072998046875, -86.15550231933594, 0.0, 0.2250000238418579, 0.0, 91.55323791503906, 5.23550303703966
2722, 381.55792236328125, -86.05174255371094, 0.0, 0.27500003576278687, 0.0, 91.55364227294922, 5.200452003956948
2723, 381.5552673339844, -85.95236206054688, 0.0, 0.3250000476837158, 0.0, 91.55374908447266, 5.170327558660421
2724, 381.5527648925781, -85.85928344726562, 0.0, 0.3750000596046448, 0.0, 91.5533447265625, 5.151049024512213
2725, 381.55010986328125, -85.76197052001953, 0.0, 0.40000006556510925, 0.0, 91.55360412597656, 5.133186381395062
2726, 381.54736328125, -85.66148376464844, 0.0, 0.4500000774860382, 0.0, 91.55426788330078, 5.1129019592793945
2727, 381.5447998046875, -85.5653076171875, 0.0, 0.5000000596046448, 0.0, 91.55469512939453, 5.100502534680988
2728, 381.54229736328125, -85.47308349609375, 0.0, 0.4750000536441803, 0.0, 91.55473327636719, 5.097879379079247
2729, 381.5394592285156, -85.36985778808594, 0.0, 0.42500004172325134, 0.0, 91.55099487304688, 5.139987838360372
2730, 381.5365905761719, -85.26629638671875, 0.0, 0.3500000238418579, 0.0, 91.54679870605469, 5.188862577283217
2731, 381.5338439941406, -85.1661148071289, 0.0, 0.30000001192092896, 0.0, 91.54722595214844, 5.177218840767395
2732, 381.53118896484375, -85.06935119628906, 0.0, 0.25, 0.0, 91.5478744506836, 5.164860976720128
2733, 381.5283508300781, -84.96160125732422, 0.0, 0.19999998807907104, 0.0, 91.55387878417969, 5.185173733553005
2734, 381.5254211425781, -84.85498809814453, 0.0, 0.1499999761581421, 0.0, 91.55256652832031, 5.2149420825461705
2735, 381.52252197265625, -84.74606323242188, 0.0, 0.12499997764825821, 0.0, 91.55743408203125, 5.230410352458234
2736, 381.51983642578125, -84.64463806152344, 0.0, 0.07499998062849045, 0.0, 91.56294250488281, 5.22104393814494
2737, 381.51708984375, -84.54479217529297, 0.0, 0.024999981746077538, 0.0, 91.5632553100586, 5.183208579025153
2738, 381.5142517089844, -84.43971252441406, 0.0, 0.0, 0.0, 91.55895233154297, 5.169454663635545
2739, 381.511474609375, -84.3343276977539, 0.0, 0.0, 0.0, 91.5621566772461, 5.158629190341547
2740, 381.5085754394531, -84.2287368774414, 0.0, 0.0, 0.0, 91.55789184570312, 5.139347700434811
2741, 381.50592041015625, -84.13236236572266, 0.0, 0.0, 0.0, 91.5538101196289, 5.108097768686259
2742, 381.5031433105469, -84.02970886230469, 0.0, 0.0, 0.0, 91.55812072753906, 5.076226450845978
2743, 381.50030517578125, -83.92633819580078, 0.0, 0.0, 0.0, 91.5545425415039, 5.050731590152657
2744, 381.4974060058594, -83.8201675415039, 0.0, 0.0, 0.0, 91.55900573730469, 5.018585767544686
2745, 381.4947814941406, -83.72325897216797, 0.0, 0.0, 0.0, 91.56285858154297, 4.975850117283441
2746, 381.4920959472656, -83.62208557128906, 0.0, 0.0, 0.0, 91.5655746459961, 4.951711391626857
2747, 381.4895324707031, -83.52777099609375, 0.0, 0.0, 0.0, 91.5670166015625, 4.929384809744957
2748, 381.48675537109375, -83.42652893066406, 0.0, 0.0, 0.0, 91.56806182861328, 4.901052217061198
2749, 381.48394775390625, -83.32329559326172, 0.0, 0.0, 0.0, 91.56871795654297, 4.869385562018642
2750, 381.4811096191406, -83.22161102294922, 0.0, 0.0, 0.0, 91.56901550292969, 4.8365120497242
2751, 381.4784240722656, -83.1234130859375, 0.0, 0.0, 0.0, 91.56910705566406, 4.803805569424583
2752, 381.47576904296875, -83.02954864501953, 0.0038197184912860394, 0.0, 0.0, 91.57054901123047, 4.771977231067285
2753, 381.4729919433594, -82.93318176269531, 0.007639436982572079, 0.0, 0.0, 91.57501983642578, 4.738930676704522
2754, 381.4699401855469, -82.83401489257812, 0.01145915500819683, 0.0, 0.0, 91.58439636230469, 4.704663135425903
2755, 381.4669189453125, -82.73986053466797, 0.015278873965144157, 0.0, 0.0, 91.59870910644531, 4.671968272171794
2756, 381.4635314941406, -82.64192199707031, 0.019098592922091484, 0.0, 0.0, 91.62017822265625, 4.637825102909723
2757, 381.4599609375, -82.54519653320312, 0.02291831001639366, 0.0, 0.0, 91.64852905273438, 4.604016604922274
2758, 381.45648193359375, -82.4561996459961, 0.026738028973340988, 0.0, 0.0, 91.68175506591797, 4.572833586127838
2759, 381.4527587890625, -82.36715698242188, 0.030557747930288315, 0.0, 0.0, 91.72193908691406, 4.541571199378736
2760, 381.44873046875, -82.27581024169922, 0.03437746688723564, 0.0, 0.0, 91.77014923095703, 4.509475202770963
2761, 381.44439697265625, -82.1832046508789, 0.03819718211889267, 0.0, 0.0, 91.8270034790039, 4.476897109266787
2762, 381.43994140625, -82.09463500976562, 0.0420168936252594, 0.0, 0.0, 91.88951873779297, 4.445679769985779
2763, 381.4354248046875, -82.00778198242188, 0.04392675310373306, 0.0, 0.0, 91.95756530761719, 4.4150845290182135
2764, 381.43072509765625, -81.9233169555664, 0.04774646833539009, 0.0, 0.0, 92.03019714355469, 4.385285636393566
2765, 381.4254150390625, -81.83193969726562, 0.05156618356704712, 0.0, 0.0, 92.11589050292969, 4.3530221804091465
2766, 381.419921875, -81.74171447753906, 0.05538589879870415, 0.0, 0.0, 92.20824432373047, 4.321132889374163
2767, 381.41412353515625, -81.65234375, 0.059205614030361176, 0.0, 0.0, 92.3075180053711, 4.289504758387309
2768, 381.408203125, -81.56486511230469, 0.0630253255367279, 0.0, 0.0, 92.41236877441406, 4.258504784417202
2769, 381.4021301269531, -81.48118591308594, 0.0687548965215683, 0.0, 0.0, 92.52111053466797, 4.228715432999512
2770, 381.3958435058594, -81.39839935302734, 0.07066475600004196, 0.0, 0.0, 92.63590240478516, 4.199296851178021
2771, 381.3892517089844, -81.31584167480469, 0.07448447495698929, 0.0, 0.0, 92.75740814208984, 4.169920481511228
2772, 381.3818664550781, -81.22834777832031, 0.07830418646335602, 0.05000000074505806, 0.0, 92.89346313476562, 4.140493263711698
2773, 381.37420654296875, -81.14167022705078, 0.08212390542030334, 0.10000000149011612, 0.0, 93.03608703613281, 4.114410783864055
2774, 381.36639404296875, -81.0566177368164, 0.08594361692667007, 0.15000000596046448, 0.0, 93.18357849121094, 4.093126388234339
2775, 381.3580017089844, -80.97015380859375, 0.0897633358836174, 0.20000001788139343, 0.0, 93.34124755859375, 4.076695471846925
2776, 381.34954833984375, -80.88687133789062, 0.09358304738998413, 0.2500000298023224, 0.0, 93.50035095214844, 4.066241361754969
2777, 381.3411560058594, -80.80764770507812, 0.09740276634693146, 0.30000004172325134, 0.0, 93.65882110595703, 4.061451042168099
2778, 381.3321838378906, -80.7264633178711, 0.10122247785329819, 0.3500000536441803, 0.0, 93.8275375366211, 4.062063982327063
2779, 381.3222961425781, -80.64122009277344, 0.10504218935966492, 0.30000004172325134, 0.0, 94.01207733154297, 4.065923393014645
2780, 381.3115539550781, -80.55227661132812, 0.10886190831661224, 0.2500000298023224, 0.0, 94.21265411376953, 4.06894336243841
2781, 381.3009033203125, -80.46778869628906, 0.10886190831661224, 0.2500000298023224, 0.0, 94.41056823730469, 4.06857745436394
2782, 381.29022216796875, -80.38664245605469, 0.1165013387799263, 0.15000000596046448, 0.0, 94.60755157470703, 4.0640424987386385
2783, 381.2795104980469, -80.30812072753906, 0.11841119825839996, 0.125, 0.0, 94.80464935302734, 4.05587251356766
2784, 381.2684326171875, -80.22978210449219, 0.1222309097647667, 0.07500000298023224, 0.0, 95.00726318359375, 4.043706975890234
2785, 381.2555236816406, -80.14217376708984, 0.12605062127113342, 4.0978194171259474e-09, 0.0, 95.2409896850586, 4.023829794395571
2786, 381.2434387207031, -80.0626449584961, 0.13178019225597382, 0.0, 0.0, 95.4606704711914, 4.000551781040006
2787, 381.2303771972656, -79.98052215576172, 0.13559991121292114, 0.0, 0.0, 95.69564056396484, 3.9739359648746477
2788, 381.21673583984375, -79.89796447753906, 0.13941963016986847, 0.0, 0.0, 95.94002532958984, 3.9457146206165215
2789, 381.2035217285156, -79.82113647460938, 0.1432393491268158, 0.0, 0.0, 96.17524719238281, 3.9186945579840167
2790, 381.1900939941406, -79.74581146240234, 0.14705905318260193, 0.0, 0.0, 96.41283416748047, 3.891774181433567
2791, 381.17620849609375, -79.67034149169922, 0.15087877213954926, 0.0, 0.0, 96.65787506103516, 3.8645522298266437
2792, 381.1612548828125, -79.59169006347656, 0.15278862416744232, 0.0, 0.0, 96.91950225830078, 3.836186045936775
2793, 381.1454162597656, -79.51128387451172, 0.15660834312438965, 0.0, 0.0, 97.1939697265625, 3.8070664673339447
2794, 381.1290283203125, -79.43071746826172, 0.16042806208133698, 0.0, 0.0, 97.47627258300781, 3.777813247487234
2795, 381.11285400390625, -79.35392761230469, 0.1642477810382843, 0.0, 0.0, 97.75228881835938, 3.749879538944385
2796, 381.0958557128906, -79.27605438232422, 0.1699773520231247, 0.07500000298023224, 0.0, 98.0401382446289, 3.722156255229545
2797, 381.079833984375, -79.20506286621094, 0.17379705607891083, 0.125, 0.0, 98.3100814819336, 3.7012880445610663
2798, 381.0627746582031, -79.13157653808594, 0.17761677503585815, 0.17500001192092896, 0.0, 98.59587860107422, 3.6849629324971342
2799, 381.0455322265625, -79.05975341796875, 0.18143649399280548, 0.2250000238418579, 0.0, 98.8819351196289, 3.6743007954002267
2800, 381.027099609375, -78.98509979248047, 0.18334634602069855, 0.2500000298023224, 0.0, 99.18546295166016, 3.6685603416617205
2801, 381.0080261230469, -78.91016387939453, 0.18716606497764587, 0.30000004172325134, 0.0, 99.49626922607422, 3.6675138467831783
2802, 380.9877624511719, -78.8328857421875, 0.1909857839345932, 0.3500000536441803, 0.0, 99.82344055175781, 3.6718568731544017
2803, 380.9671936035156, -78.75650787353516, 0.19480548799037933, 0.40000006556510925, 0.0, 100.1532974243164, 3.681652617849273
2804, 380.9466247558594, -78.68235778808594, 0.19862520694732666, 0.4500000774860382, 0.0, 100.47987365722656, 3.6963712932075414
2805, 380.9265441894531, -78.61216735839844, 0.19989845156669617, 0.5000000596046448, 0.0, 100.79431915283203, 3.7152905940959116
2806, 380.90533447265625, -78.53953552246094, 0.20117168128490448, 0.4500000476837158, 0.0, 101.12344360351562, 3.7376939271037246
2807, 380.8836364746094, -78.4667739868164, 0.19989845156669617, 0.40000003576278687, 0.0, 101.45600128173828, 3.759245303655189
2808, 380.859375, -78.3873062133789, 0.20117168128490448, 0.32500001788139343, 0.0, 101.82193756103516, 3.778304327346554
2809, 380.83447265625, -78.30748748779297, 0.20180830359458923, 0.2750000059604645, 0.0, 102.1923828125, 3.791346939183009
2810, 380.8101501464844, -78.23136901855469, 0.20053507387638092, 0.22499999403953552, 0.0, 102.54750061035156, 3.798203405743866
2811, 380.7845153808594, -78.15290832519531, 0.20180830359458923, 0.17499998211860657, 0.0, 102.9154052734375, 3.7991275036944026
2812, 380.7586669921875, -78.0754165649414, 0.20053507387638092, 0.12499997764825821, 0.0, 103.28045654296875, 3.794210231404335
2813, 380.73260498046875, -77.99886322021484, 0.20180830359458923, 0.07499998062849045, 0.0, 103.64275360107422, 3.7833822793934497
2814, 380.7054138183594, -77.92072296142578, 0.20053507387638092, 0.024999981746077538, 0.0, 104.01416778564453, 3.766460112208612
2815, 380.6784973144531, -77.844970703125, 0.20180830359458923, 0.0, 0.0, 104.37600708007812, 3.7453667758971094
2816, 380.6502380371094, -77.76695251464844, 0.20053507387638092, 0.0, 0.0, 104.75015258789062, 3.7202284404249415
2817, 380.6219787597656, -77.69059753417969, 0.20180830359458923, 0.0, 0.0, 105.11809539794922, 3.693664038814667
2818, 380.5943603515625, -77.617431640625, 0.20053507387638092, 0.0, 0.0, 105.47180938720703, 3.667460631509684
2819, 380.5672302246094, -77.54673767089844, 0.20180830359458923, 0.0, 0.0, 105.8149642944336, 3.641552260268181
2820, 380.5412902832031, -77.48050689697266, 0.20053507387638092, 0.0, 0.0, 106.13745880126953, 3.617147411423159
2821, 380.5152282714844, -77.41509246826172, 0.20180830359458923, 0.0, 0.0, 106.4571533203125, 3.5927751806377017
2822, 380.4851989746094, -77.34101104736328, 0.19989845156669617, 0.0, 0.0, 106.8197250366211, 3.5652427004127167
2823, 380.4554748535156, -77.26890563964844, 0.20117168128490448, 0.02500000037252903, 0.0, 107.17381286621094, 3.5371846435233256
2824, 380.4255676269531, -77.19767761230469, 0.19989845156669617, 0.07500000298023224, 0.0, 107.52420806884766, 3.512875210623659
2825, 380.3952331542969, -77.12639617919922, 0.19353225827217102, 0.125, 0.0, 107.87250518798828, 3.4937481464157156
2826, 380.3654479980469, -77.05722045898438, 0.18716606497764587, 0.17500001192092896, 0.0, 108.20543670654297, 3.4807071648835914
2827, 380.3359680175781, -76.98934173583984, 0.18079987168312073, 0.2250000238418579, 0.0, 108.52525329589844, 3.473575598736233
2828, 380.3058166503906, -76.92041015625, 0.17443367838859558, 0.27500003576278687, 0.0, 108.84162902832031, 3.4721722243002207
2829, 380.2750549316406, -76.85069274902344, 0.16806748509407043, 0.3250000476837158, 0.0, 109.15226745605469, 3.47667897109794
2830, 380.2447814941406, -76.78240966796875, 0.1617012917995453, 0.3750000596046448, 0.0, 109.15226745605469, 3.4867086882480063
2831, 380.2137451171875, -76.71282958984375, 0.15533511340618134, 0.42500007152557373, 0.0, 109.73702239990234, 3.5025314681852766
2832, 380.1822204589844, -76.64237976074219, 0.1489689201116562, 0.4750000834465027, 0.0, 110.02014923095703, 3.5241351382961112
2833, 380.14990234375, -76.57070922851562, 0.14260272681713104, 0.5250000357627869, 0.0, 110.29719543457031, 3.551651517746795
2834, 380.1178894042969, -76.49982452392578, 0.1362365335226059, 0.574999988079071, 0.0, 110.5604019165039, 3.584115787417333
2835, 380.0834045410156, -76.4240493774414, 0.1349632889032364, 0.6249999403953552, 0.0, 110.8322525024414, 3.6241268389134045
2836, 380.04888916015625, -76.34891510009766, 0.13305343687534332, 0.6999998688697815, 0.0, 111.0945816040039, 3.6692936315696705
2837, 380.013671875, -76.27271270751953, 0.13114358484745026, 0.7749997973442078, 0.0, 111.354736328125, 3.721587816899063
2838, 379.9782409667969, -76.19676971435547, 0.12987034022808075, 0.8249997496604919, 0.0, 111.60922241210938, 3.7801537197458277
2839, 379.9416198730469, -76.11908721923828, 0.12859709560871124, 0.8749997019767761, 0.0, 111.86554718017578, 3.8456256243441342
2840, 379.9037170410156, -76.03933715820312, 0.12732386589050293, 0.9249996542930603, 0.0, 112.12503814697266, 3.91785794202238
2841, 379.86541748046875, -75.95947265625, 0.12605062127113342, 0.9749996066093445, 0.0, 112.38159942626953, 3.9946362320989706
2842, 379.8270568847656, -75.8802490234375, 0.12477738410234451, 1.0249996185302734, 0.0, 112.6332015991211, 4.074298528711488
2843, 379.78704833984375, -75.79842376708984, 0.1235041469335556, 1.0, 0.0, 112.89028930664062, 4.158513901569982
2844, 379.7457580566406, -75.71469116210938, 0.1222309097647667, 1.0, 0.0, 113.15058135986328, 4.245167306388507
2845, 379.7016296386719, -75.62605285644531, 0.12095767259597778, 1.0, 0.0, 113.42333984375, 4.336457437896734
2846, 379.65850830078125, -75.5402603149414, 0.1222309097647667, 1.0, 0.0, 113.68586730957031, 4.423782797642144
2847, 379.6125183105469, -75.44988250732422, 0.12605062127113342, 1.0, 0.0, 113.96354675292969, 4.514241654942051
2848, 379.5636291503906, -75.35517120361328, 0.12987034022808075, 0.9500000476837158, 0.0, 114.2583236694336, 4.606347433072986
2849, 379.51263427734375, -75.25804901123047, 0.1375097632408142, 0.8500001430511475, 0.0, 114.56816101074219, 4.694956973303108
2850, 379.46405029296875, -75.16697692871094, 0.13941963016986847, 0.8250001668930054, 0.0, 114.8659896850586, 4.772046239870333
2851, 379.4134826660156, -75.07369232177734, 0.14514920115470886, 0.7500002384185791, 0.0, 115.17948150634766, 4.844267598710535
2852, 379.3590393066406, -74.9750747680664, 0.1489689201116562, 0.7000002861022949, 0.0, 115.52084350585938, 4.912935184471104
2853, 379.3048400878906, -74.87842559814453, 0.15278862416744232, 0.6500003337860107, 0.0, 115.86521911621094, 4.972828785543475
2854, 379.25048828125, -74.78324890136719, 0.15660834312438965, 0.6000003814697266, 0.0, 116.2140121459961, 5.024823547678562
2855, 379.19354248046875, -74.68524169921875, 0.16042806208133698, 0.5500004291534424, 0.0, 116.583740234375, 5.071898866228796
2856, 379.1343994140625, -74.58528900146484, 0.1642477810382843, 0.5000004768371582, 0.0, 116.97187042236328, 5.112382229032033
2857, 379.07745361328125, -74.49075317382812, 0.16806748509407043, 0.45000046491622925, 0.0, 117.34932708740234, 5.143746338208623
2858, 379.0191650390625, -74.39569854736328, 0.17188720405101776, 0.4000004529953003, 0.0, 117.73930358886719, 5.168833161069482
2859, 378.95513916015625, -74.29329681396484, 0.1757069230079651, 0.35000044107437134, 0.0, 118.17196655273438, 5.187231059871125
2860, 378.894287109375, -74.19788360595703, 0.18143649399280548, 0.2750004231929779, 0.0, 118.58718872070312, 5.195087992162708
2861, 378.8313293457031, -74.10091400146484, 0.1852562129497528, 0.22500041127204895, 0.0, 119.02367401123047, 5.183545201105851
2862, 378.7687683105469, -74.0065689086914, 0.18907591700553894, 0.17500039935112, 0.0, 119.46060180664062, 5.171242001535157
2863, 378.7063293457031, -73.91405487060547, 0.19289563596248627, 0.12500038743019104, 0.0, 119.9020767211914, 5.149942383018797
2864, 378.6400451660156, -73.81787109375, 0.1967153549194336, 0.07500039041042328, 0.0, 120.37519073486328, 5.131116358336331
2865, 378.5738525390625, -73.72366333007812, 0.20053507387638092, 0.02500039152801037, 0.0, 120.8518295288086, 5.0923169266328925
2866, 378.5095520019531, -73.63399505615234, 0.20180830359458923, -0.02499960921704769, 0.0, 121.31842803955078, 5.07001518472128
2867, 378.4430236816406, -73.54280853271484, 0.20053507387638092, 0.0, 0.0, 121.80204772949219, 5.027248736163978
2868, 378.37445068359375, -73.45076751708984, 0.20180830359458923, 0.0, 0.0, 122.2984619140625, 5.009545424674206
2869, 378.3062744140625, -73.36103057861328, 0.19989845156669617, 0.0, 0.0, 122.78821563720703, 4.982355544522678
2870, 378.23846435546875, -73.27336120605469, 0.20053507387638092, 0.0, 0.0, 123.2719955444336, 4.950379998684126
2871, 378.1705627441406, -73.18724822998047, 0.20180830359458923, 0.0, 0.0, 123.75273132324219, 4.915692326114441
2872, 378.102294921875, -73.10218048095703, 0.20053507387638092, 0.0, 0.0, 124.23252868652344, 4.879665977779821
2873, 378.0326843261719, -73.01701354980469, 0.20180830359458923, 0.02500000037252903, 0.0, 124.71793365478516, 4.843403449707054
2874, 377.9576110839844, -72.9268569946289, 0.20053507387638092, 0.07500000298023224, 0.0, 125.23661804199219, 4.806794849232187
2875, 377.87884521484375, -72.83419036865234, 0.20180830359458923, 0.125, 0.0, 125.77505493164062, 4.773259863876787
2876, 377.79632568359375, -72.73894500732422, 0.19989845156669617, 0.20000001788139343, 0.0, 126.33292388916016, 4.7456747687203835
2877, 377.7216796875, -72.65438079833984, 0.20117168128490448, 0.2500000298023224, 0.0, 126.83203125, 4.728307870957086
2878, 377.6398010253906, -72.56340789794922, 0.19989845156669617, 0.30000004172325134, 0.0, 127.37261199951172, 4.71762179013875
2879, 377.56353759765625, -72.48020935058594, 0.20053507387638092, 0.3750000596046448, 0.0, 127.87026977539062, 4.715024714894293
2880, 377.4837341308594, -72.3946762084961, 0.20117168128490448, 0.4500000774860382, 0.0, 128.38572692871094, 4.721331933268136
2881, 377.39703369140625, -72.30349731445312, 0.19989845156669617, 0.5000000596046448, 0.0, 128.93875122070312, 4.738567555281885
2882, 377.31866455078125, -72.22254180908203, 0.20117168128490448, 0.550000011920929, 0.0, 129.43321228027344, 4.761352017128717
2883, 377.2345275878906, -72.13717651367188, 0.20180830359458923, 0.6249999403953552, 0.0, 129.95904541015625, 4.7930261530271325
2884, 377.14886474609375, -72.0517807006836, 0.20053507387638092, 0.6749998927116394, 0.0, 130.48863220214844, 4.8334034477729215
2885, 377.06573486328125, -71.97039794921875, 0.20180830359458923, 0.7249998450279236, 0.0, 130.9972381591797, 4.878785241929913
2886, 376.9739685058594, -71.88213348388672, 0.19989845156669617, 0.7999997735023499, 0.0, 131.5522918701172, 4.935887656118964
2887, 376.8894348144531, -71.80218505859375, 0.20117168128490448, 0.849999725818634, 0.0, 132.0585174560547, 4.994525505247397
2888, 376.7947082519531, -71.71419525146484, 0.20117168128490448, 0.849999725818634, 0.0, 132.6191864013672, 5.066199205118565
2889, 376.699951171875, -71.62773895263672, 0.20053507387638092, 0.9749996066093445, 0.0, 133.17393493652344, 5.14331631519508
2890, 376.6019592285156, -71.54003143310547, 0.20180830359458923, 1.0249996185302734, 0.0, 133.74185180664062, 5.22865804776187
2891, 376.50146484375, -71.45173645019531, 0.20053507387638092, 1.0, 0.0, 134.31822204589844, 5.3199925172953435
2892, 376.3987731933594, -71.36312103271484, 0.20053507387638092, 0.9000000953674316, 0.0, 134.9015350341797, 5.412148824293518
2893, 376.29705810546875, -71.2770004272461, 0.20180830359458923, 0.8500001430511475, 0.0, 135.47398376464844, 5.498456974713527
2894, 376.1912841796875, -71.18914031982422, 0.20053507387638092, 0.8000001907348633, 0.0, 136.06414794921875, 5.579513604629753
2895, 376.0779113769531, -71.09686279296875, 0.20117168128490448, 0.725000262260437, 0.0, 136.6896514892578, 5.657519513886191
2896, 375.9678955078125, -71.00906372070312, 0.19989845156669617, 0.6750003099441528, 0.0, 137.29344177246094, 5.711621528195515
2897, 375.85089111328125, -70.91775512695312, 0.20117168128490448, 0.6250003576278687, 0.0, 137.92454528808594, 5.749361014119216
2898, 375.7432861328125, -70.8354263305664, 0.20180830359458923, 0.5500004291534424, 0.0, 138.50425720214844, 5.782798159380811
2899, 375.62255859375, -70.74504089355469, 0.20053507387638092, 0.5000004768371582, 0.0, 139.14596557617188, 5.813173242816856
2900, 375.5058898925781, -70.6595230102539, 0.20180830359458923, 0.45000046491622925, 0.0, 139.76580810546875, 5.828319201617514
2901, 375.3897705078125, -70.57625579833984, 0.19989845156669617, 0.3750004470348358, 0.0, 140.37686157226562, 5.846641807180513
2902, 375.2763977050781, -70.49665069580078, 0.20117168128490448, 0.3000004291534424, 0.0, 140.9716796875, 5.8617972925051465
2903, 375.1518249511719, -70.41117858886719, 0.20180830359458923, 0.2500004172325134, 0.0, 141.62066650390625, 5.868554647023055
2904, 375.0281982421875, -70.32826232910156, 0.20053507387638092, 0.20000040531158447, 0.0, 142.26414489746094, 5.860418015901477
2905, 374.90240478515625, -70.24590301513672, 0.20117168128490448, 0.12500038743019104, 0.0, 142.91485595703125, 5.848113198565185
2906, 374.77960205078125, -70.16731262207031, 0.19989845156669617, 0.07500039041042328, 0.0, 143.5494842529297, 5.828453237784149
2907, 374.6551208496094, -70.089599609375, 0.20117168128490448, 0.02500039152801037, 0.0, 144.18878173828125, 5.804728259746532
2908, 374.5326843261719, -70.01500701904297, 0.20180830359458923, 0.0, 0.0, 144.81808471679688, 5.771151070979955
2909, 374.40484619140625, -69.93904876708984, 0.20053507387638092, 0.0, 0.0, 145.47213745117188, 5.730900718299344
2910, 374.28045654296875, -69.86698150634766, 0.20180830359458923, 0.0, 0.0, 146.10948181152344, 5.685449038194793
2911, 374.1507263183594, -69.7938232421875, 0.19989845156669617, 0.0, 0.0, 146.76980590820312, 5.63653591937129
2912, 374.0245666503906, -69.72443389892578, 0.20117168128490448, 0.0, 0.0, 147.41351318359375, 5.584859191278821
2913, 373.89642333984375, -69.65594482421875, 0.20180830359458923, 0.0, 0.0, 148.06332397460938, 5.53313574230508
2914, 373.77459716796875, -69.59251403808594, 0.20053507387638092, 0.0, 0.0, 148.68161010742188, 5.483532562352452
2915, 373.64776611328125, -69.52835083007812, 0.20117168128490448, 0.0, 0.0, 149.32044982910156, 5.431345097841265
2916, 373.5242614746094, -69.46759033203125, 0.20180830359458923, 0.05000000074505806, 0.0, 149.943359375, 5.380657746266603
2917, 373.39959716796875, -69.40803527832031, 0.19989845156669617, 0.125, 0.0, 150.56640625, 5.333947611876226
2918, 373.2761535644531, -69.35072326660156, 0.20117168128490448, 0.17500001192092896, 0.0, 151.1826171875, 5.288942676268379
2919, 373.15325927734375, -69.29534912109375, 0.19989845156669617, 0.2250000238418579, 0.0, 151.78990173339844, 5.251412996773418
2920, 373.0323791503906, -69.2424087524414, 0.20053507387638092, 0.30000004172325134, 0.0, 152.385986328125, 5.218790277017491
2921, 372.91632080078125, -69.19310760498047, 0.20180830359458923, 0.3500000536441803, 0.0, 152.9523468017578, 5.199825373925658
2922, 372.79632568359375, -69.14360046386719, 0.20053507387638092, 0.40000006556510925, 0.0, 153.53602600097656, 5.182534555122706
2923, 372.6705322265625, -69.09327697753906, 0.19862520694732666, 0.4750000834465027, 0.0, 154.1402587890625, 5.16641667007518
2924, 372.55023193359375, -69.0464859008789, 0.19735197722911835, 0.4750000536441803, 0.0, 154.7152099609375, 5.161293462433533
2925, 372.4265441894531, -68.99986267089844, 0.19735197722911835, 0.4750000536441803, 0.0, 155.29690551757812, 5.163139564159361
2926, 372.30712890625, -68.95606994628906, 0.19416888058185577, 0.3500000238418579, 0.0, 155.8547821044922, 5.1692995819664205
2927, 372.1791687011719, -68.91059112548828, 0.19289563596248627, 0.30000001192092896, 0.0, 156.44309997558594, 5.17000262980342
2928, 372.0537414550781, -68.8673095703125, 0.1909857839345932, 0.22499999403953552, 0.0, 157.0165252685547, 5.165857176889382
2929, 371.9280090332031, -68.82527923583984, 0.18907591700553894, 0.1499999761581421, 0.0, 157.58250427246094, 5.160562721545358
2930, 371.80963134765625, -68.78682708740234, 0.18780268728733063, 0.09999997913837433, 0.0, 158.11264038085938, 5.155069699884144
2931, 371.6826171875, -68.74688720703125, 0.18589282035827637, 0.024999981746077538, 0.0, 158.67333984375, 5.13843294128288
2932, 371.5626220703125, -68.7102279663086, 0.18207311630249023, 0.0, 0.0, 159.2002410888672, 5.11442793570883
2933, 371.4365539550781, -68.67284393310547, 0.1757069230079651, 0.0, 0.0, 159.74298095703125, 5.081510234655263
2934, 371.3150939941406, -68.63773345947266, 0.16934072971343994, 0.0, 0.0, 160.2591552734375, 5.045981139606075
2935, 371.1980895996094, -68.60470581054688, 0.15979143977165222, 0.0, 0.0, 160.74169921875, 5.0242054273578285
2936, 371.0728759765625, -68.57032775878906, 0.15342524647712708, 0.0, 0.0, 161.23556518554688, 5.025431404440284
2937, 370.95123291015625, -68.53779602050781, 0.1489689201116562, 0.0, 0.0, 161.69664001464844, 5.004327277382688
2938, 370.82952880859375, -68.50616455078125, 0.14769567549228668, 0.0, 0.0, 162.1432647705078, 4.972992049475925
2939, 370.7072448730469, -68.47532653808594, 0.14642244577407837, 0.0, 0.0, 162.5806884765625, 4.935959870673763
2940, 370.5844421386719, -68.4452896118164, 0.1445125788450241, 0.0, 0.0, 163.0105743408203, 4.895738815788854
2941, 370.4676513671875, -68.4175796508789, 0.14260272681713104, 0.0, 0.0, 163.4117431640625, 4.855955455439981
2942, 370.3490295410156, -68.39026641845703, 0.14132948219776154, 0.0, 0.0, 163.81268310546875, 4.8147205266564095
2943, 370.2330017089844, -68.36437225341797, 0.13941963016986847, 0.05000000074505806, 0.0, 164.19857788085938, 4.776237196490004
2944, 370.1152648925781, -68.33888244628906, 0.13814638555049896, 0.10000000149011612, 0.0, 164.5844268798828, 4.741015765313136
2945, 369.99896240234375, -68.31448364257812, 0.13687315583229065, 0.15000000596046448, 0.0, 164.9604034423828, 4.711742547237634
2946, 369.873779296875, -68.28888702392578, 0.12732386589050293, 0.2250000238418579, 0.0, 165.35447692871094, 4.68860515882459
2947, 369.7583923339844, -68.26580047607422, 0.12095767259597778, 0.27500003576278687, 0.0, 165.70492553710938, 4.675850505426343
2948, 369.6414794921875, -68.24279022216797, 0.11140838265419006, 0.3500000536441803, 0.0, 166.04388427734375, 4.6715257283043075
2949, 369.5190124511719, -68.21912384033203, 0.11013514548540115, 0.40000006556510925, 0.0, 166.3836212158203, 4.67640393941295
2950, 369.40142822265625, -68.1969223022461, 0.10886190831661224, 0.4500000774860382, 0.0, 166.69854736328125, 4.689118704512127
2951, 369.2826232910156, -68.17504119873047, 0.10695204883813858, 0.5250000357627869, 0.0, 167.0074005126953, 4.7097499485923775
2952, 369.1609802246094, -68.15319061279297, 0.10567881166934967, 0.574999988079071, 0.0, 167.3157501220703, 4.739481606070112
2953, 369.0379638671875, -68.13166809082031, 0.10313233733177185, 0.6749998927116394, 0.0, 167.6198272705078, 4.778182818722973
2954, 368.91595458984375, -68.11087036132812, 0.10185910016298294, 0.7249998450279236, 0.0, 167.9147186279297, 4.826125812859697
2955, 368.79034423828125, -68.09001159667969, 0.10058585554361343, 0.7749997973442078, 0.0, 168.2122802734375, 4.883620528762446
2956, 368.6575012207031, -68.06854248046875, 0.09867600351572037, 0.849999725818634, 0.0, 168.5207061767578, 4.952468416877258
2957, 368.53228759765625, -68.04887390136719, 0.09740276634693146, 0.8999996781349182, 0.0, 168.80592346191406, 5.024685569649339
2958, 368.4129943847656, -68.03060150146484, 0.0954929068684578, 0.9749996066093445, 0.0, 169.0727081298828, 5.098853897079675
2959, 368.2815246582031, -68.01097869873047, 0.09421966969966888, 1.0249996185302734, 0.0, 169.36131286621094, 5.187149813629738
2960, 368.1448059082031, -67.99115753173828, 0.09294642508029938, 1.0, 0.0, 169.6560516357422, 5.283179348153877
2961, 368.0121765136719, -67.97247314453125, 0.09103657305240631, 1.0, 0.0, 169.9366912841797, 5.378390438293121
2962, 367.873046875, -67.95342254638672, 0.0897633358836174, 1.0, 0.0, 170.22618103027344, 5.477929489222865
2963, 367.72943115234375, -67.93437194824219, 0.0884900912642479, 0.9500000476837158, 0.0, 170.51943969726562, 5.579816947834026
2964, 367.5769348144531, -67.9147720336914, 0.08594361692667007, 0.8500001430511475, 0.0, 170.8257598876953, 5.679799779963561
2965, 367.4352722167969, -67.89716339111328, 0.08530700206756592, 0.8250001668930054, 0.0, 171.10379028320312, 5.7648749827278385
2966, 367.2867126464844, -67.87925720214844, 0.0827605202794075, 0.725000262260437, 0.0, 171.39308166503906, 5.839476725728098
2967, 367.1374816894531, -67.86194610595703, 0.08148728311061859, 0.6750003099441528, 0.0, 171.67236328125, 5.895309020795833
2968, 366.9858093261719, -67.84489440917969, 0.07957742363214493, 0.6000003814697266, 0.0, 171.95716857910156, 5.940903365609669
2969, 366.8353576660156, -67.82868957519531, 0.07830418646335602, 0.5500004291534424, 0.0, 172.22657775878906, 5.983610645033192
2970, 366.6791076660156, -67.81242370605469, 0.07703094929456711, 0.5000004768371582, 0.0, 172.50851440429688, 6.02215172437413
2971, 366.5334167480469, -67.79789733886719, 0.07512108981609344, 0.42500045895576477, 0.0, 172.7602996826172, 6.054933429019518
2972, 366.3751525878906, -67.78268432617188, 0.07384785264730453, 0.3750004470348358, 0.0, 173.03408813476562, 6.07986246097217
2973, 366.220458984375, -67.76844787597656, 0.07193799316883087, 0.3000004291534424, 0.0, 173.29331970214844, 6.088241270511704
2974, 366.0594482421875, -67.75420379638672, 0.07066475600004196, 0.2500004172325134, 0.0, 173.56231689453125, 6.084879531000997
2975, 365.90228271484375, -67.74091339111328, 0.0687548965215683, 0.22500041127204895, 0.0, 173.8182373046875, 6.076891806101968
2976, 365.74615478515625, -67.72825622558594, 0.06748165935277939, 0.2750004231929779, 0.0, 174.07077026367188, 6.067037876928981
2977, 365.5868225097656, -67.7159652709961, 0.06620842218399048, 0.32500043511390686, 0.0, 174.32167053222656, 6.056282232811168
2978, 365.426513671875, -67.70417022705078, 0.06429856270551682, 0.4000004529953003, 0.0, 174.57203674316406, 6.0448530942367675
2979, 365.2649841308594, -67.69290924072266, 0.0630253255367279, 0.45000046491622925, 0.0, 174.8163299560547, 6.038062744651491
2980, 365.1004638671875, -67.68199920654297, 0.06111546978354454, 0.5250004529953003, 0.0, 175.0626983642578, 6.034437358196986
2981, 364.9453430175781, -67.67229461669922, 0.05984223261475563, 0.5750004053115845, 0.0, 175.28677368164062, 6.045274877696686
2982, 364.77972412109375, -67.6624755859375, 0.05793237313628197, 0.6500003337860107, 0.0, 175.52255249023438, 6.062587527736116
2983, 364.61846923828125, -67.65348052978516, 0.0560225173830986, 0.725000262260437, 0.0, 175.74258422851562, 6.088093675245323
2984, 364.4430847167969, -67.64424133300781, 0.05411265790462494, 0.8000001907348633, 0.0, 175.97793579101562, 6.120162262423691
2985, 364.2794189453125, -67.63617706298828, 0.05283942073583603, 0.8500001430511475, 0.0, 176.1874237060547, 6.167667418643383
2986, 364.115234375, -67.6285629272461, 0.050929564982652664, 0.9250000715255737, 0.0, 176.39405822753906, 6.243431473055831
2987, 363.95697021484375, -67.62171936035156, 0.049656324088573456, 0.9750000238418579, 0.0, 176.58265686035156, 6.342684987640675
2988, 363.7887268066406, -67.61487579345703, 0.04774646833539009, 1.0, 0.0, 176.7807159423828, 6.457466091063928
2989, 363.6168518066406, -67.60839080810547, 0.04647323116660118, 1.0, 0.0, 176.97283935546875, 6.5742138512471975
2990, 363.44036865234375, -67.60216522216797, 0.04456337168812752, 1.0, 0.0, 177.1665802001953, 6.69260030872875
2991, 363.2635192871094, -67.59638214111328, 0.04329013451933861, 1.0, 0.0, 177.3537139892578, 6.807659185669154
2992, 363.0701599121094, -67.5905532836914, 0.041380275040864944, 0.9750000238418579, 0.0, 177.55247497558594, 6.927419191143612
2993, 362.8832092285156, -67.58537292480469, 0.03947041928768158, 0.9000000953674316, 0.0, 177.73753356933594, 7.036747155524604
2994, 362.67791748046875, -67.58019256591797, 0.037560559809207916, 0.8250001668930054, 0.0, 177.93338012695312, 7.146694562572986
2995, 362.4869689941406, -67.5758285522461, 0.036287322640419006, 0.7750002145767212, 0.0, 178.10870361328125, 7.2388871619527135
2996, 362.29400634765625, -67.5718765258789, 0.035014085471630096, 0.725000262260437, 0.0, 178.27981567382812, 7.322274199861617
2997, 362.1070556640625, -67.56846618652344, 0.03310422599315643, 0.6500003337860107, 0.0, 178.43948364257812, 7.393583740569624
2998, 361.89862060546875, -67.56513977050781, 0.03183098882436752, 0.6000003814697266, 0.0, 178.61048889160156, 7.4614223629748215
2999, 361.6907653808594, -67.56229400634766, 0.02992113120853901, 0.5250004529953003, 0.0, 178.77349853515625, 7.516947799875149
3000, 361.491943359375, -67.55998992919922, 0.02864789217710495, 0.4750004708766937, 0.0, 178.92286682128906, 7.558406651547929
3001, 361.2721862792969, -67.55790710449219, 0.026738034561276436, 0.4000004529953003, 0.0, 179.07981872558594, 7.591540766143518
3002, 361.0672912597656, -67.55636596679688, 0.024828176945447922, 0.32500043511390686, 0.0, 179.21876525878906, 7.60934929230779
3003, 360.8675842285156, -67.55522155761719, 0.022918321192264557, 0.2500004172325134, 0.0, 179.34646606445312, 7.614321891038481
3004, 360.66424560546875, -67.55435943603516, 0.021008463576436043, 0.17500039935112, 0.0, 179.4692840576172, 7.6061297618219585
3005, 360.4660339355469, -67.5538330078125, 0.019735224545001984, 0.12500038743019104, 0.0, 179.5807647705078, 7.586512200374111
3006, 360.25927734375, -67.55358123779297, 0.018461985513567924, 0.07500039041042328, 0.0, 179.69168090820312, 7.554191773788534
3007, 360.06097412109375, -67.55361938476562, 0.01655212789773941, 3.915280046840053e-07, 0.0, 179.78817749023438, 7.513308807980087
3008, 359.86773681640625, -67.55384826660156, 0.015278889797627926, 3.9078295799299667e-07, 0.0, 179.8795928955078, 7.463548626624144
3009, 359.65972900390625, -67.55431365966797, 0.010822550393640995, 0.07500039041042328, 0.0, 179.96376037597656, 7.4054848258242325
3010, 359.46142578125, -67.5546875, 0.004456352908164263, 0.12500038743019104, 0.0, -179.9627227783203, 7.350045066068687
3011, 359.26885986328125, -67.55497741699219, -0.0019098592456430197, 0.20000040531158447, 0.0, -179.9131622314453, 7.301253319837046
3012, 359.06866455078125, -67.55501556396484, -0.005729577504098415, 0.2500004172325134, 0.0, -179.87234497070312, 7.256998098632458
3013, 358.8728942871094, -67.55487823486328, -0.01145915500819683, 0.32500043511390686, 0.0, -179.85984802246094, 7.2211373426162595
3014, 358.6724853515625, -67.55425262451172, -0.01718873344361782, 0.4000004529953003, 0.0, -179.85720825195312, 7.191480459883369
3015, 358.4653015136719, -67.5533218383789, -0.021008450537919998, 0.35000044107437134, 0.0, -179.8892059326172, 7.165822927826737
3016, 358.2685546875, -67.55178833007812, -0.02864788845181465, 0.2500004172325134, 0.0, -179.92823791503906, 7.144538636955813
3017, 358.07421875, -67.54985809326172, -0.03246760740876198, 0.20000040531158447, 0.0, 179.99937438964844, 7.123797531148196
3018, 357.8868713378906, -67.54730987548828, -0.03819718211889267, 0.12500038743019104, 0.0, 179.91995239257812, 7.101261610874036
3019, 357.70733642578125, -67.54439544677734, -0.0420168936252594, 0.07500039041042328, 0.0, 179.8157501220703, 7.074456748820276
3020, 357.5155334472656, -67.54061126708984, -0.04265351593494415, 3.915280046840053e-07, 0.0, 179.69595336914062, 7.037554260942983
3021, 357.33245849609375, -67.53662872314453, -0.041380275040864944, 0.0, 0.0, 179.55859375, 6.991537029088363
3022, 357.1340637207031, -67.5317611694336, -0.03947041928768158, 0.0, 0.0, 179.41253662109375, 6.935403100513052
3023, 356.95343017578125, -67.52711486816406, -0.03819718211889267, 0.0, 0.0, 179.26171875, 6.879390746547882
3024, 356.77154541015625, -67.52198028564453, -0.03692394122481346, 0.0, 0.0, 179.1184844970703, 6.82330318510989
3025, 356.5849914550781, -67.5165023803711, -0.035014085471630096, 0.0, 0.0, 178.95834350585938, 6.761157824849938
3026, 356.4109191894531, -67.5109634399414, -0.03374084457755089, 0.0, 0.0, 178.82167053222656, 6.703900530432636
3027, 356.22607421875, -67.50489807128906, -0.031194370239973068, 0.0, 0.0, 178.666259765625, 6.6400323426731065
3028, 356.0583801269531, -67.49900817871094, -0.02992113120853901, 0.0, 0.0, 178.54052734375, 6.583370324636101
3029, 355.883544921875, -67.49271392822266, -0.028011273592710495, 0.05000000074505806, 0.0, 178.40171813964844, 6.524761508140568
3030, 355.7159423828125, -67.48628997802734, -0.026738034561276436, 0.10000000149011612, 0.0, 178.2848663330078, 6.471900284665136
3031, 355.5469055175781, -67.47969055175781, -0.024828176945447922, 0.17500001192092896, 0.0, 178.16006469726562, 6.421478707738334
3032, 355.3826904296875, -67.4729232788086, -0.023554939776659012, 0.2250000238418579, 0.0, 178.0560760498047, 6.379490133909579
3033, 355.2124938964844, -67.46581268310547, -0.022281700745224953, 0.27500003576278687, 0.0, 177.9405975341797, 6.340019108527729
3034, 355.0453186035156, -67.45845031738281, -0.02037184312939644, 0.3500000536441803, 0.0, 177.84701538085938, 6.308123195527774
3035, 354.8769836425781, -67.45099639892578, -0.01909860596060753, 0.40000006556510925, 0.0, 177.74392700195312, 6.282951676596897
3036, 354.7161560058594, -67.44356536865234, -0.017188748344779015, 0.4750000834465027, 0.0, 177.66525268554688, 6.270373125962015
3037, 354.54681396484375, -67.43572235107422, -0.015915509313344955, 0.5250000357627869, 0.0, 177.574462890625, 6.263881251679667
3038, 354.3889465332031, -67.42830657958984, -0.005729593336582184, 0.6249999403953552, 0.0, 177.51402282714844, 6.270188989182607
3039, 354.2082214355469, -67.42020416259766, 0.0, 0.6249999403953552, 0.0, 177.44728088378906, 6.280465023589091
3040, 354.0311584472656, -67.41233825683594, 0.005729577504098415, 0.550000011920929, 0.0, 177.41879272460938, 6.289174432922573
3041, 353.86663818359375, -67.40544128417969, 0.009549296461045742, 0.5000000596046448, 0.0, 177.39321899414062, 6.313204595659276
3042, 353.6879577636719, -67.39811706542969, 0.015278873965144157, 0.42500004172325134, 0.0, 177.40065002441406, 6.337478629352556
3043, 353.5223083496094, -67.39167785644531, 0.014005634002387524, 0.3750000298023224, 0.0, 177.4067840576172, 6.357111597126551
3044, 353.3476867675781, -67.38481903076172, 0.012095773592591286, 0.30000001192092896, 0.0, 177.4370880126953, 6.373176577702637
3045, 353.1809997558594, -67.37843322753906, 0.010822533629834652, 0.25, 0.0, 177.4571533203125, 6.381226407297592
3046, 353.0184631347656, -67.3720474243164, 0.008912673220038414, 0.17499998211860657, 0.0, 177.49142456054688, 6.385671079384009
3047, 352.85198974609375, -67.3656005859375, 0.00763943325728178, 0.12499997764825821, 0.0, 177.51458740234375, 6.380577988195482
3048, 352.67987060546875, -67.35871887207031, 0.005729574244469404, 0.04999998211860657, 0.0, 177.55088806152344, 6.360074073178758
3049, 352.51025390625, -67.35203552246094, 0.004456335213035345, -1.8253922817734747e-08, 0.0, 177.5694580078125, 6.329592011891226
3050, 352.3504333496094, -67.34552764892578, 0.0019098557531833649, 0.02500000037252903, 0.0, 177.5968475341797, 6.296255848834227
3051, 352.17889404296875, -67.33858489990234, 0.0, 0.07500000298023224, 0.0, 177.60696411132812, 6.254324779950167
3052, 352.01556396484375, -67.33175659179688, 0.0, 0.15000000596046448, 0.0, 177.62698364257812, 6.212194308582238
3053, 351.84375, -67.32472229003906, 0.0, 0.20000001788139343, 0.0, 177.62847900390625, 6.1688971231814875
3054, 351.6784362792969, -67.3177719116211, 0.0, 0.27500003576278687, 0.0, 177.6441192626953, 6.1308759209066315
3055, 351.5238342285156, -67.31143188476562, 0.0, 0.3250000476837158, 0.0, 177.64242553710938, 6.106657776430739
3056, 351.3589782714844, -67.30452728271484, 0.0, 0.3750000596046448, 0.0, 177.65423583984375, 6.08446985509787
3057, 351.2025451660156, -67.29814910888672, 0.0, 0.3750000596046448, 0.0, 177.64952087402344, 6.070716009744474
3058, 351.0420227050781, -67.29145812988281, 0.0, 0.5000000596046448, 0.0, 177.65919494628906, 6.064661494341483
3059, 350.8763122558594, -67.28473663330078, 0.0, 0.574999988079071, 0.0, 177.6522674560547, 6.062328558443195
3060, 350.7110595703125, -67.2778549194336, 0.0, 0.6499999165534973, 0.0, 177.66244506835938, 6.068314851812887
3061, 350.55474853515625, -67.27151489257812, 0.0, 0.7249998450279236, 0.0, 177.65667724609375, 6.093428401342804
3062, 350.3878173828125, -67.26458740234375, 0.0, 0.6749998927116394, 0.0, 177.66546630859375, 6.129773459512916
3063, 350.22491455078125, -67.25798797607422, 0.0, 0.5999999642372131, 0.0, 177.65939331054688, 6.167868914388012
3064, 350.0565185546875, -67.25100708007812, 0.0, 0.550000011920929, 0.0, 177.66793823242188, 6.2082584814946955
3065, 349.8879089355469, -67.24419403076172, 0.0, 0.4750000536441803, 0.0, 177.6616668701172, 6.243632736529287
3066, 349.7214660644531, -67.23731231689453, 0.0, 0.42500004172325134, 0.0, 177.6698455810547, 6.275617345251698
3067, 349.5425720214844, -67.23009490966797, 0.0, 0.3500000238418579, 0.0, 177.6625518798828, 6.296562104280535
3068, 349.37335205078125, -67.22309112548828, 0.0, 0.30000001192092896, 0.0, 177.67166137695312, 6.308541752159811
3069, 349.2080078125, -67.21641540527344, 0.0, 0.22499999403953552, 0.0, 177.66603088378906, 6.320239607865187
3070, 349.03631591796875, -67.2093276977539, 0.0, 0.17499998211860657, 0.0, 177.6745147705078, 6.3206342478639925
3071, 348.86138916015625, -67.20228576660156, 0.0, 0.09999997913837433, 0.0, 177.66680908203125, 6.306551256464344
3072, 348.69146728515625, -67.19527435302734, 0.0, 0.04999998211860657, 0.0, 177.67555236816406, 6.284490706771559
3073, 348.5295715332031, -67.18875885009766, 0.0, 0.09999997913837433, 0.0, 177.66903686523438, 6.260952095645023
3074, 348.36737060546875, -67.18209075927734, 0.0, 0.1499999761581421, 0.0, 177.67591857910156, 6.234681764230434
3075, 348.2033386230469, -67.17549896240234, 0.0, 0.22499999403953552, 0.0, 177.66873168945312, 6.205913449847763
3076, 348.03704833984375, -67.16864776611328, 0.0, 0.2750000059604645, 0.0, 177.6764678955078, 6.17663796403841
3077, 347.867919921875, -67.16191101074219, 0.0019098592456430197, 0.3500000238418579, 0.0, 177.66893005371094, 6.14896644897069
3078, 347.70404052734375, -67.15534210205078, 0.005729577504098415, 0.40000003576278687, 0.0, 177.6822509765625, 6.12948916464535
3079, 347.5517578125, -67.14957427978516, 0.009549296461045742, 0.4500000476837158, 0.0, 177.68655395507812, 6.125293579760701
3080, 347.3993225097656, -67.14395904541016, 0.015278873965144157, 0.42500004172325134, 0.0, 177.71168518066406, 6.129753946316405
3081, 347.236328125, -67.13845825195312, 0.019098592922091484, 0.3750000298023224, 0.0, 177.73690795898438, 6.131145348738584
3082, 347.0783386230469, -67.13338470458984, 0.024828169494867325, 0.30000001192092896, 0.0, 177.7880859375, 6.128672385138099
3083, 346.92413330078125, -67.12899017333984, 0.02864788845181465, 0.25, 0.0, 177.83792114257812, 6.128355174143631
3084, 346.76123046875, -67.12461853027344, 0.02992112934589386, 0.19999998807907104, 0.0, 177.91696166992188, 6.119154673905863
3085, 346.598388671875, -67.12069702148438, 0.02737465314567089, 0.09999997913837433, 0.0, 177.9890594482422, 6.101504184953749
3086, 346.44378662109375, -67.11701202392578, 0.02610141411423683, 0.04999998211860657, 0.0, 178.07643127441406, 6.080034564240356
3087, 346.28094482421875, -67.11343383789062, 0.024191556498408318, 0.0, 0.0, 178.1554718017578, 6.0479008262603875
3088, 346.1153869628906, -67.1097412109375, 0.022918319329619408, 0.0, 0.0, 178.25363159179688, 6.001639773575843
3089, 345.9580383300781, -67.10652923583984, 0.021008461713790894, 0.05000000074505806, 0.0, 178.32867431640625, 5.9596134928237445
3090, 345.79901123046875, -67.10321807861328, 0.019735222682356834, 0.10000000149011612, 0.0, 178.41876220703125, 5.9150875357661725
3091, 345.63287353515625, -67.1000747680664, 0.018461983650922775, 0.15000000596046448, 0.0, 178.49130249023438, 5.866430467379456
3092, 345.47882080078125, -67.0970458984375, 0.015915507450699806, 0.2500000298023224, 0.0, 178.57301330566406, 5.82654649536404
3093, 345.3291015625, -67.09435272216797, 0.014642267487943172, 0.30000004172325134, 0.0, 178.63177490234375, 5.798798799554527
3094, 345.177490234375, -67.09149932861328, 0.012732407078146935, 0.3750000596046448, 0.0, 178.70230102539062, 5.7746841815116055
3095, 345.0271911621094, -67.08890533447266, 0.0114591671153903, 0.42500007152557373, 0.0, 178.75100708007812, 5.758619704220569
3096, 344.8771057128906, -67.08619689941406, 0.010185926221311092, 0.4750000834465027, 0.0, 178.81114196777344, 5.749169502573701
3097, 344.72662353515625, -67.08379364013672, 0.01336902566254139, 0.550000011920929, 0.0, 178.85293579101562, 5.748462506963208
3098, 344.574951171875, -67.08146667480469, 0.017188744619488716, 0.5999999642372131, 0.0, 178.9134063720703, 5.754717174784414
3099, 344.4178161621094, -67.07963562011719, 0.022918323054909706, 0.6749998927116394, 0.0, 178.96449279785156, 5.767583714876747
3100, 344.2674255371094, -67.07801818847656, 0.021645084023475647, 0.7249998450279236, 0.0, 179.0352783203125, 5.794421568523372
3101, 344.1163330078125, -67.07674407958984, 0.019098607823252678, 0.8249997496604919, 0.0, 179.09292602539062, 5.839826517519798
3102, 343.94964599609375, -67.07533264160156, 0.01782536879181862, 0.8749997019767761, 0.0, 179.1724853515625, 5.888686196909704
3103, 343.785888671875, -67.07421875, 0.015915511175990105, 0.9499996304512024, 0.0, 179.2312774658203, 5.944510664080005
3104, 343.6311950683594, -67.07311248779297, 0.014642271213233471, 0.9999995827674866, 0.0, 179.29782104492188, 6.032212027435595
3105, 343.47723388671875, -67.07215118408203, 0.012732410803437233, 1.0, 0.0, 179.35179138183594, 6.154376826988156
3106, 343.29583740234375, -67.07099914550781, 0.0114591708406806, 0.9500000476837158, 0.0, 179.41751098632812, 6.291465061005641
3107, 343.1242370605469, -67.07002258300781, 0.009549310430884361, 0.8750001192092896, 0.0, 179.46774291992188, 6.4007900664573505
3108, 342.9559020996094, -67.06903839111328, 0.008276070468127728, 0.8250001668930054, 0.0, 179.5184326171875, 6.506327446345262
3109, 342.7763671875, -67.06806182861328, 0.006366210989654064, 0.7500002384185791, 0.0, 179.56109619140625, 6.610385996609114
3110, 342.6028137207031, -67.06708526611328, 0.005092971958220005, 0.7000002861022949, 0.0, 179.6020965576172, 6.697579439449074
3111, 342.4305114746094, -67.06615447998047, 0.0031831124797463417, 0.6250003576278687, 0.0, 179.63284301757812, 6.776080028502893
3112, 342.2497863769531, -67.06511688232422, 0.0019098727498203516, 0.5750004053115845, 0.0, 179.66317749023438, 6.846640492898719
3113, 342.0758972167969, -67.06413269042969, 0.0, 0.5250004529953003, 0.0, 179.68313598632812, 6.9023501870834645
3114, 341.89764404296875, -67.06307983398438, 0.0, 0.42500045895576477, 0.0, 179.70167541503906, 6.947820086818087
3115, 341.7110900878906, -67.06204223632812, 0.0, 0.3750004470348358, 0.0, 179.713134765625, 6.979584181560838
3116, 341.5336608886719, -67.06103515625, 0.0, 0.3000004291534424, 0.0, 179.7253875732422, 6.995400653563455
3117, 341.35260009765625, -67.06008911132812, 0.0, 0.2500004172325134, 0.0, 179.73025512695312, 6.999832920760567
3118, 341.1673889160156, -67.05908966064453, 0.0, 0.2500004172325134, 0.0, 179.73997497558594, 6.993241342261965
3119, 340.9856262207031, -67.0582275390625, 0.0, 0.32500043511390686, 0.0, 179.73992919921875, 6.981120913097878
3120, 340.8070373535156, -67.05731201171875, 0.0, 0.3750004470348358, 0.0, 179.7476043701172, 6.970456383053217
3121, 340.6173095703125, -67.05646514892578, 0.0, 0.45000046491622925, 0.0, 179.74472045898438, 6.961397332266979
3122, 340.44293212890625, -67.05561065673828, 0.0, 0.5000004768371582, 0.0, 179.75108337402344, 6.959703880061235
3123, 340.2633972167969, -67.0548324584961, 0.0, 0.5500004291534424, 0.0, 179.7484893798828, 6.968428452282887
3124, 340.0714416503906, -67.05390930175781, 0.0, 0.5250004529953003, 0.0, 179.7552490234375, 6.980134144438777
3125, 339.8882751464844, -67.05314636230469, 0.0, 0.4750004708766937, 0.0, 179.75131225585938, 6.99215738317137
3126, 339.6940612792969, -67.0522232055664, 0.0, 0.4000004529953003, 0.0, 179.75811767578125, 7.004049848280519
3127, 339.5111999511719, -67.05147552490234, 0.0, 0.32500043511390686, 0.0, 179.75381469726562, 7.011364554149764
3128, 339.32757568359375, -67.05062866210938, 0.0, 0.2500004172325134, 0.0, 179.75918579101562, 7.015706034426663
3129, 339.14422607421875, -67.04988098144531, 0.0, 0.20000040531158447, 0.0, 179.7550048828125, 7.011840517260125
3130, 338.9662170410156, -67.049072265625, 0.0, 0.12500038743019104, 0.0, 179.7597198486328, 7.000121285784093
3131, 338.7898254394531, -67.0484390258789, 0.0038197184912860394, 0.07500039041042328, 0.0, 179.7582550048828, 6.98026026764058
3132, 338.6019592285156, -67.04786682128906, 0.007639436982572079, 0.02500039152801037, 0.0, 179.7718048095703, 6.947485865346213
3133, 338.4231262207031, -67.0477294921875, 0.013369014486670494, 0.0, 0.0, 179.78329467773438, 6.906400816667085
3134, 338.2369079589844, -67.04779052734375, 0.014642254449427128, 0.0, 0.0, 179.81631469726562, 6.856261909227133
3135, 338.0608215332031, -67.04816436767578, 0.01273239403963089, 0.0, 0.0, 179.84266662597656, 6.805041626327127
3136, 337.8832702636719, -67.04853057861328, 0.011459153145551682, 0.0, 0.0, 179.88369750976562, 6.750403384611475
3137, 337.70306396484375, -67.04908752441406, 0.009549292735755444, 0.0, 0.0, 179.9147491455078, 6.692297464871812
3138, 337.5265197753906, -67.04950714111328, 0.00763943325728178, 0.0, 0.0, 179.95672607421875, 6.632912792096845
3139, 337.35986328125, -67.05001068115234, 0.006366194225847721, 0.0, 0.0, 179.98297119140625, 6.577613097092527
3140, 337.1845703125, -67.05050659179688, 0.009549292735755444, 0.0, 0.0, -179.97735595703125, 6.517511063295129
3141, 336.9874572753906, -67.05140686035156, 0.01336901169270277, 0.0, 0.0, -179.9366912841797, 6.4520200619806145
3142, 336.8221130371094, -67.05254364013672, 0.019098591059446335, 0.0, 0.0, -179.89920043945312, 6.396383811421298
3143, 336.6529235839844, -67.05399322509766, 0.022918308153748512, 0.0, 0.0, -179.83938598632812, 6.335037932179572
3144, 336.4863586425781, -67.0560302734375, 0.028647886589169502, 0.0, 0.0, -179.78204345703125, 6.274308668956372
3145, 336.32415771484375, -67.05836486816406, 0.03246760368347168, 0.02500000037252903, 0.0, -179.6998291015625, 6.216289273007187
3146, 336.16363525390625, -67.06136322021484, 0.03819717466831207, 0.10000000149011612, 0.0, -179.6171875, 6.16235108625202
3147, 335.9930419921875, -67.06499481201172, 0.041380271315574646, 0.17500001192092896, 0.0, -179.4980926513672, 6.104566121655895
3148, 335.8370666503906, -67.06893157958984, 0.040107034146785736, 0.2250000238418579, 0.0, -179.393310546875, 6.061753267796075
3149, 335.6863098144531, -67.07290649414062, 0.03819717466831207, 0.30000004172325134, 0.0, -179.2725067138672, 6.028855480553932
3150, 335.52752685546875, -67.07752990722656, 0.03692393749952316, 0.3500000536441803, 0.0, -179.1553192138672, 6.000778432164182
3151, 335.37469482421875, -67.08206176757812, 0.0350140817463398, 0.42500007152557373, 0.0, -179.02671813964844, 5.9790416138024876
3152, 335.21478271484375, -67.08720397949219, 0.03374084085226059, 0.4750000834465027, 0.0, -178.9080352783203, 5.9649185167059455
3153, 335.05889892578125, -67.0922622680664, 0.031830985099077225, 0.550000011920929, 0.0, -178.7781219482422, 5.957829023442783
3154, 334.9033203125, -67.09773254394531, 0.033104222267866135, 0.5999999642372131, 0.0, -178.6651611328125, 5.964602342132224
3155, 334.73992919921875, -67.103759765625, 0.038833796977996826, 0.6249999403953552, 0.0, -178.52685546875, 5.974198483215442
3156, 334.5812683105469, -67.11032104492188, 0.042653512209653854, 0.574999988079071, 0.0, -178.40281677246094, 5.99419403583149
3157, 334.42706298828125, -67.11711883544922, 0.04647322744131088, 0.5250000357627869, 0.0, -178.26016235351562, 6.023132652737096
3158, 334.2716979980469, -67.1247787475586, 0.052202798426151276, 0.4500000476837158, 0.0, -178.1197967529297, 6.05686518923807
3159, 334.10888671875, -67.13339233398438, 0.056022513657808304, 0.40000003576278687, 0.0, -177.9467315673828, 6.0798214278104625
3160, 333.9520568847656, -67.14263153076172, 0.06366194039583206, 0.30000001192092896, 0.0, -177.77981567382812, 6.097503342738307
3161, 333.7913513183594, -67.15279388427734, 0.06748165935277939, 0.25, 0.0, -177.57901000976562, 6.106232605425862
3162, 333.6312561035156, -67.16390991210938, 0.07066475600004196, 0.17499998211860657, 0.0, -177.37855529785156, 6.107345840499952
3163, 333.4735107421875, -67.1754150390625, 0.06939151883125305, 0.12499997764825821, 0.0, -177.155517578125, 6.09845058780521
3164, 333.31109619140625, -67.18806457519531, 0.06748165935277939, 0.09999997913837433, 0.0, -176.93344116210938, 6.0824604942305065
3165, 333.15301513671875, -67.2007827758789, 0.06620842218399048, 0.1499999761581421, 0.0, -176.69740295410156, 6.057868525477335
3166, 332.99603271484375, -67.21409606933594, 0.06429856270551682, 0.22499999403953552, 0.0, -176.47607421875, 6.036226235867467
3167, 332.83612060546875, -67.22801971435547, 0.0630253255367279, 0.2750000059604645, 0.0, -176.2349090576172, 6.010175620063878
3168, 332.68450927734375, -67.24186706542969, 0.061752088367938995, 0.32500001788139343, 0.0, -176.0216827392578, 5.994494066718928
3169, 332.5294189453125, -67.25638580322266, 0.05984223261475563, 0.40000003576278687, 0.0, -175.79161071777344, 5.979823461055169
3170, 332.37445068359375, -67.27153778076172, 0.05856899172067642, 0.4500000476837158, 0.0, -175.57968139648438, 5.9725491651078455
3171, 332.2236633300781, -67.2865982055664, 0.05729575455188751, 0.5000000596046448, 0.0, -175.3625946044922, 5.97139835996788
3172, 332.0687561035156, -67.30281829833984, 0.060478851199150085, 0.4750000536441803, 0.0, -175.15524291992188, 5.9783603764204996
3173, 331.91326904296875, -67.3196792602539, 0.06620842218399048, 0.40000003576278687, 0.0, -174.92909240722656, 5.982615685801307
3174, 331.7563171386719, -67.3377456665039, 0.07193799316883087, 0.32500001788139343, 0.0, -174.70831298828125, 5.9880870211482735
3175, 331.5958557128906, -67.35698699951172, 0.0757577121257782, 0.2750000059604645, 0.0, -174.45611572265625, 5.983833358906534
3176, 331.4408874511719, -67.37661743164062, 0.07639432698488235, 0.19999998807907104, 0.0, -174.219482421875, 5.981259284358614
3177, 331.2885437011719, -67.39649963378906, 0.07512108981609344, 0.1499999761581421, 0.0, -173.9661865234375, 5.972754313116991
3178, 331.13238525390625, -67.41773223876953, 0.07321123778820038, 0.07499998062849045, 0.0, -173.71827697753906, 5.958693658952099
3179, 330.9785461425781, -67.43911743164062, 0.07193799316883087, 0.024999981746077538, 0.0, -173.45693969726562, 5.932200578316354
3180, 330.8136901855469, -67.46288299560547, 0.0700281411409378, 0.0, 0.0, -173.19456481933594, 5.892724058272207
3181, 330.6596374511719, -67.48558807373047, 0.07384785264730453, 0.0, 0.0, -172.92794799804688, 5.847259815905596
3182, 330.5120544433594, -67.50829315185547, 0.07766757160425186, 0.0, 0.0, -172.68409729003906, 5.808422466450974
3183, 330.35382080078125, -67.533447265625, 0.08339714258909225, 0.0, 0.0, -172.3957061767578, 5.7531753215745285
3184, 330.2077941894531, -67.55782318115234, 0.08912671357393265, 0.0, 0.0, -172.13568115234375, 5.706655735071607
3185, 330.05694580078125, -67.58393096923828, 0.09485628455877304, 0.0, 0.0, -171.8351287841797, 5.6501485999278
3186, 329.90460205078125, -67.61164093017578, 0.09867600351572037, 0.0, 0.0, -171.53555297851562, 5.593751792627751
3187, 329.76812744140625, -67.6373062133789, 0.10440557450056076, 0.0, 0.0, -171.23550415039062, 5.5430273105911585
3188, 329.626708984375, -67.66515350341797, 0.10822528600692749, 0.0, 0.0, -170.9269561767578, 5.49448630230475
3189, 329.4861755371094, -67.69374084472656, 0.11204500496387482, 0.0, 0.0, -170.58778381347656, 5.436703094294964
3190, 329.3494567871094, -67.72284698486328, 0.11777457594871521, 0.0, 0.0, -170.26058959960938, 5.386881736540474
3191, 329.2140808105469, -67.7525405883789, 0.11904781311750412, 0.0, 0.0, -169.90509033203125, 5.330543092329484
3192, 329.08013916015625, -67.78307342529297, 0.11713795363903046, 0.0, 0.0, -169.56155395507812, 5.281229976013117
3193, 328.9422607421875, -67.8152084350586, 0.11586471647024155, 0.0, 0.0, -169.1811065673828, 5.21899024613545
3194, 328.805419921875, -67.84822845458984, 0.11395486444234848, 0.0, 0.0, -168.8198699951172, 5.163380267798147
3195, 328.677734375, -67.87958526611328, 0.11268161982297897, 0.0, 0.0, -168.460205078125, 5.108899230213146
3196, 328.5422058105469, -67.91390228271484, 0.11013514548540115, 0.0, 0.0, -168.0998077392578, 5.053157780819891
3197, 328.41448974609375, -67.9467544555664, 0.10886190831661224, 0.0, 0.0, -167.73866271972656, 4.995661387394838
3198, 328.288818359375, -67.98002624511719, 0.10695204883813858, 0.0, 0.0, -167.3987274169922, 4.990049365541348
3199, 328.1590270996094, -68.01532745361328, 0.10567881166934967, 0.0, 0.0, -167.05709838867188, 4.968210962068789
3200, 328.03546142578125, -68.04973602294922, 0.10440557450056076, 0.0, 0.0, -166.7388458251953, 4.936076223696276
3201, 327.90740966796875, -68.08617401123047, 0.1024957150220871, 0.0, 0.0, -166.4150848388672, 4.896677447482264
3202, 327.7830505371094, -68.12229919433594, 0.10122247785329819, 0.0, 0.0, -166.10572814941406, 4.855146218765235
3203, 327.6645202636719, -68.15735626220703, 0.09931261837482452, 0.0, 0.0, -165.81532287597656, 4.813978933497372
3204, 327.5348815917969, -68.19641876220703, 0.09803938120603561, 0.05000000074505806, 0.0, -165.50259399414062, 4.770651642027167
3205, 327.4050598144531, -68.23622131347656, 0.0954929068684578, 0.15000000596046448, 0.0, -165.1949005126953, 4.732852072017518
3206, 327.28314208984375, -68.27423858642578, 0.09421966969966888, 0.20000001788139343, 0.0, -164.91085815429688, 4.706554738062679
3207, 327.1624755859375, -68.31243133544922, 0.09230981022119522, 0.27500003576278687, 0.0, -164.63467407226562, 4.689722793155131
3208, 327.03900146484375, -68.35210418701172, 0.09103657305240631, 0.3250000476837158, 0.0, -164.35704040527344, 4.682771423343505
3209, 326.9202880859375, -68.39077758789062, 0.08912671357393265, 0.40000006556510925, 0.0, -164.0948486328125, 4.685450287473821
3210, 326.798095703125, -68.43110656738281, 0.08721685409545898, 0.4750000834465027, 0.0, -163.83018493652344, 4.698666694623059
3211, 326.6770324707031, -68.47158813476562, 0.08594361692667007, 0.5250000357627869, 0.0, -163.5726776123047, 4.721865363720849
3212, 326.5545654296875, -68.5130386352539, 0.08403375744819641, 0.5999999642372131, 0.0, -163.3171844482422, 4.754512013124595
3213, 326.43023681640625, -68.55570220947266, 0.08530700206756592, 0.6499999165534973, 0.0, -163.06080627441406, 4.7968478799668945
3214, 326.3048400878906, -68.59947967529297, 0.09103657305240631, 0.7249998450279236, 0.0, -162.79986572265625, 4.8477630231270465
3215, 326.17333984375, -68.64627075195312, 0.09485628455877304, 0.7749997973442078, 0.0, -162.5201873779297, 4.91029322541016
3216, 326.05059814453125, -68.69084167480469, 0.10058585554361343, 0.849999725818634, 0.0, -162.250732421875, 4.976070587323175
3217, 325.9219055175781, -68.73858642578125, 0.10631543397903442, 0.9249996542930603, 0.0, -161.956787109375, 5.053058272073867
3218, 325.796142578125, -68.78630065917969, 0.11204500496387482, 0.9999995827674866, 0.0, -161.656494140625, 5.136106573454164
3219, 325.6602478027344, -68.8390121459961, 0.11586471647024155, 1.0, 0.0, -161.31785583496094, 5.233653026052092
3220, 325.52349853515625, -68.89326477050781, 0.12159428745508194, 0.9500000476837158, 0.0, -160.96231079101562, 5.334773034942024
3221, 325.3873291015625, -68.9485855102539, 0.12732386589050293, 0.8750001192092896, 0.0, -160.59222412109375, 5.431145835319944
3222, 325.24664306640625, -69.00706481933594, 0.13114358484745026, 0.8250001668930054, 0.0, -160.19483947753906, 5.525408045267226
3223, 325.10675048828125, -69.06657409667969, 0.13687315583229065, 0.7500002384185791, 0.0, -159.78050231933594, 5.594982820581438
3224, 324.965087890625, -69.12833404541016, 0.14069285988807678, 0.7000002861022949, 0.0, -159.35093688964844, 5.632139925906051
3225, 324.8359680175781, -69.18588256835938, 0.14642244577407837, 0.6250003576278687, 0.0, -158.94297790527344, 5.673897625947776
3226, 324.6856994628906, -69.25463104248047, 0.1502421498298645, 0.5750004053115845, 0.0, -158.4558868408203, 5.700499017382073
3227, 324.54083251953125, -69.32254028320312, 0.1559717208147049, 0.5000004768371582, 0.0, -157.9621124267578, 5.705788965451411
3228, 324.4045104980469, -69.38813018798828, 0.1617012917995453, 0.42500045895576477, 0.0, -157.48162841796875, 5.723902587411212
3229, 324.2548828125, -69.46199798583984, 0.16488438844680786, 0.5000004768371582, 0.0, -156.9300994873047, 5.732205953670834
3230, 324.1168212890625, -69.5318832397461, 0.16361115872859955, 0.5500004291534424, 0.0, -156.4096221923828, 5.7500308485095015
3231, 323.970703125, -69.60749053955078, 0.1617012917995453, 0.6250003576278687, 0.0, -155.84591674804688, 5.77021550606927
3232, 323.8299865722656, -69.68193817138672, 0.15979143977165222, 0.7000002861022949, 0.0, -155.30099487304688, 5.800394990956702
3233, 323.6917419433594, -69.756591796875, 0.15851819515228271, 0.7500002384185791, 0.0, -154.76028442382812, 5.845866169183442
3234, 323.5554504394531, -69.8317642211914, 0.15660834312438965, 0.6750003099441528, 0.0, -154.23129272460938, 5.90696998239628
3235, 323.4176025390625, -69.90929412841797, 0.15533511340618134, 0.6250003576278687, 0.0, -153.69479370117188, 5.971454885350063
3236, 323.27154541015625, -69.99319458007812, 0.15342524647712708, 0.5500004291534424, 0.0, -153.13229370117188, 6.027222513919826
3237, 323.1275634765625, -70.07747650146484, 0.15215201675891876, 0.5000004768371582, 0.0, -152.5748291015625, 6.0652344989874
3238, 322.99267578125, -70.15802001953125, 0.1502421498298645, 0.42500045895576477, 0.0, -152.05661010742188, 6.1071645707377735
3239, 322.8515319824219, -70.24388885498047, 0.1489689201116562, 0.3750004470348358, 0.0, -151.5133056640625, 6.1438026779066695
3240, 322.7090759277344, -70.332275390625, 0.14705905318260193, 0.3000004291534424, 0.0, -150.96861267089844, 6.164010444574966
3241, 322.5661926269531, -70.42253875732422, 0.14514920115470886, 0.22500041127204895, 0.0, -150.4199981689453, 6.169988602861186
3242, 322.4209899902344, -70.51609802246094, 0.14387595653533936, 0.17500039935112, 0.0, -149.8651580810547, 6.165431745746092
3243, 322.27984619140625, -70.60868835449219, 0.14132948219776154, 0.07500039041042328, 0.0, -149.32354736328125, 6.151277727009187
3244, 322.1491394042969, -70.69600677490234, 0.14005625247955322, 0.02500039152801037, 0.0, -148.82525634765625, 6.137567193414921
3245, 322.0125427246094, -70.78888702392578, 0.13814638555049896, 0.0, 0.0, -148.3028564453125, 6.108554285950879
3246, 321.8729248046875, -70.8857192993164, 0.1419661045074463, 0.05000000074505806, 0.0, -147.76809692382812, 6.067840528852511
3247, 321.74688720703125, -70.9748764038086, 0.14578582346439362, 0.05000000447034836, 0.0, -147.27642822265625, 6.029874435716979
3248, 321.61224365234375, -71.07233428955078, 0.151515394449234, -0.02499999664723873, 0.0, -146.7418975830078, 5.98518666240282
3249, 321.47625732421875, -71.173095703125, 0.1572449654340744, 0.0, 0.0, -146.1818084716797, 5.926129139523292
3250, 321.3455810546875, -71.27229309082031, 0.16106468439102173, 0.0, 0.0, -145.62890625, 5.8687701619457835
3251, 321.21942138671875, -71.37035369873047, 0.16679425537586212, 0.0, 0.0, -145.07273864746094, 5.810397419164796
3252, 321.09613037109375, -71.4686050415039, 0.17061395943164825, 0.0, 0.0, -144.51266479492188, 5.754133661846198
3253, 320.9814147949219, -71.5621566772461, 0.17634354531764984, 0.0, 0.0, -143.97027587890625, 5.700939080506331
3254, 320.8626708984375, -71.66133880615234, 0.17507030069828033, 0.0, 0.0, -143.39404296875, 5.6445698665710875
3255, 320.7413330078125, -71.764892578125, 0.17316044867038727, 0.0, 0.0, -142.78726196289062, 5.579065793668777
3256, 320.63018798828125, -71.86172485351562, 0.17061395943164825, 0.07500000298023224, 0.0, -142.2259979248047, 5.527689044619572
3257, 320.51959228515625, -71.95990753173828, 0.16934072971343994, 0.125, 0.0, -141.65863037109375, 5.476789746640484
3258, 320.4126281738281, -72.05677795410156, 0.16743087768554688, 0.20000001788139343, 0.0, -141.10910034179688, 5.433799314730039
3259, 320.30133056640625, -72.15945434570312, 0.16615763306617737, 0.2500000298023224, 0.0, -140.53140258789062, 5.38714186069097
3260, 320.1972351074219, -72.25733184814453, 0.1642477810382843, 0.3250000476837158, 0.0, -139.99281311035156, 5.354664648666711
3261, 320.0941162109375, -72.35602569580078, 0.1629745364189148, 0.3750000596046448, 0.0, -139.45570373535156, 5.328187545290981
3262, 319.98687744140625, -72.46062469482422, 0.16106468439102173, 0.4500000774860382, 0.0, -138.9005889892578, 5.302752641199551
3263, 319.8830261230469, -72.563720703125, 0.15979143977165222, 0.5000000596046448, 0.0, -138.36012268066406, 5.286972348378326
3264, 319.77496337890625, -72.67303466796875, 0.15788158774375916, 0.574999988079071, 0.0, -137.80223083496094, 5.274586547811137
3265, 319.6754150390625, -72.7754898071289, 0.1559717208147049, 0.6499999165534973, 0.0, -137.28651428222656, 5.283856802245394
3266, 319.5699768066406, -72.88601684570312, 0.15469849109649658, 0.6999998688697815, 0.0, -136.74688720703125, 5.2997318804324705
3267, 319.4710998535156, -72.9914321899414, 0.15278862416744232, 0.7749997973442078, 0.0, -136.2396240234375, 5.333766391036586
3268, 319.37530517578125, -73.09529876708984, 0.151515394449234, 0.7249998450279236, 0.0, -135.7561798095703, 5.3930565217199735
3269, 319.2779846191406, -73.20254516601562, 0.151515394449234, 0.7249998450279236, 0.0, -135.2655487060547, 5.459031633852378
3270, 319.1716003417969, -73.32183074951172, 0.14769567549228668, 0.574999988079071, 0.0, -134.73629760742188, 5.507382215322187
3271, 319.0739440917969, -73.43299865722656, 0.14642244577407837, 0.5250000357627869, 0.0, -134.2479705810547, 5.552087063217575
3272, 318.97784423828125, -73.54415130615234, 0.14387595653533936, 0.42500004172325134, 0.0, -133.7738037109375, 5.606742306772663
3273, 318.8758850097656, -73.66390228271484, 0.14260272681713104, 0.3750000298023224, 0.0, -133.26889038085938, 5.642553545004117
3274, 318.7791442871094, -73.77931213378906, 0.14069285988807678, 0.30000001192092896, 0.0, -132.79344177246094, 5.668116960948093
3275, 318.6820068359375, -73.8969497680664, 0.13941963016986847, 0.30000001192092896, 0.0, -132.31283569335938, 5.686163067083299
3276, 318.58233642578125, -74.01956176757812, 0.1375097632408142, 0.3750000298023224, 0.0, -131.8225860595703, 5.694133604495316
3277, 318.4881896972656, -74.1371078491211, 0.1362365335226059, 0.42500004172325134, 0.0, -131.35614013671875, 5.704077681399254
3278, 318.39361572265625, -74.25708770751953, 0.13432668149471283, 0.5000000596046448, 0.0, -130.8910675048828, 5.719426855866986
3279, 318.291015625, -74.38921356201172, 0.13241681456565857, 0.574999988079071, 0.0, -130.3839569091797, 5.724028729435641
3280, 318.1980285644531, -74.51094818115234, 0.13114358484745026, 0.6249999403953552, 0.0, -129.9279327392578, 5.745724565751541
3281, 318.10687255859375, -74.63223266601562, 0.13432668149471283, 0.6999998688697815, 0.0, -129.4763946533203, 5.78289685326182
3282, 318.0120544433594, -74.76079559326172, 0.13814638555049896, 0.7499998211860657, 0.0, -129.00450134277344, 5.826807374800276
3283, 317.9187927246094, -74.88977813720703, 0.13814638555049896, 0.7499998211860657, 0.0, -128.5263671875, 5.874195191402954
3284, 317.8280029296875, -75.01812744140625, 0.14769567549228668, 0.8749997019767761, 0.0, -128.05169677734375, 5.940864925888728
3285, 317.73681640625, -75.14961242675781, 0.15087877213954926, 0.9499996304512024, 0.0, -127.55888366699219, 6.027694600791573
3286, 317.64703369140625, -75.28187561035156, 0.14960552752017975, 0.9999995827674866, 0.0, -127.06812286376953, 6.1362347465841465
3287, 317.55291748046875, -75.42298889160156, 0.14705905318260193, 1.0, 0.0, -126.540283203125, 6.254030952341582
3288, 317.4635925292969, -75.55943298339844, 0.14578582346439362, 1.0, 0.0, -126.03899383544922, 6.367726400263034
3289, 317.3686218261719, -75.70700073242188, 0.14387595653533936, 1.0, 0.0, -125.49686431884766, 6.490117452482988
3290, 317.2724914550781, -75.85924530029297, 0.14260272681713104, 1.0, 0.0, -124.94818115234375, 6.61190074022729
3291, 317.18115234375, -76.0064697265625, 0.14069285988807678, 1.0, 0.0, -124.42054748535156, 6.726349232389313
3292, 317.0854797363281, -76.16352081298828, 0.13941963016986847, 1.0, 0.0, -123.86555480957031, 6.846732296192104
3293, 316.99237060546875, -76.3192138671875, 0.1375097632408142, 0.9750000238418579, 0.0, -123.32060241699219, 6.959031917704704
3294, 316.8946838378906, -76.4856948852539, 0.1362365335226059, 0.9250000715255737, 0.0, -122.7455825805664, 7.072444483409767
3295, 316.7981262207031, -76.653564453125, 0.13432668149471283, 0.8500001430511475, 0.0, -122.17322540283203, 7.177456193033283
3296, 316.7012634277344, -76.82537078857422, 0.13305343687534332, 0.8000001907348633, 0.0, -121.59577178955078, 7.274827156695045
3297, 316.60791015625, -76.9943618774414, 0.13114358484745026, 0.725000262260437, 0.0, -121.03564453125, 7.360116194226251
3298, 316.51214599609375, -77.17135620117188, 0.12987034022808075, 0.6750003099441528, 0.0, -120.45760345458984, 7.438097557997953
3299, 316.4188232421875, -77.3475570678711, 0.12796048820018768, 0.6000003814697266, 0.0, -119.8907241821289, 7.504260578504634
3300, 316.3197021484375, -77.53898620605469, 0.12605062127113342, 0.5250004529953003, 0.0, -119.28492736816406, 7.56270432723343
3301, 316.22882080078125, -77.71844482421875, 0.12477738410234451, 0.4750004708766937, 0.0, -118.72582244873047, 7.604608891965422
3302, 316.141357421875, -77.89500427246094, 0.1235041469335556, 0.42500045895576477, 0.0, -118.18389129638672, 7.635010406421525
3303, 316.0459899902344, -78.09205627441406, 0.12095767259597778, 0.32500043511390686, 0.0, -117.58903503417969, 7.656084329972527
3304, 315.9599609375, -78.27397155761719, 0.11968443542718887, 0.2750004231929779, 0.0, -117.0488052368164, 7.662369493732088
3305, 315.8765869140625, -78.4543228149414, 0.11777457594871521, 0.20000040531158447, 0.0, -116.52140808105469, 7.656811052561496
3306, 315.79412841796875, -78.63677215576172, 0.1165013387799263, 0.15000039339065552, 0.0, -115.99600219726562, 7.640122705985236
3307, 315.71331787109375, -78.81980895996094, 0.11459147930145264, 0.07500039041042328, 0.0, -115.47650146484375, 7.611785544902743
3308, 315.63250732421875, -79.0071029663086, 0.11331824213266373, 0.02500039152801037, 0.0, -114.95326232910156, 7.573080612115272
3309, 315.5531311035156, -79.19590759277344, 0.1165013387799263, 0.0, 0.0, -114.42931365966797, 7.520842649659701
3310, 315.478759765625, -79.37759399414062, 0.12032105028629303, 0.0, 0.0, -113.92627716064453, 7.466842990239718
3311, 315.40484619140625, -79.56349182128906, 0.12605062127113342, 0.0, 0.0, -113.40498352050781, 7.401672466257272
3312, 315.3351135253906, -79.74436950683594, 0.12987034022808075, 0.0, 0.0, -112.89063262939453, 7.341304067312709
3313, 315.2678527832031, -79.92404174804688, 0.12796048820018768, 0.0, 0.0, -112.37271881103516, 7.27385387537859
3314, 315.2010803222656, -80.10794067382812, 0.12668724358081818, 0.0, 0.0, -111.83964538574219, 7.211898123146271
3315, 315.1406555175781, -80.27900695800781, 0.12477738410234451, 0.0, 0.0, -111.34217071533203, 7.146100152279272
3316, 315.0793151855469, -80.4578628540039, 0.1235041469335556, 0.0, 0.0, -110.82373046875, 7.0860568934825245
3317, 315.02069091796875, -80.63367462158203, 0.12159428745508194, 0.0, 0.0, -110.3158950805664, 7.01726954717332
3318, 314.96783447265625, -80.7966079711914, 0.12032105028629303, 0.0, 0.0, -109.8487548828125, 6.963445094246375
3319, 314.9127197265625, -80.971435546875, 0.11841119825839996, 0.0, 0.0, -109.35221099853516, 6.895288372062734
3320, 314.8578796386719, -81.15074920654297, 0.11713795363903046, 0.0, 0.0, -108.84757232666016, 6.835932463330027
3321, 314.8099670410156, -81.3118896484375, 0.11522810161113739, 0.0, 0.0, -108.39832305908203, 6.771928148371851
3322, 314.76129150390625, -81.480224609375, 0.11331824213266373, 0.0, 0.0, -107.93561553955078, 6.7171683833071265
3323, 314.7154846191406, -81.64334869384766, 0.11204500496387482, 0.0, 0.0, -107.49298858642578, 6.6522702896704065
3324, 314.6724853515625, -81.8010025024414, 0.11077176779508591, 0.0, 0.0, -107.07099914550781, 6.601583824910632
3325, 314.628173828125, -81.96819305419922, 0.10886190831661224, 0.0, 0.0, -106.62968444824219, 6.534749735072919
3326, 314.5843811035156, -82.13872528076172, 0.10758867114782333, 0.0, 0.0, -106.18509674072266, 6.479494473887689
3327, 314.546142578125, -82.29180145263672, 0.10567881166934967, 0.0, 0.0, -105.79139709472656, 6.416952403355868
3328, 314.507080078125, -82.45304870605469, 0.10440557450056076, 0.0, 0.0, -105.3830795288086, 6.3660730249551705
3329, 314.46917724609375, -82.61415100097656, 0.1024957150220871, 0.0, 0.0, -104.98130798339844, 6.298952404995578
3330, 314.43212890625, -82.7768325805664, 0.10122247785329819, 0.0, 0.0, -104.58137512207031, 6.247371308421108
3331, 314.39794921875, -82.9312744140625, 0.09931261837482452, 0.0, 0.0, -104.20777130126953, 6.182042556317577
3332, 314.3646240234375, -83.08641052246094, 0.09803938120603561, 0.0, 0.0, -103.83832550048828, 6.134276121363573
3333, 314.33197021484375, -83.2433090209961, 0.0967661440372467, 0.0, 0.0, -103.47061920166016, 6.066873288325183
3334, 314.2991027832031, -83.40617370605469, 0.09485628455877304, 0.0, 0.0, -103.0943603515625, 6.014569084862856
3335, 314.270263671875, -83.55340576171875, 0.09358304738998413, 0.0, 0.0, -102.75969696044922, 5.949563009896715
3336, 314.24224853515625, -83.70079803466797, 0.09103657305240631, 0.0, 0.0, -102.43037414550781, 5.906329801738046
3337, 314.21435546875, -83.85195922851562, 0.0897633358836174, 0.0, 0.0, -102.0990219116211, 5.840176732169852
3338, 314.189208984375, -83.99244689941406, 0.0884900912642479, 0.0, 0.0, -101.79594421386719, 5.79973094214412
3339, 314.1636047363281, -84.13972473144531, 0.08658023923635483, 0.0, 0.0, -101.48413848876953, 5.735581332003356
3340, 314.13800048828125, -84.29176330566406, 0.08467037975788116, 0.0, 0.0, -101.16776275634766, 5.686925618401647
3341, 314.1150207519531, -84.43244934082031, 0.08594361692667007, 0.0, 0.0, -100.87936401367188, 5.621148257480023
3342, 314.0941467285156, -84.56502532958984, 0.0897633358836174, 0.0, 0.0, -100.60792541503906, 5.584777685977013
3343, 314.0726013183594, -84.70771026611328, 0.0954929068684578, 0.0, 0.0, -100.31253814697266, 5.520232129112161
3344, 314.0491638183594, -84.87142181396484, 0.09931261837482452, 0.0, 0.0, -99.96592712402344, 5.467098634807674
3345, 314.0295715332031, -85.0173110961914, 0.10504218935966492, 0.0, 0.0, -99.64634704589844, 5.419214571124994
3346, 314.01190185546875, -85.15617370605469, 0.10886190831661224, 0.0, 0.0, -99.33277130126953, 5.34519572794845
3347, 313.99554443359375, -85.29261779785156, 0.1094985231757164, 0.0, 0.0, -99.01551818847656, 5.30234410152111
3348, 313.9798889160156, -85.43049621582031, 0.10822528600692749, 0.0, 0.0, -98.68980407714844, 5.23053500750219
3349, 313.9656677246094, -85.56246185302734, 0.10631543397903442, 0.0, 0.0, -98.37454986572266, 5.191779603797578
3350, 313.9521484375, -85.69429779052734, 0.10504218935966492, 0.0, 0.0, -98.0593032836914, 5.124897878017489
3351, 313.9395751953125, -85.82395935058594, 0.10376895219087601, 0.0, 0.0, -97.74872589111328, 5.087186451160124
3352, 313.927734375, -85.9518814086914, 0.10122247785329819, 0.0, 0.0, -97.44470977783203, 5.021504851020864
3353, 313.9167175292969, -86.07823181152344, 0.09994924068450928, 0.0, 0.0, -97.14703369140625, 4.987668220811806
3354, 313.90594482421875, -86.2095947265625, 0.09803938120603561, 0.0, 0.0, -96.84337615966797, 4.9730007095166116
3355, 313.8962707519531, -86.335693359375, 0.0967661440372467, 0.0, 0.0, -96.55673217773438, 4.944803486653141
3356, 313.8878479003906, -86.45310974121094, 0.0954929068684578, 0.0, 0.0, -96.29341888427734, 4.9119219227640745
3357, 313.8797607421875, -86.57302856445312, 0.09358304738998413, 0.0, 0.0, -96.02838134765625, 4.874764573320677
3358, 313.8719787597656, -86.69647216796875, 0.09230981022119522, 0.0, 0.0, -95.7594985961914, 4.8343659857411465
3359, 313.86480712890625, -86.81826782226562, 0.09103657305240631, 0.0, 0.0, -95.49801635742188, 4.793333184393283
3360, 313.8583984375, -86.93435668945312, 0.08912671357393265, 0.0, 0.0, -95.25252532958984, 4.753663298827333
3361, 313.8523254394531, -87.05381774902344, 0.08785347640514374, 0.0, 0.0, -95.0037841796875, 4.712497102516034
3362, 313.8463134765625, -87.18111419677734, 0.08594361692667007, 0.02500000037252903, 0.0, -94.7432861328125, 4.670066000899202
3363, 313.84124755859375, -87.29830932617188, 0.08467037975788116, 0.07500000298023224, 0.0, -94.50749969482422, 4.633662537687682
3364, 313.8369445800781, -87.40736389160156, 0.08339714258909225, 0.125, 0.0, -94.29151916503906, 4.604172406958314
3365, 313.8326110839844, -87.5265121459961, 0.08148728311061859, 0.20000001788139343, 0.0, -94.05984497070312, 4.578762335147259
3366, 313.828857421875, -87.64112854003906, 0.08021404594182968, 0.2500000298023224, 0.0, -93.84115600585938, 4.56263803351752
3367, 313.8255310058594, -87.7537841796875, 0.07894080877304077, 0.30000004172325134, 0.0, -93.6300277709961, 4.554490247532786
3368, 313.82232666015625, -87.87547302246094, 0.07703094929456711, 0.3750000596046448, 0.0, -93.40673065185547, 4.5545203407854284
3369, 313.819580078125, -87.9936294555664, 0.0757577121257782, 0.42500007152557373, 0.0, -93.1943359375, 4.563761637872051
3370, 313.8172607421875, -88.10400390625, 0.07130137830972672, 0.5000000596046448, 0.0, -93.0013427734375, 4.58011451864347
3371, 313.8149108886719, -88.22573852539062, 0.06493518501520157, 0.550000011920929, 0.0, -92.79798126220703, 4.607290634086117
3372, 313.8126220703125, -88.34635925292969, 0.05538588762283325, 0.6249999403953552, 0.0, -92.6104965209961, 4.642752401665444
3373, 313.8103332519531, -88.46330261230469, 0.04583658650517464, 0.550000011920929, 0.0, -92.44549560546875, 4.681354826506866
3374, 313.8078308105469, -88.58489990234375, 0.03947038948535919, 0.5000000596046448, 0.0, -92.29222869873047, 4.719394575020971
3375, 313.8052978515625, -88.70790100097656, 0.03756053000688553, 0.42500004172325134, 0.0, -92.15269470214844, 4.752289567832394
3376, 313.8028869628906, -88.82854461669922, 0.03628729283809662, 0.3750000298023224, 0.0, -92.02729034423828, 4.777296240361703
3377, 313.8006591796875, -88.94692993164062, 0.03501405566930771, 0.32500001788139343, 0.0, -91.9126968383789, 4.7946931953537595
3378, 313.7986145019531, -89.06521606445312, 0.0337408147752285, 0.2750000059604645, 0.0, -91.80501556396484, 4.8048985406809726
3379, 313.7966003417969, -89.1893081665039, 0.031830959022045135, 0.19999998807907104, 0.0, -91.69866943359375, 4.806953477754681
3380, 313.7947692871094, -89.31146240234375, 0.030557719990611076, 0.1499999761581421, 0.0, -91.59973907470703, 4.799986944021973
3381, 313.7930603027344, -89.43231964111328, 0.028647862374782562, 0.07499998062849045, 0.0, -91.50708770751953, 4.78426677201297
3382, 313.7914733886719, -89.55284881591797, 0.027374623343348503, 0.024999981746077538, 0.0, -91.41948699951172, 4.7597288018801285
3383, 313.7899475097656, -89.67970275878906, 0.026101386174559593, 0.024999981746077538, 0.0, -91.33209991455078, 4.727051685523786
3384, 313.7886657714844, -89.794921875, 0.02419152855873108, 0.09999997913837433, 0.0, -91.25694274902344, 4.69608195255639
3385, 313.7874450683594, -89.91110229492188, 0.02291828952729702, 0.1499999761581421, 0.0, -91.18527221679688, 4.6688349815025125
3386, 313.7862548828125, -90.0301742553711, 0.021008431911468506, 0.22499999403953552, 0.0, -91.1163330078125, 4.64727204763428
3387, 313.78509521484375, -90.14862823486328, 0.019098574295639992, 0.30000001192092896, 0.0, -91.05255126953125, 4.634524769375804
3388, 313.7840270996094, -90.2645034790039, 0.017825337126851082, 0.3500000238418579, 0.0, -90.99456024169922, 4.6313113425262875
3389, 313.7829895019531, -90.38267517089844, 0.01591547764837742, 0.42500004172325134, 0.0, -90.93997192382812, 4.63692904890546
3390, 313.7819519042969, -90.49966430664062, 0.014642237685620785, 0.4750000536441803, 0.0, -90.8902587890625, 4.65151671991841
3391, 313.78094482421875, -90.6136245727539, 0.013368997722864151, 0.5250000357627869, 0.0, -90.84561157226562, 4.673264781529307
3392, 313.7799987792969, -90.7235107421875, 0.012095757760107517, 0.574999988079071, 0.0, -90.80591583251953, 4.700683338078471
3393, 313.77899169921875, -90.84345245361328, 0.01018589735031128, 0.6499999165534973, 0.0, -90.7667236328125, 4.737860703891819
3394, 313.77789306640625, -90.96844482421875, 0.008912657387554646, 0.6999998688697815, 0.0, -90.730224609375, 4.785068639627655
3395, 313.77685546875, -91.0907211303711, 0.007002797443419695, 0.7749997973442078, 0.0, -90.69880676269531, 4.838800013648795
3396, 313.7757568359375, -91.21237182617188, 0.005729558411985636, 0.8249997496604919, 0.0, -90.67166137695312, 4.8997749520134635
3397, 313.77459716796875, -91.33682250976562, 0.004456318914890289, 0.8749997019767761, 0.0, -90.64775848388672, 4.968842488258214
3398, 313.773193359375, -91.46691131591797, -0.0038197184912860394, 0.9499996304512024, 0.0, -90.63134765625, 5.047360685504426
3399, 313.7716979980469, -91.58738708496094, -0.007639436982572079, 0.9999995827674866, 0.0, -90.62548065185547, 5.125951481515556
3400, 313.7698059082031, -91.71871948242188, -0.01145915500819683, 1.0, 0.0, -90.62962341308594, 5.216615831845121
3401, 313.7674560546875, -91.85719299316406, -0.01718873344361782, 1.0, 0.0, -90.64684295654297, 5.314873641668282
3402, 313.7649841308594, -91.990234375, -0.017825353890657425, 0.9750000238418579, 0.0, -90.67335510253906, 5.409530384666782
3403, 313.7624206542969, -92.11866760253906, -0.016552114859223366, 0.9250000715255737, 0.0, -90.70479583740234, 5.499283767891007
3404, 313.7595520019531, -92.26315307617188, -0.014642256312072277, 0.8500001430511475, 0.0, -90.74325561523438, 5.594793983246012
3405, 313.75665283203125, -92.40645599365234, -0.013369015417993069, 0.8000001907348633, 0.0, -90.78240203857422, 5.68242027357589
3406, 313.7536926269531, -92.55284118652344, -0.012095775455236435, 0.7500002384185791, 0.0, -90.82183074951172, 5.76367771455415
3407, 313.7509460449219, -92.68978118896484, -0.010185915045440197, 0.6750003099441528, 0.0, -90.85736083984375, 5.832276459198749
3408, 313.7479553222656, -92.84174346923828, -0.008912675082683563, 0.6250003576278687, 0.0, -90.89363861083984, 5.89829542625108
3409, 313.7449035644531, -92.99418640136719, -0.0076394351199269295, 0.5750004053115845, 0.0, -90.927978515625, 5.954916547399701
3410, 313.7419738769531, -93.14231872558594, -0.0057295761071145535, 0.5000004768371582, 0.0, -90.95565795898438, 5.997132631226701
3411, 313.73919677734375, -93.28596496582031, -0.004456337075680494, 0.45000046491622925, 0.0, -90.98245239257812, 6.025703362681821
3412, 313.7361755371094, -93.44158172607422, -0.0025464773643761873, 0.3750004470348358, 0.0, -91.00116729736328, 6.041700767185602
3413, 313.7334289550781, -93.59391021728516, 0.0, 0.32500043511390686, 0.0, -91.0235595703125, 6.043685623624601
3414, 313.7306823730469, -93.7414321899414, 0.0, 0.2750004231929779, 0.0, -91.03099822998047, 6.0417328408617506
3415, 313.72808837890625, -93.8870620727539, 0.0, 0.20000040531158447, 0.0, -91.04583740234375, 6.036524008342223
3416, 313.7254333496094, -94.03254699707031, 0.0, 0.15000039339065552, 0.0, -91.04801940917969, 6.0263259196699215
3417, 313.72283935546875, -94.1792984008789, 0.0, 0.10000038892030716, 0.0, -91.0592269897461, 6.00947474192796
3418, 313.7201232910156, -94.32390594482422, 0.0, 0.0500003919005394, 0.0, -91.05824279785156, 5.98655228213369
3419, 313.7174377441406, -94.47501373291016, 0.0, -0.02499960921704769, 0.0, -91.06814575195312, 5.9544140133358985
3420, 313.7147521972656, -94.61721801757812, 0.0, 0.0, 0.0, -91.06509399414062, 5.918464805805645
3421, 313.7122497558594, -94.75625610351562, 0.0, 0.0, 0.0, -91.07259368896484, 5.881346727590877
3422, 313.7095947265625, -94.89786529541016, 0.0, 0.0, 0.0, -91.0688705444336, 5.839405774265211
3423, 313.70703125, -95.04019165039062, 0.0, 0.0, 0.0, -91.07684326171875, 5.7935606430338975
3424, 313.704345703125, -95.18118286132812, 0.0, 0.0, 0.0, -91.07207489013672, 5.7458654453994855
3425, 313.7018127441406, -95.32074737548828, 0.0, 0.0, 0.0, -91.07989501953125, 5.697797085733175
3426, 313.6993103027344, -95.4511489868164, 0.0, 0.0, 0.0, -91.07572174072266, 5.65413447232683
3427, 313.69677734375, -95.58992004394531, 0.0, 0.0, 0.0, -91.08316040039062, 5.6055941293237534
3428, 313.69403076171875, -95.7334976196289, 0.0, 0.0, 0.0, -91.07632446289062, 5.5496022961661025
3429, 313.6915283203125, -95.87168884277344, 0.0, 0.0, 0.0, -91.0853042602539, 5.496480331614991
3430, 313.6889953613281, -96.00299835205078, 0.0, 0.0, 0.0, -91.07940673828125, 5.448738662758507
3431, 313.68670654296875, -96.127685546875, 0.0, 0.0, 0.0, -91.08623504638672, 5.4064085185210535
3432, 313.68408203125, -96.26354217529297, 0.0, 0.0, 0.0, -91.0798568725586, 5.355078725019311
3433, 313.681640625, -96.39576721191406, 0.0, 0.0, 0.0, -91.08901977539062, 5.303131928751394
3434, 313.6791076660156, -96.52546691894531, 0.0, 0.0, 0.0, -91.08222198486328, 5.252969465329301
3435, 313.6767578125, -96.65413665771484, 0.0, 0.0, 0.0, -91.09107208251953, 5.203613553082506
3436, 313.67449951171875, -96.77122497558594, 0.0, 0.0, 0.0, -91.0854263305664, 5.163113184372121
3437, 313.6721496582031, -96.89676666259766, 0.0, 0.0, 0.0, -91.09327697753906, 5.116731551125806
3438, 313.66986083984375, -97.01529693603516, 0.0, 0.0, 0.0, -91.08651733398438, 5.07261243932602
3439, 313.6676025390625, -97.1380615234375, 0.0, 0.0, 0.0, -91.09449005126953, 5.025204652548768
3440, 313.66522216796875, -97.262939453125, 0.0, 0.0, 0.0, -91.09528350830078, 4.981895220630492
3441, 313.66290283203125, -97.38456726074219, 0.0, 0.0, 0.0, -91.0962905883789, 4.960642982130241
3442, 313.6607360839844, -97.49742126464844, 0.0, 0.0, 0.0, -91.09710693359375, 4.932338527202295
3443, 313.6585388183594, -97.61322021484375, 0.0, 0.0, 0.0, -91.09789276123047, 4.898485809699878
3444, 313.65618896484375, -97.73442077636719, 0.0, 0.0, 0.0, -91.09869384765625, 4.860079143589414
3445, 313.6539306640625, -97.85260772705078, 0.0, 0.0, 0.0, -91.09945678710938, 4.82096436107492
3446, 313.6517028808594, -97.96862030029297, 0.0, 0.0, 0.0, -91.1002197265625, 4.781666761454073
3447, 313.64947509765625, -98.08486938476562, 0.0, 0.0, 0.0, -91.10098266601562, 4.741789129408056
3448, 313.64739990234375, -98.1932373046875, 0.0, 0.0, 0.0, -91.1016845703125, 4.704358939093617
3449, 313.6452941894531, -98.30303192138672, 0.0, 0.0, 0.0, -91.1024169921875, 4.666293896493104
3450, 313.64312744140625, -98.41600036621094, 0.0, 0.0, 0.0, -91.10318756103516, 4.627036539390369
3451, 313.6409912109375, -98.52880859375, 0.0, 0.02500000037252903, 0.0, -91.10391998291016, 4.58919277133238
3452, 313.6388854980469, -98.63890075683594, 0.0, 0.07500000298023224, 0.0, -91.1046142578125, 4.554763736778266
3453, 313.63665771484375, -98.75405883789062, 0.0, 0.15000000596046448, 0.0, -91.10529327392578, 4.5241563027725045
3454, 313.6346130371094, -98.85951232910156, 0.0, 0.20000001788139343, 0.0, -91.10588073730469, 4.502993793635176
3455, 313.63250732421875, -98.96868133544922, 0.0, 0.2500000298023224, 0.0, -91.10639190673828, 4.488273483353655
3456, 313.6304016113281, -99.07682037353516, 0.0, 0.3250000476837158, 0.0, -91.10676574707031, 4.481253510286789
3457, 313.6282958984375, -99.18577575683594, 0.0, 0.27500003576278687, 0.0, -91.10699462890625, 4.479392297567977
3458, 313.6261901855469, -99.29373168945312, 0.0, 0.2250000238418579, 0.0, -91.10721588134766, 4.476949556998209
3459, 313.62408447265625, -99.40206909179688, 0.0, 0.15000000596046448, 0.0, -91.10736083984375, 4.469989243805433
3460, 313.6219787597656, -99.5101547241211, 0.0, 0.10000000149011612, 0.0, -91.10747528076172, 4.456587487258646
3461, 313.61993408203125, -99.61746978759766, 0.0, 0.05000000447034836, 0.0, -91.10773468017578, 4.436715239473672
3462, 313.6178894042969, -99.72471618652344, 0.0, -0.02499999664723873, 0.0, -91.1080093383789, 4.410982543417733
3463, 313.61590576171875, -99.82882690429688, 0.0, 0.0, 0.0, -91.10833740234375, 4.380985697689941
3464, 313.6138610839844, -99.93350982666016, 0.0, 0.05000000074505806, 0.0, -91.10872650146484, 4.349892474385252
3465, 313.61187744140625, -100.03670501708984, 0.0, 0.10000000149011612, 0.0, -91.10919952392578, 4.3214996819806055
3466, 313.6098937988281, -100.14022064208984, 0.0, 0.17500001192092896, 0.0, -91.10962677001953, 4.297922946007446
3467, 313.60791015625, -100.24361419677734, 0.0, 0.17500001192092896, 0.0, -91.11004638671875, 4.278218870389546
3468, 313.6058654785156, -100.34805297851562, 0.0, 0.125, 0.0, -91.11041259765625, 4.257033449297657
3469, 313.60382080078125, -100.45348358154297, 0.0, 4.0978194171259474e-09, 0.0, -91.11083221435547, 4.2306189872949735
3470, 313.6018981933594, -100.5523910522461, 0.0, 0.0, 0.0, -91.11126708984375, 4.200574587951442
3471, 313.5999755859375, -100.65223693847656, 0.0, 0.0, 0.0, -91.11174011230469, 4.168035886496149
3472, 313.59814453125, -100.74630737304688, 0.0, 0.05000000074505806, 0.0, -91.1121826171875, 4.138265285889914
3473, 313.5961608886719, -100.84774017333984, 0.0, 0.15000000596046448, 0.0, -91.11267852783203, 4.110446332713719
3474, 313.59442138671875, -100.93838500976562, 0.0, 0.20000001788139343, 0.0, -91.11310577392578, 4.092670459447942
3475, 313.5924987792969, -101.0379409790039, 0.0, 0.2500000298023224, 0.0, -91.11347198486328, 4.080896708573372
3476, 313.5905456542969, -101.13706970214844, 0.0, 0.2500000298023224, 0.0, -91.11376953125, 4.075019612612949
3477, 313.588623046875, -101.23685455322266, 0.0, 0.17500001192092896, 0.0, -91.11395263671875, 4.06924638828086
3478, 313.58685302734375, -101.32713317871094, 0.0, 0.125, 0.0, -91.11414337158203, 4.060260949159173
3479, 313.5850524902344, -101.42176818847656, 0.0, 0.07500000298023224, 0.0, -91.11431884765625, 4.045667734680989
3480, 313.5832824707031, -101.51304626464844, 0.0, 0.02500000409781933, 0.0, -91.114501953125, 4.0259771148374135
3481, 313.58154296875, -101.60213470458984, 0.0, -0.02499999664723873, 0.0, -91.11479187011719, 4.002528792650765
3482, 313.5796813964844, -101.69764709472656, 0.0, 0.0, 0.0, -91.1151123046875, 3.9737327496068366
3483, 313.5778503417969, -101.7918701171875, 0.0, 0.0, 0.0, -91.115478515625, 3.943161389502164
3484, 313.57598876953125, -101.88749694824219, 0.0, 0.0, 0.0, -91.11592864990234, 3.9110768170321926
3485, 313.5741271972656, -101.98259735107422, 0.0, 0.0, 0.0, -91.11640167236328, 3.878664636496625
3486, 313.5723876953125, -102.07271575927734, 0.0, 0.0, 0.0, -91.11688995361328, 3.8477230765967727
3487, 313.57073974609375, -102.1576919555664, 0.0, 0.0, 0.0, -91.11731719970703, 3.8184488625819424
3488, 313.5689697265625, -102.24900817871094, 0.0, 0.0, 0.0, -91.11779022216797, 3.7881240161401823
3489, 313.5672912597656, -102.33509826660156, 0.0, 0.10000000149011612, 0.0, -91.11823272705078, 3.7635752189321376
3490, 313.56561279296875, -102.42339324951172, 0.0, 0.15000000596046448, 0.0, -91.11865234375, 3.7438643785984778
3491, 313.5638427734375, -102.51398468017578, 0.0, 0.2250000238418579, 0.0, -91.11898803710938, 3.730508574194335
3492, 313.56201171875, -102.60647583007812, 0.0, 0.27500003576278687, 0.0, -91.1192626953125, 3.725390674646324
3493, 313.5602722167969, -102.69647216796875, 0.0, 0.2500000298023224, 0.0, -91.11942291259766, 3.725120139736644
3494, 313.5585632324219, -102.78217315673828, 0.0, 0.20000001788139343, 0.0, -91.11953735351562, 3.724241900159839
3495, 313.5569152832031, -102.86668395996094, 0.0, 0.15000000596046448, 0.0, -91.1196060180664, 3.7197863836646
3496, 313.55535888671875, -102.94884490966797, 0.0, 0.10000000149011612, 0.0, -91.11969757080078, 3.7107141649202413
3497, 313.5537109375, -103.03166961669922, 0.0, 0.05000000447034836, 0.0, -91.11981201171875, 3.6961405556371862
3498, 313.5521240234375, -103.11317443847656, 0.0, 0.05000000447034836, 0.0, -91.1199722290039, 3.677683826423513
3499, 313.55047607421875, -103.19742584228516, 0.0, 0.10000000149011612, 0.0, -91.12018585205078, 3.6581278202677012
3500, 313.5488586425781, -103.28157043457031, 0.0, 0.17500001192092896, 0.0, -91.12042999267578, 3.642080148017208
3501, 313.5471496582031, -103.3680648803711, 0.0, 0.2250000238418579, 0.0, -91.12064361572266, 3.6321617523960743
3502, 313.5455322265625, -103.45335388183594, 0.0, 0.27500003576278687, 0.0, -91.12078857421875, 3.6290331162221574
3503, 313.5438232421875, -103.54151916503906, 0.0, 0.27500003576278687, 0.0, -91.12091827392578, 3.630769117981272
3504, 313.54205322265625, -103.63143920898438, 0.0, 0.20000001788139343, 0.0, -91.1209487915039, 3.6318783723968693
3505, 313.5404357910156, -103.71607208251953, 0.0, 0.15000000596046448, 0.0, -91.1209716796875, 3.6283131759595775
3506, 313.5388488769531, -103.79832458496094, 0.0, 0.10000000149011612, 0.0, -91.12104034423828, 3.6196021581690783
3507, 313.5372009277344, -103.88118743896484, 0.0, 0.05000000447034836, 0.0, -91.12110137939453, 3.6050838205060503
3508, 313.5356750488281, -103.96221160888672, 0.0038197184912860394, 4.0978194171259474e-09, 0.0, -91.11953735351562, 3.585032550514814
3509, 313.5342712402344, -104.04354095458984, 0.007639436982572079, 0.0, 0.0, -91.11439514160156, 3.5619206976147972
3510, 313.5330505371094, -104.12247467041016, 0.01145915500819683, 0.0, 0.0, -91.10464477539062, 3.5370101092013204
3511, 313.53204345703125, -104.201171875, 0.01718873344361782, 0.0, 0.0, -91.088623046875, 3.510916789669543
3512, 313.53125, -104.27793884277344, 0.02291831001639366, 0.0, 0.0, -91.0654525756836, 3.4848036696796796
3513, 313.5306701660156, -104.35523223876953, 0.024828169494867325, 0.0, 0.0, -91.03512573242188, 3.458250899138017
3514, 313.5302734375, -104.4320068359375, 0.030557747930288315, 0.0, 0.0, -90.99752807617188, 3.4316585448150296
3515, 313.5301513671875, -104.50960540771484, 0.03437746688723564, 0.0, 0.0, -90.95169067382812, 3.404700483290543
3516, 313.53021240234375, -104.58255767822266, 0.03819718211889267, 0.0, 0.0, -90.90159606933594, 3.3793169666047795
3517, 313.5305480957031, -104.65762329101562, 0.0420168936252594, 0.0, 0.0, -90.84307861328125, 3.3531657621394153
3518, 313.5310363769531, -104.7298583984375, 0.04583660885691643, 0.0, 0.0, -90.780029296875, 3.327983634729973
3519, 313.5317687988281, -104.80437469482422, 0.049656324088573456, 0.0, 0.0, -90.70800018310547, 3.301985512302881
3520, 313.53277587890625, -104.87786865234375, 0.053476039320230484, 0.0, 0.0, -90.6301498413086, 3.276329664003676
3521, 313.5339050292969, -104.94840240478516, 0.05729575455188751, 0.0, 0.0, -90.54906463623047, 3.251692098360537
3522, 313.53533935546875, -105.01976013183594, 0.06111546978354454, 0.0, 0.0, -90.46056365966797, 3.226751149592706
3523, 313.5369873046875, -105.0887451171875, 0.06684504449367523, 0.0, 0.0, -90.3680648803711, 3.2025525749895305
3524, 313.5390319824219, -105.16171264648438, 0.07066475600004196, 0.0, 0.0, -90.26263427734375, 3.1769655297900137
3525, 313.541259765625, -105.23169708251953, 0.07448447495698929, 0.0, 0.0, -90.154541015625, 3.152429484126362
3526, 313.5437316894531, -105.30132293701172, 0.07830418646335602, 0.0, 0.0, -90.04035186767578, 3.128011111435111
3527, 313.54644775390625, -105.369384765625, 0.08212390542030334, 0.0, 0.0, -89.92242431640625, 3.104132508990878
3528, 313.54937744140625, -105.43718719482422, 0.08594361692667007, 0.0, 0.0, -89.79866027832031, 3.08032711765082
3529, 313.5525817871094, -105.50444030761719, 0.08721685409545898, 0.02500000037252903, 0.0, -89.6707763671875, 3.0536575809946367
3530, 313.555908203125, -105.57083892822266, 0.08594361692667007, 0.07500000298023224, 0.0, -89.54156494140625, 3.032296211920454
3531, 313.5595397949219, -105.64014434814453, 0.08467037975788116, 0.125, 0.0, -89.40546417236328, 3.015933671037129
3532, 313.563232421875, -105.70819854736328, 0.08339714258909225, 0.17500001192092896, 0.0, -89.27191162109375, 3.005951472988852
3533, 313.5669250488281, -105.77445220947266, 0.08212390542030334, 0.2250000238418579, 0.0, -89.14276123046875, 3.002082813635379
3534, 313.5706787109375, -105.83939361572266, 0.08085066080093384, 0.27500003576278687, 0.0, -89.0174331665039, 3.003922637003245
3535, 313.57452392578125, -105.90463256835938, 0.07957742363214493, 0.3250000476837158, 0.0, -88.89317321777344, 3.011339130022683
3536, 313.5783996582031, -105.96906280517578, 0.07766757160425186, 0.40000006556510925, 0.0, -88.77243041992188, 3.0244011350390836
3537, 313.58258056640625, -106.037353515625, 0.0757577121257782, 0.3250000476837158, 0.0, -88.64696502685547, 3.0410543094613236
3538, 313.5868225097656, -106.10405731201172, 0.07448447495698929, 0.27500003576278687, 0.0, -88.5267333984375, 3.0544983245546637
3539, 313.5910339355469, -106.17013549804688, 0.07321123778820038, 0.2250000238418579, 0.0, -88.4097900390625, 3.063341593059002
3540, 313.5954284667969, -106.23684692382812, 0.07193799316883087, 0.17500001192092896, 0.0, -88.29366302490234, 3.0669895227819453
3541, 313.60003662109375, -106.30549621582031, 0.07066475600004196, 0.125, 0.0, -88.17619323730469, 3.064886193189744
3542, 313.604736328125, -106.37430572509766, 0.06939151883125305, 0.07500000298023224, 0.0, -88.06041717529297, 3.05681953477336
3543, 313.6097106933594, -106.44468688964844, 0.07066475600004196, 0.02500000409781933, 0.0, -87.94281005859375, 3.042353281039783
3544, 313.61468505859375, -106.5128402709961, 0.07448447495698929, -0.02499999664723873, 0.0, -87.8275146484375, 3.0241038746046898
3545, 313.6197509765625, -106.57859802246094, 0.07830418646335602, 0.0, 0.0, -87.71331787109375, 3.007102778802018
3546, 313.62542724609375, -106.64881896972656, 0.08212390542030334, 0.0, 0.0, -87.5867919921875, 2.9856536159977245
3547, 313.63092041015625, -106.7127914428711, 0.08785347640514374, 0.0, 0.0, -87.46619415283203, 2.9645231403590455
3548, 313.63690185546875, -106.77962493896484, 0.09167318791151047, 0.0, 0.0, -87.33393859863281, 2.9417045087266667
3549, 313.6428527832031, -106.8425064086914, 0.0954929068684578, 0.0, 0.0, -87.20384979248047, 2.919872210112946
3550, 313.6490478515625, -106.90528869628906, 0.09931261837482452, 0.0, 0.0, -87.0683364868164, 2.897879983187856
3551, 313.6554870605469, -106.96812438964844, 0.10313233733177185, 0.0, 0.0, -86.92705535888672, 2.8757666727870914
3552, 313.6621398925781, -107.02975463867188, 0.10695204883813858, 0.0, 0.0, -86.78286743164062, 2.8540079238944704
3553, 313.6689147949219, -107.09015655517578, 0.10695204883813858, 0.0, 0.0, -86.63610076904297, 2.832643914354847
3554, 313.6763916015625, -107.15420532226562, 0.11459147930145264, 0.0, 0.0, -86.47451782226562, 2.8099598626433924
3555, 313.68389892578125, -107.2161865234375, 0.11331824213266373, 0.05000000074505806, 0.0, -86.31432342529297, 2.784833155900724
3556, 313.6915283203125, -107.27780151367188, 0.11204500496387482, 0.10000000149011612, 0.0, -86.15355682373047, 2.76716913478034
3557, 313.69915771484375, -107.33873748779297, 0.11077176779508591, 0.15000000596046448, 0.0, -85.99444580078125, 2.756173113919724
3558, 313.7064514160156, -107.3955078125, 0.1094985231757164, 0.10000000149011612, 0.0, -85.84687042236328, 2.748253867597163
3559, 313.71435546875, -107.45600128173828, 0.10758867114782333, 0.02500000409781933, 0.0, -85.69092559814453, 2.736291108557383
3560, 313.7223815917969, -107.51689910888672, 0.10631543397903442, 0.0, 0.0, -85.53546905517578, 2.722854978135016
3561, 313.73052978515625, -107.57758331298828, 0.10440557450056076, 0.0, 0.0, -85.38235473632812, 2.705628336690221
3562, 313.73834228515625, -107.63518524169922, 0.10313233733177185, 0.0, 0.0, -85.2387466430664, 2.687477945466824
3563, 313.7463684082031, -107.69349670410156, 0.10185910016298294, 0.0, 0.0, -85.09503173828125, 2.668193886463941
3564, 313.7545166015625, -107.751708984375, 0.10058585554361343, 0.0, 0.0, -84.95317077636719, 2.64846870020906
3565, 313.76275634765625, -107.81010437011719, 0.09931261837482452, 0.02500000037252903, 0.0, -84.81249237060547, 2.6236443959426494
3566, 313.7709655761719, -107.86710357666016, 0.09803938120603561, 0.07500000298023224, 0.0, -84.67675018310547, 2.6055628754696825
3567, 313.7796325683594, -107.92671966552734, 0.0967661440372467, 0.125, 0.0, -84.53668975830078, 2.5930466349023145
3568, 313.7877197265625, -107.98160552978516, 0.0954929068684578, 0.17500001192092896, 0.0, -84.40945434570312, 2.5871079537074353
3569, 313.7961120605469, -108.03805541992188, 0.09421966969966888, 0.2250000238418579, 0.0, -84.28045654296875, 2.5867170293363984
3570, 313.8044128417969, -108.0932388305664, 0.09294642508029938, 0.27500003576278687, 0.0, -84.15605926513672, 2.5918177488066005
3571, 313.81304931640625, -108.15015411376953, 0.09167318791151047, 0.3250000476837158, 0.0, -84.02967071533203, 2.602655966505289
3572, 313.8214111328125, -108.20446014404297, 0.09039995074272156, 0.3750000596046448, 0.0, -83.9107666015625, 2.618059064156471
3573, 313.83013916015625, -108.2608642578125, 0.08912671357393265, 0.42500007152557373, 0.0, -83.78904724121094, 2.639225173009951
3574, 313.8390808105469, -108.31790924072266, 0.08785347640514374, 0.4750000834465027, 0.0, -83.66787719726562, 2.665757555988085
3575, 313.8479919433594, -108.37437438964844, 0.08658023923635483, 0.5250000357627869, 0.0, -83.54971313476562, 2.6968326865759153
3576, 313.8575744628906, -108.4344711303711, 0.08530700206756592, 0.574999988079071, 0.0, -83.4259262084961, 2.7349118697470645
3577, 313.8670654296875, -108.49317932128906, 0.08912671357393265, 0.6249999403953552, 0.0, -83.3049545288086, 2.7765313792727753
3578, 313.8771667480469, -108.55413818359375, 0.09294642508029938, 0.6749998927116394, 0.0, -83.17723083496094, 2.824155786685756
3579, 313.8876037597656, -108.61552429199219, 0.10058585554361343, 0.7749997973442078, 0.0, -83.04389953613281, 2.8766958115498182
3580, 313.898681640625, -108.67890167236328, 0.10440557450056076, 0.7749997973442078, 0.0, -82.90062713623047, 2.9361582098302548
3581, 313.9102478027344, -108.74339294433594, 0.10822528600692749, 0.7249998450279236, 0.0, -82.74929809570312, 2.997108862133944
3582, 313.9222412109375, -108.80855560302734, 0.11204500496387482, 0.6749998927116394, 0.0, -82.59085083007812, 3.0553727972508726
3583, 313.93475341796875, -108.8746566772461, 0.11586471647024155, 0.6249999403953552, 0.0, -82.42454528808594, 3.1094871777824253
3584, 313.94677734375, -108.93695831298828, 0.11777457594871521, 0.5999999642372131, 0.0, -82.2634506225586, 3.156044679911805
3585, 313.9595642089844, -109.00171661376953, 0.12159428745508194, 0.550000011920929, 0.0, -82.09126281738281, 3.199728706974578
3586, 313.9731140136719, -109.06867218017578, 0.12541399896144867, 0.5000000596046448, 0.0, -81.90805053710938, 3.2393491313671596
3587, 313.9874572753906, -109.13780975341797, 0.129233717918396, 0.4500000476837158, 0.0, -81.71293640136719, 3.2740828432410716
3588, 314.0022277832031, -109.20718383789062, 0.13305343687534332, 0.40000003576278687, 0.0, -81.5111083984375, 3.302797910795788
3589, 314.017578125, -109.27734375, 0.13687315583229065, 0.40000003576278687, 0.0, -81.30101776123047, 3.3272390501767424
3590, 314.0337829589844, -109.34939575195312, 0.14260272681713104, 0.4750000536441803, 0.0, -81.07787322998047, 3.351498526028234
3591, 314.0509033203125, -109.42347717285156, 0.14642244577407837, 0.5250000357627869, 0.0, -80.84087371826172, 3.3801290527378374
3592, 314.0682678222656, -109.4967041015625, 0.1502421498298645, 0.574999988079071, 0.0, -80.59949493408203, 3.4130695760938394
3593, 314.0859069824219, -109.56893920898438, 0.1559717208147049, 0.6499999165534973, 0.0, -80.3543930053711, 3.450377336078733
3594, 314.10430908203125, -109.64244842529297, 0.15979143977165222, 0.6999998688697815, 0.0, -80.09782409667969, 3.4947100058317986
3595, 314.1234436035156, -109.71682739257812, 0.16361115872859955, 0.7499998211860657, 0.0, -79.83141326904297, 3.5449085566058818
3596, 314.1429748535156, -109.79096221923828, 0.16743087768554688, 0.7999997735023499, 0.0, -79.55933380126953, 3.599706186134214
3597, 314.1639099121094, -109.86831665039062, 0.171250581741333, 0.849999725818634, 0.0, -79.26890563964844, 3.6615154691884984
3598, 314.1855163574219, -109.9462661743164, 0.17507030069828033, 0.8999996781349182, 0.0, -78.96968841552734, 3.728176116115266
3599, 314.20794677734375, -110.025146484375, 0.17889001965522766, 0.9499996304512024, 0.0, -78.66043853759766, 3.799734683381732
3600, 314.23284912109375, -110.1104736328125, 0.1827097237110138, 0.8999996781349182, 0.0, -78.318603515625, 3.8789866412619793
3601, 314.25732421875, -110.19214630126953, 0.18652944266796112, 0.849999725818634, 0.0, -77.9847412109375, 3.952917586131048
3602, 314.28369140625, -110.278076171875, 0.19034916162490845, 0.7999997735023499, 0.0, -77.62610626220703, 4.026519147415955
3603, 314.31024169921875, -110.36217498779297, 0.19416888058185577, 0.7499998211860657, 0.0, -77.26786041259766, 4.093407798859076
3604, 314.33734130859375, -110.44584655761719, 0.1979885846376419, 0.6999998688697815, 0.0, -76.90406799316406, 4.154371482240338
3605, 314.3658447265625, -110.5316390991211, 0.20180830359458923, 0.6499999165534973, 0.0, -76.52335357666016, 4.210814457135368
3606, 314.3952331542969, -110.61802673339844, 0.20053507387638092, 0.5999999642372131, 0.0, -76.13417053222656, 4.2619751683659715
3607, 314.4264221191406, -110.70758819580078, 0.20180830359458923, 0.550000011920929, 0.0, -75.7256851196289, 4.308025921465292
3608, 314.45751953125, -110.79495239257812, 0.20053507387638092, 0.5000000596046448, 0.0, -75.32377624511719, 4.347249884289026
3609, 314.48974609375, -110.88339233398438, 0.20180830359458923, 0.4500000476837158, 0.0, -74.91373443603516, 4.380458551712395
3610, 314.51995849609375, -110.9645767211914, 0.20053507387638092, 0.40000003576278687, 0.0, -74.53522491455078, 4.405263799190874
3611, 314.5533447265625, -111.05260467529297, 0.20180830359458923, 0.3500000238418579, 0.0, -74.12247467041016, 4.425940521620208
3612, 314.58642578125, -111.13799285888672, 0.20053507387638092, 0.30000001192092896, 0.0, -73.7201919555664, 4.440223538640943
3613, 314.62060546875, -111.22457885742188, 0.20180830359458923, 0.25, 0.0, -73.31028747558594, 4.448365698326378
3614, 314.65631103515625, -111.31295776367188, 0.20053507387638092, 0.19999998807907104, 0.0, -72.88994598388672, 4.450371707106171
3615, 314.6924743652344, -111.40081024169922, 0.20117168128490448, 0.12499997764825821, 0.0, -72.47013854980469, 4.445325869183191
3616, 314.7287292480469, -111.48699951171875, 0.20053507387638092, 0.07499998062849045, 0.0, -72.05644226074219, 4.43337468943181
3617, 314.7657470703125, -111.57331085205078, 0.20117168128490448, 0.024999981746077538, 0.0, -71.63996887207031, 4.414769122398359
3618, 314.8043518066406, -111.66142272949219, 0.20180830359458923, 0.0, 0.0, -71.21209716796875, 4.389317640947773
3619, 314.8416442871094, -111.74484252929688, 0.20053507387638092, 0.0, 0.0, -70.80492401123047, 4.361512987805163
3620, 314.8819580078125, -111.83323669433594, 0.20180830359458923, 0.0, 0.0, -70.37093353271484, 4.32959888682935
3621, 314.92108154296875, -111.91734313964844, 0.20053507387638092, 0.0, 0.0, -69.9560775756836, 4.298051443441687
3622, 314.9620361328125, -112.00357818603516, 0.20180830359458923, 0.0, 0.0, -69.52826690673828, 4.26470012421489
3623, 315.0011901855469, -112.08448028564453, 0.20053507387638092, 0.0, 0.0, -69.12523651123047, 4.233102269724128
3624, 315.04156494140625, -112.16632843017578, 0.20180830359458923, 0.0, 0.0, -68.71521759033203, 4.200920048271785
3625, 315.08135986328125, -112.24555206298828, 0.20053507387638092, 0.0, 0.0, -68.31666564941406, 4.169461653512477
3626, 315.1194152832031, -112.32000732421875, 0.20180830359458923, 0.0, 0.0, -67.9403076171875, 4.139620407933125
3627, 315.15887451171875, -112.3958969116211, 0.20053507387638092, 0.0, 0.0, -67.55512237548828, 4.10936698492975
3628, 315.1965637207031, -112.46719360351562, 0.20180830359458923, 0.0, 0.0, -67.19142150878906, 4.080540488738251
3629, 315.23944091796875, -112.5470199584961, 0.20053507387638092, 0.0, 0.0, -66.78270721435547, 4.048563999324781
3630, 315.2816467285156, -112.62430572509766, 0.20180830359458923, 0.0, 0.0, -66.38484954833984, 4.016958914521246
3631, 315.3232421875, -112.69912719726562, 0.20053507387638092, 0.0, 0.0, -65.99810791015625, 3.9869893708684523
3632, 315.3644714355469, -112.77223205566406, 0.20180830359458923, 0.0, 0.0, -65.61833190917969, 3.95743834722374
3633, 315.40728759765625, -112.8469009399414, 0.20053507387638092, 0.0, 0.0, -65.22883605957031, 3.9272130760969404
3634, 315.4484558105469, -112.91765594482422, 0.20180830359458923, 0.0, 0.0, -64.85798645019531, 3.8983112791329595
3635, 315.48974609375, -112.98755645751953, 0.20053507387638092, 0.0, 0.0, -64.49005889892578, 3.8697887963739532
3636, 315.53240966796875, -113.05870819091797, 0.20180830359458923, 0.0, 0.0, -64.11366271972656, 3.840504557481439
3637, 315.5737609863281, -113.12665557861328, 0.20053507387638092, 0.0, 0.0, -63.7529411315918, 3.8125699889749454
3638, 315.6174621582031, -113.1973876953125, 0.20180830359458923, 0.0, 0.0, -63.3754768371582, 3.7832382552200445
3639, 315.6563720703125, -113.25939178466797, 0.20053507387638092, 0.0, 0.0, -63.04314041137695, 3.7575524051700606
3640, 315.6977233886719, -113.32453155517578, 0.20180830359458923, 0.0, 0.0, -62.69241714477539, 3.730286328271135
3641, 315.73919677734375, -113.38890075683594, 0.20053507387638092, 0.0, 0.0, -62.34456253051758, 3.703827526704064
3642, 315.7813720703125, -113.45348358154297, 0.20180830359458923, 0.0, 0.0, -61.99418258666992, 3.6772591643665913
3643, 315.8230285644531, -113.51638793945312, 0.20053507387638092, 0.0, 0.0, -61.651798248291016, 3.6513882724611766
3644, 315.86627197265625, -113.58077239990234, 0.20180830359458923, 0.0, 0.02500000037252903, -61.299495697021484, 3.6230332354380828
3645, 315.91015625, -113.64522552490234, 0.20053507387638092, 0.0, 0.07500000298023224, -60.94554901123047, 3.594320825266481
3646, 315.953125, -113.70742797851562, 0.20180830359458923, 0.0, 0.125, -60.60198211669922, 3.565270468418088
3647, 315.9924011230469, -113.76356506347656, 0.20053507387638092, 0.0, 0.17500001192092896, -60.2907600402832, 3.537621673196248
3648, 316.0351257324219, -113.8238525390625, 0.20180830359458923, 0.0, 0.2250000238418579, -59.95478820800781, 3.5061442268221485
3649, 316.0775451660156, -113.88296508789062, 0.20053507387638092, 0.0, 0.27500003576278687, -59.62392044067383, 3.4735379156001707
3650, 316.1188049316406, -113.93974304199219, 0.20180830359458923, 0.0, 0.3250000476837158, -59.30418014526367, 3.4401858374896825
3651, 316.16461181640625, -114.00196838378906, 0.20053507387638092, 0.0, 0.3750000596046448, -58.952125549316406, 3.4014795998201537
3652, 316.20697021484375, -114.05873107910156, 0.20180830359458923, 0.0, 0.42500007152557373, -58.62906265258789, 3.3639013413088894
3653, 316.2493896484375, -114.11492919921875, 0.20053507387638092, 0.0, 0.4750000834465027, -58.307594299316406, 3.3247039129547034
3654, 316.2913513183594, -114.16983795166016, 0.20180830359458923, 0.0, 0.5250000357627869, -57.99152755737305, 3.2841228111716094
3655, 316.33319091796875, -114.22393035888672, 0.20053507387638092, 0.0, 0.4750000536441803, -57.67863464355469, 3.2431137642110293
3656, 316.37298583984375, -114.27486419677734, 0.20180830359458923, 0.0, 0.42500004172325134, -57.3823356628418, 3.204565681428622
3657, 316.4134216308594, -114.32595825195312, 0.20053507387638092, 0.0, 0.3750000298023224, -57.083778381347656, 3.1667827173028043
3658, 316.451904296875, -114.37403869628906, 0.20180830359458923, 0.0, 0.32500001788139343, -56.80122375488281, 3.131577696173612
3659, 316.4914855957031, -114.42308044433594, 0.19989845156669617, 0.0, 0.25, -56.51240539550781, 3.097668138131814
3660, 316.531005859375, -114.47150421142578, 0.20117168128490448, 0.0, 0.19999998807907104, -56.22590255737305, 3.065946188944369
3661, 316.57196044921875, -114.52115631103516, 0.19989845156669617, 0.0, 0.1499999761581421, -55.9312629699707, 3.035111149900873
3662, 316.611328125, -114.56841278076172, 0.20117168128490448, 0.0, 0.09999997913837433, -55.64963150024414, 3.007355930811447
3663, 316.6487731933594, -114.61286163330078, 0.20053507387638092, 0.0, 0.07499998062849045, -55.38374328613281, 2.982538584731004
3664, 316.6864318847656, -114.65709686279297, 0.20180830359458923, 0.02500000037252903, 0.024999981746077538, -55.1175422668457, 2.95972559734923
3665, 316.72711181640625, -114.70449829101562, 0.20053507387638092, 0.07500000298023224, 0.0, -54.83138656616211, 2.938963804524373
3666, 316.7667236328125, -114.75013732910156, 0.20180830359458923, 0.125, 0.0, -54.55467987060547, 2.9239560154065063
3667, 316.80963134765625, -114.79911041259766, 0.20053507387638092, 0.17500001192092896, 0.0, -54.25688934326172, 2.914091198328649
3668, 316.8488464355469, -114.84345245361328, 0.20180830359458923, 0.2250000238418579, 0.0, -53.986305236816406, 2.910300143847539
3669, 316.8897705078125, -114.88922882080078, 0.20053507387638092, 0.27500003576278687, 0.0, -53.706329345703125, 2.91208423043302
3670, 316.9287109375, -114.93238830566406, 0.20180830359458923, 0.3250000476837158, 0.0, -53.44131851196289, 2.9184521242746446
3671, 316.9671325683594, -114.97459411621094, 0.20053507387638092, 0.3750000596046448, 0.0, -53.18152618408203, 2.9298596037868996
3672, 317.00537109375, -115.01625061035156, 0.19989845156669617, 0.40000006556510925, 0.0, -52.92503356933594, 2.9452801869203307
3673, 317.04803466796875, -115.06227111816406, 0.20117168128490448, 0.4500000774860382, 0.0, -52.64069747924805, 2.9664539691445393
3674, 317.0901184082031, -115.10733032226562, 0.19989845156669617, 0.5000000596046448, 0.0, -52.36195373535156, 2.9918488552159137
3675, 317.1334228515625, -115.1531982421875, 0.20117168128490448, 0.574999988079071, 0.0, -52.07721710205078, 3.0226790120768845
3676, 317.1756591796875, -115.197509765625, 0.20180830359458923, 0.6249999403953552, 0.0, -51.80097961425781, 3.058247578907965
3677, 317.2184753417969, -115.24201965332031, 0.20053507387638092, 0.6749998927116394, 0.0, -51.5229377746582, 3.09895305047642
3678, 317.2613830566406, -115.28617095947266, 0.20180830359458923, 0.7249998450279236, 0.0, -51.24607849121094, 3.143648000943995
3679, 317.3080139160156, -115.33368682861328, 0.20053507387638092, 0.7749997973442078, 0.0, -50.9476203918457, 3.196736108039484
3680, 317.35498046875, -115.38117218017578, 0.20180830359458923, 0.8249997496604919, 0.0, -50.64851760864258, 3.2539453735802746
3681, 317.4044494628906, -115.43063354492188, 0.20053507387638092, 0.8749997019767761, 0.0, -50.336219787597656, 3.3179969891509473
3682, 317.4539489746094, -115.47967529296875, 0.19989845156669617, 0.8999996781349182, 0.0, -50.02641296386719, 3.3851661993104987
3683, 317.50738525390625, -115.53206634521484, 0.20053507387638092, 0.9749996066093445, 0.0, -49.694644927978516, 3.4601509258238377
3684, 317.5600891113281, -115.58316040039062, 0.20180830359458923, 0.9749996066093445, 0.0, -49.369598388671875, 3.536097225660649
3685, 317.6175842285156, -115.63827514648438, 0.20053507387638092, 0.9249996542930603, 0.0, -49.018096923828125, 3.617863042670247
3686, 317.6684875488281, -115.68656921386719, 0.19989845156669617, 0.8999996781349182, 0.0, -48.7094612121582, 3.6878114342008135
3687, 317.7222595214844, -115.73703002929688, 0.20117168128490448, 0.849999725818634, 0.0, -48.38542175292969, 3.7578502944959675
3688, 317.78173828125, -115.792236328125, 0.19989845156669617, 0.7999997735023499, 0.0, -48.02949142456055, 3.830247662620908
3689, 317.8429870605469, -115.84839630126953, 0.20117168128490448, 0.7499998211860657, 0.0, -47.66526794433594, 3.8973345448780083
3690, 317.9018249511719, -115.90169525146484, 0.19989845156669617, 0.6999998688697815, 0.0, -47.317909240722656, 3.9562490929913183
3691, 317.96478271484375, -115.95803833007812, 0.20117168128490448, 0.6499999165534973, 0.0, -46.94779586791992, 4.0129495554560455
3692, 318.0303955078125, -116.01596069335938, 0.20180830359458923, 0.574999988079071, 0.0, -46.56368637084961, 4.064098377609198
3693, 318.0893859863281, -116.06736755371094, 0.20117168128490448, 0.550000011920929, 0.0, -46.220008850097656, 4.104111270878676
3694, 318.15020751953125, -116.11973571777344, 0.20180830359458923, 0.4750000536441803, 0.0, -45.866905212402344, 4.139623488205341
3695, 318.2169189453125, -116.17652893066406, 0.20053507387638092, 0.42500004172325134, 0.0, -45.48128128051758, 4.171304743138021
3696, 318.28375244140625, -116.2326889038086, 0.20180830359458923, 0.3750000298023224, 0.0, -45.09626007080078, 4.1961130191482825
3697, 318.3529357910156, -116.29008483886719, 0.20053507387638092, 0.32500001788139343, 0.0, -44.69922637939453, 4.214821711257144
3698, 318.4256896972656, -116.349609375, 0.20180830359458923, 0.2750000059604645, 0.0, -44.28327178955078, 4.227190345481848
3699, 318.49176025390625, -116.4029541015625, 0.20053507387638092, 0.22499999403953552, 0.0, -43.907081604003906, 4.232710173212668
3700, 318.55755615234375, -116.45539855957031, 0.19989845156669617, 0.19999998807907104, 0.0, -43.53414535522461, 4.233491190085731
3701, 318.62701416015625, -116.51005554199219, 0.20117168128490448, 0.1499999761581421, 0.0, -43.14188766479492, 4.228931507737382
3702, 318.6954650878906, -116.56319427490234, 0.19989845156669617, 0.09999997913837433, 0.0, -42.75706481933594, 4.219366323216258
3703, 318.768310546875, -116.6189193725586, 0.20117168128490448, 0.04999998211860657, 0.0, -42.348899841308594, 4.203290204073989
3704, 318.84149169921875, -116.67411041259766, 0.19989845156669617, -1.8253922817734747e-08, 0.0, -41.94041442871094, 4.181319114977767
3705, 318.9078063964844, -116.7233657836914, 0.20117168128490448, 0.0, 0.0, -41.57133102416992, 4.157078720015811
3706, 318.973876953125, -116.77182006835938, 0.19989845156669617, 0.0, 0.0, -41.204811096191406, 4.13105252815983
3707, 319.0420837402344, -116.82115173339844, 0.20117168128490448, 0.0, 0.0, -40.827728271484375, 4.1029754704842905
3708, 319.1127014160156, -116.87149810791016, 0.20180830359458923, 0.0, 0.0, -40.437889099121094, 4.0733183518257965
3709, 319.1838684082031, -116.92147827148438, 0.20053507387638092, 0.0, 0.0, -40.0467414855957, 4.043390047226254
3710, 319.2554931640625, -116.97098541259766, 0.20180830359458923, 0.0, 0.0, -39.65458679199219, 4.013160016990897
3711, 319.3284606933594, -117.02069854736328, 0.20053507387638092, 0.0, 0.0, -39.25654220581055, 3.9824853083458054
3712, 319.3956298828125, -117.06578063964844, 0.20180830359458923, 0.0, 0.0, -38.89139938354492, 3.9541970820867993
3713, 319.4661560058594, -117.1124267578125, 0.20053507387638092, 0.0, 0.0, -38.50952911376953, 3.924373935547083
3714, 319.5378112792969, -117.1590805053711, 0.20180830359458923, 0.0, 0.0, -38.123111724853516, 3.8943746746083394
3715, 319.6011657714844, -117.19971466064453, 0.20053507387638092, 0.0, 0.0, -37.78285217285156, 3.868072969669778
3716, 319.6632080078125, -117.23895263671875, 0.20180830359458923, 0.0, 0.0, -37.4506950378418, 3.84229609990974
3717, 319.7327575683594, -117.28237915039062, 0.20053507387638092, 0.0, 0.0, -37.07966232299805, 3.8136453919182633
3718, 319.8013000488281, -117.32450866699219, 0.20180830359458923, 0.0, 0.0, -36.71523666381836, 3.7848667234898437
3719, 319.8700256347656, -117.36614227294922, 0.20053507387638092, 0.0, 0.0, -36.351375579833984, 3.7569485687462767
3720, 319.94012451171875, -117.40794372558594, 0.20180830359458923, 0.0, 0.0, -35.9813232421875, 3.7283849633594954
3721, 320.009765625, -117.4488754272461, 0.20053507387638092, 0.0, 0.0, -35.615142822265625, 3.7001964291634057
3722, 320.0770568847656, -117.48780822753906, 0.20180830359458923, 0.02500000037252903, 0.0, -35.26239776611328, 3.6727020472084964
3723, 320.1453552246094, -117.5267562866211, 0.20053507387638092, 0.07500000298023224, 0.0, -34.905826568603516, 3.6478679047155285
3724, 320.2142639160156, -117.5654525756836, 0.20180830359458923, 0.125, 0.0, -34.547183990478516, 3.6272405824510203
3725, 320.2824401855469, -117.60321044921875, 0.20053507387638092, 0.17500001192092896, 0.0, -34.19392013549805, 3.6124114746429656
3726, 320.3507995605469, -117.64048767089844, 0.20180830359458923, 0.2250000238418579, 0.0, -33.84119415283203, 3.60297386141265
3727, 320.4186706542969, -117.67694854736328, 0.20053507387638092, 0.27500003576278687, 0.0, -33.49293518066406, 3.5995215234083795
3728, 320.48211669921875, -117.71055603027344, 0.20180830359458923, 0.3250000476837158, 0.0, -33.1685905456543, 3.601333509876879
3729, 320.5467529296875, -117.74434661865234, 0.20053507387638092, 0.3750000596046448, 0.0, -32.83967590332031, 3.60855580434157
3730, 320.6156311035156, -117.77979278564453, 0.20117168128490448, 0.4500000774860382, 0.0, -32.49113845825195, 3.6221195815905065
3731, 320.68511962890625, -117.81509399414062, 0.19989845156669617, 0.5000000596046448, 0.0, -32.14143753051758, 3.6426664312587356
3732, 320.755126953125, -117.85010528564453, 0.20117168128490448, 0.550000011920929, 0.0, -31.791034698486328, 3.6691645014499286
3733, 320.8244934082031, -117.88431549072266, 0.19989845156669617, 0.5999999642372131, 0.0, -31.44571876525879, 3.700894283076426
3734, 320.89501953125, -117.91856384277344, 0.20117168128490448, 0.6499999165534973, 0.0, -31.096357345581055, 3.738001854277382
3735, 320.96868896484375, -117.95382690429688, 0.19989845156669617, 0.6999998688697815, 0.0, -30.73322296142578, 3.781961103039247
3736, 321.0432434082031, -117.98892974853516, 0.20117168128490448, 0.7499998211860657, 0.0, -30.367647171020508, 3.8310402431752344
3737, 321.11956787109375, -118.02434539794922, 0.19989845156669617, 0.7999997735023499, 0.0, -29.995159149169922, 3.886116828151178
3738, 321.19573974609375, -118.0591049194336, 0.20117168128490448, 0.849999725818634, 0.0, -29.625213623046875, 3.9451720322251336
3739, 321.2752380371094, -118.09479522705078, 0.19989845156669617, 0.8999996781349182, 0.0, -29.241418838500977, 4.011190670240713
3740, 321.3504943847656, -118.1280517578125, 0.20117168128490448, 0.9499996304512024, 0.0, -28.87939453125, 4.077220349017167
3741, 321.4263916015625, -118.16107177734375, 0.19989845156669617, 0.9999995827674866, 0.0, -28.51626205444336, 4.147328623058062
3742, 321.5059814453125, -118.19510650634766, 0.20117168128490448, 1.0, 0.0, -28.13716697692871, 4.223223584373446
3743, 321.59124755859375, -118.23095703125, 0.19989845156669617, 1.0, 0.0, -27.733022689819336, 4.305728256468772
3744, 321.67633056640625, -118.2660903930664, 0.20117168128490448, 0.9750000238418579, 0.0, -27.331464767456055, 4.387295789255683
3745, 321.7635803222656, -118.30142974853516, 0.20180830359458923, 0.9000000953674316, 0.0, -26.921070098876953, 4.467915642630192
3746, 321.85400390625, -118.3373794555664, 0.20053507387638092, 0.8500001430511475, 0.0, -26.497142791748047, 4.546568742446188
3747, 321.9471130371094, -118.37360382080078, 0.20180830359458923, 0.8000001907348633, 0.0, -26.06232452392578, 4.621257777105025
3748, 322.03851318359375, -118.40845489501953, 0.20053507387638092, 0.7500002384185791, 0.0, -25.63669776916504, 4.688648740169787
3749, 322.1325378417969, -118.44356536865234, 0.20180830359458923, 0.7000002861022949, 0.0, -25.200021743774414, 4.751284259619531
3750, 322.2207336425781, -118.47574615478516, 0.20117168128490448, 0.6750003099441528, 0.0, -24.791574478149414, 4.804634247274834
3751, 322.32049560546875, -118.51140594482422, 0.19989845156669617, 0.6250003576278687, 0.0, -24.331369400024414, 4.859062472754906
3752, 322.4162292480469, -118.54485321044922, 0.20117168128490448, 0.5750004053115845, 0.0, -23.890789031982422, 4.904957708559633
3753, 322.5119934082031, -118.57752990722656, 0.19989845156669617, 0.5250004529953003, 0.0, -23.451641082763672, 4.944954750452587
3754, 322.6162109375, -118.61219787597656, 0.20117168128490448, 0.4750004708766937, 0.0, -22.97471046447754, 4.981396035508194
3755, 322.7169189453125, -118.64482116699219, 0.19989845156669617, 0.42500045895576477, 0.0, -22.515119552612305, 5.010131395106923
3756, 322.82037353515625, -118.67745208740234, 0.20117168128490448, 0.3750004470348358, 0.0, -22.04387092590332, 5.032755789582778
3757, 322.9232177734375, -118.7089614868164, 0.19989845156669617, 0.32500043511390686, 0.0, -21.57670783996582, 5.049046482116014
3758, 323.02630615234375, -118.73966217041016, 0.20117168128490448, 0.2750004231929779, 0.0, -21.10890769958496, 5.059015647656155
3759, 323.1328125, -118.77045440673828, 0.19989845156669617, 0.22500041127204895, 0.0, -20.626392364501953, 5.062567245254616
3760, 323.2375793457031, -118.79978942871094, 0.20053507387638092, 0.15000039339065552, 0.0, -20.15261459350586, 5.05880114334297
3761, 323.3434143066406, -118.82846069335938, 0.20180830359458923, 0.10000038892030716, 0.0, -19.673799514770508, 5.0471560584674595
3762, 323.4498596191406, -118.85636138916016, 0.19989845156669617, 0.02500039152801037, 0.0, -19.192445755004883, 5.028002007248039
3763, 323.55377197265625, -118.88268280029297, 0.20117168128490448, -0.02499960921704769, 0.0, -18.72262954711914, 5.002294983517456
3764, 323.6503601074219, -118.90632629394531, 0.20053507387638092, 0.0, 0.0, -18.28595542907715, 4.974374942869555
3765, 323.7471923828125, -118.92921447753906, 0.20180830359458923, 0.0, 0.0, -17.847942352294922, 4.943606778226406
3766, 323.848388671875, -118.95230102539062, 0.20053507387638092, 0.0, 0.0, -17.38993263244629, 4.90987136202621
3767, 323.9540100097656, -118.97544860839844, 0.20180830359458923, 0.0, 0.0, -16.911848068237305, 4.873404241966267
3768, 324.0566711425781, -118.99703979492188, 0.20053507387638092, 0.0, 0.0, -16.447368621826172, 4.837493637207808
3769, 324.1590881347656, -119.01768493652344, 0.20180830359458923, 0.0, 0.0, -15.983962059020996, 4.801178101544858
3770, 324.2601013183594, -119.03717803955078, 0.20053507387638092, 0.0, 0.0, -15.527297019958496, 4.765351458300574
3771, 324.36004638671875, -119.05561065673828, 0.20117168128490448, 0.0, 0.0, -15.075884819030762, 4.729753079484695
3772, 324.45855712890625, -119.0729751586914, 0.19989845156669617, 0.0, 0.0, -14.631400108337402, 4.6947579420480015
3773, 324.5574645996094, -119.08958435058594, 0.20117168128490448, 0.0, 0.0, -14.185657501220703, 4.659490919589479
3774, 324.65625, -119.1053695678711, 0.19989845156669617, 0.0, 0.0, -13.74083423614502, 4.624418207821638
3775, 324.7562561035156, -119.1205062866211, 0.20117168128490448, 0.0, 0.0, -13.290789604187012, 4.588796784197336
3776, 324.8535461425781, -119.13443756103516, 0.19989845156669617, 0.0, 0.0, -12.853352546691895, 4.554321226296236
3777, 324.9526672363281, -119.14781951904297, 0.20117168128490448, 0.0, 0.0, -12.407855987548828, 4.519088438599673
3778, 325.04986572265625, -119.16015625, 0.19989845156669617, 0.0, 0.0, -11.971512794494629, 4.484734591966368
3779, 325.1438903808594, -119.17134857177734, 0.20117168128490448, 0.0, 0.0, -11.549088478088379, 4.451365034436281
3780, 325.2332458496094, -119.18130493164062, 0.19989845156669617, 0.0, 0.0, -11.148179054260254, 4.419842426438776
3781, 325.3254089355469, -119.1908950805664, 0.20117168128490448, 0.0, 0.0, -10.734359741210938, 4.387193133861272
3782, 325.4139099121094, -119.19944763183594, 0.19989845156669617, 0.0, 0.0, -10.337417602539062, 4.356022444392625
3783, 325.50799560546875, -119.20783233642578, 0.20053507387638092, 0.0, 0.0, -9.915542602539062, 4.322816742137201
3784, 325.6009521484375, -119.21537780761719, 0.20180830359458923, 0.0, 0.0, -9.498150825500488, 4.289917764240422
3785, 325.69195556640625, -119.22209930419922, 0.20053507387638092, 0.0, 0.0, -9.08936595916748, 4.257928330909422
3786, 325.7840576171875, -119.22817993164062, 0.20180830359458923, 0.0, 0.0, -8.675456047058105, 4.225481566454134
3787, 325.8703308105469, -119.23324584960938, 0.20053507387638092, 0.0, 0.0, -8.287544250488281, 4.195259127787943
3788, 325.95989990234375, -119.23786926269531, 0.20180830359458923, 0.0, 0.0, -7.8844380378723145, 4.163787121082785
3789, 326.0489196777344, -119.2418212890625, 0.20053507387638092, 0.0, 0.0, -7.484016418457031, 4.132703631720532
3790, 326.1408996582031, -119.24520874023438, 0.20180830359458923, 0.0, 0.0, -7.069831371307373, 4.100458210991259
3791, 326.2266540527344, -119.24774932861328, 0.20053507387638092, 0.0, 0.0, -6.683630466461182, 4.070550844545625
3792, 326.3142395019531, -119.24972534179688, 0.20180830359458923, 0.0, 0.0, -6.288974761962891, 4.039883626914281
3793, 326.39166259765625, -119.25092315673828, 0.20053507387638092, 0.0, 0.0, -5.940158843994141, 4.012907977278057
3794, 326.4738464355469, -119.25169372558594, 0.20180830359458923, 0.02500000037252903, 0.0, -5.569309234619141, 3.9846439220536394
3795, 326.5541076660156, -119.25191497802734, 0.20053507387638092, 0.07500000298023224, 0.0, -5.207217693328857, 3.959292404305304
3796, 326.6360778808594, -119.2515869140625, 0.20180830359458923, 0.125, 0.0, -4.837466239929199, 3.9371410009690493
3797, 326.7209777832031, -119.25069427490234, 0.20053507387638092, 0.17500001192092896, 0.0, -4.454805374145508, 3.9195036247056585
3798, 326.8075866699219, -119.2491683959961, 0.20180830359458923, 0.2250000238418579, 0.0, -4.064485549926758, 3.9072861731253328
3799, 326.8907470703125, -119.24712371826172, 0.20053507387638092, 0.27500003576278687, 0.0, -3.6904616355895996, 3.9014904084406674
3800, 326.97357177734375, -119.24456024169922, 0.20180830359458923, 0.3250000476837158, 0.0, -3.3179328441619873, 3.901308635757755
3801, 327.05615234375, -119.241455078125, 0.20053507387638092, 0.3750000596046448, 0.0, -2.947296142578125, 3.9069685783432746
3802, 327.1385803222656, -119.2378158569336, 0.20180830359458923, 0.42500007152557373, 0.0, -2.577636957168579, 3.918034624202656
3803, 327.21759033203125, -119.23385620117188, 0.20053507387638092, 0.42500007152557373, 0.0, -2.2239997386932373, 3.932819166673837
3804, 327.2955017089844, -119.22943115234375, 0.20180830359458923, 0.3750000596046448, 0.0, -1.87530517578125, 3.9480841425719313
3805, 327.3795166015625, -119.22416687011719, 0.20053507387638092, 0.3250000476837158, 0.0, -1.4996641874313354, 3.9624086368127815
3806, 327.4658508300781, -119.21822357177734, 0.20053507387638092, 0.3250000476837158, 0.0, -1.114532470703125, 3.9730329127803032
3807, 327.5493469238281, -119.21195220947266, 0.1979885846376419, 0.2250000238418579, 0.0, -0.7429198622703552, 3.978459470596292
3808, 327.6336364746094, -119.2051010131836, 0.1967153549194336, 0.17500001192092896, 0.0, -0.3690491020679474, 3.9785606726926206
3809, 327.71636962890625, -119.19790649414062, 0.1954421103000641, 0.125, 0.0, -0.0034179682843387127, 3.97315634848395
3810, 327.80084228515625, -119.19012451171875, 0.18843930959701538, 0.05000000447034836, 0.0, 0.36633220314979553, 3.961694741352355
3811, 327.88482666015625, -119.18202209472656, 0.18207311630249023, 4.0978194171259474e-09, 0.0, 0.7281678915023804, 3.943579202678166
3812, 327.9699401855469, -119.17347717285156, 0.1757069230079651, 0.0, 0.0, 1.0873702764511108, 3.9204026266558403
3813, 328.0476379394531, -119.1654281616211, 0.16934072971343994, 0.0, 0.0, 1.4077895879745483, 3.8968574277782757
3814, 328.1242980957031, -119.15721130371094, 0.16615763306617737, 0.0, 0.0, 1.7162543535232544, 3.8722551709986366
3815, 328.2038269042969, -119.14844512939453, 0.15979143977165222, 0.0, 0.0, 2.0288352966308594, 3.8460855460840526
3816, 328.2833557128906, -119.13945770263672, 0.15342524647712708, 0.0, 0.0, 2.3323402404785156, 3.8195466511542158
3817, 328.3655700683594, -119.12998962402344, 0.14387595653533936, 0.0, 0.0, 2.6345388889312744, 3.792065305962063
3818, 328.44384765625, -119.12083435058594, 0.1375097632408142, 0.0, 0.0, 2.910773992538452, 3.7657497435635756
3819, 328.5245361328125, -119.11126708984375, 0.13114358484745026, 0.0, 0.0, 3.18377685546875, 3.7385404161079028
3820, 328.60223388671875, -119.10187530517578, 0.12796048820018768, 0.0, 0.0, 3.43672513961792, 3.712146374841343
3821, 328.6836242675781, -119.09190368652344, 0.11841119825839996, 0.0, 0.0, 3.6900341510772705, 3.68463777922733
3822, 328.7591857910156, -119.08253479003906, 0.11522810161113739, 0.0, 0.0, 3.9149928092956543, 3.658936593140948
3823, 328.8304748535156, -119.07360076904297, 0.10886190831661224, 0.0, 0.0, 4.117885589599609, 3.6346926455553485
3824, 328.9013977050781, -119.06463623046875, 0.1024957150220871, 0.0, 0.0, 4.310757637023926, 3.6105476261873113
3825, 328.9786376953125, -119.05484771728516, 0.09612952172756195, 0.0, 0.0, 4.510415077209473, 3.5842629143843805
3826, 329.0525817871094, -119.0454330444336, 0.0897633358836174, 0.0, 0.0, 4.6910905838012695, 3.5590582853586437
3827, 329.12823486328125, -119.0357894897461, 0.08339714258909225, 0.0, 0.0, 4.8649821281433105, 3.533229982369334
3828, 329.2005310058594, -119.02658081054688, 0.07703094929456711, 0.0, 0.0, 5.020830154418945, 3.508506550996187
3829, 329.27288818359375, -119.01737213134766, 0.07066475600004196, 0.0, 0.0, 5.166416168212891, 3.483719077629191
3830, 329.3396301269531, -119.00892639160156, 0.06429856270551682, 0.0, 0.0, 5.290687561035156, 3.460807593111115
3831, 329.4083251953125, -119.00028991699219, 0.05793236568570137, 0.0, 0.0, 5.409330368041992, 3.4372298399972565
3832, 329.4798889160156, -118.99136352539062, 0.051566168665885925, 0.02500000037252903, 0.0, 5.522271633148193, 3.4110203693107395
3833, 329.5509948730469, -118.98255920410156, 0.0477464497089386, 0.07500000298023224, 0.0, 5.624651908874512, 3.3883854201239245
3834, 329.6221008300781, -118.9737548828125, 0.04647320881485939, 0.125, 0.0, 5.719146728515625, 3.3703922319822195
3835, 329.6929931640625, -118.96493530273438, 0.04519997164607048, 0.17500001192092896, 0.0, 5.807292461395264, 3.357759253469271
3836, 329.7634582519531, -118.95613861083984, 0.04392673447728157, 0.2250000238418579, 0.0, 5.8902482986450195, 3.3507656623537603
3837, 329.836669921875, -118.9469223022461, 0.04265349730849266, 0.27500003576278687, 0.0, 5.9722771644592285, 3.3495361271679647
3838, 329.90679931640625, -118.93804168701172, 0.040743637830019, 0.3500000536441803, 0.0, 6.047328948974609, 3.354323240399312
3839, 329.9743957519531, -118.92945098876953, 0.03947040066123009, 0.40000006556510925, 0.0, 6.1167097091674805, 3.3651724374098344
3840, 330.0403137207031, -118.92105102539062, 0.03565068170428276, 0.4500000774860382, 0.0, 6.180746078491211, 3.3811769983304845
3841, 330.1074523925781, -118.91256713867188, 0.029284480959177017, 0.5000000596046448, 0.0, 6.240588665008545, 3.4027418672796936
3842, 330.18182373046875, -118.90328979492188, 0.022918282076716423, 0.550000011920929, 0.0, 6.299418926239014, 3.4323619300643706
3843, 330.25457763671875, -118.89437866210938, 0.01655208319425583, 0.5000000596046448, 0.0, 6.348210334777832, 3.4638271881665177
3844, 330.3274841308594, -118.88563537597656, 0.010185886174440384, 0.4500000476837158, 0.0, 6.387889862060547, 3.493663234781417
3845, 330.40087890625, -118.87699890136719, 0.0038196882233023643, 0.40000003576278687, 0.0, 6.418015956878662, 3.51987886148177
3846, 330.4711608886719, -118.86891174316406, -0.0019098592456430197, 0.3500000238418579, 0.0, 6.437656879425049, 3.5404752356287137
3847, 330.5385437011719, -118.86131286621094, -0.0038197184912860394, 0.32500001788139343, 0.0, 6.4486918449401855, 3.5562905951214026
3848, 330.6156921386719, -118.85274505615234, -0.007639436982572079, 0.2750000059604645, 0.0, 6.453789234161377, 3.5694885793771602
3849, 330.6904296875, -118.84459686279297, -0.01145915500819683, 0.22499999403953552, 0.0, 6.451188087463379, 3.576910454241942
3850, 330.7654113769531, -118.8365478515625, -0.015278873965144157, 0.17499998211860657, 0.0, 6.441314697265625, 3.5787898706430608
3851, 330.8382873535156, -118.82889556884766, -0.019098592922091484, 0.12499997764825821, 0.0, 6.4249186515808105, 3.5751400641316358
3852, 330.9135437011719, -118.82113647460938, -0.02291831001639366, 0.07499998062849045, 0.0, 6.400938510894775, 3.565663507522447
3853, 330.98272705078125, -118.81419372558594, -0.026738028973340988, 0.024999981746077538, 0.0, 6.372225761413574, 3.551914966374326
3854, 331.05206298828125, -118.80738830566406, -0.030557747930288315, 0.0, 0.0, 6.337257385253906, 3.534790191153138
3855, 331.1240539550781, -118.80050659179688, -0.03437746688723564, 0.02500000037252903, 0.0, 6.294800281524658, 3.512680603702411
3856, 331.1986389160156, -118.79357147216797, -0.03819718211889267, 0.07500000298023224, 0.0, 6.243804454803467, 3.4908768692468244
3857, 331.2742614746094, -118.78677368164062, -0.0420168936252594, 0.125, 0.0, 6.184890270233154, 3.472395359899609
3858, 331.346435546875, -118.7804946899414, -0.04583660885691643, 0.17500001192092896, 0.0, 6.122107028961182, 3.4593581073613047
3859, 331.4209289550781, -118.77424621582031, -0.049656324088573456, 0.2250000238418579, 0.0, 6.050589561462402, 3.4513308885484566
3860, 331.4955139160156, -118.76822662353516, -0.053476039320230484, 0.17500001192092896, 0.0, 5.972286701202393, 3.4460102521187714
3861, 331.57183837890625, -118.7623291015625, -0.053476039320230484, 0.17500001192092896, 0.0, 5.885186672210693, 3.4386570820686795
3862, 331.6431884765625, -118.7570571899414, -0.06111546978354454, 0.07500000298023224, 0.0, 5.797552585601807, 3.428050986046182
3863, 331.7108459472656, -118.75228881835938, -0.06493518501520157, 0.02500000409781933, 0.0, 5.708245277404785, 3.4137583439517245
3864, 331.7785949707031, -118.74776458740234, -0.0687548965215683, -0.02499999664723873, 0.0, 5.612941265106201, 3.3959100066311017
3865, 331.8484191894531, -118.74332427978516, -0.07257461547851562, 0.0, 0.0, 5.50892972946167, 3.376852785675495
3866, 331.9176940917969, -118.73918914794922, -0.07639432698488235, 0.0, 0.0, 5.399559020996094, 3.3554165802456613
3867, 331.98870849609375, -118.7352294921875, -0.08021404594182968, 0.0, 0.0, 5.280922889709473, 3.332049533444232
3868, 332.05889892578125, -118.73152923583984, -0.07894080877304077, 0.0, 0.0, 5.159122467041016, 3.3084215229421043
3869, 332.1296081542969, -118.72797393798828, -0.07703094929456711, 0.0, 0.0, 5.034347057342529, 3.284373653561027
3870, 332.2003173828125, -118.72452545166016, -0.0757577121257782, 0.0, 0.0, 4.908881187438965, 3.2601627647785443
3871, 332.2648620605469, -118.72148895263672, -0.07448447495698929, 0.0, 0.0, 4.7946248054504395, 3.2379859533538937
3872, 332.326904296875, -118.7186508178711, -0.07321123778820038, 0.05000000074505806, 0.0, 4.68548583984375, 3.214829966671357
3873, 332.39410400390625, -118.71566772460938, -0.07193799316883087, 0.10000000149011612, 0.0, 4.568574905395508, 3.195010684714487
3874, 332.46112060546875, -118.71279907226562, -0.07130137830972672, 0.125, 0.0, 4.453245162963867, 3.1801134992475752
3875, 332.52838134765625, -118.71002960205078, -0.0700281411409378, 0.17500001192092896, 0.0, 4.339230537414551, 3.1697506839560705
3876, 332.5958251953125, -118.70732879638672, -0.0687548965215683, 0.2250000238418579, 0.0, 4.2268500328063965, 3.1646106950710418
3877, 332.663818359375, -118.70469665527344, -0.06748165935277939, 0.27500003576278687, 0.0, 4.115543842315674, 3.1650234381426525
3878, 332.73004150390625, -118.70230102539062, -0.07130137830972672, 0.3250000476837158, 0.0, 4.00731897354126, 3.170643655532575
3879, 332.7928771972656, -118.7002182006836, -0.07512108981609344, 0.3250000476837158, 0.0, 3.902708053588867, 3.179475208185286
3880, 332.85693359375, -118.69831085205078, -0.07894080877304077, 0.27500003576278687, 0.0, 3.793320894241333, 3.188717700942626
3881, 332.9250183105469, -118.69654083251953, -0.0827605202794075, 0.2250000238418579, 0.0, 3.672772169113159, 3.1955148049574453
3882, 332.9938659667969, -118.69503021240234, -0.08658023923635483, 0.17500001192092896, 0.0, 3.5459611415863037, 3.1977636938535383
3883, 333.0629577636719, -118.69374084472656, -0.08530700206756592, 0.125, 0.0, 3.4149832725524902, 3.1949249332634513
3884, 333.13250732421875, -118.6926040649414, -0.08403375744819641, 0.07500000298023224, 0.0, 3.2815439701080322, 3.18655404758049
3885, 333.1981506347656, -118.6916732788086, -0.0827605202794075, 0.02500000409781933, 0.0, 3.154986619949341, 3.1734189491945344
3886, 333.2635192871094, -118.69085693359375, -0.08148728311061859, -0.02499999664723873, 0.0, 3.0293993949890137, 3.1566156863548316
3887, 333.32916259765625, -118.69013214111328, -0.08021404594182968, 0.0, 0.0, 2.9038376808166504, 3.1398446714293953
3888, 333.39129638671875, -118.68954467773438, -0.07894080877304077, 0.0, 0.0, 2.7862234115600586, 3.1214225996370986
3889, 333.4510192871094, -118.68907165527344, -0.07766757160425186, 0.0, 0.0, 2.6743056774139404, 3.102403574732425
3890, 333.51580810546875, -118.6886215209961, -0.0757577121257782, 0.07500000298023224, 0.0, 2.5544254779815674, 3.0791270843385328
3891, 333.58270263671875, -118.6882553100586, -0.07512108981609344, 0.10000000149011612, 0.0, 2.4326815605163574, 3.06105833385156
3892, 333.6482849121094, -118.68799591064453, -0.07321123778820038, 0.17500001192092896, 0.0, 2.3153204917907715, 3.048827682691258
3893, 333.71380615234375, -118.68782043457031, -0.07193799316883087, 0.2250000238418579, 0.0, 2.2003166675567627, 3.043414683673892
3894, 333.7782287597656, -118.687744140625, -0.07066475600004196, 0.27500003576278687, 0.0, 2.089576244354248, 3.044237426287011
3895, 333.8431701660156, -118.687744140625, -0.06939151883125305, 0.3250000476837158, 0.0, 1.9801563024520874, 3.0508348114967596
3896, 333.902099609375, -118.68781280517578, -0.06811828166246414, 0.3750000596046448, 0.0, 1.8828725814819336, 3.061648942555539
3897, 333.96185302734375, -118.68795776367188, -0.06684504449367523, 0.42500007152557373, 0.0, 1.7862205505371094, 3.0774032497439765
3898, 334.02685546875, -118.68817138671875, -0.06557180732488632, 0.4750000834465027, 0.0, 1.6831068992614746, 3.0998356325338485
3899, 334.09527587890625, -118.68852233886719, -0.06684504449367523, 0.5250000357627869, 0.0, 1.5759234428405762, 3.1288098474392454
3900, 334.16522216796875, -118.68905639648438, -0.07066475600004196, 0.574999988079071, 0.0, 1.4655946493148804, 3.163644132184213
3901, 334.2330322265625, -118.68978881835938, -0.07448447495698929, 0.6249999403953552, 0.0, 1.3562753200531006, 3.202096587972132
3902, 334.3009948730469, -118.69076538085938, -0.07830418646335602, 0.6749998927116394, 0.0, 1.2431343793869019, 3.2451317315957238
3903, 334.36956787109375, -118.69200897216797, -0.08212390542030334, 0.6749998927116394, 0.0, 1.124900460243225, 3.2916807675237725
3904, 334.4405822753906, -118.69355010986328, -0.08403375744819641, 0.6499999165534973, 0.0, 0.9983919858932495, 3.340496267074774
3905, 334.50775146484375, -118.69527435302734, -0.08785347640514374, 0.5999999642372131, 0.0, 0.8742644786834717, 3.3847446805511927
3906, 334.5777587890625, -118.69730377197266, -0.09167318791151047, 0.550000011920929, 0.0, 0.7405503392219543, 3.4269338867836425
3907, 334.64794921875, -118.69962310791016, -0.0954929068684578, 0.5000000596046448, 0.0, 0.6012599468231201, 3.46440541983181
3908, 334.72100830078125, -118.70232391357422, -0.0967661440372467, 0.4500000476837158, 0.0, 0.45148587226867676, 3.498009183304423
3909, 334.7950439453125, -118.70528411865234, -0.0954929068684578, 0.40000003576278687, 0.0, 0.296660453081131, 3.526400805514072
3910, 334.87060546875, -118.70850372314453, -0.09421966969966888, 0.3500000238418579, 0.0, 0.13700398802757263, 3.54943460838469
3911, 334.947021484375, -118.71192932128906, -0.09294642508029938, 0.3500000238418579, 0.0, -0.0248413048684597, 3.5680973370626257
3912, 335.0226135253906, -118.71549224853516, -0.09167318791151047, 0.40000003576278687, 0.0, -0.1844787448644638, 3.585473171668234
3913, 335.09381103515625, -118.71900939941406, -0.09039995074272156, 0.4500000476837158, 0.0, -0.3339232802391052, 3.603828397194697
3914, 335.16558837890625, -118.7226791381836, -0.08912671357393265, 0.5000000596046448, 0.0, -0.4831237494945526, 3.625784314148239
3915, 335.2411193847656, -118.72667694091797, -0.08721685409545898, 0.574999988079071, 0.0, -0.6383056640625, 3.65361671695761
3916, 335.319091796875, -118.73094177246094, -0.08594361692667007, 0.6249999403953552, 0.0, -0.79608154296875, 3.6881983905516558
3917, 335.39935302734375, -118.7354965209961, -0.08467037975788116, 0.6749998927116394, 0.0, -0.9559019804000854, 3.7294194172102593
3918, 335.477294921875, -118.74007415771484, -0.08339714258909225, 0.7249998450279236, 0.0, -1.1084898710250854, 3.7743496768584954
3919, 335.5567932128906, -118.7448959350586, -0.08212390542030334, 0.7749997973442078, 0.0, -1.261535406112671, 3.824808925420852
3920, 335.6403503417969, -118.7501220703125, -0.08085066080093384, 0.8249997496604919, 0.0, -1.4197083711624146, 3.8826157728650497
3921, 335.72674560546875, -118.75570678710938, -0.07957742363214493, 0.8749997019767761, 0.0, -1.580413579940796, 3.947113707078954
3922, 335.80731201171875, -118.76110076904297, -0.08085066080093384, 0.9249996542930603, 0.0, -1.7285767793655396, 4.011056524071219
3923, 335.8863525390625, -118.76664733886719, -0.08467037975788116, 0.9749996066093445, 0.0, -1.8744810819625854, 4.077002547939002
3924, 335.97418212890625, -118.77312469482422, -0.0884900912642479, 1.0249996185302734, 0.0, -2.038848876953125, 4.153869757780106
3925, 336.0618591308594, -118.77994537353516, -0.09230981022119522, 1.0, 0.0, -2.206726312637329, 4.232572241025946
3926, 336.1510009765625, -118.78729248046875, -0.09612952172756195, 0.9750000238418579, 0.0, -2.3819580078125, 4.312613409811004
3927, 336.2450256347656, -118.79546356201172, -0.09994924068450928, 0.9250000715255737, 0.0, -2.572479486465454, 4.394926146154876
3928, 336.33807373046875, -118.80400848388672, -0.10376895219087601, 0.8750001192092896, 0.0, -2.767181873321533, 4.472607450915628
3929, 336.4347839355469, -118.81333923339844, -0.10504218935966492, 0.8250001668930054, 0.0, -2.975220203399658, 4.5484962764117896
3930, 336.525146484375, -118.82242584228516, -0.10376895219087601, 0.7750002145767212, 0.0, -3.173279285430908, 4.614570782130101
3931, 336.617919921875, -118.8320541381836, -0.1024957150220871, 0.725000262260437, 0.0, -3.3783578872680664, 4.67710501062468
3932, 336.7143249511719, -118.84236145019531, -0.10122247785329819, 0.6750003099441528, 0.0, -3.592163562774658, 4.736065424583614
3933, 336.8131103515625, -118.85324096679688, -0.10058585554361343, 0.6500003337860107, 0.0, -3.8114941120147705, 4.7905708306249
3934, 336.91241455078125, -118.86448669433594, -0.09931261837482452, 0.7000002861022949, 0.0, -4.031557083129883, 4.841702505997709
3935, 337.0149230957031, -118.87640380859375, -0.09740276634693146, 0.7750002145767212, 0.0, -4.257296085357666, 4.894186260105112
3936, 337.1181945800781, -118.88876342773438, -0.0967661440372467, 0.8000001907348633, 0.0, -4.483308792114258, 4.94904908471411
3937, 337.2166748046875, -118.90089416503906, -0.09803938120603561, 0.8500001430511475, 0.0, -4.697786331176758, 5.003400335118076
3938, 337.31549072265625, -118.91348266601562, -0.10185910016298294, 0.9000000953674316, 0.0, -4.914217472076416, 5.060511864196801
3939, 337.4250183105469, -118.92794036865234, -0.10567881166934967, 0.9500000476837158, 0.0, -5.1571364402771, 5.127565698741348
3940, 337.533203125, -118.9427719116211, -0.1094985231757164, 1.0, 0.0, -5.401369571685791, 5.197755741613119
3941, 337.64068603515625, -118.95811462402344, -0.11331824213266373, 1.0, 0.0, -5.649295806884766, 5.270872112318298
3942, 337.7540283203125, -118.97493743896484, -0.11713795363903046, 0.9750000238418579, 0.0, -5.917271137237549, 5.349469152484331
3943, 337.8700256347656, -118.9928970336914, -0.12095767259597778, 0.9250000715255737, 0.0, -6.198856353759766, 5.429235223595641
3944, 337.98284912109375, -119.01106262207031, -0.12477738410234451, 0.8750001192092896, 0.0, -6.480260372161865, 5.504204193041886
3945, 338.0897521972656, -119.02896881103516, -0.12859709560871124, 0.8250001668930054, 0.0, -6.754461288452148, 5.57181894708934
3946, 338.2013244628906, -119.04830169677734, -0.13241681456565857, 0.7750002145767212, 0.0, -7.047828197479248, 5.637633605679099
3947, 338.3133850097656, -119.06845092773438, -0.1362365335226059, 0.725000262260437, 0.0, -7.350654125213623, 5.698583463617931
3948, 338.43280029296875, -119.09072875976562, -0.1375097632408142, 0.6750003099441528, 0.0, -7.681680202484131, 5.757842774633799
3949, 338.5515441894531, -119.11363983154297, -0.1362365335226059, 0.6250003576278687, 0.0, -8.017130851745605, 5.810901901616727
3950, 338.67547607421875, -119.13826751708984, -0.1349632889032364, 0.5750004053115845, 0.0, -8.37140941619873, 5.859725278984366
3951, 338.7948303222656, -119.1627197265625, -0.13369005918502808, 0.5750004053115845, 0.0, -8.715556144714355, 5.901049228391765
3952, 338.9197692871094, -119.18901824951172, -0.13241681456565857, 0.6250003576278687, 0.0, -9.077129364013672, 5.9408991144289125
3953, 339.0403137207031, -119.2150650024414, -0.13114358484745026, 0.6750003099441528, 0.0, -9.426375389099121, 5.978991987638841
3954, 339.15032958984375, -119.23946380615234, -0.12987034022808075, 0.7500002384185791, 0.0, -9.744732856750488, 6.015135076400807
3955, 339.2735900878906, -119.26738739013672, -0.12796048820018768, 0.8000001907348633, 0.0, -10.099898338317871, 6.059677528553651
3956, 339.3946838378906, -119.29551696777344, -0.12668724358081818, 0.8500001430511475, 0.0, -10.447097778320312, 6.1078010418726985
3957, 339.52301025390625, -119.32603454589844, -0.12541399896144867, 0.9000000953674316, 0.0, -10.812484741210938, 6.163671806413768
3958, 339.64605712890625, -119.35600280761719, -0.12668724358081818, 0.9500000476837158, 0.0, -11.16118049621582, 6.221751407388786
3959, 339.7638244628906, -119.385498046875, -0.1305069625377655, 1.0, 0.0, -11.495805740356445, 6.280975541197899
3960, 339.8865661621094, -119.4169692993164, -0.13241681456565857, 1.0, 0.0, -11.846057891845703, 6.34705858601622
3961, 340.01324462890625, -119.45035552978516, -0.1362365335226059, 1.0, 0.0, -12.211016654968262, 6.417678657619187
3962, 340.1485900878906, -119.48711395263672, -0.14005625247955322, 0.9500000476837158, 0.0, -12.606616020202637, 6.4941583052404335
3963, 340.28485107421875, -119.5252685546875, -0.14387595653533936, 0.9000000953674316, 0.0, -13.011889457702637, 6.569922211454577
3964, 340.4139709472656, -119.56251525878906, -0.14769567549228668, 0.8500001430511475, 0.0, -13.40355396270752, 6.639129035539441
3965, 340.552734375, -119.6037826538086, -0.151515394449234, 0.8000001907348633, 0.0, -13.833454132080078, 6.7094970334595
3966, 340.6763916015625, -119.64170837402344, -0.15533511340618134, 0.7500002384185791, 0.0, -14.225605010986328, 6.768249786602042
3967, 340.80206298828125, -119.68132781982422, -0.15915481746196747, 0.7000002861022949, 0.0, -14.633076667785645, 6.823322565763895
3968, 340.93475341796875, -119.72428131103516, -0.1629745364189148, 0.6500003337860107, 0.0, -15.072558403015137, 6.87555272623697
3969, 341.07379150390625, -119.77066802978516, -0.16679425537586212, 0.6000003814697266, 0.0, -15.544601440429688, 6.923976111002971
3970, 341.2119140625, -119.81818389892578, -0.17061395943164825, 0.5500004291534424, 0.0, -16.025623321533203, 6.965453679653694
3971, 341.3505859375, -119.86734008789062, -0.17443367838859558, 0.5000004768371582, 0.0, -16.52098274230957, 7.000305940426449
3972, 341.47601318359375, -119.91322326660156, -0.1782533973455429, 0.45000046491622925, 0.0, -16.98097038269043, 7.026202956372075
3973, 341.6044006347656, -119.96150207519531, -0.1782533973455429, 0.45000046491622925, 0.0, -17.462474822998047, 7.047063557118408
3974, 341.74554443359375, -120.0160140991211, -0.1839829683303833, 0.3750004470348358, 0.0, -18.003456115722656, 7.063063078290753
3975, 341.8887023925781, -120.07306671142578, -0.18780268728733063, 0.32500043511390686, 0.0, -18.566198348999023, 7.072243405704697
3976, 342.0241394042969, -120.12866973876953, -0.19162240624427795, 0.2750004231929779, 0.02500000037252903, -19.1116943359375, 7.074053636201901
3977, 342.1629638671875, -120.1874771118164, -0.19735197722911835, 0.20000040531158447, 0.10000000149011612, -19.686002731323242, 7.067796707762502
3978, 342.3062438964844, -120.2501449584961, -0.20117168128490448, 0.15000039339065552, 0.15000000596046448, -20.295799255371094, 7.05177370450318
3979, 342.4393310546875, -120.3100814819336, -0.19989845156669617, 0.10000038892030716, 0.20000001788139343, -20.875478744506836, 7.028890608651021
3980, 342.5705261230469, -120.37086486816406, -0.20117168128490448, 0.0500003919005394, 0.2500000298023224, -21.458881378173828, 6.998219912556492
3981, 342.6944580078125, -120.4299087524414, -0.19989845156669617, 3.915280046840053e-07, 0.30000004172325134, -22.02012825012207, 6.9624975385741825
3982, 342.81671142578125, -120.48966217041016, -0.20117168128490448, 0.0, 0.3500000536441803, -22.58277702331543, 6.919950191936854
3983, 342.9436950683594, -120.55322265625, -0.19989845156669617, 0.0, 0.40000006556510925, -23.17500114440918, 6.869743141785905
3984, 343.0731506347656, -120.61972045898438, -0.20117168128490448, 0.0, 0.4500000774860382, -23.787212371826172, 6.813372116216903
3985, 343.19293212890625, -120.68280792236328, -0.19989845156669617, 0.0, 0.5000000596046448, -24.360572814941406, 6.7575331308965465
3986, 343.3133544921875, -120.7478256225586, -0.20117168128490448, 0.0, 0.550000011920929, -24.94391632080078, 6.697844963633795
3987, 343.42877197265625, -120.81182098388672, -0.20053507387638092, 0.0, 0.574999988079071, -25.50992774963379, 6.637944753912216
3988, 343.54400634765625, -120.87710571289062, -0.20180830359458923, 0.0, 0.6249999403953552, -26.08036231994629, 6.575352389604084
3989, 343.6613464355469, -120.94524383544922, -0.20053507387638092, 0.0, 0.6749998927116394, -26.667491912841797, 6.509130793149234
3990, 343.77734375, -121.01421356201172, -0.20180830359458923, 0.0, 0.6749998927116394, -27.253555297851562, 6.441155317960012
3991, 343.89410400390625, -121.08539581298828, -0.20053507387638092, 0.0, 0.6249999403953552, -27.849502563476562, 6.3711523809571995
3992, 344.0058898925781, -121.1551742553711, -0.20180830359458923, 0.0, 0.574999988079071, -28.425504684448242, 6.303237914817969
3993, 344.11676025390625, -121.22602081298828, -0.20053507387638092, 0.0, 0.5250000357627869, -29.00172996520996, 6.235835183650062
3994, 344.2281188964844, -121.29887390136719, -0.20180830359458923, 0.0, 0.4750000536441803, -29.585912704467773, 6.168320737523607
3995, 344.3310546875, -121.36779022216797, -0.20053507387638092, 0.0, 0.42500004172325134, -30.130523681640625, 6.106500855632825
3996, 344.42962646484375, -121.435302734375, -0.20117168128490448, 0.0, 0.3500000238418579, -30.656291961669922, 6.047873788859188
3997, 344.52801513671875, -121.50399780273438, -0.19989845156669617, 0.0, 0.30000001192092896, -31.184240341186523, 5.991297223166798
3998, 344.62799072265625, -121.57527923583984, -0.20117168128490448, 0.0, 0.25, -31.724754333496094, 5.934130457207039
3999, 344.7286376953125, -121.64857482910156, -0.19989845156669617, 0.0, 0.19999998807907104, -32.27223587036133, 5.879667132992265
4000, 344.8302917480469, -121.72422790527344, -0.20117168128490448, 0.0, 0.1499999761581421, -32.83028030395508, 5.823746412164645
4001, 344.92584228515625, -121.79684448242188, -0.19989845156669617, 0.0, 0.09999997913837433, -33.35844802856445, 5.776277660457498
4002, 345.0127258300781, -121.86420440673828, -0.20117168128490448, 0.0, 0.04999998211860657, -33.84388732910156, 5.731697289921238
4003, 345.1013488769531, -121.93408203125, -0.20053507387638092, 0.0, 0.024999981746077538, -34.34833908081055, 5.680457347483454
4004, 345.19464111328125, -122.00883483886719, -0.20180830359458923, 0.0, 0.0, -34.88776779174805, 5.628286193422625
4005, 345.2823791503906, -122.08060455322266, -0.20053507387638092, 0.0, 0.0, -35.397438049316406, 5.593116585312773
4006, 345.37249755859375, -122.15574645996094, -0.20180830359458923, 0.0, 0.0, -35.923702239990234, 5.547405598321524
4007, 345.4582824707031, -122.22870635986328, -0.20053507387638092, 0.0, 0.0, -36.42839431762695, 5.512106844169146
4008, 345.5374450683594, -122.2973861694336, -0.20180830359458923, 0.0, 0.0, -36.89848709106445, 5.475812179502718
4009, 345.6181945800781, -122.36848449707031, -0.20053507387638092, 0.0, 0.0, -37.386390686035156, 5.425858216018054
4010, 345.70159912109375, -122.44297790527344, -0.20117168128490448, 0.0, 0.0, -37.89584732055664, 5.370519077394642
4011, 345.78778076171875, -122.52153015136719, -0.19989845156669617, 0.0, 0.0, -38.42532730102539, 5.33915388832532
4012, 345.86944580078125, -122.59745025634766, -0.20117168128490448, 0.0, 0.0, -38.929595947265625, 5.295512388706795
4013, 345.9508056640625, -122.67454528808594, -0.19989845156669617, 0.0, 0.0, -39.4355583190918, 5.263571283561988
4014, 346.02960205078125, -122.7506103515625, -0.20117168128490448, 0.0, 0.0, -39.92887878417969, 5.219757532303677
4015, 346.1007080078125, -122.82044982910156, -0.20053507387638092, 0.0, 0.0, -40.37828826904297, 5.171357013837327
4016, 346.175537109375, -122.8951416015625, -0.20180830359458923, 0.0, 0.0, -40.859710693359375, 5.144421319976029
4017, 346.25115966796875, -122.97197723388672, -0.20053507387638092, 0.0, 0.0, -41.3485221862793, 5.102473895201927
4018, 346.326904296875, -123.0504150390625, -0.20180830359458923, 0.0, 0.0, -41.84303665161133, 5.070461601215751
4019, 346.4004211425781, -123.12784576416016, -0.20053507387638092, 0.0, 0.0, -42.32627487182617, 5.0249324812451865
4020, 346.4737548828125, -123.20664978027344, -0.20180830359458923, 0.0, 0.0, -42.81217575073242, 4.998058456728726
4021, 346.54644775390625, -123.28629302978516, -0.20053507387638092, 0.0, 0.0, -43.296634674072266, 4.965516569151559
4022, 346.61920166015625, -123.36763763427734, -0.20180830359458923, 0.0, 0.0, -43.7857551574707, 4.930322344825064
4023, 346.687255859375, -123.44501495361328, -0.19989845156669617, 0.0, 0.0, -44.246219635009766, 4.896097201485724
4024, 346.7575988769531, -123.52647399902344, -0.20117168128490448, 0.0, 0.0, -44.72660827636719, 4.859501613917754
4025, 346.8204650878906, -123.60051727294922, -0.19989845156669617, 0.0, 0.0, -45.15952682495117, 4.826246339995372
4026, 346.88226318359375, -123.6744613647461, -0.20117168128490448, 0.0, 0.0, -45.58881759643555, 4.792819356611671
4027, 346.9432373046875, -123.7486801147461, -0.19989845156669617, 0.0, 0.0, -46.016639709472656, 4.759541801383625
4028, 347.006591796875, -123.82701110839844, -0.20117168128490448, 0.0, 0.0, -46.46527099609375, 4.724356026023675
4029, 347.0709228515625, -123.90792846679688, -0.19989845156669617, 0.0, 0.0, -46.925559997558594, 4.688352801436454
4030, 347.13250732421875, -123.98661804199219, -0.20117168128490448, 0.0, 0.0, -47.370521545410156, 4.653471667400594
4031, 347.1936950683594, -124.06634521484375, -0.19989845156669617, 0.0, 0.0, -47.818397521972656, 4.618465578813996
4032, 347.2526550292969, -124.14440155029297, -0.20117168128490448, 0.0, 0.0, -48.25462341308594, 4.584212697976275
4033, 347.3133850097656, -124.22616577148438, -0.19989845156669617, 0.0, 0.0, -48.70888137817383, 4.548757027825413
4034, 347.37158203125, -124.3057861328125, -0.20117168128490448, 0.0, 0.0, -49.14897918701172, 4.514193891070775
4035, 347.4277648925781, -124.38387298583984, -0.19989845156669617, 0.0, 0.0, -49.578250885009766, 4.480688747765795
4036, 347.4822692871094, -124.46100616455078, -0.20117168128490448, 0.0, 0.0, -50.00015640258789, 4.447730468620723
4037, 347.53717041015625, -124.53995513916016, -0.19989845156669617, 0.0, 0.0, -50.42975997924805, 4.414313046546544
4038, 347.588623046875, -124.6152114868164, -0.20117168128490448, 0.0, 0.05000000074505806, -50.83745193481445, 4.382519956250904
4039, 347.6375732421875, -124.6878662109375, -0.20180830359458923, 0.0, 0.125, -51.22984313964844, 4.3507985600587125
4040, 347.687255859375, -124.76285552978516, -0.20053507387638092, 0.0, 0.17500001192092896, -51.633358001708984, 4.31656430060097
4041, 347.7355041503906, -124.83675384521484, -0.20180830359458923, 0.0, 0.2250000238418579, -52.02964782714844, 4.281012575023221
4042, 347.78363037109375, -124.91170501708984, -0.20053507387638092, 0.0, 0.27500003576278687, -52.43006896972656, 4.243508688569352
4043, 347.8338928222656, -124.99134826660156, -0.20180830359458923, 0.0, 0.3250000476837158, -52.85429763793945, 4.201672772953047
4044, 347.8811340332031, -125.06732177734375, -0.20053507387638092, 0.0, 0.3750000596046448, -53.25739669799805, 4.1600981694447885
4045, 347.9279479980469, -125.14400482177734, -0.20180830359458923, 0.0, 0.3750000596046448, -53.66318893432617, 4.116519549984202
4046, 347.9735412597656, -125.2198715209961, -0.20117168128490448, 0.0, 0.3500000536441803, -54.06353759765625, 4.073074935911352
4047, 348.0193786621094, -125.29743957519531, -0.19989845156669617, 0.0, 0.30000004172325134, -54.47096633911133, 4.0292146415735
4048, 348.0616455078125, -125.3701171875, -0.20117168128490448, 0.0, 0.2500000298023224, -54.85138702392578, 3.9889870015276583
4049, 348.1053466796875, -125.44661712646484, -0.20180830359458923, 0.0, 0.17500001192092896, -55.25090408325195, 3.9485207321149667
4050, 348.14599609375, -125.51891326904297, -0.20053507387638092, 0.0, 0.125, -55.62696838378906, 3.9124082894118
4051, 348.18609619140625, -125.59132385253906, -0.20180830359458923, 0.0, 0.07500000298023224, -56.00233459472656, 3.878059470876308
4052, 348.2243957519531, -125.66171264648438, -0.20053507387638092, 0.0, 0.02500000409781933, -56.36579513549805, 3.8465983228595455
4053, 348.2649230957031, -125.7374267578125, -0.20180830359458923, 0.0, -0.02499999664723873, -56.75550079345703, 3.8141657530147
4054, 348.3003845214844, -125.80477905273438, -0.20180830359458923, 0.0, -0.02499999664723873, -57.10081100463867, 3.787121244808862
4055, 348.3358154296875, -125.87306213378906, -0.20180830359458923, 0.0, 0.0, -57.449947357177734, 3.760056549375688
4056, 348.37017822265625, -125.9403305053711, -0.20053507387638092, 0.0, 0.0, -57.79267120361328, 3.7338643546281944
4057, 348.4068603515625, -126.0133285522461, -0.20117168128490448, 0.0, 0.0, -58.1634407043457, 3.7056234802650816
4058, 348.4412841796875, -126.08283233642578, -0.20053507387638092, 0.0, 0.0, -58.5151481628418, 3.6790165374266635
4059, 348.4764404296875, -126.15501403808594, -0.20117168128490448, 0.0, 0.0, -58.87928771972656, 3.651424123501626
4060, 348.5087890625, -126.2225570678711, -0.19989845156669617, 0.0, 0.0, -59.2187614440918, 3.6257685440847625
4061, 348.5418395996094, -126.29280090332031, -0.20117168128490448, 0.0, 0.0, -59.57106399536133, 3.5990057074624024
4062, 348.57275390625, -126.35955810546875, -0.19989845156669617, 0.0, 0.0, -59.90474319458008, 3.5738961994537406
4063, 348.6039733886719, -126.42789459228516, -0.20117168128490448, 0.0, 0.0, -60.24565124511719, 3.5481417604939396
4064, 348.63330078125, -126.49317932128906, -0.20053507387638092, 0.0, 0.0, -60.570674896240234, 3.523609103135262
4065, 348.6628723144531, -126.56012725830078, -0.20180830359458923, 0.0, 0.0, -60.90351104736328, 3.498462666368627
4066, 348.6919860839844, -126.62705993652344, -0.20053507387638092, 0.0, 0.0, -61.235477447509766, 3.4735431235444576
4067, 348.7203063964844, -126.6932601928711, -0.20180830359458923, 0.02500000037252903, 0.0, -61.56353759765625, 3.447374610462117
4068, 348.74835205078125, -126.7599868774414, -0.20053507387638092, 0.07500000298023224, 0.0, -61.89319610595703, 3.4245873306715997
4069, 348.77838134765625, -126.83272552490234, -0.20180830359458923, 0.125, 0.0, -62.25169372558594, 3.4049572209441217
4070, 348.8045349121094, -126.89710998535156, -0.20053507387638092, 0.17500001192092896, 0.0, -62.567909240722656, 3.3928302937171115
4071, 348.8326110839844, -126.9674072265625, -0.20180830359458923, 0.2250000238418579, 0.0, -62.91202163696289, 3.3854994248557464
4072, 348.8588562011719, -127.03424835205078, -0.20053507387638092, 0.27500003576278687, 0.0, -63.23774719238281, 3.384296628624895
4073, 348.88629150390625, -127.10536193847656, -0.20117168128490448, 0.3500000536441803, 0.0, -63.58271408081055, 3.389312266260906
4074, 348.911865234375, -127.1727294921875, -0.19989845156669617, 0.42500007152557373, 0.0, -63.90761947631836, 3.4013261733796423
4075, 348.9372253417969, -127.24081420898438, -0.20117168128490448, 0.4500000774860382, 0.0, -64.23442840576172, 3.419751264933097
4076, 348.9629211425781, -127.31103515625, -0.20180830359458923, 0.5250000357627869, 0.0, -64.57019805908203, 3.4442465710895886
4077, 348.98956298828125, -127.38516235351562, -0.20053507387638092, 0.574999988079071, 0.0, -64.92290496826172, 3.4769702409787966
4078, 349.0135498046875, -127.45317077636719, -0.20180830359458923, 0.6249999403953552, 0.0, -65.24525451660156, 3.512032180335428
4079, 349.03948974609375, -127.52806091308594, -0.20053507387638092, 0.6249999403953552, 0.0, -65.59859466552734, 3.5548332516657686
4080, 349.0623474121094, -127.5951156616211, -0.20180830359458923, 0.574999988079071, 0.0, -65.91378021240234, 3.5933572515862338
4081, 349.0867614746094, -127.66815948486328, -0.20053507387638092, 0.5250000357627869, 0.0, -66.25605773925781, 3.632571161298513
4082, 349.11004638671875, -127.73909759521484, -0.20180830359458923, 0.4750000536441803, 0.0, -66.58772277832031, 3.6663356673014307
4083, 349.1335754394531, -127.81222534179688, -0.20053507387638092, 0.42500004172325134, 0.0, -66.92871856689453, 3.6962263478072392
4084, 349.1573791503906, -127.8878173828125, -0.20180830359458923, 0.3750000298023224, 0.0, -67.28082275390625, 3.721233980014505
4085, 349.18109130859375, -127.96481323242188, -0.20117168128490448, 0.3500000238418579, 0.0, -67.6391830444336, 3.7414007577621073
4086, 349.20452880859375, -128.04229736328125, -0.19989845156669617, 0.30000001192092896, 0.0, -67.9990005493164, 3.7567584712481676
4087, 349.2281494140625, -128.12240600585938, -0.20117168128490448, 0.25, 0.0, -68.37073516845703, 3.7667383692749783
4088, 349.2503356933594, -128.19924926757812, -0.19989845156669617, 0.19999998807907104, 0.0, -68.72686004638672, 3.7709028010079475
4089, 349.27362060546875, -128.2818145751953, -0.19989845156669617, 0.09999997913837433, 0.0, -69.10907745361328, 3.767724188013071
4090, 349.2947998046875, -128.3589630126953, -0.20117168128490448, 0.04999998211860657, 0.0, -69.466552734375, 3.7565363242135623
4091, 349.3162841796875, -128.43910217285156, -0.19989845156669617, -1.8253922817734747e-08, 0.0, -69.83816528320312, 3.737931611226208
4092, 349.33642578125, -128.5162811279297, -0.20117168128490448, 0.0, 0.0, -70.19632720947266, 3.71576207609548
4093, 349.35638427734375, -128.59471130371094, -0.19989845156669617, 0.0, 0.0, -70.56040954589844, 3.6906988900629485
4094, 349.3753967285156, -128.6715545654297, -0.20117168128490448, 0.0, 0.0, -70.91749572753906, 3.664741299756382
4095, 349.3939514160156, -128.74847412109375, -0.19989845156669617, 0.0, 0.0, -71.27490234375, 3.638353346633105
4096, 349.4114074707031, -128.8231201171875, -0.20117168128490448, 0.0, 0.0, -71.62175750732422, 3.612421127269028
4097, 349.4295349121094, -128.90292358398438, -0.19989845156669617, 0.0, 0.0, -71.9922103881836, 3.5846127839189754
4098, 349.44500732421875, -128.97286987304688, -0.20117168128490448, 0.0, 0.0, -72.31689453125, 3.56010050328867
4099, 349.4604187011719, -129.044921875, -0.20053507387638092, 0.0, 0.0, -72.65123748779297, 3.534911052544759
4100, 349.4752197265625, -129.11585998535156, -0.1992618292570114, 0.0, 0.0, -72.97954559326172, 3.5102398581176573
4101, 349.49078369140625, -129.19229125976562, -0.19735197722911835, 0.02500000037252903, 0.0, -73.33186340332031, 3.48242494746295
4102, 349.5054931640625, -129.2671356201172, -0.1954421103000641, 0.10000000149011612, 0.0, -73.6745834350586, 3.4591789278847647
4103, 349.5196533203125, -129.34095764160156, -0.19416888058185577, 0.15000000596046448, 0.0, -74.00993347167969, 3.4423698514366357
4104, 349.5334777832031, -129.415283203125, -0.19289563596248627, 0.20000001788139343, 0.0, -74.34475708007812, 3.4317869885825267
4105, 349.5467529296875, -129.48899841308594, -0.19162240624427795, 0.2500000298023224, 0.0, -74.67377471923828, 3.4273308953463992
4106, 349.5594787597656, -129.56216430664062, -0.19034916162490845, 0.30000004172325134, 0.0, -74.9975357055664, 3.4287033922356343
4107, 349.57232666015625, -129.6376953125, -0.18907591700553894, 0.3500000536441803, 0.0, -75.3285140991211, 3.436109238385507
4108, 349.5848083496094, -129.71347045898438, -0.18780268728733063, 0.40000006556510925, 0.0, -75.6573257446289, 3.44942179541463
4109, 349.5973815917969, -129.7922821044922, -0.18652944266796112, 0.4500000774860382, 0.0, -75.9959487915039, 3.4692313964160104
4110, 349.609130859375, -129.8687744140625, -0.1852562129497528, 0.5000000596046448, 0.0, -76.32147979736328, 3.493971079561863
4111, 349.6205139160156, -129.94496154785156, -0.1839829683303833, 0.550000011920929, 0.0, -76.64261627197266, 3.5238192575869087
4112, 349.6313171386719, -130.020263671875, -0.1827097237110138, 0.5999999642372131, 0.0, -76.95707702636719, 3.558289832721598
4113, 349.6423645019531, -130.0996551513672, -0.18079987168312073, 0.6749998927116394, 0.0, -77.28511810302734, 3.6001519136828115
4114, 349.6528015136719, -130.1771240234375, -0.17952664196491241, 0.6249999403953552, 0.0, -77.60189819335938, 3.644317692065025
4115, 349.6634826660156, -130.2598114013672, -0.1782533973455429, 0.574999988079071, 0.0, -77.93675994873047, 3.69001924325125
4116, 349.6734619140625, -130.3402557373047, -0.1769801527261734, 0.5250000357627869, 0.0, -78.25959014892578, 3.730780439423807
4117, 349.6834716796875, -130.42413330078125, -0.1757069230079651, 0.4750000536441803, 0.0, -78.59357452392578, 3.7681296046969623
4118, 349.6927185058594, -130.50547790527344, -0.17443367838859558, 0.42500004172325134, 0.0, -78.91507720947266, 3.798805370162718
4119, 349.70245361328125, -130.59458923339844, -0.17316044867038727, 0.3750000298023224, 0.0, -79.26485443115234, 3.825899572621536
4120, 349.71124267578125, -130.6795654296875, -0.17188720405101776, 0.32500001788139343, 0.0, -79.59611511230469, 3.8454439551257122
4121, 349.71966552734375, -130.76473999023438, -0.17061395943164825, 0.2750000059604645, 0.0, -79.92616271972656, 3.8588411096293136
4122, 349.72760009765625, -130.8486785888672, -0.16934072971343994, 0.22499999403953552, 0.0, -80.24949645996094, 3.865901220693571
4123, 349.7351379394531, -130.93368530273438, -0.16806748509407043, 0.17499998211860657, 0.0, -80.57505798339844, 3.8668910130598526
4124, 349.74224853515625, -131.01901245117188, -0.16679425537586212, 0.12499997764825821, 0.0, -80.90007781982422, 3.861702566966233
4125, 349.74896240234375, -131.1044921875, -0.16488438844680786, 0.1499999761581421, 0.0, -81.22355651855469, 3.8527491002245564
4126, 349.75518798828125, -131.18861389160156, -0.16361115872859955, 0.19999998807907104, 0.0, -81.53955841064453, 3.84428787064882
4127, 349.76123046875, -131.27658081054688, -0.1617012917995453, 0.2750000059604645, 0.0, -81.86724090576172, 3.839357973938269
4128, 349.7666320800781, -131.3597869873047, -0.15533511340618134, 0.32500001788139343, 0.0, -82.17222595214844, 3.840893872528485
4129, 349.7722473144531, -131.45181274414062, -0.1489689201116562, 0.3750000298023224, 0.0, -82.50102996826172, 3.8494419475541504
4130, 349.77728271484375, -131.53683471679688, -0.14260272681713104, 0.42500004172325134, 0.0, -82.79554748535156, 3.8632809907892387
4131, 349.78192138671875, -131.61880493164062, -0.1362365335226059, 0.42500004172325134, 0.0, -83.0700912475586, 3.8806803569052257
4132, 349.7864685058594, -131.70326232910156, -0.12987034022808075, 0.3750000298023224, 0.0, -83.34257507324219, 3.899200628852933
4133, 349.7911682128906, -131.7911834716797, -0.1235041469335556, 0.32500001788139343, 0.0, -83.61457061767578, 3.915715702443145
4134, 349.7955322265625, -131.87600708007812, -0.11713795363903046, 0.2750000059604645, 0.0, -83.86595916748047, 3.927372844638259
4135, 349.79998779296875, -131.9651336669922, -0.11077176779508591, 0.22499999403953552, 0.0, -84.11815643310547, 3.934123594475643
4136, 349.80426025390625, -132.05157470703125, -0.10122247785329819, 0.1499999761581421, 0.0, -84.35001373291016, 3.9342627228573996
4137, 349.8086242675781, -132.14146423339844, -0.09485628455877304, 0.09999997913837433, 0.0, -84.57743835449219, 3.926869625797426
4138, 349.81280517578125, -132.2294158935547, -0.0884900912642479, 0.04999998211860657, 0.0, -84.78716278076172, 3.912854629267131
4139, 349.81695556640625, -132.31549072265625, -0.08212390542030334, -1.8253922817734747e-08, 0.0, -84.98029327392578, 3.8928830524280253
4140, 349.82086181640625, -132.39761352539062, -0.0757577121257782, 0.0, 0.0, -85.15345001220703, 3.8695177099379996
4141, 349.8247985839844, -132.48184204101562, -0.06939151883125305, 0.0, 0.0, -85.31938934326172, 3.84329086009398
4142, 349.828857421875, -132.5694122314453, -0.06811828166246414, 0.0, 0.0, -85.48147583007812, 3.8146472462689442
4143, 349.8324890136719, -132.64988708496094, -0.06811828166246414, 0.0, 0.0, -85.62336730957031, 3.787688201663008
4144, 349.8361511230469, -132.7353973388672, -0.06557180732488632, 0.0, 0.0, -85.76811218261719, 3.7586982586339026
4145, 349.8396911621094, -132.82052612304688, -0.06429856270551682, 0.0, 0.0, -85.90727996826172, 3.729663267922402
4146, 349.84295654296875, -132.90283203125, -0.06238870695233345, 0.0, 0.0, -86.03752899169922, 3.7015261948306963
4147, 349.8462829589844, -132.98873901367188, -0.06111546978354454, 0.0, 0.0, -86.16948699951172, 3.6721015888993165
4148, 349.84912109375, -133.0673370361328, -0.05984223261475563, 0.0, 0.0, -86.287109375, 3.64515723729804
4149, 349.8518981933594, -133.14749145507812, -0.05856899172067642, 0.0, 0.0, -86.40419006347656, 3.6176658867704123
4150, 349.8545227050781, -133.22496032714844, -0.05729575455188751, 0.0, 0.0, -86.51473236083984, 3.591096990693579
4151, 349.8571472167969, -133.30709838867188, -0.0560225173830986, 0.0, 0.0, -86.62919616699219, 3.5629190681683442
4152, 349.85955810546875, -133.38455200195312, -0.05474928021430969, 0.05000000074505806, 0.0, -86.7347412109375, 3.5360006805388164
4153, 349.86187744140625, -133.46298217773438, -0.053476039320230484, 0.10000000149011612, 0.0, -86.83914184570312, 3.513401529345699
4154, 349.8641052246094, -133.541015625, -0.05156618356704712, 0.17500001192092896, 0.0, -86.9402084350586, 3.496803003441578
4155, 349.8662109375, -133.61851501464844, -0.049656324088573456, 0.2500000298023224, 0.0, -87.03740692138672, 3.487889412099092
4156, 349.86822509765625, -133.69781494140625, -0.048383086919784546, 0.30000004172325134, 0.0, -87.13359832763672, 3.487104664041156
4157, 349.87017822265625, -133.7744140625, -0.047109849750995636, 0.3500000536441803, 0.0, -87.2236328125, 3.4932012412658486
4158, 349.8720703125, -133.8516845703125, -0.04583660885691643, 0.40000006556510925, 0.0, -87.31167602539062, 3.505501736764529
4159, 349.8739013671875, -133.92933654785156, -0.04456337168812752, 0.4500000774860382, 0.0, -87.39749145507812, 3.5236635409446833
4160, 349.8757019042969, -134.00640869140625, -0.04329013451933861, 0.5000000596046448, 0.0, -87.48004913330078, 3.5471262986387013
4161, 349.8775329589844, -134.08705139160156, -0.0420168936252594, 0.550000011920929, 0.0, -87.563720703125, 3.5773350760006575
4162, 349.8791809082031, -134.16726684570312, -0.04074365645647049, 0.550000011920929, 0.0, -87.6443099975586, 3.6114274466467498
4163, 349.8807678222656, -134.24522399902344, -0.03947041928768158, 0.5000000596046448, 0.0, -87.72021484375, 3.6448620429815217
4164, 349.8824462890625, -134.33013916015625, -0.03819718211889267, 0.4500000476837158, 0.0, -87.80028533935547, 3.6781035153355286
4165, 349.8840026855469, -134.410400390625, -0.03692394122481346, 0.40000003576278687, 0.0, -87.87359619140625, 3.7050026687489157
4166, 349.8855285644531, -134.49441528320312, -0.03565070405602455, 0.3500000238418579, 0.0, -87.94792938232422, 3.7276218133120156
4167, 349.8869934082031, -134.57568359375, -0.03437746688723564, 0.30000001192092896, 0.0, -88.0176010131836, 3.743772289517687
4168, 349.8883972167969, -134.65586853027344, -0.03310422599315643, 0.25, 0.0, -88.08422088623047, 3.753987114913154
4169, 349.88983154296875, -134.7432861328125, -0.031194370239973068, 0.17499998211860657, 0.0, -88.15410614013672, 3.7576803709167135
4170, 349.8912048339844, -134.82859802246094, -0.029284512624144554, 0.09999997913837433, 0.0, -88.21939086914062, 3.7527530611609063
4171, 349.892578125, -134.9073944091797, -0.02291831187903881, 0.04999998211860657, 0.0, -88.2751693725586, 3.7410286095848755
4172, 349.89410400390625, -134.98837280273438, -0.016552112996578217, -1.8253922817734747e-08, 0.0, -88.32560729980469, 3.7224419495402494
4173, 349.8957214355469, -135.06773376464844, -0.010185915976762772, 0.0, 0.0, -88.36669158935547, 3.7002648552347432
4174, 349.8977355957031, -135.153564453125, -0.0038197184912860394, 0.02500000037252903, 0.0, -88.40045928955078, 3.673227160082614
4175, 349.8997497558594, -135.23265075683594, 0.0019098592456430197, 0.07500000298023224, 0.0, -88.42144012451172, 3.6497460299331155
4176, 349.90203857421875, -135.31378173828125, 0.005729577504098415, 0.125, 0.0, -88.43316650390625, 3.6295728170504495
4177, 349.9043273925781, -135.38975524902344, 0.009549296461045742, 0.17500001192092896, 0.0, -88.4358139038086, 3.6153620319874653
4178, 349.90673828125, -135.4661102294922, 0.013369014486670494, 0.2250000238418579, 0.0, -88.4306640625, 3.6063207556856094
4179, 349.9094543457031, -135.5441131591797, 0.01718873344361782, 0.27500003576278687, 0.0, -88.41748046875, 3.6028634326620077
4180, 349.91204833984375, -135.61871337890625, 0.015915492549538612, 0.3250000476837158, 0.0, -88.3996810913086, 3.6051556098510464
4181, 349.9146728515625, -135.69215393066406, 0.014642253518104553, 0.3750000596046448, 0.0, -88.37946319580078, 3.612697385502957
4182, 349.9173889160156, -135.76712036132812, 0.014005633071064949, 0.40000006556510925, 0.0, -88.35739135742188, 3.625198907710662
4183, 349.9200744628906, -135.84310913085938, 0.012732393108308315, 0.3250000476837158, 0.0, -88.3346176147461, 3.6389983397802417
4184, 349.9228820800781, -135.9232635498047, 0.010822532698512077, 0.27500003576278687, 0.0, -88.3114013671875, 3.6502914930532704
4185, 349.9256286621094, -136.000244140625, 0.009549291804432869, 0.2250000238418579, 0.0, -88.29049682617188, 3.6566629943900897
4186, 349.9284362792969, -136.08055114746094, 0.008276051841676235, 0.17500001192092896, 0.0, -88.27044677734375, 3.657878915171117
4187, 349.93109130859375, -136.15667724609375, 0.007002812810242176, 0.125, 0.0, -88.2532958984375, 3.653633511081146
4188, 349.9336242675781, -136.23146057128906, 0.00572957331314683, 0.07500000298023224, 0.0, -88.23837280273438, 3.644172364112778
4189, 349.9364013671875, -136.3132781982422, 0.0044563342817127705, 0.02500000409781933, 0.0, -88.22442626953125, 3.627692173974181
4190, 349.9389343261719, -136.38963317871094, 0.0031830943189561367, -0.02499999664723873, 0.0, -88.21359252929688, 3.6080169161654596
4191, 349.9412841796875, -136.46131896972656, 0.0019098548218607903, 0.0, 0.0, -88.20558166503906, 3.588211736895828
4192, 349.94366455078125, -136.53550720214844, 0.0, 0.05000000074505806, 0.0, -88.19961547851562, 3.5651449914186055
4193, 349.9460144042969, -136.60934448242188, 0.0, 0.125, 0.0, -88.19564056396484, 3.5451793962631744
4194, 349.94830322265625, -136.6815643310547, 0.0, 0.17500001192092896, 0.0, -88.19305419921875, 3.5309031606872496
4195, 349.9505920410156, -136.75344848632812, 0.0, 0.20000001788139343, 0.0, -88.19133758544922, 3.5216267125613636
4196, 349.9530029296875, -136.8307342529297, 0.0, 0.27500003576278687, 0.0, -88.19013977050781, 3.5170948857523947
4197, 349.9553527832031, -136.9031219482422, 0.0, 0.30000004172325134, 0.0, -88.18938446044922, 3.5185986763098733
4198, 349.95770263671875, -136.97781372070312, 0.0, 0.30000004172325134, 0.0, -88.18887329101562, 3.523705961823664
4199, 349.95989990234375, -137.04867553710938, 0.0, 0.2500000298023224, 0.0, -88.18846893310547, 3.52880952610128
4200, 349.9622497558594, -137.12252807617188, 0.0, 0.20000001788139343, 0.0, -88.18819427490234, 3.5313255687621594
4201, 349.9644775390625, -137.19400024414062, 0.0, 0.15000000596046448, 0.0, -88.18797302246094, 3.5296386041713794
4202, 349.9668273925781, -137.266845703125, 0.0, 0.10000000149011612, 0.0, -88.18789672851562, 3.5230240375755493
4203, 349.96917724609375, -137.3404083251953, 0.0, 0.05000000447034836, 0.0, -88.18785858154297, 3.511011416433197
4204, 349.9715270996094, -137.4148406982422, 0.0, 4.0978194171259474e-09, 0.0, -88.18791198730469, 3.493238372482276
4205, 349.9737548828125, -137.48670959472656, 0.0, 0.0, 0.0, -88.18804931640625, 3.47361931048779
4206, 349.9759216308594, -137.55519104003906, 0.0, 0.0, 0.0, -88.18822479248047, 3.452629589388492
4207, 349.9781494140625, -137.62576293945312, 0.0, 0.0, 0.0, -88.18846893310547, 3.429703988385662
4208, 349.98046875, -137.697998046875, 0.0, 0.02500000037252903, 0.0, -88.18875122070312, 3.4039876574503842
4209, 349.9826965332031, -137.7691650390625, 0.0, 0.07500000298023224, 0.0, -88.18904113769531, 3.3816833113408378
4210, 349.98492431640625, -137.84092712402344, 0.0, 0.125, 0.0, -88.18933868408203, 3.363709557357983
4211, 349.9871520996094, -137.90963745117188, 0.0, 0.17500001192092896, 0.0, -88.18958282470703, 3.351455502622763
4212, 349.9892578125, -137.97802734375, 0.0, 0.2250000238418579, 0.0, -88.18978881835938, 3.344492720828817
4213, 349.9916076660156, -138.05027770996094, 0.0019098592456430197, 0.27500003576278687, 0.0, -88.18914031982422, 3.3430410609282233
4214, 349.99371337890625, -138.1142578125, 0.005729577504098415, 0.3250000476837158, 0.0, -88.18634033203125, 3.346725191225137
4215, 349.99609375, -138.18235778808594, 0.009549296461045742, 0.3750000596046448, 0.0, -88.17998504638672, 3.355873073015933
4216, 349.9986267089844, -138.25152587890625, 0.013369014486670494, 0.42500007152557373, 0.0, -88.1690444946289, 3.370396004716322
4217, 350.0013732910156, -138.3235626220703, 0.014642254449427128, 0.4750000834465027, 0.0, -88.15322875976562, 3.3910180858792067
4218, 350.0041198730469, -138.39468383789062, 0.01336901355534792, 0.5250000357627869, 0.0, -88.13504028320312, 3.4166303065624932
4219, 350.00701904296875, -138.46873474121094, 0.012095773592591286, 0.4750000536441803, 0.0, -88.11498260498047, 3.4458324616562375
4220, 350.0098876953125, -138.5399627685547, 0.011459153145551682, 0.4500000476837158, 0.0, -88.09557342529297, 3.472993141068246
4221, 350.0126037597656, -138.61044311523438, 0.010185913182795048, 0.40000003576278687, 0.0, -88.07681274414062, 3.4973364778168508
4222, 350.0153503417969, -138.68113708496094, 0.008912673220038414, 0.3500000238418579, 0.0, -88.05895233154297, 3.5177565102196033
4223, 350.01812744140625, -138.75181579589844, 0.00763943325728178, 0.30000001192092896, 0.0, -88.04248809814453, 3.533432929933506
4224, 350.02099609375, -138.82826232910156, 0.006366194225847721, 0.22499999403953552, 0.0, -88.02645874023438, 3.543950700014558
4225, 350.0236511230469, -138.89881896972656, 0.004456335213035345, 0.17499998211860657, 0.0, -88.01384735107422, 3.547375583948242
4226, 350.0264892578125, -138.97479248046875, 0.0031830952502787113, 0.12499997764825821, 0.0, -88.00253295898438, 3.5444400402451945
4227, 350.0291748046875, -139.04812622070312, 0.0019098557531833649, 0.07499998062849045, 0.0, -87.99388885498047, 3.535683690405412
4228, 350.0315856933594, -139.11656188964844, 0.0, 0.024999981746077538, 0.0, -87.98822784423828, 3.5224539570429902
4229, 350.0340576171875, -139.1857147216797, 0.0, 0.0, 0.0, -87.98436737060547, 3.5057714624155465
4230, 350.0367431640625, -139.26123046875, 0.0, 0.0, 0.0, -87.98149108886719, 3.4837692319034943
4231, 350.0392761230469, -139.33480834960938, 0.0, 0.0, 0.0, -87.97976684570312, 3.4603976208463223
4232, 350.041748046875, -139.4055938720703, 0.0, 0.0, 0.0, -87.97872161865234, 3.436963257972264
4233, 350.0443420410156, -139.47927856445312, 0.0, 0.02500000037252903, 0.0, -87.97815704345703, 3.4105119759965676
4234, 350.0469055175781, -139.55235290527344, 0.0, 0.05000000074505806, 0.0, -87.97787475585938, 3.386906064217875
4235, 350.0495910644531, -139.62777709960938, 0.0, 0.10000000149011612, 0.0, -87.977783203125, 3.3662576075807444
4236, 350.05218505859375, -139.69976806640625, 0.0, 0.15000000596046448, 0.0, -87.9778060913086, 3.3512843079361483
4237, 350.054443359375, -139.7644805908203, 0.0, 0.2250000238418579, 0.0, -87.97787475585938, 3.3427078722495756
4238, 350.0569152832031, -139.8350067138672, 0.0, 0.27500003576278687, 0.0, -87.97795867919922, 3.3401259962229632
4239, 350.0593566894531, -139.90516662597656, 0.0, 0.3250000476837158, 0.0, -87.97795104980469, 3.3438358928909357
4240, 350.06182861328125, -139.97543334960938, 0.0, 0.3750000596046448, 0.0, -87.97795104980469, 3.353326715966321
4241, 350.06451416015625, -140.05149841308594, 0.0, 0.42500007152557373, 0.0, -87.97785949707031, 3.3697724946447676
4242, 350.0668640136719, -140.11935424804688, 0.0, 0.4750000834465027, 0.0, -87.97771453857422, 3.3894459574646034
4243, 350.06939697265625, -140.19358825683594, 0.0, 0.5250000357627869, 0.0, -87.97747039794922, 3.4163132138785985
4244, 350.0719909667969, -140.2661590576172, 0.0, 0.574999988079071, 0.0, -87.97715759277344, 3.4476983655413953
4245, 350.0745544433594, -140.33897399902344, 0.0, 0.5999999642372131, 0.0, -87.976806640625, 3.483514328642642
4246, 350.0773620605469, -140.41799926757812, 0.0, 0.6999998688697815, 0.0, -87.976318359375, 3.527106588177895
4247, 350.0799560546875, -140.4908905029297, 0.0, 0.7499998211860657, 0.0, -87.97579956054688, 3.5733580246625003
4248, 350.08245849609375, -140.56185913085938, 0.0, 0.7749997973442078, 0.0, -87.97518920898438, 3.6226392491153274
4249, 350.08514404296875, -140.63772583007812, 0.0, 0.8249997496604919, 0.0, -87.97449493408203, 3.6793197680824465
4250, 350.0877380371094, -140.71205139160156, 0.0, 0.8749997019767761, 0.0, -87.97372436523438, 3.73851904897694
4251, 350.0906982421875, -140.7961883544922, 0.0, 0.9249996542930603, 0.0, -87.9727783203125, 3.80975867800312
4252, 350.0936584472656, -140.88018798828125, 0.0, 0.9749996066093445, 0.0, -87.97174072265625, 3.8849624015463524
4253, 350.0967102050781, -140.96612548828125, 0.0, 1.0249996185302734, 0.0, -87.9705810546875, 3.9652400533407874
4254, 350.09979248046875, -141.05426025390625, 0.0, 0.9750000238418579, 0.0, -87.9693603515625, 4.048754937013845
4255, 350.1029968261719, -141.14508056640625, 0.0, 0.9250000715255737, 0.0, -87.96794891357422, 4.133132885659508
4256, 350.1059265136719, -141.22764587402344, 0.0, 0.8500001430511475, 0.0, -87.96674346923828, 4.20601897777281
4257, 350.10888671875, -141.31272888183594, 0.0, 0.8250001668930054, 0.0, -87.96546173095703, 4.276444750224077
4258, 350.1117248535156, -141.39215087890625, 0.0, 0.7750002145767212, 0.0, -87.9642333984375, 4.337925516691816
4259, 350.1150207519531, -141.48561096191406, 0.0019098592456430197, 0.725000262260437, 0.0, -87.96204376220703, 4.404401810742858
4260, 350.11859130859375, -141.58209228515625, 0.005729577504098415, 0.6750003099441528, 0.0, -87.95714569091797, 4.466296130956424
4261, 350.1222229003906, -141.67677307128906, 0.009549296461045742, 0.6250003576278687, 0.0, -87.9482192993164, 4.520506362468034
4262, 350.12591552734375, -141.77085876464844, 0.013369014486670494, 0.5750004053115845, 0.0, -87.93437957763672, 4.568023013784605
4263, 350.1297912597656, -141.86361694335938, 0.01718873344361782, 0.5250004529953003, 0.0, -87.91503143310547, 4.608740346901605
4264, 350.13372802734375, -141.9532928466797, 0.021008450537919998, 0.4750004708766937, 0.0, -87.89006042480469, 4.6424324609352645
4265, 350.1380310058594, -142.04788208007812, 0.019735213369131088, 0.42500045895576477, 0.0, -87.85945892333984, 4.671858265660244
4266, 350.142333984375, -142.14047241210938, 0.019098594784736633, 0.4000004529953003, 0.0, -87.82635498046875, 4.695309062894912
4267, 350.14691162109375, -142.23793029785156, 0.017825355753302574, 0.35000044107437134, 0.0, -87.79000854492188, 4.714496649213854
4268, 350.15155029296875, -142.33641052246094, 0.016552116721868515, 0.3000004291534424, 0.0, -87.7528076171875, 4.728036385942616
4269, 350.1564025878906, -142.43881225585938, 0.014642258174717426, 0.22500041127204895, 0.0, -87.71483612060547, 4.735156400983072
4270, 350.16119384765625, -142.5395050048828, 0.013369017280638218, 0.17500039935112, 0.0, -87.67898559570312, 4.734771113208274
4271, 350.16534423828125, -142.62791442871094, 0.012095777317881584, 0.12500038743019104, 0.0, -87.64916229248047, 4.728839602688876
4272, 350.1698303222656, -142.7228546142578, 0.01082253735512495, 0.07500039041042328, 0.0, -87.6189193725586, 4.716491927490736
4273, 350.17431640625, -142.81736755371094, 0.014642256312072277, 0.02500039152801037, 0.0, -87.58908081054688, 4.698292032571407
4274, 350.1790466308594, -142.91387939453125, 0.01846197433769703, -0.02499960921704769, 0.0, -87.5564956665039, 4.674834138933718
4275, 350.1837463378906, -143.00575256347656, 0.022281693294644356, 0.0, 0.0, -87.52181243896484, 4.64881539547582
4276, 350.1885070800781, -143.095458984375, 0.026101412251591682, 0.0, 0.0, -87.48339080810547, 4.620981796137256
4277, 350.1935729980469, -143.18682861328125, 0.028011271730065346, 0.0, 0.0, -87.43950653076172, 4.591169798076229
4278, 350.1988525390625, -143.27886962890625, 0.03183098882436752, 0.0, 0.0, -87.39019012451172, 4.5601884815066525
4279, 350.2044372558594, -143.3719940185547, 0.03565070405602455, 0.0, 0.0, -87.33401489257812, 4.528257279035445
4280, 350.209716796875, -143.45628356933594, 0.03437746688723564, 0.0, 0.0, -87.27865600585938, 4.499130044385307
4281, 350.21527099609375, -143.5433807373047, 0.03310422599315643, 0.0, 0.0, -87.21894073486328, 4.468902736749362
4282, 350.2208557128906, -143.6308135986328, 0.03183098882436752, 0.0, 0.0, -87.1576156616211, 4.438488152654952
4283, 350.22705078125, -143.72589111328125, 0.030557749792933464, 0.0, 0.0, -87.09066772460938, 4.405381936601912
4284, 350.2328796386719, -143.8134002685547, 0.02992113120853901, 0.0, 0.0, -87.02915954589844, 4.374884285149252
4285, 350.239013671875, -143.9051971435547, 0.02864789217710495, 0.0, 0.0, -86.96542358398438, 4.342873072666174
4286, 350.2452697753906, -143.99862670898438, 0.026738034561276436, 0.0, 0.0, -86.90213012695312, 4.310290449704971
4287, 350.2507629394531, -144.0807647705078, 0.02610141597688198, 0.0, 0.0, -86.8480453491211, 4.281618667955647
4288, 350.2564697265625, -144.16500854492188, 0.024828176945447922, 0.0, 0.0, -86.79427337646484, 4.2522076709328065
4289, 350.26239013671875, -144.25079345703125, 0.023554939776659012, 0.0, 0.0, -86.74132537841797, 4.222271202193639
4290, 350.2682800292969, -144.33590698242188, 0.02737465873360634, 0.05000000074505806, 0.0, -86.6889877319336, 4.194089581044488
4291, 350.2744140625, -144.4215545654297, 0.03310423344373703, 0.125, 0.0, -86.63362121582031, 4.168833873870126
4292, 350.28033447265625, -144.5017547607422, 0.03692394867539406, 0.17500001192092896, 0.0, -86.57745361328125, 4.150007806576086
4293, 350.2864685058594, -144.58172607421875, 0.03883380815386772, 0.20000001788139343, 0.0, -86.51727294921875, 4.135998933682092
4294, 350.29302978515625, -144.66461181640625, 0.04265352338552475, 0.2500000298023224, 0.0, -86.45034790039062, 4.126148530355868
4295, 350.30029296875, -144.7532196044922, 0.04647323861718178, 0.30000004172325134, 0.0, -86.37248992919922, 4.121263544007344
4296, 350.3068542480469, -144.82957458496094, 0.050292953848838806, 0.3500000536441803, 0.0, -86.29961395263672, 4.121877315919358
4297, 350.31390380859375, -144.9091339111328, 0.054112665355205536, 0.3500000536441803, 0.0, -86.21769714355469, 4.12645420540478
4298, 350.321044921875, -144.98736572265625, 0.0560225248336792, 0.3250000476837158, 0.0, -86.13179016113281, 4.132690055582725
4299, 350.32952880859375, -145.07725524902344, 0.056659143418073654, 0.2500000298023224, 0.0, -86.02806854248047, 4.138230187523041
4300, 350.33782958984375, -145.16323852539062, 0.0560225248336792, 0.2250000238418579, 0.0, -85.92514038085938, 4.140020708193107
4301, 350.3458251953125, -145.24456787109375, 0.05474928766489029, 0.17500001192092896, 0.0, -85.82593536376953, 4.138239572705827
4302, 350.3537902832031, -145.32431030273438, 0.05347604677081108, 0.125, 0.0, -85.72811126708984, 4.132233393396788
4303, 350.36199951171875, -145.40521240234375, 0.05220280960202217, 0.07500000298023224, 0.0, -85.62908935546875, 4.12132288076579
4304, 350.3705139160156, -145.48886108398438, 0.05092957243323326, 0.02500000409781933, 0.0, -85.52742767333984, 4.104553887926288
4305, 350.37939453125, -145.57484436035156, 0.04965633153915405, -0.02499999664723873, 0.0, -85.4242172241211, 4.082859127435051
4306, 350.38818359375, -145.6592559814453, 0.04838309437036514, 0.0, 0.0, -85.32445526123047, 4.058060438257801
4307, 350.39666748046875, -145.73922729492188, 0.04647323861718178, 0.0, 0.0, -85.23194885253906, 4.032573280500149
4308, 350.4055480957031, -145.82257080078125, 0.045836616307497025, 0.0, 0.0, -85.13740539550781, 4.0048423553728005
4309, 350.41436767578125, -145.9041748046875, 0.04710985720157623, 0.0, 0.0, -85.04583740234375, 3.9770226440435756
4310, 350.4237060546875, -145.98876953125, 0.05092957243323326, 0.0, 0.0, -84.9498291015625, 3.9477370572392623
4311, 350.433349609375, -146.07382202148438, 0.05474928766489029, 0.05000000074505806, 0.0, -84.85021209716797, 3.919531502011652
4312, 350.44305419921875, -146.1566619873047, 0.05856900289654732, 0.10000000149011612, 0.0, -84.74888610839844, 3.895223245098347
4313, 350.4534606933594, -146.24314880371094, 0.06429857015609741, 0.17500001192092896, 0.0, -84.63671112060547, 3.8749764663435036
4314, 350.4637756347656, -146.3255615234375, 0.06811828911304474, 0.2250000238418579, 0.0, -84.52301025390625, 3.86224643448994
4315, 350.47406005859375, -146.40557861328125, 0.0700281485915184, 0.2500000298023224, 0.0, -84.40689849853516, 3.8554575073648643
4316, 350.4848327636719, -146.48681640625, 0.07384786009788513, 0.30000004172325134, 0.0, -84.2830581665039, 3.853461240249136
4317, 350.49560546875, -146.56541442871094, 0.07766757905483246, 0.3500000536441803, 0.0, -84.15727996826172, 3.85659241355661
4318, 350.50738525390625, -146.64915466308594, 0.08148729056119919, 0.40000006556510925, 0.0, -84.01646423339844, 3.8656200321440286
4319, 350.5183410644531, -146.72496032714844, 0.08021405339241028, 0.4500000774860382, 0.0, -83.88453674316406, 3.8790409463678097
4320, 350.5296936035156, -146.8020782470703, 0.07894081622362137, 0.5000000596046448, 0.0, -83.74839782714844, 3.8978529359126237
4321, 350.5417785644531, -146.8834991455078, 0.07766757905483246, 0.550000011920929, 0.0, -83.60380554199219, 3.9230583012955327
4322, 350.5550842285156, -146.97119140625, 0.07639433443546295, 0.5999999642372131, 0.0, -83.44823455810547, 3.956109606858089
4323, 350.5678405761719, -147.0546417236328, 0.07512109726667404, 0.6499999165534973, 0.0, -83.30113983154297, 3.9928206340532113
4324, 350.5808410644531, -147.1385498046875, 0.07321124523878098, 0.7249998450279236, 0.0, -83.15485382080078, 4.034964985669525
4325, 350.5937805175781, -147.22140502929688, 0.07193800061941147, 0.7749997973442078, 0.0, -83.01250457763672, 4.0821895641786075
4326, 350.6083068847656, -147.3134765625, 0.07066476345062256, 0.8249997496604919, 0.0, -82.85673522949219, 4.140507205037763
4327, 350.622802734375, -147.40377807617188, 0.06939152628183365, 0.8749997019767761, 0.0, -82.70664978027344, 4.20290047795682
4328, 350.63702392578125, -147.491455078125, 0.06811828911304474, 0.9249996542930603, 0.0, -82.56333923339844, 4.267903313879076
4329, 350.6502380371094, -147.5719451904297, 0.06684505194425583, 0.9749996066093445, 0.0, -82.43405151367188, 4.33105452109189
4330, 350.6639404296875, -147.65481567382812, 0.06557181477546692, 1.0249996185302734, 0.0, -82.3031997680664, 4.399285030455035
4331, 350.6786193847656, -147.7428436279297, 0.06429857015609741, 1.0, 0.0, -82.16650390625, 4.474173533524866
4332, 350.69464111328125, -147.83798217773438, 0.0630253329873085, 1.0, 0.0, -82.02163696289062, 4.55601192762646
4333, 350.710693359375, -147.9322967529297, 0.06175209581851959, 1.0, 0.0, -81.88072204589844, 4.637262305718905
4334, 350.7263488769531, -148.02334594726562, 0.06047885864973068, 1.0, 0.0, -81.7474594116211, 4.715096863157204
4335, 350.74334716796875, -148.12132263183594, 0.05920562148094177, 1.0, 0.0, -81.60662841796875, 4.798323723417647
4336, 350.76080322265625, -148.22119140625, 0.055385902523994446, 1.0, 0.0, -81.46708679199219, 4.8821330843072746
4337, 350.77850341796875, -148.32174682617188, 0.052202802151441574, 1.0, 0.0, -81.3313980102539, 4.965377013853717
4338, 350.7973327636719, -148.42848205566406, 0.04265350475907326, 1.0, 0.0, -81.19615936279297, 5.0525446551316335
4339, 350.8169860839844, -148.54051208496094, 0.036287304013967514, 1.0, 0.0, -81.06636047363281, 5.14242020771213
4340, 350.8357849121094, -148.6478729248047, 0.03310420364141464, 1.0, 0.0, -80.9526138305664, 5.227115594214391
4341, 350.85552978515625, -148.76136779785156, 0.026738004758954048, 1.0, 0.0, -80.84432983398438, 5.315154537657289
4342, 350.87542724609375, -148.87631225585938, 0.017188705503940582, 0.9250000715255737, 0.0, -80.74919891357422, 5.401654525775524
4343, 350.8953552246094, -148.992919921875, 0.010822508484125137, 0.8750001192092896, 0.0, -80.66844177246094, 5.484688553472879
4344, 350.91607666015625, -149.1156768798828, 0.010822508484125137, 0.8750001192092896, 0.0, -80.60042572021484, 5.566217599696256
4345, 350.9363708496094, -149.23687744140625, -0.0019098592456430197, 0.7750002145767212, 0.0, -80.54999542236328, 5.6403799567744715
4346, 350.9546813964844, -149.3475341796875, -0.005729577504098415, 0.725000262260437, 0.0, -80.5182876586914, 5.7027461729026045
4347, 350.97381591796875, -149.4641876220703, -0.009549296461045742, 0.6750003099441528, 0.0, -80.49665069580078, 5.762046210536129
4348, 350.99261474609375, -149.57994079589844, -0.013369014486670494, 0.6250003576278687, 0.0, -80.48722076416016, 5.814658145659435
4349, 351.0119934082031, -149.7001953125, -0.01718873344361782, 0.5750004053115845, 0.0, -80.48948669433594, 5.862707879697443
4350, 351.0319519042969, -149.82546997070312, -0.021008450537919998, 0.5250004529953003, 0.0, -80.50431823730469, 5.905621245492374
4351, 351.05096435546875, -149.94631958007812, -0.024828169494867325, 0.4750004708766937, 0.0, -80.530029296875, 5.940160543955711
4352, 351.0701904296875, -150.06985473632812, -0.02864788845181465, 0.42500045895576477, 0.0, -80.5677490234375, 5.968619472290234
4353, 351.0901184082031, -150.2001953125, -0.03437746688723564, 0.35000044107437134, 0.0, -80.6207046508789, 5.990714895645527
4354, 351.1092224121094, -150.32736206054688, -0.03819718211889267, 0.3000004291534424, 0.0, -80.68509674072266, 6.004031478308129
4355, 351.12664794921875, -150.44537353515625, -0.040107037872076035, 0.2750004231929779, 0.0, -80.75579833984375, 6.0103073075851485
4356, 351.1443786621094, -150.56727600097656, -0.04392675310373306, 0.22500041127204895, 0.0, -80.83805847167969, 6.01035671263725
4357, 351.1615905761719, -150.68826293945312, -0.04774646833539009, 0.17500039935112, 0.0, -80.92974853515625, 6.00437492715535
4358, 351.17913818359375, -150.81448364257812, -0.05156618356704712, 0.12500038743019104, 0.0, -81.0362777709961, 5.991716173240116
4359, 351.1971130371094, -150.94691467285156, -0.05538589879870415, 0.07500039041042328, 0.0, -81.15996551513672, 5.971527409290165
4360, 351.2136535644531, -151.0724334716797, -0.059205614030361176, 0.02500039152801037, 0.0, -81.28826141357422, 5.945762365321911
4361, 351.2294921875, -151.19601440429688, -0.0630253255367279, -0.02499960921704769, 0.0, -81.42511749267578, 5.915173402960593
4362, 351.24560546875, -151.32574462890625, -0.06684504449367523, 0.0, 0.0, -81.58057403564453, 5.878149589954889
4363, 351.2601623535156, -151.44717407226562, -0.07066475600004196, 0.0, 0.0, -81.73625183105469, 5.841092338993042
4364, 351.2742004394531, -151.5684814453125, -0.07193799316883087, 0.0, 0.0, -81.90184783935547, 5.801151128415831
4365, 351.28759765625, -151.68771362304688, -0.07066475600004196, 0.0, 0.0, -82.07012176513672, 5.7630418578360665
4366, 351.2999572753906, -151.80142211914062, -0.06939151883125305, 0.0, 0.0, -82.23405456542969, 5.72281902223209
4367, 351.3125, -151.91842651367188, -0.06811828166246414, 0.0, 0.0, -82.41069793701172, 5.67844878154756
4368, 351.3247985839844, -152.03677368164062, -0.06684504449367523, 0.0, 0.0, -82.5865478515625, 5.639113788556672
4369, 351.3373107910156, -152.15965270996094, -0.06557180732488632, 0.0, 0.0, -82.77388000488281, 5.594874856774828
4370, 351.3486633300781, -152.27468872070312, -0.06429856270551682, 0.0, 0.0, -82.94477081298828, 5.555603747313851
4371, 351.36029052734375, -152.3954620361328, -0.0630253255367279, 0.0, 0.0, -83.12765502929688, 5.5118607586402595
4372, 351.3708190917969, -152.50856018066406, -0.06429856270551682, 0.0, 0.0, -83.29378509521484, 5.473101101470434
4373, 351.381591796875, -152.62796020507812, -0.06811828166246414, 0.0, 0.0, -83.47625732421875, 5.429050094541728
4374, 351.39080810546875, -152.73486328125, -0.07193799316883087, 0.0, 0.0, -83.6446762084961, 5.382910137415752
4375, 351.39984130859375, -152.84506225585938, -0.0757577121257782, 0.0, 0.0, -83.8136215209961, 5.341530026841064
4376, 351.4083557128906, -152.95465087890625, -0.07957742363214493, 0.0, 0.0, -83.99394989013672, 5.306889116526644
4377, 351.41619873046875, -153.06369018554688, -0.08339714258909225, 0.0, 0.0, -84.17411804199219, 5.271191405735725
4378, 351.42352294921875, -153.17135620117188, -0.08721685409545898, 0.0, 0.0, -84.36690521240234, 5.232912563375276
4379, 351.4305725097656, -153.285400390625, -0.09103657305240631, 0.0, 0.0, -84.57176971435547, 5.19230927822722
4380, 351.4367980957031, -153.39332580566406, -0.09485628455877304, 0.0, 0.0, -84.78307342529297, 5.150606818602211
4381, 351.4423828125, -153.5015869140625, -0.09867600351572037, 0.0, 0.0, -84.9952163696289, 5.112509575741118
4382, 351.44696044921875, -153.60086059570312, -0.10440557450056076, 0.0, 0.0, -85.19900512695312, 5.067165107363671
4383, 351.4513244628906, -153.70437622070312, -0.10313233733177185, 0.0, 0.0, -85.42823028564453, 5.022451057076598
4384, 351.45501708984375, -153.80545043945312, -0.1024957150220871, 0.0, 0.0, -85.65276336669922, 4.993647774415288
4385, 351.45843505859375, -153.910400390625, -0.10058585554361343, 0.0, 0.0, -85.88764953613281, 4.965707007457565
4386, 351.4613952636719, -154.016845703125, -0.09931261837482452, 0.0, 0.0, -86.12632751464844, 4.933932982042435
4387, 351.4638671875, -154.12161254882812, -0.09803938120603561, 0.05000000074505806, 0.0, -86.36099243164062, 4.902212874895358
4388, 351.46600341796875, -154.22854614257812, -0.0967661440372467, 0.10000000149011612, 0.0, -86.5994873046875, 4.871688867543069
4389, 351.46771240234375, -154.33242797851562, -0.0954929068684578, 0.15000000596046448, 0.0, -86.82964324951172, 4.845670675393989
4390, 351.4690246582031, -154.43948364257812, -0.09421966969966888, 0.20000001788139343, 0.0, -87.06464385986328, 4.823844816462673
4391, 351.4698791503906, -154.53924560546875, -0.09294642508029938, 0.2500000298023224, 0.0, -87.28130340576172, 4.8086928387307
4392, 351.470458984375, -154.63943481445312, -0.09167318791151047, 0.30000004172325134, 0.0, -87.49640655517578, 4.7989826618805935
4393, 351.470703125, -154.7353057861328, -0.09039995074272156, 0.3500000536441803, 0.0, -87.69965362548828, 4.795121957751892
4394, 351.4706115722656, -154.83395385742188, -0.08912671357393265, 0.40000006556510925, 0.0, -87.9059066772461, 4.7968729130460845
4395, 351.4701843261719, -154.93809509277344, -0.08785347640514374, 0.4500000774860382, 0.0, -88.12042236328125, 4.804980073188502
4396, 351.469482421875, -155.03919982910156, -0.08658023923635483, 0.5000000596046448, 0.0, -88.32550048828125, 4.818769332250275
4397, 351.4683837890625, -155.14463806152344, -0.08530700206756592, 0.550000011920929, 0.0, -88.53597259521484, 4.839179170580976
4398, 351.4670104980469, -155.2486114501953, -0.08403375744819641, 0.5999999642372131, 0.0, -88.74016571044922, 4.865099754907715
4399, 351.46533203125, -155.35609436035156, -0.0827605202794075, 0.6499999165534973, 0.0, -88.94781494140625, 4.897741110429667
4400, 351.4632263183594, -155.4633331298828, -0.08148728311061859, 0.6999998688697815, 0.0, -89.15148162841797, 4.935961971804078
4401, 351.4609375, -155.56919860839844, -0.08021404594182968, 0.7499998211860657, 0.0, -89.34916687011719, 4.97900419536254
4402, 351.4581604003906, -155.68089294433594, -0.07894080877304077, 0.7999997735023499, 0.0, -89.55413818359375, 5.029757119568336
4403, 351.45526123046875, -155.78831481933594, -0.07512108981609344, 0.849999725818634, 0.0, -89.74663543701172, 5.083486779846764
4404, 351.45208740234375, -155.89930725097656, -0.06557180732488632, 0.9249996542930603, 0.0, -89.93685150146484, 5.144422588009931
4405, 351.4488525390625, -156.01222229003906, -0.05920560657978058, 0.9749996066093445, 0.0, -90.11895751953125, 5.212357784774831
4406, 351.44580078125, -156.11798095703125, -0.052839405834674835, 0.9749996066093445, 0.0, -90.27828979492188, 5.280278613742051
4407, 351.44244384765625, -156.23240661621094, -0.049656305462121964, 0.9499996304512024, 0.0, -90.4388198852539, 5.355866782525654
4408, 351.4390563964844, -156.34808349609375, -0.042653486132621765, 0.8749997019767761, 0.0, -90.58831024169922, 5.431669336402088
4409, 351.4355773925781, -156.464111328125, -0.041380248963832855, 0.8249997496604919, 0.0, -90.72702026367188, 5.50441527203276
4410, 351.43182373046875, -156.58494567871094, -0.040107011795043945, 0.7749997973442078, 0.0, -90.86188507080078, 5.5754755040909885
4411, 351.4279479980469, -156.70440673828125, -0.03947039321064949, 0.7499998211860657, 0.0, -90.98763275146484, 5.6406920783883185
4412, 351.42388916015625, -156.82398986816406, -0.03819715231657028, 0.6999998688697815, 0.0, -91.10741424560547, 5.701059480694824
4413, 351.41937255859375, -156.95257568359375, -0.03692391514778137, 0.6499999165534973, 0.0, -91.23025512695312, 5.759953232170214
4414, 351.4148864746094, -157.0748748779297, -0.03565067797899246, 0.5999999642372131, 0.0, -91.34215545654297, 5.809817795145746
4415, 351.4101867675781, -157.19845581054688, -0.034377437084913254, 0.550000011920929, 0.0, -91.45073699951172, 5.853960247350225
4416, 351.4053039550781, -157.32603454589844, -0.024191521108150482, 0.4500000476837158, 0.0, -91.55431365966797, 5.892346407851693
4417, 351.40057373046875, -157.45040893554688, -0.017825322225689888, 0.40000003576278687, 0.0, -91.64415740966797, 5.921158614702482
4418, 351.39593505859375, -157.5756378173828, -0.014642222784459591, 0.3750000298023224, 0.0, -91.72357177734375, 5.942536966273737
4419, 351.3915100097656, -157.69784545898438, -0.008276025764644146, 0.32500001788139343, 0.0, -91.7896728515625, 5.956904168086871
4420, 351.38739013671875, -157.81643676757812, -0.0019098278135061264, 0.3750000298023224, 0.0, -91.8406753540039, 5.966308262518587
4421, 351.3831481933594, -157.94029235839844, 0.0, 0.42500004172325134, 0.0, -91.88292694091797, 5.974950959220887
4422, 351.3788146972656, -158.0701141357422, 0.0, 0.4750000536441803, 0.0, -91.91667938232422, 5.98576730424551
4423, 351.3742980957031, -158.20655822753906, 0.0, 0.5250000357627869, 0.0, -91.94343566894531, 6.000748025258272
4424, 351.37005615234375, -158.3358612060547, 0.0, 0.574999988079071, 0.0, -91.96243286132812, 6.019594386100174
4425, 351.36572265625, -158.46429443359375, 0.0, 0.6249999403953552, 0.0, -91.97696685791016, 6.04282888575364
4426, 351.361328125, -158.594970703125, 0.0, 0.6749998927116394, 0.0, -91.9877700805664, 6.072073832497946
4427, 351.35711669921875, -158.72076416015625, 0.0, 0.7249998450279236, 0.0, -91.9959716796875, 6.105081656664254
4428, 351.3524475097656, -158.85609436035156, 0.0, 0.7749997973442078, 0.0, -92.00212860107422, 6.146656238975712
4429, 351.3478088378906, -158.9898223876953, 0.0, 0.8249997496604919, 0.0, -92.00688934326172, 6.193227840054008
4430, 351.3435363769531, -159.1129913330078, 0.0, 0.8749997019767761, 0.0, -92.01007080078125, 6.240663305364318
4431, 351.33905029296875, -159.24380493164062, 0.0038197184912860394, 0.9249996542930603, 0.0, -92.01029968261719, 6.296613953910558
4432, 351.33441162109375, -159.3821563720703, 0.007639436982572079, 0.9749996066093445, 0.0, -92.00596618652344, 6.361327518968355
4433, 351.3302917480469, -159.50949096679688, 0.01145915500819683, 1.0249996185302734, 0.0, -91.9957046508789, 6.425016610296916
4434, 351.3260498046875, -159.64955139160156, 0.015278873965144157, 1.0, 0.0, -91.97704315185547, 6.499079142883783
4435, 351.3219909667969, -159.78956604003906, 0.019098592922091484, 1.0, 0.0, -91.9500503540039, 6.575439225084398
4436, 351.3182373046875, -159.92991638183594, 0.02291831001639366, 1.0, 0.0, -91.91381072998047, 6.653230710850976
4437, 351.31451416015625, -160.07693481445312, 0.02164507284760475, 1.0, 0.0, -91.86815643310547, 6.73556833989391
4438, 351.31072998046875, -160.23291015625, 0.020371833816170692, 1.0, 0.0, -91.81420135498047, 6.8231718231312595
4439, 351.3072204589844, -160.38314819335938, 0.01846197620034218, 1.0, 0.0, -91.75939178466797, 6.907450069211264
4440, 351.30389404296875, -160.52769470214844, 0.01718873903155327, 1.0, 0.0, -91.70561981201172, 6.988157280389111
4441, 351.30035400390625, -160.6857452392578, 0.015278879553079605, 1.0, 0.0, -91.647216796875, 7.07578686442979
4442, 351.2969970703125, -160.83682250976562, 0.014005639590322971, 1.0, 0.0, -91.59259033203125, 7.158843909224016
4443, 351.2938537597656, -160.97882080078125, 0.013369019143283367, 1.0, 0.0, -91.5427017211914, 7.2361501362277965
4444, 351.29071044921875, -161.12451171875, 0.012095779180526733, 1.0, 0.0, -91.49340057373047, 7.314752641280021
4445, 351.2875061035156, -161.2744140625, 0.0108225392177701, 1.0, 0.0, -91.44476318359375, 7.394889046973055
4446, 351.28411865234375, -161.43206787109375, 0.009549299255013466, 1.0, 0.0, -91.3962173461914, 7.477299475237771
4447, 351.28070068359375, -161.59393310546875, 0.008276058360934258, 1.0, 0.0, -91.34966278076172, 7.56048205967006
4448, 351.2771911621094, -161.7589111328125, 0.007002819329500198, 0.9750000238418579, 0.0, -91.30559539794922, 7.6428059180309615
4449, 351.2735900878906, -161.92971801757812, 0.005729580298066139, 0.9250000715255737, 0.0, -91.263916015625, 7.723196734944876
4450, 351.2699890136719, -162.10006713867188, 0.003819720819592476, 0.8500001430511475, 0.0, -91.22698974609375, 7.798946783495018
4451, 351.2663879394531, -162.26861572265625, 0.002546481089666486, 0.8000001907348633, 0.0, -91.19466400146484, 7.865706294559619
4452, 351.2626037597656, -162.4451141357422, 0.0012732415925711393, 0.7500002384185791, 0.0, -91.16631317138672, 7.9291412459183865
4453, 351.2589111328125, -162.6156005859375, 0.0, 0.7000002861022949, 0.0, -91.14359283447266, 7.980160571633753
4454, 351.25555419921875, -162.7705078125, 0.0, 0.6500003337860107, 0.0, -91.12713623046875, 8.020968308292897
4455, 351.251953125, -162.9373016357422, 0.0, 0.6250003576278687, 0.0, -91.1123046875, 8.056531863346601
4456, 351.2482604980469, -163.11215209960938, 0.0038197184912860394, 0.5500004291534424, 0.0, -91.09762573242188, 8.086850786015978
4457, 351.2449951171875, -163.27735900878906, 0.005729577504098415, 0.5250004529953003, 0.0, -91.08272552490234, 8.108792079707081
4458, 351.2417907714844, -163.45176696777344, 0.009549296461045742, 0.4750004708766937, 0.0, -91.0643310546875, 8.127295150242894
4459, 351.23883056640625, -163.62094116210938, 0.013369014486670494, 0.42500045895576477, 0.0, -91.04564666748047, 8.146451670263508
4460, 351.2360534667969, -163.7919464111328, 0.01718873344361782, 0.3750004470348358, 0.0, -91.02460479736328, 8.162395353751425
4461, 351.2335510253906, -163.9633331298828, 0.021008450537919998, 0.32500043511390686, 0.0, -90.99885559082031, 8.173489378181086
4462, 351.2313537597656, -164.1326904296875, 0.022281691431999207, 0.2750004231929779, 0.0, -90.96735382080078, 8.17850778724897
4463, 351.2294006347656, -164.29823303222656, 0.021008452400565147, 0.22500041127204895, 0.0, -90.930908203125, 8.176943849803687
4464, 351.2276611328125, -164.4657440185547, 0.019735215231776237, 0.17500039935112, 0.0, -90.88904571533203, 8.168543234793711
4465, 351.22601318359375, -164.6370849609375, 0.01846197620034218, 0.12500038743019104, 0.0, -90.84200286865234, 8.151780766155188
4466, 351.2245178222656, -164.8052520751953, 0.01718873903155327, 0.07500039041042328, 0.0, -90.79302215576172, 8.128221027050945
4467, 351.22314453125, -164.97874450683594, 0.01591550000011921, 0.02500039152801037, 0.0, -90.74047088623047, 8.095300187810354
4468, 351.2218933105469, -165.14950561523438, 0.014005639590322971, 0.0, 0.0, -90.68822479248047, 8.055082389688206
4469, 351.22064208984375, -165.32640075683594, 0.012732399627566338, 0.0, 0.0, -90.63457489013672, 8.006423328802821
4470, 351.2195739746094, -165.4921875, 0.011459159664809704, 0.0, 0.0, -90.58549499511719, 7.955630568754855
4471, 351.2185974121094, -165.6483917236328, 0.010185918770730495, 0.0, 0.0, -90.54106140136719, 7.90522690829415
4472, 351.2176818847656, -165.80789184570312, 0.014005637727677822, 0.0, 0.0, -90.4955062866211, 7.850598747172393
4473, 351.21697998046875, -165.96868896484375, 0.017825355753302574, 0.0, 0.0, -90.44731140136719, 7.793953458488014
4474, 351.216552734375, -166.14169311523438, 0.0216450747102499, 0.0, 0.0, -90.39059448242188, 7.7319975202335876
4475, 351.2165222167969, -166.30905151367188, 0.025464793667197227, 0.0, 0.0, -90.32971954345703, 7.681104946294005
4476, 351.21685791015625, -166.47181701660156, 0.029284512624144554, 0.0, 0.0, -90.26176452636719, 7.6312703539638225
4477, 351.2175598144531, -166.63070678710938, 0.03310422971844673, 0.0, 0.0, -90.18622589111328, 7.5797695438810955
4478, 351.21875, -166.78713989257812, 0.03692394495010376, 0.0, 0.0, -90.1020736694336, 7.527137766576505
4479, 351.22021484375, -166.93948364257812, 0.03819718584418297, 0.0, 0.0, -90.0105972290039, 7.471069544429385
4480, 351.2219543457031, -167.09066772460938, 0.03692394495010376, 0.0, 0.0, -89.91182708740234, 7.418386206856196
4481, 351.2239074707031, -167.23342895507812, 0.03692394495010376, 0.0, 0.0, -89.813720703125, 7.367494228242798
4482, 351.22607421875, -167.38031005859375, 0.035014089196920395, 0.0, 0.0, -89.70911407470703, 7.314414879630901
4483, 351.228515625, -167.5253143310547, 0.033740848302841187, 0.0, 0.0, -89.60416412353516, 7.263656603068321
4484, 351.2313232421875, -167.6809539794922, 0.03246761113405228, 0.0, 0.0, -89.49104309082031, 7.209413532701143
4485, 351.2341003417969, -167.820556640625, 0.030557753518223763, 0.0, 0.0, -89.39022064208984, 7.160840606832821
4486, 351.2371826171875, -167.9623260498047, 0.029284516349434853, 0.0, 0.0, -89.2893295288086, 7.111669517909442
4487, 351.2403564453125, -168.1012420654297, 0.02864789590239525, 0.0, 0.0, -89.19218444824219, 7.063641082197926
4488, 351.2439270019531, -168.24691772460938, 0.02737465873360634, 0.0, 0.0, -89.09233856201172, 7.0134130699654715
4489, 351.24761962890625, -168.38870239257812, 0.02610141970217228, 0.0, 0.0, -88.99779510498047, 6.96474730124947
4490, 351.2513122558594, -168.5240936279297, 0.02482818067073822, 0.0, 0.0, -88.91253662109375, 6.9135788722984755
4491, 351.25518798828125, -168.65731811523438, 0.02355494350194931, 0.0, 0.0, -88.82981872558594, 6.870967971046183
4492, 351.2591857910156, -168.7906951904297, 0.02228170447051525, 0.0, 0.0, -88.74966430664062, 6.825256771308498
4493, 351.2633972167969, -168.92794799804688, 0.02100846730172634, 0.0, 0.0, -88.67003631591797, 6.778865566886538
4494, 351.2679748535156, -169.07032775878906, 0.019735228270292282, 0.0, 0.0, -88.59164428710938, 6.731017600902128
4495, 351.2722473144531, -169.20111083984375, 0.019098609685897827, 0.0, 0.0, -88.5231704711914, 6.687197093709293
4496, 351.27667236328125, -169.3348388671875, 0.017825370654463768, 0.05000000074505806, 0.0, -88.45491027832031, 6.643361563448608
4497, 351.2811584472656, -169.46632385253906, 0.01655213162302971, 0.10000000149011612, 0.0, -88.390869140625, 6.602282560636898
4498, 351.2859191894531, -169.6041717529297, 0.015278893522918224, 0.15000000596046448, 0.0, -88.32965087890625, 6.563028917481565
4499, 351.2904968261719, -169.73638916015625, 0.014005652628839016, 0.20000001788139343, 0.0, -88.27098083496094, 6.527773318910996
4500, 351.2953796386719, -169.87510681152344, 0.012732412666082382, 0.2500000298023224, 0.0, -88.21428680419922, 6.499477934426552
4501, 351.2996826171875, -169.99647521972656, 0.011459172703325748, 0.30000004172325134, 0.0, -88.16948699951172, 6.477871786137413
4502, 351.30413818359375, -170.12106323242188, 0.010822552256286144, 0.3250000476837158, 0.0, -88.12547302246094, 6.4545713336561725
4503, 351.3088073730469, -170.25048828125, 0.00954931229352951, 0.3750000596046448, 0.0, -88.0804443359375, 6.440733694468251
4504, 351.31365966796875, -170.3826904296875, 0.00763945234939456, 0.4500000774860382, 0.0, -88.04126739501953, 6.437699338824752
4505, 351.31829833984375, -170.50942993164062, 0.006366212852299213, 0.5000000596046448, 0.0, -88.00868225097656, 6.438937718409012
4506, 351.3229675292969, -170.63388061523438, 0.005092973820865154, 0.550000011920929, 0.0, -87.98056030273438, 6.436088423710208
4507, 351.3276062011719, -170.75851440429688, 0.004456354305148125, 0.574999988079071, 0.0, -87.95455169677734, 6.426757684780642
4508, 351.3323669433594, -170.888427734375, 0.003183114342391491, 0.6249999403953552, 0.0, -87.92741394042969, 6.4409995151817325
4509, 351.3373107910156, -171.02093505859375, 0.0019098747288808227, 0.6749998927116394, 0.0, -87.90654754638672, 6.4771917227444815
4510, 351.3418273925781, -171.14295959472656, 0.0, 0.7249998450279236, 0.0, -87.890869140625, 6.513103544723243
4511, 351.3464660644531, -171.26858520507812, 0.0, 0.7749997973442078, 0.0, -87.87812042236328, 6.548176758468496
4512, 351.3514099121094, -171.40061950683594, 0.0, 0.7249998450279236, 0.0, -87.86625671386719, 6.591095467862992
4513, 351.3565673828125, -171.53814697265625, 0.0, 0.6999998688697815, 0.0, -87.85771942138672, 6.638420238086898
4514, 351.36151123046875, -171.67169189453125, 0.0, 0.6499999165534973, 0.0, -87.85061645507812, 6.683977905399313
4515, 351.36639404296875, -171.80227661132812, 0.0, 0.574999988079071, 0.0, -87.84494018554688, 6.7253646254749455
4516, 351.3712463378906, -171.93115234375, 0.0, 0.5250000357627869, 0.0, -87.84019470214844, 6.761456953456845
4517, 351.37646484375, -172.06919860839844, 0.0, 0.4750000536441803, 0.0, -87.83606719970703, 6.794136030208675
4518, 351.381591796875, -172.20458984375, 0.0, 0.42500004172325134, 0.0, -87.83273315429688, 6.8207843689798855
4519, 351.3869323730469, -172.3478546142578, 0.0, 0.3750000298023224, 0.0, -87.82955169677734, 6.841792198291748
4520, 351.3917541503906, -172.47564697265625, 0.0, 0.3500000238418579, 0.0, -87.82725524902344, 6.855367477034731
4521, 351.39691162109375, -172.6117706298828, 0.0, 0.30000001192092896, 0.0, -87.8248291015625, 6.864256399102024
4522, 351.40203857421875, -172.74838256835938, 0.0, 0.25, 0.0, -87.822265625, 6.86612274861318
4523, 351.4072265625, -172.88539123535156, 0.0, 0.19999998807907104, 0.0, -87.81957244873047, 6.85770706960326
4524, 351.41265869140625, -173.0277099609375, 0.0, 0.1499999761581421, 0.0, -87.82057189941406, 6.845076249466363
4525, 351.41748046875, -173.15530395507812, 0.0, 0.09999997913837433, 0.0, -87.82115173339844, 6.832894092981267
4526, 351.42242431640625, -173.28524780273438, 0.0, 0.19999998807907104, 0.0, -87.82222747802734, 6.812652878478924
4527, 351.4338684082031, -173.5876007080078, 0.0, 0.25, 0.0, -87.81554412841797, 6.76129500081047
4528, 351.43743896484375, -173.68258666992188, 0.0, 0.2750000059604645, 0.0, -87.81626892089844, 6.749949625685533
4529, 351.4420166015625, -173.80245971679688, 0.0, 0.30000001192092896, 0.0, -87.81547546386719, 6.739871339340782
4530, 351.44744873046875, -173.94253540039062, 0.0, 0.3500000238418579, 0.0, -87.81787872314453, 6.729772286647031
4531, 351.4521484375, -174.06602478027344, 0.0, 0.42500004172325134, 0.0, -87.81918334960938, 6.724686584887546
4532, 351.4571533203125, -174.19625854492188, 0.0019098592456430197, 0.4750000536441803, 0.0, -87.82022094726562, 6.716722066296094
4533, 351.4623718261719, -174.3312225341797, 0.0038197184912860394, 0.5250000357627869, 0.0, -87.81572723388672, 6.7176351633980245
4534, 351.4682312011719, -174.477294921875, 0.009549296461045742, 0.574999988079071, 0.0, -87.80931854248047, 6.7335054858874095
4535, 351.4739074707031, -174.615234375, 0.013369014486670494, 0.6249999403953552, 0.0, -87.7953872680664, 6.757635718195143
4536, 351.47918701171875, -174.74166870117188, 0.01718873344361782, 0.6749998927116394, 0.0, -87.77816772460938, 6.785799990831287
4537, 351.4847717285156, -174.87130737304688, 0.019098592922091484, 0.6999998688697815, 0.0, -87.75550842285156, 6.81872435424601
4538, 351.4910583496094, -175.0122833251953, 0.020371831953525543, 0.7499998211860657, 0.0, -87.72631072998047, 6.858985766826338
4539, 351.4974670410156, -175.1517791748047, 0.019098594784736633, 0.7999997735023499, 0.0, -87.69060516357422, 6.905526764206284
4540, 351.50421142578125, -175.29605102539062, 0.017825355753302574, 0.849999725818634, 0.0, -87.64969635009766, 6.956886301130411
4541, 351.51141357421875, -175.44607543945312, 0.016552116721868515, 0.8999996781349182, 0.0, -87.60395050048828, 7.01322409809161
4542, 351.5177917480469, -175.5771484375, 0.015278877690434456, 0.9499996304512024, 0.0, -87.56261444091797, 7.065119986476567
4543, 351.5243225097656, -175.71023559570312, 0.014642258174717426, 0.9749996066093445, 0.0, -87.52007293701172, 7.119692160469429
4544, 351.5316467285156, -175.85728454589844, 0.013369017280638218, 1.0249996185302734, 0.0, -87.4733657836914, 7.184361859630145
4545, 351.5383605957031, -175.9923858642578, 0.01145915687084198, 1.0, 0.0, -87.43169403076172, 7.2453875179534695
4546, 351.5453186035156, -176.13247680664062, 0.010185916908085346, 1.0, 0.0, -87.39025115966797, 7.310874839543373
4547, 351.5523681640625, -176.27462768554688, 0.009549297392368317, 1.0, 0.0, -87.35018157958984, 7.378957477337533
4548, 351.5601501464844, -176.4295654296875, 0.008276056498289108, 1.0, 0.0, -87.30870819091797, 7.454463123962605
4549, 351.5677185058594, -176.58042907714844, 0.007002817466855049, 1.0, 0.0, -87.27098846435547, 7.528700957246602
4550, 351.5753479003906, -176.73252868652344, 0.005729577969759703, 1.0, 0.0, -87.2358627319336, 7.603859701185011
4551, 351.5824890136719, -176.8752899169922, 0.0044563389383256435, 1.0, 0.0, -87.2059555053711, 7.6744055760657455
4552, 351.59027099609375, -177.0299530029297, 0.0031830992083996534, 1.0, 0.0, -87.1765365600586, 7.750793040583101
4553, 351.5978698730469, -177.18284606933594, 0.0019098594784736633, 1.0, 0.0, -87.15117645263672, 7.826027844594075
4554, 351.6064453125, -177.35311889648438, 0.0, 1.0, 0.0, -87.12705993652344, 7.90935822727919
4555, 351.6136779785156, -177.50001525878906, 0.0, 1.0, 0.0, -87.1095199584961, 7.9725775367005856
4556, 351.6210021972656, -177.64906311035156, 0.0, 0.9750000238418579, 0.0, -87.093017578125, 8.036301642827423
4557, 351.6289367675781, -177.81019592285156, 0.0, 0.9250000715255737, 0.0, -87.07717895507812, 8.113325403636757
4558, 351.6373291015625, -177.9801788330078, 0.0, 0.8750001192092896, 0.0, -87.06256866455078, 8.193353182442307
4559, 351.6447448730469, -178.1287841796875, 0.0, 0.8250001668930054, 0.0, -87.0516357421875, 8.260476458674388
4560, 351.6527404785156, -178.28738403320312, 0.0, 0.8000001907348633, 0.0, -87.04156494140625, 8.32843101098839
4561, 351.6610412597656, -178.45155334472656, 0.0, 0.7500002384185791, 0.0, -87.03268432617188, 8.39338252218399
4562, 351.6701965332031, -178.63226318359375, 0.0, 0.7000002861022949, 0.0, -87.0243148803711, 8.459044027762776
4563, 351.67828369140625, -178.7899932861328, 0.0, 0.6500003337860107, 0.0, -87.0182113647461, 8.510835451973898
4564, 351.6867980957031, -178.95655822753906, 0.0, 0.6000003814697266, 0.0, -87.01266479492188, 8.559993702222906
4565, 351.69525146484375, -179.12074279785156, 0.0, 0.5500004291534424, 0.0, -87.0079345703125, 8.602461687903618
4566, 351.70440673828125, -179.29786682128906, 0.0, 0.5000004768371582, 0.0, -87.00349426269531, 8.64095460127511
4567, 351.71319580078125, -179.46751403808594, 0.0, 0.4750004708766937, 0.0, -86.99987030029297, 8.671666138166362
4568, 351.7215881347656, -179.6290740966797, 0.0, 0.4000004529953003, 0.0, -86.9968490600586, 8.694937115370998
4569, 351.72998046875, -179.7908477783203, 0.0, 0.35000044107437134, 0.0, -86.99423217773438, 8.71167782434972
4570, 351.73895263671875, -179.96337890625, 0.0, 0.3000004291534424, 0.0, -86.9918441772461, 8.72226770044064
4571, 351.74737548828125, -180.1243133544922, 0.0, 0.2750004231929779, 0.0, -86.98992919921875, 8.725335185391607
4572, 351.75616455078125, -180.29275512695312, 0.0, 0.22500041127204895, 0.0, -86.98831176757812, 8.722216491531073
4573, 351.7649230957031, -180.4596710205078, 0.0, 0.17500039935112, 0.0, -86.9869384765625, 8.712585584450679
4574, 351.7742919921875, -180.63784790039062, 0.0, 0.12500038743019104, 0.0, -86.98583984375, 8.694739720781785
4575, 351.7825012207031, -180.7934112548828, 0.0, 0.07500039041042328, 0.0, -86.98507690429688, 8.673658332664118
4576, 351.79095458984375, -180.95494079589844, 0.0, 0.02500039152801037, 0.0, -86.9845199584961, 8.645922322894839
4577, 351.79974365234375, -181.1220703125, 0.0, 3.915280046840053e-07, 0.0, -86.9842529296875, 8.611078171325552
4578, 351.80810546875, -181.2811279296875, 0.0, 0.0, 0.0, -86.9841537475586, 8.57249716416739
4579, 351.8164367675781, -181.4391326904297, 0.0, 0.0, 0.0, -86.98430633544922, 8.53053097167337
4580, 351.8253173828125, -181.6065216064453, 0.0, 0.0, 0.0, -86.98467254638672, 8.483067467101435
4581, 351.8346862792969, -181.78515625, 0.0, 0.0, 0.0, -86.98523712158203, 8.429677897820165
4582, 351.8425598144531, -181.9355010986328, 0.0, 0.0, 0.0, -86.98589324951172, 8.383185177013237
4583, 351.8507385253906, -182.0906982421875, 0.0, 0.0, 0.0, -86.98667907714844, 8.334012162574616
4584, 351.8591613769531, -182.2511444091797, 0.0, 0.0, 0.0, -86.98766326904297, 8.282177189159176
4585, 351.8670959472656, -182.4011688232422, 0.0, 0.0, 0.0, -86.98870849609375, 8.232998880008608
4586, 351.8751525878906, -182.55368041992188, 0.0, 0.02500000037252903, 0.0, -86.98978424072266, 8.183179675258925
4587, 351.88385009765625, -182.71926879882812, 0.0, 0.07500000298023224, 0.0, -86.99102783203125, 8.129845537190942
4588, 351.892333984375, -182.87942504882812, 0.0, 0.125, 0.0, -86.99234771728516, 8.08019228058611
4589, 351.90008544921875, -183.0260772705078, 0.0, 0.17500001192092896, 0.0, -86.99352264404297, 8.037756569432052
4590, 351.9075012207031, -183.16693115234375, 0.0, 0.17500001192092896, 0.0, -86.99469757080078, 8.037756569432052
4591, 351.91607666015625, -183.3301544189453, 0.0, 0.20000001788139343, 0.0, -86.99604034423828, 7.9613575926361175
4592, 351.92352294921875, -183.47116088867188, 0.0, 0.30000004172325134, 0.0, -86.99711608886719, 7.931713925648606
4593, 351.9313659667969, -183.62062072753906, 0.0, 0.3500000536441803, 0.0, -86.99822998046875, 7.9052149148354784
4594, 351.9393310546875, -183.77212524414062, 0.0, 0.40000006556510925, 0.0, -86.999267578125, 7.8840341186945615
4595, 351.94769287109375, -183.93017578125, 0.0, 0.4500000774860382, 0.0, -87.00023651123047, 7.868760241454889
4596, 351.9552001953125, -184.07240295410156, 0.0019098592456430197, 0.4750000834465027, 0.0, -87.00027465820312, 7.860112515341074
4597, 351.96295166015625, -184.2184295654297, 0.005729577504098415, 0.5250000357627869, 0.0, -86.9976806640625, 7.856332102213075
4598, 351.97125244140625, -184.3710174560547, 0.009549296461045742, 0.574999988079071, 0.0, -86.99039459228516, 7.8581477505300406
4599, 351.9790954589844, -184.5126190185547, 0.013369014486670494, 0.5250000357627869, 0.0, -86.97827911376953, 7.864423805356894
4600, 351.98748779296875, -184.65966796875, 0.01718873344361782, 0.4750000536441803, 0.0, -86.95890808105469, 7.872526963954539
4601, 351.9967956542969, -184.81982421875, 0.019098592922091484, 0.4500000476837158, 0.0, -86.93053436279297, 7.881119587727846
4602, 352.00518798828125, -184.9603271484375, 0.019735213369131088, 0.3750000298023224, 0.0, -86.899169921875, 7.887448249897413
4603, 352.0142822265625, -185.109375, 0.01846197433769703, 0.32500001788139343, 0.0, -86.86114501953125, 7.891001003913589
4604, 352.0244445800781, -185.27438354492188, 0.01718873716890812, 0.2750000059604645, 0.0, -86.81539916992188, 7.889709719287489
4605, 352.03387451171875, -185.4255828857422, 0.01591549813747406, 0.22499999403953552, 0.0, -86.77104949951172, 7.883871467842042
4606, 352.04351806640625, -185.5792999267578, 0.014642258174717426, 0.17499998211860657, 0.0, -86.72502899169922, 7.872604728507668
4607, 352.05224609375, -185.71847534179688, 0.014005637727677822, 0.1499999761581421, 0.0, -86.68299865722656, 7.857621352374794
4608, 352.06207275390625, -185.8725128173828, 0.012732397764921188, 0.09999997913837433, 0.0, -86.63687896728516, 7.836277232718262
4609, 352.0709228515625, -186.01182556152344, 0.01145915687084198, 0.04999998211860657, 0.0, -86.59608459472656, 7.812125013344319
4610, 352.0799560546875, -186.15272521972656, 0.01082253735512495, 0.024999981746077538, 0.0, -86.5560302734375, 7.783038161056623
4611, 352.0896911621094, -186.30409240722656, 0.009549297392368317, 0.0, 0.0, -86.51473999023438, 7.746721048916699
4612, 352.099609375, -186.45828247070312, 0.008276056498289108, 0.0, 0.0, -86.4747314453125, 7.705185418478413
4613, 352.1085205078125, -186.59573364257812, 0.007002817466855049, 0.0, 0.0, -86.44149017333984, 7.665633910941361
4614, 352.1179504394531, -186.74179077148438, 0.005729577969759703, 0.0, 0.0, -86.40892791748047, 7.621537363369768
4615, 352.1272277832031, -186.88487243652344, 0.005092958454042673, 0.0, 0.0, -86.37969970703125, 7.576754334165342
4616, 352.1359558105469, -187.02005004882812, 0.0038197189569473267, 0.0, 0.0, -86.354736328125, 7.533367473568346
4617, 352.14508056640625, -187.160400390625, 0.0025464792270213366, 0.0, 0.0, -86.33171844482422, 7.4874915947072225
4618, 352.1544494628906, -187.30540466308594, 0.0019098594784736633, 0.0, 0.0, -86.31099700927734, 7.4394417933631845
4619, 352.162841796875, -187.43499755859375, 0.0, 0.0, 0.0, -86.29547119140625, 7.396133317018189
4620, 352.1715087890625, -187.56898498535156, 0.0, 0.0, 0.0, -86.28203582763672, 7.351154867673546
4621, 352.1805725097656, -187.70948791503906, 0.0, 0.0, 0.0, -86.27007293701172, 7.303874233430317
4622, 352.1902160644531, -187.85769653320312, 0.0, 0.02500000037252903, 0.0, -86.26166534423828, 7.254452182124755
4623, 352.1990051269531, -187.9934539794922, 0.0, 0.07500000298023224, 0.0, -86.25540161132812, 7.210012621896449
4624, 352.2079162597656, -188.130126953125, 0.0, 0.125, 0.0, -86.25091552734375, 7.167451924628622
4625, 352.2169494628906, -188.26849365234375, 0.0, 0.17500001192092896, 0.0, -86.24736785888672, 7.125911558512267
4626, 352.22625732421875, -188.4108123779297, 0.0, 0.2250000238418579, 0.0, -86.24259185791016, 7.08955475688201
4627, 352.2342529296875, -188.53335571289062, 0.0, 0.2500000298023224, 0.0, -86.23985290527344, 7.063314213636431
4628, 352.2435607910156, -188.67544555664062, 0.0, 0.30000004172325134, 0.0, -86.23839569091797, 7.037570354344011
4629, 352.2515869140625, -188.79820251464844, 0.0, 0.3500000536441803, 0.0, -86.23726654052734, 7.01945598366539
4630, 352.2599182128906, -188.92544555664062, 0.0, 0.3750000596046448, 0.0, -86.2367172241211, 7.004621149248064
4631, 352.26873779296875, -189.06015014648438, -0.0038197184912860394, 0.42500007152557373, 0.0, -86.23848724365234, 6.991118647444557
4632, 352.27764892578125, -189.19825744628906, -0.007639436982572079, 0.4750000834465027, 0.0, -86.2441635131836, 6.976848925645719
4633, 352.2855529785156, -189.32305908203125, -0.01145915500819683, 0.5250000357627869, 0.0, -86.25211334228516, 6.966342202608444
4634, 352.2938232421875, -189.4564208984375, -0.013369014486670494, 0.550000011920929, 0.0, -86.26663970947266, 6.961558322298485
4635, 352.3020324707031, -189.59091186523438, -0.01718873344361782, 0.5999999642372131, 0.0, -86.287109375, 6.9579663250166774
4636, 352.3099060058594, -189.7247772216797, -0.021008450537919998, 0.6499999165534973, 0.0, -86.31426239013672, 6.958911384098678
4637, 352.3174133300781, -189.85504150390625, -0.02164507284760475, 0.574999988079071, 0.0, -86.3465805053711, 6.9665532553158185
4638, 352.32489013671875, -189.9871368408203, -0.020371833816170692, 0.5250000357627869, 0.0, -86.3843994140625, 6.979132834363297
4639, 352.33172607421875, -190.1107635498047, -0.019735215231776237, 0.5000000596046448, 0.0, -86.42235565185547, 6.994061989224225
4640, 352.3388977050781, -190.24278259277344, -0.01846197620034218, 0.4500000476837158, 0.0, -86.46607208251953, 7.013064158940601
4641, 352.34613037109375, -190.37591552734375, -0.01718873903155327, 0.40000003576278687, 0.0, -86.51129150390625, 7.026612684587817
4642, 352.35357666015625, -190.51548767089844, -0.01591550000011921, 0.3500000238418579, 0.0, -86.55960083007812, 7.034339425278638
4643, 352.3602294921875, -190.63966369628906, -0.015278879553079605, 0.32500001788139343, 0.0, -86.60137176513672, 7.0391590725429065
4644, 352.3670349121094, -190.76806640625, -0.014005639590322971, 0.2750000059604645, 0.0, -86.64469146728516, 7.047122070534559
4645, 352.37420654296875, -190.9039764404297, -0.012732399627566338, 0.22499999403953552, 0.0, -86.69007110595703, 7.048852636878085
4646, 352.3816223144531, -191.0441436767578, -0.011459159664809704, 0.17499998211860657, 0.0, -86.73526000976562, 7.0407759872375495
4647, 352.388427734375, -191.17437744140625, -0.0108225392177701, 0.1499999761581421, 0.0, -86.77484130859375, 7.029208199321456
4648, 352.3957824707031, -191.31497192382812, -0.009549299255013466, 0.19999998807907104, 0.0, -86.81423950195312, 7.025610606972725
4649, 352.403076171875, -191.455322265625, -0.008276058360934258, 0.25, 0.0, -86.85330963134766, 7.0228434401378665
4650, 352.4097595214844, -191.58448791503906, -0.007002819329500198, 0.30000001192092896, 0.0, -86.88631439208984, 7.0175168706375946
4651, 352.41632080078125, -191.71095275878906, -0.006366199813783169, 0.32500001788139343, 0.0, -86.91649627685547, 7.010914739420598
4652, 352.4236755371094, -191.85308837890625, -0.005092960316687822, 0.3750000298023224, 0.0, -86.94593048095703, 7.004085371629626
4653, 352.4300842285156, -191.97679138183594, -0.003819720819592476, 0.42500004172325134, 0.0, -86.96912384033203, 7.000619192357999
4654, 352.43658447265625, -192.1028289794922, -0.002546481089666486, 0.4750000536441803, 0.0, -86.9897689819336, 6.998475151085514
4655, 352.44366455078125, -192.23980712890625, -0.0012732415925711393, 0.5250000357627869, 0.0, -87.00814819335938, 6.99591644413596
4656, 352.4510192871094, -192.38047790527344, 0.0, 0.550000011920929, 0.0, -87.0270004272461, 7.000902152591957
4657, 352.45751953125, -192.50643920898438, 0.0, 0.550000011920929, 0.0, -87.03964233398438, 7.014599397698979
4658, 352.46478271484375, -192.6468505859375, 0.0, 0.6499999165534973, 0.0, -87.05008697509766, 7.03453293211649
4659, 352.47216796875, -192.78871154785156, 0.0, 0.6499999165534973, 0.0, -87.0592041015625, 7.060633050654201
4660, 352.4796142578125, -192.9328155517578, 0.0, 0.5999999642372131, 0.0, -87.0662841796875, 7.089099169797411
4661, 352.48638916015625, -193.06423950195312, 0.0, 0.5250000357627869, 0.0, -87.07131958007812, 7.114393946336911
4662, 352.4931640625, -193.19471740722656, 0.0, 0.5000000596046448, 0.0, -87.07528686523438, 7.137067031509954
4663, 352.5007019042969, -193.3417510986328, 0.0, 0.4500000476837158, 0.0, -87.07888793945312, 7.1590019205248
4664, 352.50836181640625, -193.49078369140625, 0.0, 0.40000003576278687, 0.0, -87.08167266845703, 7.176631689903643
4665, 352.51513671875, -193.62368774414062, 0.0, 0.3500000238418579, 0.0, -87.08356475830078, 7.188146419408781
4666, 352.52215576171875, -193.76022338867188, 0.0, 0.30000001192092896, 0.0, -87.0850830078125, 7.19500295145364
4667, 352.5294189453125, -193.90284729003906, 0.0, 0.2750000059604645, 0.0, -87.08631134033203, 7.19663333794041
4668, 352.5363464355469, -194.03903198242188, 0.0, 0.22499999403953552, 0.0, -87.08710479736328, 7.193179011092887
4669, 352.54345703125, -194.1785888671875, 0.0, 0.17499998211860657, 0.0, -87.08756256103516, 7.184262540669352
4670, 352.5505065917969, -194.3166046142578, 0.0, 0.12499997764825821, 0.0, -87.08756256103516, 7.169446691055732
4671, 352.5578918457031, -194.4626007080078, -0.0038197184912860394, 0.07499998062849045, 0.0, -87.09093475341797, 7.147353735567503
4672, 352.5644836425781, -194.5946502685547, -0.007639436982572079, 0.024999981746077538, 0.0, -87.09709167480469, 7.1229716261890275
4673, 352.57122802734375, -194.7330780029297, -0.009549296461045742, -1.8253922817734747e-08, 0.0, -87.10839080810547, 7.0912387343801475
4674, 352.57763671875, -194.86798095703125, -0.013369014486670494, 0.02500000037252903, 0.0, -87.12419891357422, 7.054323334025189
4675, 352.58428955078125, -195.0130157470703, -0.01718873344361782, 0.07500000298023224, 0.0, -87.14474487304688, 7.015300930018044
4676, 352.5898742675781, -195.13943481445312, -0.021008450537919998, 0.125, 0.0, -87.1706771850586, 6.982098694142463
4677, 352.5955505371094, -195.27296447753906, -0.02291831001639366, 0.15000000596046448, 0.0, -87.20465087890625, 6.947830111981262
4678, 352.6010437011719, -195.4071044921875, -0.02164507284760475, 0.20000001788139343, 0.0, -87.24502563476562, 6.912683229690627
4679, 352.6067199707031, -195.54786682128906, -0.019735215231776237, 0.27500003576278687, 0.0, -87.2945556640625, 6.882837449160752
4680, 352.6116027832031, -195.67225646972656, -0.01846197620034218, 0.2250000238418579, 0.0, -87.33968353271484, 6.861800157593195
4681, 352.6166687011719, -195.80247497558594, -0.017825357615947723, 0.20000001788139343, 0.0, -87.38870239257812, 6.838281245137079
4682, 352.6218566894531, -195.93704223632812, -0.016552118584513664, 0.15000000596046448, 0.0, -87.4395751953125, 6.808805417976016
4683, 352.6271667480469, -196.0778350830078, -0.015278879553079605, 0.10000000149011612, 0.0, -87.4888687133789, 6.782618999033447
4684, 352.63189697265625, -196.203857421875, -0.014005639590322971, 0.05000000447034836, 0.0, -87.53277587890625, 6.759645031679958
4685, 352.63665771484375, -196.33079528808594, -0.012732399627566338, 4.0978194171259474e-09, 0.0, -87.57603454589844, 6.729523811046489
4686, 352.6416015625, -196.4640655517578, -0.012095779180526733, -0.02499999664723873, 0.0, -87.62040710449219, 6.690486343791549
4687, 352.6466369628906, -196.6005096435547, -0.0108225392177701, 0.0, 0.0, -87.66796875, 6.65225709644955
4688, 352.6515197753906, -196.73361206054688, -0.009549299255013466, 0.0, 0.0, -87.70842742919922, 6.615234297008919
4689, 352.6560974121094, -196.8590850830078, -0.007639438845217228, 0.0, 0.0, -87.74317169189453, 6.577594882720202
4690, 352.6604919433594, -196.9799041748047, -0.007002819329500198, 0.0, 0.0, -87.77437591552734, 6.5385051608225
4691, 352.66546630859375, -197.11582946777344, -0.005729580298066139, 0.0, 0.0, -87.81118774414062, 6.494308179095262
4692, 352.669921875, -197.23744201660156, -0.004456340800970793, 0.0, 0.0, -87.8406982421875, 6.454868131774083
4693, 352.67449951171875, -197.36268615722656, -0.0031831010710448027, 0.0, 0.0, -87.8672866821289, 6.409482405452409
4694, 352.6789245605469, -197.48350524902344, -0.0019098614575341344, 0.0, 0.0, -87.88865661621094, 6.3626839401437305
4695, 352.68377685546875, -197.61697387695312, 0.0, 0.02500000037252903, 0.0, -87.90524291992188, 6.319265143779935
4696, 352.68841552734375, -197.74371337890625, 0.0, 0.05000000074505806, 0.0, -87.92181396484375, 6.281295266105044
4697, 352.69268798828125, -197.85890197753906, 0.0, 0.10000000149011612, 0.0, -87.9345703125, 6.246786504265631
4698, 352.697021484375, -197.97634887695312, 0.0, 0.15000000596046448, 0.0, -87.94522094726562, 6.209411959917901
4699, 352.70147705078125, -198.09754943847656, 0.0, 0.20000001788139343, 0.0, -87.95397186279297, 6.167529193372736
4700, 352.7059326171875, -198.2191925048828, 0.0, 0.2250000238418579, 0.0, -87.96114349365234, 6.126324832653071
4701, 352.7099609375, -198.3309326171875, 0.0, 0.27500003576278687, 0.0, -87.96603393554688, 6.09466487677934
4702, 352.7140808105469, -198.44528198242188, 0.0, 0.3500000536441803, 0.0, -87.97075653076172, 6.068201660446773
4703, 352.71826171875, -198.5618896484375, 0.0, 0.40000006556510925, 0.0, -87.9749755859375, 6.04294654532962
4704, 352.72271728515625, -198.68606567382812, 0.0, 0.4500000774860382, 0.0, -87.97508239746094, 6.042229210772283
4705, 352.7267761230469, -198.7997589111328, 0.0, 0.4750000834465027, 0.0, -87.97509765625, 6.052405684347932
4706, 352.7309265136719, -198.91598510742188, 0.0, 0.5250000357627869, 0.0, -87.97541046142578, 6.045144590682134
4707, 352.73553466796875, -199.04397583007812, 0.0, 0.574999988079071, 0.0, -87.98064422607422, 6.0562064117241645
4708, 352.7400817871094, -199.17166137695312, 0.0, 0.6249999403953552, 0.0, -87.98029327392578, 6.090418918975608
4709, 352.7439880371094, -199.28126525878906, 0.0, 0.6749998927116394, 0.0, -87.980224609375, 6.122270991459591
4710, 352.74810791015625, -199.39859008789062, 0.0, 0.7249998450279236, 0.0, -87.97881317138672, 6.14689994264065
4711, 352.7523498535156, -199.51914978027344, 0.0, 0.7499998211860657, 0.0, -87.97775268554688, 6.155190655348781
4712, 352.7567443847656, -199.6441192626953, 0.0, 0.7999997735023499, 0.0, -87.98023223876953, 6.192712948503534
4713, 352.7608947753906, -199.7611846923828, 0.0, 0.849999725818634, 0.0, -87.9806137084961, 6.252145014852008
4714, 352.7650451660156, -199.87872314453125, 0.0, 0.8999996781349182, 0.0, -87.98076629638672, 6.308378908583655
4715, 352.7693176269531, -200.0010528564453, 0.0, 0.9499996304512024, 0.0, -87.98120880126953, 6.3620590632744545
4716, 352.7740173339844, -200.13507080078125, 0.0, 0.8999996781349182, 0.0, -87.97893524169922, 6.427159837500626
4717, 352.7781982421875, -200.25372314453125, 0.0, 0.8749997019767761, 0.0, -87.97787475585938, 6.493491844329478
4718, 352.78277587890625, -200.3841094970703, 0.0, 0.8249997496604919, 0.0, -87.97628021240234, 6.562406554321403
4719, 352.7874450683594, -200.5165557861328, 0.0, 0.7749997973442078, 0.0, -87.97537994384766, 6.628858936124701
4720, 352.7923889160156, -200.6551055908203, 0.0, 0.7249998450279236, 0.0, -87.97382354736328, 6.694316066809036
4721, 352.79736328125, -200.79696655273438, 0.0, 0.6499999165534973, 0.0, -87.9722900390625, 6.754780726412011
4722, 352.8016662597656, -200.9183807373047, 0.0, 0.5999999642372131, 0.0, -87.97098541259766, 6.800968829345526
4723, 352.8061218261719, -201.0456085205078, 0.0, 0.574999988079071, 0.0, -87.96963500976562, 6.843670099261681
4724, 352.8108825683594, -201.1803436279297, 0.0, 0.5250000357627869, 0.0, -87.96826934814453, 6.883013350617448
4725, 352.81591796875, -201.32200622558594, 0.0, 0.4750000536441803, 0.0, -87.96688079833984, 6.917173405796638
4726, 352.82037353515625, -201.4484100341797, -0.0019098592456430197, 0.42500004172325134, 0.0, -87.96654510498047, 6.942202434115649
4727, 352.82489013671875, -201.57814025878906, -0.0038197184912860394, 0.40000003576278687, 0.0, -87.9679183959961, 6.962236753083971
4728, 352.8294982910156, -201.71383666992188, -0.007639436982572079, 0.3500000238418579, 0.0, -87.9729232788086, 6.977518404552738
4729, 352.8337707519531, -201.84423828125, -0.01145915500819683, 0.3500000238418579, 0.0, -87.98249816894531, 6.986848013657733
4730, 352.8381042480469, -201.98390197753906, -0.015278873965144157, 0.40000003576278687, 0.0, -87.99916076660156, 6.993247515667245
4731, 352.8420715332031, -202.11595153808594, -0.01718873344361782, 0.42500004172325134, 0.0, -88.02096557617188, 6.99790350344338
4732, 352.845703125, -202.24478149414062, -0.021008450537919998, 0.4750000536441803, 0.0, -88.04856872558594, 7.001381456366937
4733, 352.84918212890625, -202.3776092529297, -0.026738028973340988, 0.550000011920929, 0.0, -88.08500671386719, 7.004028441865276
4734, 352.8524475097656, -202.51210021972656, -0.025464791804552078, 0.5999999642372131, 0.0, -88.12889862060547, 7.006056951579689
4735, 352.85565185546875, -202.65182495117188, -0.024828171357512474, 0.6249999403953552, 0.0, -88.18001556396484, 7.007564091774399
4736, 352.85858154296875, -202.7826385498047, -0.023554934188723564, 0.6749998927116394, 0.0, -88.23269653320312, 7.011214144948699
4737, 352.86151123046875, -202.91908264160156, -0.022281695157289505, 0.7249998450279236, 0.0, -88.28942108154297, 7.022688243825159
4738, 352.86419677734375, -203.04994201660156, -0.021008457988500595, 0.7749997973442078, 0.0, -88.34565734863281, 7.039265547886665
4739, 352.8671875, -203.1965789794922, -0.019735218957066536, 0.8249997496604919, 0.0, -88.40982055664062, 7.086576625762058
4740, 352.86962890625, -203.32305908203125, -0.01909860037267208, 0.849999725818634, 0.0, -88.46316528320312, 7.139923404482087
4741, 352.87225341796875, -203.45968627929688, -0.017825361341238022, 0.8999996781349182, 0.0, -88.51988220214844, 7.197538984129175
4742, 352.87493896484375, -203.6042022705078, -0.016552122309803963, 0.9499996304512024, 0.0, -88.57835388183594, 7.2596726397932425
4743, 352.877685546875, -203.75254821777344, -0.015278883278369904, 0.9999995827674866, 0.0, -88.63616943359375, 7.326412786481305
4744, 352.88006591796875, -203.88792419433594, -0.015278883278369904, 0.9999995827674866, 0.0, -88.68698120117188, 7.3893955454017055
4745, 352.88250732421875, -204.0285186767578, -0.01336902379989624, 1.0, 0.0, -88.7374496459961, 7.45631959661613
4746, 352.88494873046875, -204.17605590820312, -0.012095782905817032, 1.0, 0.0, -88.78763580322266, 7.527616563985656
4747, 352.8876037597656, -204.3362579345703, -0.010822542943060398, 0.9750000238418579, 0.0, -88.83908081054688, 7.6056220150499705
4748, 352.88983154296875, -204.47206115722656, -0.009549302980303764, 0.9000000953674316, 0.0, -88.879638671875, 7.670948003692406
4749, 352.8922119140625, -204.6190948486328, -0.008276062086224556, 0.8750001192092896, 0.0, -88.92040252685547, 7.739370294500694
4750, 352.89471435546875, -204.7742462158203, -0.007002823054790497, 0.8250001668930054, 0.0, -88.95980834960938, 7.808530421038764
4751, 352.8973388671875, -204.93893432617188, -0.005729584023356438, 0.7750002145767212, 0.0, -88.99786376953125, 7.877342925151764
4752, 352.8996887207031, -205.08692932128906, -0.004456344526261091, 0.725000262260437, 0.0, -89.02825164794922, 7.935050514442306
4753, 352.9020690917969, -205.24066162109375, -0.003183104796335101, 0.6750003099441528, 0.0, -89.05614471435547, 7.990142264239995
4754, 352.9045104980469, -205.39683532714844, -0.002546485047787428, 0.6500003337860107, 0.0, -89.08094024658203, 8.040821346609121
4755, 352.9071044921875, -205.56163024902344, -0.0012732454342767596, 0.6000003814697266, 0.0, -89.1035385131836, 8.0883420843647
4756, 352.90948486328125, -205.71192932128906, 0.0, 0.5500004291534424, 0.0, -89.1204833984375, 8.126729913155847
4757, 352.9119567871094, -205.86895751953125, 0.0, 0.5000004768371582, 0.0, -89.1350326538086, 8.161137877284267
4758, 352.9144592285156, -206.02989196777344, 0.0, 0.45000046491622925, 0.0, -89.14722442626953, 8.190069194473573
4759, 352.9167785644531, -206.18231201171875, 0.0, 0.42500045895576477, 0.0, -89.15674591064453, 8.21149260544353
4760, 352.9191589355469, -206.33665466308594, 0.0, 0.3750004470348358, 0.0, -89.16471099853516, 8.227718708847496
4761, 352.92156982421875, -206.493408203125, 0.0, 0.32500043511390686, 0.0, -89.17137908935547, 8.238259968199202
4762, 352.9241027832031, -206.6591796875, 0.0, 0.2750004231929779, 0.0, -89.17731475830078, 8.24216153031795
4763, 352.9266052246094, -206.82948303222656, 0.0, 0.22500041127204895, 0.0, -89.1823501586914, 8.238928818432274
4764, 352.92889404296875, -206.9842071533203, 0.0, 0.17500039935112, 0.0, -89.18609619140625, 8.230069793200329
4765, 352.9312744140625, -207.1453399658203, 0.0, 0.12500038743019104, 0.0, -89.18941497802734, 8.214447599629613
4766, 352.93365478515625, -207.3094482421875, 0.0, 0.07500039041042328, 0.0, -89.19234466552734, 8.191335947829222
4767, 352.9361572265625, -207.4789581298828, 0.0, 0.02500039152801037, 0.0, -89.19503784179688, 8.160575505149483
4768, 352.9382629394531, -207.62466430664062, 0.0, -0.02499960921704769, 0.0, -89.19711303710938, 8.129206337627187
4769, 352.94049072265625, -207.778076171875, 0.0, 0.0, 0.0, -89.1990966796875, 8.091675086731778
4770, 352.9428405761719, -207.94119262695312, 0.0, 0.0, 0.0, -89.20108032226562, 8.047499161452071
4771, 352.9452209472656, -208.104736328125, 0.0, 0.0, 0.0, -89.2030029296875, 8.000157711140712
4772, 352.94732666015625, -208.2525177001953, 0.0, 0.0, 0.0, -89.20468139648438, 7.955467197960594
4773, 352.9494934082031, -208.40081787109375, 0.0, 0.0, 0.0, -89.20630645751953, 7.909147475424228
4774, 352.95166015625, -208.5565643310547, 0.0, 0.0, 0.0, -89.20795440673828, 7.859302716934927
4775, 352.9538879394531, -208.71240234375, 0.0, 0.0, 0.0, -89.2096176147461, 7.808491099487136
4776, 352.9558410644531, -208.85235595703125, 0.0, 0.0, 0.0, -89.2110595703125, 7.762246722636814
4777, 352.9578857421875, -208.9983367919922, 0.0, 0.0, 0.0, -89.21258544921875, 7.713566928331135
4778, 352.9598693847656, -209.14190673828125, 0.0, 0.0, 0.0, -89.21407318115234, 7.665333693546948
4779, 352.9618225097656, -209.28244018554688, 0.0, 0.0, 0.0, -89.21549224853516, 7.617864138905254
4780, 352.96380615234375, -209.4222869873047, 0.0, 0.0, 0.0, -89.21693420410156, 7.57043428477666
4781, 352.9658508300781, -209.57179260253906, 0.0, 0.0, 0.0, -89.21849060058594, 7.519565525431955
4782, 352.9676513671875, -209.70501708984375, 0.0, 0.0, 0.0, -89.21984100341797, 7.4741260031676395
4783, 352.9695739746094, -209.8436279296875, 0.0, 0.0, 0.0, -89.2212142944336, 7.426785592137146
4784, 352.9715270996094, -209.98695373535156, 0.0, 0.0, 0.0, -89.22267150878906, 7.377789421224103
4785, 352.97332763671875, -210.12088012695312, 0.0, 0.0, 0.0, -89.22403717041016, 7.331987171975975
4786, 352.9753112792969, -210.26202392578125, 0.0, 0.0, 0.0, -89.22542572021484, 7.283818556521627
4787, 352.9771728515625, -210.40118408203125, 0.0, 0.0, 0.0, -89.2268295288086, 7.236643864493173
4788, 352.9790954589844, -210.53955078125, 0.0, 0.0, 0.0, -89.22821044921875, 7.1907472902968275
4789, 352.98089599609375, -210.67042541503906, 0.0, 0.0, 0.0, -89.22948455810547, 7.1486597501771865
4790, 352.98260498046875, -210.8001708984375, 0.0, 0.0, 0.0, -89.23074340820312, 7.106853251688146
4791, 352.9845275878906, -210.94288635253906, 0.0, 0.0, 0.0, -89.23211669921875, 7.0543404598510175
4792, 352.9861755371094, -211.06642150878906, 0.0, 0.0, 0.0, -89.2332992553711, 7.010871592778784
4793, 352.9878845214844, -211.19419860839844, 0.0, 0.0, 0.0, -89.23452758789062, 6.966708400349049
4794, 352.98980712890625, -211.33590698242188, 0.0, 0.0, 0.0, -89.23590087890625, 6.922453060735502
4795, 352.99163818359375, -211.47265625, 0.0, 0.0, 0.0, -89.2372055053711, 6.876628836816707
4796, 352.9933776855469, -211.60400390625, 0.0, 0.0, 0.0, -89.23843383789062, 6.833910309359494
4797, 352.9951477050781, -211.73106384277344, 0.0, 0.0, 0.0, -89.23961639404297, 6.78941557459484
4798, 352.9968566894531, -211.8597869873047, 0.0, 0.0, 0.0, -89.2408676147461, 6.74406721542264
4799, 352.9985046386719, -211.98204040527344, 0.0, 0.0, 0.0, -89.24209594726562, 6.699926877573279
4800, 353.00018310546875, -212.10720825195312, 0.0, 0.0, 0.0, -89.24333190917969, 6.656329167872551
4801, 353.00189208984375, -212.2377166748047, 0.0, 0.0, 0.0, -89.24463653564453, 6.610018936489507
4802, 353.00341796875, -212.3526153564453, 0.0, 0.05000000074505806, 0.0, -89.24579620361328, 6.56729978713015
4803, 353.0050964355469, -212.47560119628906, 0.0, 0.10000000149011612, 0.0, -89.24702453613281, 6.528162788052329
4804, 353.0067443847656, -212.6003875732422, 0.0, 0.125, 0.0, -89.24823760986328, 6.487901363051596
4805, 353.00830078125, -212.72064208984375, 0.0, 0.17500001192092896, 0.0, -89.24942779541016, 6.449666289232252
4806, 353.0099792480469, -212.84625244140625, 0.0, 0.2500000298023224, 0.0, -89.2506103515625, 6.4140139408129295
4807, 353.0115661621094, -212.96624755859375, 0.0, 0.30000004172325134, 0.0, -89.25170135498047, 6.380892982319866
4808, 353.01312255859375, -213.08755493164062, 0.0, 0.3500000536441803, 0.0, -89.25279998779297, 6.353769249571476
4809, 353.0148620605469, -213.22129821777344, 0.0, 0.40000006556510925, 0.0, -89.25391387939453, 6.3338966079162695
4810, 353.0163879394531, -213.33566284179688, 0.0, 0.42500007152557373, 0.0, -89.25464630126953, 6.331376960120789
4811, 353.0179748535156, -213.45379638671875, 0.0, 0.4750000834465027, 0.0, -89.25523376464844, 6.321108755990071
4812, 353.0194396972656, -213.56654357910156, 0.0, 0.5250000357627869, 0.0, -89.25579833984375, 6.3123343878066684
4813, 353.02099609375, -213.6855010986328, 0.0, 0.550000011920929, 0.0, -89.25630950927734, 6.305551028443631
4814, 353.0225830078125, -213.8060760498047, 0.0, 0.5999999642372131, 0.0, -89.2567138671875, 6.2999685757871715
4815, 353.0240478515625, -213.92242431640625, 0.0, 0.5999999642372131, 0.0, -89.257080078125, 6.301909483890031
4816, 353.0256042480469, -214.04278564453125, 0.0, 0.550000011920929, 0.0, -89.25732421875, 6.307864806174975
4817, 353.0271911621094, -214.16033935546875, 0.0, 0.5250000357627869, 0.0, -89.25748443603516, 6.31658281843873
4818, 353.02880859375, -214.28811645507812, 0.0, 0.4750000536441803, 0.0, -89.25750732421875, 6.362338957269622
4819, 353.03045654296875, -214.41671752929688, 0.0, 0.42500004172325134, 0.0, -89.25728607177734, 6.4113923981839
4820, 353.0320129394531, -214.53570556640625, 0.0, 0.3750000298023224, 0.0, -89.25689697265625, 6.44761810900846
4821, 353.0335998535156, -214.6562042236328, 0.0, 0.3500000238418579, 0.0, -89.25640106201172, 6.473779076063592
4822, 353.03533935546875, -214.78781127929688, 0.0, 0.30000001192092896, 0.0, -89.25589752197266, 6.492954034689533
4823, 353.0368347167969, -214.9020233154297, 0.0, 0.22499999403953552, 0.0, -89.25550079345703, 6.502176650579661
4824, 353.03839111328125, -215.02110290527344, 0.0, 0.17499998211860657, 0.0, -89.25509643554688, 6.503713512117233
4825, 353.0401611328125, -215.1529083251953, 0.0, 0.12499997764825821, 0.0, -89.25476837158203, 6.492761502350005
4826, 353.0417785644531, -215.27899169921875, 0.0, 0.09999997913837433, 0.0, -89.2546157836914, 6.477106501237438
4827, 353.0433654785156, -215.40133666992188, 0.0, 0.04999998211860657, 0.0, -89.2545166015625, 6.45041074339437
4828, 353.044921875, -215.5193634033203, 0.0, -1.8253922817734747e-08, 0.0, -89.2546157836914, 6.41958562385958
4829, 353.04656982421875, -215.64794921875, 0.0, 0.0, 0.0, -89.25481414794922, 6.396064281054708
4830, 353.04803466796875, -215.76202392578125, 0.0, 0.0, 0.0, -89.25513458251953, 6.369776908604343
4831, 353.0495300292969, -215.8770294189453, 0.0, 0.02500000037252903, 0.0, -89.25552368164062, 6.337686795172379
4832, 353.0511779785156, -216.00613403320312, 0.0, 0.07500000298023224, 0.0, -89.25611114501953, 6.294841443131718
4833, 353.0526428222656, -216.12083435058594, 0.0, 0.10000000149011612, 0.0, -89.25665283203125, 6.261750541831368
4834, 353.05419921875, -216.2390899658203, 0.0, 0.15000000596046448, 0.0, -89.2572250366211, 6.223589420796591
4835, 353.0558166503906, -216.35946655273438, 0.0, 0.17500001192092896, 0.0, -89.25794219970703, 6.183148759314868
4836, 353.0574645996094, -216.4864959716797, 0.0, 0.2500000298023224, 0.0, -89.25872802734375, 6.16474771583407
4837, 353.0588684082031, -216.59622192382812, 0.0, 0.30000004172325134, 0.0, -89.25933074951172, 6.1499771040107305
4838, 353.0603332519531, -216.71343994140625, 0.0, 0.3250000476837158, 0.0, -89.25994873046875, 6.128811594454626
4839, 353.0618591308594, -216.83245849609375, -0.0038197184912860394, 0.3750000596046448, 0.0, -89.26204681396484, 6.100427553019994
4840, 353.0632629394531, -216.95416259765625, -0.007639436982572079, 0.42500007152557373, 0.0, -89.26715850830078, 6.084647673272506
4841, 353.064453125, -217.06817626953125, -0.01145915500819683, 0.4750000834465027, 0.0, -89.2767333984375, 6.087890039116177
4842, 353.06536865234375, -217.1813201904297, -0.015278873965144157, 0.5250000357627869, 0.0, -89.29139709472656, 6.078584517743293
4843, 353.0662536621094, -217.29661560058594, -0.01718873344361782, 0.550000011920929, 0.0, -89.31182861328125, 6.065642204913885
4844, 353.06689453125, -217.40823364257812, -0.01846197247505188, 0.5000000596046448, 0.0, -89.33641815185547, 6.059280071633981
4845, 353.0675048828125, -217.523681640625, -0.01718873530626297, 0.4500000476837158, 0.0, -89.36559295654297, 6.054824464169907
4846, 353.0679931640625, -217.63897705078125, -0.016552114859223366, 0.42500004172325134, 0.0, -89.39745330810547, 6.051064118330647
4847, 353.06842041015625, -217.76290893554688, -0.015278875827789307, 0.3750000298023224, 0.0, -89.4332046508789, 6.086688373903785
4848, 353.06878662109375, -217.87905883789062, -0.014005635865032673, 0.32500001788139343, 0.0, -89.46739196777344, 6.1226573002495295
4849, 353.0691223144531, -217.9899139404297, -0.012732395902276039, 0.2750000059604645, 0.0, -89.49990844726562, 6.1365733950522845
4850, 353.0694885253906, -218.1084747314453, -0.01145915500819683, 0.22499999403953552, 0.0, -89.53411865234375, 6.1323538690467965
4851, 353.06982421875, -218.23011779785156, -0.01145915500819683, 0.22499999403953552, 0.0, -89.568115234375, 6.113142978921725
4852, 353.0701904296875, -218.3472442626953, -0.009549295529723167, 0.1499999761581421, 0.0, -89.59976959228516, 6.09101247788162
4853, 353.0704650878906, -218.45501708984375, -0.0076394351199269295, 0.07499998062849045, 0.0, -89.62738800048828, 6.073685390425493
4854, 353.07086181640625, -218.577880859375, -0.00636619608849287, 0.024999981746077538, 0.0, -89.65664672851562, 6.062614278710337
4855, 353.07122802734375, -218.70120239257812, -0.005092956591397524, 0.0, 0.0, -89.6830062866211, 6.060453279259646
4856, 353.0716247558594, -218.80917358398438, -0.004456337075680494, 0.0, 0.0, -89.70366668701172, 6.047991620657836
4857, 353.072021484375, -218.92892456054688, -0.003183097345754504, 0.0, 0.0, -89.72420501708984, 6.018768764225526
4858, 353.0724792480469, -219.0529022216797, -0.001909857615828514, 0.0, 0.0, -89.74298095703125, 5.974852844888642
4859, 353.0729675292969, -219.17385864257812, 0.0, 0.0, 0.0, -89.7579345703125, 5.950173304396915
4860, 353.07342529296875, -219.2880859375, 0.0, 0.0, 0.0, -89.76907348632812, 5.92173172735554
4861, 353.07391357421875, -219.4038848876953, 0.0, 0.0, 0.0, -89.77849578857422, 5.878337317902134
4862, 353.0744323730469, -219.52365112304688, 0.0, 0.0, 0.0, -89.78671264648438, 5.828561341559698
4863, 353.0749206542969, -219.6381072998047, 0.0, 0.0, 0.0, -89.79301452636719, 5.787755337630844
4864, 353.0754699707031, -219.75555419921875, 0.0, 0.0, 0.0, -89.7984848022461, 5.758988650841787
4865, 353.0758972167969, -219.8690643310547, 0.0, 0.0, 0.0, -89.8027572631836, 5.726720353323379
4866, 353.0763244628906, -219.97427368164062, 0.0, 0.0, 0.0, -89.80623626708984, 5.680205869388671
4867, 353.07672119140625, -220.08493041992188, 0.0, 0.05000000074505806, 0.0, -89.80944061279297, 5.6338661927559635
4868, 353.0771484375, -220.20263671875, 0.0, 0.10000000149011612, 0.0, -89.8125, 5.5862854223632805
4869, 353.0775451660156, -220.31607055664062, 0.0, 0.15000000596046448, 0.0, -89.81497192382812, 5.56665185381066
4870, 353.0778503417969, -220.42044067382812, 0.0, 0.17500001192092896, 0.0, -89.81683349609375, 5.545755345292954
4871, 353.07818603515625, -220.52731323242188, -0.0019098592456430197, 0.2500000298023224, 0.0, -89.8191909790039, 5.507672571999567
4872, 353.0785217285156, -220.64376831054688, -0.005729577504098415, 0.30000004172325134, 0.0, -89.82393646240234, 5.471774865622955
4873, 353.07867431640625, -220.75253295898438, -0.009549296461045742, 0.3500000536441803, 0.0, -89.83238983154297, 5.446699142464329
4874, 353.07861328125, -220.86810302734375, -0.010822535492479801, 0.3500000536441803, 0.0, -89.84539031982422, 5.447952729954743
4875, 353.0785217285156, -220.97454833984375, -0.009549295529723167, 0.30000004172325134, 0.0, -89.86028289794922, 5.4455535899769965
4876, 353.0783386230469, -221.07815551757812, -0.008276054635643959, 0.2500000298023224, 0.0, -89.87609100341797, 5.414624196660622
4877, 353.0782470703125, -221.1826171875, -0.0076394351199269295, 0.2250000238418579, 0.0, -89.8927001953125, 5.385672368407039
4878, 353.0780334472656, -221.29501342773438, -0.00636619608849287, 0.17500001192092896, 0.0, -89.91057586669922, 5.370409026970795
4879, 353.0779113769531, -221.3978271484375, -0.005092956591397524, 0.125, 0.0, -89.926025390625, 5.361889014793796
4880, 353.0777587890625, -221.5039825439453, -0.0038197170943021774, 0.07500000298023224, 0.0, -89.94091796875, 5.3244493303010705
4881, 353.07763671875, -221.60702514648438, -0.0025464773643761873, 0.02500000409781933, 0.0, -89.95396423339844, 5.289851773228744
4882, 353.0775451660156, -221.71495056152344, -0.001909857615828514, 4.0978194171259474e-09, 0.0, -89.96611785888672, 5.294896626996722
4883, 353.0775451660156, -221.82135009765625, 0.0, 0.0, 0.0, -89.97569274902344, 5.28448418668801
4884, 353.0774841308594, -221.93032836914062, 0.0, 0.0, 0.0, -89.98332214355469, 5.2741797817582174
4885, 353.0774841308594, -222.0297393798828, 0.0, 0.0, 0.0, -89.98880767822266, 5.252234678840536
4886, 353.07757568359375, -222.1365966796875, 0.0, 0.0, 0.0, -89.99370574951172, 5.206393293591179
4887, 353.0776062011719, -222.23944091796875, 0.0, 0.0, 0.0, -89.99748992919922, 5.162558087652661
4888, 353.07763671875, -222.34515380859375, 0.0, 0.0, 0.0, -90.0008544921875, 5.144046307431501
4889, 353.07763671875, -222.4424591064453, 0.0, 0.0, 0.0, -90.00334930419922, 5.117695331799988
4890, 353.07769775390625, -222.53839111328125, 0.0, 0.0, 0.0, -90.00555419921875, 5.06708145199881
4891, 353.0777282714844, -222.63812255859375, 0.0, 0.0, 0.0, -90.00763702392578, 5.0148859048046095
4892, 353.0777282714844, -222.74114990234375, -0.0019098592456430197, 0.0, 0.0, -90.01031494140625, 4.979098451721394
4893, 353.07763671875, -222.84043884277344, -0.005729577504098415, 0.0, 0.0, -90.01502227783203, 4.967327179005666
4894, 353.0774230957031, -222.9438018798828, -0.009549296461045742, 0.0, 0.0, -90.023681640625, 4.945519635569733
4895, 353.0770263671875, -223.03915405273438, -0.01145915500819683, 0.0, 0.0, -90.03594970703125, 4.920408364897366
4896, 353.07647705078125, -223.13641357421875, -0.015278873965144157, 0.0, 0.0, -90.05340576171875, 4.891627782547241
4897, 353.0758056640625, -223.23228454589844, -0.016552112996578217, 0.0, 0.0, -90.07532501220703, 4.861326123058338
4898, 353.0749816894531, -223.33428955078125, -0.014642253518104553, 0.02500000037252903, 0.0, -90.10171508789062, 4.8289154554105505
4899, 353.07415771484375, -223.42770385742188, -0.013369012624025345, 0.07500000298023224, 0.0, -90.1275634765625, 4.800222792248595
4900, 353.0733947753906, -223.51829528808594, -0.012732393108308315, 0.10000000149011612, 0.0, -90.15323638916016, 4.774608297405597
4901, 353.0726013183594, -223.61329650878906, -0.011459152214229107, 0.15000000596046448, 0.0, -90.18000030517578, 4.7508801227392725
4902, 353.07171630859375, -223.71316528320312, -0.010185912251472473, 0.20000001788139343, 0.0, -90.20726776123047, 4.730602121957243
4903, 353.0709228515625, -223.80029296875, -0.00891267228871584, 0.2500000298023224, 0.0, -90.2298583984375, 4.717267205319911
4904, 353.0701599121094, -223.89390563964844, -0.008276051841676235, 0.27500003576278687, 0.0, -90.25264739990234, 4.707597713137978
4905, 353.0693664550781, -223.98712158203125, -0.007002812810242176, 0.3250000476837158, 0.0, -90.27354431152344, 4.7026226452939826
4906, 353.0685119628906, -224.0850372314453, -0.00572957331314683, 0.3750000596046448, 0.0, -90.29348754882812, 4.702887246406868
4907, 353.0677185058594, -224.1776885986328, -0.0044563342817127705, 0.42500007152557373, 0.0, -90.30994415283203, 4.708274053497841
4908, 353.06707763671875, -224.2670135498047, -0.0025464745704084635, 0.5000000596046448, 0.0, -90.32328796386719, 4.718623660037515
4909, 353.06640625, -224.35699462890625, -0.0019098548218607903, 0.5250000357627869, 0.0, -90.33439636230469, 4.734364646233532
4910, 353.06573486328125, -224.45765686035156, 0.0, 0.574999988079071, 0.0, -90.34392547607422, 4.757531267439864
4911, 353.0650634765625, -224.55267333984375, 0.0, 0.6249999403953552, 0.0, -90.35025024414062, 4.784459005272876
4912, 353.06439208984375, -224.65147399902344, -0.0038197184912860394, 0.6749998927116394, 0.0, -90.35665893554688, 4.8177839301861365
4913, 353.06365966796875, -224.74337768554688, -0.007639436982572079, 0.7249998450279236, 0.0, -90.364501953125, 4.8532581083418505
4914, 353.0627746582031, -224.83889770507812, -0.01145915500819683, 0.7749997973442078, 0.0, -90.3760986328125, 4.8948172167686375
4915, 353.0616760253906, -224.93646240234375, -0.015278873965144157, 0.8249997496604919, 0.0, -90.3927001953125, 4.942014908940746
4916, 353.0603332519531, -225.0386505126953, -0.01718873344361782, 0.849999725818634, 0.0, -90.4148178100586, 4.996153841619526
4917, 353.05889892578125, -225.13327026367188, -0.021008450537919998, 0.7999997735023499, 0.0, -90.44071960449219, 5.04814168595153
4918, 353.05731201171875, -225.23077392578125, -0.022281691431999207, 0.7499998211860657, 0.0, -90.4725112915039, 5.101337913003611
4919, 353.055419921875, -225.33624267578125, -0.021008452400565147, 0.6999998688697815, 0.0, -90.51030731201172, 5.15647587738626
4920, 353.0533447265625, -225.44776916503906, -0.019735215231776237, 0.6499999165534973, 0.0, -90.55268096923828, 5.210473896908641
4921, 353.0513610839844, -225.55197143554688, -0.01846197620034218, 0.5999999642372131, 0.0, -90.59321594238281, 5.2565048527610765
4922, 353.0494384765625, -225.65243530273438, -0.01718873903155327, 0.550000011920929, 0.0, -90.63214111328125, 5.295555314439395
4923, 353.04742431640625, -225.7552032470703, -0.016552118584513664, 0.5250000357627869, 0.0, -90.6717529296875, 5.3271733633996545
4924, 353.0452575683594, -225.8636016845703, -0.014642260037362576, 0.4500000476837158, 0.0, -90.71209716796875, 5.3524816430363185
4925, 353.0431823730469, -225.97183227539062, -0.013369019143283367, 0.40000003576278687, 0.0, -90.75082397460938, 5.367013241390512
4926, 353.0410461425781, -226.08331298828125, -0.012095779180526733, 0.3500000238418579, 0.0, -90.78856658935547, 5.38536300965162
4927, 353.0390930175781, -226.18348693847656, -0.0108225392177701, 0.30000001192092896, 0.0, -90.82054901123047, 5.390273404550164
4928, 353.037109375, -226.28623962402344, -0.009549299255013466, 0.25, 0.0, -90.85157775878906, 5.365805093244317
4929, 353.0350646972656, -226.3927459716797, -0.008912678807973862, 0.22499999403953552, 0.0, -90.88195037841797, 5.333780266740433
4930, 353.0329284667969, -226.50238037109375, -0.007639438845217228, 0.17499998211860657, 0.0, -90.91118621826172, 5.317817097601663
4931, 353.0309753417969, -226.601806640625, -0.008912678807973862, 0.12499997764825821, 0.0, -90.93601989746094, 5.3120327187014285
4932, 353.02899169921875, -226.70127868652344, -0.012732397764921188, 0.07499998062849045, 0.0, -90.96155548095703, 5.281587981543013
4933, 353.0266418457031, -226.8099822998047, -0.016552114859223366, 0.024999981746077538, 0.0, -90.991943359375, 5.28433442588044
4934, 353.02398681640625, -226.9224395751953, -0.020371833816170692, 0.0, 0.0, -91.0276107788086, 5.268727065107143
4935, 353.0212097167969, -227.02947998046875, -0.022281693294644356, 0.0, 0.0, -91.0661392211914, 5.257652676375165
4936, 353.0184326171875, -227.12928771972656, -0.028011271730065346, 0.0, 0.0, -91.10802459716797, 5.236147656663688
4937, 353.015380859375, -227.22959899902344, -0.03183098882436752, 0.0, 0.0, -91.15624237060547, 5.187667883879285
4938, 353.0118713378906, -227.3373260498047, -0.03565070405602455, 0.0, 0.0, -91.21489715576172, 5.140644753987536
4939, 353.00823974609375, -227.43704223632812, -0.03947041928768158, 0.0, 0.0, -91.27745819091797, 5.098348239137513
4940, 353.0042419433594, -227.54129028320312, -0.04074365645647049, 0.0, 0.0, -91.34954833984375, 5.082004934201399
4941, 353.00030517578125, -227.63731384277344, -0.040107037872076035, 0.0, 0.0, -91.42153930664062, 5.057011738477317
4942, 352.9961242675781, -227.7364959716797, -0.038833800703287125, 0.0, 0.0, -91.49954223632812, 5.003598970615366
4943, 352.99188232421875, -227.8350372314453, -0.037560559809207916, 0.0, 0.0, -91.57882690429688, 4.951265770398589
4944, 352.9873352050781, -227.93653869628906, -0.036287322640419006, 0.0, 0.0, -91.661376953125, 4.943912983622455
4945, 352.9831237792969, -228.02908325195312, -0.035014085471630096, 0.0, 0.0, -91.73663330078125, 4.927465519278907
4946, 352.9787292480469, -228.12339782714844, -0.03437746688723564, 0.0, 0.0, -91.81298065185547, 4.904707410284428
4947, 352.97406005859375, -228.22203063964844, -0.03310422599315643, 0.0, 0.0, -91.89209747314453, 4.8768510769286
4948, 352.96917724609375, -228.3232421875, -0.03183098882436752, 0.0, 0.0, -91.97196197509766, 4.845680816101732
4949, 352.96441650390625, -228.42063903808594, -0.02992113120853901, 0.0, 0.0, -92.0469741821289, 4.814169901725516
4950, 352.9591369628906, -228.5272674560547, -0.02864789217710495, 0.0, 0.0, -92.12652587890625, 4.778623904011987
4951, 352.9543151855469, -228.62228393554688, -0.02737465500831604, 0.0, 0.0, -92.19512176513672, 4.746378220373653
4952, 352.9496765136719, -228.71353149414062, -0.02610141597688198, 0.0, 0.0, -92.2585678100586, 4.715103156941099
4953, 352.94464111328125, -228.8111114501953, -0.024828176945447922, 0.0, 0.0, -92.32410430908203, 4.681453788766219
4954, 352.93963623046875, -228.90768432617188, -0.023554939776659012, 0.0, 0.0, -92.38623809814453, 4.648016621563711
4955, 352.9348449707031, -228.99839782714844, -0.022918321192264557, 0.0, 0.02500000037252903, -92.442138671875, 4.616850437257947
4956, 352.9301452636719, -229.08702087402344, -0.021645082160830498, 0.0, 0.07500000298023224, -92.49461364746094, 4.5855401899011365
4957, 352.92535400390625, -229.17559814453125, -0.025464801117777824, 0.0, 0.125, -92.54680633544922, 4.553024522551204
4958, 352.9203186035156, -229.26516723632812, -0.02928452007472515, 0.0, 0.17500001192092896, -92.60145568847656, 4.518671156882925
4959, 352.9153747558594, -229.34939575195312, -0.03310423716902733, 0.0, 0.2250000238418579, -92.65595245361328, 4.484870434635392
4960, 352.9100036621094, -229.43760681152344, -0.03501409664750099, 0.0, 0.2500000298023224, -92.71676635742188, 4.448008389130527
4961, 352.9044189453125, -229.52622985839844, -0.03501409664750099, 0.0, 0.2500000298023224, -92.78219604492188, 4.409490363602231
4962, 352.8987731933594, -229.61094665527344, -0.04265352711081505, 0.0, 0.3500000536441803, -92.85030364990234, 4.371064750788173
4963, 352.8928527832031, -229.6966552734375, -0.046473242342472076, 0.0, 0.40000006556510925, -92.92520141601562, 4.330445124922448
4964, 352.8863220214844, -229.78672790527344, -0.050292957574129105, 0.0, 0.4500000774860382, -93.01045989990234, 4.285793382579584
4965, 352.88031005859375, -229.86544799804688, -0.054112669080495834, 0.0, 0.40000006556510925, -93.09147644042969, 4.2457761277122685
4966, 352.8738708496094, -229.9476318359375, -0.05347605049610138, 0.0, 0.3750000596046448, -93.18109130859375, 4.2039582984137605
4967, 352.8669738769531, -230.0330810546875, -0.05220281332731247, 0.0, 0.30000004172325134, -93.27742004394531, 4.161220812243562
4968, 352.85992431640625, -230.11932373046875, -0.050292957574129105, 0.0, 0.2500000298023224, -93.37659454345703, 4.119450036616271
4969, 352.8529357910156, -230.20228576660156, -0.049019716680049896, 0.0, 0.20000001788139343, -93.47232055664062, 4.080746343660154
4970, 352.8459777832031, -230.28477478027344, -0.047746479511260986, 0.0, 0.15000000596046448, -93.56715393066406, 4.043821885945438
4971, 352.83935546875, -230.36183166503906, -0.046473242342472076, 0.0, 0.10000000149011612, -93.65483856201172, 4.010797687884009
4972, 352.832763671875, -230.43804931640625, -0.04520000144839287, 0.0, 0.05000000447034836, -93.74028778076172, 3.9796773498308866
4973, 352.8258056640625, -230.51710510253906, -0.04392676427960396, 0.0, 4.0978194171259474e-09, -93.82735443115234, 3.949146607991021
4974, 352.81854248046875, -230.59962463378906, -0.04265352711081505, 0.0, 0.05000000447034836, -93.91621398925781, 3.9181874035975386
4975, 352.81195068359375, -230.67298889160156, -0.042016904801130295, 0.0, 0.07500000298023224, -93.99359893798828, 3.8905499449089467
4976, 352.8050231933594, -230.74957275390625, -0.040743667632341385, 0.0, 0.125, -94.0725326538086, 3.861041067347947
4977, 352.7978820800781, -230.82806396484375, -0.039470430463552475, 0.0, 0.17500001192092896, -94.15159606933594, 3.829616363722096
4978, 352.7907409667969, -230.90614318847656, -0.038197193294763565, 0.0, 0.2250000238418579, -94.22819519042969, 3.7968752234080454
4979, 352.78375244140625, -230.9813690185547, -0.03692395240068436, 0.0, 0.27500003576278687, -94.300048828125, 3.763755556824133
4980, 352.7763977050781, -231.0600128173828, -0.03565071523189545, 0.0, 0.3250000476837158, -94.37287902832031, 3.727290588961671
4981, 352.76971435546875, -231.13082885742188, -0.03437747806310654, 0.0, 0.3250000476837158, -94.43645477294922, 3.693173480457444
4982, 352.7629699707031, -231.2019500732422, -0.03374085575342178, 0.0, 0.30000004172325134, -94.49852752685547, 3.65837555784913
4983, 352.7558898925781, -231.2761688232422, -0.032467618584632874, 0.0, 0.2500000298023224, -94.56157684326172, 3.6224067132686755
4984, 352.7489013671875, -231.3486328125, -0.031194381415843964, 0.0, 0.20000001788139343, -94.62115478515625, 3.5882106793169397
4985, 352.7425842285156, -231.4143829345703, -0.02928452380001545, 0.0, 0.125, -94.67308807373047, 3.558496852535901
4986, 352.7355651855469, -231.48651123046875, -0.02801128476858139, 0.0, 0.07500000298023224, -94.72783660888672, 3.527764972059557
4987, 352.72906494140625, -231.55386352539062, -0.02673804759979248, 0.0, 0.02500000409781933, -94.77667236328125, 3.500709839508926
4988, 352.72210693359375, -231.62551879882812, -0.028647905215620995, 0.0, 4.0978194171259474e-09, -94.82756042480469, 3.4735172314363894
4989, 352.7149658203125, -231.69728088378906, -0.03246762230992317, 0.0, 0.0, -94.87950897216797, 3.4492898125662506
4990, 352.70758056640625, -231.76976013183594, -0.0362873375415802, 0.0, 0.0, -94.9347152709961, 3.424416390192631
4991, 352.7010192871094, -231.83245849609375, -0.04010705277323723, 0.0, 0.0, -94.98592376708984, 3.402707338282756
4992, 352.69384765625, -231.8988800048828, -0.04392676800489426, 0.0, 0.0, -95.04456329345703, 3.379568882598999
4993, 352.6865539550781, -231.96495056152344, -0.045200005173683167, 0.0, 0.0, -95.1068344116211, 3.3565379411051053
4994, 352.6787414550781, -232.03485107421875, -0.04392676800489426, 0.0, 0.0, -95.1751480102539, 3.3322422109015
4995, 352.67120361328125, -232.1011505126953, -0.0432901494204998, 0.0, 0.0, -95.24126434326172, 3.3092122919019884
4996, 352.6639099121094, -232.16542053222656, -0.04138028994202614, 0.0, 0.0, -95.3055419921875, 3.286892689864457
4997, 352.6565856933594, -232.22923278808594, -0.04010705277323723, 0.0, 0.0, -95.36865234375, 3.264736893259026
4998, 352.6490478515625, -232.2948760986328, -0.03883381560444832, 0.0, 0.0, -95.43260955810547, 3.24196803877507
4999, 352.6416320800781, -232.35902404785156, -0.03756057471036911, 0.0, 0.0, -95.49378204345703, 3.219715702270708
5000, 352.6339416503906, -232.42483520507812, -0.04138028994202614, 0.0, 0.0, -95.55679321289062, 3.196788436022052
5001, 352.62689208984375, -232.48423767089844, -0.0432901494204998, 0.0, 0.0, -95.61505126953125, 3.176066297143187
5002, 352.61932373046875, -232.54661560058594, -0.04710986465215683, 0.0, 0.0, -95.6788330078125, 3.154240272163522
5003, 352.6114501953125, -232.61009216308594, -0.05092957988381386, 0.0, 0.0, -95.74725341796875, 3.131989765925721
5004, 352.6031494140625, -232.67515563964844, -0.054749295115470886, 0.0, 0.0, -95.82196044921875, 3.109150887119978
5005, 352.59515380859375, -232.73619079589844, -0.058569010347127914, 0.0, 0.0, -95.8970718383789, 3.087675887350553
5006, 352.5872497558594, -232.79519653320312, -0.06238872557878494, 0.0, 0.0, -95.97430419921875, 3.0668923275706814
5007, 352.5792236328125, -232.85400390625, -0.06429857760667801, 0.0, 0.0, -96.05561065673828, 3.0462042335374466
5008, 352.5704345703125, -232.91696166992188, -0.06811829656362534, 0.0, 0.0, -96.14725494384766, 3.02402188204712
5009, 352.5617980957031, -232.9769287109375, -0.07193800806999207, 0.0, 0.0, -96.23933410644531, 3.002875451490285
5010, 352.5525817871094, -233.03956604003906, -0.07766758650541306, 0.0, 0.0, -96.34173583984375, 2.980658078795562
5011, 352.5435791015625, -233.09877014160156, -0.08148729801177979, 0.0, 0.0, -96.44436645507812, 2.959667182884864
5012, 352.5343933105469, -233.15753173828125, -0.08530701696872711, 0.02500000037252903, 0.0, -96.55191040039062, 2.93530643663776
5013, 352.52557373046875, -233.2127685546875, -0.08912672847509384, 0.07500000298023224, 0.0, -96.65845489501953, 2.916659977104519
5014, 352.5155029296875, -233.27438354492188, -0.09294643998146057, 0.125, 0.0, -96.78276062011719, 2.901440252754763
5015, 352.5058898925781, -233.33164978027344, -0.09485629945993423, 0.15000000596046448, 0.0, -96.90283966064453, 2.891973165802983
5016, 352.49560546875, -233.39154052734375, -0.09867601841688156, 0.20000001788139343, 0.0, -97.03295135498047, 2.886404178681241
5017, 352.4859619140625, -233.44638061523438, -0.10249572992324829, 0.2500000298023224, 0.0, -97.15676879882812, 2.8858125466066658
5018, 352.4758605957031, -233.5025177001953, -0.10631544888019562, 0.30000004172325134, 0.0, -97.28799438476562, 2.8901068402769736
5019, 352.46533203125, -233.5595245361328, -0.11013516038656235, 0.2500000298023224, 0.0, -97.42562103271484, 2.8966663619512136
5020, 352.4535827636719, -233.62161254882812, -0.11395487934350967, 0.20000001788139343, 0.0, -97.58098602294922, 2.9014383590947337
5021, 352.4412536621094, -233.68524169921875, -0.11968445032835007, 0.125, 0.0, -97.7470474243164, 2.9007442572992472
5022, 352.4287414550781, -233.74806213378906, -0.12159430980682373, 0.07500000298023224, 0.0, -97.9169921875, 2.8937311614764654
5023, 352.41607666015625, -233.8101043701172, -0.12541401386260986, 0.02500000409781933, 0.0, -98.09054565429688, 2.880816579716786
5024, 352.40301513671875, -233.8728485107422, -0.13114359974861145, -0.02499999664723873, 0.0, -98.27277374267578, 2.8635179180580907
5025, 352.390380859375, -233.931640625, -0.13241682946681976, 0.0, 0.0, -98.44873046875, 2.8484857952192315
5026, 352.37713623046875, -233.99232482910156, -0.131780207157135, 0.0, 0.0, -98.6337890625, 2.8301119197934823
5027, 352.364013671875, -234.05136108398438, -0.12987035512924194, 0.0, 0.0, -98.81526947021484, 2.8108537198205394
5028, 352.3507080078125, -234.1108856201172, -0.12859711050987244, 0.0, 0.0, -98.99847412109375, 2.7906846363017936
5029, 352.3387145996094, -234.16375732421875, -0.12732388079166412, 0.0, 0.0, -99.1607666015625, 2.7724375494572646
5030, 352.325927734375, -234.21942138671875, -0.12605063617229462, 0.0, 0.0, -99.33091735839844, 2.7530451133707796
5031, 352.31280517578125, -234.27581787109375, -0.1247773990035057, 0.0, 0.0, -99.50205993652344, 2.733297477714016
5032, 352.29998779296875, -234.33038330078125, -0.1235041618347168, 0.0, 0.0, -99.6664810180664, 2.7141317110105234
5033, 352.2868347167969, -234.3856658935547, -0.1247773990035057, 0.0, 0.0, -99.83264923095703, 2.6945643843906493
5034, 352.2730407714844, -234.44268798828125, -0.12859711050987244, 0.0, 0.0, -100.00546264648438, 2.674157438740165
5035, 352.2595520019531, -234.49745178222656, -0.13241682946681976, 0.0, 0.0, -100.17427062988281, 2.654435095855849
5036, 352.24462890625, -234.556640625, -0.1362365484237671, 0.0, 0.0, -100.36087799072266, 2.6330353971146065
5037, 352.2304992675781, -234.61160278320312, -0.14005626738071442, 0.0, 0.0, -100.53865814208984, 2.6131038727849614
5038, 352.2160339355469, -234.66661071777344, -0.14387597143650055, 0.0, 0.0, -100.72117614746094, 2.5931091835907445
5039, 352.20184326171875, -234.71961975097656, -0.14960554242134094, 0.0, 0.0, -100.90245819091797, 2.573679895728119
5040, 352.1866455078125, -234.7748565673828, -0.15342526137828827, 0.0, 0.0, -101.09721374511719, 2.553456868530158
5041, 352.1732482910156, -234.82264709472656, -0.1572449803352356, 0.0, 0.0, -101.27075958251953, 2.5359211151456296
5042, 352.15789794921875, -234.87628173828125, -0.16106469929218292, 0.02500000037252903, 0.0, -101.47071838378906, 2.5110796084471008
5043, 352.1432800292969, -234.92645263671875, -0.16488440334796906, 0.07500000298023224, 0.0, -101.6627426147461, 2.494009367198769
5044, 352.1286315917969, -234.9756317138672, -0.16870412230491638, 0.125, 0.0, -101.85543823242188, 2.4827660337747766
5045, 352.11322021484375, -235.0263214111328, -0.1725238412618637, 0.17500001192092896, 0.0, -102.05855560302734, 2.476883360592518
5046, 352.09808349609375, -235.0752716064453, -0.17634356021881104, 0.2250000238418579, 0.0, -102.2590560913086, 2.476564225355002
5047, 352.08197021484375, -235.1264190673828, -0.18016326427459717, 0.27500003576278687, 0.0, -102.47309112548828, 2.4818015925747
5048, 352.0655822753906, -235.17752075195312, -0.1839829832315445, 0.3250000476837158, 0.0, -102.69139862060547, 2.4924701647250407
5049, 352.0488586425781, -235.2284698486328, -0.1839829832315445, 0.3250000476837158, 0.0, -102.91378021240234, 2.506685777621328
5050, 352.03131103515625, -235.2809295654297, -0.19162242114543915, 0.27500003576278687, 0.0, -103.1473159790039, 2.5206885489743476
5051, 352.0137939453125, -235.3323516845703, -0.19480550289154053, 0.20000001788139343, 0.0, -103.38092803955078, 2.5298755270814155
5052, 351.9944763183594, -235.38800048828125, -0.19353227317333221, 0.15000000596046448, 0.0, -103.63727569580078, 2.533397925245656
5053, 351.976318359375, -235.43975830078125, -0.1922590285539627, 0.10000000149011612, 0.0, -103.87718963623047, 2.530981222979568
5054, 351.9580383300781, -235.4912567138672, -0.1909857988357544, 0.05000000447034836, 0.0, -104.11662292480469, 2.5231193198686954
5055, 351.9395751953125, -235.54244995117188, -0.1897125542163849, 4.0978194171259474e-09, 0.0, -104.35466003417969, 2.5098379716748234
5056, 351.9209289550781, -235.59368896484375, -0.18843932449817657, 0.0, 0.0, -104.5926513671875, 2.4971725408228616
5057, 351.9024658203125, -235.64393615722656, -0.18716607987880707, 0.0, 0.0, -104.82535552978516, 2.4818380548563375
5058, 351.8828430175781, -235.6967315673828, -0.18589283525943756, 0.0, 0.0, -105.06905364990234, 2.4641532451784056
5059, 351.8638610839844, -235.74720764160156, -0.18461960554122925, 0.0, 0.0, -105.30127716064453, 2.4464592413636415
5060, 351.8444519042969, -235.7983856201172, -0.18461960554122925, 0.0, 0.0, -105.53593444824219, 2.423616513077374
5061, 351.8258056640625, -235.8469696044922, -0.18334636092185974, 0.05000000074505806, 0.0, -105.7574691772461, 2.409704959752984
5062, 351.806640625, -235.896484375, -0.18079988658428192, 0.15000000596046448, 0.0, -105.98175811767578, 2.4020285421180514
5063, 351.7885437011719, -235.9426727294922, -0.1795266568660736, 0.20000001788139343, 0.0, -106.18952941894531, 2.4003110986160374
5064, 351.7691345214844, -235.99188232421875, -0.17761678993701935, 0.27500003576278687, 0.0, -106.40894317626953, 2.4047178453714797
5065, 351.7514343261719, -236.03636169433594, -0.17634356021881104, 0.3250000476837158, 0.0, -106.60526275634766, 2.4148030241084943
5066, 351.7326965332031, -236.08311462402344, -0.17507031559944153, 0.3750000596046448, 0.0, -106.80997467041016, 2.430931912603903
5067, 351.71343994140625, -236.1307830810547, -0.17379707098007202, 0.42500007152557373, 0.0, -107.01679229736328, 2.452502311722442
5068, 351.6931457519531, -236.180419921875, -0.1725238412618637, 0.4750000834465027, 0.0, -107.2303466796875, 2.4801259268521116
5069, 351.672607421875, -236.2303924560547, -0.1712505966424942, 0.5250000357627869, 0.0, -107.44344329833984, 2.512843389233453
5070, 351.6515197753906, -236.28121948242188, -0.1699773669242859, 0.574999988079071, 0.0, -107.65841674804688, 2.5508633869547657
5071, 351.6301574707031, -236.3323211669922, -0.16870412230491638, 0.6249999403953552, 0.0, -107.87259674072266, 2.5935373761812612
5072, 351.6081237792969, -236.384521484375, -0.16743089258670807, 0.6749998927116394, 0.0, -108.08948516845703, 2.641439387098833
5073, 351.58563232421875, -236.4374237060547, -0.16615764796733856, 0.7249998450279236, 0.0, -108.3072509765625, 2.6940804790238158
5074, 351.5616455078125, -236.49337768554688, -0.16488440334796906, 0.7749997973442078, 0.0, -108.53579711914062, 2.7539690068170746
5075, 351.5376892089844, -236.5487060546875, -0.16615764796733856, 0.8249997496604919, 0.0, -108.76070404052734, 2.816760108460421
5076, 351.5118713378906, -236.60757446289062, -0.1699773669242859, 0.8749997019767761, 0.0, -109.00106048583984, 2.887057824686026
5077, 351.4854736328125, -236.66693115234375, -0.17570693790912628, 0.9499996304512024, 0.0, -109.24700927734375, 2.9615114197620307
5078, 351.4578552246094, -236.72796630859375, -0.1795266568660736, 0.9999995827674866, 0.0, -109.50445556640625, 3.042502750107541
5079, 351.42974853515625, -236.7891387939453, -0.18334636092185974, 1.0, 0.0, -109.76715850830078, 3.126058221763345
5080, 351.40057373046875, -236.85159301757812, -0.18716607987880707, 1.0, 0.0, -110.04057312011719, 3.2114803159821457
5081, 351.36962890625, -236.9168243408203, -0.1909857988357544, 1.0, 0.0, -110.33177185058594, 3.299686906434489
5082, 351.33612060546875, -236.98643493652344, -0.1897125542163849, 1.0, 0.0, -110.64640045166016, 3.392608885508291
5083, 351.30291748046875, -237.05450439453125, -0.18843932449817657, 0.9750000238418579, 0.0, -110.95594024658203, 3.4812544269188024
5084, 351.26885986328125, -237.1234893798828, -0.18716607987880707, 0.9250000715255737, 0.0, -111.27017211914062, 3.5672326169067596
5085, 351.2341003417969, -237.1931915283203, -0.18589283525943756, 0.8750001192092896, 0.0, -111.58766174316406, 3.648913322350039
5086, 351.1978454589844, -237.2650146484375, -0.18461960554122925, 0.8250001668930054, 0.0, -111.91417694091797, 3.726990693807788
5087, 351.1640930175781, -237.3311004638672, -0.18334636092185974, 0.7750002145767212, 0.0, -112.21405029296875, 3.7932692962606605
5088, 351.1252136230469, -237.40646362304688, -0.18207313120365143, 0.725000262260437, 0.0, -112.55516052246094, 3.8621966676402804
5089, 351.08795166015625, -237.47781372070312, -0.18016326427459717, 0.6500003337860107, 0.0, -112.87709045410156, 3.920699560183218
5090, 351.04986572265625, -237.54991149902344, -0.17889003455638885, 0.6000003814697266, 0.0, -113.20144653320312, 3.972736047980118
5091, 351.0097961425781, -237.625, -0.17761678993701935, 0.5500004291534424, 0.0, -113.5379409790039, 4.019837497115767
5092, 350.968505859375, -237.701416015625, -0.17634356021881104, 0.5000004768371582, 0.0, -113.8794937133789, 4.060854703506835
5093, 350.9272155761719, -237.77703857421875, -0.17507031559944153, 0.45000046491622925, 0.0, -114.216552734375, 4.094905597004722
5094, 350.88128662109375, -237.8599395751953, -0.17379707098007202, 0.4000004529953003, 0.0, -114.58506774902344, 4.125046673036865
5095, 350.83721923828125, -237.93836975097656, -0.1725238412618637, 0.35000044107437134, 0.0, -114.93289947509766, 4.146958533897448
5096, 350.7906494140625, -238.0203094482422, -0.1712505966424942, 0.3000004291534424, 0.0, -115.29533386230469, 4.163136914040621
5097, 350.74700927734375, -238.09613037109375, -0.1699773669242859, 0.2500004172325134, 0.0, -115.63009643554688, 4.172095999932771
5098, 350.70159912109375, -238.1741485595703, -0.16806749999523163, 0.17500039935112, 0.0, -115.97370910644531, 4.17459501813413
5099, 350.6563720703125, -238.25086975097656, -0.16679427027702332, 0.12500038743019104, 0.0, -116.31068420410156, 4.169870545259207
5100, 350.60858154296875, -238.33102416992188, -0.1655210256576538, 0.07500039041042328, 0.0, -116.66178131103516, 4.1579030560399755
5101, 350.5626525878906, -238.4070281982422, -0.1642477959394455, 0.02500039152801037, 0.0, -116.99422454833984, 4.140234698987145
5102, 350.51617431640625, -238.48313903808594, -0.162974551320076, -0.02499960921704769, 0.0, -117.3264389038086, 4.117797382913185
5103, 350.4686279296875, -238.55992126464844, -0.16170130670070648, 0.0, 0.0, -117.6609878540039, 4.0915953848253706
5104, 350.4186706542969, -238.63958740234375, -0.1655210256576538, 0.0, 0.0, -118.00987243652344, 4.061402427700958
5105, 350.3709411621094, -238.71458435058594, -0.16934074461460114, 0.0, 0.0, -118.34235382080078, 4.03138454977425
5106, 350.3220520019531, -238.7901153564453, -0.17316046357154846, 0.0, 0.0, -118.68291473388672, 4.000230458215746
5107, 350.2746276855469, -238.86224365234375, -0.1769801676273346, 0.0, 0.0, -119.01468658447266, 3.969919702459635
5108, 350.2242431640625, -238.93751525878906, -0.18079988658428192, 0.0, 0.0, -119.36902618408203, 3.937868148183621
5109, 350.1748046875, -239.0100555419922, -0.18652945756912231, 0.0, 0.0, -119.71969604492188, 3.906500996458273
5110, 350.1266784667969, -239.079345703125, -0.19034917652606964, 0.0, 0.0, -120.06396484375, 3.8763421755991967
5111, 350.0759582519531, -239.1511688232422, -0.19416889548301697, 0.0, 0.0, -120.4303970336914, 3.8449097066674853
5112, 350.0266418457031, -239.2197723388672, -0.1979885995388031, 0.0, 0.0, -120.78994750976562, 3.814685884061089
5113, 349.9754333496094, -239.2897186279297, -0.20117169618606567, 0.0, 0.0, -121.16614532470703, 3.783752483660374
5114, 349.9266662597656, -239.3553009033203, -0.19989846646785736, 0.0, 0.0, -121.52554321289062, 3.7550543578868187
5115, 349.87347412109375, -239.4258575439453, -0.20117169618606567, 0.0, 0.0, -121.91829681396484, 3.7240602855330787
5116, 349.8250732421875, -239.48915100097656, -0.19989846646785736, 0.02500000037252903, 0.0, -122.27445983886719, 3.696117271568955
5117, 349.7734680175781, -239.55560302734375, -0.20117169618606567, 0.07500000298023224, 0.0, -122.65221405029297, 3.6696975838655943
5118, 349.7229919433594, -239.6197967529297, -0.19989846646785736, 0.125, 0.0, -123.01958465576172, 3.648900824077127
5119, 349.6710510253906, -239.68495178222656, -0.19862522184848785, 0.17500001192092896, 0.0, -123.39368438720703, 3.6334625875280597
5120, 349.6201171875, -239.74806213378906, -0.19735199213027954, 0.125, 0.0, -123.7566146850586, 3.6212042988023656
5121, 349.56671142578125, -239.8134002685547, -0.19607874751091003, 0.07500000298023224, 0.0, -124.13259887695312, 3.6063994257797733
5122, 349.5167236328125, -239.8739013671875, -0.19480550289154053, 0.02500000409781933, 0.0, -124.48081970214844, 3.5886916476394095
5123, 349.4656982421875, -239.9348907470703, -0.19289565086364746, 0.0, 0.0, -124.83171081542969, 3.5678936216501405
5124, 349.4148864746094, -239.99497985839844, -0.1909857988357544, 0.0, 0.0, -125.17694854736328, 3.5441857266354506
5125, 349.36090087890625, -240.05807495117188, -0.1897125542163849, 0.0, 0.0, -125.5390853881836, 3.5174256472731145
5126, 349.31341552734375, -240.11300659179688, -0.18843932449817657, 0.0, 0.0, -125.85381317138672, 3.4933032240528483
5127, 349.26324462890625, -240.17044067382812, -0.18716607987880707, 0.0, 0.0, -126.18267059326172, 3.4675784185003624
5128, 349.21148681640625, -240.2290802001953, -0.18589283525943756, 0.05000000074505806, 0.0, -126.5179672241211, 3.440264864326904
5129, 349.1597900390625, -240.28697204589844, -0.18461960554122925, 0.10000000149011612, 0.0, -126.84831237792969, 3.4181880971825653
5130, 349.1110534667969, -240.34100341796875, -0.18334636092185974, 0.15000000596046448, 0.0, -127.15596008300781, 3.402676804290058
5131, 349.0593566894531, -240.39773559570312, -0.18207313120365143, 0.20000001788139343, 0.0, -127.47767639160156, 3.392288915488391
5132, 349.0068359375, -240.45480346679688, -0.18079988658428192, 0.20000001788139343, 0.0, -127.80024719238281, 3.3864104893560674
5133, 348.9562072753906, -240.50921630859375, -0.18079988658428192, 0.20000001788139343, 0.0, -128.10662841796875, 3.3811172910630867
5134, 348.904296875, -240.5645294189453, -0.1782534122467041, 0.10000000149011612, 0.0, -128.41729736328125, 3.3724992671768863
5135, 348.8538513183594, -240.6177215576172, -0.17634356021881104, 0.02500000409781933, 0.0, -128.71548461914062, 3.35889373337027
5136, 348.8031311035156, -240.6707763671875, -0.17507031559944153, -0.02499999664723873, 0.0, -129.01206970214844, 3.3404818388397866
5137, 348.7518615722656, -240.723876953125, -0.17379707098007202, 0.0, 0.0, -129.3086395263672, 3.3211197264251298
5138, 348.70068359375, -240.77639770507812, -0.1725238412618637, 0.0, 0.0, -129.6013641357422, 3.298952774953387
5139, 348.646240234375, -240.83177185058594, -0.1712505966424942, 0.05000000074505806, 0.0, -129.90951538085938, 3.2726538547322837
5140, 348.59381103515625, -240.88455200195312, -0.16934074461460114, 0.125, 0.0, -130.202392578125, 3.2527283650583776
5141, 348.5368957519531, -240.9412841796875, -0.16806749999523163, 0.17500001192092896, 0.0, -130.51576232910156, 3.2391118201071536
5142, 348.48370361328125, -240.99388122558594, -0.16679427027702332, 0.2250000238418579, 0.0, -130.8047332763672, 3.2332233905594046
5143, 348.4305419921875, -241.0459442138672, -0.1655210256576538, 0.27500003576278687, 0.0, -131.08953857421875, 3.233628286987482
5144, 348.375732421875, -241.09912109375, -0.1642477959394455, 0.3250000476837158, 0.0, -131.3787841796875, 3.2403682784914163
5145, 348.32159423828125, -241.1512451171875, -0.162974551320076, 0.3250000476837158, 0.0, -131.66090393066406, 3.251273142042695
5146, 348.265625, -241.20474243164062, -0.15533512830734253, 0.2250000238418579, 0.0, -131.94589233398438, 3.2613102623068513
5147, 348.2127990722656, -241.25503540039062, -0.14896893501281738, 0.17500001192092896, 0.0, -132.2073211669922, 3.264855967033233
5148, 348.15948486328125, -241.30563354492188, -0.14260274171829224, 0.125, 0.0, -132.46316528320312, 3.262408195044222
5149, 348.1060485839844, -241.35623168945312, -0.1362365484237671, 0.07500000298023224, 0.0, -132.7107391357422, 3.2539253330891142
5150, 348.052734375, -241.40660095214844, -0.12987035512924194, 0.02500000409781933, 0.0, -132.94845581054688, 3.2394762568260718
5151, 347.9989318847656, -241.45721435546875, -0.1235041618347168, -0.02499999664723873, 0.0, -133.17843627929688, 3.220614947389317
5152, 347.9469909667969, -241.50608825683594, -0.11713796854019165, 0.0, 0.0, -133.39117431640625, 3.202415956485821
5153, 347.89031982421875, -241.55935668945312, -0.1107717826962471, 0.0, 0.0, -133.61248779296875, 3.179235161926255
5154, 347.8352966308594, -241.6110076904297, -0.10122249275445938, 0.0, 0.0, -133.8148956298828, 3.1552302110561117
5155, 347.7823791503906, -241.66075134277344, -0.09485629945993423, 0.0, 0.0, -133.99819946289062, 3.131325578338324
5156, 347.7292175292969, -241.71066284179688, -0.09358306229114532, 0.0, 0.0, -134.17335510253906, 3.1067621838689665
5157, 347.6759948730469, -241.7604217529297, -0.09230982512235641, 0.0, 0.0, -134.34197998046875, 3.081951200533574
5158, 347.6233215332031, -241.8094940185547, -0.0910365879535675, 0.0, 0.0, -134.5038299560547, 3.057322181594734
5159, 347.57330322265625, -241.8558349609375, -0.08912672847509384, 0.0, 0.0, -134.65342712402344, 3.0339707818938355
5160, 347.5191650390625, -241.90577697753906, -0.08721686899662018, 0.0, 0.0, -134.81126403808594, 3.008722360012659
5161, 347.46533203125, -241.9552459716797, -0.08594363182783127, 0.0, 0.0, -134.96461486816406, 2.9836172640981244
5162, 347.41461181640625, -242.00173950195312, -0.08467039465904236, 0.0, 0.0, -135.10641479492188, 2.9599761560482833
5163, 347.36474609375, -242.0472412109375, -0.08339715749025345, 0.0, 0.0, -135.24314880371094, 2.9367808037191216
5164, 347.3146667480469, -242.09280395507812, -0.08212392032146454, 0.0, 0.0, -135.37832641601562, 2.9134868192476033
5165, 347.2646484375, -242.1381378173828, -0.08085068315267563, 0.0, 0.0, -135.51095581054688, 2.890271161916607
5166, 347.2146301269531, -242.18333435058594, -0.08085068315267563, 0.0, 0.0, -135.64015197753906, 2.8671808860351264
5167, 347.1665954589844, -242.226806640625, -0.06748167425394058, 0.0, 0.0, -135.75794982910156, 2.8451122285262582
5168, 347.1174011230469, -242.27142333984375, -0.061115480959415436, 0.0, 0.0, -135.87013244628906, 2.822461072360453
5169, 347.068115234375, -242.31626892089844, -0.05474928393959999, 0.0, 0.0, -135.97349548339844, 2.7996839236660747
5170, 347.0191650390625, -242.36099243164062, -0.04838308319449425, 0.05000000074505806, 0.0, -136.06695556640625, 2.773505510967609
5171, 346.96990966796875, -242.40625, -0.03565068542957306, 0.15000000596046448, 0.0, -136.1481475830078, 2.756185236957448
5172, 346.92138671875, -242.45098876953125, -0.03437744453549385, 0.20000001788139343, 0.0, -136.21759033203125, 2.749303437930973
5173, 346.8739013671875, -242.49484252929688, -0.03310420736670494, 0.2500000298023224, 0.0, -136.27857971191406, 2.750233485165209
5174, 346.82562255859375, -242.53941345214844, -0.03183097019791603, 0.30000004172325134, 0.0, -136.33554077148438, 2.757854207306294
5175, 346.7775573730469, -242.58380126953125, -0.029921112582087517, 0.3750000596046448, 0.0, -136.38815307617188, 2.7720162917226943
5176, 346.7309265136719, -242.6268768310547, -0.028647873550653458, 0.42500007152557373, 0.0, -136.43601989746094, 2.7927043108528697
5177, 346.68377685546875, -242.6703643798828, -0.027374636381864548, 0.4750000834465027, 0.0, -136.4815673828125, 2.819524815932355
5178, 346.63494873046875, -242.71536254882812, -0.02610139735043049, 0.5250000357627869, 0.0, -136.5261688232422, 2.8529539476447536
5179, 346.5836181640625, -242.7627716064453, -0.024191539734601974, 0.5999999642372131, 0.0, -136.5702362060547, 2.894282493948149
5180, 346.5333251953125, -242.8091583251953, -0.022918300703167915, 0.6499999165534973, 0.0, -136.61074829101562, 2.941166027409024
5181, 346.4824523925781, -242.85604858398438, -0.021645063534379005, 0.6999998688697815, 0.0, -136.6492156982422, 2.9938346512068943
5182, 346.43035888671875, -242.90411376953125, -0.020371824502944946, 0.7499998211860657, 0.0, -136.68626403808594, 3.0526269770278125
5183, 346.37725830078125, -242.9530487060547, -0.019098585471510887, 0.7999997735023499, 0.0, -136.7216033935547, 3.116871642174557
5184, 346.322998046875, -243.00311279296875, -0.017188729718327522, 0.8749997019767761, 0.0, -136.7552032470703, 3.1870665713651363
5185, 346.2678527832031, -243.0540771484375, -0.015915488824248314, 0.8249997496604919, 0.0, -136.7866668701172, 3.2606947953830483
5186, 346.2105407714844, -243.10702514648438, -0.014642249792814255, 0.7749997973442078, 0.0, -136.81680297851562, 3.33441125661899
5187, 346.14898681640625, -243.1638946533203, -0.013369008898735046, 0.7249998450279236, 0.0, -136.84652709960938, 3.4080111016049703
5188, 346.0897216796875, -243.2186737060547, -0.011459148488938808, 0.6499999165534973, 0.0, -136.87246704101562, 3.4717822825461533
5189, 346.02923583984375, -243.27464294433594, -0.010185908526182175, 0.5999999642372131, 0.0, -136.89630126953125, 3.529075518296701
5190, 345.96441650390625, -243.33470153808594, -0.008912668563425541, 0.550000011920929, 0.0, -136.91908264160156, 3.5823486324040434
5191, 345.90380859375, -243.39085388183594, -0.007639428600668907, 0.5000000596046448, 0.0, -136.93807983398438, 3.6250520564588284
5192, 345.8404541015625, -243.4495391845703, -0.006366189103573561, 0.4500000476837158, 0.0, -136.9553985595703, 3.6626349999582746
5193, 345.7751770019531, -243.5101318359375, -0.004456330556422472, 0.3750000298023224, 0.0, -136.97042846679688, 3.693267779098491
5194, 345.71649169921875, -243.56466674804688, -0.0031830905936658382, 0.32500001788139343, 0.0, -136.98153686523438, 3.7136158019746732
5195, 345.6537780761719, -243.6229705810547, -0.00190985098015517, 0.2750000059604645, 0.0, -136.99085998535156, 3.728342043567895
5196, 345.5867919921875, -243.68533325195312, 0.0, 0.22499999403953552, 0.0, -136.99765014648438, 3.736525521833055
5197, 345.52294921875, -243.74481201171875, 0.0, 0.17499998211860657, 0.0, -137.00184631347656, 3.7374762014105936
5198, 345.4587707519531, -243.80465698242188, 0.0, 0.09999997913837433, 0.0, -137.00457763671875, 3.7309619258325375
5199, 345.3903503417969, -243.8684539794922, 0.0, 0.04999998211860657, 0.0, -137.0065460205078, 3.7155757777058693
5200, 345.31951904296875, -243.93446350097656, 0.0, 0.04999998211860657, 0.0, -137.00796508789062, 3.6936468968547618
5201, 345.24932861328125, -243.9999542236328, 0.0, 0.12499997764825821, 0.0, -137.0089111328125, 3.671902085272579
5202, 345.18450927734375, -244.0603790283203, 0.0, 0.17499998211860657, 0.0, -137.0095672607422, 3.656807851794035
5203, 345.11907958984375, -244.12136840820312, 0.0, 0.2750000059604645, 0.0, -137.0100555419922, 3.6484835758643657
5204, 345.0503845214844, -244.1853485107422, -0.0019098592456430197, 0.32500001788139343, 0.0, -137.0115203857422, 3.650004868433708
5205, 344.9825744628906, -244.24835205078125, -0.005729577504098415, 0.3750000298023224, 0.0, -137.01611328125, 3.659919674500426
5206, 344.90960693359375, -244.3158416748047, -0.01145915500819683, 0.3500000238418579, 0.0, -137.0278778076172, 3.6751744771763546
5207, 344.8381652832031, -244.38162231445312, -0.015278873965144157, 0.30000001192092896, 0.0, -137.04722595214844, 3.6888747676871394
5208, 344.7669982910156, -244.44677734375, -0.021008450537919998, 0.22499999403953552, 0.0, -137.0756378173828, 3.696709791666358
5209, 344.693115234375, -244.51402282714844, -0.024828169494867325, 0.17499998211860657, 0.0, -137.11500549316406, 3.6968716293798654
5210, 344.6156921386719, -244.5840301513672, -0.030557747930288315, 0.09999997913837433, 0.0, -137.1678466796875, 3.687525106483424
5211, 344.54071044921875, -244.65138244628906, -0.03437746688723564, 0.04999998211860657, 0.0, -137.22979736328125, 3.6693804126164853
5212, 344.4698791503906, -244.71453857421875, -0.040107037872076035, 0.0, 0.0, -137.29852294921875, 3.6458227561290366
5213, 344.3963317871094, -244.7796630859375, -0.04583660885691643, 0.0, 0.0, -137.38156127929688, 3.6158720982938033
5214, 344.3232421875, -244.84375, -0.049656324088573456, 0.0, 0.0, -137.4749298095703, 3.5838621698387825
5215, 344.2496032714844, -244.9078826904297, -0.05538589879870415, 0.0, 0.0, -137.5804443359375, 3.5505427038948487
5216, 344.1771545410156, -244.97042846679688, -0.059205614030361176, 0.0, 0.0, -137.69468688964844, 3.517475711830271
5217, 344.103515625, -245.03338623046875, -0.06493518501520157, 0.05000000074505806, 0.0, -137.8217010498047, 3.483770254727549
5218, 344.0315246582031, -245.09432983398438, -0.07066475600004196, 0.125, 0.0, -137.95681762695312, 3.4580590555429516
5219, 343.962646484375, -245.15208435058594, -0.07448447495698929, 0.17500001192092896, 0.0, -138.0954132080078, 3.441985016126724
5220, 343.8923645019531, -245.2104034423828, -0.08021404594182968, 0.2500000298023224, 0.0, -138.24639892578125, 3.4340735954202226
5221, 343.8223876953125, -245.26795959472656, -0.08403375744819641, 0.2500000298023224, 0.0, -138.40579223632812, 3.4332091386996595
5222, 343.75335693359375, -245.32408142089844, -0.0897633358836174, 0.17500001192092896, 0.0, -138.57177734375, 3.431654276177401
5223, 343.6803894042969, -245.38275146484375, -0.09358304738998413, 0.125, 0.0, -138.75657653808594, 3.4241648083690546
5224, 343.613037109375, -245.43630981445312, -0.09740276634693146, 0.07500000298023224, 0.0, -138.934814453125, 3.411212586819537
5225, 343.5423889160156, -245.49188232421875, -0.10313233733177185, 4.0978194171259474e-09, 0.0, -139.13095092773438, 3.389641680354871
5226, 343.46923828125, -245.54869079589844, -0.10886190831661224, 0.0, 0.0, -139.34420776367188, 3.363266285369995
5227, 343.4023742675781, -245.59999084472656, -0.11459147930145264, 0.0, 0.0, -139.54884338378906, 3.335988915080958
5228, 343.33135986328125, -245.65374755859375, -0.11841119825839996, 0.0, 0.0, -139.7753143310547, 3.3058231620833953
5229, 343.264404296875, -245.70384216308594, -0.12159428745508194, 0.0, 0.0, -139.99647521972656, 3.2769446893095155
5230, 343.19818115234375, -245.75286865234375, -0.12032105028629303, 0.0, 0.0, -140.2194061279297, 3.248538460623843
5231, 343.12933349609375, -245.80343627929688, -0.11904781311750412, 0.0, 0.0, -140.45294189453125, 3.2190981054753975
5232, 343.0603332519531, -245.85372924804688, -0.11713795363903046, 0.07500000298023224, 0.0, -140.6863250732422, 3.1888449710661853
5233, 342.99090576171875, -245.90402221679688, -0.11586471647024155, 0.125, 0.0, -140.9194793701172, 3.1679609876512314
5234, 342.9197998046875, -245.95510864257812, -0.11395486444234848, 0.20000001788139343, 0.0, -141.1548614501953, 3.1560505280063356
5235, 342.8529968261719, -246.0027618408203, -0.11268161982297897, 0.2500000298023224, 0.0, -141.37249755859375, 3.1538823458901417
5236, 342.78094482421875, -246.05386352539062, -0.11077176779508591, 0.3250000476837158, 0.0, -141.6033172607422, 3.160698981169555
5237, 342.7126770019531, -246.10191345214844, -0.1094985231757164, 0.40000006556510925, 0.0, -141.81796264648438, 3.176412175071602
5238, 342.64105224609375, -246.1518096923828, -0.11713795363903046, 0.4750000834465027, 0.0, -142.0444793701172, 3.202269839964764
5239, 342.57318115234375, -246.1985321044922, -0.12095767259597778, 0.5250000357627869, 0.0, -142.26243591308594, 3.235169755190068
5240, 342.5018615722656, -246.2469482421875, -0.12668724358081818, 0.5999999642372131, 0.0, -142.49708557128906, 3.2770359994754856
5241, 342.4283142089844, -246.29620361328125, -0.1305069625377655, 0.6499999165534973, 0.0, -142.74496459960938, 3.3280798017191517
5242, 342.3533630371094, -246.34571838378906, -0.1362365335226059, 0.574999988079071, 0.0, -143.00477600097656, 3.3812878642413584
5243, 342.275146484375, -246.39659118652344, -0.14005625247955322, 0.5250000357627869, 0.0, -143.28309631347656, 3.4315491560255142
5244, 342.1970520019531, -246.44674682617188, -0.14069285988807678, 0.4500000476837158, 0.0, -143.56631469726562, 3.4741608172814393
5245, 342.11492919921875, -246.49888610839844, -0.13941963016986847, 0.40000003576278687, 0.0, -143.86672973632812, 3.5099265766297125
5246, 342.03631591796875, -246.54830932617188, -0.1375097632408142, 0.32500001788139343, 0.0, -144.15431213378906, 3.5352437809975767
5247, 341.9529113769531, -246.60020446777344, -0.1362365335226059, 0.2750000059604645, 0.0, -144.45802307128906, 3.5524133309585415
5248, 341.8705749511719, -246.6509552001953, -0.13432668149471283, 0.19999998807907104, 0.0, -144.75572204589844, 3.559802984596529
5249, 341.7873840332031, -246.70175170898438, -0.13241681456565857, 0.17499998211860657, 0.0, -145.05357360839844, 3.5590089164130423
5250, 341.7060546875, -246.7509307861328, -0.1305069625377655, 0.25, 0.0, -145.3412628173828, 3.5569725036496016
5251, 341.62017822265625, -246.8023223876953, -0.129233717918396, 0.30000001192092896, 0.0, -145.6408233642578, 3.560606435505884
5252, 341.5361328125, -246.85215759277344, -0.12732386589050293, 0.3750000298023224, 0.0, -145.9298553466797, 3.5715675192235907
5253, 341.4521789550781, -246.9013214111328, -0.13305343687534332, 0.4500000476837158, 0.0, -146.21795654296875, 3.5909996454104802
5254, 341.3640441894531, -246.9521484375, -0.13687315583229065, 0.5000000596046448, 0.0, -146.5232391357422, 3.620801651526413
5255, 341.2748107910156, -247.00271606445312, -0.14260272681713104, 0.574999988079071, 0.0, -146.8374786376953, 3.659252225672235
5256, 341.18719482421875, -247.05154418945312, -0.14642244577407837, 0.6249999403953552, 0.0, -147.1520538330078, 3.705240486969043
5257, 341.09771728515625, -247.1005096435547, -0.15215201675891876, 0.6499999165534973, 0.0, -147.48033142089844, 3.757783114236067
5258, 341.0061340332031, -247.1497039794922, -0.1559717208147049, 0.5999999642372131, 0.0, -147.82362365722656, 3.8124661850693182
5259, 340.9168395996094, -247.19686889648438, -0.15406186878681183, 0.5250000357627869, 0.0, -148.161865234375, 3.861526931841613
5260, 340.82281494140625, -247.24591064453125, -0.15215201675891876, 0.4500000476837158, 0.0, -148.51864624023438, 3.904669111187238
5261, 340.72564697265625, -247.2958984375, -0.15087877213954926, 0.3750000298023224, 0.0, -148.88613891601562, 3.938412813206384
5262, 340.6282653808594, -247.34535217285156, -0.14833229780197144, 0.30000001192092896, 0.0, -149.25205993652344, 3.9608851550870963
5263, 340.52191162109375, -247.3986053466797, -0.14705905318260193, 0.30000001192092896, 0.0, -149.6481475830078, 3.9760270691413946
5264, 340.4200744628906, -247.4488067626953, -0.14514920115470886, 0.3750000298023224, 0.0, -150.0232696533203, 3.98975541191066
5265, 340.31793212890625, -247.49850463867188, -0.1432393491268158, 0.4500000476837158, 0.0, -150.39471435546875, 4.009746882934775
5266, 340.21307373046875, -247.5487823486328, -0.1419661045074463, 0.5000000596046448, 0.0, -150.7706756591797, 4.038679120681636
5267, 340.11065673828125, -247.59718322753906, -0.14005625247955322, 0.574999988079071, 0.0, -151.13246154785156, 4.074987412591099
5268, 340.00714111328125, -247.6455078125, -0.13814638555049896, 0.6499999165534973, 0.0, -151.4923095703125, 4.120713871254139
5269, 339.90234375, -247.69371032714844, -0.13687315583229065, 0.6999998688697815, 0.0, -151.85072326660156, 4.175749728508568
5270, 339.7950439453125, -247.74237060546875, -0.1349632889032364, 0.6249999403953552, 0.0, -152.21189880371094, 4.234732087015082
5271, 339.6815185546875, -247.79312133789062, -0.13305343687534332, 0.550000011920929, 0.0, -152.58749389648438, 4.291599636578252
5272, 339.5701904296875, -247.84217834472656, -0.13178019225597382, 0.5000000596046448, 0.0, -152.9506072998047, 4.339325246798101
5273, 339.46063232421875, -247.88978576660156, -0.129233717918396, 0.40000003576278687, 0.0, -153.3026123046875, 4.3767038008664345
5274, 339.34967041015625, -247.93716430664062, -0.13305343687534332, 0.3500000238418579, 0.0, -153.65737915039062, 4.402981085241354
5275, 339.23675537109375, -247.984375, -0.13878300786018372, 0.2750000059604645, 0.0, -154.0217742919922, 4.418417586250252
5276, 339.120849609375, -248.0316925048828, -0.1445125788450241, 0.19999998807907104, 0.0, -154.40362548828125, 4.4220984909457455
5277, 339.0058898925781, -248.0774688720703, -0.14833229780197144, 0.1499999761581421, 0.0, -154.7913360595703, 4.414919203194073
5278, 338.8788146972656, -248.126708984375, -0.15406186878681183, 0.07499998062849045, 0.0, -155.23182678222656, 4.3948681725631635
5279, 338.7655029296875, -248.16940307617188, -0.1572449654340744, -1.8253922817734747e-08, 0.0, -155.63555908203125, 4.3664504902555334
5280, 338.65240478515625, -248.2109832763672, -0.1559717208147049, 0.0, 0.0, -156.04530334472656, 4.33030830608114
5281, 338.53472900390625, -248.2532501220703, -0.15406186878681183, 0.0, 0.0, -156.47470092773438, 4.289493141965337
5282, 338.42034912109375, -248.2934112548828, -0.15278862416744232, 0.0, 0.0, -156.89230346679688, 4.2484256255925175
5283, 338.30999755859375, -248.3313446044922, -0.15087877213954926, 0.0, 0.0, -157.29368591308594, 4.208344249340426
5284, 338.2009582519531, -248.3680419921875, -0.14833229780197144, 0.0, 0.0, -157.68707275390625, 4.1686996476768305
5285, 338.0885925292969, -248.4051055908203, -0.14705905318260193, 0.0, 0.0, -158.0884552001953, 4.127826487375318
5286, 337.97955322265625, -248.44032287597656, -0.14514920115470886, 0.0, 0.0, -158.47381591796875, 4.08826310674501
5287, 337.86883544921875, -248.47531127929688, -0.14387595653533936, 0.0, 0.0, -158.86082458496094, 4.0481385017974505
5288, 337.7566833496094, -248.50999450683594, -0.1419661045074463, 0.0, 0.0, -159.24822998046875, 4.007598111641368
5289, 337.65240478515625, -248.5415802001953, -0.14005625247955322, 0.0, 0.0, -159.60379028320312, 3.9700144075509662
5290, 337.5453796386719, -248.5732879638672, -0.13878300786018372, 0.0, 0.0, -159.9645538330078, 3.931452922093843
5291, 337.4403076171875, -248.6038055419922, -0.13687315583229065, 0.0, 0.0, -160.314208984375, 3.8936960674213448
5292, 337.33349609375, -248.6342010498047, -0.1349632889032364, 0.0, 0.0, -160.6648712158203, 3.855388398269732
5293, 337.2274169921875, -248.66372680664062, -0.1349632889032364, 0.0, 0.0, -161.00881958007812, 3.8173806695987467
5294, 337.1172180175781, -248.69378662109375, -0.13178019225597382, 0.0, 0.0, -161.36163330078125, 3.7780748232759387
5295, 337.0120544433594, -248.72183227539062, -0.12987034022808075, 0.0, 0.0, -161.69337463378906, 3.740684398231175
5296, 336.9065246582031, -248.74940490722656, -0.12796048820018768, 0.0, 0.0, -162.02186584472656, 3.7032082825015524
5297, 336.80133056640625, -248.7763214111328, -0.12668724358081818, 0.0, 0.0, -162.34463500976562, 3.665900144921219
5298, 336.7000732421875, -248.80165100097656, -0.12668724358081818, 0.0, 0.0, -162.65245056152344, 3.629945547999594
5299, 336.6032409667969, -248.8252410888672, -0.13241681456565857, 0.05000000074505806, 0.0, -162.9485321044922, 3.5957667900309045
5300, 336.5014343261719, -248.84922790527344, -0.1362365335226059, 0.10000000149011612, 0.0, -163.26487731933594, 3.5666243832433
5301, 336.40301513671875, -248.87168884277344, -0.13941963016986847, 0.17500001192092896, 0.0, -163.5761260986328, 3.546709513167136
5302, 336.30303955078125, -248.8938446044922, -0.1375097632408142, 0.2500000298023224, 0.0, -163.8944549560547, 3.5375223625847863
5303, 336.2027587890625, -248.91546630859375, -0.1362365335226059, 0.30000004172325134, 0.0, -164.2130889892578, 3.539111061154215
5304, 336.10284423828125, -248.9365234375, -0.13432668149471283, 0.3750000596046448, 0.0, -164.52830505371094, 3.5503251675367498
5305, 336.0029296875, -248.9570770263672, -0.13241681456565857, 0.4500000774860382, 0.0, -164.8396453857422, 3.571869231282302
5306, 335.9002990722656, -248.9777069091797, -0.1305069625377655, 0.5250000357627869, 0.0, -165.1545867919922, 3.604777357844367
5307, 335.795654296875, -248.99826049804688, -0.129233717918396, 0.574999988079071, 0.0, -165.47100830078125, 3.648272946596873
5308, 335.6918640136719, -249.01815795898438, -0.12732386589050293, 0.6499999165534973, 0.0, -165.77996826171875, 3.699851640848091
5309, 335.58526611328125, -249.03811645507812, -0.12541399896144867, 0.7249998450279236, 0.0, -166.09182739257812, 3.76196455807102
5310, 335.4785461425781, -249.05763244628906, -0.1235041469335556, 0.7999997735023499, 0.0, -166.3986358642578, 3.833174390619518
5311, 335.3674011230469, -249.0774383544922, -0.1222309097647667, 0.849999725818634, 0.0, -166.7127685546875, 3.915670818432936
5312, 335.2503356933594, -249.09759521484375, -0.12796048820018768, 0.9249996542930603, 0.0, -167.0434112548828, 4.009372544172099
5313, 335.13006591796875, -249.117431640625, -0.13369005918502808, 0.849999725818634, 0.0, -167.3881378173828, 4.107654281116408
5314, 335.00714111328125, -249.1366424560547, -0.13941963016986847, 0.7499998211860657, 0.0, -167.74945068359375, 4.20050188898177
5315, 334.8856201171875, -249.1545867919922, -0.14514920115470886, 0.6999998688697815, 0.0, -168.11732482910156, 4.281940966072896
5316, 334.7626953125, -249.1718292236328, -0.1432393491268158, 0.6249999403953552, 0.0, -168.49659729003906, 4.354527642968437
5317, 334.63287353515625, -249.18917846679688, -0.14132948219776154, 0.550000011920929, 0.0, -168.8995819091797, 4.418859790317874
5318, 334.4980773925781, -249.2063446044922, -0.13941963016986847, 0.4750000536441803, 0.0, -169.31802368164062, 4.471939623194078
5319, 334.3663635253906, -249.22230529785156, -0.1375097632408142, 0.40000003576278687, 0.0, -169.72508239746094, 4.510717836575081
5320, 334.2370300292969, -249.2371826171875, -0.1362365335226059, 0.3500000238418579, 0.0, -170.12220764160156, 4.537134879653456
5321, 334.0992431640625, -249.25218200683594, -0.13432668149471283, 0.2750000059604645, 0.0, -170.54238891601562, 4.553206942927695
5322, 333.9676818847656, -249.26564025878906, -0.13241681456565857, 0.19999998807907104, 0.0, -170.93988037109375, 4.556608619798497
5323, 333.8345947265625, -249.27847290039062, -0.1305069625377655, 0.12499997764825821, 0.0, -171.33798217773438, 4.547645154470894
5324, 333.695068359375, -249.2910614013672, -0.12859709560871124, 0.04999998211860657, 0.0, -171.7515106201172, 4.524803617693832
5325, 333.56207275390625, -249.3021697998047, -0.12987034022808075, 0.09999997913837433, 0.0, -172.14376831054688, 4.496328279741905
5326, 333.43206787109375, -249.31195068359375, -0.13559991121292114, 0.17499998211860657, 0.0, -172.53028869628906, 4.470498104277379
5327, 333.2977600097656, -249.32089233398438, -0.14132948219776154, 0.25, 0.0, -172.93740844726562, 4.451813164992437
5328, 333.16986083984375, -249.3282012939453, -0.14642244577407837, 0.3500000238418579, 0.0, -173.33482360839844, 4.444754014879027
5329, 333.0401916503906, -249.33450317382812, -0.14514920115470886, 0.30000001192092896, 0.0, -173.74440002441406, 4.446215164156744
5330, 332.9039306640625, -249.34014892578125, -0.1432393491268158, 0.22499999403953552, 0.0, -174.17706298828125, 4.445819375868951
5331, 332.7752380371094, -249.34458923339844, -0.14132948219776154, 0.1499999761581421, 0.0, -174.58546447753906, 4.437946400885114
5332, 332.6475830078125, -249.34817504882812, -0.13941963016986847, 0.07499998062849045, 0.0, -174.9888458251953, 4.420179313306324
5333, 332.5140075683594, -249.35107421875, -0.13814638555049896, 0.024999981746077538, 0.0, -175.40896606445312, 4.390774885400008
5334, 332.38629150390625, -249.35299682617188, -0.1362365335226059, 0.0, 0.0, -175.8082733154297, 4.354303246823229
5335, 332.26165771484375, -249.35421752929688, -0.129233717918396, 0.0, 0.0, -176.19114685058594, 4.314839042020936
5336, 332.132568359375, -249.3550262451172, -0.11968443542718887, 0.0, 0.0, -176.57467651367188, 4.272282897039657
5337, 332.0042419433594, -249.35546875, -0.11013514548540115, 0.0, 0.0, -176.93759155273438, 4.229167366352193
5338, 331.8852233886719, -249.35556030273438, -0.10376895219087601, 0.0, 0.0, -177.2560272216797, 4.188675974458122
5339, 331.76123046875, -249.35543823242188, -0.09421966969966888, 0.0, 0.0, -177.56700134277344, 4.146384467112073
5340, 331.63409423828125, -249.3550567626953, -0.0897633358836174, 0.0, 0.0, -177.86647033691406, 4.1027588247502695
5341, 331.516357421875, -249.3542938232422, -0.08785347640514374, 0.0, 0.0, -178.1292266845703, 4.062188104353067
5342, 331.404052734375, -249.3531951904297, -0.08658023923635483, 0.0, 0.0, -178.37074279785156, 4.023388387359218
5343, 331.2873229980469, -249.3516387939453, -0.08467037975788116, 0.0, 0.0, -178.61386108398438, 3.9830508109369953
5344, 331.17236328125, -249.34970092773438, -0.0827605202794075, 0.0, 0.0, -178.84658813476562, 3.9433080541659433
5345, 331.05633544921875, -249.34738159179688, -0.08021404594182968, 0.0, 0.0, -179.07498168945312, 3.903188959153984
5346, 330.943359375, -249.34474182128906, -0.07894080877304077, 0.0, 0.0, -179.2917938232422, 3.8641343992082953
5347, 330.83697509765625, -249.34193420410156, -0.07703094929456711, 0.0, 0.0, -179.49143981933594, 3.8274445845590876
5348, 330.72625732421875, -249.33876037597656, -0.07257461547851562, 0.0, 0.0, -179.69244384765625, 3.789402216637945
5349, 330.6199645996094, -249.33558654785156, -0.06620842218399048, 0.0, 0.0, -179.8761749267578, 3.752970937972917
5350, 330.50885009765625, -249.332275390625, -0.05665912479162216, 0.0, 0.0, 179.94683837890625, 3.7149787354066977
5351, 330.40576171875, -249.329345703125, -0.047109827399253845, 0.0, 0.0, 179.79959106445312, 3.6796750784161065
5352, 330.2961730957031, -249.32644653320312, -0.03756052628159523, 0.0, 0.0, 179.66329956054688, 3.6420462824906354
5353, 330.1889343261719, -249.32382202148438, -0.031194327399134636, 0.0, 0.0, 179.5507049560547, 3.605119597574182
5354, 330.087890625, -249.32156372070312, -0.02164502814412117, 0.0, 0.0, 179.4636688232422, 3.5702582003357834
5355, 329.98553466796875, -249.319580078125, -0.012095731683075428, 0.0, 0.0, 179.39642333984375, 3.5348365450611974
5356, 329.8827209472656, -249.31797790527344, -0.0025464356876909733, 0.0, 0.0, 179.35128784179688, 3.4991677649873245
5357, 329.784912109375, -249.3167724609375, 0.0019098592456430197, 0.0, 0.0, 179.3263397216797, 3.4652252368418828
5358, 329.685546875, -249.3157958984375, 0.007639436982572079, 0.0, 0.0, 179.31715393066406, 3.430715432714091
5359, 329.5889892578125, -249.31495666503906, 0.005729577969759703, 0.0, 0.0, 179.31785583496094, 3.397263309592371
5360, 329.4933166503906, -249.31407165527344, 0.0044563389383256435, 0.05000000074505806, 0.0, 179.3226318359375, 3.363606694125978
5361, 329.3938293457031, -249.31312561035156, 0.0025464792270213366, 0.125, 0.0, 179.3284912109375, 3.337588929718635
5362, 329.2938232421875, -249.31204223632812, 0.0, 0.2250000238418579, 0.0, 179.33251953125, 3.323334697436368
5363, 329.1973876953125, -249.3109588623047, 0.0, 0.27500003576278687, 0.0, 179.33465576171875, 3.3221591603065925
5364, 329.1005859375, -249.309814453125, 0.0, 0.3500000536441803, 0.0, 179.3358612060547, 3.3314137887585304
5365, 328.9925842285156, -249.30856323242188, 0.0, 0.42500007152557373, 0.0, 179.33677673339844, 3.354205269529966
5366, 328.8776550292969, -249.30735778808594, 0.0038197184912860394, 0.5250000357627869, 0.0, 179.34095764160156, 3.392726879589863
5367, 328.77099609375, -249.30638122558594, 0.007639436982572079, 0.574999988079071, 0.0, 179.3507537841797, 3.4407067288976605
5368, 328.66949462890625, -249.3057403564453, 0.013369014486670494, 0.6499999165534973, 0.0, 179.36859130859375, 3.494762357128913
5369, 328.56439208984375, -249.30535888671875, 0.019098592922091484, 0.7249998450279236, 0.0, 179.39793395996094, 3.5599573348301026
5370, 328.46087646484375, -249.3053436279297, 0.024828169494867325, 0.7999997735023499, 0.0, 179.43849182128906, 3.6330246404777973
5371, 328.3514099121094, -249.30569458007812, 0.02864788845181465, 0.849999725818634, 0.0, 179.4930419921875, 3.7186405357418137
5372, 328.2449951171875, -249.30638122558594, 0.03437746688723564, 0.9249996542930603, 0.0, 179.55738830566406, 3.808325110202646
5373, 328.1307067871094, -249.30735778808594, 0.03246760740876198, 0.9999995827674866, 0.0, 179.63389587402344, 3.9123390429079685
5374, 328.01422119140625, -249.30845642089844, 0.030557749792933464, 1.0, 0.0, 179.71429443359375, 4.023443317986152
5375, 327.90350341796875, -249.30958557128906, 0.029284512624144554, 1.0, 0.0, 179.7904815673828, 4.129744751944834
5376, 327.7817077636719, -249.3108673095703, 0.02737465500831604, 0.9500000476837158, 0.0, 179.8723602294922, 4.243683161512359
5377, 327.6588134765625, -249.31222534179688, 0.02737465500831604, 0.9500000476837158, 0.0, 179.95181274414062, 4.351498424240439
5378, 327.52984619140625, -249.31370544433594, 0.024191558361053467, 0.8250001668930054, 0.0, -179.96852111816406, 4.454884459607652
5379, 327.39508056640625, -249.31529235839844, 0.021645082160830498, 0.725000262260437, 0.0, -179.8902130126953, 4.55071060581247
5380, 327.2598876953125, -249.31690979003906, 0.019735224545001984, 0.6500003337860107, 0.0, -179.81707763671875, 4.632847925618166
5381, 327.12225341796875, -249.318603515625, 0.01782536692917347, 0.5750004053115845, 0.0, -179.7483367919922, 4.702488574759305
5382, 326.98162841796875, -249.32040405273438, 0.01655212789773941, 0.5250004529953003, 0.0, -179.6834259033203, 4.7605911362180136
5383, 326.85357666015625, -249.32205200195312, 0.014642269350588322, 0.45000046491622925, 0.0, -179.62901306152344, 4.8028184843782125
5384, 326.7143859863281, -249.3238983154297, 0.012732408940792084, 0.5250004529953003, 0.0, -179.57534790039062, 4.842112592216593
5385, 326.5640869140625, -249.3260498046875, 0.018461985513567924, 0.6000003814697266, 0.0, -179.51739501953125, 4.886706599064383
5386, 326.42559814453125, -249.3284149169922, 0.02228170447051525, 0.6500003337860107, 0.0, -179.459228515625, 4.93353003929673
5387, 326.28173828125, -249.331298828125, 0.02801128290593624, 0.725000262260437, 0.0, -179.38986206054688, 4.989183299244341
5388, 326.13616943359375, -249.33470153808594, 0.031194381415843964, 0.8000001907348633, 0.0, -179.30931091308594, 5.053766257667221
5389, 325.9880676269531, -249.33851623535156, 0.029921142384409904, 0.8500001430511475, 0.0, -179.22032165527344, 5.128612504068762
5390, 325.8448791503906, -249.3423614501953, 0.02801128476858139, 0.9250000715255737, 0.0, -179.13189697265625, 5.209352788438157
5391, 325.693115234375, -249.3466033935547, 0.026101427152752876, 1.0, 0.0, -179.0384063720703, 5.299745581181582
5392, 325.5386962890625, -249.35104370117188, 0.024828189983963966, 1.0, 0.0, -178.94573974609375, 5.392191502743057
5393, 325.3820495605469, -249.35562133789062, 0.022918332368135452, 1.0, 0.0, -178.85333251953125, 5.41007278569755
5394, 325.2275695800781, -249.36024475097656, 0.021008474752306938, 1.0, 0.0, -178.76759338378906, 5.449938362446724
5395, 325.0718078613281, -249.364990234375, 0.019098617136478424, 1.0, 0.0, -178.6858673095703, 5.481136698433905
5396, 324.9142150878906, -249.36990356445312, 0.017825378105044365, 1.0, 0.0, -178.60794067382812, 5.57458123396064
5397, 324.75201416015625, -249.37501525878906, 0.01591552048921585, 1.0, 0.0, -178.5332489013672, 5.6513591591955725
5398, 324.5877380371094, -249.3802947998047, 0.014005660079419613, 1.0, 0.0, -178.46356201171875, 5.780312933389895
5399, 324.4157409667969, -249.38584899902344, 0.012732420116662979, 1.0, 0.0, -178.3966827392578, 5.889437679857098
5400, 324.231689453125, -249.39187622070312, 0.010822559706866741, 1.0, 0.0, -178.3317413330078, 6.08432242678218
5401, 324.04718017578125, -249.39794921875, 0.008912699297070503, 1.0, 0.0, -178.2736053466797, 6.2705314356868875
5402, 323.8636169433594, -249.40403747558594, 0.007002840284258127, 1.0, 0.0, -178.22256469726562, 6.432427053775067
5403, 323.6676940917969, -249.4105224609375, 0.005092981271445751, 1.0, 0.0, -178.1756591796875, 6.586867177929805
5404, 323.47601318359375, -249.41688537597656, 0.0031831220258027315, 1.0, 0.0, -178.13717651367188, 6.724623129205043
5405, 323.27899169921875, -249.4233856201172, 0.0012732625473290682, 1.0, 0.0, -178.10536193847656, 6.856346862248685
5406, 323.0791931152344, -249.429931640625, 0.0, 1.0, 0.0, -178.08045959472656, 6.982391960547867
5407, 322.87347412109375, -249.4366912841797, 0.0, 1.0, 0.0, -178.06077575683594, 7.106288072438706
5408, 322.6690368652344, -249.4434356689453, 0.0, 0.9500000476837158, 0.0, -178.04542541503906, 7.223895221112436
5409, 322.4492492675781, -249.4507598876953, 0.0, 0.8750001192092896, 0.0, -178.03221130371094, 7.341876531855281
5410, 322.2401428222656, -249.45779418945312, 0.0, 0.8000001907348633, 0.0, -178.02207946777344, 7.444458156815308
5411, 322.0243225097656, -249.46507263183594, 0.0, 0.725000262260437, 0.0, -178.01356506347656, 7.538708769424755
5412, 321.80242919921875, -249.47262573242188, 0.0, 0.6750003099441528, 0.0, -178.0062713623047, 7.622904990839675
5413, 321.5867004394531, -249.48001098632812, 0.0, 0.6000003814697266, 0.0, -178.0004425048828, 7.692549510983727
5414, 321.3674011230469, -249.48757934570312, 0.0, 0.5250004529953003, 0.0, -177.99546813964844, 7.75020999851519
5415, 321.134765625, -249.49560546875, 0.0, 0.4750004708766937, 0.0, -177.99111938476562, 7.797041812704591
5416, 320.9123840332031, -249.5033416748047, 0.0, 0.4000004529953003, 0.0, -177.98773193359375, 7.828461099428937
5417, 320.6893615722656, -249.51109313964844, 0.0, 0.4000004529953003, 0.0, -177.9849853515625, 7.846260169406952
5418, 320.4621276855469, -249.51904296875, 0.0, 0.2750004231929779, 0.0, -177.9827880859375, 7.850441300944757
5419, 320.23638916015625, -249.5269317626953, 0.0, 0.20000040531158447, 0.0, -177.98121643066406, 7.841332213587716
5420, 320.0084533691406, -249.53494262695312, 0.0, 0.2750004231929779, 0.0, -177.98007202148438, 7.822322437224622
5421, 319.77728271484375, -249.54307556152344, 0.0, 0.3750004470348358, 0.0, -177.97940063476562, 7.802764121138272
5422, 319.5544738769531, -249.55093383789062, 0.0, 0.42500045895576477, 0.0, -177.97900390625, 7.790423056949765
5423, 319.338134765625, -249.5585479736328, 0.0, 0.5000004768371582, 0.0, -177.97862243652344, 7.786119119031825
5424, 319.11602783203125, -249.56640625, 0.0, 0.5500004291534424, 0.0, -177.9785919189453, 7.791877266611498
5425, 318.888916015625, -249.57440185546875, 0.0, 0.6250003576278687, 0.0, -177.97775268554688, 7.806829647161451
5426, 318.6691589355469, -249.58213806152344, 0.0, 0.7000002861022949, 0.0, -177.97799682617188, 7.832973704483078
5427, 318.44140625, -249.59014892578125, 0.0, 0.7500002384185791, 0.0, -177.9762725830078, 7.868855572311977
5428, 318.2174377441406, -249.5980682373047, 0.0, 0.8250001668930054, 0.0, -177.97647094726562, 7.917110071556158
5429, 317.98736572265625, -249.60617065429688, 0.0, 0.9250000715255737, 0.0, -177.97434997558594, 7.976815026062061
5430, 317.7663879394531, -249.61398315429688, 0.0, 0.9750000238418579, 0.0, -177.97386169433594, 8.048865178987553
5431, 317.533203125, -249.62220764160156, 0.0, 1.0, 0.0, -177.97195434570312, 8.134655955988384
5432, 317.3045959472656, -249.6302490234375, 0.0, 1.0, 0.0, -177.97032165527344, 8.226068298924725
5433, 317.0726013183594, -249.63845825195312, 0.0, 1.0, 0.0, -177.9681854248047, 8.322778995695526
5434, 316.83111572265625, -249.64698791503906, 0.0, 0.9500000476837158, 0.0, -177.9656982421875, 8.424920178548396
5435, 316.5894470214844, -249.655517578125, 0.0, 0.9000000953674316, 0.0, -177.96304321289062, 8.525112282324862
5436, 316.33905029296875, -249.6643829345703, 0.0, 0.8250001668930054, 0.0, -177.9601287841797, 8.623824217174949
5437, 316.0921325683594, -249.67312622070312, 0.0, 0.7500002384185791, 0.0, -177.95718383789062, 8.713204526126027
5438, 315.84832763671875, -249.68174743652344, 0.0, 0.7000002861022949, 0.0, -177.95431518554688, 8.79220705613801
5439, 315.58831787109375, -249.69094848632812, 0.0, 0.6250003576278687, 0.0, -177.95130920410156, 8.865574413459527
5440, 315.3285827636719, -249.7001953125, 0.0, 0.5500004291534424, 0.0, -177.948486328125, 8.926116788063663
5441, 315.07421875, -249.709228515625, 0.0, 0.4750004708766937, 0.0, -177.94593811035156, 8.972016525000718
5442, 314.80859375, -249.7187042236328, 0.0, 0.4000004529953003, 0.0, -177.9435272216797, 9.00505867853697
5443, 314.5490417480469, -249.7279815673828, 0.0, 0.32500043511390686, 0.0, -177.9415740966797, 9.021988654491416
5444, 314.3011169433594, -249.7368621826172, 0.0, 0.2750004231929779, 0.0, -177.9400177001953, 9.024123675250472
5445, 314.0335693359375, -249.7464599609375, 0.0, 0.20000040531158447, 0.0, -177.93875122070312, 9.011954361244168
5446, 313.77874755859375, -249.75559997558594, 0.0, 0.12500038743019104, 0.0, -177.93792724609375, 8.986149718240569
5447, 313.5227966308594, -249.76480102539062, 0.0, 0.0500003919005394, 0.0, -177.9375457763672, 8.946328567987372
5448, 313.26556396484375, -249.77406311035156, 0.0, 3.915280046840053e-07, 0.0, -177.93756103515625, 8.892734101587022
5449, 313.0174560546875, -249.78298950195312, 0.0, 0.0, 0.0, -177.93804931640625, 8.829805418109146
5450, 312.7702941894531, -249.7918701171875, 0.0, 0.0, 0.0, -177.9388427734375, 8.760189923387191
5451, 312.5213317871094, -249.8008270263672, 0.0, 0.0, 0.0, -177.9400177001953, 8.685273253130756
5452, 312.27496337890625, -249.80972290039062, 0.0, 0.0, 0.0, -177.9414520263672, 8.607863955061564
5453, 312.0319519042969, -249.81849670410156, 0.0, 0.0, 0.0, -177.94314575195312, 8.529315411799884
5454, 311.7933654785156, -249.8270721435547, 0.0, 0.0, 0.0, -177.94496154785156, 8.450738673806335
5455, 311.5492248535156, -249.83587646484375, 0.0, 0.0, 0.0, -177.94705200195312, 8.369285152192898
5456, 311.3073425292969, -249.84458923339844, 0.0, 0.0, 0.0, -177.9491729736328, 8.287860087357013
5457, 311.068359375, -249.85317993164062, 0.0, 0.0, 0.05000000074505806, -177.951416015625, 8.20736936765195
5458, 310.84033203125, -249.86135864257812, 0.0, 0.0, 0.125, -177.9536590576172, 8.12884706185938
5459, 310.6105041503906, -249.86959838867188, 0.0, 0.0, 0.17500001192092896, -177.95594787597656, 8.047486113570978
5460, 310.3964538574219, -249.8772735595703, 0.0, 0.0, 0.2500000298023224, -177.9581298828125, 7.969394383541802
5461, 310.1727294921875, -249.8852996826172, 0.0, 0.0, 0.3250000476837158, -177.96051025390625, 7.884979305792458
5462, 309.9454040527344, -249.8934326171875, 0.0, 0.0, 0.3750000596046448, -177.96298217773438, 7.795840576465478
5463, 309.727783203125, -249.9011993408203, 0.0, 0.0, 0.4500000774860382, -177.96543884277344, 7.707531410249081
5464, 309.5046081542969, -249.90919494628906, 0.0, 0.0, 0.3750000596046448, -177.96800231933594, 7.6142838505695645
5465, 309.29449462890625, -249.91668701171875, 0.0, 0.0, 0.3250000476837158, -177.97047424316406, 7.526475297800424
5466, 309.08221435546875, -249.92425537109375, 0.0, 0.0, 0.2500000298023224, -177.97300720214844, 7.437521325990097
5467, 308.8807067871094, -249.93145751953125, 0.0, 0.0, 0.17500001192092896, -177.9754180908203, 7.356356360215364
5468, 308.6727600097656, -249.9388427734375, 0.0, 0.0, 0.125, -177.97796630859375, 7.2721138255996625
5469, 308.4686279296875, -249.9460906982422, 0.0, 0.0, 0.05000000447034836, -177.980224609375, 7.200487684390646
5470, 308.2601623535156, -249.953369140625, -0.0038197184912860394, 0.0, -0.02499999664723873, -177.98582458496094, 7.1186844109578145
5471, 308.0546875, -249.9603271484375, -0.007639436982572079, 0.0, 0.0, -177.997802734375, 7.053064585724248
5472, 307.8501281738281, -249.96688842773438, -0.013369014486670494, 0.0, 0.0, -178.02052307128906, 6.968772584161056
5473, 307.6523132324219, -249.97274780273438, -0.019098592922091484, 0.0, 0.0, -178.05682373046875, 6.9074708652507875
5474, 307.4599609375, -249.97802734375, -0.019735213369131088, 0.0, 0.0, -178.10464477539062, 6.829650078861137
5475, 307.2590637207031, -249.98321533203125, -0.01846197433769703, 0.0, 0.0, -178.16424560546875, 6.767485507505001
5476, 307.06719970703125, -249.98802185058594, -0.01591549813747406, 0.0, 0.0, -178.22576904296875, 6.686764909072853
5477, 306.8753356933594, -249.9927215576172, -0.014005637727677822, 0.0, 0.0, -178.28843688964844, 6.6288268772483665
5478, 306.69268798828125, -249.99710083007812, -0.012732397764921188, 0.0, 0.0, -178.34751892089844, 6.553105606827526
5479, 306.4951171875, -250.0017852783203, -0.01082253735512495, 0.0, 0.0, -178.4087371826172, 6.491991738804477
5480, 306.31024169921875, -250.00616455078125, -0.008912676945328712, 0.0, 0.0, -178.46189880371094, 6.436707083100142
5481, 306.1272277832031, -250.01048278808594, -0.007002817466855049, 0.0, 0.0, -178.50999450683594, 6.355849173093293
5482, 305.94964599609375, -250.01466369628906, -0.005729577969759703, 0.0, 0.0, -178.55172729492188, 6.301728979907147
5483, 305.7718200683594, -250.01885986328125, -0.0038197189569473267, 0.0, 0.02500000037252903, -178.5882110595703, 6.224227551785915
5484, 305.5858154296875, -250.02325439453125, -0.0019098594784736633, 0.0, 0.10000000149011612, -178.61976623535156, 6.168165440767915
5485, 305.4066467285156, -250.02752685546875, 0.0, 0.0, 0.17500001192092896, -178.64263916015625, 6.112634877398627
5486, 305.2308654785156, -250.03176879882812, 0.0, 0.0, 0.2250000238418579, -178.65994262695312, 6.0217710009514285
5487, 305.04388427734375, -250.03623962402344, 0.0, 0.0, 0.30000004172325134, -178.67413330078125, 5.955831778232455
5488, 304.8736267089844, -250.040283203125, 0.0, 0.0, 0.3750000596046448, -178.683837890625, 5.8946836781032195
5489, 304.70947265625, -250.04417419433594, 0.0, 0.0, 0.40000006556510925, -178.69149780273438, 5.799132315950535
5490, 304.53729248046875, -250.04820251464844, 0.0, 0.0, 0.3500000536441803, -178.69805908203125, 5.72874688483856
5491, 304.3757019042969, -250.05197143554688, 0.0, 0.0, 0.27500003576278687, -178.70333862304688, 5.629526851547568
5492, 304.2108459472656, -250.05577087402344, 0.0, 0.0, 0.2250000238418579, -178.70790100097656, 5.565666453561016
5493, 304.04656982421875, -250.05953979492188, 0.0, 0.0, 0.30000004172325134, -178.7119140625, 5.460774213675625
5494, 303.8883972167969, -250.06317138671875, 0.0, 0.0, 0.3500000536441803, -178.71536254882812, 5.399815672090436
5495, 303.737548828125, -250.06649780273438, -0.005729577504098415, 0.0, 0.42500007152557373, -178.721923828125, 5.302295871007151
5496, 303.5818176269531, -250.06961059570312, -0.01145915500819683, 0.0, 0.4500000774860382, -178.73756408691406, 5.2372039811575775
5497, 303.43450927734375, -250.0722198486328, -0.015278873965144157, 0.0, 0.40000006556510925, -178.76182556152344, 5.133499586375765
5498, 303.2852478027344, -250.07444763183594, -0.021008450537919998, 0.0, 0.3250000476837158, -178.79937744140625, 5.072701025487807
5499, 303.14410400390625, -250.076171875, -0.026738028973340988, 0.0, 0.2500000298023224, -178.8478546142578, 4.974602238451472
5500, 303.00677490234375, -250.07733154296875, -0.030557747930288315, 0.0, 0.20000001788139343, -178.9090118408203, 4.9664973478573735
5501, 302.8703308105469, -250.07801818847656, -0.036287322640419006, 0.0, 0.125, -178.9850311279297, 4.936274743786222
5502, 302.7287902832031, -250.078125, -0.0420168936252594, 0.0, 0.20000001788139343, -179.08111572265625, 4.892059334174834
5503, 302.5939636230469, -250.0776824951172, -0.04583660885691643, 0.0, 0.2500000298023224, -179.188232421875, 4.842112704720806
5504, 302.46478271484375, -250.07669067382812, -0.04583660885691643, 0.0, 0.2500000298023224, -179.3055419921875, 4.7890534235131055
5505, 302.3290100097656, -250.0751190185547, -0.05156618356704712, 0.0, 0.3250000476837158, -179.4443817138672, 4.7287532374376635
5506, 302.1974792480469, -250.0729217529297, -0.06111546978354454, 0.0, 0.3500000536441803, -179.5943603515625, 4.667586748424202
5507, 302.0680236816406, -250.07009887695312, -0.06684504449367523, 0.0, 0.27500003576278687, -179.75779724121094, 4.607154336966293
5508, 301.938232421875, -250.06655883789062, -0.07066475600004196, 0.0, 0.2250000238418579, -179.9369354248047, 4.547917342997001
5509, 301.8138732910156, -250.0625, -0.07639432698488235, 0.0, 0.15000000596046448, 179.8767852783203, 4.493139064832808
5510, 301.6845397949219, -250.0574951171875, -0.08212390542030334, 0.0, 0.05000000447034836, 179.6668701171875, 4.439443665969574
5511, 301.5555114746094, -250.0516357421875, -0.0897633358836174, 0.0, -0.02499999664723873, 179.4393310546875, 4.388851918070906
5512, 301.43157958984375, -250.04515075683594, -0.09358304738998413, 0.0, 0.0, 179.20474243164062, 4.341775962062469
5513, 301.3158264160156, -250.03836059570312, -0.09931261837482452, 0.0, 0.0, 178.9714813232422, 4.2991933557459125
5514, 301.19549560546875, -250.03050231933594, -0.10313233733177185, 0.0, 0.0, 178.7149200439453, 4.2556995114374665
5515, 301.0729675292969, -250.02162170410156, -0.10886190831661224, 0.0, 0.0, 178.43887329101562, 4.211654383103071
5516, 300.9563293457031, -250.0122833251953, -0.11459147930145264, 0.07500000298023224, 0.0, 178.16162109375, 4.173229218890739
5517, 300.8387451171875, -250.0019989013672, -0.11841119825839996, 0.125, 0.0, 177.86880493164062, 4.141556501989523
5518, 300.72259521484375, -249.99099731445312, -0.12414076924324036, 0.20000001788139343, 0.0, 177.56640625, 4.11856429308309
5519, 300.6125793457031, -249.97972106933594, -0.12796048820018768, 0.2500000298023224, 0.0, 177.2686004638672, 4.105934970455106
5520, 300.50262451171875, -249.96763610839844, -0.13369005918502808, 0.3250000476837158, 0.0, 176.95950317382812, 4.102008730381576
5521, 300.3912048339844, -249.9545135498047, -0.1375097632408142, 0.3750000596046448, 0.0, 176.6350860595703, 4.107768567481117
5522, 300.2783203125, -249.94032287597656, -0.1432393491268158, 0.4500000774860382, 0.0, 176.294677734375, 4.12260030817764
5523, 300.167724609375, -249.92543029785156, -0.15087877213954926, 0.550000011920929, 0.0, 175.9480743408203, 4.146890085399296
5524, 300.0505065917969, -249.90858459472656, -0.15469849109649658, 0.5999999642372131, 0.0, 175.56723022460938, 4.184620504810768
5525, 299.9433898925781, -249.89227294921875, -0.16042806208133698, 0.6749998927116394, 0.0, 175.2080078125, 4.227537534377997
5526, 299.8305969238281, -249.87416076660156, -0.1642477810382843, 0.7249998450279236, 0.0, 174.81851196289062, 4.2814494865344965
5527, 299.7132263183594, -249.85421752929688, -0.1699773520231247, 0.7999997735023499, 0.0, 174.40121459960938, 4.345560877982092
5528, 299.5887451171875, -249.8318328857422, -0.17379705607891083, 0.7499998211860657, 0.0, 173.9460906982422, 4.418664075953604
5529, 299.4570617675781, -249.80686950683594, -0.17952664196491241, 0.6749998927116394, 0.0, 173.45108032226562, 4.492760480079708
5530, 299.3351135253906, -249.7823944091797, -0.1852562129497528, 0.5999999642372131, 0.0, 172.97854614257812, 4.554010104251163
5531, 299.21551513671875, -249.75718688964844, -0.18907591700553894, 0.550000011920929, 0.0, 172.50253295898438, 4.605997711555281
5532, 299.09234619140625, -249.72991943359375, -0.19480548799037933, 0.4750000536441803, 0.0, 171.99862670898438, 4.650024149641345
5533, 298.96435546875, -249.70008850097656, -0.19862520694732666, 0.42500004172325134, 0.0, 171.46029663085938, 4.685696234029622
5534, 298.83587646484375, -249.668701171875, -0.20180830359458923, 0.3500000238418579, 0.0, 170.90609741210938, 4.711156649679181
5535, 298.704833984375, -249.63525390625, -0.20180830359458923, 0.3500000238418579, 0.0, 170.33102416992188, 4.72611608001658
5536, 298.5789794921875, -249.60177612304688, -0.20117168128490448, 0.22499999403953552, 0.0, 169.77102661132812, 4.729748635310641
5537, 298.45770263671875, -249.5682373046875, -0.20180830359458923, 0.1499999761581421, 0.0, 169.22508239746094, 4.723545797933399
5538, 298.32965087890625, -249.53147888183594, -0.20180830359458923, 0.04999998211860657, 0.0, 168.64271545410156, 4.704778869032756
5539, 298.2098083496094, -249.49578857421875, -0.20053507387638092, -1.8253922817734747e-08, 0.0, 168.09324645996094, 4.6759367107287995
5540, 298.0866394042969, -249.4578094482422, -0.20117168128490448, 0.0, 0.0, 167.524169921875, 4.637825018749252
5541, 297.9627380371094, -249.4182586669922, -0.19989845156669617, 0.0, 0.0, 166.94839477539062, 4.595765677880518
5542, 297.8413391113281, -249.37814331054688, -0.20053507387638092, 0.0, 0.0, 166.38087463378906, 4.552481833800766
5543, 297.7250671386719, -249.33840942382812, -0.20117168128490448, 0.0, 0.0, 165.833740234375, 4.509999828122471
5544, 297.6038818359375, -249.29563903808594, -0.19989845156669617, 0.0, 0.0, 165.26113891601562, 4.4653664787820535
5545, 297.4920959472656, -249.25497436523438, -0.20053507387638092, 0.0, 0.0, 164.73049926757812, 4.423765354991015
5546, 297.37518310546875, -249.2111053466797, -0.20180830359458923, 0.0, 0.0, 164.17181396484375, 4.37986902619088
5547, 297.2635803222656, -249.16796875, -0.19989845156669617, 0.0, 0.0, 163.6361846923828, 4.338060151698108
5548, 297.1487731933594, -249.12225341796875, -0.20053507387638092, 0.0, 0.0, 163.08297729492188, 4.2947468406094185
5549, 297.0382995605469, -249.0770263671875, -0.20180830359458923, 0.0, 0.0, 162.5472869873047, 4.252828531516225
5550, 296.93133544921875, -249.03204345703125, -0.19989845156669617, 0.0, 0.0, 162.0266876220703, 4.2124032849828925
5551, 296.8210754394531, -248.9844207763672, -0.20053507387638092, 0.0, 0.0, 161.48760986328125, 4.170469208726016
5552, 296.7151794433594, -248.9375, -0.20117168128490448, 0.0, 0.05000000074505806, 160.96714782714844, 4.129535086787799
5553, 296.6073913574219, -248.88841247558594, -0.20180830359458923, 0.0, 0.125, 160.4335174560547, 4.085370639933069
5554, 296.50067138671875, -248.838623046875, -0.19989845156669617, 0.0, 0.20000001788139343, 159.9029083251953, 4.038585542857257
5555, 296.3955078125, -248.78829956054688, -0.20117168128490448, 0.0, 0.2500000298023224, 159.37681579589844, 3.9887596306571256
5556, 296.2930603027344, -248.73806762695312, -0.20180830359458923, 0.0, 0.2250000238418579, 158.86045837402344, 3.9382739150455084
5557, 296.1946105957031, -248.688720703125, -0.19989845156669617, 0.0, 0.15000000596046448, 158.3621368408203, 3.8905131345011568
5558, 296.0986022949219, -248.63951110839844, -0.20117168128490448, 0.0, 0.10000000149011612, 157.8737030029297, 3.845439009397905
5559, 295.9938659667969, -248.58457946777344, -0.20180830359458923, 0.0, 0.02500000409781933, 157.33729553222656, 3.7990220698819694
5560, 295.9001159667969, -248.5342559814453, -0.19989845156669617, 0.0, 0.0, 156.85487365722656, 3.7607126002839264
5561, 295.8140563964844, -248.48716735839844, -0.20117168128490448, 0.0, 0.0, 156.4103546142578, 3.726038108990838
5562, 295.7216796875, -248.435546875, -0.20180830359458923, 0.0, 0.0, 155.92979431152344, 3.688988705740387
5563, 295.63922119140625, -248.38861083984375, -0.19989845156669617, 0.0, 0.0, 155.4994659423828, 3.6561907017887445
5564, 295.5513000488281, -248.33763122558594, -0.20117168128490448, 0.05000000074505806, 0.0, 155.03829956054688, 3.621677172904225
5565, 295.4691467285156, -248.28907775878906, -0.20117168128490448, 0.05000000074505806, 0.0, 154.60484313964844, 3.5957024430742517
5566, 295.3846130371094, -248.23822021484375, -0.20053507387638092, 0.17500001192092896, 0.0, 154.1575469970703, 3.5778765258019916
5567, 295.29986572265625, -248.18630981445312, -0.20117168128490448, 0.20000001788139343, 0.0, 153.70765686035156, 3.5670515311024285
5568, 295.2172546386719, -248.1348419189453, -0.19989845156669617, 0.125, 0.0, 153.2684326171875, 3.5569178021646897
5569, 295.138427734375, -248.0848846435547, -0.19989845156669617, 0.05000000447034836, 0.0, 152.84786987304688, 3.540870754452566
5570, 295.0590515136719, -248.0337371826172, -0.20117168128490448, 4.0978194171259474e-09, 0.0, 152.42144775390625, 3.516590792661141
5571, 294.9799499511719, -247.98187255859375, -0.20180830359458923, 0.0, 0.0, 151.99270629882812, 3.488929469445128
5572, 294.9043273925781, -247.9315185546875, -0.19989845156669617, 0.0, 0.0, 151.5807342529297, 3.4597964212473484
5573, 294.8262023925781, -247.8785858154297, -0.20117168128490448, 0.0, 0.0, 151.15213012695312, 3.4280847818784466
5574, 294.7547912597656, -247.82945251464844, -0.20180830359458923, 0.0, 0.0, 150.75732421875, 3.398422028164186
5575, 294.6845397949219, -247.78041076660156, -0.20053507387638092, 0.0, 0.0, 150.36692810058594, 3.3690630533572588
5576, 294.61309814453125, -247.72972106933594, -0.20180830359458923, 0.0, 0.0, 149.9672393798828, 3.338801775827704
5577, 294.5480651855469, -247.68296813964844, -0.19989845156669617, 0.0, 0.0, 149.60208129882812, 3.3113067430940486
5578, 294.47918701171875, -247.63267517089844, -0.20117168128490448, 0.0, 0.0, 149.2128143310547, 3.2818146278928064
5579, 294.4125671386719, -247.5833740234375, -0.19989845156669617, 0.0, 0.0, 148.8348846435547, 3.2532960174592405
5580, 294.3485107421875, -247.5353240966797, -0.20053507387638092, 0.05000000074505806, 0.0, 148.46961975097656, 3.2241192539131043
5581, 294.28515625, -247.48712158203125, -0.20180830359458923, 0.10000000149011612, 0.0, 148.10606384277344, 3.201766171955816
5582, 294.2200012207031, -247.4368438720703, -0.20053507387638092, 0.15000000596046448, 0.0, 147.73057556152344, 3.1859884457749064
5583, 294.15435791015625, -247.38548278808594, -0.20117168128490448, 0.2250000238418579, 0.0, 147.3509063720703, 3.1778433849685
5584, 294.09356689453125, -247.33729553222656, -0.19989845156669617, 0.30000004172325134, 0.0, 146.9989013671875, 3.1789092011821207
5585, 294.0301208496094, -247.286376953125, -0.19989845156669617, 0.3750000596046448, 0.0, 146.631103515625, 3.189511525553714
5586, 293.9649658203125, -247.2333984375, -0.20117168128490448, 0.3750000596046448, 0.0, 146.2521209716797, 3.207580101767456
5587, 293.9029235839844, -247.18223571777344, -0.19989845156669617, 0.3250000476837158, 0.0, 145.89012145996094, 3.225556120633774
5588, 293.8411560058594, -247.13072204589844, -0.20053507387638092, 0.2500000298023224, 0.0, 145.52859497070312, 3.2384991540737706
5589, 293.7750244140625, -247.0747833251953, -0.20180830359458923, 0.20000001788139343, 0.0, 145.13818359375, 3.244628235723747
5590, 293.7074890136719, -247.01681518554688, -0.19989845156669617, 0.125, 0.0, 144.73681640625, 3.242098405399703
5591, 293.6450500488281, -246.9624786376953, -0.20117168128490448, 0.07500000298023224, 0.0, 144.3627166748047, 3.2313287829288684
5592, 293.5817565917969, -246.90667724609375, -0.20180830359458923, 4.0978194171259474e-09, 0.0, 143.97958374023438, 3.211813754658759
5593, 293.5271301269531, -246.8578643798828, -0.20053507387638092, 0.0, 0.0, 143.646240234375, 3.1924193290837346
5594, 293.4697265625, -246.8059844970703, -0.20180830359458923, 0.0, 0.0, 143.29348754882812, 3.1685944190191777
5595, 293.41082763671875, -246.7520294189453, -0.19989845156669617, 0.0, 0.0, 142.9290008544922, 3.1425434088452793
5596, 293.3508605957031, -246.69638061523438, -0.20117168128490448, 0.0, 0.0, 142.5552215576172, 3.114889184747912
5597, 293.2918395996094, -246.640869140625, -0.20180830359458923, 0.0, 0.0, 142.1841583251953, 3.0871248206338855
5598, 293.23602294921875, -246.58770751953125, -0.20053507387638092, 0.0, 0.0, 141.83091735839844, 3.0607183198567385
5599, 293.18115234375, -246.53477478027344, -0.20180830359458923, 0.0, 0.0, 141.481201171875, 3.0344090327427433
5600, 293.12860107421875, -246.4833984375, -0.19989845156669617, 0.0, 0.0, 141.1441192626953, 3.009197933931623
5601, 293.07647705078125, -246.43215942382812, -0.19034916162490845, 0.0, 0.0, 140.81411743164062, 2.9847938424339713
5602, 293.02301025390625, -246.37925720214844, -0.1839829683303833, 0.0, 0.0, 140.48252868652344, 2.959706306069135
5603, 292.970458984375, -246.3269805908203, -0.17761677503585815, 0.0, 0.0, 140.16468811035156, 2.9349715194137826
5604, 292.919677734375, -246.27630615234375, -0.16806748509407043, 0.0, 0.0, 139.8677520751953, 2.911212763329059
5605, 292.8672180175781, -246.22373962402344, -0.1617012917995453, 0.0, 0.0, 139.57199096679688, 2.8864641257054213
5606, 292.81640625, -246.17266845703125, -0.15533511340618134, 0.05000000074505806, 0.0, 139.29556274414062, 2.8592581405855375
5607, 292.7648620605469, -246.12075805664062, -0.14578582346439362, 0.125, 0.0, 139.02767944335938, 2.8409074309781457
5608, 292.71624755859375, -246.0716094970703, -0.1445125788450241, 0.17500001192092896, 0.0, 138.783935546875, 2.831818890283918
5609, 292.6651306152344, -246.01962280273438, -0.14260272681713104, 0.2500000298023224, 0.0, 138.53421020507812, 2.830519714064589
5610, 292.6143798828125, -245.96766662597656, -0.14132948219776154, 0.30000004172325134, 0.0, 138.29119873046875, 2.837915763286658
5611, 292.5628967285156, -245.91456604003906, -0.14132948219776154, 0.30000004172325134, 0.0, 138.04798889160156, 2.85276733109941
5612, 292.5119934082031, -245.86167907714844, -0.14005625247955322, 0.3500000536441803, 0.0, 137.81057739257812, 2.874604353629578
5613, 292.4599609375, -245.80726623535156, -0.13814638555049896, 0.42500007152557373, 0.0, 137.57078552246094, 2.904919123771183
5614, 292.4109802246094, -245.7556915283203, -0.13687315583229065, 0.4750000834465027, 0.0, 137.3475341796875, 2.9401104923126806
5615, 292.3603515625, -245.7019805908203, -0.13878300786018372, 0.5999999642372131, 0.0, 137.11669921875, 2.9834359740346836
5616, 292.3035583496094, -245.64100646972656, -0.1445125788450241, 0.574999988079071, 0.0, 136.85263061523438, 3.035560077339496
5617, 292.2516784667969, -245.58460998535156, -0.14833229780197144, 0.5250000357627869, 0.0, 136.60507202148438, 3.081361830820822
5618, 292.20074462890625, -245.52854919433594, -0.15215201675891876, 0.4750000536441803, 0.0, 136.3552703857422, 3.1216449298399453
5619, 292.1409606933594, -245.4618377685547, -0.15788158774375916, 0.40000003576278687, 0.0, 136.05123901367188, 3.1602418751467467
5620, 292.0890808105469, -245.40304565429688, -0.16361115872859955, 0.32500001788139343, 0.0, 135.77682495117188, 3.184929240433513
5621, 292.0386962890625, -245.3451690673828, -0.16743087768554688, 0.2750000059604645, 0.0, 135.50070190429688, 3.2011385794312277
5622, 291.9900207519531, -245.29039001464844, -0.171250581741333, 0.22499999403953552, 0.0, 135.1171417236328, 3.058396635581188
5623, 291.9432678222656, -245.23391723632812, -0.17507030069828033, 0.17499998211860657, 0.0, 134.75698852539062, 3.069133309735679
5624, 291.8948669433594, -245.17498779296875, -0.17316044867038727, 0.09999997913837433, 0.0, 134.41395568847656, 3.0675661516423096
5625, 291.8448486328125, -245.1139373779297, -0.17188720405101776, 0.1499999761581421, 0.0, 134.0772705078125, 3.0602130692095453
5626, 291.7943115234375, -245.0520782470703, -0.1699773520231247, 0.22499999403953552, 0.0, 133.74810791015625, 3.0557970390388585
5627, 291.7439270019531, -244.99012756347656, -0.1687041074037552, 0.2750000059604645, 0.0, 133.42681884765625, 3.058525583527246
5628, 291.69537353515625, -244.93003845214844, -0.16679425537586212, 0.3750000298023224, 0.0, 133.12188720703125, 3.0689222650491543
5629, 291.6479187011719, -244.87081909179688, -0.16488438844680786, 0.42500004172325134, 0.0, 132.8273468017578, 3.088496423173628
5630, 291.60009765625, -244.81057739257812, -0.16361115872859955, 0.4750000536441803, 0.0, 132.53330993652344, 3.1157202268457183
5631, 291.55194091796875, -244.7493438720703, -0.1617012917995453, 0.550000011920929, 0.0, 132.23985290527344, 3.150245687145548
5632, 291.5038146972656, -244.6875457763672, -0.16042806208133698, 0.5999999642372131, 0.0, 131.94918823242188, 3.1922207544078973
5633, 291.45489501953125, -244.6240692138672, -0.15915481746196747, 0.6499999165534973, 0.0, 131.65550231933594, 3.2414230839891247
5634, 291.4052734375, -244.55902099609375, -0.1572449654340744, 0.7249998450279236, 0.0, 131.35963439941406, 3.2977113536870415
5635, 291.3544006347656, -244.4916229248047, -0.1559717208147049, 0.7749997973442078, 0.0, 131.05845642089844, 3.3623377306497493
5636, 291.3045959472656, -244.42495727539062, -0.15469849109649658, 0.8249997496604919, 0.0, 130.76522827148438, 3.4312999883263693
5637, 291.2571105957031, -244.3607635498047, -0.15278862416744232, 0.8999996781349182, 0.0, 130.48736572265625, 3.501981686592969
5638, 291.2091369628906, -244.29168701171875, -0.151515394449234, 0.9499996304512024, 0.0, 130.24989318847656, 3.3582407384133637
5639, 291.1601257324219, -244.219970703125, -0.1502421498298645, 0.9999995827674866, 0.0, 130.00953674316406, 3.463075484842782
5640, 291.1101379394531, -244.1485137939453, -0.14833229780197144, 1.0, 0.0, 129.75746154785156, 3.5303944619134295
5641, 291.060302734375, -244.07688903808594, -0.14705905318260193, 1.0, 0.0, 129.5072479248047, 3.6360651413030345
5642, 291.0082702636719, -244.0014190673828, -0.14578582346439362, 1.0, 0.0, 129.2341766357422, 3.738867956149565
5643, 290.9579772949219, -243.92796325683594, -0.14387595653533936, 1.0, 0.0, 128.9642333984375, 3.83537064957757
5644, 290.90228271484375, -243.84605407714844, -0.14260272681713104, 1.0, 0.0, 128.6615447998047, 3.9394311919302045
5645, 290.84344482421875, -243.75901794433594, -0.14132948219776154, 1.0, 0.0, 128.3400115966797, 4.046619562875276
5646, 290.787353515625, -243.6755828857422, -0.13941963016986847, 1.0, 0.0, 128.0333251953125, 4.146600177444838
5647, 290.72802734375, -243.5867462158203, -0.13814638555049896, 1.0, 0.0, 127.70941162109375, 4.250162730996098
5648, 290.6678161621094, -243.49603271484375, -0.13814638555049896, 1.0, 0.0, 127.38191223144531, 4.3531989145125625
5649, 290.6083679199219, -243.4058074951172, -0.1349632889032364, 0.9750000238418579, 0.0, 127.05996704101562, 4.452434538807326
5650, 290.5477294921875, -243.31307983398438, -0.13369005918502808, 0.9250000715255737, 0.0, 126.73273468017578, 4.5496474160551745
5651, 290.4837341308594, -243.21446228027344, -0.13178019225597382, 0.8500001430511475, 0.0, 126.38917541503906, 4.645650833874524
5652, 290.42230224609375, -243.11915588378906, -0.1375097632408142, 0.7750002145767212, 0.0, 126.04669189453125, 4.662317726113855
5653, 290.36181640625, -243.0228729248047, -0.14132948219776154, 0.725000262260437, 0.0, 125.69686889648438, 4.734275910365048
5654, 290.3023681640625, -242.9258575439453, -0.14514920115470886, 0.6750003099441528, 0.0, 125.34442901611328, 4.791934085766958
5655, 290.24102783203125, -242.8246612548828, -0.15087877213954926, 0.6000003814697266, 0.0, 124.97084045410156, 4.854910224839459
5656, 290.1798400878906, -242.7222442626953, -0.15469849109649658, 0.5500004291534424, 0.0, 124.5879135131836, 4.908104003135172
5657, 290.1181335449219, -242.61746215820312, -0.15851819515228271, 0.5000004768371582, 0.0, 124.1900863647461, 4.952720082156704
5658, 290.0564880371094, -242.51092529296875, -0.1642477810382843, 0.42500045895576477, 0.0, 123.77790832519531, 4.98787730193013
5659, 289.9969177246094, -242.40611267089844, -0.16806748509407043, 0.3750004470348358, 0.05000000074505806, 123.36420440673828, 5.012527177094368
5660, 289.93804931640625, -242.30044555664062, -0.17188720405101776, 0.32500043511390686, 0.10000000149011612, 122.93916320800781, 5.027634182299219
5661, 289.8760070800781, -242.1866912841797, -0.1757069230079651, 0.2750004231929779, 0.15000000596046448, 122.4722671508789, 5.033994721021715
5662, 289.81842041015625, -242.07931518554688, -0.18143649399280548, 0.20000040531158447, 0.2250000238418579, 122.01626586914062, 4.900848021688628
5663, 289.76275634765625, -241.9718475341797, -0.1852562129497528, 0.15000039339065552, 0.27500003576278687, 121.5542221069336, 4.895310884986831
5664, 289.7123107910156, -241.87168884277344, -0.18907591700553894, 0.10000038892030716, 0.3250000476837158, 121.11495971679688, 4.8762076359406255
5665, 289.6585388183594, -241.76194763183594, -0.19480548799037933, 0.02500039152801037, 0.40000006556510925, 120.62271881103516, 4.8414454049604965
5666, 289.60894775390625, -241.65814208984375, -0.19862520694732666, -0.02499960921704769, 0.4500000774860382, 120.1467056274414, 4.797946580731092
5667, 289.5613098144531, -241.55604553222656, -0.19989845156669617, 0.0, 0.40000006556510925, 119.66989135742188, 4.749236460351901
5668, 289.51300048828125, -241.4501190185547, -0.20053507387638092, 0.0, 0.3250000476837158, 119.16787719726562, 4.695700092403327
5669, 289.46966552734375, -241.35276794433594, -0.20180830359458923, 0.0, 0.27500003576278687, 118.70181274414062, 4.64598168521631
5670, 289.42059326171875, -241.23985290527344, -0.20053507387638092, 0.0, 0.2250000238418579, 118.1578369140625, 4.58944175524566
5671, 289.37762451171875, -241.1385040283203, -0.20117168128490448, 0.0, 0.15000000596046448, 117.66781616210938, 4.540366157312486
5672, 289.3357238769531, -241.03713989257812, -0.20180830359458923, 0.0, 0.07500000298023224, 117.1767349243164, 4.493561677608436
5673, 289.2964172363281, -240.9398193359375, -0.20053507387638092, 0.0, 0.02500000409781933, 116.7054443359375, 4.450786612505547
5674, 289.2605285644531, -240.848876953125, -0.20180830359458923, 0.0, -0.02499999664723873, 116.26497650146484, 4.41194463266208
5675, 289.22283935546875, -240.7510223388672, -0.20053507387638092, 0.0, 0.0, 115.79179382324219, 4.371110332089023
5676, 289.1882629394531, -240.65914916992188, -0.20180830359458923, 0.0, 0.0, 115.34841918945312, 4.334705161904226
5677, 289.1519775390625, -240.56016540527344, -0.19989845156669617, 0.0, 0.0, 114.87272644042969, 4.296534952072082
5678, 289.11767578125, -240.46409606933594, -0.20117168128490448, 0.0, 0.0, 114.41252136230469, 4.259815204244368
5679, 289.0837097167969, -240.36639404296875, -0.19989845156669617, 0.0, 0.0, 113.94661712646484, 4.2225495585109245
5680, 289.052734375, -240.27456665039062, -0.20117168128490448, 0.0, 0.0, 113.5100326538086, 4.187328604391417
5681, 289.0223083496094, -240.181884765625, -0.20180830359458923, 0.02500000037252903, 0.0, 113.07036590576172, 4.152924200393566
5682, 288.99383544921875, -240.09251403808594, -0.20053507387638092, 0.07500000298023224, 0.0, 112.64794158935547, 4.123232774633872
5683, 288.96685791015625, -240.00564575195312, -0.20180830359458923, 0.125, 0.0, 112.23844909667969, 4.098713546329924
5684, 288.9403381347656, -239.9178924560547, -0.20053507387638092, 0.17500001192092896, 0.0, 111.82630920410156, 4.0794280521051265
5685, 288.9143371582031, -239.829345703125, -0.20180830359458923, 0.2250000238418579, 0.0, 111.41178894042969, 4.065815053371313
5686, 288.8896789550781, -239.74317932128906, -0.20053507387638092, 0.27500003576278687, 0.0, 111.0100326538086, 4.058714842283343
5687, 288.8646545410156, -239.6531524658203, -0.20117168128490448, 0.3500000536441803, 0.0, 110.59214782714844, 4.058001364557024
5688, 288.84039306640625, -239.5635528564453, -0.19989845156669617, 0.40000006556510925, 0.0, 110.1783218383789, 4.0653050994938305
5689, 288.8166809082031, -239.4733123779297, -0.20117168128490448, 0.4500000774860382, 0.0, 109.76322174072266, 4.0794461520503775
5690, 288.7934875488281, -239.38250732421875, -0.19989845156669617, 0.5000000596046448, 0.0, 109.34750366210938, 4.100166748233197
5691, 288.7709045410156, -239.29139709472656, -0.20117168128490448, 0.550000011920929, 0.0, 108.93206024169922, 4.126727967546303
5692, 288.7485046386719, -239.19825744628906, -0.19989845156669617, 0.5999999642372131, 0.0, 108.50932312011719, 4.159895236358724
5693, 288.72686767578125, -239.10556030273438, -0.20053507387638092, 0.6249999403953552, 0.0, 108.09031677246094, 4.19770492462418
5694, 288.7059020996094, -239.01258850097656, -0.20180830359458923, 0.574999988079071, 0.0, 107.67108154296875, 4.237126888630183
5695, 288.6847839355469, -238.915771484375, -0.19989845156669617, 0.5000000596046448, 0.0, 107.23614501953125, 4.275539587015884
5696, 288.66522216796875, -238.82293701171875, -0.20117168128490448, 0.4500000476837158, 0.0, 106.81981658935547, 4.30711356179211
5697, 288.64605712890625, -238.72911071777344, -0.19989845156669617, 0.40000003576278687, 0.0, 106.39974975585938, 4.333320365451826
5698, 288.6267395019531, -238.63131713867188, -0.20117168128490448, 0.3500000238418579, 0.0, 105.96208190917969, 4.354008349096244
5699, 288.60791015625, -238.53160095214844, -0.19989845156669617, 0.30000001192092896, 0.0, 105.51709747314453, 4.369169368651062
5700, 288.5909729003906, -238.43788146972656, -0.20117168128490448, 0.25, 0.0, 105.09880065917969, 4.376968680885974
5701, 288.574951171875, -238.3451690673828, -0.19989845156669617, 0.19999998807907104, 0.0, 104.68515014648438, 4.378788203530254
5702, 288.5594787597656, -238.2515106201172, -0.20117168128490448, 0.1499999761581421, 0.0, 104.26680755615234, 4.374156504261225
5703, 288.5445861816406, -238.1570281982422, -0.19989845156669617, 0.09999997913837433, 0.0, 103.8445816040039, 4.3633643456081295
5704, 288.53033447265625, -238.06224060058594, -0.20117168128490448, 0.04999998211860657, 0.0, 103.42018127441406, 4.34611108215526
5705, 288.5169677734375, -237.96890258789062, -0.19989845156669617, -1.8253922817734747e-08, 0.05000000074505806, 103.00178527832031, 4.322757841621656
5706, 288.5043029785156, -237.875732421875, -0.20053507387638092, 0.0, 0.125, 102.58370971679688, 4.293620900487621
5707, 288.49249267578125, -237.78350830078125, -0.20180830359458923, 0.0, 0.17500001192092896, 102.16883850097656, 4.260239670775557
5708, 288.4811096191406, -237.68896484375, -0.20053507387638092, 0.0, 0.2250000238418579, 101.74298095703125, 4.222788680832765
5709, 288.47076416015625, -237.5970001220703, -0.20180830359458923, 0.0, 0.27500003576278687, 101.32791900634766, 4.183757138960131
5710, 288.46142578125, -237.5081024169922, -0.20053507387638092, 0.0, 0.3250000476837158, 100.9261474609375, 4.14395763983762
5711, 288.45269775390625, -237.41845703125, -0.20180830359458923, 0.0, 0.3750000596046448, 100.52018737792969, 4.101484256927704
5712, 288.4441223144531, -237.32351684570312, -0.19989845156669617, 0.0, 0.3500000536441803, 100.09005737304688, 4.055319825526271
5713, 288.4370422363281, -237.2377166748047, -0.20117168128490448, 0.0, 0.30000004172325134, 99.70125579833984, 4.013295504231656
5714, 288.4302673339844, -237.14816284179688, -0.19989845156669617, 0.0, 0.2500000298023224, 99.29547882080078, 3.9703577111853834
5715, 288.42437744140625, -237.06117248535156, -0.20117168128490448, 0.0, 0.20000001788139343, 98.90100860595703, 3.929879425779179
5716, 288.4191589355469, -236.9756622314453, -0.19989845156669617, 0.0, 0.15000000596046448, 98.51349639892578, 3.89178948890782
5717, 288.4146728515625, -236.89205932617188, -0.20117168128490448, 0.0, 0.10000000149011612, 98.13447570800781, 3.856051381299028
5718, 288.41082763671875, -236.80999755859375, -0.19989845156669617, 0.0, 0.05000000447034836, 97.76254272460938, 3.822822164949433
5719, 288.4075012207031, -236.7278594970703, -0.20053507387638092, 0.0, -0.02499999664723873, 97.39047241210938, 3.7910264859863636
5720, 288.4046630859375, -236.6426544189453, -0.20180830359458923, 0.0, 0.0, 97.00391387939453, 3.760043531070071
5721, 288.4024353027344, -236.5566864013672, -0.20053507387638092, 0.0, 0.0, 96.61402893066406, 3.7296125204308415
5722, 288.40087890625, -236.4747772216797, -0.20180830359458923, 0.0, 0.0, 96.24211883544922, 3.7008135958438646
5723, 288.3998718261719, -236.3961639404297, -0.20053507387638092, 0.0, 0.0, 95.88538360595703, 3.6735034221356275
5724, 288.3994140625, -236.31130981445312, -0.20180830359458923, 0.0, 0.0, 95.49983978271484, 3.643976815857785
5725, 288.39947509765625, -236.2346649169922, -0.20053507387638092, 0.0, 0.0, 95.15156555175781, 3.6174923220940274
5726, 288.4000549316406, -236.15655517578125, -0.20180830359458923, 0.02500000037252903, 0.0, 94.79633331298828, 3.58961699608372
5727, 288.401123046875, -236.07870483398438, -0.20053507387638092, 0.07500000298023224, 0.0, 94.44227600097656, 3.565161497650766
5728, 288.4028015136719, -235.99769592285156, -0.20180830359458923, 0.125, 0.0, 94.07384490966797, 3.5445715299641107
5729, 288.40478515625, -235.919189453125, -0.20053507387638092, 0.17500001192092896, 0.0, 93.71715545654297, 3.5298662084879617
5730, 288.4069519042969, -235.84371948242188, -0.20180830359458923, 0.2250000238418579, 0.0, 93.37422943115234, 3.5212817722625718
5731, 288.40966796875, -235.76536560058594, -0.19989845156669617, 0.30000004172325134, 0.0, 93.0194091796875, 3.5192039734416083
5732, 288.41314697265625, -235.686767578125, -0.20117168128490448, 0.3500000536441803, 0.0, 92.66444396972656, 3.5249151425145113
5733, 288.4174499511719, -235.60556030273438, -0.20180830359458923, 0.42500007152557373, 0.0, 92.29800415039062, 3.537630701863075
5734, 288.42205810546875, -235.5287628173828, -0.20053507387638092, 0.4750000834465027, 0.0, 91.95242309570312, 3.5567349814603513
5735, 288.4270324707031, -235.4532012939453, -0.20180830359458923, 0.42500007152557373, 0.0, 91.61289978027344, 3.5784916393731896
5736, 288.43280029296875, -235.37234497070312, -0.20053507387638092, 0.3750000596046448, 0.0, 91.2501449584961, 3.6003625899430913
5737, 288.4390869140625, -235.2910919189453, -0.20180830359458923, 0.3250000476837158, 0.0, 90.88565826416016, 3.6181721126528466
5738, 288.4454650878906, -235.21502685546875, -0.20053507387638092, 0.27500003576278687, 0.0, 90.544189453125, 3.630328501886267
5739, 288.4524230957031, -235.1365509033203, -0.20180830359458923, 0.2250000238418579, 0.0, 90.19149017333984, 3.6373369861100877
5740, 288.4600830078125, -235.05612182617188, -0.20053507387638092, 0.17500001192092896, 0.0, 89.82958984375, 3.638732834383122
5741, 288.4680480957031, -234.977294921875, -0.20180830359458923, 0.125, 0.0, 89.47409057617188, 3.634058296465428
5742, 288.47698974609375, -234.89407348632812, -0.19989845156669617, 0.05000000447034836, 0.0, 89.09808349609375, 3.6221432092072323
5743, 288.4855651855469, -234.8185272216797, -0.20117168128490448, 4.0978194171259474e-09, 0.0, 88.7558822631836, 3.604500817159714
5744, 288.4949951171875, -234.73988342285156, -0.19989845156669617, 0.0, 0.0, 88.39879608154297, 3.582741179197102
5745, 288.5050964355469, -234.659912109375, -0.20117168128490448, 0.0, 0.0, 88.03461456298828, 3.557618923328829
5746, 288.515625, -234.5804443359375, -0.19989845156669617, 0.0, 0.0, 87.6719741821289, 3.531348841907907
5747, 288.5268249511719, -234.50035095214844, -0.20117168128490448, 0.0, 0.0, 87.30551147460938, 3.5040004089377033
5748, 288.53717041015625, -234.42909240722656, -0.19989845156669617, 0.0, 0.0, 86.97906494140625, 3.479489030419278
5749, 288.54833984375, -234.35562133789062, -0.20117168128490448, 0.0, 0.0, 86.64152526855469, 3.4538968365471794
5750, 288.55999755859375, -234.28195190429688, -0.19989845156669617, 0.0, 0.0, 86.30274963378906, 3.4282758181988258
5751, 288.5721740722656, -234.20761108398438, -0.20117168128490448, 0.0, 0.0, 85.96031951904297, 3.4022393206029995
5752, 288.58538818359375, -234.13023376464844, -0.19989845156669617, 0.0, 0.0, 85.603515625, 3.375236743617504
5753, 288.5978698730469, -234.05967712402344, -0.20117168128490448, 0.0, 0.0, 85.27735900878906, 3.350448876355695
5754, 288.6117858886719, -233.9839630126953, -0.20180830359458923, 0.0, 0.0, 84.92608642578125, 3.323792015928819
5755, 288.6247863769531, -233.91534423828125, -0.20053507387638092, 0.0, 0.0, 84.60748291015625, 3.299769526934131
5756, 288.6395568847656, -233.8401641845703, -0.20180830359458923, 0.05000000074505806, 0.0, 84.25740051269531, 3.2718434901103297
5757, 288.65350341796875, -233.77113342285156, -0.20053507387638092, 0.10000000149011612, 0.0, 83.9355239868164, 3.2515902410133446
5758, 288.6678161621094, -233.70260620117188, -0.20180830359458923, 0.15000000596046448, 0.0, 83.61579132080078, 3.2368315633361866
5759, 288.68231201171875, -233.63499450683594, -0.20053507387638092, 0.20000001788139343, 0.0, 83.30045318603516, 3.2280232004233533
5760, 288.69775390625, -233.56480407714844, -0.20180830359458923, 0.2500000298023224, 0.0, 82.97307586669922, 3.2248070315646435
5761, 288.7135009765625, -233.49534606933594, -0.20053507387638092, 0.30000004172325134, 0.0, 82.64970397949219, 3.2277282862779555
5762, 288.7300720214844, -233.42396545410156, -0.20180830359458923, 0.3500000536441803, 0.0, 82.31732940673828, 3.2366001461946747
5763, 288.746826171875, -233.35362243652344, -0.1992618292570114, 0.4500000774860382, 0.0, 81.99098205566406, 3.2519415619134318
5764, 288.76416015625, -233.28244018554688, -0.1979885846376419, 0.5000000596046448, 0.0, 81.66240692138672, 3.2756636533078196
5765, 288.7811279296875, -233.21414184570312, -0.1967153549194336, 0.550000011920929, 0.0, 81.34919738769531, 3.304780812711282
5766, 288.7990417480469, -233.1433563232422, -0.1954421103000641, 0.550000011920929, 0.0, 81.02684783935547, 3.3392521785395006
5767, 288.8168029785156, -233.0747833251953, -0.19416888058185577, 0.5000000596046448, 0.0, 80.71651458740234, 3.373036857310253
5768, 288.8362121582031, -233.0011444091797, -0.19289563596248627, 0.4500000476837158, 0.0, 80.38538360595703, 3.4064987274436054
5769, 288.8560485839844, -232.92706298828125, -0.19162240624427795, 0.40000003576278687, 0.0, 80.05408477783203, 3.4355445253289925
5770, 288.8758239746094, -232.8544921875, -0.19034916162490845, 0.3500000238418579, 0.0, 79.73107147216797, 3.458319509669745
5771, 288.89593505859375, -232.78253173828125, -0.18907591700553894, 0.30000001192092896, 0.0, 79.41171264648438, 3.4745722639653303
5772, 288.9172668457031, -232.70787048339844, -0.18780268728733063, 0.25, 0.0, 79.08153533935547, 3.4858038280842583
5773, 288.9387512207031, -232.63421630859375, -0.18652944266796112, 0.19999998807907104, 0.0, 78.7569351196289, 3.491020649852154
5774, 288.96124267578125, -232.55848693847656, -0.18461959064006805, 0.12499997764825821, 0.0, 78.42461395263672, 3.489393347526286
5775, 288.9830322265625, -232.48643493652344, -0.18334634602069855, 0.07499998062849045, 0.0, 78.10945129394531, 3.4808941783106477
5776, 289.00579833984375, -232.41233825683594, -0.18207311630249023, 0.024999981746077538, 0.0, 77.7863998413086, 3.465591879495298
5777, 289.0281066894531, -232.34091186523438, -0.18079987168312073, 0.0, 0.0, 77.4760513305664, 3.447243642610964
5778, 289.0506896972656, -232.2698974609375, -0.17952664196491241, 0.0, 0.0, 77.16836547851562, 3.425418640616507
5779, 289.0744934082031, -232.1962127685547, -0.1782533973455429, 0.0, 0.0, 76.85025024414062, 3.4009244543421486
5780, 289.0972595214844, -232.12705993652344, -0.1769801527261734, 0.0, 0.0, 76.5527572631836, 3.3769578852259676
5781, 289.1224670410156, -232.05169677734375, -0.1757069230079651, 0.0, 0.0, 76.22996520996094, 3.350275702098293
5782, 289.14508056640625, -231.98513793945312, -0.17443367838859558, 0.0, 0.0, 75.94603729248047, 3.3264477332989846
5783, 289.16876220703125, -231.9164581298828, -0.17316044867038727, 0.0, 0.0, 75.65446472167969, 3.3017232806271837
5784, 289.1927185058594, -231.8479461669922, -0.17188720405101776, 0.0, 0.0, 75.36497497558594, 3.276960751750242
5785, 289.2171936035156, -231.77908325195312, -0.1699773520231247, 0.0, 0.0, 75.07562255859375, 3.252038032950038
5786, 289.2413330078125, -231.71194458007812, -0.1687041074037552, 0.0, 0.0, 74.79533386230469, 3.227680526924015
5787, 289.26593017578125, -231.64450073242188, -0.1687041074037552, 0.0, 0.0, 74.51544952392578, 3.203161625024542
5788, 289.2899169921875, -231.57948303222656, -0.16106468439102173, 0.0, 0.0, 74.2490463256836, 3.179787326593355
5789, 289.314697265625, -231.5126953125, -0.15469849109649658, 0.0, 0.0, 73.9814453125, 3.155884719473716
5790, 289.3392639160156, -231.4469451904297, -0.14833229780197144, 0.0, 0.0, 73.72549438476562, 3.132393418980968
5791, 289.3632507324219, -231.38296508789062, -0.1419661045074463, 0.0, 0.0, 73.48426818847656, 3.1095226432035084
5792, 289.3865966796875, -231.32090759277344, -0.13559991121292114, 0.0, 0.0, 73.25859069824219, 3.0873312247706712
5793, 289.4111633300781, -231.25582885742188, -0.129233717918396, 0.0, 0.0, 73.03105926513672, 3.0640062846915974
5794, 289.4349060058594, -231.19309997558594, -0.12286753207445145, 0.0, 0.0, 72.82096862792969, 3.041492544960005
5795, 289.4586486816406, -231.1303253173828, -0.11331824213266373, 0.0, 0.0, 72.62129974365234, 3.0190355429031106
5796, 289.4823303222656, -231.0678253173828, -0.10886190831661224, 0.0, 0.0, 72.43250274658203, 2.996504944178241
5797, 289.5059814453125, -231.00558471679688, -0.10758867114782333, 0.0, 0.0, 72.25201416015625, 2.973868494425769
5798, 289.53082275390625, -230.9405975341797, -0.10631543397903442, 0.0, 0.0, 72.06928253173828, 2.950111884254099
5799, 289.55450439453125, -230.87933349609375, -0.11013514548540115, 0.0, 0.0, 71.89873504638672, 2.9274189920846543
5800, 289.5775146484375, -230.82054138183594, -0.11395486444234848, 0.0, 0.0, 71.73392486572266, 2.9054704673304568
5801, 289.6016845703125, -230.7595977783203, -0.11777457594871521, 0.0, 0.0, 71.55989837646484, 2.88258736305308
5802, 289.623779296875, -230.70468139648438, -0.12159428745508194, 0.0, 0.0, 71.39928436279297, 2.8618692815293802
5803, 289.64715576171875, -230.64747619628906, -0.12541399896144867, 0.0, 0.05000000074505806, 71.22730255126953, 2.834717174508633
5804, 289.6708068847656, -230.59034729003906, -0.129233717918396, 0.0, 0.10000000149011612, 71.05027770996094, 2.8088324180031696
5805, 289.6953430175781, -230.53192138671875, -0.13305343687534332, 0.0, 0.15000000596046448, 70.86349487304688, 2.7816380435416583
5806, 289.7191467285156, -230.47622680664062, -0.13878300786018372, 0.0, 0.2250000238418579, 70.67900085449219, 2.7539494503731623
5807, 289.7428283691406, -230.42160034179688, -0.14260272681713104, 0.0, 0.27500003576278687, 70.4917984008789, 2.72461543799023
5808, 289.76708984375, -230.36639404296875, -0.14642244577407837, 0.0, 0.3250000476837158, 70.29635620117188, 2.6927793120052472
5809, 289.7908935546875, -230.31304931640625, -0.1502421498298645, 0.0, 0.3750000596046448, 70.10139465332031, 2.6598639438852283
5810, 289.8151550292969, -230.25946044921875, -0.15406186878681183, 0.0, 0.42500007152557373, 69.89967346191406, 2.6246217566471803
5811, 289.8393249511719, -230.20692443847656, -0.15788158774375916, 0.0, 0.4750000834465027, 69.69595336914062, 2.5878251411224955
5812, 289.8634948730469, -230.15513610839844, -0.1617012917995453, 0.0, 0.4750000536441803, 69.48912811279297, 2.5499298275372553
5813, 289.88690185546875, -230.10565185546875, -0.16552101075649261, 0.0, 0.42500004172325134, 69.28622436523438, 2.5136425683564867
5814, 289.9105224609375, -230.05650329589844, -0.16934072971343994, 0.0, 0.3750000298023224, 69.07897186279297, 2.4785141299828184
5815, 289.9333801269531, -230.00962829589844, -0.17316044867038727, 0.0, 0.32500001788139343, 68.87631225585938, 2.44634124772451
5816, 289.9565734863281, -229.96261596679688, -0.1769801527261734, 0.0, 0.2750000059604645, 68.6679458618164, 2.4155148818662036
5817, 289.9809265136719, -229.91412353515625, -0.1827097237110138, 0.0, 0.19999998807907104, 68.44683837890625, 2.3856843845539264
5818, 290.0048828125, -229.8671417236328, -0.18652944266796112, 0.0, 0.1499999761581421, 68.22650909423828, 2.3589814504600133
5819, 290.02838134765625, -229.82177734375, -0.19034916162490845, 0.0, 0.09999997913837433, 68.0084457397461, 2.3350694455211745
5820, 290.05194091796875, -229.77694702148438, -0.19416888058185577, 0.0, 0.04999998211860657, 67.78778076171875, 2.3132444389697033
5821, 290.0747375488281, -229.7341766357422, -0.1979885846376419, 0.0, -1.8253922817734747e-08, 67.57249450683594, 2.294130390647502
5822, 290.09912109375, -229.6890411376953, -0.20180830359458923, 0.05000000074505806, 0.0, 67.34017944335938, 2.2770647319306523
5823, 290.1230163574219, -229.6453857421875, -0.20053507387638092, 0.10000000149011612, 0.0, 67.11253356933594, 2.2656502747574847
5824, 290.1474609375, -229.60107421875, -0.20180830359458923, 0.15000000596046448, 0.0, 66.87956237792969, 2.259560648205193
5825, 290.171875, -229.5579071044922, -0.20053507387638092, 0.20000001788139343, 0.0, 66.6513900756836, 2.259144166163485
5826, 290.1968994140625, -229.51426696777344, -0.20180830359458923, 0.2500000298023224, 0.0, 66.4195556640625, 2.263673711253725
5827, 290.2227783203125, -229.4695281982422, -0.19989845156669617, 0.3250000476837158, 0.0, 66.1819076538086, 2.2739100433764134
5828, 290.2488708496094, -229.42454528808594, -0.20117168128490448, 0.3750000596046448, 0.0, 65.94345092773438, 2.2926885927317504
5829, 290.27593994140625, -229.3775177001953, -0.20180830359458923, 0.4500000774860382, 0.0, 65.69490051269531, 2.318503529208697
5830, 290.3025207519531, -229.33148193359375, -0.20053507387638092, 0.5000000596046448, 0.0, 65.4524154663086, 2.3516711542626574
5831, 290.327880859375, -229.2880401611328, -0.20180830359458923, 0.550000011920929, 0.0, 65.22344207763672, 2.3873761350237723
5832, 290.3544921875, -229.24288940429688, -0.20053507387638092, 0.550000011920929, 0.0, 64.98551177978516, 2.4272987676776574
5833, 290.38201904296875, -229.19674682617188, -0.20180830359458923, 0.5000000596046448, 0.0, 64.74212646484375, 2.4667320349411
5834, 290.4100646972656, -229.15028381347656, -0.20053507387638092, 0.4500000476837158, 0.0, 64.49644470214844, 2.50246785824182
5835, 290.438232421875, -229.10415649414062, -0.20180830359458923, 0.40000003576278687, 0.0, 64.25166320800781, 2.5327040466413244
5836, 290.4676513671875, -229.05645751953125, -0.20053507387638092, 0.3500000238418579, 0.0, 63.99781799316406, 2.55841414567695
5837, 290.4972229003906, -229.00900268554688, -0.20180830359458923, 0.30000001192092896, 0.0, 63.744049072265625, 2.5781247851997806
5838, 290.5282287597656, -228.9597625732422, -0.19989845156669617, 0.22499999403953552, 0.0, 63.479896545410156, 2.5918090145319783
5839, 290.5581970214844, -228.91261291503906, -0.20117168128490448, 0.17499998211860657, 0.0, 63.22569274902344, 2.59797845262236
5840, 290.5893859863281, -228.8639373779297, -0.19989845156669617, 0.12499997764825821, 0.0, 62.962059020996094, 2.5984074000653847
5841, 290.6206359863281, -228.81509399414062, -0.20117168128490448, 0.07499998062849045, 0.0, 62.69625473022461, 2.5908286139791556
5842, 290.65087890625, -228.7681427001953, -0.19989845156669617, 0.024999981746077538, 0.0, 62.439796447753906, 2.579274475050984
5843, 290.68072509765625, -228.7223358154297, -0.20117168128490448, 0.0, 0.0, 62.18809127807617, 2.5674199058654774
5844, 290.7122497558594, -228.67469787597656, -0.19989845156669617, 0.0, 0.0, 61.92512130737305, 2.5522232332663606
5845, 290.7431945800781, -228.62921142578125, -0.20117168128490448, 0.0, 0.0, 61.67218017578125, 2.5363738160893066
5846, 290.7751770019531, -228.5828399658203, -0.19989845156669617, 0.0, 0.0, 61.413150787353516, 2.518580586534751
5847, 290.8070068359375, -228.5371856689453, -0.20117168128490448, 0.0, 0.0, 61.1568603515625, 2.4999902819717015
5848, 290.8353576660156, -228.496826171875, -0.19989845156669617, 0.0, 0.0, 60.92969512939453, 2.483257324457855
5849, 290.8652038574219, -228.45458984375, -0.20117168128490448, 0.0, 0.0, 60.691104888916016, 2.465373593808428
5850, 290.8945007324219, -228.4134063720703, -0.19989845156669617, 0.0, 0.0, 60.458072662353516, 2.4479534698426906
5851, 290.9232177734375, -228.37327575683594, -0.20117168128490448, 0.0, 0.0, 60.230106353759766, 2.4307922450094663
5852, 290.95458984375, -228.32977294921875, -0.19989845156669617, 0.0, 0.0, 59.982486724853516, 2.4122579778015165
5853, 290.9856872558594, -228.28704833984375, -0.20117168128490448, 0.0, 0.0, 59.73821258544922, 2.3938858945883212
5854, 291.0162048339844, -228.24546813964844, -0.19989845156669617, 0.0, 0.05000000074505806, 59.4994010925293, 2.3687851701989664
5855, 291.04754638671875, -228.20315551757812, -0.20117168128490448, 0.0, 0.10000000149011612, 59.25535583496094, 2.3457617656919525
5856, 291.0780944824219, -228.16221618652344, -0.20180830359458923, 0.0, 0.17500001192092896, 59.017887115478516, 2.3228705375815126
5857, 291.1093444824219, -228.1207733154297, -0.19989845156669617, 0.0, 0.2500000298023224, 58.776710510253906, 2.297601816815141
5858, 291.1391296386719, -228.08151245117188, -0.20117168128490448, 0.0, 0.30000004172325134, 58.54738235473633, 2.271079526498433
5859, 291.1696472167969, -228.04173278808594, -0.19989845156669617, 0.0, 0.3500000536441803, 58.314056396484375, 2.2418765937490908
5860, 291.1991271972656, -228.00360107421875, -0.20117168128490448, 0.0, 0.40000006556510925, 58.08932113647461, 2.211681543287286
5861, 291.2295227050781, -227.964599609375, -0.19989845156669617, 0.0, 0.4500000774860382, 57.85855484008789, 2.1785358445727554
5862, 291.25836181640625, -227.92791748046875, -0.20117168128490448, 0.0, 0.5000000596046448, 57.64027786254883, 2.1456729613733603
5863, 291.28643798828125, -227.89247131347656, -0.19989845156669617, 0.0, 0.4500000476837158, 57.42852783203125, 2.112413735097491
5864, 291.3160095214844, -227.85548400878906, -0.20117168128490448, 0.0, 0.40000003576278687, 57.206153869628906, 2.078628922071165
5865, 291.3438720703125, -227.82086181640625, -0.19989845156669617, 0.0, 0.3500000238418579, 56.997352600097656, 2.047456364951977
5866, 291.37310791015625, -227.7848358154297, -0.20117168128490448, 0.0, 0.30000001192092896, 56.77885055541992, 2.017575226742162
5867, 291.40057373046875, -227.7512664794922, -0.19989845156669617, 0.0, 0.25, 56.5748176574707, 1.9903416958379094
5868, 291.4278869628906, -227.71812438964844, -0.20117168128490448, 0.0, 0.19999998807907104, 56.37276077270508, 1.9671516394630064
5869, 291.45513916015625, -227.68524169921875, -0.19989845156669617, 0.0, 0.1499999761581421, 56.17209243774414, 1.9429757605872708
5870, 291.48150634765625, -227.65370178222656, -0.20053507387638092, 0.0, 0.07499998062849045, 55.97896194458008, 1.9248726500023698
5871, 291.5091247558594, -227.6209259033203, -0.20180830359458923, 0.0, 0.024999981746077538, 55.7773323059082, 1.9035992068984777
5872, 291.53570556640625, -227.58963012695312, -0.20053507387638092, 0.0, 0.0, 55.58468246459961, 1.8973266403086437
5873, 291.5631408691406, -227.5575714111328, -0.20180830359458923, 0.0, 0.0, 55.3870849609375, 1.8862299707441599
5874, 291.5898132324219, -227.52655029296875, -0.20053507387638092, 0.0, 0.0, 55.19566345214844, 1.873834500562399
5875, 291.6166687011719, -227.49563598632812, -0.20180830359458923, 0.0, 0.0, 55.003944396972656, 1.860463050764295
5876, 291.643798828125, -227.464599609375, -0.20053507387638092, 0.0, 0.0, 54.8110237121582, 1.8466718259622015
5877, 291.6713562011719, -227.43331909179688, -0.20180830359458923, 0.0, 0.0, 54.615936279296875, 1.8324061932703146
5878, 291.6972351074219, -227.40408325195312, -0.20053507387638092, 0.0, 0.0, 54.43307113647461, 1.819029299240624
5879, 291.72357177734375, -227.3745880126953, -0.20180830359458923, 0.0, 0.0, 54.247867584228516, 1.8053359923670473
5880, 291.7498474121094, -227.34536743164062, -0.20053507387638092, 0.0, 0.0, 54.06393051147461, 1.7923967693689886
5881, 291.7757568359375, -227.31692504882812, -0.20117168128490448, 0.0, 0.0, 53.884117126464844, 1.7799733613022295
5882, 291.8018493652344, -227.28851318359375, -0.20180830359458923, 0.0, 0.0, 53.70367431640625, 1.7669036673034737
5883, 291.8276062011719, -227.26055908203125, -0.20053507387638092, 0.0, 0.0, 53.52590560913086, 1.7538148310854003
5884, 291.8534240722656, -227.23269653320312, -0.20180830359458923, 0.0, 0.0, 53.3480224609375, 1.7405014095490925
5885, 291.8802490234375, -227.20382690429688, -0.20053507387638092, 0.0, 0.0, 53.16352081298828, 1.7267357011031608
5886, 291.9049377441406, -227.17686462402344, -0.20180830359458923, 0.0, 0.0, 52.990821838378906, 1.7129451716180346
5887, 291.93011474609375, -227.14886474609375, -0.20053507387638092, 0.0, 0.0, 52.811500549316406, 1.6976904299041273
5888, 291.9545593261719, -227.12188720703125, -0.20180830359458923, 0.0, 0.0, 52.63855743408203, 1.6840603661676297
5889, 291.98095703125, -227.0932159423828, -0.20053507387638092, 0.0, 0.0, 52.4538459777832, 1.6703375094834063
5890, 292.0044860839844, -227.06809997558594, -0.20180830359458923, 0.0, 0.0, 52.29123306274414, 1.658518357134784
5891, 292.0291442871094, -227.04209899902344, -0.20053507387638092, 0.0, 0.0, 52.1221923828125, 1.646473222403218
5892, 292.05419921875, -227.01605224609375, -0.20180830359458923, 0.0, 0.0, 51.95178985595703, 1.6342906134339366
5893, 292.0776062011719, -226.99232482910156, -0.20053507387638092, 0.0, 0.0, 51.7952766418457, 1.6261898038642926
5894, 292.10107421875, -226.9691925048828, -0.20180830359458923, 0.0, 0.0, 51.64112854003906, 1.6159684742994849
5895, 292.12445068359375, -226.94630432128906, -0.20053507387638092, 0.0, 0.0, 51.488521575927734, 1.6049981211507547
5896, 292.14837646484375, -226.9228515625, -0.20180830359458923, 0.05000000074505806, 0.0, 51.33095169067383, 1.586953631347396
5897, 292.17291259765625, -226.8987579345703, -0.20053507387638092, 0.10000000149011612, 0.0, 51.17013931274414, 1.5656891247329412
5898, 292.1968994140625, -226.8750762939453, -0.20180830359458923, 0.15000000596046448, 0.0, 51.00716781616211, 1.5525790882760402
5899, 292.2204895019531, -226.85183715820312, -0.20053507387638092, 0.20000001788139343, 0.0, 50.85102462768555, 1.5531732752007785
5900, 292.2437744140625, -226.8289031982422, -0.20180830359458923, 0.2500000298023224, 0.0, 50.69454574584961, 1.5596693899325647
5901, 292.2682189941406, -226.8049774169922, -0.20053507387638092, 0.2500000298023224, 0.0, 50.5349006652832, 1.5685395248723584
5902, 292.2916259765625, -226.78208923339844, -0.20180830359458923, 0.20000001788139343, 0.0, 50.379615783691406, 1.5821890880005296
5903, 292.3153991699219, -226.75894165039062, -0.20053507387638092, 0.15000000596046448, 0.0, 50.22570037841797, 1.5931402130880674
5904, 292.3581237792969, -226.71759033203125, -0.20180830359458923, 0.10000000149011612, 0.0, 49.94004821777344, 1.552790595521139
5905, 292.381103515625, -226.69552612304688, -0.20180830359458923, 4.0978194171259474e-09, 0.0, 49.785186767578125, 1.570903930172028
5906, 292.4046325683594, -226.67306518554688, -0.20053507387638092, 0.0, 0.0, 49.63157653808594, 1.5834628132083117
5907, 292.4256896972656, -226.653076171875, -0.19989845156669617, 0.0, 0.0, 49.49563980102539, 1.5848958043073118
5908, 292.4468994140625, -226.63304138183594, -0.20053507387638092, 0.0, 0.0, 49.35927963256836, 1.5811064714626157
5909, 292.4701843261719, -226.61122131347656, -0.20180830359458923, 0.0, 0.0, 49.209739685058594, 1.5736695493014345
5910, 292.4928894042969, -226.59002685546875, -0.20053507387638092, 0.0, 0.0, 49.06414031982422, 1.5648560648224425
5911, 292.5137634277344, -226.5706329345703, -0.20180830359458923, 0.0, 0.0, 48.93020248413086, 1.5558783637185651
5912, 292.5353088378906, -226.5507354736328, -0.20117168128490448, 0.0, 0.0, 48.79222106933594, 1.5462592546871992
5913, 292.5580139160156, -226.53057861328125, -0.19989845156669617, 0.0, 0.0, 48.64997863769531, 1.5392917249907239
5914, 292.5805358886719, -226.51104736328125, -0.20117168128490448, 0.0, 0.0, 48.51028823852539, 1.5279345788236252
5915, 292.6021423339844, -226.4922637939453, -0.19989845156669617, 0.0, 0.0, 48.37580490112305, 1.517171515320698
5916, 292.6229553222656, -226.47412109375, -0.20117168128490448, 0.0, 0.0, 48.24596405029297, 1.5069360069935782
5917, 292.6453552246094, -226.45448303222656, -0.19989845156669617, 0.0, 0.0, 48.1057243347168, 1.496218849584231
5918, 292.6683654785156, -226.43417358398438, -0.20180830359458923, 0.0, 0.0, 47.96100997924805, 1.4864247786924325
5919, 292.6913757324219, -226.41357421875, -0.19989845156669617, 0.0, 0.0, 47.815589904785156, 1.4759376105357989
5920, 292.7105407714844, -226.39642333984375, -0.20180830359458923, 0.0, 0.0, 47.69453048706055, 1.4669623934135347
5921, 292.7312927246094, -226.37789916992188, -0.20053507387638092, 0.0, 0.0, 47.563758850097656, 1.4573561408398648
5922, 292.75201416015625, -226.35874938964844, -0.20180830359458923, 0.02500000037252903, 0.0, 47.43473815917969, 1.4358105453889736
5923, 292.77099609375, -226.3409881591797, -0.20053507387638092, 0.07500000298023224, 0.0, 47.3123664855957, 1.3973276629920603
5924, 292.7900695800781, -226.3232421875, -0.19989845156669617, 0.10000000149011612, 0.0, 47.18754959106445, 1.3639062080221698
5925, 292.809326171875, -226.3056182861328, -0.20117168128490448, 0.15000000596046448, 0.0, 47.06095886230469, 1.3371707080743511
5926, 292.82879638671875, -226.28805541992188, -0.19989845156669617, 0.20000001788139343, 0.0, 46.93273162841797, 1.3164987609338543
5927, 292.8500671386719, -226.26914978027344, -0.20117168128490448, 0.2500000298023224, 0.0, 46.79414749145508, 1.3662242752897606
5928, 292.8694152832031, -226.25241088867188, -0.19989845156669617, 0.30000004172325134, 0.0, 46.67289733886719, 1.3670941191826598
5929, 292.88800048828125, -226.2366180419922, -0.20117168128490448, 0.3500000536441803, 0.0, 46.557071685791016, 1.3640766524986458
5930, 292.9102478027344, -226.21786499023438, -0.19989845156669617, 0.3500000536441803, 0.0, 46.42295455932617, 1.4234289083312544
5931, 292.9326171875, -226.1990509033203, -0.20180830359458923, 0.3250000476837158, 0.0, 46.28764343261719, 1.464923552177526
5932, 292.9543762207031, -226.18087768554688, -0.20053507387638092, 0.27500003576278687, 0.0, 46.1550178527832, 1.4505679948631751
5933, 292.9748840332031, -226.16378784179688, -0.20180830359458923, 0.2250000238418579, 0.0, 46.02712631225586, 1.4438721594356763
5934, 292.99774169921875, -226.14503479003906, -0.20053507387638092, 0.17500001192092896, 0.0, 45.88975524902344, 1.501553295838959
5935, 293.0213317871094, -226.12599182128906, -0.20180830359458923, 0.125, 0.0, 45.74861526489258, 1.5253570100485712
5936, 293.04412841796875, -226.10769653320312, -0.19989845156669617, 0.15000000596046448, 0.0, 45.61014938354492, 1.5011270666703491
5937, 293.0661315917969, -226.0900115966797, -0.20180830359458923, 0.17500001192092896, 0.0, 45.4716796875, 1.482126509625065
5938, 293.09063720703125, -226.0703125, -0.20053507387638092, 0.2250000238418579, 0.0, 45.321739196777344, 1.5167847191607402
5939, 293.11346435546875, -226.0519256591797, -0.20180830359458923, 0.27500003576278687, 0.0, 45.18081283569336, 1.505769584628342
5940, 293.1376953125, -226.03237915039062, -0.20053507387638092, 0.3250000476837158, 0.0, 45.03139877319336, 1.5533578288202559
5941, 293.16033935546875, -226.01388549804688, -0.20180830359458923, 0.3250000476837158, 0.0, 44.894351959228516, 1.5513170179881903
5942, 293.1829528808594, -225.99533081054688, -0.20053507387638092, 0.27500003576278687, 0.0, 44.75614547729492, 1.5429211122685322
5943, 293.2078857421875, -225.9749755859375, -0.20180830359458923, 0.2250000238418579, 0.0, 44.60771560668945, 1.5997276753223961
5944, 293.2339782714844, -225.953857421875, -0.20053507387638092, 0.17500001192092896, 0.0, 44.452693939208984, 1.6274130398217574
5945, 293.2586975097656, -225.9340362548828, -0.20180830359458923, 0.125, 0.0, 44.30445861816406, 1.6048165184507095
5946, 293.28253173828125, -225.91506958007812, -0.20053507387638092, 0.07500000298023224, 0.0, 44.1585807800293, 1.5851158434670134
5947, 293.3062744140625, -225.89630126953125, -0.19989845156669617, 0.05000000447034836, 0.0, 44.01184844970703, 1.5692480081480003
5948, 293.33160400390625, -225.87652587890625, -0.20117168128490448, 0.05000000447034836, 0.0, 43.860145568847656, 1.602099617481787
5949, 293.3572082519531, -225.85659790039062, -0.19989845156669617, 0.10000000149011612, 0.0, 43.707332611083984, 1.6132099924770331
5950, 293.38134765625, -225.8379669189453, -0.20117168128490448, 0.15000000596046448, 0.0, 43.56281280517578, 1.590113385198539
5951, 293.40496826171875, -225.81982421875, -0.19989845156669617, 0.15000000596046448, 0.0, 43.41891098022461, 1.5707437907360493
5952, 293.4310607910156, -225.79995727539062, -0.20117168128490448, 0.10000000149011612, 0.0, 43.264034271240234, 1.5976706338518987
5953, 293.4571533203125, -225.7801513671875, -0.19989845156669617, 0.05000000447034836, 0.0, 43.109161376953125, 1.6079233748394108
5954, 293.4828796386719, -225.76080322265625, -0.20117168128490448, 4.0978194171259474e-09, 0.0, 42.95933151245117, 1.6090328272246308
5955, 293.5089111328125, -225.74134826660156, -0.19989845156669617, 0.0, 0.0, 42.807395935058594, 1.6112316024660254
5956, 293.53302001953125, -225.7234344482422, -0.20180830359458923, 0.0, 0.0, 42.66679000854492, 1.607505722535118
5957, 293.5585632324219, -225.70460510253906, -0.20053507387638092, 0.02500000037252903, 0.0, 42.5206184387207, 1.5955219285866897
5958, 293.5849914550781, -225.68515014648438, -0.20180830359458923, 0.07500000298023224, 0.0, 42.363037109375, 1.5755580473361464
5959, 293.6096496582031, -225.6670684814453, -0.20053507387638092, 0.07500000298023224, 0.0, 42.21464538574219, 1.5398540830724272
5960, 293.6331481933594, -225.64991760253906, -0.20180830359458923, 0.02500000409781933, 0.0, 42.0706787109375, 1.5121130101793012
5961, 293.65545654296875, -225.6337127685547, -0.20053507387638092, -0.02499999664723873, 0.0, 41.93353271484375, 1.4944101165210053
5962, 293.68017578125, -225.61585998535156, -0.20180830359458923, 0.0, 0.0, 41.78483963012695, 1.523337377878047
5963, 293.7052917480469, -225.59783935546875, -0.20117168128490448, 0.0, 0.0, 41.63785934448242, 1.5338307778507678
5964, 293.7286376953125, -225.5812225341797, -0.19989845156669617, 0.0, 0.0, 41.503055572509766, 1.5346203780431216
5965, 293.7525939941406, -225.5642852783203, -0.20117168128490448, 0.0, 0.0, 41.36543655395508, 1.5303742716032587
5966, 293.7782897949219, -225.5461883544922, -0.19989845156669617, 0.05000000074505806, 0.0, 41.21743392944336, 1.5189829804429398
5967, 293.80377197265625, -225.5283203125, -0.20117168128490448, 0.10000000149011612, 0.0, 41.071468353271484, 1.5022117334704346
5968, 293.8290710449219, -225.51063537597656, -0.19989845156669617, 0.10000000149011612, 0.0, 40.922725677490234, 1.489942085498862
5969, 293.85400390625, -225.4933319091797, -0.20117168128490448, 0.05000000447034836, 0.0, 40.7790641784668, 1.4846190256668774
5970, 293.8768615722656, -225.4775390625, -0.20117168128490448, 0.05000000447034836, 0.0, 40.64472961425781, 1.453303828968301
5971, 293.90045166015625, -225.46121215820312, -0.20117168128490448, 0.0, 0.0, 40.50786590576172, 1.4702503430490856
5972, 293.92449951171875, -225.44447326660156, -0.20053507387638092, 0.0, 0.0, 40.37062072753906, 1.4754575482199774
5973, 293.9489440917969, -225.427490234375, -0.20180830359458923, 0.0, 0.0, 40.23120880126953, 1.4730143994417961
5974, 293.9739074707031, -225.41033935546875, -0.20053507387638092, 0.0, 0.0, 40.08976364135742, 1.4666946440119333
5975, 293.9969482421875, -225.39471435546875, -0.20117168128490448, 0.02500000037252903, 0.0, 39.96255874633789, 1.4515498750658076
5976, 294.01904296875, -225.3797607421875, -0.19989845156669617, 0.07500000298023224, 0.0, 39.833641052246094, 1.4088015705657977
5977, 294.04266357421875, -225.36387634277344, -0.20117168128490448, 0.07500000298023224, 0.0, 39.69343185424805, 1.4065793846375139
5978, 294.06622314453125, -225.34815979003906, -0.19989845156669617, 0.02500000409781933, 0.0, 39.55818176269531, 1.4051101608176861
5979, 294.0877990722656, -225.33387756347656, -0.20180830359458923, 4.0978194171259474e-09, 0.0, 39.43206787109375, 1.374705868724324
5980, 294.1095275878906, -225.3197021484375, -0.20053507387638092, 0.0, 0.0, 39.307212829589844, 1.3927616252059274
5981, 294.1326599121094, -225.3049774169922, -0.20180830359458923, 0.0, 0.0, 39.17741394042969, 1.398751964377314
5982, 294.1561279296875, -225.29014587402344, -0.20053507387638092, 0.0, 0.0, 39.046653747558594, 1.39732257744898
5983, 294.17791748046875, -225.27638244628906, -0.20180830359458923, 0.0, 0.0, 38.92511749267578, 1.3925694075193455
5984, 294.19989013671875, -225.26258850097656, -0.20053507387638092, 0.02500000037252903, 0.0, 38.805965423583984, 1.3785007692746576
5985, 294.22216796875, -225.24850463867188, -0.19989845156669617, 0.05000000074505806, 0.0, 38.67726516723633, 1.3252606815589387
5986, 294.24371337890625, -225.23492431640625, -0.20117168128490448, 0.10000000149011612, 0.0, 38.55101776123047, 1.2843855929434642
5987, 294.2640075683594, -225.2221221923828, -0.19989845156669617, 0.05000000447034836, 0.0, 38.4317512512207, 1.2638463702368554
5988, 294.283935546875, -225.20957946777344, -0.20117168128490448, 4.0978194171259474e-09, 0.0, 38.3132209777832, 1.2442682542075023
5989, 294.30615234375, -225.19566345214844, -0.19989845156669617, 0.0, 0.0, 38.18721008300781, 1.2914901175843774
5990, 294.32757568359375, -225.18231201171875, -0.20117168128490448, 0.0, 0.0, 38.068603515625, 1.3122942735450154
5991, 294.3479309082031, -225.16952514648438, -0.19989845156669617, 0.0, 0.0, 37.9559440612793, 1.320865755842409
5992, 294.36822509765625, -225.15640258789062, -0.20180830359458923, 0.0, 0.0, 37.84136199951172, 1.3192841224151224
5993, 294.39031982421875, -225.1421661376953, -0.20053507387638092, 0.05000000074505806, 0.0, 37.715972900390625, 1.3114403290336736
5994, 294.41241455078125, -225.1280975341797, -0.20180830359458923, 0.10000000149011612, 0.0, 37.591617584228516, 1.2887279796784152
5995, 294.4328308105469, -225.11526489257812, -0.20053507387638092, 0.15000000596046448, 0.0, 37.47565460205078, 1.2429536454126362
5996, 294.4522705078125, -225.10325622558594, -0.20180830359458923, 0.20000001788139343, 0.0, 37.36750030517578, 1.2202755270581012
5997, 294.4725036621094, -225.0908966064453, -0.20053507387638092, 0.15000000596046448, 0.0, 37.2563591003418, 1.1909656099733064
5998, 294.49237060546875, -225.07884216308594, -0.19989845156669617, 0.125, 0.0, 37.14554977416992, 1.1701642078479304
5999, 294.51153564453125, -225.06727600097656, -0.20117168128490448, 0.07500000298023224, 0.0, 37.03871154785156, 1.1647470669846718
6000, 294.5302429199219, -225.05633544921875, -0.19989845156669617, 0.02500000409781933, 0.0, 36.93888854980469, 1.1742865436294074
6001, 294.551513671875, -225.04405212402344, -0.20117168128490448, 0.07500000298023224, 0.0, 36.82823181152344, 1.2638886349336333
6002, 294.5734558105469, -225.03143310546875, -0.19989845156669617, 0.125, 0.0, 36.71490478515625, 1.2730759012311985
6003, 294.5940246582031, -225.0196075439453, -0.20117168128490448, 0.17500001192092896, 0.0, 36.60475158691406, 1.2328545263571797
6004, 294.61395263671875, -225.00816345214844, -0.20053507387638092, 0.20000001788139343, 0.0, 36.4967155456543, 1.2088607607166444
6005, 294.6341247558594, -224.99658203125, -0.20180830359458923, 0.2500000298023224, 0.0, 36.38658905029297, 1.1899691586083
6006, 294.65435791015625, -224.98492431640625, -0.20053507387638092, 0.2500000298023224, 0.0, 36.27600860595703, 1.178545743384856
6007, 294.67388916015625, -224.9737091064453, -0.20180830359458923, 0.20000001788139343, 0.0, 36.169403076171875, 1.1790573820292884
6008, 294.6933288574219, -224.9625701904297, -0.20053507387638092, 0.15000000596046448, 0.0, 36.06005859375, 1.1656327851235786
6009, 294.715087890625, -224.95025634765625, -0.20180830359458923, 0.10000000149011612, 0.0, 35.93885803222656, 1.2874885372146696
6010, 294.73785400390625, -224.93743896484375, -0.20053507387638092, 0.07500000298023224, 0.0, 35.8148193359375, 1.314207596336056
6011, 294.75836181640625, -224.92599487304688, -0.20180830359458923, 0.10000000149011612, 0.0, 35.703495025634766, 1.2752389271083635
6012, 294.7781066894531, -224.9149932861328, -0.20053507387638092, 0.15000000596046448, 0.0, 35.59605026245117, 1.2545699815986813
6013, 294.800537109375, -224.9025115966797, -0.20180830359458923, 0.20000001788139343, 0.0, 35.476436614990234, 1.2867919190951278
6014, 294.82318115234375, -224.889892578125, -0.20053507387638092, 0.15000000596046448, 0.0, 35.3563346862793, 1.3062776974358927
6015, 294.84490966796875, -224.8778533935547, -0.20180830359458923, 0.10000000149011612, 0.0, 35.24043273925781, 1.2739520379881348
6016, 294.8656311035156, -224.8663787841797, -0.20117168128490448, 0.07500000298023224, 0.0, 35.12819290161133, 1.2545589463553513
6017, 294.8880615234375, -224.85401916503906, -0.19989845156669617, 0.02500000409781933, 0.0, 35.00881576538086, 1.2867847554256449
6018, 294.90985107421875, -224.842041015625, -0.20117168128490448, -0.02499999664723873, 0.0, 34.89134216308594, 1.259481082038369
6019, 294.93115234375, -224.83038330078125, -0.19989845156669617, 0.0, 0.0, 34.7774772644043, 1.293234495400692
6020, 294.9527893066406, -224.8188018798828, -0.20117168128490448, 0.05000000074505806, 0.0, 34.6634407043457, 1.2899486346533886
6021, 294.97607421875, -224.8065185546875, -0.19989845156669617, 0.10000000149011612, 0.0, 34.541690826416016, 1.2908587949265087
6022, 294.9988708496094, -224.79454040527344, -0.20117168128490448, 0.15000000596046448, 0.0, 34.422401428222656, 1.2921445249175332
6023, 295.02008056640625, -224.7833709716797, -0.20053507387638092, 0.125, 0.0, 34.309600830078125, 1.2622274000481877
6024, 295.04022216796875, -224.7727813720703, -0.20180830359458923, 0.07500000298023224, 0.0, 34.201866149902344, 1.236475968190933
6025, 295.0615234375, -224.76158142089844, -0.20053507387638092, 0.02500000409781933, 0.0, 34.086883544921875, 1.208182154456624
6026, 295.08447265625, -224.74948120117188, -0.20180830359458923, -0.02499999664723873, 0.0, 33.964088439941406, 1.2262689760269525
6027, 295.1072692871094, -224.73739624023438, -0.20053507387638092, 0.0, 0.0, 33.84422302246094, 1.2643217992587215
6028, 295.1308288574219, -224.7249298095703, -0.20180830359458923, 0.05000000074505806, 0.0, 33.7216682434082, 1.2839799425844476
6029, 295.151123046875, -224.71414184570312, -0.20053507387638092, 0.10000000149011612, 0.0, 33.60833740234375, 1.2482151081306803
6030, 295.1715087890625, -224.70330810546875, -0.20180830359458923, 0.15000000596046448, 0.0, 33.49601364135742, 1.2119899845438555
6031, 295.193115234375, -224.69186401367188, -0.20117168128490448, 0.17500001192092896, 0.0, 33.37517547607422, 1.2324952952403871
6032, 295.21563720703125, -224.68014526367188, -0.19989845156669617, 0.2250000238418579, 0.0, 33.254722595214844, 1.2458134878563936
6033, 295.23626708984375, -224.66981506347656, -0.20117168128490448, 0.17500001192092896, 0.0, 33.143062591552734, 1.2204065504218515
6034, 295.2563171386719, -224.65989685058594, -0.19989845156669617, 0.125, 0.0, 33.031982421875, 1.2023917017597028
6035, 295.2782897949219, -224.64901733398438, -0.20117168128490448, 0.07500000298023224, 0.0, 32.90969467163086, 1.2471875473887857
6036, 295.3009033203125, -224.6378631591797, -0.19989845156669617, 0.02500000409781933, 0.0, 32.78987121582031, 1.2597634430338889
6037, 295.32135009765625, -224.62779235839844, -0.19989845156669617, 0.02500000409781933, 0.0, 32.67884826660156, 1.2340681997931056
6038, 295.3419189453125, -224.6176300048828, -0.20053507387638092, 0.10000000149011612, 0.0, 32.56473159790039, 1.2027523681453502
6039, 295.364501953125, -224.60647583007812, -0.20180830359458923, 0.15000000596046448, 0.0, 32.43975830078125, 1.2306686130334274
6040, 295.38702392578125, -224.59527587890625, -0.20053507387638092, 0.20000001788139343, 0.0, 32.32128143310547, 1.2591582577664178
6041, 295.40771484375, -224.58474731445312, -0.20180830359458923, 0.20000001788139343, 0.0, 32.211181640625, 1.2354919866824654
6042, 295.4277648925781, -224.57456970214844, -0.20053507387638092, 0.15000000596046448, 0.0, 32.102664947509766, 1.2171093473691452
6043, 295.4487609863281, -224.56402587890625, -0.19989845156669617, 0.125, 0.0, 31.990066528320312, 1.1934713675139113
6044, 295.47119140625, -224.55288696289062, -0.20117168128490448, 0.05000000447034836, 0.0, 31.871252059936523, 1.2543584155073246
6045, 295.49493408203125, -224.54132080078125, -0.20180830359458923, 0.10000000149011612, 0.0, 31.749595642089844, 1.2629918298135558
6046, 295.51556396484375, -224.5313262939453, -0.20053507387638092, 0.15000000596046448, 0.0, 31.640918731689453, 1.24043868905917
6047, 295.5357360839844, -224.52163696289062, -0.20180830359458923, 0.20000001788139343, 0.0, 31.53142738342285, 1.2233857870236362
6048, 295.5569152832031, -224.51153564453125, -0.20053507387638092, 0.2500000298023224, 0.0, 31.415807723999023, 1.207148605319268
6049, 295.5765686035156, -224.502197265625, -0.19989845156669617, 0.27500003576278687, 0.0, 31.307218551635742, 1.2104039723183817
6050, 295.59698486328125, -224.49256896972656, -0.20117168128490448, 0.2250000238418579, 0.0, 31.195903778076172, 1.2128097426630593
6051, 295.6184387207031, -224.4824981689453, -0.19989845156669617, 0.17500001192092896, 0.0, 31.078325271606445, 1.2119791562538869
6052, 295.6414489746094, -224.47177124023438, -0.20117168128490448, 0.125, 0.0, 30.955902099609375, 1.302207790832756
6053, 295.66375732421875, -224.46145629882812, -0.19989845156669617, 0.07500000298023224, 0.0, 30.839107513427734, 1.295676213559888
6054, 295.6848449707031, -224.45181274414062, -0.20180830359458923, 0.05000000447034836, 0.0, 30.72822380065918, 1.278417899997129
6055, 295.70721435546875, -224.44161987304688, -0.20053507387638092, 0.05000000447034836, 0.0, 30.61032485961914, 1.2530781500471626
6056, 295.73138427734375, -224.43072509765625, -0.20180830359458923, 0.10000000149011612, 0.0, 30.48919105529785, 1.3180174840529624
6057, 295.75396728515625, -224.42054748535156, -0.20053507387638092, 0.15000000596046448, 0.0, 30.37367820739746, 1.2906140429999493
6058, 295.7750549316406, -224.41107177734375, -0.20180830359458923, 0.15000000596046448, 0.0, 30.260629653930664, 1.2694134142852453
6059, 295.7975769042969, -224.40097045898438, -0.20053507387638092, 0.10000000149011612, 0.0, 30.13896369934082, 1.242572445050595
6060, 295.8182678222656, -224.3917694091797, -0.20180830359458923, 0.05000000447034836, 0.0, 30.029296875, 1.2264123698323788
6061, 295.8395690917969, -224.38232421875, -0.20117168128490448, 0.02500000409781933, 0.0, 29.914894104003906, 1.2107293253284723
6062, 295.8611755371094, -224.37283325195312, -0.19989845156669617, -0.02499999664723873, 0.0, 29.801128387451172, 1.189897196106063
6063, 295.8851013183594, -224.36233520507812, -0.20117168128490448, 0.02500000037252903, 0.0, 29.677183151245117, 1.2370188049383113
6064, 295.9090270996094, -224.3519287109375, -0.19989845156669617, 0.07500000298023224, 0.0, 29.55571937561035, 1.2507036615905223
6065, 295.92974853515625, -224.34295654296875, -0.20117168128490448, 0.125, 0.0, 29.449472427368164, 1.2274667277402407
6066, 295.9501647949219, -224.33416748046875, -0.19989845156669617, 0.125, 0.0, 29.342058181762695, 1.2093244237058787
6067, 295.9733581542969, -224.32427978515625, -0.20180830359458923, 0.10000000149011612, 0.0, 29.222686767578125, 1.2562151971095887
6068, 295.99676513671875, -224.31434631347656, -0.20053507387638092, 0.05000000447034836, 0.0, 29.104148864746094, 1.2638190991058778
6069, 296.01788330078125, -224.305419921875, -0.20180830359458923, 4.0978194171259474e-09, 0.0, 28.995759963989258, 1.2336125639697386
6070, 296.0389099121094, -224.29656982421875, -0.20053507387638092, 0.0, 0.0, 28.88772964477539, 1.2660827980369231
6071, 296.0627136230469, -224.28662109375, -0.20180830359458923, 0.0, 0.0, 28.766576766967773, 1.281936062965784
6072, 296.0865478515625, -224.27674865722656, -0.20053507387638092, 0.02500000037252903, 0.0, 28.647216796875, 1.2859702059395872
6073, 296.1081848144531, -224.267822265625, -0.19989845156669617, 0.05000000074505806, 0.0, 28.536474227905273, 1.2347161151439228
6074, 296.1289978027344, -224.25933837890625, -0.20117168128490448, 0.10000000149011612, 0.0, 28.42900276184082, 1.1937969952431369
6075, 296.1501770019531, -224.25071716308594, -0.19989845156669617, 0.15000000596046448, 0.0, 28.320091247558594, 1.1613937265668335
6076, 296.17120361328125, -224.24221801757812, -0.20117168128490448, 0.10000000149011612, 0.0, 28.212942123413086, 1.1386967600431799
6077, 296.1909484863281, -224.2342529296875, -0.20180830359458923, 0.02500000409781933, 0.0, 28.110504150390625, 1.1285553506661936
6078, 296.210205078125, -224.2265167236328, -0.20053507387638092, -0.02499999664723873, 0.0, 28.008453369140625, 1.1207911234226997
6079, 296.2321472167969, -224.2177734375, -0.19989845156669617, 0.0, 0.0, 27.897506713867188, 1.1839475433971005
6080, 296.25543212890625, -224.20849609375, -0.20117168128490448, 0.02500000037252903, 0.0, 27.782480239868164, 1.2276519739409495
6081, 296.2755126953125, -224.2006072998047, -0.19989845156669617, 0.07500000298023224, 0.0, 27.680307388305664, 1.1948132326408876
6082, 296.2958068847656, -224.192626953125, -0.20117168128490448, 0.125, 0.0, 27.575254440307617, 1.1540133560826422
6083, 296.3177185058594, -224.18409729003906, -0.19989845156669617, 0.07500000298023224, 0.0, 27.4643497467041, 1.175111588472906
6084, 296.33984375, -224.17552185058594, -0.20180830359458923, 0.05000000447034836, 0.0, 27.353710174560547, 1.1802077079132205
6085, 296.359375, -224.16798400878906, -0.20053507387638092, 4.0978194171259474e-09, 0.0, 27.25417709350586, 1.1536456481068265
6086, 296.38006591796875, -224.16004943847656, -0.20180830359458923, 0.0, 0.0, 27.149629592895508, 1.1849587670545167
6087, 296.4024658203125, -224.15151977539062, -0.20053507387638092, 0.0, 0.0, 27.037546157836914, 1.2008037917108771
6088, 296.4244689941406, -224.14317321777344, -0.20180830359458923, 0.0, 0.0, 26.92748260498047, 1.2053924084500678
6089, 296.44598388671875, -224.1350555419922, -0.20053507387638092, 0.05000000074505806, 0.0, 26.816957473754883, 1.2036405173338987
6090, 296.4659118652344, -224.1276092529297, -0.19989845156669617, 0.07500000298023224, 0.0, 26.717647552490234, 1.1490112408373832
6091, 296.48651123046875, -224.11993408203125, -0.20117168128490448, 0.125, 0.0, 26.61203384399414, 1.101488243102558
6092, 296.5080871582031, -224.11196899414062, -0.19989845156669617, 0.125, 0.0, 26.507055282592773, 1.1647485692739927
6093, 296.5283203125, -224.10455322265625, -0.20117168128490448, 0.07500000298023224, 0.0, 26.40961456298828, 1.1253080306347978
6094, 296.546875, -224.09774780273438, -0.19989845156669617, 0.02500000409781933, 0.0, 26.316059112548828, 1.096761018692558
6095, 296.56671142578125, -224.09051513671875, -0.20117168128490448, -0.02499999664723873, 0.0, 26.213918685913086, 1.060531038788825
6096, 296.5871276855469, -224.08311462402344, -0.20053507387638092, 0.0, 0.0, 26.11139678955078, 1.1136413597122665
6097, 296.6071472167969, -224.07591247558594, -0.20180830359458923, 0.0, 0.0, 26.012428283691406, 1.1401529681973022
6098, 296.6277160644531, -224.06857299804688, -0.20053507387638092, 0.05000000074505806, 0.0, 25.91267967224121, 1.145133489357571
6099, 296.6488952636719, -224.06100463867188, -0.20180830359458923, 0.10000000149011612, 0.0, 25.806110382080078, 1.1205929866014295
6100, 296.669921875, -224.0535888671875, -0.20053507387638092, 0.10000000149011612, 0.0, 25.700376510620117, 1.1099423127024315
6101, 296.6891784667969, -224.04681396484375, -0.20180830359458923, 0.05000000447034836, 0.0, 25.602109909057617, 1.0701358446937157
6102, 296.70947265625, -224.03970336914062, -0.20117168128490448, 0.02500000409781933, 0.0, 25.499021530151367, 1.0788461893360628
6103, 296.73016357421875, -224.03250122070312, -0.19989845156669617, 0.0, 0.0, 25.397640228271484, 1.1103599056158542
6104, 296.7510681152344, -224.0252227783203, -0.20053507387638092, 0.0, 0.0, 25.29513168334961, 1.1251139004248523
6105, 296.77117919921875, -224.018310546875, -0.20180830359458923, 0.0, 0.0, 25.19585609436035, 1.1293045329810578
6106, 296.7908935546875, -224.01153564453125, -0.20053507387638092, 0.02500000037252903, 0.0, 25.093904495239258, 1.1236234795026303
6107, 296.81207275390625, -224.0043487548828, -0.20180830359458923, 0.07500000298023224, 0.0, 24.988422393798828, 1.0861633116772942
6108, 296.83270263671875, -223.997314453125, -0.20117168128490448, 0.10000000149011612, 0.0, 24.87837791442871, 1.0661147740333978
6109, 296.85125732421875, -223.9908905029297, -0.19989845156669617, 0.10000000149011612, 0.0, 24.782230377197266, 1.034286265804557
6110, 296.8720397949219, -223.98367309570312, -0.20117168128490448, 0.05000000447034836, 0.0, 24.677555084228516, 1.0372317511142641
6111, 296.8926696777344, -223.97645568847656, -0.19989845156669617, 4.0978194171259474e-09, 0.0, 24.568456649780273, 1.031260014081854
6112, 296.91534423828125, -223.9687042236328, -0.20117168128490448, 0.0, 0.0, 24.454235076904297, 1.0692322666846095
6113, 296.93701171875, -223.96144104003906, -0.19989845156669617, 0.0, 0.0, 24.347219467163086, 1.0834974742162908
6114, 296.9595947265625, -223.95399475097656, -0.20053507387638092, 0.02500000037252903, 0.0, 24.237041473388672, 1.0674832859705543
6115, 296.98175048828125, -223.9467315673828, -0.20180830359458923, 0.07500000298023224, 0.0, 24.12216567993164, 1.024046441162838
6116, 297.0037536621094, -223.9396209716797, -0.20053507387638092, 0.07500000298023224, 0.0, 24.009506225585938, 0.9998312604963792
6117, 297.0242614746094, -223.9329376220703, -0.20180830359458923, 0.02500000409781933, 0.0, 23.89609718322754, 0.9858814371023276
6118, 297.0444030761719, -223.92654418945312, -0.20053507387638092, -0.02499999664723873, 0.0, 23.790283203125, 0.9795286152308446
6119, 297.0672302246094, -223.9196014404297, -0.20180830359458923, 0.0, 0.0, 23.674213409423828, 1.0239305994016539
6120, 297.0881042480469, -223.9134063720703, -0.20053507387638092, 0.0, 0.0, 23.571277618408203, 1.0391691984736982
6121, 297.1101989746094, -223.90682983398438, -0.20180830359458923, 0.0, 0.0, 23.46222496032715, 1.0433144243279138
6122, 297.1319885253906, -223.9003448486328, -0.20053507387638092, 0.05000000074505806, 0.0, 23.35634422302246, 1.031078286263854
6123, 297.15338134765625, -223.89393615722656, -0.20180830359458923, 0.10000000149011612, 0.0, 23.24759864807129, 0.9757511281052286
6124, 297.1731262207031, -223.88807678222656, -0.20053507387638092, 0.15000000596046448, 0.0, 23.151334762573242, 0.9554915590124619
6125, 297.1927185058594, -223.8821563720703, -0.20117168128490448, 0.2250000238418579, 0.0, 23.04688835144043, 0.9456404191393686
6126, 297.2128601074219, -223.87612915039062, -0.19989845156669617, 0.17500001192092896, 0.0, 22.944377899169922, 0.9445182605748537
6127, 297.2333679199219, -223.86990356445312, -0.20117168128490448, 0.125, 0.0, 22.83370590209961, 0.9403505808587082
6128, 297.25244140625, -223.8642120361328, -0.1992618292570114, 0.05000000447034836, 0.0, 22.737682342529297, 0.9529888708125744
6129, 297.2713623046875, -223.85850524902344, -0.1979885846376419, 4.0978194171259474e-09, 0.0, 22.638671875, 0.9576020156140446
6130, 297.2909851074219, -223.85269165039062, -0.1967153549194336, 0.0, 0.0, 22.541961669921875, 1.0023583311585056
6131, 297.3116455078125, -223.8466033935547, -0.1954421103000641, 0.0, 0.0, 22.443044662475586, 1.023338767796197
6132, 297.33209228515625, -223.8406219482422, -0.19416888058185577, 0.0, 0.0, 22.345735549926758, 1.030501031238637
6133, 297.3525085449219, -223.83465576171875, -0.19289563596248627, 0.0, 0.0, 22.249221801757812, 1.030749710767271
6134, 297.37127685546875, -223.82920837402344, -0.1922590136528015, 0.0, 0.0, 22.160747528076172, 1.0278276767898549
6135, 297.3899841308594, -223.8238067626953, -0.1909857839345932, 0.0, 0.0, 22.07276153564453, 1.0232802807179295
6136, 297.4094543457031, -223.8181915283203, -0.1897125393152237, 0.0, 0.0, 21.981740951538086, 1.0176123417285439
6137, 297.4289245605469, -223.81259155273438, -0.18843930959701538, 0.0, 0.0, 21.89109230041504, 1.0114134805561208
6138, 297.447021484375, -223.8074188232422, -0.18716606497764587, 0.0, 0.0, 21.807554244995117, 1.005416325420294
6139, 297.4650573730469, -223.80227661132812, -0.18652944266796112, 0.0, 0.0, 21.72451400756836, 0.9992768215874337
6140, 297.48394775390625, -223.79693603515625, -0.1852562129497528, 0.0, 0.0, 21.638174057006836, 0.9927940677203837
6141, 297.5033874511719, -223.7914581298828, -0.1839829683303833, 0.0, 0.0, 21.549938201904297, 0.9868129021948342
6142, 297.5216064453125, -223.78648376464844, -0.1827097237110138, 0.0, 0.0, 21.46824073791504, 0.9812427102973605
6143, 297.5391540527344, -223.78170776367188, -0.18143649399280548, 0.0, 0.0, 21.390148162841797, 0.975431325463452
6144, 297.5580139160156, -223.77655029296875, -0.18016324937343597, 0.0, 0.05000000074505806, 21.305423736572266, 0.9414340443056409
6145, 297.57269287109375, -223.77243041992188, -0.17889001965522766, 0.0, 0.10000000149011612, 21.224634170532227, 0.6773975360063835
6146, 297.58013916015625, -223.7703094482422, -0.1782533973455429, 0.0, 0.125, 21.17622947692871, 0.3290954179092542
6147, 297.58203125, -223.76953125, -0.1769801527261734, 0.0, 0.17500001192092896, 21.141990661621094, 0.04300213093748686
6148, 297.58203125, -223.76950073242188, -0.1757069230079651, 0.0, 0.2250000238418579, 21.140199661254883, 0.007546432445648872
6149, 297.5820617675781, -223.76950073242188, -0.15851819515228271, 0.0, 0.5000000596046448, 21.140382766723633, 0.0022445461364891464
6150, 297.58209228515625, -223.76950073242188, -0.1305069625377655, 0.0, 0.0, 21.139535903930664, 0.0011076056624566833
6151, 297.58209228515625, -223.7694854736328, -0.12987034022808075, 0.0, 0.0, 21.13946533203125, 0.0013844633126310782
6152, 297.5821228027344, -223.7694854736328, -0.12859709560871124, 0.0, 0.0, 21.139394760131836, 0.0012649762236056402
6153, 297.5821533203125, -223.7694854736328, -0.12796048820018768, 0.0, 0.0, 21.139331817626953, 0.001496125251157735
6154, 297.5821838378906, -223.7694854736328, -0.12541399896144867, 0.0, 0.0, 21.139331817626953, 0.00037704391693840696
