1, 3.68750262260437, 293.5520324707031, 0.0, 0.0, 0.0, -70.00006103515625, 0.0
2, 3.6875033378601074, 293.5520324707031, 0.0, 0.05000000074505806, 0.0, -70.00006103515625, 0.004530616734145795
3, 3.687504768371582, 293.5520324707031, 0.0, 0.125, 0.0, -70.00006103515625, 0.004787482506345618
4, 3.687506914138794, 293.5520324707031, 0.0, 0.17500001192092896, 0.0, -70.00006103515625, 0.004300982862424944
5, 3.687509059906006, 293.5520324707031, 0.0, 0.27500003576278687, 0.0, -70.00006103515625, 0.0037150593074386424
6, 3.6875112056732178, 293.5520324707031, 0.0, 0.3250000476837158, 0.0, -70.00006103515625, 0.0034430355990075242
7, 3.6875131130218506, 293.5520324707031, 0.0, 0.40000006556510925, 0.0, -70.00006103515625, 0.0032300208490398255
8, 3.687514305114746, 293.5520324707031, 0.0, 0.4500000774860382, 0.0, -70.00006103515625, 0.002259451934279891
9, 3.6875154972076416, 293.5520324707031, 0.0, 0.5250000357627869, 0.0, -70.00006103515625, 0.0020999678155368584
10, 3.687516689300537, 293.5520324707031, 0.0, 0.574999988079071, 0.0, -70.00006103515625, 0.0014639782306880968
11, 3.687516927719116, 293.5520324707031, 0.0, 0.7249998450279236, 0.0, -70.00006103515625, 0.0009297015715879589
12, 3.6875174045562744, 293.5520324707031, 0.0, 0.9249996542930603, 0.0, -70.00006103515625, 0.00047822383648202476
13, 3.6892881393432617, 293.5471496582031, 0.0, 1.0, 0.0, -69.99981689453125, 0.37260429035715775
14, 3.6960561275482178, 293.52850341796875, 0.0, 1.0, 0.0, -69.99823760986328, 0.8990357744261728
15, 3.7082533836364746, 293.4948425292969, 0.0, 1.0, 0.0, -69.9952392578125, 1.4160426014544911
16, 3.724841833114624, 293.4491271972656, 0.0, 1.0, 0.0, -69.99097442626953, 1.8826798770898319
17, 3.745164155960083, 293.3930969238281, 0.0, 1.0, 0.0, -69.9854507446289, 2.296756559620559
18, 3.7686572074890137, 293.32830810546875, 0.0, 1.0, 0.0, -69.97854614257812, 2.658491194914301
19, 3.7966573238372803, 293.2510986328125, 0.0, 1.0, 0.0, -69.97021484375, 2.987978144439307
20, 3.8273212909698486, 293.1666259765625, 0.0, 1.0, 0.0, -69.9620361328125, 3.264508792728469
21, 3.864814281463623, 293.0634765625, 0.0, 1.0, 0.0, -69.95389556884766, 3.5248104920715595
22, 3.905583143234253, 292.951416015625, 0.0, 1.0, 0.0, -69.947021484375, 3.7418472411319037
23, 3.944844961166382, 292.8436279296875, 0.0, 1.0, 0.0, -69.94183349609375, 3.909045940224485
24, 3.9820055961608887, 292.7416687011719, 0.0, 1.0, 0.0, -69.93779754638672, 4.044425841599092
25, 4.023932456970215, 292.6266784667969, 0.0, 1.0, 0.0, -69.93395233154297, 4.1808043788293325
26, 4.070332050323486, 292.49951171875, 0.0, 1.0, 0.0, -69.93036651611328, 4.319478094313023
27, 4.111749172210693, 292.3860168457031, 0.0, 1.0, 0.0, -69.92749786376953, 4.435955891678956
28, 4.160315036773682, 292.2529602050781, 0.0, 1.0, 0.0, -69.92448425292969, 4.5666263134427885
29, 4.202507495880127, 292.1374206542969, 0.0, 0.9750000238418579, 0.0, -69.92200469970703, 4.675272336103464
30, 4.24760627746582, 292.0138854980469, 0.0, 0.9000000953674316, 0.0, -69.9194564819336, 4.784538818775979
31, 4.2924485206604, 291.89111328125, 0.0, 0.8500001430511475, 0.0, -69.91712188720703, 4.884590026858639
32, 4.339158535003662, 291.76324462890625, 0.0, 0.7750002145767212, 0.0, -69.91477966308594, 4.978896342172332
33, 4.386722564697266, 291.6330871582031, 0.0, 0.725000262260437, 0.0, -69.91262817382812, 5.064926043402121
34, 4.4381794929504395, 291.4922790527344, 0.0, 0.6500003337860107, 0.0, -69.91047668457031, 5.146044970076429
35, 4.492274761199951, 291.3442687988281, 0.0, 0.5750004053115845, 0.0, -69.90838623046875, 5.216721460860326
36, 4.546666145324707, 291.19549560546875, 0.0, 0.5000004768371582, 0.0, -69.90657806396484, 5.272982322586507
37, 4.598482131958008, 291.05377197265625, 0.0, 0.45000046491622925, 0.0, -69.90518951416016, 5.312359119314972
38, 4.654912948608398, 290.8994445800781, 0.0, 0.3750004470348358, 0.0, -69.90388488769531, 5.310548988033927
39, 4.707003116607666, 290.7570495605469, 0.0, 0.3000004291534424, 0.0, -69.90314483642578, 5.267783092337224
40, 4.75947904586792, 290.61358642578125, 0.0, 0.22500041127204895, 0.0, -69.90283966064453, 5.244658464582781
41, 4.806177616119385, 290.4859313964844, 0.0, 0.15000039339065552, 0.0, -69.90283966064453, 5.203919654471894
42, 4.855454444885254, 290.35125732421875, 0.0, 0.17500039935112, 0.0, -69.90296173095703, 5.192226631031971
43, 4.905432224273682, 290.2146301269531, 0.0, 0.22500041127204895, 0.0, -69.90325164794922, 5.1407905257904565
44, 4.955421447753906, 290.0780334472656, 0.0, 0.3000004291534424, 0.0, -69.90363311767578, 5.127151772792058
45, 5.003261089324951, 289.947265625, 0.0, 0.35000044107437134, 0.0, -69.90411376953125, 5.087091037912576
46, 5.053444862365723, 289.81011962890625, 0.0, 0.42500045895576477, 0.0, -69.90451049804688, 5.083236114961393
47, 5.098016262054443, 289.6880798339844, -0.0038197184912860394, 0.4750004708766937, 0.0, -69.90692138671875, 5.06716442219816
48, 5.148492813110352, 289.5491638183594, -0.009549296461045742, 0.5500004291534424, 0.0, -69.91680145263672, 5.079171162666105
49, 5.197185039520264, 289.4141845703125, -0.015278873965144157, 0.6250003576278687, 0.0, -69.93634796142578, 5.0582000356269985
50, 5.246076583862305, 289.2775573730469, -0.019098592922091484, 0.6750003099441528, 0.0, -69.96800994873047, 5.0917169877509405
51, 5.294436931610107, 289.1412353515625, -0.024828169494867325, 0.7500002384185791, 0.0, -70.0121841430664, 5.098068914102908
52, 5.3433403968811035, 289.0022888183594, -0.024828171357512474, 0.8500001430511475, 0.0, -70.0683822631836, 5.158942564369668
53, 5.3893280029296875, 288.8710632324219, -0.023554934188723564, 0.9000000953674316, 0.0, -70.12713623046875, 5.210472268937502
54, 5.438142776489258, 288.7312927246094, -0.02164507657289505, 0.9750000238418579, 0.0, -70.19225311279297, 5.319230686787939
55, 5.4875664710998535, 288.5895690917969, -0.02037183754146099, 1.0, 0.0, -70.2584457397461, 5.394896434044633
56, 5.5340189933776855, 288.45623779296875, -0.018461979925632477, 1.0, 0.0, -70.319091796875, 5.534908118534268
57, 5.587215900421143, 288.30340576171875, -0.016552122309803963, 1.0, 0.0, -70.38445281982422, 5.703351994821039
58, 5.63798713684082, 288.15740966796875, -0.015278883278369904, 1.0, 0.0, -70.44274139404297, 5.8741693927342675
59, 5.694333553314209, 287.9952697753906, -0.01336902379989624, 1.0, 0.0, -70.50242614746094, 6.038509430152415
60, 5.756748676300049, 287.81561279296875, -0.011459163390100002, 1.0, 0.0, -70.5625, 6.200537589439092
61, 5.81065559387207, 287.66033935546875, -0.010185922496020794, 1.0, 0.0, -70.60931396484375, 6.32749131605405
62, 5.866788387298584, 287.4986572265625, -0.008276062086224556, 1.0, 0.0, -70.653076171875, 6.450451288604449
63, 5.928079128265381, 287.32208251953125, -0.007002823054790497, 1.0, 0.0, -70.69493865966797, 6.576831423352696
64, 5.99165678024292, 287.1389465332031, -0.005092964041978121, 1.0, 0.0, -70.73191833496094, 6.701424972617181
65, 6.051759719848633, 286.96588134765625, -0.005092964041978121, 1.0, 0.0, -70.76122283935547, 6.814593522391409
66, 6.111620903015137, 286.7935791015625, -0.0019098651828244328, 1.0, 0.0, -70.78472900390625, 6.923772524487237
67, 6.173139572143555, 286.61669921875, 0.0, 1.0, 0.0, -70.80252075195312, 7.032915843479188
68, 6.238868236541748, 286.4278259277344, 0.0, 1.0, 0.0, -70.81572723388672, 7.146697677216182
69, 6.304450988769531, 286.2393798828125, 0.0, 1.0, 0.0, -70.8247299194336, 7.257771357537598
70, 6.370998382568359, 286.0481262207031, 0.0, 1.0, 0.0, -70.83081817626953, 7.368286276003727
71, 6.4410080909729, 285.8464660644531, -0.0038197184912860394, 1.0, 0.0, -70.83797454833984, 7.482554850216908
72, 6.506361484527588, 285.6575622558594, -0.007639436982572079, 1.0, 0.0, -70.84918212890625, 7.587681862095134
73, 6.5756072998046875, 285.45623779296875, -0.013369014486670494, 1.0, 0.0, -70.8707046508789, 7.697664147305577
74, 6.643625736236572, 285.2569885253906, -0.019098592922091484, 1.0, 0.0, -70.90513610839844, 7.804554545850217
75, 6.712730407714844, 285.05291748046875, -0.02291831001639366, 1.0, 0.0, -70.95537567138672, 7.912257989289783
76, 6.783796787261963, 284.8410339355469, -0.02864788845181465, 1.0, 0.0, -71.02525329589844, 8.022085570555834
77, 6.855752944946289, 284.62432861328125, -0.03246760740876198, 1.0, 0.0, -71.11553955078125, 8.13262193836684
78, 6.926079750061035, 284.4101257324219, -0.03819718211889267, 1.0, 0.0, -71.22416687011719, 8.23994831359906
79, 6.99230432510376, 284.2063293457031, -0.03947041928768158, 1.0, 0.0, -71.34355926513672, 8.340790506732306
80, 7.062808036804199, 283.9874267578125, -0.037560559809207916, 0.9750000238418579, 0.0, -71.48418426513672, 8.4474632951089
81, 7.135208606719971, 283.7608947753906, -0.036287322640419006, 0.9250000715255737, 0.0, -71.63822174072266, 8.554418874308277
82, 7.206343173980713, 283.53680419921875, -0.03374084457755089, 0.8250001668930054, 0.0, -71.79473876953125, 8.654295957442123
83, 7.291223049163818, 283.26751708984375, -0.03246760740876198, 0.7500002384185791, 0.0, -71.98439025878906, 8.762089826953844
84, 7.367286205291748, 283.0244445800781, -0.02992113120853901, 0.6750003099441528, 0.0, -72.15431213378906, 8.847237394804425
85, 7.442981243133545, 282.7810363769531, -0.028011273592710495, 0.6000003814697266, 0.0, -72.32097625732422, 8.91952067112553
86, 7.515097618103027, 282.5475769042969, -0.026738034561276436, 0.5500004291534424, 0.0, -72.47676086425781, 8.97622070639162
87, 7.585463523864746, 282.31829833984375, -0.025464797392487526, 0.5000004768371582, 0.0, -72.62547302246094, 9.020501629194102
88, 7.658811569213867, 282.0777282714844, -0.023554939776659012, 0.42500045895576477, 0.0, -72.77598571777344, 9.05479948621057
89, 7.728635311126709, 281.84722900390625, -0.022281700745224953, 0.3750004470348358, 0.0, -72.91459655761719, 9.075399826709338
90, 7.803798675537109, 281.5974426269531, -0.02037184312939644, 0.3000004291534424, 0.0, -73.05786895751953, 9.084485722119693
91, 7.873579502105713, 281.3641662597656, -0.018461985513567924, 0.3750004470348358, 0.0, -73.18473815917969, 9.082532100102554
92, 7.944302082061768, 281.1263732910156, -0.017188748344779015, 0.42500045895576477, 0.0, -73.30683898925781, 9.077993762612502
93, 8.017132759094238, 280.88006591796875, -0.015278889797627926, 0.5000004768371582, 0.0, -73.4251480102539, 9.075250750173096
94, 8.09134578704834, 280.6277160644531, -0.013369029387831688, 0.5750004053115845, 0.0, -73.53721618652344, 9.078857029985809
95, 8.155190467834473, 280.40960693359375, -0.013369029387831688, 0.5750004053115845, 0.0, -73.62674713134766, 9.089341146577693
96, 8.231973648071289, 280.14617919921875, -0.010185928083956242, 0.7000002861022949, 0.0, -73.72557830810547, 9.111878209506765
97, 8.303913116455078, 279.8982849121094, -0.008912688121199608, 0.7750002145767212, 0.0, -73.80897521972656, 9.143578868707026
98, 8.372804641723633, 279.6601257324219, -0.006366209127008915, 0.8500001430511475, 0.0, -73.88007354736328, 9.184730886666411
99, 8.44371223449707, 279.4143981933594, -0.004456350114196539, 0.9250000715255737, 0.0, -73.94356536865234, 9.238464371880719
100, 8.516286849975586, 279.1623229980469, -0.0031831106171011925, 0.9750000238418579, 0.0, -73.99870300292969, 9.305317140529578
101, 8.586715698242188, 278.9173583984375, -0.0012732511386275291, 1.0, 0.0, -74.0428237915039, 9.380050040126735
102, 8.657527923583984, 278.6707458496094, 0.0, 1.0, 0.0, -74.07816314697266, 9.462440178263227
103, 8.72854995727539, 278.4230651855469, 0.0, 1.0, 0.0, -74.10597229003906, 9.55001416136509
104, 8.804543495178223, 278.1576232910156, 0.0, 1.0, 0.0, -74.1290054321289, 9.647327298839647
105, 8.875547409057617, 277.9092102050781, 0.0, 1.0, 0.0, -74.14573669433594, 9.740524918904796
106, 8.946685791015625, 277.6599426269531, 0.0, 1.0, 0.0, -74.15870666503906, 9.835239612365044
107, 9.02020263671875, 277.40179443359375, -0.0019098592456430197, 1.0, 0.0, -74.17044067382812, 9.933962888035156
108, 9.093749046325684, 277.1424255371094, -0.007639436982572079, 1.0, 0.0, -74.18583679199219, 10.03324347552168
109, 9.167245864868164, 276.8817138671875, -0.01145915500819683, 1.0, 0.0, -74.20906066894531, 10.132839870962096
110, 9.244658470153809, 276.60498046875, -0.01718873344361782, 1.0, 0.0, -74.24656677246094, 10.237934732670176
111, 9.319204330444336, 276.3362121582031, -0.021008450537919998, 1.0, 0.0, -74.29771423339844, 10.339385121110576
112, 9.397543907165527, 276.0509033203125, -0.026738028973340988, 1.0, 0.0, -74.3708267211914, 10.446073443105245
113, 9.472906112670898, 275.7740478515625, -0.024828171357512474, 1.0, 0.0, -74.45675659179688, 10.549206819199211
114, 9.546881675720215, 275.5004577636719, -0.02291831374168396, 1.0, 0.0, -74.55119323730469, 10.6504751291608
115, 9.621899604797363, 275.22149658203125, -0.021008457988500595, 1.0, 0.0, -74.65315246582031, 10.75293514222828
116, 9.694432258605957, 274.9505310058594, -0.019735218957066536, 1.0, 0.0, -74.75508117675781, 10.851619954907541
117, 9.772295951843262, 274.65826416015625, -0.017825361341238022, 1.0, 0.0, -74.86561584472656, 10.957072167052914
118, 9.847525596618652, 274.37469482421875, -0.016552122309803963, 1.0, 0.0, -74.97184753417969, 11.058425508197875
119, 9.930872917175293, 274.05908203125, -0.014642263762652874, 1.0, 0.0, -75.08683013916016, 11.17007601235804
120, 10.006508827209473, 273.7714538574219, -0.01336902379989624, 1.0, 0.0, -75.18778228759766, 11.270810142193877
121, 10.089142799377441, 273.4558410644531, -0.011459163390100002, 1.0, 0.0, -75.2928695678711, 11.38021275663805
122, 10.168859481811523, 273.150146484375, -0.010185922496020794, 1.0, 0.0, -75.38858795166016, 11.48509845958447
123, 10.249992370605469, 272.8377990722656, -0.008276062086224556, 1.0, 0.0, -75.47921752929688, 11.591184620059037
124, 10.329776763916016, 272.5287170410156, -0.014005640521645546, 1.0, 0.0, -75.56705474853516, 11.694884407930516
125, 10.410722732543945, 272.21240234375, -0.017825359478592873, 1.0, 0.0, -75.6604995727539, 11.799741385797109
126, 10.48859691619873, 271.9048767089844, -0.023554937914013863, 1.0, 0.0, -75.75971984863281, 11.900344632362328
127, 10.56472396850586, 271.60064697265625, -0.02737465687096119, 1.0, 0.0, -75.86905670166016, 11.998735560209012
128, 10.640884399414062, 271.29217529296875, -0.03310423344373703, 0.9750000238418579, 0.0, -75.9946517944336, 12.096844368245948
129, 10.720840454101562, 270.96368408203125, -0.03437747433781624, 0.9250000715255737, 0.0, -76.14501953125, 12.198759013084103
130, 10.801763534545898, 270.62677001953125, -0.03183099627494812, 0.8250001668930054, 0.0, -76.31208038330078, 12.298382121434866
131, 10.875388145446777, 270.3166809082031, -0.03055775724351406, 0.7750002145767212, 0.0, -76.47349548339844, 12.382976534550073
132, 10.949758529663086, 270.0001220703125, -0.028647899627685547, 0.7000002861022949, 0.0, -76.64286041259766, 12.461317097351778
133, 11.02975082397461, 269.65582275390625, -0.027374662458896637, 0.6500003337860107, 0.0, -76.82984924316406, 12.535925383494536
134, 11.102832794189453, 269.3379211425781, -0.025464804843068123, 0.5750004053115845, 0.0, -77.00284576416016, 12.594173819432587
135, 11.179445266723633, 269.0010986328125, -0.024191565811634064, 0.5250004529953003, 0.0, -77.1849136352539, 12.643911012036437
136, 11.255698204040527, 268.6622009277344, -0.02228170819580555, 0.45000046491622925, 0.0, -77.36505126953125, 12.680972280962832
137, 11.329435348510742, 268.3309020996094, -0.02100847102701664, 0.4000004529953003, 0.0, -77.53720092773438, 12.703817029670263
138, 11.403965950012207, 267.992431640625, -0.019098613411188126, 0.32500043511390686, 0.0, -77.70777130126953, 12.713367654145888
139, 11.478757858276367, 267.6490173339844, -0.017825374379754066, 0.2750004231929779, 0.0, -77.87458801269531, 12.708261221960793
140, 11.552630424499512, 267.30615234375, -0.015915516763925552, 0.20000040531158447, 0.0, -78.03416442871094, 12.688697784821109
141, 11.62360954284668, 266.9729919433594, -0.016552135348320007, 0.12500038743019104, 0.0, -78.18354034423828, 12.655486135622986
142, 11.691096305847168, 266.6519775390625, -0.022281713783740997, 0.0500003919005394, 0.0, -78.32738494873047, 12.609887811567907
143, 11.758279800415039, 266.32733154296875, -0.026101432740688324, 3.915280046840053e-07, 0.0, -78.47750854492188, 12.550526217465551
144, 11.823712348937988, 266.00543212890625, -0.031831011176109314, 0.0, 0.0, -78.63566589355469, 12.479498802589278
145, 11.890447616577148, 265.67022705078125, -0.03565072640776634, 0.05000000074505806, 0.0, -78.81369018554688, 12.397601485490851
146, 11.951272010803223, 265.35845947265625, -0.0362873449921608, 0.125, 0.0, -78.99137115478516, 12.317703916262726
147, 12.014374732971191, 265.02850341796875, -0.03501410782337189, 0.17500001192092896, 0.0, -79.18983459472656, 12.233559338349108
148, 12.07301139831543, 264.7160339355469, -0.033104248344898224, 0.2500000298023224, 0.0, -79.38444519042969, 12.156784637028737
149, 12.131613731384277, 264.39801025390625, -0.031831011176109314, 0.30000004172325134, 0.0, -79.58683776855469, 12.084156709974945
150, 12.18431282043457, 264.1070556640625, -0.0299211535602808, 0.3750000596046448, 0.0, -79.77347564697266, 12.02405039580681
151, 12.247035026550293, 263.754150390625, -0.02864791639149189, 0.42500007152557373, 0.0, -79.99949645996094, 11.961203981405237
152, 12.299386978149414, 263.4541931152344, -0.026738058775663376, 0.5000000596046448, 0.0, -80.18951416015625, 11.917684679070335
153, 12.35159969329834, 263.1497802734375, -0.025464819744229317, 0.550000011920929, 0.0, -80.3788833618164, 11.883878826473683
154, 12.409132957458496, 262.80804443359375, -0.023554962128400803, 0.6249999403953552, 0.0, -80.58549499511719, 11.858836738039455
155, 12.45586109161377, 262.525634765625, -0.022281723096966743, 0.6749998927116394, 0.0, -80.75090026855469, 11.849554651561087
156, 12.509750366210938, 262.19439697265625, -0.019735246896743774, 0.7749997973442078, 0.0, -80.93663024902344, 11.851432284813896
157, 12.560467720031738, 261.87725830078125, -0.018462009727954865, 0.8249997496604919, 0.0, -81.10582733154297, 11.867597328561635
158, 12.613121032714844, 261.54241943359375, -0.01655215211212635, 0.7499998211860657, 0.0, -81.27445983886719, 11.895866822752032
159, 12.66049575805664, 261.23638916015625, -0.015278912149369717, 0.6999998688697815, 0.0, -81.41990661621094, 11.925960600560295
160, 12.704232215881348, 260.9499206542969, -0.013369051739573479, 0.6249999403953552, 0.0, -81.54818725585938, 11.954362932672101
161, 12.75627613067627, 260.60400390625, -0.012095811776816845, 0.574999988079071, 0.0, -81.69227600097656, 11.985179127133836
162, 12.80265998840332, 260.29144287109375, -0.010185951367020607, 0.5000000596046448, 0.0, -81.81272888183594, 12.007534213705128
163, 12.851624488830566, 259.9571228027344, -0.008912711404263973, 0.4500000476837158, 0.0, -81.93102264404297, 12.023481374116106
164, 12.894070625305176, 259.6639709472656, -0.007002851460129023, 0.3750000298023224, 0.0, -82.02594757080078, 12.029398217318754
165, 12.941438674926758, 259.3332214355469, -0.0057296124286949635, 0.32500001788139343, 0.0, -82.12269592285156, 12.025752604047382
166, 12.987957000732422, 259.00506591796875, -0.0038197531830519438, 0.25, 0.0, -82.20796966552734, 12.010561355451177
167, 13.034049034118652, 258.6769714355469, -0.0025465134531259537, 0.19999998807907104, 0.0, -82.2827377319336, 11.983327908603806
168, 13.077594757080078, 258.36474609375, 0.0, 0.12499997764825821, 0.0, -82.34367370605469, 11.946200497916685
169, 13.121448516845703, 258.0481872558594, 0.0, 0.07499998062849045, 0.0, -82.39603424072266, 11.897034537631853
170, 13.17001724243164, 257.69512939453125, 0.0, 0.0, 0.0, -82.4455795288086, 11.827659367352458
171, 13.20943546295166, 257.4066162109375, 0.0, 0.0, 0.0, -82.47999572753906, 11.76103752379194
172, 13.254352569580078, 257.07568359375, 0.0, 0.0, 0.0, -82.51390075683594, 11.676359536706762
173, 13.295188903808594, 256.77301025390625, 0.0, 0.0, 0.0, -82.54071044921875, 11.592740618389739
174, 13.33182430267334, 256.5, 0.0, 0.0, 0.0, -82.56193542480469, 11.51344549009167
175, 13.37324047088623, 256.1898498535156, 0.0, 0.05000000074505806, 0.0, -82.5829849243164, 11.421481868248788
176, 13.41008186340332, 255.9126434326172, 0.0, 0.125, 0.0, -82.5996322631836, 11.339507056008781
177, 13.448330879211426, 255.62364196777344, 0.0, 0.17500001192092896, 0.0, -82.61486053466797, 11.257283338570499
178, 13.48636245727539, 255.33514404296875, 0.0, 0.2250000238418579, 0.0, -82.62825012207031, 11.180258600590896
179, 13.522598266601562, 255.05929565429688, 0.0, 0.30000004172325134, 0.0, -82.63954162597656, 11.11271520782921
180, 13.559850692749023, 254.7747802734375, 0.0, 0.3500000536441803, 0.0, -82.64973449707031, 11.051173964307615
181, 13.595621109008789, 254.50079345703125, 0.0, 0.40000006556510925, 0.0, -82.65834045410156, 11.00051196378612
182, 13.635262489318848, 254.1963348388672, 0.0, 0.4750000834465027, 0.0, -82.66655731201172, 10.954717504532299
183, 13.670413970947266, 253.9257049560547, 0.0, 0.550000011920929, 0.0, -82.67283630371094, 10.924861967630772
184, 13.70556354522705, 253.654541015625, 0.0, 0.6249999403953552, 0.0, -82.67822265625, 10.906182264531802
185, 13.741913795471191, 253.3735809326172, 0.0, 0.6749998927116394, 0.0, -82.68285369873047, 10.899514870747169
186, 13.77927017211914, 253.08436584472656, 0.0, 0.7499998211860657, 0.0, -82.68670654296875, 10.905651165581498
187, 13.81794548034668, 252.78453063964844, 0.0, 0.7999997735023499, 0.0, -82.68986511230469, 10.925606067733021
188, 13.85336971282959, 252.509521484375, 0.0, 0.8749997019767761, 0.0, -82.69206237792969, 10.955218837377899
189, 13.891101837158203, 252.21632385253906, 0.0, 0.9249996542930603, 0.0, -82.69368743896484, 10.998413462872971
190, 13.92806625366211, 251.9287872314453, 0.0, 0.9999995827674866, 0.0, -82.69462585449219, 11.051786139563175
191, 13.965371131896973, 251.63839721679688, 0.0, 1.0, 0.0, -82.69502258300781, 11.115849073263844
192, 14.00023078918457, 251.36691284179688, 0.0, 1.0, 0.0, -82.69487762451172, 11.182594224726607
193, 14.038661003112793, 251.0674591064453, 0.0, 1.0, 0.0, -82.69420623779297, 11.261611394493906
194, 14.079964637756348, 250.7454833984375, 0.0, 1.0, 0.0, -82.69291687011719, 11.351167233192037
195, 14.11694049835205, 250.45712280273438, 0.0, 1.0, 0.0, -82.69132995605469, 11.434341961756179
196, 14.15707015991211, 250.14288330078125, -0.005729577504098415, 1.0, 0.0, -82.69387817382812, 11.527031010849022
197, 14.19573974609375, 249.83778381347656, -0.009549296461045742, 1.0, 0.0, -82.70440673828125, 11.618424183737911
198, 14.231185913085938, 249.55548095703125, -0.013369014486670494, 1.0, 0.0, -82.7233657836914, 11.703759618653935
199, 14.270675659179688, 249.2367706298828, -0.019098592922091484, 1.0, 0.0, -82.75981903076172, 11.800400920066188
200, 14.308837890625, 248.9243927001953, -0.020371831953525543, 1.0, 0.0, -82.81058502197266, 11.895508575722749
201, 14.346912384033203, 248.60926818847656, -0.017825355753302574, 1.0, 0.0, -82.87285614013672, 11.99175819786408
202, 14.38427448272705, 248.29739379882812, -0.016552116721868515, 1.0, 0.0, -82.94172668457031, 12.086970029765334
203, 14.420734405517578, 247.99095153808594, -0.014642258174717426, 1.0, 0.0, -83.01348114013672, 12.180338218949643
204, 14.459232330322266, 247.6653289794922, -0.013369017280638218, 1.0, 0.0, -83.09187316894531, 12.279153413032036
205, 14.500040054321289, 247.31809997558594, -0.01145915687084198, 1.0, 0.0, -83.17539978027344, 12.383990739363435
206, 14.538655281066895, 246.9876708984375, -0.010185916908085346, 1.0, 0.0, -83.2532730102539, 12.483178595455529
207, 14.579744338989258, 246.63421630859375, -0.008276056498289108, 1.0, 0.0, -83.33306121826172, 12.588582973482994
208, 14.620786666870117, 246.27938842773438, -0.0063661979511380196, 1.0, 0.0, -83.40782928466797, 12.69362222656226
209, 14.657018661499023, 245.96481323242188, -0.005092958454042673, 1.0, 0.0, -83.4690933227539, 12.786115856305997
210, 14.691699981689453, 245.6624755859375, -0.0038197189569473267, 1.0, 0.0, -83.52311706542969, 12.874405628093776
211, 14.72786808013916, 245.34613037109375, -0.0019098594784736633, 1.0, 0.0, -83.57359313964844, 12.966146454994181
212, 14.768173217773438, 244.9926300048828, 0.0, 1.0, 0.0, -83.62164306640625, 13.067876801436121
213, 14.80728816986084, 244.64846801757812, 0.0, 1.0, 0.0, -83.66084289550781, 13.166149098066263
214, 14.84529972076416, 244.312744140625, 0.0, 1.0, 0.0, -83.69309997558594, 13.26127029840638
215, 14.885894775390625, 243.95263671875, 0.0, 1.0, 0.0, -83.7220458984375, 13.362485605092619
216, 14.922736167907715, 243.62445068359375, 0.0, 1.0, 0.0, -83.74420928955078, 13.454026803717255
217, 14.96149730682373, 243.2777099609375, 0.0, 1.0, 0.0, -83.76392364501953, 13.550001224255006
218, 15.002829551696777, 242.9049530029297, -0.005729577504098415, 1.0, 0.0, -83.7860107421875, 13.652214929010993
219, 15.040480613708496, 242.56161499023438, -0.009549296461045742, 1.0, 0.0, -83.81126403808594, 13.745517962210725
220, 15.08119010925293, 242.18478393554688, -0.015278873965144157, 1.0, 0.0, -83.84963989257812, 13.846843423161449
221, 15.120431900024414, 241.8149871826172, -0.019098592922091484, 1.0, 0.0, -83.90087127685547, 13.945344814990877
222, 15.157803535461426, 241.45721435546875, -0.017825353890657425, 1.0, 0.0, -83.96166229248047, 14.040132307181434
223, 15.195719718933105, 241.0895233154297, -0.01591549627482891, 1.0, 0.0, -84.03215789794922, 14.136966356699268
224, 15.230719566345215, 240.74639892578125, -0.014642256312072277, 0.9500000476837158, 0.0, -84.10273742675781, 14.226193943678364
225, 15.270063400268555, 240.35682678222656, -0.012732395902276039, 0.8750001192092896, 0.0, -84.18590545654297, 14.324067881110526
226, 15.308616638183594, 239.97149658203125, -0.01145915500819683, 0.8250001668930054, 0.0, -84.26927947998047, 14.415253802525426
227, 15.344097137451172, 239.61378479003906, -0.010185915045440197, 0.7750002145767212, 0.0, -84.34630584716797, 14.493912415768317
228, 15.38379192352295, 239.21026611328125, -0.008276054635643959, 0.7000002861022949, 0.0, -84.43083190917969, 14.574512229582945
229, 15.422019004821777, 238.81866455078125, -0.00636619608849287, 0.6250003576278687, 0.0, -84.50890350341797, 14.642585303026799
230, 15.456789016723633, 238.4601287841797, -0.004456337075680494, 0.5500004291534424, 0.0, -84.57566833496094, 14.694711405640062
231, 15.4950532913208, 238.063232421875, -0.0025464773643761873, 0.4750004708766937, 0.0, -84.64293670654297, 14.739860783673915
232, 15.531285285949707, 237.6855926513672, 0.0, 0.42500045895576477, 0.0, -84.69903564453125, 14.769463269431391
233, 15.56490707397461, 237.33349609375, 0.0, 0.3750004470348358, 0.0, -84.74468994140625, 14.78524973810118
234, 15.60297966003418, 236.93182373046875, -0.0019098592456430197, 0.3000004291534424, 0.0, -84.79125213623047, 14.789142510544222
235, 15.639860153198242, 236.53839111328125, -0.005729577504098415, 0.2500004172325134, 0.0, -84.83555603027344, 14.777470814054686
236, 15.67247486114502, 236.1857147216797, -0.009549296461045742, 0.2500004172325134, 0.0, -84.87789916992188, 14.755290549014015
237, 15.708062171936035, 235.79364013671875, -0.015278873965144157, 0.32500043511390686, 0.0, -84.93312072753906, 14.721755571493084
238, 15.74272632598877, 235.40304565429688, -0.019098592922091484, 0.3750004470348358, 0.0, -85.00015258789062, 14.683994999615793
239, 15.776362419128418, 235.0137481689453, -0.024828169494867325, 0.45000046491622925, 0.0, -85.0826416015625, 14.645437160811593
240, 15.809645652770996, 234.61639404296875, -0.02864788845181465, 0.5000004768371582, 0.0, -85.18565368652344, 14.60870969288701
241, 15.839059829711914, 234.25454711914062, -0.029284510761499405, 0.5750004053115845, 0.0, -85.29528045654297, 14.579652086563451
242, 15.872273445129395, 233.83290100097656, -0.028011271730065346, 0.6250003576278687, 0.0, -85.43936920166016, 14.553688139180046
243, 15.903815269470215, 233.4197540283203, -0.02610141411423683, 0.7000002861022949, 0.0, -85.59271240234375, 14.53813700740308
244, 15.93039608001709, 233.0618133544922, -0.024828175082802773, 0.7500002384185791, 0.0, -85.73247528076172, 14.53406767854171
245, 15.958372116088867, 232.67453002929688, -0.022918319329619408, 0.8500001430511475, 0.0, -85.88818359375, 14.539896140223359
246, 15.98209285736084, 232.337646484375, -0.021008461713790894, 0.9000000953674316, 0.0, -86.02520751953125, 14.555266958383283
247, 16.00871467590332, 231.94937133789062, -0.01909860409796238, 0.9750000238418579, 0.0, -86.18260192871094, 14.584338310969123
248, 16.034940719604492, 231.55569458007812, -0.01782536506652832, 1.0, 0.0, -86.34017181396484, 14.626253714146785
249, 16.05861473083496, 231.1901092529297, -0.01655212603509426, 1.0, 0.0, -86.48369598388672, 14.674636603148143
250, 16.083446502685547, 230.79307556152344, -0.019735226407647133, 1.0, 0.0, -86.63876342773438, 14.734686225777427
251, 16.10746192932129, 230.39187622070312, -0.02355494536459446, 1.0, 0.0, -86.7987060546875, 14.801569095739204
252, 16.129608154296875, 230.00155639648438, -0.02928452380001545, 1.0, 0.0, -86.96224212646484, 14.87107194858406
253, 16.15068244934082, 229.60610961914062, -0.03310424089431763, 1.0, 0.0, -87.13948822021484, 14.945059337665148
254, 16.170063018798828, 229.21466064453125, -0.03883381560444832, 1.0, 0.0, -87.32987213134766, 15.020786904272198
255, 16.186613082885742, 228.85470581054688, -0.03756057471036911, 1.0, 0.0, -87.51702880859375, 15.092889213027991
256, 16.2022762298584, 228.4877471923828, -0.0362873375415802, 1.0, 0.0, -87.71724700927734, 15.168224663170587
257, 16.217981338500977, 228.0886688232422, -0.034377481788396835, 1.0, 0.0, -87.9428482055664, 15.251809011214267
258, 16.23091697692871, 227.73187255859375, -0.03310424089431763, 1.0, 0.0, -88.14913940429688, 15.327623317615766
259, 16.244915008544922, 227.30758666992188, -0.031194385141134262, 1.0, 0.0, -88.39773559570312, 15.41876144975006
260, 16.256839752197266, 226.90652465820312, -0.029284527525305748, 1.0, 0.0, -88.63359832763672, 15.505642961159722
261, 16.267179489135742, 226.51821899414062, -0.02801128849387169, 1.0, 0.0, -88.86129760742188, 15.590173728070777
262, 16.276514053344727, 226.1210174560547, -0.02673805132508278, 1.0, 0.0, -89.09239959716797, 15.676892297115518
263, 16.284875869750977, 225.70933532714844, -0.024828193709254265, 1.0, 0.0, -89.32858276367188, 15.76695703891002
264, 16.291603088378906, 225.3186492919922, -0.023554954677820206, 1.0, 0.0, -89.54863739013672, 15.852448269318678
265, 16.297168731689453, 224.92572021484375, -0.022281715646386147, 1.0, 0.0, -89.76531219482422, 15.938361002478862
266, 16.301799774169922, 224.50579833984375, -0.020371858030557632, 1.0, 0.0, -89.99052429199219, 16.030081326340284
267, 16.305049896240234, 224.09469604492188, -0.019098620861768723, 1.0, 0.0, -90.20427703857422, 16.119658018222523
268, 16.30706787109375, 223.67745971679688, -0.01718876324594021, 0.9500000476837158, 0.0, -90.41345977783203, 16.209808207735122
269, 16.307828903198242, 223.2601318359375, -0.01591552421450615, 0.9000000953674316, 0.0, -90.61442565917969, 16.297546748646
270, 16.3073673248291, 222.84548950195312, -0.014005664736032486, 0.8250001668930054, 0.0, -90.80538940429688, 16.38076224550559
271, 16.305721282958984, 222.4299774169922, -0.014005664736032486, 0.8250001668930054, 0.0, -90.98760223388672, 16.458509142877595
272, 16.30314826965332, 222.04217529296875, -0.011459183879196644, 0.725000262260437, 0.0, -91.14940643310547, 16.52510839497888
273, 16.299205780029297, 221.61785888671875, -0.009549323469400406, 0.6500003337860107, 0.0, -91.3164291381836, 16.590403553209853
274, 16.294111251831055, 221.19053649902344, -0.007639463525265455, 0.5750004053115845, 0.0, -91.47358703613281, 16.646426071575842
275, 16.2875919342041, 220.741943359375, -0.006366224493831396, 0.5250004529953003, 0.0, -91.62628936767578, 16.69350388176182
276, 16.28112030029297, 220.3578643798828, -0.00509298499673605, 0.4750004708766937, 0.0, -91.7474365234375, 16.723640215048654
277, 16.273454666137695, 219.95391845703125, -0.00318312575109303, 0.4000004529953003, 0.0, -91.86454010009766, 16.74480982876976
278, 16.263845443725586, 219.5003662109375, -0.0019098860211670399, 0.35000044107437134, 0.0, -91.98307800292969, 16.75469103189934
279, 16.25515365600586, 219.12368774414062, 0.0, 0.3000004291534424, 0.0, -92.07147216796875, 16.7511377558722
280, 16.244823455810547, 218.7035675048828, 0.005729577504098415, 0.22500041127204895, 0.0, -92.15575408935547, 16.73484816718943
281, 16.233537673950195, 218.2665557861328, 0.009549296461045742, 0.17500039935112, 0.0, -92.22502899169922, 16.703679107308716
282, 16.222379684448242, 217.85394287109375, 0.007639436051249504, 0.10000038892030716, 0.0, -92.27571105957031, 16.66108421892333
283, 16.21049690246582, 217.43429565429688, 0.006366197019815445, 0.0500003919005394, 0.0, -92.31563568115234, 16.604739781787973
284, 16.198528289794922, 217.02987670898438, 0.0050929575227200985, 3.915280046840053e-07, 0.0, -92.3456039428711, 16.538429246134438
285, 16.18553352355957, 216.60948181152344, 0.003183098277077079, 0.0, 0.0, -92.3704833984375, 16.457744559788534
286, 16.171306610107422, 216.16867065429688, 0.0019098585471510887, 0.0, 0.0, -92.39202880859375, 16.362909149756465
287, 16.157394409179688, 215.75466918945312, 0.0, 0.0, 0.0, -92.41028594970703, 16.26580346941047
288, 16.145030975341797, 215.39845275878906, 0.0, 0.0, 0.0, -92.425048828125, 16.17700299455154
289, 16.130155563354492, 214.98243713378906, 0.0, 0.0, 0.0, -92.44141387939453, 16.068298962812467
290, 16.11534881591797, 214.57931518554688, 0.0, 0.0, 0.0, -92.45638275146484, 15.958472170604438
291, 16.100034713745117, 214.17205810546875, 0.0, 0.10000000149011612, 0.0, -92.47079467773438, 15.845180099025317
292, 16.08562469482422, 213.79641723632812, 0.0, 0.15000000596046448, 0.0, -92.48345184326172, 15.741191366325241
293, 16.071165084838867, 213.42596435546875, 0.0, 0.20000001788139343, 0.0, -92.495361328125, 15.64076713339167
294, 16.054651260375977, 213.00982666015625, 0.0, 0.27500003576278687, 0.0, -92.50808715820312, 15.532133917680897
295, 16.038738250732422, 212.61495971679688, 0.0, 0.3250000476837158, 0.0, -92.51946258544922, 15.435264920707592
296, 16.0240478515625, 212.25494384765625, 0.0, 0.3750000596046448, 0.0, -92.529296875, 15.353219763443908
297, 16.007925033569336, 211.864501953125, 0.0, 0.4500000774860382, 0.0, -92.53923797607422, 15.271898771668706
298, 15.99135971069336, 211.46780395507812, 0.0, 0.5000000596046448, 0.0, -92.5487060546875, 15.199130509897548
299, 15.975220680236816, 211.08517456054688, 0.0, 0.550000011920929, 0.0, -92.55712127685547, 15.139082816823349
300, 15.960442543029785, 210.73776245117188, 0.0, 0.6249999403953552, 0.0, -92.56413269042969, 15.093749218098878
301, 15.943904876708984, 210.35208129882812, 0.0, 0.6749998927116394, 0.0, -92.5713119506836, 15.054634889939305
302, 15.927765846252441, 209.97853088378906, 0.0, 0.7249998450279236, 0.0, -92.57748413085938, 15.028572455173554
303, 15.910615921020508, 209.58425903320312, 0.0, 0.7999997735023499, 0.0, -92.583251953125, 15.01381313933813
304, 15.89470386505127, 209.2206268310547, 0.0, 0.849999725818634, 0.0, -92.587890625, 15.01276958924508
305, 15.87780475616455, 208.83653259277344, 0.0, 0.8999996781349182, 0.0, -92.59207916259766, 15.023979562824739
306, 15.860424041748047, 208.44342041015625, 0.0, 0.9999995827674866, 0.0, -92.59558868408203, 15.048098944857433
307, 15.844972610473633, 208.09535217285156, 0.0, 1.0, 0.0, -92.59813690185547, 15.08049887291749
308, 15.829062461853027, 207.73822021484375, 0.0, 1.0, 0.0, -92.60015106201172, 15.122149006383456
309, 15.81268310546875, 207.37179565429688, 0.0, 1.0, 0.0, -92.60172271728516, 15.171966933770035
310, 15.79564380645752, 206.99166870117188, 0.0, 1.0, 0.0, -92.60271453857422, 15.22970152415859
311, 15.778093338012695, 206.60108947753906, 0.0, 1.0, 0.0, -92.60321807861328, 15.294160571378534
312, 15.761186599731445, 206.22564697265625, 0.0, 1.0, 0.0, -92.6031494140625, 15.360094028063749
313, 15.7445068359375, 205.8559112548828, 0.0, 1.0, 0.0, -92.6026840209961, 15.428050744187404
314, 15.726445198059082, 205.45623779296875, 0.0, 1.0, 0.0, -92.60172271728516, 15.504173195613673
315, 15.709386825561523, 205.07919311523438, 0.0, 1.0, 0.0, -92.60041046142578, 15.578070956306266
316, 15.692100524902344, 204.6974639892578, 0.0, 1.0, 0.0, -92.59869384765625, 15.654490871401693
317, 15.674736976623535, 204.31329345703125, 0.0019098592456430197, 1.0, 0.0, -92.595458984375, 15.73266949503564
318, 15.65623950958252, 203.8997344970703, 0.007639436982572079, 1.0, 0.0, -92.5857162475586, 15.817819690468971
319, 15.639739990234375, 203.52447509765625, 0.01145915500819683, 1.0, 0.0, -92.56829071044922, 15.895781715167878
320, 15.622776985168457, 203.1297607421875, 0.015278873965144157, 1.0, 0.0, -92.53854370117188, 15.978219584616095
321, 15.606035232543945, 202.7289581298828, 0.01846197247505188, 1.0, 0.0, -92.49469757080078, 16.062271318547506
322, 15.59008502960205, 202.3367156982422, 0.01718873530626297, 1.0, 0.0, -92.44010162353516, 16.14498511516167
323, 15.574542045593262, 201.94541931152344, 0.01591549627482891, 1.0, 0.0, -92.37664031982422, 16.22776317883054
324, 15.558250427246094, 201.52639770507812, 0.014005635865032673, 1.0, 0.0, -92.3016128540039, 16.316582319440435
325, 15.543527603149414, 201.1402130126953, 0.012732395902276039, 1.0, 0.0, -92.22804260253906, 16.398471931104268
326, 15.52843189239502, 200.7366485595703, 0.01145915500819683, 1.0, 0.0, -92.1484146118164, 16.48397820128885
327, 15.512961387634277, 200.3152313232422, 0.009549295529723167, 1.0, 0.0, -92.0641098022461, 16.57315344184726
328, 15.497769355773926, 199.8934326171875, 0.008276054635643959, 1.0, 0.0, -91.98021697998047, 16.662184128918373
329, 15.482539176940918, 199.46243286132812, 0.00636619608849287, 1.0, 0.0, -91.89659118652344, 16.752908795219025
330, 15.468839645385742, 199.0677032470703, 0.00636619608849287, 1.0, 0.0, -91.82280731201172, 16.835732224429293
331, 15.45425033569336, 198.63929748535156, 0.0038197170943021774, 1.0, 0.0, -91.7467269897461, 16.92528209438682
332, 15.439288139343262, 198.19142150878906, 0.001909857615828514, 0.9750000238418579, 0.0, -91.6728515625, 17.01821733405426
333, 15.42499828338623, 197.75608825683594, 0.0, 0.9250000715255737, 0.0, -91.60763549804688, 17.106834002709494
334, 15.411652565002441, 197.34202575683594, 0.0, 0.8750001192092896, 0.0, -91.551513671875, 17.188228494835172
335, 15.397425651550293, 196.8910675048828, 0.0, 0.7750002145767212, 0.0, -91.4962387084961, 17.271943732482633
336, 15.384028434753418, 196.45632934570312, 0.0, 0.725000262260437, 0.0, -91.44802856445312, 17.34561047851145
337, 15.371553421020508, 196.0418243408203, 0.0, 0.6750003099441528, 0.0, -91.40624237060547, 17.40862701718341
338, 15.35875129699707, 195.60574340820312, 0.0, 0.6000003814697266, 0.0, -91.36636352539062, 17.466405203774396
339, 15.345772743225098, 195.15174865722656, 0.0, 0.5500004291534424, 0.0, -91.328857421875, 17.51598552749265
340, 15.33349323272705, 194.71066284179688, 0.0, 0.5000004768371582, 0.0, -91.29595184326172, 17.553215291990124
341, 15.321537971496582, 194.26968383789062, 0.0, 0.42500045895576477, 0.0, -91.26632690429688, 17.57890539262332
342, 15.310041427612305, 193.83448791503906, 0.0, 0.3750004470348358, 0.0, -91.24003601074219, 17.591909532557615
343, 15.298296928405762, 193.3780059814453, 0.0, 0.3000004291534424, 0.0, -91.21551513671875, 17.59178211085356
344, 15.287206649780273, 192.93589782714844, 0.0, 0.2500004172325134, 0.0, -91.19445037841797, 17.577399050589975
345, 15.276456832885742, 192.4969024658203, 0.0, 0.20000040531158447, 0.0, -91.17586517333984, 17.5499082244255
346, 15.266236305236816, 192.0700225830078, 0.0, 0.15000039339065552, 0.0, -91.15988159179688, 17.511033513758314
347, 15.255359649658203, 191.6053924560547, 0.0, 0.07500039041042328, 0.0, -91.1446762084961, 17.455419850494184
348, 15.245564460754395, 191.17825317382812, 0.0, 0.02500039152801037, 0.0, -91.13251495361328, 17.391613247967054
349, 15.235872268676758, 190.7473602294922, 0.0, 0.0, 0.0, -91.12187957763672, 17.315454674908295
350, 15.225728034973145, 190.287841796875, 0.0, 0.0, 0.0, -91.11223602294922, 17.223192853815767
351, 15.215934753417969, 189.83609008789062, 0.0, 0.0, 0.0, -91.10440826416016, 17.12312109990417
352, 15.207022666931152, 189.41868591308594, 0.0, 0.0, 0.0, -91.09847259521484, 17.023682144636954
353, 15.197843551635742, 188.98239135742188, 0.0, 0.0, 0.0, -91.09353637695312, 16.913814872874273
354, 15.188920974731445, 188.55233764648438, 0.0, 0.02500000037252903, 0.0, -91.08982849121094, 16.801272227538217
355, 15.180386543273926, 188.13796997070312, -0.0019098592456430197, 0.07500000298023224, 0.0, -91.08843994140625, 16.690038425572357
356, 15.17187786102295, 187.7288360595703, -0.007639436982572079, 0.15000000596046448, 0.0, -91.0929183959961, 16.579592654763573
357, 15.16313362121582, 187.32040405273438, -0.013369014486670494, 0.2250000238418579, 0.0, -91.1076889038086, 16.471109042810642
358, 15.153706550598145, 186.8982391357422, -0.01718873344361782, 0.27500003576278687, 0.0, -91.13699340820312, 16.363121707450745
359, 15.143332481384277, 186.45941162109375, -0.02291831001639366, 0.3500000536441803, 0.0, -91.1863021850586, 16.256859728243406
360, 15.134021759033203, 186.08477783203125, -0.02164507284760475, 0.40000006556510925, 0.0, -91.24254608154297, 16.172805340278554
361, 15.12356185913086, 185.68138122558594, -0.020371833816170692, 0.4500000774860382, 0.0, -91.31561279296875, 16.089892935769598
362, 15.112732887268066, 185.27932739257812, -0.01846197620034218, 0.5250000357627869, 0.0, -91.39834594726562, 16.016109045353936
363, 15.100740432739258, 184.84999084472656, -0.01718873903155327, 0.574999988079071, 0.0, -91.49507904052734, 15.948487340843466
364, 15.090394973754883, 184.49130249023438, -0.01591550000011921, 0.6249999403953552, 0.0, -91.58052062988281, 15.901605591521696
365, 15.076930046081543, 184.03956604003906, -0.014005639590322971, 0.6999998688697815, 0.0, -91.6917495727539, 15.855054462019236
366, 15.065706253051758, 183.674560546875, -0.012732399627566338, 0.7499998211860657, 0.0, -91.78276824951172, 15.829207109189559
367, 15.053447723388672, 183.2869873046875, -0.0108225392177701, 0.8249997496604919, 0.0, -91.8786849975586, 15.81315088607022
368, 15.041232109069824, 182.9114227294922, -0.009549299255013466, 0.8749997019767761, 0.0, -91.96969604492188, 15.809766307751813
369, 15.027679443359375, 182.50648498535156, -0.008276058360934258, 0.9249996542930603, 0.0, -92.064453125, 15.818972121631452
370, 15.014297485351562, 182.11720275878906, -0.006366199813783169, 0.9999995827674866, 0.0, -92.15105438232422, 15.839974435455739
371, 14.998501777648926, 181.67013549804688, -0.005092960316687822, 1.0, 0.0, -92.24388885498047, 15.877544923754364
372, 14.985897064208984, 181.32164001464844, -0.003819720819592476, 1.0, 0.0, -92.31128692626953, 15.915311589171576
373, 14.973681449890137, 180.9904327392578, -0.002546481089666486, 1.0, 0.0, -92.37065124511719, 15.956526463243227
374, 14.958487510681152, 180.58587646484375, 0.0, 1.0, 0.0, -92.43545532226562, 16.012429314632843
375, 14.943350791931152, 180.1902618408203, 0.0, 1.0, 0.0, -92.49114990234375, 16.072103003624978
376, 14.927703857421875, 179.78927612304688, 0.0, 1.0, 0.0, -92.54077911376953, 16.136654830780877
377, 14.912576675415039, 179.40896606445312, 0.0, 1.0, 0.0, -92.58229064941406, 16.200986254937177
378, 14.896063804626465, 179.0016632080078, 0.0, 1.0, 0.0, -92.62151336669922, 16.272550692170004
379, 14.87983512878418, 178.608642578125, 0.0, 1.0, 0.0, -92.65477752685547, 16.34378123793419
380, 14.863242149353027, 178.2138214111328, 0.0, 1.0, 0.0, -92.68426513671875, 16.417062282982815
381, 14.845551490783691, 177.79989624023438, 0.0, 1.0, 0.0, -92.71133422851562, 16.495371035997703
382, 14.828968048095703, 177.41769409179688, 0.0, 1.0, 0.0, -92.73332977294922, 16.56878633330306
383, 14.811777114868164, 177.02691650390625, 0.0, 1.0, 0.0, -92.7531509399414, 16.644700085350213
384, 14.794001579284668, 176.62814331054688, 0.0, 1.0, 0.0, -92.7708969116211, 16.72286786998698
385, 14.774584770202637, 176.19802856445312, 0.0, 1.0, 0.0, -92.7874755859375, 16.807763758289322
386, 14.75601863861084, 175.7904815673828, 0.0019098592456430197, 1.0, 0.0, -92.79991912841797, 16.888656006502877
387, 14.736438751220703, 175.36196899414062, 0.005729577504098415, 1.0, 0.0, -92.8067626953125, 16.97399049245396
388, 14.717748641967773, 174.9515380859375, 0.009549296461045742, 1.0, 0.0, -92.8046875, 17.055841111848782
389, 14.699342727661133, 174.54396057128906, 0.012732394970953465, 1.0, 0.0, -92.79225158691406, 17.137127253929986
390, 14.679753303527832, 174.1065216064453, 0.011459154076874256, 1.0, 0.0, -92.76848602294922, 17.224461868946957
391, 14.66158390045166, 173.69837951660156, 0.010185914114117622, 1.0, 0.0, -92.73900604248047, 17.30593987129328
392, 14.642059326171875, 173.2582550048828, 0.008276053704321384, 1.0, 0.0, -92.70167541503906, 17.393712879968135
393, 14.623929977416992, 172.84864807128906, 0.007002814672887325, 1.0, 0.0, -92.66372680664062, 17.47526924933133
394, 14.604327201843262, 172.40484619140625, 0.007002814672887325, 1.0, 0.0, -92.62060546875, 17.563417067531695
395, 14.584400177001953, 171.95321655273438, 0.003819716162979603, 1.0, 0.0, -92.57655334472656, 17.6528555520482
396, 14.565253257751465, 171.519287109375, 0.0019098566845059395, 1.0, 0.0, -92.53582000732422, 17.738516360516442
397, 14.546680450439453, 171.09866333007812, 0.0, 1.0, 0.0, -92.49925994873047, 17.821252254533686
398, 14.52759838104248, 170.66644287109375, 0.0, 1.0, 0.0, -92.46488952636719, 17.905965861818252
399, 14.50825023651123, 170.22718811035156, 0.0, 1.0, 0.0, -92.43292236328125, 17.991704469787358
400, 14.48943042755127, 169.79833984375, 0.0, 1.0, 0.0, -92.40419006347656, 18.075065223098264
401, 14.469096183776855, 169.33265686035156, 0.0, 1.0, 0.0, -92.37551879882812, 18.165180659546163
402, 14.449529647827148, 168.88185119628906, 0.0, 1.0, 0.0, -92.34988403320312, 18.252012907456937
403, 14.430347442626953, 168.43707275390625, 0.0, 1.0, 0.0, -92.326416015625, 18.337278387335573
404, 14.410744667053223, 167.97927856445312, 0.0, 1.0, 0.0, -92.3039779663086, 18.42462579021024
405, 14.39076042175293, 167.50906372070312, 0.0, 1.0, 0.0, -92.2824935913086, 18.513890026344356
406, 14.37234878540039, 167.07260131835938, 0.0, 1.0, 0.0, -92.2638168334961, 18.596341503036225
407, 14.35329818725586, 166.61756896972656, 0.0, 1.0, 0.0, -92.24553680419922, 18.68188107253076
408, 14.334723472595215, 166.1705780029297, 0.0, 1.0, 0.0, -92.22857666015625, 18.765497904347935
409, 14.31530475616455, 165.69964599609375, 0.0, 1.0, 0.0, -92.21172332763672, 18.853147405688276
410, 14.295856475830078, 165.22311401367188, 0.0019098592456430197, 1.0, 0.0, -92.19432830810547, 18.941341362193278
411, 14.277626991271973, 164.76980590820312, 0.005729577504098415, 1.0, 0.0, -92.17477416992188, 19.024722827062426
412, 14.260700225830078, 164.33969116210938, 0.01145915500819683, 1.0, 0.0, -92.14972686767578, 19.103252410986737
413, 14.243431091308594, 163.8884735107422, 0.014642254449427128, 1.0, 0.0, -92.11395263671875, 19.185119070489133
414, 14.225756645202637, 163.4134979248047, 0.01336901355534792, 1.0, 0.0, -92.06663513183594, 19.2710111951942
415, 14.209112167358398, 162.95489501953125, 0.012095773592591286, 1.0, 0.0, -92.01388549804688, 19.353615664572228
416, 14.192474365234375, 162.48573303222656, 0.010822533629834652, 1.0, 0.0, -91.95443725585938, 19.43775178940974
417, 14.175639152526855, 162.00070190429688, 0.008912673220038414, 1.0, 0.0, -91.8893814086914, 19.52434948560666
418, 14.159427642822266, 161.52423095703125, 0.00763943325728178, 1.0, 0.0, -91.8235092163086, 19.609001512446557
419, 14.144003868103027, 161.0623016357422, 0.006366194225847721, 1.0, 0.0, -91.75914764404297, 19.69067034472963
420, 14.12823486328125, 160.5809783935547, 0.005092954728752375, 0.9500000476837158, 0.0, -91.69268035888672, 19.774866030781183
421, 14.113015174865723, 160.1082763671875, 0.0031830952502787113, 0.8750001192092896, 0.0, -91.62937927246094, 19.8551726566463
422, 14.097590446472168, 159.62081909179688, 0.0019098557531833649, 0.8250001668930054, 0.0, -91.5673828125, 19.933898515847027
423, 14.082258224487305, 159.12831115722656, 0.0, 0.7750002145767212, 0.0, -91.50923919677734, 20.00821242052806
424, 14.067357063293457, 158.6412811279297, 0.0, 0.725000262260437, 0.0, -91.4564208984375, 20.075592560824273
425, 14.053109169006348, 158.16668701171875, 0.0, 0.6500003337860107, 0.0, -91.40898895263672, 20.13433995734229
426, 14.038311004638672, 157.66317749023438, 0.0, 0.6000003814697266, 0.0, -91.36273956298828, 20.187984582647914
427, 14.024802207946777, 157.1933135986328, 0.0, 0.5500004291534424, 0.0, -91.32302856445312, 20.22918315715719
428, 14.010624885559082, 156.68844604492188, 0.0, 0.4750004708766937, 0.0, -91.28386688232422, 20.263129600275903
429, 13.99755573272705, 156.2118377685547, 0.0, 0.42500045895576477, 0.0, -91.25001525878906, 20.284092265495907
430, 13.985179901123047, 155.74978637695312, 0.0, 0.3750004470348358, 0.0, -91.21994018554688, 20.293697405265757
431, 13.972688674926758, 155.2720184326172, 0.0, 0.32500043511390686, 0.0, -91.1915283203125, 20.292148439106835
432, 13.959856033325195, 154.7687225341797, 0.0, 0.2500004172325134, 0.0, -91.16448211669922, 20.277321243450572
433, 13.947738647460938, 154.28164672851562, 0.0, 0.20000040531158447, 0.0, -91.14080810546875, 20.249662156395267
434, 13.935417175292969, 153.77392578125, 0.0, 0.15000039339065552, 0.0, -91.11858367919922, 20.207560169717514
435, 13.923468589782715, 153.2696075439453, 0.0, 0.0500003919005394, 0.0, -91.09880065917969, 20.15221413055306
436, 13.913026809692383, 152.81912231445312, 0.0, 3.915280046840053e-07, 0.0, -91.08297729492188, 20.090552211833277
437, 13.902179718017578, 152.3411407470703, 0.0, 0.0, 0.0, -91.0678939819336, 20.013362303683945
438, 13.891236305236816, 151.84848022460938, 0.0, 0.0, 0.0, -91.05418395996094, 19.923179100250966
439, 13.880820274353027, 151.36990356445312, 0.0, 0.0, 0.0, -91.04251098632812, 19.826644801002367
440, 13.869840621948242, 150.85507202148438, 0.0, 0.0, 0.0, -91.0316390991211, 19.714477240786515
441, 13.860589027404785, 150.41331481933594, 0.0, 0.0, 0.0, -91.0236587524414, 19.612068806417938
442, 13.851083755493164, 149.95162963867188, 0.0, 0.0, 0.0, -91.01653289794922, 19.499909957373106
443, 13.841325759887695, 149.46971130371094, 0.0, 0.0, 0.0, -91.01038360595703, 19.377894841935472
444, 13.831639289855957, 148.9835205078125, 0.0, 0.0, 0.0, -91.00552368164062, 19.250291766119183
445, 13.822693824768066, 148.52792358398438, 0.0, 0.0, 0.0, -91.00202941894531, 19.12708858899692
446, 13.813150405883789, 148.03494262695312, 0.0, 0.0, 0.0, -90.99932098388672, 18.99034767485873
447, 13.804844856262207, 147.59877014160156, 0.0019098592456430197, 0.02500000037252903, 0.0, -90.99691772460938, 18.86743810572461
448, 13.796245574951172, 147.13510131835938, 0.005729577504098415, 0.07500000298023224, 0.0, -90.9914779663086, 18.735480034527935
449, 13.787983894348145, 146.6717987060547, 0.009549296461045742, 0.125, 0.0, -90.9802017211914, 18.603860346273752
450, 13.779783248901367, 146.19412231445312, 0.009549296461045742, 0.125, 0.0, -90.9627914428711, 18.470119319125637
451, 13.77269172668457, 145.7689208984375, 0.006366197019815445, 0.2500000298023224, 0.0, -90.94408416748047, 18.354509499312393
452, 13.765941619873047, 145.3551788330078, 0.0050929575227200985, 0.30000004172325134, 0.0, -90.92395782470703, 18.246122571444253
453, 13.759033203125, 144.92396545410156, 0.003819718025624752, 0.3500000536441803, 0.0, -90.90221405029297, 18.13840331431908
454, 13.752281188964844, 144.49966430664062, 0.0, 0.4500000774860382, 0.0, -90.88231658935547, 18.038737323473946
455, 13.745241165161133, 144.05575561523438, 0.0, 0.4750000834465027, 0.0, -90.86408996582031, 17.94293300838934
456, 13.738329887390137, 143.6172332763672, 0.0, 0.550000011920929, 0.0, -90.84838104248047, 17.857360031523246
457, 13.731769561767578, 143.1979522705078, 0.0, 0.6249999403953552, 0.0, -90.835205078125, 17.785316375211583
458, 13.725337982177734, 142.7833251953125, 0.0, 0.6749998927116394, 0.0, -90.82381439208984, 17.724623532483935
459, 13.719057083129883, 142.3746795654297, 0.0, 0.7249998450279236, 0.0, -90.81395721435547, 17.675538984023202
460, 13.712772369384766, 141.9617156982422, 0.0, 0.7749997973442078, 0.0, -90.80521392822266, 17.637069495219393
461, 13.70624828338623, 141.52870178222656, 0.0, 0.8249997496604919, 0.0, -90.79715728759766, 17.609008779515417
462, 13.699563980102539, 141.08001708984375, 0.0, 0.8999996781349182, 0.0, -90.78982543945312, 17.593570801207445
463, 13.69354248046875, 140.6717987060547, 0.0, 0.9499996304512024, 0.0, -90.78387451171875, 17.592487258183667
464, 13.687231063842773, 140.23977661132812, 0.0, 0.9499996304512024, 0.0, -90.77816009521484, 17.60335013928199
465, 13.68101978302002, 139.81068420410156, 0.0, 0.8749997019767761, 0.0, -90.77294158935547, 17.623224118696122
466, 13.675609588623047, 139.4337921142578, 0.0, 0.8249997496604919, 0.0, -90.76866912841797, 17.64496494917401
467, 13.669628143310547, 139.0136260986328, 0.0, 0.7749997973442078, 0.0, -90.7641830444336, 17.67132800685997
468, 13.663235664367676, 138.56080627441406, 0.0, 0.7249998450279236, 0.0, -90.75959777832031, 17.700029096492187
469, 13.657227516174316, 138.13174438476562, 0.0, 0.6749998927116394, 0.0, -90.7555160522461, 17.725702025571675
470, 13.651434898376465, 137.715087890625, 0.0, 0.5999999642372131, 0.0, -90.75174713134766, 17.747449322851317
471, 13.645360946655273, 137.27496337890625, 0.0, 0.550000011920929, 0.0, -90.7480239868164, 17.765135438270228
472, 13.639850616455078, 136.87298583984375, 0.0, 0.5000000596046448, 0.0, -90.744873046875, 17.77548644110633
473, 13.634257316589355, 136.46229553222656, 0.0, 0.42500004172325134, 0.0, -90.74187469482422, 17.779245662664803
474, 13.628361701965332, 136.0265350341797, 0.0, 0.3750000298023224, 0.0, -90.7390365600586, 17.774302763609462
475, 13.622802734375, 135.613037109375, 0.0, 0.30000001192092896, 0.0, -90.73661041259766, 17.760234688134485
476, 13.616777420043945, 135.16220092773438, 0.0, 0.25, 0.0, -90.73438262939453, 17.733962190887638
477, 13.611071586608887, 134.73277282714844, 0.0, 0.19999998807907104, 0.0, -90.7326889038086, 17.698215407610387
478, 13.60538101196289, 134.30209350585938, 0.0, 0.1499999761581421, 0.0, -90.73138427734375, 17.652018708150848
479, 13.599780082702637, 133.87620544433594, 0.0, 0.07499998062849045, 0.0, -90.73049926757812, 17.59586062840264
480, 13.594183921813965, 133.4485321044922, 0.0, 0.024999981746077538, 0.0, -90.73008728027344, 17.528518286660294
481, 13.588709831237793, 133.0284881591797, 0.0, 0.0, 0.0, -90.73014831542969, 17.451716334124967
482, 13.583138465881348, 132.59925842285156, 0.0, 0.0, 0.0, -90.7307357788086, 17.363907438671937
483, 13.57776927947998, 132.18438720703125, 0.0, 0.0, 0.0, -90.73179626464844, 17.27140020954226
484, 13.57277774810791, 131.79750061035156, 0.0, 0.0, 0.0, -90.73321533203125, 17.179362124818393
485, 13.567627906799316, 131.3974609375, 0.0, 0.0, 0.0, -90.73514556884766, 17.079235541246554
486, 13.56216812133789, 130.97264099121094, 0.0, 0.0, 0.0, -90.73764038085938, 16.9681440727223
487, 13.556938171386719, 130.5653533935547, 0.0, 0.0, 0.0, -90.7405014038086, 16.857626526236814
488, 13.551681518554688, 130.15541076660156, 0.0, 0.0, 0.0, -90.74384307861328, 16.742994150115916
489, 13.546558380126953, 129.7559814453125, 0.0, 0.0, 0.0, -90.74744415283203, 16.62845864768202
490, 13.5416259765625, 129.37176513671875, 0.0, 0.0, 0.0, -90.75128936767578, 16.51598266514156
491, 13.53672981262207, 128.99072265625, 0.0, 0.0, 0.0, -90.75540161132812, 16.402502754109676
492, 13.531512260437012, 128.58543395996094, 0.0, 0.0, 0.0, -90.7601318359375, 16.279948721877172
493, 13.526541709899902, 128.20016479492188, 0.0, 0.0, 0.0, -90.76492309570312, 16.161903164426576
494, 13.52135944366455, 127.79978942871094, 0.0, 0.0, 0.0, -90.77021026611328, 16.037844935506815
495, 13.516458511352539, 127.42225646972656, 0.0, 0.0, 0.0, -90.7754135131836, 15.919735976889477
496, 13.511467933654785, 127.03945922851562, 0.0, 0.0, 0.0, -90.78094482421875, 15.798998871358464
497, 13.506680488586426, 126.67366027832031, 0.0, 0.0, 0.0, -90.78643035888672, 15.68281745806974
498, 13.501593589782715, 126.28684997558594, 0.0, 0.0, 0.0, -90.79241943359375, 15.55919953435129
499, 13.496709823608398, 125.91744232177734, 0.0, 0.0, 0.0, -90.79834747314453, 15.44050430590687
500, 13.491926193237305, 125.5576400756836, 0.0, 0.0, 0.0, -90.80419158935547, 15.32437328164384
501, 13.48685359954834, 125.17839813232422, 0.0, 0.0, 0.0, -90.81053924560547, 15.201457062018498
502, 13.481746673583984, 124.79887390136719, 0.0, 0.0, 0.0, -90.81700897216797, 15.077992350502313
503, 13.477316856384277, 124.47176361083984, 0.0, 0.0, 0.0, -90.82271575927734, 14.971291861437402
504, 13.472407341003418, 124.11153411865234, 0.0, 0.02500000037252903, 0.0, -90.82904052734375, 14.854377993062663
505, 13.467222213745117, 123.73397827148438, 0.0, 0.07500000298023224, 0.0, -90.83574676513672, 14.732867637596668
506, 13.462329864501953, 123.38033294677734, 0.0, 0.15000000596046448, 0.0, -90.84207153320312, 14.621617141612369
507, 13.457542419433594, 123.0367660522461, 0.0, 0.20000001788139343, 0.0, -90.84819793701172, 14.517768758092965
508, 13.452568054199219, 122.68256378173828, 0.0, 0.2500000298023224, 0.0, -90.85449981689453, 14.416220066134773
509, 13.448148727416992, 122.37018585205078, 0.0, 0.30000004172325134, 0.0, -90.8599624633789, 14.33223751475061
510, 13.443296432495117, 122.02975463867188, 0.0, 0.3500000536441803, 0.0, -90.8657455444336, 14.24730798932256
511, 13.438190460205078, 121.67443084716797, 0.0, 0.4500000774860382, 0.0, -90.87165069580078, 14.167148432606579
512, 13.433398246765137, 121.34358978271484, 0.0, 0.5000000596046448, 0.0, -90.87686157226562, 14.102392646041196
513, 13.428363800048828, 120.99884796142578, 0.0, 0.550000011920929, 0.0, -90.88202667236328, 14.04543093289204
514, 13.423341751098633, 120.65772247314453, 0.0, 0.6249999403953552, 0.0, -90.88677978515625, 14.000109497606678
515, 13.418644905090332, 120.34100341796875, 0.0, 0.6749998927116394, 0.0, -90.89086151123047, 13.968786527516157
516, 13.413885116577148, 120.02236938476562, 0.0, 0.7249998450279236, 0.0, -90.89458465576172, 13.94776104927019
517, 13.409107208251953, 119.70484924316406, 0.0, 0.7749997973442078, 0.0, -90.89788818359375, 13.937359864187469
518, 13.404336929321289, 119.38980865478516, 0.0, 0.8249997496604919, 0.0, -90.90079498291016, 13.937408143559066
519, 13.39951229095459, 119.07324981689453, 0.0, 0.8749997019767761, 0.0, -90.9032211303711, 13.947437590073685
520, 13.394418716430664, 118.74083709716797, 0.0, 0.9249996542930603, 0.0, -90.90538024902344, 13.968188969934873
521, 13.389094352722168, 118.3953857421875, 0.0, 0.9999995827674866, 0.0, -90.90704345703125, 14.000467873988882
522, 13.384042739868164, 118.0667724609375, 0.0019098592456430197, 1.0, 0.0, -90.9071044921875, 14.04099924821342
523, 13.378592491149902, 117.70386505126953, 0.005729577504098415, 1.0, 0.0, -90.90222930908203, 14.094230815899827
524, 13.373973846435547, 117.38059997558594, 0.01145915500819683, 1.0, 0.0, -90.89007568359375, 14.147641474821292
525, 13.369746208190918, 117.0697250366211, 0.010185915045440197, 1.0, 0.0, -90.87139129638672, 14.20337259757893
526, 13.36530876159668, 116.73027801513672, 0.008912675082683563, 1.0, 0.0, -90.84521484375, 14.268032425005247
527, 13.361166954040527, 116.40367889404297, 0.0076394351199269295, 1.0, 0.0, -90.8160400390625, 14.333321271451068
528, 13.356790542602539, 116.05049896240234, 0.00636619608849287, 1.0, 0.0, -90.78185272216797, 14.406549154377684
529, 13.352437019348145, 115.69371795654297, 0.004456337075680494, 1.0, 0.0, -90.74647521972656, 14.482745514847027
530, 13.34796142578125, 115.32313537597656, 0.003183097345754504, 1.0, 0.0, -90.7103271484375, 14.563712832427047
531, 13.343965530395508, 114.99319458007812, 0.0, 1.0, 0.0, -90.68065643310547, 14.637043025916896
532, 13.339810371398926, 114.65081787109375, 0.0, 1.0, 0.0, -90.65298461914062, 14.714059749465807
533, 13.335689544677734, 114.30986785888672, 0.0, 1.0, 0.0, -90.62811279296875, 14.79147857755046
534, 13.331818580627441, 113.98660278320312, 0.0, 1.0, 0.0, -90.60665130615234, 14.865381963968902
535, 13.32760238647461, 113.62960815429688, 0.0, 1.0, 0.0, -90.58513641357422, 14.947363421064328
536, 13.323006629943848, 113.23323822021484, 0.0, 1.0, 0.0, -90.56349182128906, 15.038676180577824
537, 13.318912506103516, 112.872802734375, 0.0, 1.0, 0.0, -90.5455551147461, 15.12187738731129
538, 13.31508731842041, 112.52899169921875, 0.0, 1.0, 0.0, -90.52977752685547, 15.201284592488191
539, 13.31113338470459, 112.16532897949219, 0.0, 1.0, 0.0, -90.514404296875, 15.285228383851258
540, 13.307220458984375, 111.7967758178711, 0.0, 1.0, 0.0, -90.49991607666016, 15.370183127336151
541, 13.303624153137207, 111.4500961303711, 0.0, 1.0, 0.0, -90.48716735839844, 15.449944240919555
542, 13.299999237060547, 111.09244537353516, 0.0, 1.0, 0.0, -90.47486877441406, 15.53201958797538
543, 13.29637336730957, 110.72561645507812, 0.0, 1.0, 0.0, -90.46305847167969, 15.61594140334884
544, 13.29268741607666, 110.3437271118164, 0.0, 1.0, 0.0, -90.45146942138672, 15.702988391745937
545, 13.289098739624023, 109.96220397949219, 0.0, 1.0, 0.0, -90.44050598144531, 15.789611383455284
546, 13.28559684753418, 109.58056640625, 0.0, 1.0, 0.0, -90.43013000488281, 15.875889549037664
547, 13.28219985961914, 109.20121002197266, 0.0, 1.0, 0.0, -90.42027282714844, 15.961268952821086
548, 13.2789306640625, 108.82781219482422, 0.0, 1.0, 0.0, -90.4110336303711, 16.04491529814358
549, 13.275871276855469, 108.47021484375, 0.0, 1.0, 0.0, -90.40251159667969, 16.124653708348365
550, 13.272727966308594, 108.09439086914062, 0.0, 1.0, 0.0, -90.3938980102539, 16.208054283534164
551, 13.269466400146484, 107.69525909423828, 0.0, 1.0, 0.0, -90.38512420654297, 16.296163992147754
552, 13.266352653503418, 107.30543518066406, 0.0, 0.9500000476837158, 0.0, -90.37679290771484, 16.381271222524752
553, 13.2632417678833, 106.90696716308594, 0.0, 0.9000000953674316, 0.0, -90.3685531616211, 16.465923144552953
554, 13.260228157043457, 106.51219177246094, 0.0, 0.8500001430511475, 0.0, -90.36064910888672, 16.5462845839777
555, 13.25729751586914, 106.11941528320312, 0.0, 0.8000001907348633, 0.0, -90.35308074951172, 16.621760257992335
556, 13.254520416259766, 105.73908996582031, 0.0, 0.7500002384185791, 0.0, -90.3459243774414, 16.68972409248631
557, 13.251810073852539, 105.36019897460938, 0.0, 0.6750003099441528, 0.0, -90.3390884399414, 16.751434380263717
558, 13.249181747436523, 104.98497009277344, 0.0, 0.6250003576278687, 0.0, -90.33260345458984, 16.805521674411363
559, 13.246479034423828, 104.59064483642578, 0.0, 0.5750004053115845, 0.0, -90.3261489868164, 16.85426437969542
560, 13.243675231933594, 104.17251586914062, 0.0, 0.5250004529953003, 0.0, -90.31963348388672, 16.896292920180553
561, 13.241159439086914, 103.78866577148438, 0.0, 0.4750004708766937, 0.0, -90.31402587890625, 16.925477256434608
562, 13.238496780395508, 103.37347412109375, 0.0, 0.4000004529953003, 0.0, -90.30843353271484, 16.94634123134164
563, 13.236010551452637, 102.9772720336914, 0.0, 0.35000044107437134, 0.0, -90.30352020263672, 16.954739986232923
564, 13.233588218688965, 102.58329772949219, 0.0, 0.3000004291534424, 0.0, -90.29915618896484, 16.95172582751452
565, 13.231281280517578, 102.20023345947266, 0.0, 0.2500004172325134, 0.0, -90.29536437988281, 16.937857960192222
566, 13.228979110717773, 101.81009674072266, 0.0, 0.20000040531158447, 0.0, -90.2920150756836, 16.91301190319609
567, 13.226812362670898, 101.43626403808594, 0.0, 0.15000039339065552, 0.0, -90.289306640625, 16.87920241098567
568, 13.224629402160645, 101.05316162109375, 0.0, 0.10000038892030716, 0.0, -90.28695678710938, 16.834658786927783
569, 13.222454071044922, 100.66472625732422, 0.0, 0.02500039152801037, 0.0, -90.28515625, 16.77911983951621
570, 13.220394134521484, 100.2906723022461, 0.0, 0.02500039152801037, 0.0, -90.28385925292969, 16.71586279529228
571, 13.218306541442871, 99.9061508178711, 0.0, 0.0, 0.0, -90.28312683105469, 16.641909770123092
572, 13.216195106506348, 99.51179504394531, 0.0, 0.0, 0.0, -90.28287506103516, 16.557955107714697
573, 13.214138984680176, 99.12283325195312, 0.0, 0.02500000037252903, 0.0, -90.28323364257812, 16.46903830620012
574, 13.212011337280273, 98.7153091430664, 0.0, 0.125, 0.0, -90.28411102294922, 16.371294766019634
575, 13.210057258605957, 98.33750915527344, 0.0, 0.17500001192092896, 0.0, -90.28539276123047, 16.279718793058482
576, 13.208130836486816, 97.96175384521484, 0.0, 0.2250000238418579, 0.0, -90.28706359863281, 16.1895244566415
577, 13.206252098083496, 97.59336853027344, 0.0, 0.27500003576278687, 0.0, -90.2890625, 16.10332294569941
578, 13.20438289642334, 97.22552490234375, 0.0, 0.3250000476837158, 0.0, -90.2913818359375, 16.02065641994133
579, 13.202610969543457, 96.87562561035156, 0.0, 0.3750000596046448, 0.0, -90.29376220703125, 15.94621127681003
580, 13.200737953186035, 96.50569915771484, 0.0, 0.42500007152557373, 0.0, -90.29651641845703, 15.872874846867727
581, 13.198884010314941, 96.13932037353516, 0.0, 0.5000000596046448, 0.0, -90.29932403564453, 15.806720204731324
582, 13.197099685668945, 95.78743743896484, 0.0, 0.550000011920929, 0.0, -90.3020248413086, 15.750603545767229
583, 13.195286750793457, 95.43138122558594, 0.0, 0.5999999642372131, 0.0, -90.30484771728516, 15.701840232761498
584, 13.193299293518066, 95.05809020996094, -0.0038197184912860394, 0.6499999165534973, 0.0, -90.3099136352539, 15.659900392251313
585, 13.191158294677734, 94.69155883789062, -0.007639436982572079, 0.6999998688697815, 0.0, -90.31985473632812, 15.628378414560311
586, 13.188583374023438, 94.30965423583984, -0.013369014486670494, 0.7749997973442078, 0.0, -90.3394546508789, 15.606049915591193
587, 13.185708045959473, 93.93912506103516, -0.014642254449427128, 0.8249997496604919, 0.0, -90.36859893798828, 15.595811035792341
588, 13.182520866394043, 93.57073211669922, -0.01336901355534792, 0.8749997019767761, 0.0, -90.40603637695312, 15.596885053248332
589, 13.17914867401123, 93.21150207519531, -0.012095773592591286, 0.9249996542930603, 0.0, -90.44857025146484, 15.608350599964318
590, 13.175525665283203, 92.84954071044922, -0.012095773592591286, 0.9249996542930603, 0.0, -90.49571228027344, 15.629855507102443
591, 13.171977043151855, 92.5125732421875, -0.009549292735755444, 1.0249996185302734, 0.0, -90.54206848144531, 15.658435235238093
592, 13.16801929473877, 92.15059661865234, -0.007002813741564751, 1.0, 0.0, -90.59243774414062, 15.696922373731141
593, 13.163823127746582, 91.77880859375, -0.005729574244469404, 1.0, 0.0, -90.6432113647461, 15.743302632443607
594, 13.15959358215332, 91.4146499633789, -0.004456335213035345, 1.0, 0.0, -90.69109344482422, 15.794240363992058
595, 13.15493106842041, 91.02366638183594, -0.0031830952502787113, 1.0, 0.0, -90.73948669433594, 15.853776591495256
596, 13.150247573852539, 90.64029693603516, -0.0019098557531833649, 1.0, 0.0, -90.7831802368164, 15.916184419117704
597, 13.145645141601562, 90.2703857421875, 0.0, 1.0, 0.0, -90.82080078125, 15.979482520103817
598, 13.14084529876709, 89.89180755615234, 0.0, 1.0, 0.0, -90.85464477539062, 16.046787654233015
599, 13.13598346710205, 89.51720428466797, 0.0, 1.0, 0.0, -90.88408660888672, 16.1154516944057
600, 13.131357192993164, 89.16897583007812, 0.0, 1.0, 0.0, -90.9083480834961, 16.18081083148584
601, 13.12636661529541, 88.80269622802734, 0.0, 1.0, 0.0, -90.93084716796875, 16.25081896115498
602, 13.121124267578125, 88.4222640991211, 0.0038197184912860394, 1.0, 0.0, -90.94915008544922, 16.3246374891194
603, 13.116347312927246, 88.07325744628906, 0.007639436982572079, 1.0, 0.0, -90.95936584472656, 16.393139552299445
604, 13.111281394958496, 87.69822692871094, 0.008276055566966534, 1.0, 0.0, -90.9626235961914, 16.467428360245634
605, 13.106279373168945, 87.32563018798828, 0.0070028165355324745, 1.0, 0.0, -90.95928955078125, 16.541830089735257
606, 13.101287841796875, 86.95438385009766, 0.005729577038437128, 1.0, 0.0, -90.95122528076172, 16.616404261749665
607, 13.09611988067627, 86.57295989990234, 0.004456338007003069, 1.0, 0.0, -90.93956756591797, 16.693341274272463
608, 13.090934753417969, 86.19438934326172, 0.003183098277077079, 1.0, 0.0, -90.92601776123047, 16.769927631411516
609, 13.085386276245117, 85.79539489746094, 0.0019098585471510887, 1.0, 0.0, -90.91082763671875, 16.850784291564946
610, 13.079535484313965, 85.38265228271484, 0.0, 1.0, 0.0, -90.89578247070312, 16.934480238558354
611, 13.073709487915039, 84.9786605834961, 0.0, 1.0, 0.0, -90.88216400146484, 17.016409163076506
612, 13.067910194396973, 84.581298828125, 0.0, 1.0, 0.0, -90.86969757080078, 17.096942909424136
613, 13.06194019317627, 84.1753921508789, 0.0, 1.0, 0.0, -90.85775756835938, 17.179089702182416
614, 13.055795669555664, 83.7593994140625, 0.0, 1.0, 0.0, -90.84622192382812, 17.263108468524013
615, 13.050294876098633, 83.3877944946289, 0.0, 1.0, 0.0, -90.83642578125, 17.338000778722318
616, 13.044572830200195, 83.00111389160156, 0.0, 1.0, 0.0, -90.82677459716797, 17.41572317266469
617, 13.03873348236084, 82.60601043701172, 0.0, 1.0, 0.0, -90.81731414794922, 17.49490277983194
618, 13.032976150512695, 82.21522521972656, 0.0, 1.0, 0.0, -90.80834197998047, 17.572969318522404
619, 13.026752471923828, 81.79112243652344, 0.0, 1.0, 0.0, -90.79893493652344, 17.65738095048723
620, 13.020495414733887, 81.3625259399414, 0.0, 1.0, 0.0, -90.78983306884766, 17.74235334614307
621, 13.014296531677246, 80.93538665771484, 0.0, 1.0, 0.0, -90.78113555908203, 17.826681938348827
622, 13.008088111877441, 80.50473022460938, 0.0, 1.0, 0.0, -90.77252960205078, 17.911338045765813
623, 13.002045631408691, 80.0826416015625, 0.0, 1.0, 0.0, -90.76433563232422, 17.993944165384725
624, 12.995965003967285, 79.65467834472656, 0.0, 1.0, 0.0, -90.75625610351562, 18.07732686344962
625, 12.990312576293945, 79.25379943847656, 0.0, 1.0, 0.0, -90.74884033203125, 18.155083031256463
626, 12.984396934509277, 78.8310317993164, 0.0, 1.0, 0.0, -90.74117279052734, 18.236713182464175
627, 12.978321075439453, 78.39309692382812, 0.0, 1.0, 0.0, -90.73339080810547, 18.320869241807014
628, 12.972649574279785, 77.98095703125, 0.0, 1.0, 0.0, -90.72618865966797, 18.39969697280469
629, 12.966629028320312, 77.53960418701172, 0.0, 1.0, 0.0, -90.71855926513672, 18.48370332391415
630, 12.960506439208984, 77.08660125732422, 0.0, 1.0, 0.0, -90.71086883544922, 18.56949796810047
631, 12.954686164855957, 76.6522216796875, 0.0, 1.0, 0.0, -90.70360565185547, 18.651356653923717
632, 12.94869327545166, 76.20077514648438, 0.0, 0.9750000238418579, 0.0, -90.69610595703125, 18.735762620486337
633, 12.942989349365234, 75.76699829101562, 0.0, 0.9000000953674316, 0.0, -90.68901824951172, 18.8151873609564
634, 12.93734359741211, 75.33373260498047, 0.0, 0.8500001430511475, 0.0, -90.68199157714844, 18.89134081004164
635, 12.93202018737793, 74.92164611816406, 0.0, 0.8000001907348633, 0.0, -90.6754379272461, 18.95993628770074
636, 12.926292419433594, 74.47408294677734, 0.0, 0.7500002384185791, 0.0, -90.66844940185547, 19.029366980284056
637, 12.92099380493164, 74.05597686767578, 0.0, 0.7000002861022949, 0.0, -90.66203308105469, 19.088617517939063
638, 12.915671348571777, 73.63228607177734, 0.0, 0.6500003337860107, 0.0, -90.65572357177734, 19.142479239185434
639, 12.910383224487305, 73.20721435546875, 0.0, 0.6000003814697266, 0.0, -90.64958953857422, 19.189575286236714
640, 12.904572486877441, 72.73531341552734, 0.0, 0.5250004529953003, 0.0, -90.64303588867188, 19.232823321353074
641, 12.89899730682373, 72.27790832519531, 0.0, 0.4750004708766937, 0.0, -90.63701629638672, 19.264364621523452
642, 12.893610954284668, 71.8314208984375, 0.0, 0.42500045895576477, 0.0, -90.63146209716797, 19.284815170395795
643, 12.888132095336914, 71.37250518798828, 0.0, 0.3750004470348358, 0.0, -90.62615203857422, 19.294765055982015
644, 12.882627487182617, 70.90666198730469, 0.0, 0.3000004291534424, 0.0, -90.62126159667969, 19.292572470735532
645, 12.87717056274414, 70.4398193359375, 0.0, 0.2500004172325134, 0.0, -90.61688232421875, 19.277183310157408
646, 12.87216567993164, 70.0076904296875, 0.0, 0.20000040531158447, 0.0, -90.6133041381836, 19.251420660986522
647, 12.867022514343262, 69.5595474243164, 0.0, 0.20000040531158447, 0.0, -90.61006927490234, 19.213515646338
648, 12.862217903137207, 69.13713836669922, 0.0, 0.15000039339065552, 0.0, -90.60749816894531, 19.167906993133663
649, 12.856998443603516, 68.67410278320312, 0.0, 0.22500041127204895, 0.0, -90.60530853271484, 19.109472250748365
650, 12.851813316345215, 68.21053314208984, 0.0, 0.2750004231929779, 0.0, -90.60362243652344, 19.04557035597574
651, 12.846818923950195, 67.76039123535156, 0.0, 0.35000044107437134, 0.0, -90.60253143310547, 18.980840741999256
652, 12.8420991897583, 67.3321533203125, 0.0, 0.4000004529953003, 0.0, -90.6019058227539, 18.919174752621704
653, 12.83730411529541, 66.8943099975586, 0.0, 0.45000046491622925, 0.0, -90.60175323486328, 18.85765866659188
654, 12.832573890686035, 66.45999145507812, 0.0, 0.5000004768371582, 0.0, -90.60186767578125, 18.799503125725995
655, 12.828081130981445, 66.04528045654297, 0.0, 0.5500004291534424, 0.0, -90.60230255126953, 18.747756510775336
656, 12.823248863220215, 65.59754943847656, 0.0, 0.6250003576278687, 0.0, -90.60297393798828, 18.69719699696068
657, 12.818953514099121, 65.19808197021484, 0.0, 0.6750003099441528, 0.0, -90.603759765625, 18.65825402960125
658, 12.814151763916016, 64.75011444091797, 0.0, 0.725000262260437, 0.0, -90.60479736328125, 18.622205133761057
659, 12.809345245361328, 64.30085754394531, 0.0, 0.7750002145767212, 0.0, -90.60581970214844, 18.595038531285958
660, 12.805252075195312, 63.91773223876953, 0.0, 0.8250001668930054, 0.0, -90.60673522949219, 18.57959667180873
661, 12.800992965698242, 63.518455505371094, 0.0, 0.8750001192092896, 0.0, -90.60765075683594, 18.571354149038186
662, 12.796525955200195, 63.09941101074219, 0.0, 0.9250000715255737, 0.0, -90.60852813720703, 18.571749154233938
663, 12.792189598083496, 62.69247055053711, 0.0, 0.9750000238418579, 0.0, -90.60919952392578, 18.58111361352643
664, 12.787824630737305, 62.282894134521484, 0.0, 1.0, 0.0, -90.60968780517578, 18.599157398102843
665, 12.783589363098145, 61.88573455810547, 0.0, 1.0, 0.0, -90.60993194580078, 18.624056865540325
666, 12.77925968170166, 61.47983169555664, 0.0, 1.0, 0.0, -90.60997772216797, 18.65576799289653
667, 12.774480819702148, 61.031898498535156, 0.0, 1.0, 0.0, -90.6097412109375, 18.696884784385873
668, 12.7700777053833, 60.61943054199219, 0.0, 0.9500000476837158, 0.0, -90.60926055908203, 18.739222291815032
669, 12.765870094299316, 60.22536849975586, 0.0, 0.9000000953674316, 0.0, -90.60858154296875, 18.781798077452756
670, 12.761300086975098, 59.79753112792969, 0.0, 0.8500001430511475, 0.0, -90.60758209228516, 18.828634805073282
671, 12.756878852844238, 59.38352966308594, 0.0, 0.7750002145767212, 0.0, -90.60641479492188, 18.872970545404268
672, 12.75263500213623, 58.986141204833984, 0.0, 0.725000262260437, 0.0, -90.60509490966797, 18.913069513830628
673, 12.7479829788208, 58.55023193359375, 0.0, 0.6750003099441528, 0.0, -90.60352325439453, 18.953236577581283
674, 12.743535995483398, 58.13322448730469, 0.0, 0.6250003576278687, 0.0, -90.60187530517578, 18.986923665988222
675, 12.73906135559082, 57.71323013305664, 0.0, 0.5750004053115845, 0.0, -90.60015106201172, 19.01535146383801
676, 12.734545707702637, 57.28870391845703, 0.0, 0.5250004529953003, 0.0, -90.59838104248047, 19.037680696565175
677, 12.730161666870117, 56.87591552734375, 0.0, 0.4750004708766937, 0.0, -90.5966796875, 19.052477126871718
678, 12.72555160522461, 56.44097900390625, 0.0, 0.42500045895576477, 0.0, -90.59497833251953, 19.060070508378377
679, 12.721044540405273, 56.01499557495117, 0.0, 0.3750004470348358, 0.0, -90.59339904785156, 19.058834124058315
680, 12.71657657623291, 55.59147644042969, 0.0, 0.3750004470348358, 0.0, -90.59197998046875, 19.049151433056153
681, 12.712151527404785, 55.17097091674805, 0.0, 0.42500045895576477, 0.0, -90.59072875976562, 19.032941443761484
682, 12.707637786865234, 54.74102020263672, 0.0, 0.5000004768371582, 0.0, -90.58969116210938, 19.012287041965255
683, 12.703283309936523, 54.32529067993164, 0.0, 0.5500004291534424, 0.0, -90.58882904052734, 18.99099962116226
684, 12.698848724365234, 53.90091323852539, 0.0, 0.6250003576278687, 0.0, -90.588134765625, 18.969851533822695
685, 12.694473266601562, 53.48147964477539, 0.0, 0.6750003099441528, 0.0, -90.587646484375, 18.95156869645105
686, 12.690006256103516, 53.05188751220703, 0.0, 0.725000262260437, 0.0, -90.58721923828125, 18.936851043509126
687, 12.685731887817383, 52.64046096801758, 0.0, 0.7750002145767212, 0.0, -90.58685302734375, 18.927589096759192
688, 12.68122386932373, 52.20575714111328, 0.0, 0.8250001668930054, 0.0, -90.5865478515625, 18.923826408830966
689, 12.677116394042969, 51.80908966064453, 0.0, 0.8750001192092896, 0.0, -90.58624267578125, 18.926486611356477
690, 12.67265796661377, 51.3780403137207, 0.0, 0.9250000715255737, 0.0, -90.58587646484375, 18.936309269433227
691, 12.668204307556152, 50.94709777832031, 0.0, 0.9750000238418579, 0.0, -90.58539581298828, 18.953809577700863
692, 12.66405963897705, 50.54571533203125, 0.0, 1.0, 0.0, -90.58487701416016, 18.977110696228383
693, 12.659650802612305, 50.11838912963867, 0.0, 1.0, 0.0, -90.58409881591797, 19.00849356369189
694, 12.655110359191895, 49.67804718017578, 0.0, 1.0, 0.0, -90.5831527709961, 19.046857580985293
695, 12.65090274810791, 49.26957321166992, 0.0, 1.0, 0.0, -90.58209991455078, 19.0871481840105
696, 12.646543502807617, 48.84628677368164, 0.0, 1.0, 0.0, -90.58077239990234, 19.132880476383626
697, 12.64219856262207, 48.42378616333008, 0.0, 1.0, 0.0, -90.57925415039062, 19.182000163747897
698, 12.637773513793945, 47.993045806884766, 0.0, 1.0, 0.0, -90.57752227783203, 19.23511178250326
699, 12.633406639099121, 47.56756591796875, 0.0, 1.0, 0.0, -90.57555389404297, 19.290166779639
700, 12.628965377807617, 47.13417434692383, 0.0, 1.0, 0.0, -90.5733642578125, 19.34849067976378
701, 12.624465942382812, 46.6944465637207, 0.0, 1.0, 0.0, -90.5709228515625, 19.409650446036437
702, 12.620084762573242, 46.26545333862305, 0.0, 1.0, 0.0, -90.56832885742188, 19.470966262084374
703, 12.615787506103516, 45.84383010864258, 0.0, 1.0, 0.0, -90.56559753417969, 19.532581158008913
704, 12.611394882202148, 45.41176223754883, 0.0, 0.9500000476837158, 0.0, -90.56266784667969, 19.596490084841644
705, 12.60679817199707, 44.95823669433594, 0.0, 0.9000000953674316, 0.0, -90.55933380126953, 19.662982754672456
706, 12.602471351623535, 44.53036117553711, 0.0, 0.8250001668930054, 0.0, -90.55606079101562, 19.723831128000395
707, 12.597993850708008, 44.08607864379883, 0.0, 0.7500002384185791, 0.0, -90.55255889892578, 19.78339499269333
708, 12.593550682067871, 43.6434211730957, 0.0, 0.7000002861022949, 0.0, -90.5489501953125, 19.837751026838184
709, 12.58933162689209, 43.22160720825195, 0.0, 0.6500003337860107, 0.0, -90.5455093383789, 19.884149114288626
710, 12.58499813079834, 42.78631591796875, 0.0, 0.6000003814697266, 0.0, -90.54190826416016, 19.92584085648049
711, 12.58040714263916, 42.32289123535156, 0.0, 0.5500004291534424, 0.0, -90.53814697265625, 19.962612323866715
712, 12.575915336608887, 41.86714172363281, 0.0, 0.5000004768371582, 0.0, -90.53451538085938, 19.990355687282868
713, 12.571608543395996, 41.42776870727539, 0.0, 0.45000046491622925, 0.0, -90.5311508178711, 20.008581042244987
714, 12.56735897064209, 40.99175262451172, 0.0, 0.4000004529953003, 0.0, -90.5279769897461, 20.017866163809604
715, 12.563150405883789, 40.55733108520508, 0.0, 0.35000044107437134, 0.0, -90.52501678466797, 20.017858237353582
716, 12.558707237243652, 40.096012115478516, 0.0, 0.3000004291534424, 0.0, -90.522216796875, 20.007362729576613
717, 12.55445384979248, 39.651817321777344, 0.0, 0.2500004172325134, 0.0, -90.51978302001953, 19.986880563068773
718, 12.550241470336914, 39.20903015136719, 0.0, 0.17500039935112, 0.0, -90.51769256591797, 19.956249334352737
719, 12.545927047729492, 38.7528076171875, 0.0, 0.12500038743019104, 0.0, -90.51592254638672, 19.913698745932955
720, 12.541866302490234, 38.32088851928711, 0.0, 0.07500039041042328, 0.0, -90.5146484375, 19.86319136465306
721, 12.537846565246582, 37.89109802246094, 0.0, 0.02500039152801037, 0.0, -90.51373291015625, 19.803248540762144
722, 12.533802032470703, 37.45621871948242, 0.0, -0.02499960921704769, 0.0, -90.51326751708984, 19.733305624227803
723, 12.529787063598633, 37.022666931152344, 0.0, 0.0, 0.0, -90.51323699951172, 19.654961221660542
724, 12.52585220336914, 36.59556198120117, 0.0, 0.0, 0.0, -90.51370239257812, 19.570336514579303
725, 12.521773338317871, 36.1509895324707, 0.0, 0.0, 0.0, -90.51465606689453, 19.475467647537265
726, 12.517853736877441, 35.722225189208984, 0.0, 0.0, 0.0, -90.51602172851562, 19.378173605535377
727, 12.513919830322266, 35.290645599365234, 0.0, 0.0, 0.0, -90.51785278320312, 19.275223046665186
728, 12.510063171386719, 34.86624526977539, 0.0, 0.0, 0.0, -90.5201416015625, 19.169641250859044
729, 12.50629997253418, 34.45148849487305, 0.0, 0.0, 0.0, -90.52277374267578, 19.062776763251126
730, 12.50236988067627, 34.01762771606445, 0.0, 0.0, 0.0, -90.52593994140625, 18.94755874558152
731, 12.498614311218262, 33.60288619995117, 0.0, 0.05000000074505806, 0.0, -90.52938842773438, 18.83534214851478
732, 12.494721412658691, 33.17306137084961, 0.0, 0.10000000149011612, 0.0, -90.53336334228516, 18.717917496055897
733, 12.491134643554688, 32.7774543762207, 0.0, 0.15000000596046448, 0.0, -90.537353515625, 18.610057521142213
734, 12.487488746643066, 32.37590026855469, 0.0, 0.20000001788139343, 0.0, -90.5417251586914, 18.501920104173802
735, 12.483651161193848, 31.954139709472656, 0.0, 0.2500000298023224, 0.0, -90.54653930664062, 18.39092093098594
736, 12.479798316955566, 31.532428741455078, 0.0, 0.30000004172325134, 0.0, -90.5516357421875, 18.283678595224504
737, 12.476266860961914, 31.14737319946289, 0.0, 0.3500000536441803, 0.0, -90.55645751953125, 18.189924075150564
738, 12.472453117370605, 30.733592987060547, 0.0, 0.40000006556510925, 0.0, -90.56168365478516, 18.09439715178533
739, 12.468924522399902, 30.352779388427734, 0.0, 0.4500000774860382, 0.0, -90.56668090820312, 18.012121333251944
740, 12.465069770812988, 29.939414978027344, 0.0, 0.5999999642372131, 0.0, -90.57203674316406, 17.929705996500534
741, 12.457658767700195, 29.153432846069336, 0.0, 0.6249999403953552, 0.0, -90.58208465576172, 17.799841721574413
742, 12.454195022583008, 28.790048599243164, 0.0, 0.6749998927116394, 0.0, -90.58657836914062, 17.75206601361782
743, 12.450339317321777, 28.38872718811035, 0.0, 0.7249998450279236, 0.0, -90.59131622314453, 17.708211729481643
744, 12.44659423828125, 28.00234031677246, 0.0, 0.7749997973442078, 0.0, -90.59564208984375, 17.67545096893572
745, 12.442593574523926, 27.593046188354492, 0.0, 0.8249997496604919, 0.0, -90.599853515625, 17.651139247733425
746, 12.438820838928223, 27.21048355102539, 0.0, 0.8749997019767761, 0.0, -90.60352325439453, 17.63853838101103
747, 12.434639930725098, 26.79030990600586, 0.0, 0.9249996542930603, 0.0, -90.60711669921875, 17.635968005201903
748, 12.43067455291748, 26.39537239074707, 0.0, 0.9749996066093445, 0.0, -90.610107421875, 17.64430887687006
749, 12.426841735839844, 26.01638412475586, 0.0, 1.0249996185302734, 0.0, -90.61257934570312, 17.661503129045943
750, 12.422821044921875, 25.621761322021484, 0.0, 1.0, 0.0, -90.61473846435547, 17.68769665001774
751, 12.41884708404541, 25.23476219177246, 0.0, 1.0, 0.0, -90.616455078125, 17.720273526594966
752, 12.414676666259766, 24.831214904785156, 0.0, 1.0, 0.0, -90.61782836914062, 17.760233862398547
753, 12.410623550415039, 24.441423416137695, 0.0, 1.0, 0.0, -90.61870574951172, 17.803761868074492
754, 12.40633773803711, 24.031673431396484, 0.0, 1.0, 0.0, -90.6192626953125, 17.85383011833336
755, 12.402210235595703, 23.63920021057129, 0.0, 1.0, 0.0, -90.61940002441406, 17.905335287074397
756, 12.398008346557617, 23.24136734008789, 0.0, 1.0, 0.0, -90.6192398071289, 17.960505741647594
757, 12.393936157226562, 22.857189178466797, 0.0, 1.0, 0.0, -90.61871337890625, 18.01619195466644
758, 12.389649391174316, 22.454269409179688, 0.0, 1.0, 0.0, -90.61781311035156, 18.076720491237786
759, 12.385246276855469, 22.041446685791016, 0.0, 1.0, 0.0, -90.61659240722656, 18.140654810139537
760, 12.380902290344238, 21.635194778442383, 0.0, 1.0, 0.0, -90.61506652832031, 18.205177422340327
761, 12.376510620117188, 21.225215911865234, 0.0, 1.0, 0.0, -90.61327362060547, 18.27164653301674
762, 12.372166633605957, 20.820209503173828, 0.0, 1.0, 0.0, -90.61125946044922, 18.338425521854308
763, 12.367701530456543, 20.403953552246094, 0.0, 1.0, 0.0, -90.60887908935547, 18.408024638771238
764, 12.363455772399902, 20.01125144958496, -0.0019098592456430197, 1.0, 0.0, -90.6073226928711, 18.47443180791152
765, 12.358781814575195, 19.5900821685791, -0.005729577504098415, 1.0, 0.0, -90.60887908935547, 18.546239835985492
766, 12.35429573059082, 19.202220916748047, -0.009549296461045742, 1.0, 0.0, -90.61538696289062, 18.612792915350045
767, 12.349202156066895, 18.782560348510742, -0.010822535492479801, 1.0, 0.0, -90.629150390625, 18.68521180832514
768, 12.343934059143066, 18.364879608154297, -0.008912675082683563, 1.0, 0.0, -90.64836883544922, 18.757733037082954
769, 12.338462829589844, 17.94222640991211, -0.0070028156042099, 1.0, 0.0, -90.67134094238281, 18.831438958064055
770, 12.33277416229248, 17.510576248168945, -0.0057295761071145535, 1.0, 0.0, -90.69701385498047, 18.906930831257622
771, 12.327329635620117, 17.102828979492188, -0.004456337075680494, 1.0, 0.0, -90.72215270996094, 18.97838718516397
772, 12.321586608886719, 16.676654815673828, -0.003183097345754504, 1.0, 0.0, -90.74824523925781, 19.05314387561962
773, 12.315855026245117, 16.253971099853516, -0.001909857615828514, 1.0, 0.0, -90.77306365966797, 19.127315291925488
774, 12.30985164642334, 15.811823844909668, 0.0, 1.0, 0.0, -90.796630859375, 19.204880818445897
775, 12.304327011108398, 15.405684471130371, 0.0, 1.0, 0.0, -90.81597137451172, 19.27608323456423
776, 12.298284530639648, 14.963793754577637, 0.0, 1.0, 0.0, -90.834716796875, 19.353456498785434
777, 12.292343139648438, 14.53244686126709, 0.0, 1.0, 0.0, -90.85090637207031, 19.428868565036172
778, 12.286491394042969, 14.111319541931152, 0.0, 1.0, 0.0, -90.86498260498047, 19.50235677242357
779, 12.280348777770996, 13.673711776733398, 0.0, 1.0, 0.0, -90.87786102294922, 19.578554322827777
780, 12.274168014526367, 13.238102912902832, 0.0, 1.0, 0.0, -90.88911437988281, 19.65421979966727
781, 12.267879486083984, 12.79961109161377, 0.0, 1.0, 0.0, -90.89910888671875, 19.730176380589302
782, 12.261675834655762, 12.371696472167969, 0.0, 0.9500000476837158, 0.0, -90.90756225585938, 19.803716985241543
783, 12.255297660827637, 11.936485290527344, 0.0, 0.9000000953674316, 0.0, -90.9150619506836, 19.876818513455532
784, 12.248937606811523, 11.507095336914062, 0.0, 0.8250001668930054, 0.0, -90.92140197753906, 19.946137101758502
785, 12.242119789123535, 11.051466941833496, 0.0, 0.7500002384185791, 0.0, -90.92718505859375, 20.015110511528626
786, 12.235135078430176, 10.589191436767578, 0.0, 0.7000002861022949, 0.0, -90.93211364746094, 20.079007600808303
787, 12.228455543518066, 10.15125560760498, 0.0, 0.6500003337860107, 0.0, -90.93608856201172, 20.13314609833613
788, 12.221450805664062, 9.695860862731934, 0.0, 0.6000003814697266, 0.0, -90.93951416015625, 20.182250404041724
789, 12.214653968811035, 9.257426261901855, 0.0, 0.5500004291534424, 0.0, -90.94225311279297, 20.221901536419292
790, 12.207340240478516, 8.789081573486328, 0.0, 0.5000004768371582, 0.0, -90.9447250366211, 20.255465836615823
791, 12.200489044189453, 8.353386878967285, 0.0, 0.45000046491622925, 0.0, -90.94664764404297, 20.277822667338842
792, 12.193448066711426, 7.908171653747559, 0.0, 0.4000004529953003, 0.0, -90.94828796386719, 20.29141855999626
793, 12.18617057800293, 7.450484275817871, 0.0, 0.35000044107437134, 0.0, -90.94974517822266, 20.29510901874623
794, 12.178863525390625, 6.993197917938232, 0.0, 0.2750004231929779, 0.0, -90.95111846923828, 20.287601792731852
795, 12.171968460083008, 6.563609600067139, 0.0, 0.22500041127204895, 0.0, -90.9522933959961, 20.269759686471932
796, 12.16445541381836, 6.097212314605713, 0.0, 0.17500039935112, 0.0, -90.95360565185547, 20.239079397450503
797, 12.157126426696777, 5.6440043449401855, 0.0, 0.12500038743019104, 0.0, -90.9549789428711, 20.198061546985056
798, 12.150129318237305, 5.212460041046143, 0.0, 0.07500039041042328, 0.0, -90.95641326904297, 20.14891711168462
799, 12.14292049407959, 4.769228458404541, 0.0, 0.02500039152801037, 0.0, -90.95806884765625, 20.088440970640242
800, 12.136055946350098, 4.348015308380127, 0.0, -0.02499960921704769, 0.0, -90.95985412597656, 20.02196008909057
801, 12.128981590270996, 3.91508412361145, 0.0, 0.0, 0.0, -90.96197509765625, 19.94526960453907
802, 12.121686935424805, 3.469635248184204, 0.0, 0.0, 0.0, -90.96443176269531, 19.858522344274213
803, 12.114519119262695, 3.0328385829925537, 0.0, 0.0, 0.0, -90.9671859741211, 19.766677614955633
804, 12.107569694519043, 2.6102490425109863, 0.0, 0.0, 0.0, -90.97015380859375, 19.67220768838219
805, 12.10089111328125, 2.205005645751953, 0.0, 0.0, 0.0, -90.97330474853516, 19.577029759260725
806, 12.094133377075195, 1.7959024906158447, 0.0, 0.0, 0.0, -90.97679901123047, 19.476934571506227
807, 12.08759880065918, 1.4011095762252808, 0.0, 0.0, 0.0, -90.98046112060547, 19.376904278064615
808, 12.081072807312012, 1.0077983140945435, 0.0, 0.0, 0.0, -90.984375, 19.27426113219968
809, 12.07441520690918, 0.6058363318443298, 0.0019098592456430197, 0.0, 0.0, -90.98788452148438, 19.166596937306828
810, 12.067167282104492, 0.16877368092536926, 0.0, 0.0, 0.0, -90.99166870117188, 19.046705033892792
811, 12.060235023498535, -0.24779288470745087, 0.0, 0.0, 0.0, -90.99565887451172, 18.929952012781097
812, 12.053791046142578, -0.6336961388587952, 0.0, 0.0, 0.0, -90.999755859375, 18.819855152827532
813, 12.047028541564941, -1.0372425317764282, 0.0, 0.0, 0.0, -91.00433349609375, 18.702951271658282
814, 12.040220260620117, -1.4419612884521484, 0.0, 0.0, 0.0, -91.00927734375, 18.58405448510825
815, 12.033417701721191, -1.844909429550171, 0.0, 0.0, 0.0, -91.01445770263672, 18.464194865404398
816, 12.026747703552246, -2.238410234451294, 0.0, 0.0, 0.0, -91.01986694335938, 18.34586149927019
817, 12.020050048828125, -2.6319570541381836, 0.0, 0.0, 0.0, -91.0255126953125, 18.226361439499172
818, 12.013819694519043, -2.9966235160827637, 0.0, 0.0, 0.0, -91.03097534179688, 18.114712146353494
819, 12.007652282714844, -3.355945348739624, 0.0, 0.0, 0.0, -91.0365982055664, 18.00386634410709
820, 12.001382827758789, -3.719722270965576, 0.0, 0.0, 0.0, -91.04244232177734, 17.890948078560484
821, 11.994735717773438, -4.103518962860107, 0.0, 0.05000000074505806, 0.0, -91.048828125, 17.772002081364967
822, 11.988110542297363, -4.484298229217529, 0.0, 0.10000000149011612, 0.0, -91.05536651611328, 17.654697408932666
823, 11.981569290161133, -4.858272075653076, 0.0, 0.15000000596046448, 0.0, -91.06188201904297, 17.541229475855243
824, 11.975360870361328, -5.21145486831665, 0.0, 0.20000001788139343, 0.0, -91.0681381225586, 17.436549343114283
825, 11.96920394897461, -5.559907913208008, 0.0, 0.2250000238418579, 0.0, -91.07443237304688, 17.336293507510288
826, 11.963053703308105, -5.905912399291992, 0.0, 0.27500003576278687, 0.0, -91.08068084716797, 17.240107279929198
827, 11.95702838897705, -6.243019104003906, 0.0, 0.3250000476837158, 0.0, -91.0867919921875, 17.149947270671543
828, 11.950475692749023, -6.607719421386719, 0.0, 0.3750000596046448, 0.0, -91.09342193603516, 17.05801638157928
829, 11.943822860717773, -6.975606441497803, 0.0, 0.42500007152557373, 0.0, -91.0999755859375, 16.971422218537338
830, 11.937334060668945, -7.332277774810791, 0.0, 0.5000000596046448, 0.0, -91.10623168945312, 16.894114063045173
831, 11.93071460723877, -7.693632125854492, 0.0, 0.550000011920929, 0.0, -91.11241149902344, 16.823517989642532
832, 11.92436695098877, -8.041045188903809, 0.0038197184912860394, 0.5999999642372131, 0.0, -91.11651611328125, 16.76358702260683
833, 11.918499946594238, -8.367599487304688, 0.007639436982572079, 0.6499999165534973, 0.0, -91.11627197265625, 16.71416992971866
834, 11.91256332397461, -8.70645523071289, 0.01145915500819683, 0.6999998688697815, 0.0, -91.11034393310547, 16.67161302436689
835, 11.90675163269043, -9.051833152770996, 0.015278873965144157, 0.7499998211860657, 0.0, -91.0960693359375, 16.636949195416346
836, 11.90093994140625, -9.411632537841797, 0.014005634002387524, 0.7999997735023499, 0.0, -91.07271575927734, 16.610602148196346
837, 11.895583152770996, -9.755392074584961, 0.01336901355534792, 0.8249997496604919, 0.0, -91.04364013671875, 16.594888493152506
838, 11.89020824432373, -10.111413955688477, 0.012095773592591286, 0.8749997019767761, 0.0, -91.0077896118164, 16.587953074549365
839, 11.88512897491455, -10.457232475280762, 0.010822533629834652, 0.9249996542930603, 0.0, -90.96871948242188, 16.59044799342206
840, 11.880316734313965, -10.792848587036133, 0.009549292735755444, 0.9749996066093445, 0.0, -90.92797088623047, 16.601368949381364
841, 11.8756103515625, -11.12781810760498, 0.009549292735755444, 0.9749996066093445, 0.0, -90.8855209350586, 16.62024249909199
842, 11.87088680267334, -11.47053050994873, 0.007002813741564751, 1.0, 0.0, -90.84123992919922, 16.646807907180715
843, 11.866180419921875, -11.818355560302734, 0.005729574244469404, 1.0, 0.0, -90.7962646484375, 16.680031285304075
844, 11.861546516418457, -12.166360855102539, 0.004456335213035345, 1.0, 0.0, -90.7520980834961, 16.718553419972412
845, 11.85676097869873, -12.531797409057617, 0.0031830952502787113, 1.0, 0.0, -90.70740509033203, 16.763729621348087
846, 11.852059364318848, -12.896440505981445, 0.0019098557531833649, 1.0, 0.0, -90.66514587402344, 16.812878895192455
847, 11.847684860229492, -13.239500045776367, 0.0, 1.0, 0.0, -90.62844848632812, 16.86226480747937
848, 11.843523979187012, -13.570369720458984, 0.0, 1.0, 0.0, -90.59616088867188, 16.912137823200563
849, 11.839253425598145, -13.915291786193848, 0.0, 1.0, 0.0, -90.56494140625, 16.9664749596476
850, 11.834957122802734, -14.270014762878418, 0.0, 1.0, 0.0, -90.53533172607422, 17.024293030352414
851, 11.830869674682617, -14.615702629089355, 0.0, 1.0, 0.0, -90.50872039794922, 17.08225472766594
852, 11.827006340026855, -14.952180862426758, 0.0, 1.0, 0.0, -90.48485565185547, 17.139847824239656
853, 11.822833061218262, -15.325793266296387, 0.0, 1.0, 0.0, -90.46015930175781, 17.205167644154518
854, 11.819124221801758, -15.668981552124023, 0.0, 1.0, 0.0, -90.439208984375, 17.266075124412765
855, 11.815438270568848, -16.02035903930664, 0.0, 0.9750000238418579, 0.0, -90.4190673828125, 17.32917094569029
856, 11.81202507019043, -16.357290267944336, 0.0, 0.9250000715255737, 0.0, -90.40109252929688, 17.38956480974877
857, 11.808171272277832, -16.750812530517578, 0.0, 0.8750001192092896, 0.0, -90.38137817382812, 17.458623060095547
858, 11.80472183227539, -17.116527557373047, 0.0, 0.8250001668930054, 0.0, -90.3642578125, 17.520417835892612
859, 11.801204681396484, -17.503904342651367, 0.0, 0.7750002145767212, 0.0, -90.34729766845703, 17.582433187581877
860, 11.797979354858398, -17.873369216918945, 0.0, 0.725000262260437, 0.0, -90.33218383789062, 17.63743202062901
861, 11.794767379760742, -18.255962371826172, 0.0, 0.6750003099441528, 0.0, -90.31754302978516, 17.689385650559412
862, 11.791630744934082, -18.64544677734375, 0.0, 0.6250003576278687, 0.0, -90.30362701416016, 17.7363018333462
863, 11.78880500793457, -19.01052474975586, 0.0, 0.5750004053115845, 0.0, -90.29145050048828, 17.774132484057343
864, 11.786138534545898, -19.368432998657227, 0.0, 0.5250004529953003, 0.0, -90.28030395507812, 17.80491452493338
865, 11.783649444580078, -19.71652603149414, 0.0, 0.4750004708766937, 0.0, -90.27023315429688, 17.82888827815434
866, 11.781095504760742, -20.086992263793945, 0.0, 0.42500045895576477, 0.0, -90.26025390625, 17.846260929894232
867, 11.778538703918457, -20.473506927490234, 0.0, 0.3750004470348358, 0.0, -90.2507095336914, 17.855596951208536
868, 11.776087760925293, -20.859561920166016, 0.0, 0.32500043511390686, 0.0, -90.24201202392578, 17.855451883495544
869, 11.773846626281738, -21.226991653442383, 0.0, 0.2750004231929779, 0.0, -90.2344970703125, 17.846154929339644
870, 11.771660804748535, -21.59980010986328, 0.0, 0.22500041127204895, 0.0, -90.22763061523438, 17.82768343855679
871, 11.76966381072998, -21.95463752746582, 0.0, 0.22500041127204895, 0.0, -90.2218017578125, 17.802298673962387
872, 11.767664909362793, -22.32238006591797, 0.0, 0.12500038743019104, 0.0, -90.21636199951172, 17.766653491028062
873, 11.765897750854492, -22.659027099609375, 0.0, 0.17500039935112, 0.0, -90.21202087402344, 17.727412006164325
874, 11.763936042785645, -23.045963287353516, 0.0, 0.22500041127204895, 0.0, -90.20767211914062, 17.676247052115095
875, 11.762099266052246, -23.42095375061035, 0.0, 0.3000004291534424, 0.0, -90.20408630371094, 17.623016474100492
876, 11.76030158996582, -23.8005313873291, 0.0, 0.35000044107437134, 0.0, -90.20110321044922, 17.567891177224638
877, 11.758560180664062, -24.180761337280273, 0.0, 0.4000004529953003, 0.0, -90.19863891601562, 17.51303607114537
878, 11.757002830505371, -24.53114128112793, 0.0, 0.45000046491622925, 0.0, -90.19676971435547, 17.463998415056196
879, 11.755462646484375, -24.887088775634766, 0.0, 0.5000004768371582, 0.0, -90.19535064697266, 17.416706801161126
880, 11.754010200500488, -25.232248306274414, 0.0, 0.5500004291534424, 0.0, -90.19430541992188, 17.37392904881979
881, 11.752572059631348, -25.581647872924805, 0.0, 0.5750004053115845, 0.0, -90.19347381591797, 17.335054511593988
882, 11.75117015838623, -25.92952537536621, 0.0, 0.6250003576278687, 0.0, -90.19292449951172, 17.300710702346983
883, 11.749733924865723, -26.293792724609375, 0.0, 0.6750003099441528, 0.0, -90.19255065917969, 17.27015915907082
884, 11.748295783996582, -26.665090560913086, 0.0, 0.725000262260437, 0.0, -90.19236755371094, 17.245473314888912
885, 11.746993064880371, -27.00789451599121, 0.0, 0.7750002145767212, 0.0, -90.19229125976562, 17.228637121185162
886, 11.745658874511719, -27.363658905029297, 0.0, 0.8250001668930054, 0.0, -90.19224548339844, 17.218774615688588
887, 11.744420051574707, -27.698331832885742, 0.0, 0.8750001192092896, 0.0, -90.19222259521484, 17.21596038540167
888, 11.743209838867188, -28.02841567993164, 0.0, 0.9250000715255737, 0.0, -90.19218444824219, 17.220102688793023
889, 11.741861343383789, -28.400346755981445, 0.0, 0.9750000238418579, 0.0, -90.19207000732422, 17.233486216799548
890, 11.740521430969238, -28.772125244140625, 0.0, 1.0, 0.0, -90.19183349609375, 17.25523573074566
891, 11.73928165435791, -29.118953704833984, 0.0, 1.0, 0.0, -90.19147491455078, 17.282286151601493
892, 11.738046646118164, -29.466476440429688, 0.0, 1.0, 0.0, -90.19091796875, 17.314810853075407
893, 11.736844062805176, -29.806400299072266, 0.0, 1.0, 0.0, -90.19021606445312, 17.350751778315434
894, 11.735530853271484, -30.179445266723633, 0.0, 1.0, 0.0, -90.18923950195312, 17.394825645123255
895, 11.734248161315918, -30.54572105407715, 0.0, 1.0, 0.0, -90.18807220458984, 17.441823570082825
896, 11.732938766479492, -30.9208927154541, 0.0, 1.0, 0.0, -90.18669891357422, 17.493166447280252
897, 11.731656074523926, -31.29086685180664, 0.0, 1.0, 0.0, -90.18511962890625, 17.546513966134555
898, 11.730405807495117, -31.652921676635742, 0.0, 1.0, 0.0, -90.18338012695312, 17.600931506592403
899, 11.729223251342773, -31.997365951538086, 0.0, 1.0, 0.0, -90.18154907226562, 17.654301926393483
900, 11.728025436401367, -32.347923278808594, 0.0, 1.0, 0.0, -90.17950439453125, 17.710115587868646
901, 11.726747512817383, -32.72433853149414, 0.0, 1.0, 0.0, -90.17715454101562, 17.77159772691531
902, 11.725529670715332, -33.08553695678711, 0.0, 1.0, 0.0, -90.17469787597656, 17.83178664930817
903, 11.72425365447998, -33.46648406982422, 0.0, 1.0, 0.0, -90.17198944091797, 17.89630318012924
904, 11.722949028015137, -33.85919189453125, 0.0, 1.0, 0.0, -90.1689682006836, 17.963751151766125
905, 11.72175407409668, -34.22184753417969, 0.0, 1.0, 0.0, -90.16606903076172, 18.02676455598888
906, 11.720635414123535, -34.5645866394043, 0.0, 1.0, 0.0, -90.16317749023438, 18.086783425668884
907, 11.719406127929688, -34.9448127746582, 0.0, 1.0, 0.0, -90.15985870361328, 18.1539145131594
908, 11.718233108520508, -35.31195831298828, 0.0, 0.9750000238418579, 0.0, -90.15648651123047, 18.21897608748412
909, 11.717061042785645, -35.68310546875, 0.0, 0.9250000715255737, 0.0, -90.15298461914062, 18.284230182174685
910, 11.715816497802734, -36.08271026611328, 0.0, 0.8750001192092896, 0.0, -90.14909362792969, 18.35280851656879
911, 11.714619636535645, -36.471923828125, 0.0, 0.8250001668930054, 0.0, -90.14520263671875, 18.416961749178324
912, 11.71352481842041, -36.834468841552734, 0.0, 0.7750002145767212, 0.0, -90.14153289794922, 18.473844245264985
913, 11.71239948272705, -37.21220016479492, 0.0, 0.725000262260437, 0.0, -90.1376953125, 18.528901214378234
914, 11.711332321166992, -37.577125549316406, 0.0, 0.7000002861022949, 0.0, -90.13394165039062, 18.578106456564452
915, 11.710172653198242, -37.9807014465332, 0.0, 0.6500003337860107, 0.0, -90.12981414794922, 18.626937521696718
916, 11.709098815917969, -38.36259841918945, 0.0, 0.6000003814697266, 0.0, -90.12600708007812, 18.667376350679316
917, 11.708005905151367, -38.759525299072266, 0.0, 0.5500004291534424, 0.0, -90.12210083007812, 18.702895989054927
918, 11.706911087036133, -39.16641616821289, 0.0, 0.5000004768371582, 0.0, -90.11822509765625, 18.73178559774005
919, 11.705885887145996, -39.55704879760742, 0.0, 0.45000046491622925, 0.0, -90.11465454101562, 18.75173940046316
920, 11.704957008361816, -39.92018508911133, 0.0, 0.4000004529953003, 0.0, -90.11150360107422, 18.76354332526796
921, 11.704025268554688, -40.29357147216797, 0.0, 0.35000044107437134, 0.0, -90.1085205078125, 18.7679314453388
922, 11.703068733215332, -40.687252044677734, 0.0, 0.3000004291534424, 0.0, -90.10557556152344, 18.76282661908209
923, 11.702152252197266, -41.07375717163086, 0.0, 0.2500004172325134, 0.0, -90.10296630859375, 18.748604824782646
924, 11.701239585876465, -41.46998596191406, 0.0, 0.20000040531158447, 0.0, -90.10062408447266, 18.724688042711062
925, 11.70035171508789, -41.86666488647461, 0.0, 0.15000039339065552, 0.0, -90.09860229492188, 18.691335745481858
926, 11.699551582336426, -42.23453903198242, 0.0, 0.10000038892030716, 0.0, -90.09709930419922, 18.652608835847364
927, 11.698770523071289, -42.603397369384766, 0.0, 0.10000038892030716, 0.0, -90.09586334228516, 18.605953209400802
928, 11.697981834411621, -42.98431396484375, 0.0, 0.10000038892030716, 0.0, -90.09500885009766, 18.550428509196195
929, 11.697240829467773, -43.35233688354492, 0.0, 0.17500039935112, 0.0, -90.09454345703125, 18.49212309414006
930, 11.696516036987305, -43.720882415771484, 0.0, 0.22500041127204895, 0.0, -90.09439849853516, 18.430462801965298
931, 11.695745468139648, -44.12064743041992, 0.0, 0.2750004231929779, 0.0, -90.09457397460938, 18.361594703955635
932, 11.695090293884277, -44.46817398071289, 0.0, 0.35000044107437134, 0.0, -90.09506225585938, 18.301378659949357
933, 11.694428443908691, -44.82415771484375, 0.0, 0.4000004529953003, 0.0, -90.09578704833984, 18.24087472660494
934, 11.693723678588867, -45.20978927612305, 0.0, 0.45000046491622925, 0.0, -90.09686279296875, 18.178108777614867
935, 11.693037033081055, -45.59101104736328, 0.0, 0.5000004768371582, 0.0, -90.09815979003906, 18.119651705002223
936, 11.69234848022461, -45.97748947143555, 0.0, 0.5500004291534424, 0.0, -90.09957885742188, 18.064923653666117
937, 11.691694259643555, -46.346702575683594, 0.0, 0.6000003814697266, 0.0, -90.10114288330078, 18.017706913544416
938, 11.691076278686523, -46.696449279785156, 0.0, 0.6250003576278687, 0.0, -90.1026611328125, 17.977642867518725
939, 11.690444946289062, -47.05476379394531, 0.0, 0.6750003099441528, 0.0, -90.1042709350586, 17.941918158173703
940, 11.689833641052246, -47.40067672729492, 0.0, 0.725000262260437, 0.0, -90.1058349609375, 17.913218327915228
941, 11.689141273498535, -47.79163360595703, 0.0, 0.7750002145767212, 0.0, -90.10759735107422, 17.888648038790578
942, 11.688483238220215, -48.161643981933594, 0.0, 0.8250001668930054, 0.0, -90.10917663574219, 17.87315110261187
943, 11.687801361083984, -48.54143142700195, 0.0, 0.8750001192092896, 0.0, -90.1107177734375, 17.865461042724913
944, 11.687186241149902, -48.88164138793945, 0.0, 0.9250000715255737, 0.0, -90.11190795898438, 17.86552246891389
945, 11.686529159545898, -49.24025344848633, 0.0, 0.9750000238418579, 0.0, -90.113037109375, 17.87379510273105
946, 11.685883522033691, -49.58989715576172, 0.0, 1.0, 0.0, -90.11392211914062, 17.888642386950206
947, 11.685186386108398, -49.9632453918457, 0.0, 1.0, 0.0, -90.11468505859375, 17.912250174851593
948, 11.684518814086914, -50.31624221801758, 0.0, 0.9500000476837158, 0.0, -90.11510467529297, 17.939659280698187
949, 11.68385124206543, -50.66598892211914, 0.0, 0.9250000715255737, 0.0, -90.1153564453125, 17.970390967289884
950, 11.68311595916748, -51.04754638671875, 0.0, 0.8750001192092896, 0.0, -90.11536407470703, 18.0066673231767
951, 11.682421684265137, -51.40456771850586, 0.0, 0.8250001668930054, 0.0, -90.11514282226562, 18.04154551748114
952, 11.681751251220703, -51.7462043762207, 0.0, 0.7750002145767212, 0.0, -90.11474609375, 18.07469367451878
953, 11.68101692199707, -52.11939239501953, 0.0, 0.725000262260437, 0.0, -90.1141357421875, 18.109329522031096
954, 11.680273056030273, -52.49476623535156, 0.0, 0.725000262260437, 0.0, -90.1134033203125, 18.141565847276144
955, 11.67955207824707, -52.85801315307617, 0.0, 0.6250003576278687, 0.0, -90.11250305175781, 18.16968793956206
956, 11.678833961486816, -53.21794128417969, 0.0, 0.5750004053115845, 0.0, -90.11161804199219, 18.193524138023196
957, 11.678061485290527, -53.60526657104492, 0.0, 0.5250004529953003, 0.0, -90.1104965209961, 18.21347879248987
958, 11.677289009094238, -53.99402618408203, 0.0, 0.4750004708766937, 0.0, -90.10940551757812, 18.227238291909224
959, 11.676533699035645, -54.37438201904297, 0.0, 0.4000004529953003, 0.0, -90.10832977294922, 18.23374979049151
960, 11.675804138183594, -54.74347686767578, 0.0, 0.35000044107437134, 0.0, -90.10735321044922, 18.232463987445357
961, 11.675054550170898, -55.12548828125, 0.0, 0.32500043511390686, 0.0, -90.10643005371094, 18.22310240749895
962, 11.674348831176758, -55.48680877685547, 0.0, 0.2750004231929779, 0.0, -90.10570526123047, 18.207482799682435
963, 11.673662185668945, -55.8414192199707, 0.0, 0.22500041127204895, 0.0, -90.10515594482422, 18.18501007130109
964, 11.67291259765625, -56.23060989379883, 0.0, 0.17500039935112, 0.0, -90.10472869873047, 18.151549061355833
965, 11.67219066619873, -56.60792922973633, 0.0, 0.12500038743019104, 0.0, -90.10453796386719, 18.110781012531707
966, 11.671491622924805, -56.97725296020508, 0.0, 0.07500039041042328, 0.0, -90.10454559326172, 18.062885224744356
967, 11.67075252532959, -57.36990737915039, 0.0, 0.02500039152801037, 0.0, -90.10488891601562, 18.003310748560555
968, 11.67007064819336, -57.73624801635742, 0.0, -0.02499960921704769, 0.0, -90.10550689697266, 17.939893030189154
969, 11.669413566589355, -58.09054183959961, 0.0, 0.02500039152801037, 0.0, -90.10639190673828, 17.872820888086565
970, 11.66877269744873, -58.43865966796875, 0.0, 0.07500039041042328, 0.0, -90.10755157470703, 17.801945559353097
971, 11.668129920959473, -58.789241790771484, 0.0, 0.12500038743019104, 0.0, -90.10897827148438, 17.727312826921825
972, 11.667486190795898, -59.1414909362793, 0.0, 0.17500039935112, 0.0, -90.11072540283203, 17.650494359617444
973, 11.666797637939453, -59.51716232299805, 0.0, 0.22500041127204895, 0.0, -90.11279296875, 17.568041700383404
974, 11.66616439819336, -59.86337661743164, 0.0, 0.2500004172325134, 0.0, -90.11502075195312, 17.49247847506716
975, 11.665509223937988, -60.21999740600586, 0.0, 0.3000004291534424, 0.0, -90.11749267578125, 17.41596933614164
976, 11.664830207824707, -60.58759689331055, 0.0, 0.35000044107437134, 0.0, -90.1202392578125, 17.339454613211267
977, 11.664162635803223, -60.945159912109375, 0.0, 0.4000004529953003, 0.0, -90.123046875, 17.268288214627155
978, 11.663479804992676, -61.30668258666992, 0.0, 0.45000046491622925, 0.0, -90.12604522705078, 17.20047126243609
979, 11.66280746459961, -61.659061431884766, 0.0, 0.5000004768371582, 0.0, -90.12903594970703, 17.13917755728995
980, 11.662100791931152, -62.02351760864258, 0.0, 0.5000004768371582, 0.0, -90.13217163085938, 17.08149653626469
981, 11.66142463684082, -62.36579513549805, 0.0, 0.5500004291534424, 0.0, -90.1351089477539, 17.03331226774178
982, 11.660748481750488, -62.70170211791992, 0.0, 0.6500003337860107, 0.0, -90.13793182373047, 16.991695087035577
983, 11.660079956054688, -63.02768325805664, 0.0, 0.7000002861022949, 0.0, -90.1406478881836, 16.95777603418279
984, 11.659347534179688, -63.37825393676758, 0.0, 0.7500002384185791, 0.0, -90.1434326171875, 16.929348437824874
985, 11.658600807189941, -63.727752685546875, 0.0, 0.8000001907348633, 0.0, -90.14606475830078, 16.909139694516192
986, 11.657797813415527, -64.09528350830078, 0.0, 0.8500001430511475, 0.0, -90.14857482910156, 16.896987753402133
987, 11.657049179077148, -64.42912292480469, 0.0, 0.9250000715255737, 0.0, -90.15069580078125, 16.89391659579912
988, 11.656291007995605, -64.76081085205078, 0.0, 0.9500000476837158, 0.0, -90.15249633789062, 16.899312166807867
989, 11.655470848083496, -65.11235809326172, 0.0, 1.0, 0.0, -90.15415954589844, 16.914120595106013
990, 11.65463924407959, -65.46150970458984, 0.0, 1.0, 0.0, -90.15557861328125, 16.936825414217267
991, 11.65378189086914, -65.81502532958984, 0.0, 1.0, 0.0, -90.1566390991211, 16.966560696668008
992, 11.652984619140625, -66.13749694824219, 0.0, 1.0, 0.0, -90.15734100341797, 16.99838623760239
993, 11.652175903320312, -66.45927429199219, 0.0, 1.0, 0.0, -90.15779876708984, 17.034232392610356
994, 11.65129566192627, -66.80542755126953, 0.0, 1.0, 0.0, -90.15801239013672, 17.076910668981924
995, 11.650379180908203, -67.16071319580078, 0.0, 1.0, 0.0, -90.15792846679688, 17.12419511044526
996, 11.649412155151367, -67.53047943115234, 0.0, 1.0, 0.0, -90.15753173828125, 17.17656635993153
997, 11.648512840270996, -67.87100219726562, 0.0, 1.0, 0.0, -90.15687561035156, 17.227079626477583
998, 11.64763355255127, -68.20140838623047, 0.0, 1.0, 0.0, -90.15605926513672, 17.278040951938358
999, 11.646750450134277, -68.531005859375, 0.0, 1.0, 0.0, -90.15499877929688, 17.3305051235263
1000, 11.64576244354248, -68.89797973632812, 0.0, 1.0, 0.0, -90.153564453125, 17.390661524420135
1001, 11.64480209350586, -69.253173828125, 0.0, 1.0, 0.0, -90.15196990966797, 17.450270325659517
1002, 11.643917083740234, -69.57966613769531, 0.0, 1.0, 0.0, -90.15025329589844, 17.50598987302599
1003, 11.642980575561523, -69.92456817626953, 0.0, 1.0, 0.0, -90.14833068847656, 17.565743315363452
1004, 11.642033576965332, -70.27411651611328, 0.0, 1.0, 0.0, -90.14612579345703, 17.627106395896668
1005, 11.641006469726562, -70.6534423828125, 0.0, 1.0, 0.0, -90.14362335205078, 17.694544175314046
1006, 11.64000129699707, -71.02626037597656, 0.0, 1.0, 0.0, -90.14087677001953, 17.76146488965108
1007, 11.639108657836914, -71.35822296142578, 0.0, 1.0, 0.0, -90.13836669921875, 17.821440869589036
1008, 11.638158798217773, -71.71350860595703, 0.0, 1.0, 0.0, -90.13546752929688, 17.885990486297988
1009, 11.637252807617188, -72.05575561523438, 0.0, 1.0, 0.0, -90.13253784179688, 17.94847815110434
1010, 11.6362886428833, -72.4224624633789, 0.0, 0.9750000238418579, 0.0, -90.12930297851562, 18.015558499148586
1011, 11.635346412658691, -72.78456115722656, 0.0, 0.9000000953674316, 0.0, -90.1259765625, 18.081036553849742
1012, 11.634406089782715, -73.15003967285156, 0.0, 0.8500001430511475, 0.0, -90.12249755859375, 18.145061068710184
1013, 11.63351058959961, -73.50328063964844, 0.0, 0.8250001668930054, 0.0, -90.11907958984375, 18.20452696097887
1014, 11.632607460021973, -73.86531829833984, 0.0, 0.7750002145767212, 0.0, -90.11549377441406, 18.262466831721838
1015, 11.631681442260742, -74.24098205566406, 0.0, 0.725000262260437, 0.0, -90.11170196533203, 18.3182817433629
1016, 11.630754470825195, -74.62555694580078, 0.0, 0.6750003099441528, 0.0, -90.10782623291016, 18.37047065160403
1017, 11.62990951538086, -74.98331451416016, 0.0, 0.6250003576278687, 0.0, -90.104248046875, 18.414278736925205
1018, 11.629106521606445, -75.33023834228516, 0.0, 0.5750004053115845, 0.0, -90.10079956054688, 18.451495026933202
1019, 11.628247261047363, -75.70965576171875, 0.0, 0.5250004529953003, 0.0, -90.09709930419922, 18.48525689275482
1020, 11.627400398254395, -76.09198760986328, 0.0, 0.5000004768371582, 0.0, -90.09353637695312, 18.512075970730336
1021, 11.626558303833008, -76.48328399658203, 0.0, 0.45000046491622925, 0.0, -90.0899887084961, 18.531933175149284
1022, 11.62582778930664, -76.83303833007812, 0.0, 0.4000004529953003, 0.0, -90.0870361328125, 18.543156052164914
1023, 11.625079154968262, -77.20113372802734, 0.0, 0.35000044107437134, 0.0, -90.0841064453125, 18.547439926128394
1024, 11.624369621276855, -77.56124877929688, 0.0, 0.3000004291534424, 0.0, -90.0814437866211, 18.543568065541002
1025, 11.623636245727539, -77.94395446777344, 0.0, 0.2500004172325134, 0.0, -90.0788803100586, 18.529888586040524
1026, 11.622916221618652, -78.33155822753906, 0.0, 0.20000040531158447, 0.0, -90.07659912109375, 18.50678878792118
1027, 11.622251510620117, -78.70194244384766, 0.0, 0.15000039339065552, 0.0, -90.0747299194336, 18.47602735308326
1028, 11.621649742126465, -79.04873657226562, 0.0, 0.15000039339065552, 0.0, -90.0732650756836, 18.440402374925835
1029, 11.621047973632812, -79.40507507324219, 0.0, 0.17500039935112, 0.0, -90.07207489013672, 18.39754670054083
1030, 11.620405197143555, -79.79898071289062, 0.0, 0.17500039935112, 0.0, -90.0711441040039, 18.34433029481341
1031, 11.61981201171875, -80.17298126220703, 0.0, 0.2750004231929779, 0.0, -90.070556640625, 18.290366402236216
1032, 11.619266510009766, -80.52816009521484, 0.0, 0.32500043511390686, 0.0, -90.0703353881836, 18.237606212775788
1033, 11.618754386901855, -80.8703384399414, 0.0, 0.3750004470348358, 0.0, -90.07037353515625, 18.18650174608604
1034, 11.61821460723877, -81.23753356933594, 0.0, 0.42500045895576477, 0.0, -90.07068634033203, 18.132673642544265
1035, 11.617679595947266, -81.61128234863281, 0.0, 0.4750004708766937, 0.0, -90.07118225097656, 18.079972885646885
1036, 11.617144584655762, -81.99219512939453, 0.0, 0.5500004291534424, 0.0, -90.07199096679688, 18.02954960942636
1037, 11.616621017456055, -82.37114715576172, 0.0, 0.6000003814697266, 0.0, -90.07292175292969, 17.984138965200046
1038, 11.616142272949219, -82.7236328125, 0.0, 0.6500003337860107, 0.0, -90.0739517211914, 17.946561929203845
1039, 11.615668296813965, -83.07515716552734, 0.0, 0.6750003099441528, 0.0, -90.07500457763672, 17.91444763231169
1040, 11.615199089050293, -83.42510223388672, 0.0, 0.725000262260437, 0.0, -90.07610321044922, 17.8879562842611
1041, 11.614705085754395, -83.79460144042969, 0.0, 0.7750002145767212, 0.0, -90.0772705078125, 17.867007769179644
1042, 11.614242553710938, -84.14073181152344, 0.0, 0.8250001668930054, 0.0, -90.07833862304688, 17.853488447931888
1043, 11.613788604736328, -84.47936248779297, 0.0, 0.8750001192092896, 0.0, -90.07928466796875, 17.84697869146406
1044, 11.613316535949707, -84.8309555053711, 0.0, 0.9000000953674316, 0.0, -90.08020782470703, 17.84733162571348
1045, 11.612823486328125, -85.1966781616211, 0.0, 0.9500000476837158, 0.0, -90.08099365234375, 17.855581031400654
1046, 11.612297058105469, -85.58208465576172, 0.0, 1.0, 0.0, -90.08167266845703, 17.872312456281126
1047, 11.611844062805176, -85.91145324707031, 0.0, 1.0, 0.0, -90.08203125, 17.892637318893556
1048, 11.611346244812012, -86.27113342285156, 0.0, 1.0, 0.0, -90.08228302001953, 17.920864347885075
1049, 11.61089038848877, -86.59651947021484, 0.0, 1.0, 0.0, -90.082275390625, 17.950477999859242
1050, 11.610356330871582, -86.97709655761719, 0.0, 1.0, 0.0, -90.08206176757812, 17.989834400050785
1051, 11.609825134277344, -87.35111236572266, 0.0, 1.0, 0.0, -90.0816421508789, 18.032530539462346
1052, 11.609333038330078, -87.69466400146484, 0.0, 1.0, 0.0, -90.08099365234375, 18.074549530418174
1053, 11.6088228225708, -88.05007934570312, 0.0, 1.0, 0.0, -90.08013916015625, 18.12062732462837
1054, 11.608284950256348, -88.42271423339844, 0.0, 1.0, 0.0, -90.07903289794922, 18.17159360491702
1055, 11.607747077941895, -88.79436492919922, 0.0, 1.0, 0.0, -90.07769012451172, 18.224564454233583
1056, 11.607181549072266, -89.18513488769531, 0.0, 1.0, 0.0, -90.07608032226562, 18.28220824289104
1057, 11.606698989868164, -89.51882934570312, 0.0, 1.0, 0.0, -90.07447052001953, 18.332733769797603
1058, 11.606184005737305, -89.8766860961914, 0.0, 0.9500000476837158, 0.0, -90.07258605957031, 18.387871198538935
1059, 11.605649948120117, -90.24930572509766, 0.0, 0.9000000953674316, 0.0, -90.07049560546875, 18.445127612298354
1060, 11.605100631713867, -90.63602447509766, 0.0, 0.8500001430511475, 0.0, -90.06810760498047, 18.503265140366544
1061, 11.6045503616333, -91.02703857421875, 0.0, 0.8000001907348633, 0.0, -90.06555938720703, 18.559706959476642
1062, 11.604022026062012, -91.40804290771484, 0.0, 0.7500002384185791, 0.0, -90.06292724609375, 18.61155582788518
1063, 11.603524208068848, -91.77191925048828, 0.0, 0.725000262260437, 0.0, -90.06037139892578, 18.657877170086124
1064, 11.603045463562012, -92.1278305053711, 0.0, 0.6750003099441528, 0.0, -90.05776977539062, 18.699597949515162
1065, 11.602520942687988, -92.52596282958984, 0.0, 0.6250003576278687, 0.0, -90.05484771728516, 18.740973378588112
1066, 11.602017402648926, -92.91683197021484, 0.0, 0.5750004053115845, 0.0, -90.05200958251953, 18.775770333157432
1067, 11.601533889770508, -93.30337524414062, 0.0, 0.5250004529953003, 0.0, -90.0491943359375, 18.80388772993304
1068, 11.601070404052734, -93.68541717529297, 0.0, 0.4750004708766937, 0.0, -90.04651641845703, 18.8249402958936
1069, 11.600638389587402, -94.0538101196289, 0.0, 0.42500045895576477, 0.0, -90.0439682006836, 18.8389223403043
1070, 11.600238800048828, -94.40480041503906, 0.0, 0.4000004529953003, 0.0, -90.041748046875, 18.84556494107318
1071, 11.599811553955078, -94.79438018798828, 0.0, 0.35000044107437134, 0.0, -90.03939819335938, 18.844824127663
1072, 11.599418640136719, -95.16997528076172, 0.0, 0.3000004291534424, 0.0, -90.0373306274414, 18.83672099831476
1073, 11.599077224731445, -95.50708770751953, 0.0, 0.2500004172325134, 0.0, -90.03564453125, 18.822400013792535
1074, 11.59872817993164, -95.86841583251953, 0.0, 0.20000040531158447, 0.0, -90.03404235839844, 18.799852625005567
1075, 11.598331451416016, -96.29689025878906, 0.0, 0.15000039339065552, 0.0, -90.03253173828125, 18.762715864033815
1076, 11.597996711730957, -96.67607116699219, 0.0, 0.10000038892030716, 0.0, -90.03145599365234, 18.720854730230947
1077, 11.597679138183594, -97.05233001708984, 0.0, 0.0500003919005394, 0.0, -90.03072357177734, 18.671133466415807
1078, 11.59737491607666, -97.43052673339844, 0.0, 3.915280046840053e-07, 0.0, -90.03032684326172, 18.612920735162195
1079, 11.597098350524902, -97.7925796508789, 0.0, 0.0, 0.0, -90.03028106689453, 18.54995686461735
1080, 11.596803665161133, -98.15391540527344, -0.0019098592456430197, 0.0, 0.0, -90.0313720703125, 18.480695091083593
1081, 11.596413612365723, -98.53675842285156, -0.005729577504098415, 0.0, 0.0, -90.03556060791016, 18.40084406585401
1082, 11.595869064331055, -98.91343688964844, -0.009549296461045742, 0.05000000074505806, 0.0, -90.0448226928711, 18.31767748807922
1083, 11.595128059387207, -99.29242706298828, -0.010822535492479801, 0.10000000149011612, 0.0, -90.06033325195312, 18.23071762671325
1084, 11.594307899475098, -99.63197326660156, -0.009549295529723167, 0.15000000596046448, 0.0, -90.07916259765625, 18.15131233062432
1085, 11.593355178833008, -99.97594451904297, -0.008912675082683563, 0.17500001192092896, 0.0, -90.10198974609375, 18.0703613505174
1086, 11.592212677001953, -100.3485107421875, -0.0076394351199269295, 0.2250000238418579, 0.0, -90.1297607421875, 17.982956999598148
1087, 11.591008186340332, -100.70965576171875, -0.00636619608849287, 0.27500003576278687, 0.0, -90.15898895263672, 17.899515404399928
1088, 11.589682579040527, -101.0821304321289, -0.005092956591397524, 0.2250000238418579, 0.0, -90.19061279296875, 17.81501547266095
1089, 11.58842945098877, -101.41665649414062, -0.0038197170943021774, 0.17500001192092896, 0.0, -90.21951293945312, 17.739397598150877
1090, 11.587132453918457, -101.75165557861328, -0.0025464773643761873, 0.125, 0.0, -90.24813079833984, 17.662991477042176
1091, 11.58574390411377, -102.09906768798828, -0.001909857615828514, 0.10000000149011612, 0.0, -90.27710723876953, 17.58222515540063
1092, 11.584321975708008, -102.44820404052734, 0.0, 0.05000000447034836, 0.0, -90.3045654296875, 17.498997318333792
1093, 11.582939147949219, -102.78072357177734, 0.0, 0.05000000447034836, 0.0, -90.32915496826172, 17.417261342192432
1094, 11.581531524658203, -103.10882568359375, 0.0, 0.05000000447034836, 0.0, -90.35198211669922, 17.334784826768164
1095, 11.579961776733398, -103.46234130859375, 0.0, 0.15000000596046448, 0.0, -90.37522888183594, 17.24523991869021
1096, 11.578269004821777, -103.82697296142578, 0.0, 0.20000001788139343, 0.0, -90.39775848388672, 17.153394495743424
1097, 11.576555252075195, -104.17864227294922, 0.0, 0.2500000298023224, 0.0, -90.41815185546875, 17.066401803716094
1098, 11.574892044067383, -104.50322723388672, 0.0, 0.30000004172325134, 0.0, -90.43582153320312, 16.988149470934655
1099, 11.573139190673828, -104.83006286621094, 0.0, 0.3250000476837158, 0.0, -90.45259094238281, 16.912230073747555
1100, 11.571246147155762, -105.16780090332031, 0.0, 0.40000006556510925, 0.0, -90.4690170288086, 16.837576003120716
1101, 11.569214820861816, -105.51390075683594, 0.0, 0.4500000774860382, 0.0, -90.48482513427734, 16.765966559258814
1102, 11.567078590393066, -105.86067199707031, 0.0, 0.5000000596046448, 0.0, -90.49961853027344, 16.699983602606377
1103, 11.565055847167969, -106.17433166503906, 0.0, 0.550000011920929, 0.0, -90.51213836669922, 16.645449171305827
1104, 11.562915802001953, -106.49279022216797, 0.0, 0.5999999642372131, 0.0, -90.52401733398438, 16.596033574915037
1105, 11.560553550720215, -106.83201599121094, 0.0, 0.6499999165534973, 0.0, -90.53581237792969, 16.551032321494898
1106, 11.558103561401367, -107.16993713378906, 0.0, 0.6999998688697815, 0.0, -90.54676055908203, 16.51390331383976
1107, 11.555652618408203, -107.49552154541016, 0.0, 0.7499998211860657, 0.0, -90.55632781982422, 16.485242367739783
1108, 11.553176879882812, -107.81352996826172, 0.0, 0.7749997973442078, 0.0, -90.56495666503906, 16.464862673280685
1109, 11.550596237182617, -108.1347427368164, 0.0, 0.8249997496604919, 0.0, -90.57292938232422, 16.451714049518415
1110, 11.547883033752441, -108.46278381347656, 0.0, 0.8749997019767761, 0.0, -90.58031463623047, 16.44633448096445
1111, 11.545053482055664, -108.79629516601562, 0.0, 0.9249996542930603, 0.0, -90.58711242675781, 16.449972649633047
1112, 11.542323112487793, -109.10962677001953, 0.0, 0.9749996066093445, 0.0, -90.5927963256836, 16.460434819932708
1113, 11.539656639099121, -109.40911102294922, 0.0, 0.9999995827674866, 0.0, -90.59765625, 16.47724459122744
1114, 11.536417961120605, -109.76563262939453, 0.0, 1.0, 0.0, -90.6027603149414, 16.50518168131784
1115, 11.53334903717041, -110.0968246459961, 0.0, 1.0, 0.0, -90.60689544677734, 16.53730986514338
1116, 11.530146598815918, -110.43611907958984, 0.0, 1.0, 0.0, -90.61055755615234, 16.57528161382501
1117, 11.527042388916016, -110.759521484375, 0.0, 1.0, 0.0, -90.61344909667969, 16.615240470776314
1118, 11.523868560791016, -111.08536529541016, 0.0, 1.0, 0.0, -90.61583709716797, 16.658932864653696
1119, 11.520613670349121, -111.41511535644531, 0.0, 1.0, 0.0, -90.61785125732422, 16.706129963255982
1120, 11.517138481140137, -111.76318359375, 0.0, 1.0, 0.0, -90.61949920654297, 16.758899992561215
1121, 11.513965606689453, -112.0775375366211, 0.0, 1.0, 0.0, -90.62053680419922, 16.808475911895975
1122, 11.510748863220215, -112.39329528808594, 0.0, 1.0, 0.0, -90.62126159667969, 16.859956170408083
1123, 11.507229804992676, -112.73601531982422, 0.0, 1.0, 0.0, -90.62165832519531, 16.917579990660975
1124, 11.503663063049316, -113.08047485351562, 0.0, 1.0, 0.0, -90.62171936035156, 16.976938245076354
1125, 11.500449180603027, -113.38882446289062, 0.0, 1.0, 0.0, -90.62147521972656, 17.03103722530065
1126, 11.49691390991211, -113.72605895996094, 0.0, 1.0, 0.0, -90.62089538574219, 17.091138607244535
1127, 11.493311882019043, -114.06785583496094, 0.0, 1.0, 0.0, -90.6200180053711, 17.152923102687662
1128, 11.489506721496582, -114.42745208740234, 0.0, 1.0, 0.0, -90.61884307861328, 17.21879996752113
1129, 11.485833168029785, -114.77324676513672, 0.0, 1.0, 0.0, -90.6174087524414, 17.282781230281095
1130, 11.482284545898438, -115.10636138916016, 0.0, 1.0, 0.0, -90.61577606201172, 17.34482711155912
1131, 11.478776931762695, -115.43492126464844, 0.0, 1.0, 0.0, -90.61396789550781, 17.40640458087572
1132, 11.474923133850098, -115.79524230957031, 0.0, 1.0, 0.0, -90.61184692382812, 17.474332980870102
1133, 11.471302032470703, -116.1334228515625, 0.0, 1.0, 0.0, -90.60958862304688, 17.538292804215708
1134, 11.467777252197266, -116.46238708496094, 0.0, 1.0, 0.0, -90.60723876953125, 17.60069902644334
1135, 11.464174270629883, -116.79855346679688, 0.0, 1.0, 0.0, -90.60466003417969, 17.664601732542522
1136, 11.46026611328125, -117.16349029541016, 0.0, 1.0, 0.0, -90.60174560546875, 17.73411891090035
1137, 11.456430435180664, -117.5218505859375, 0.0, 1.0, 0.0, -90.59870147705078, 17.802443064675526
1138, 11.452341079711914, -117.90447235107422, 0.0, 1.0, 0.0, -90.59526062011719, 17.87539551004088
1139, 11.448665618896484, -118.24885559082031, 0.0, 1.0, 0.0, -90.59209442138672, 17.94101154204322
1140, 11.444925308227539, -118.60021209716797, 0.0, 1.0, 0.0, -90.5887222290039, 18.007904765627988
1141, 11.440997123718262, -118.97010803222656, 0.0, 1.0, 0.0, -90.58501434326172, 18.07827994613219
1142, 11.437108993530273, -119.33731079101562, 0.0, 0.9500000476837158, 0.0, -90.58126831054688, 18.14769311656329
1143, 11.433263778686523, -119.70160675048828, 0.0, 0.9000000953674316, 0.0, -90.57743072509766, 18.215148643502797
1144, 11.429641723632812, -120.04591369628906, 0.0, 0.8250001668930054, 0.0, -90.57373809814453, 18.276881692752507
1145, 11.426061630249023, -120.38748931884766, 0.0, 0.7750002145767212, 0.0, -90.56997680664062, 18.33505879803844
1146, 11.422146797180176, -120.76254272460938, 0.0, 0.7500002384185791, 0.0, -90.56585693359375, 18.394611747597622
1147, 11.418261528015137, -121.13656616210938, 0.0, 0.7000002861022949, 0.0, -90.56172943115234, 18.449447097728125
1148, 11.414666175842285, -121.48444366455078, 0.0, 0.6500003337860107, 0.0, -90.5578842163086, 18.496118868105796
1149, 11.410968780517578, -121.84415435791016, 0.0, 0.6000003814697266, 0.0, -90.55399322509766, 18.539135300000847
1150, 11.407095909118652, -122.2227783203125, 0.0, 0.5500004291534424, 0.0, -90.54996490478516, 18.577536753568147
1151, 11.403318405151367, -122.59442901611328, 0.0, 0.5000004768371582, 0.0, -90.54611206054688, 18.60888063607328
1152, 11.399481773376465, -122.9740982055664, 0.0, 0.45000046491622925, 0.0, -90.54232788085938, 18.632689686912137
1153, 11.39594554901123, -123.32632446289062, 0.0, 0.42500045895576477, 0.0, -90.53897094726562, 18.648142963240616
1154, 11.392439842224121, -123.6778564453125, 0.0, 0.3750004470348358, 0.0, -90.5357894897461, 18.656651257584112
1155, 11.388741493225098, -124.05096435546875, 0.0, 0.32500043511390686, 0.0, -90.53272247314453, 18.657746675273955
1156, 11.385055541992188, -124.42509460449219, 0.0, 0.2750004231929779, 0.0, -90.52984619140625, 18.649385204542348
1157, 11.381593704223633, -124.77910614013672, 0.0, 0.22500041127204895, 0.0, -90.52739715576172, 18.633997625026577
1158, 11.378180503845215, -125.13006591796875, 0.0, 0.20000040531158447, 0.0, -90.52527618408203, 18.611083758714344
1159, 11.374600410461426, -125.50081634521484, 0.0, 0.15000039339065552, 0.0, -90.52332305908203, 18.57912666005045
1160, 11.371078491210938, -125.86762237548828, 0.0, 0.10000038892030716, 0.0, -90.52173614501953, 18.539487033465832
1161, 11.367466926574707, -126.24607849121094, 0.0, 0.10000038892030716, 0.0, -90.5204086303711, 18.489597207066687
1162, 11.36420726776123, -126.5895767211914, 0.0, 3.915280046840053e-07, 0.0, -90.5195541381836, 18.43745410787482
1163, 11.360733032226562, -126.95748138427734, 0.0, 0.0, 0.0, -90.51901245117188, 18.37331723368942
1164, 11.357169151306152, -127.3369140625, 0.0, 0.0, 0.0, -90.51882934570312, 18.300198751091035
1165, 11.353694915771484, -127.70870971679688, 0.0, 0.0, 0.0, -90.51911163330078, 18.222514759322728
1166, 11.350459098815918, -128.05654907226562, 0.0, 0.0, 0.0, -90.51968383789062, 18.145360151893282
1167, 11.347298622131348, -128.39752197265625, 0.0, 0.0, 0.0, -90.52062225341797, 18.065717143999066
1168, 11.343974113464355, -128.75747680664062, 0.0, 0.07500000298023224, 0.0, -90.52197265625, 17.978635696514313
1169, 11.340655326843262, -129.11785888671875, 0.0, 0.125, 0.0, -90.52364349365234, 17.889649606553235
1170, 11.337681770324707, -129.4415283203125, 0.0, 0.17500001192092896, 0.0, -90.5254135131836, 17.809368037899993
1171, 11.334511756896973, -129.78704833984375, 0.0, 0.20000001788139343, 0.0, -90.52764892578125, 17.724165934766052
1172, 11.331226348876953, -130.14549255371094, 0.0, 0.2500000298023224, 0.0, -90.53018188476562, 17.637133556635394
1173, 11.327893257141113, -130.509521484375, 0.0, 0.30000004172325134, 0.0, -90.53302001953125, 17.551017593408847
1174, 11.324918746948242, -130.83421325683594, 0.0, 0.3500000536441803, 0.0, -90.5357437133789, 17.476707325412523
1175, 11.321881294250488, -131.1657257080078, 0.0, 0.40000006556510925, 0.0, -90.5386734008789, 17.404207938970025
1176, 11.318629264831543, -131.51988220214844, 0.0, 0.4500000774860382, 0.0, -90.54190063476562, 17.331665625912525
1177, 11.315374374389648, -131.87371826171875, 0.0, 0.5000000596046448, 0.0, -90.54523468017578, 17.26456213158052
1178, 11.312159538269043, -132.2223358154297, 0.0, 0.550000011920929, 0.0, -90.54855346679688, 17.20434509156035
1179, 11.309226036071777, -132.53936767578125, 0.0, 0.574999988079071, 0.0, -90.55156707763672, 17.154668635301622
1180, 11.306150436401367, -132.8705596923828, 0.0, 0.6249999403953552, 0.0, -90.55472564697266, 17.108458689694306
1181, 11.302896499633789, -133.21961975097656, 0.0, 0.6749998927116394, 0.0, -90.55795288085938, 17.067176447490876
1182, 11.299589157104492, -133.57273864746094, 0.0, 0.7249998450279236, 0.0, -90.56108093261719, 17.033041863979044
1183, 11.296661376953125, -133.8839569091797, 0.0, 0.7749997973442078, 0.0, -90.56375122070312, 17.00933091563765
1184, 11.293582916259766, -134.20957946777344, 0.0, 0.7999997735023499, 0.0, -90.56632995605469, 16.991552597486205
1185, 11.290359497070312, -134.548583984375, 0.0, 0.849999725818634, 0.0, -90.56883239746094, 16.980614777836315
1186, 11.287033081054688, -134.89682006835938, 0.0, 0.8999996781349182, 0.0, -90.57122039794922, 16.978453314821607
1187, 11.284100532531738, -135.20233154296875, 0.0, 0.9499996304512024, 0.0, -90.57305145263672, 16.983169111564514
1188, 11.280898094177246, -135.5341033935547, 0.0, 1.0249996185302734, 0.0, -90.57476806640625, 16.995635225186653
1189, 11.277532577514648, -135.88113403320312, 0.0, 1.0, 0.0, -90.57632446289062, 17.017102591822837
1190, 11.274170875549316, -136.22613525390625, 0.0, 1.0, 0.0, -90.57757568359375, 17.045011035811683
1191, 11.27081298828125, -136.56898498535156, 0.0, 1.0, 0.0, -90.57849884033203, 17.078195055711586
1192, 11.267682075500488, -136.8873291015625, 0.0, 1.0, 0.0, -90.57907104492188, 17.11286991444825
1193, 11.264572143554688, -137.2079620361328, 0.0038197184912860394, 1.0, 0.0, -90.57778930664062, 17.151244797987452
1194, 11.261391639709473, -137.54873657226562, 0.007639436982572079, 1.0, 0.0, -90.57228088378906, 17.195200360348533
1195, 11.258532524108887, -137.87112426757812, 0.009549296461045742, 1.0, 0.0, -90.56218719482422, 17.23946263604537
1196, 11.25579833984375, -138.19822692871094, 0.010822535492479801, 0.9750000238418579, 0.0, -90.54679870605469, 17.286501195507686
1197, 11.25299072265625, -138.5517578125, 0.009549295529723167, 0.9250000715255737, 0.0, -90.52556610107422, 17.338832423518593
1198, 11.25027847290039, -138.91053771972656, 0.008276054635643959, 0.8750001192092896, 0.0, -90.49999237060547, 17.392020731321267
1199, 11.247781753540039, -139.25482177734375, 0.0070028156042099, 0.8250001668930054, 0.0, -90.47259521484375, 17.44216452228952
1200, 11.24554443359375, -139.5725555419922, 0.0057295761071145535, 0.7750002145767212, 0.0, -90.44599151611328, 17.486742175424933
1201, 11.243218421936035, -139.91204833984375, 0.005092956591397524, 0.7500002384185791, 0.0, -90.41667175292969, 17.53192992297327
1202, 11.24084186553955, -140.26730346679688, 0.0038197170943021774, 0.7000002861022949, 0.0, -90.3858642578125, 17.575790754440256
1203, 11.238548278808594, -140.61727905273438, 0.0025464773643761873, 0.6500003337860107, 0.0, -90.35614776611328, 17.61537827148782
1204, 11.236343383789062, -140.95591735839844, 0.0, 0.6000003814697266, 0.0, -90.32926177978516, 17.649257138597864
1205, 11.23414134979248, -141.29684448242188, 0.0, 0.5500004291534424, 0.0, -90.30426788330078, 17.678388391355
1206, 11.231918334960938, -141.64654541015625, 0.0, 0.5000004768371582, 0.0, -90.2806396484375, 17.70249434851937
1207, 11.229671478271484, -142.0075225830078, 0.0, 0.45000046491622925, 0.0, -90.2580795288086, 17.72007996522179
1208, 11.2276611328125, -142.34022521972656, 0.0, 0.42500045895576477, 0.0, -90.23908996582031, 17.73034892897403
1209, 11.2257080078125, -142.673828125, 0.0, 0.3750004470348358, 0.0, -90.22156524658203, 17.73441503854437
1210, 11.223711967468262, -143.02745056152344, 0.0, 0.32500043511390686, 0.0, -90.20464324951172, 17.731473209530513
1211, 11.22170639038086, -143.39710998535156, 0.0, 0.2750004231929779, 0.0, -90.18838500976562, 17.719323051325084
1212, 11.220049858093262, -143.71688842773438, 0.0, 0.22500041127204895, 0.0, -90.17559051513672, 17.702233262631687
1213, 11.218419075012207, -144.04501342773438, 0.0, 0.17500039935112, 0.0, -90.16366577148438, 17.677883947968287
1214, 11.2166748046875, -144.41270446777344, 0.0, 0.15000039339065552, 0.0, -90.15149688720703, 17.64197863994729
1215, 11.215100288391113, -144.76309204101562, 0.0, 0.10000038892030716, 0.0, -90.14110565185547, 17.600717147715084
1216, 11.213687896728516, -145.0931854248047, 0.0, 0.0500003919005394, 0.0, -90.13232421875, 17.554824405786377
1217, 11.212371826171875, -145.41690063476562, 0.0, 3.915280046840053e-07, 0.0, -90.12457275390625, 17.503157327952547
1218, 11.210996627807617, -145.77175903320312, 0.0, 0.0, 0.0, -90.11699676513672, 17.438449567269885
1219, 11.209698677062988, -146.1262664794922, 0.0, 0.0, 0.0, -90.11040496826172, 17.36725216484721
1220, 11.208553314208984, -146.45733642578125, 0.0, 0.0, 0.0, -90.1051025390625, 17.295890475860837
1221, 11.207475662231445, -146.78631591796875, 0.0, 0.0, 0.0, -90.10059356689453, 17.220585331955636
1222, 11.206426620483398, -147.12408447265625, 0.0, 0.0, 0.0, -90.0967025756836, 17.13929557077286
1223, 11.205414772033691, -147.46669006347656, 0.0, 0.02500000037252903, 0.0, -90.09347534179688, 17.053596805702636
1224, 11.204533576965332, -147.78271484375, 0.0, 0.07500000298023224, 0.0, -90.09111022949219, 16.97251317339358
1225, 11.203714370727539, -148.091064453125, 0.0, 0.10000000149011612, 0.0, -90.08936309814453, 16.892382084783094
1226, 11.202848434448242, -148.43280029296875, 0.0, 0.15000000596046448, 0.0, -90.08795166015625, 16.803282772285954
1227, 11.202031135559082, -148.77183532714844, 0.0, 0.20000001788139343, 0.0, -90.08715057373047, 16.715681411130127
1228, 11.201309204101562, -149.087158203125, 0.0, 0.2500000298023224, 0.0, -90.08685302734375, 16.63567974263453
1229, 11.200623512268066, -149.3995819091797, 0.0, 0.30000004172325134, 0.0, -90.08696746826172, 16.558806628806426
1230, 11.199922561645508, -149.73153686523438, 0.0, 0.3500000536441803, 0.0, -90.08748626708984, 16.480877138231637
1231, 11.19926643371582, -150.05514526367188, 0.0, 0.3750000596046448, 0.0, -90.08831024169922, 16.408553808763322
1232, 11.198657989501953, -150.36485290527344, 0.0, 0.42500007152557373, 0.0, -90.08935546875, 16.343404480433392
1233, 11.198089599609375, -150.66378784179688, 0.0, 0.4750000834465027, 0.0, -90.09056854248047, 16.28491216700883
1234, 11.197463035583496, -150.99964904785156, 0.0, 0.5250000357627869, 0.0, -90.09211730957031, 16.22533852531328
1235, 11.19688606262207, -151.31700134277344, 0.0, 0.574999988079071, 0.0, -90.09370422363281, 16.17471831396089
1236, 11.196325302124023, -151.61544799804688, 0.0, 0.574999988079071, 0.0, -90.09606170654297, 16.13318015348001
1237, 11.195696830749512, -151.9204864501953, -0.0038197184912860394, 0.6499999165534973, 0.0, -90.1002197265625, 16.096972901407057
1238, 11.194890022277832, -152.2523956298828, -0.007639436982572079, 0.6999998688697815, 0.0, -90.10842895507812, 16.06523527020096
1239, 11.193900108337402, -152.57252502441406, -0.01145915500819683, 0.7499998211860657, 0.0, -90.12246704101562, 16.04150691489193
1240, 11.192791938781738, -152.87631225585938, -0.010185915045440197, 0.7999997735023499, 0.0, -90.14049530029297, 16.026335531867396
1241, 11.191563606262207, -153.1771240234375, -0.008912675082683563, 0.849999725818634, 0.0, -90.16187286376953, 16.018609515729008
1242, 11.190153121948242, -153.49488830566406, -0.0076394351199269295, 0.8999996781349182, 0.0, -90.18710327148438, 16.01846299686553
1243, 11.18865966796875, -153.8116455078125, -0.00636619608849287, 0.9499996304512024, 0.0, -90.21383666992188, 16.026552884452467
1244, 11.187137603759766, -154.11851501464844, -0.0057295761071145535, 0.9749996066093445, 0.0, -90.24065399169922, 16.041945215575215
1245, 11.185583114624023, -154.4219970703125, -0.0038197170943021774, 1.0, 0.0, -90.26700592041016, 16.063775659118498
1246, 11.183869361877441, -154.7500762939453, -0.0025464773643761873, 1.0, 0.0, -90.29458618164062, 16.094334548526305
1247, 11.182218551635742, -155.06524658203125, 0.0, 1.0, 0.0, -90.31859588623047, 16.128608733599684
1248, 11.180615425109863, -155.37069702148438, 0.0, 1.0, 0.0, -90.33955383300781, 16.166088014094242
1249, 11.179018020629883, -155.67100524902344, 0.0, 1.0, 0.0, -90.35816192626953, 16.206385369256044
1250, 11.177287101745605, -155.99066162109375, 0.0, 1.0, 0.0, -90.35816192626953, 16.252401172439278
1251, 11.175491333007812, -156.31455993652344, 0.0, 1.0, 0.0, -90.39189910888672, 16.301863171284946
1252, 11.173787117004395, -156.61447143554688, 0.0, 1.0, 0.0, -90.4051284790039, 16.349864067060455
1253, 11.171964645385742, -156.92636108398438, 0.0, 1.0, 0.0, -90.4175033569336, 16.40164383201488
1254, 11.169989585876465, -157.2545623779297, 0.0, 1.0, 0.0, -90.42903900146484, 16.457871896947044
1255, 11.168097496032715, -157.56045532226562, 0.0, 1.0, 0.0, -90.43856811523438, 16.511685399424184
1256, 11.16615104675293, -157.86671447753906, 0.0, 1.0, 0.0, -90.447021484375, 16.56670513847733
1257, 11.163901329040527, -158.2118377685547, 0.0, 1.0, 0.0, -90.45545959472656, 16.62993478193615
1258, 11.161664962768555, -158.54554748535156, 0.0, 1.0, 0.0, -90.46257019042969, 16.69204641886521
1259, 11.159366607666016, -158.87945556640625, 0.0, 1.0, 0.0, -90.46868133544922, 16.75488291563327
1260, 11.157210350036621, -159.18576049804688, 0.0, 1.0, 0.0, -90.47347259521484, 16.813132487457633
1261, 11.154871940612793, -159.51123046875, 0.0, 0.9500000476837158, 0.0, -90.47783660888672, 16.875269933054852
1262, 11.15241527557373, -159.84625244140625, 0.0, 0.9000000953674316, 0.0, -90.4815902709961, 16.93845639602781
1263, 11.150077819824219, -160.15953063964844, 0.0, 0.8500001430511475, 0.0, -90.48453521728516, 16.995968675914416
1264, 11.147701263427734, -160.47299194335938, 0.0, 0.8500001430511475, 0.0, -90.48699951171875, 17.051389821820155
1265, 11.145111083984375, -160.80963134765625, 0.0, 0.7750002145767212, 0.0, -90.48906707763672, 17.108176868273542
1266, 11.142427444458008, -161.1536102294922, 0.0, 0.725000262260437, 0.0, -90.49073791503906, 17.16217462149049
1267, 11.13991641998291, -161.47152709960938, 0.0, 0.6750003099441528, 0.0, -90.49185943603516, 17.20838273479015
1268, 11.137408256530762, -161.7858428955078, 0.0, 0.6250003576278687, 0.0, -90.49269104003906, 17.249760372237795
1269, 11.134611129760742, -162.13302612304688, 0.0, 0.6000003814697266, 0.0, -90.49330139160156, 17.289703685627725
1270, 11.13202953338623, -162.45065307617188, 0.0, 0.5250004529953003, 0.0, -90.49365997314453, 17.3213367175737
1271, 11.129356384277344, -162.77696228027344, 0.0, 0.4750004708766937, 0.0, -90.49378204345703, 17.347729513199074
1272, 11.126519203186035, -163.12094116210938, 0.0, 0.42500045895576477, 0.0, -90.49378204345703, 17.36840155209778
1273, 11.123589515686035, -163.47421264648438, 0.0, 0.3750004470348358, 0.0, -90.49368286132812, 17.38077752681296
1274, 11.120885848999023, -163.79872131347656, 0.0, 0.35000044107437134, 0.0, -90.49352264404297, 17.385154541722073
1275, 11.118325233459473, -164.10487365722656, 0.0, 0.3000004291534424, 0.0, -90.49337768554688, 17.382612495842256
1276, 11.11548900604248, -164.4426727294922, 0.0, 0.2500004172325134, 0.0, -90.4932632446289, 17.3722556383977
1277, 11.112873077392578, -164.75343322753906, 0.0, 0.20000040531158447, 0.0, -90.49320220947266, 17.355386027277852
1278, 11.11028003692627, -165.06082153320312, 0.0, 0.17500039935112, 0.0, -90.49321746826172, 17.33201551896166
1279, 11.107450485229492, -165.39564514160156, 0.0, 0.12500038743019104, 0.0, -90.49340057373047, 17.299491235513457
1280, 11.104846954345703, -165.70346069335938, 0.0, 0.07500039041042328, 0.0, -90.49370574951172, 17.26274534398298
1281, 11.102343559265137, -165.99888610839844, 0.0, 0.0500003919005394, 0.0, -90.4941635131836, 17.2214099427172
1282, 11.099491119384766, -166.33529663085938, 0.0, 3.915280046840053e-07, 0.0, -90.494873046875, 17.16763453889553
1283, 11.0968017578125, -166.65200805664062, 0.0, 0.0, 0.0, -90.4957504272461, 17.1100135864767
1284, 11.094108581542969, -166.9689483642578, 0.0, 0.0, 0.0, -90.49681091308594, 17.046803909454823
1285, 11.091291427612305, -167.30014038085938, 0.0, 0.0, 0.0, -90.49828338623047, 16.97560804728133
1286, 11.088762283325195, -167.5972442626953, 0.0, 0.0, 0.0, -90.499755859375, 16.907690919060695
1287, 11.086169242858887, -167.90159606933594, 0.0, 0.05000000074505806, 0.0, -90.5014877319336, 16.83532590946187
1288, 11.083344459533691, -168.2327117919922, 0.0, 0.10000000149011612, 0.0, -90.50363159179688, 16.754398946788832
1289, 11.080784797668457, -168.53225708007812, 0.0, 0.15000000596046448, 0.0, -90.50579071044922, 16.680302437613783
1290, 11.078177452087402, -168.8369140625, 0.0, 0.20000001788139343, 0.0, -90.50816345214844, 16.605126660478344
1291, 11.075404167175293, -169.15994262695312, 0.0, 0.2500000298023224, 0.0, -90.51087951660156, 16.526609620538483
1292, 11.07287311553955, -169.45394897460938, 0.0, 0.27500003576278687, 0.0, -90.51348114013672, 16.456975429495223
1293, 11.070314407348633, -169.75057983398438, 0.0, 0.3250000476837158, 0.0, -90.51628112792969, 16.38885799430782
1294, 11.06742000579834, -170.0849609375, 0.0, 0.3750000596046448, 0.0, -90.51950073242188, 16.31577458337244
1295, 11.064956665039062, -170.36843872070312, 0.0, 0.40000006556510925, 0.0, -90.52227783203125, 16.256984906046657
1296, 11.062434196472168, -170.6576690673828, 0.0, 0.4500000774860382, 0.0, -90.52521514892578, 16.20045973227128
1297, 11.059755325317383, -170.96331787109375, 0.0, 0.5000000596046448, 0.0, -90.52824401855469, 16.145153999444894
1298, 11.057211875915527, -171.2522430419922, 0.0, 0.5250000357627869, 0.0, -90.53118133544922, 16.09760190496207
1299, 11.054611206054688, -171.5461883544922, 0.0, 0.574999988079071, 0.0, -90.5340805053711, 16.05401186794323
1300, 11.051949501037598, -171.8455810546875, 0.0, 0.6249999403953552, 0.0, -90.5369873046875, 16.015125867571964
1301, 11.049423217773438, -172.12826538085938, 0.0, 0.6499999165534973, 0.0, -90.53959655761719, 15.98392755146541
1302, 11.046643257141113, -172.4376678466797, 0.0, 0.6999998688697815, 0.0, -90.5423583984375, 15.955764669494489
1303, 11.04391098022461, -172.73985290527344, 0.0, 0.7749997973442078, 0.0, -90.544921875, 15.9349796359622
1304, 11.041399002075195, -173.01597595214844, 0.0, 0.7249998450279236, 0.0, -90.54707336425781, 15.922103181716139
1305, 11.038755416870117, -173.30499267578125, 0.0, 0.6999998688697815, 0.0, -90.54922485351562, 15.913031348300333
1306, 11.035837173461914, -173.62229919433594, 0.0, 0.6499999165534973, 0.0, -90.55133056640625, 15.906722955758916
1307, 11.03332233428955, -173.89419555664062, 0.0, 0.5999999642372131, 0.0, -90.55292510986328, 15.903018935584699
1308, 11.030634880065918, -174.18344116210938, 0.0, 0.574999988079071, 0.0, -90.55455780029297, 15.89947818846058
1309, 11.02779769897461, -174.48719787597656, 0.0, 0.5250000357627869, 0.0, -90.5560531616211, 15.895367183723197
1310, 11.025106430053711, -174.7740020751953, 0.0, 0.4750000536441803, 0.0, -90.55736541748047, 15.890008110949708
1311, 11.02217960357666, -175.08441162109375, 0.0, 0.42500004172325134, 0.0, -90.55867004394531, 15.881609714285803
1312, 11.01942253112793, -175.3759002685547, 0.0, 0.40000003576278687, 0.0, -90.55984497070312, 15.870534551654437
1313, 11.01678466796875, -175.6537322998047, 0.0, 0.3500000238418579, 0.0, -90.56083679199219, 15.856872421399974
1314, 11.013880729675293, -175.95863342285156, 0.0, 0.30000001192092896, 0.0, -90.56198120117188, 15.837819125559443
1315, 11.011053085327148, -176.25440979003906, 0.0, 0.25, 0.0, -90.56303405761719, 15.814608185681372
1316, 11.008445739746094, -176.52651977539062, 0.0, 0.22499999403953552, 0.0, -90.56404876708984, 15.788822614909064
1317, 11.005552291870117, -176.82757568359375, 0.0, 0.17499998211860657, 0.0, -90.56525421142578, 15.755530578715959
1318, 11.002625465393066, -177.13136291503906, 0.0, 0.12499997764825821, 0.0, -90.5665054321289, 15.716323469011105
1319, 10.999982833862305, -177.40521240234375, 0.0, 0.12499997764825821, 0.0, -90.56768798828125, 15.67586649041093
1320, 10.997254371643066, -177.68714904785156, 0.0, 0.04999998211860657, 0.0, -90.56903076171875, 15.629372519647152
1321, 10.99454402923584, -177.96669006347656, 0.0, -1.8253922817734747e-08, 0.0, -90.5704574584961, 15.578047911244067
1322, 10.99189567565918, -178.23931884765625, 0.0, 0.0, 0.0, -90.572021484375, 15.522636536509966
1323, 10.9890718460083, -178.529541015625, 0.0, 0.0, 0.0, -90.57381439208984, 15.458994850027201
1324, 10.986490249633789, -178.7942657470703, 0.0, 0.0, 0.0, -90.57561492919922, 15.39716403127104
1325, 10.983647346496582, -179.0852508544922, 0.0, 0.0, 0.0, -90.57779693603516, 15.325725932303358
1326, 10.980835914611816, -179.3723907470703, 0.0, 0.0, 0.0, -90.580078125, 15.25201429292979
1327, 10.978195190429688, -179.64146423339844, 0.0, 0.0, 0.0, -90.5823974609375, 15.180395042440171
1328, 10.975343704223633, -179.93118286132812, 0.0, 0.0, 0.0, -90.5850830078125, 15.100924367082824
1329, 10.972517013549805, -180.2176971435547, 0.0, 0.0, 0.0, -90.58788299560547, 15.020183549656297
1330, 10.969881057739258, -180.4841766357422, 0.0, 0.0, 0.0, -90.59064483642578, 14.943389145537232
1331, 10.967265129089355, -180.74761962890625, 0.0, 0.0, 0.0, -90.59351348876953, 14.866067536253126
1332, 10.964705467224121, -181.00485229492188, 0.0, 0.0, 0.0, -90.5964584350586, 14.789365031880362
1333, 10.962111473083496, -181.2644500732422, 0.0, 0.0, 0.0, -90.59954071044922, 14.71089559823022
1334, 10.959310531616211, -181.5440216064453, 0.0, 0.0, 0.0, -90.60301971435547, 14.625324541312622
1335, 10.956683158874512, -181.8050079345703, 0.0, 0.0, 0.0, -90.60633087158203, 14.544559161975238
1336, 10.95408821105957, -182.06182861328125, 0.0, 0.0, 0.0, -90.6097412109375, 14.464350935208369
1337, 10.951264381408691, -182.33999633789062, 0.0, 0.02500000037252903, 0.0, -90.61355590820312, 14.377395026486962
1338, 10.94875717163086, -182.58609008789062, 0.0, 0.05000000074505806, 0.0, -90.61700439453125, 14.300416391299288
1339, 10.946090698242188, -182.84634399414062, 0.0, 0.10000000149011612, 0.0, -90.6207275390625, 14.219553913205809
1340, 10.943559646606445, -183.09231567382812, 0.0, 0.15000000596046448, 0.0, -90.62425994873047, 14.144507097347947
1341, 10.941079139709473, -183.33204650878906, 0.0, 0.17500001192092896, 0.0, -90.62779235839844, 14.07327523589889
1342, 10.938284873962402, -183.60079956054688, 0.0, 0.2500000298023224, 0.0, -90.63176727294922, 13.996030375067592
1343, 10.935761451721191, -183.84201049804688, 0.0, 0.30000004172325134, 0.0, -90.63534545898438, 13.930261992530394
1344, 10.933149337768555, -184.09043884277344, 0.0, 0.3250000476837158, 0.0, -90.63897705078125, 13.86646828342176
1345, 10.930350303649902, -184.35499572753906, 0.0, 0.3750000596046448, 0.0, -90.642822265625, 13.803115011669114
1346, 10.927736282348633, -184.6005096435547, 0.0, 0.42500007152557373, 0.0, -90.64629364013672, 13.749246982127454
1347, 10.925030708312988, -184.85316467285156, 0.0, 0.4750000834465027, 0.0, -90.6498031616211, 13.699126529576748
1348, 10.922202110290527, -185.11537170410156, 0.0, 0.5250000357627869, 0.0, -90.65331268310547, 13.653304966274309
1349, 10.919647216796875, -185.35081481933594, 0.0, 0.550000011920929, 0.0, -90.65630340576172, 13.617960075528462
1350, 10.916830062866211, -185.6085662841797, 0.0, 0.5999999642372131, 0.0, -90.6594009399414, 13.585216818834258
1351, 10.914216041564941, -185.84625244140625, 0.0, 0.6499999165534973, 0.0, -90.662109375, 13.561135443761854
1352, 10.91165542602539, -186.0779266357422, 0.0, 0.6749998927116394, 0.0, -90.66455078125, 13.543393163273276
1353, 10.908735275268555, -186.34019470214844, 0.0, 0.7249998450279236, 0.0, -90.6671142578125, 13.52980817035967
1354, 10.906007766723633, -186.58380126953125, 0.0, 0.7749997973442078, 0.0, -90.66924285888672, 13.523974168892467
1355, 10.903450965881348, -186.8109588623047, 0.0, 0.7999997735023499, 0.0, -90.67101287841797, 13.524441535274203
1356, 10.900797843933105, -187.04541015625, 0.0, 0.849999725818634, 0.0, -90.67266082763672, 13.530411811443503
1357, 10.89819049835205, -187.27476501464844, 0.0, 0.8749997019767761, 0.0, -90.67403411865234, 13.541667116437853
1358, 10.895284652709961, -187.52894592285156, 0.0, 0.9249996542930603, 0.0, -90.67527770996094, 13.559873524477826
1359, 10.892557144165039, -187.7665252685547, 0.0, 0.9749996066093445, 0.0, -90.67622375488281, 13.582638776474703
1360, 10.889721870422363, -188.0124053955078, 0.0, 1.0249996185302734, 0.0, -90.67700958251953, 13.611796639358436
1361, 10.886960983276367, -188.25094604492188, 0.0, 1.0, 0.0, -90.67745971679688, 13.645029131026732
1362, 10.884147644042969, -188.49327087402344, 0.0, 1.0, 0.0, -90.67774200439453, 13.682871550915301
1363, 10.881103515625, -188.75450134277344, 0.0, 1.0, 0.0, -90.677734375, 13.727450001046275
1364, 10.878280639648438, -188.99610900878906, 0.0, 1.0, 0.0, -90.67752075195312, 13.77170230721557
1365, 10.875459671020508, -189.23684692382812, 0.0, 1.0, 0.0, -90.67708587646484, 13.818157196250963
1366, 10.872669219970703, -189.4744873046875, 0.0, 1.0, 0.0, -90.67647552490234, 13.865965822594118
1367, 10.86976432800293, -189.721435546875, 0.0, 1.0, 0.0, -90.6756591796875, 13.917347653905642
1368, 10.86673641204834, -189.97840881347656, 0.0, 1.0, 0.0, -90.67459869384766, 13.972362717290169
1369, 10.863880157470703, -190.2206573486328, 0.0, 0.9750000238418579, 0.0, -90.67338562011719, 14.025343765900264
1370, 10.860968589782715, -190.46728515625, 0.0, 0.9250000715255737, 0.0, -90.67205810546875, 14.079654764630977
1371, 10.857964515686035, -190.7216796875, 0.0, 0.8750001192092896, 0.0, -90.67048645019531, 14.13508299993848
1372, 10.8549165725708, -190.9798583984375, 0.0, 0.8500001430511475, 0.0, -90.66879272460938, 14.189965129035514
1373, 10.851900100708008, -191.23544311523438, 0.0, 0.8000001907348633, 0.0, -90.66699981689453, 14.242502433383835
1374, 10.848983764648438, -191.48255920410156, 0.0, 0.7500002384185791, 0.0, -90.6651382446289, 14.290900063879576
1375, 10.845978736877441, -191.73751831054688, 0.0, 0.725000262260437, 0.0, -90.66315460205078, 14.337878961888274
1376, 10.842988014221191, -191.9915008544922, 0.0, 0.6750003099441528, 0.0, -90.66117858886719, 14.381425872519037
1377, 10.840042114257812, -192.2420196533203, 0.0, 0.6250003576278687, 0.0, -90.65911865234375, 14.420642446748019
1378, 10.836823463439941, -192.51626586914062, 0.0, 0.6000003814697266, 0.0, -90.65692138671875, 14.458979938325685
1379, 10.834062576293945, -192.75196838378906, 0.0, 0.5500004291534424, 0.0, -90.655029296875, 14.48778312332055
1380, 10.830864906311035, -193.02542114257812, 0.0, 0.5250004529953003, 0.0, -90.65288543701172, 14.516335580726986
1381, 10.827876091003418, -193.2819366455078, 0.0, 0.45000046491622925, 0.0, -90.65093231201172, 14.537901936884634
1382, 10.824999809265137, -193.5291290283203, 0.0, 0.4000004529953003, 0.0, -90.64911651611328, 14.553162166294143
1383, 10.821861267089844, -193.79966735839844, 0.0, 0.3750004470348358, 0.0, -90.6472396850586, 14.563573058989764
1384, 10.81898307800293, -194.04849243164062, 0.0, 0.32500043511390686, 0.0, -90.6456298828125, 14.567152654933281
1385, 10.81595516204834, -194.3109893798828, 0.0, 0.32500043511390686, 0.0, -90.64411163330078, 14.5648283662003
1386, 10.813009262084961, -194.56732177734375, 0.0, 0.35000044107437134, 0.0, -90.64276123046875, 14.557387477030648
1387, 10.810091018676758, -194.82183837890625, 0.0, 0.4000004529953003, 0.0, -90.64156341552734, 14.5464541723803
1388, 10.807008743286133, -195.09153747558594, 0.0, 0.45000046491622925, 0.0, -90.6405029296875, 14.532843636734398
1389, 10.804069519042969, -195.3494110107422, 0.0, 0.4750004708766937, 0.0, -90.63958740234375, 14.519117147884472
1390, 10.801116943359375, -195.60916137695312, 0.0, 0.5250004529953003, 0.0, -90.63885498046875, 14.505419463307552
1391, 10.79830551147461, -195.8568878173828, 0.0, 0.5500004291534424, 0.0, -90.63821411132812, 14.493389317794934
1392, 10.79538631439209, -196.11488342285156, 0.0, 0.6000003814697266, 0.0, -90.63768768310547, 14.482463689616663
1393, 10.792412757873535, -196.3781280517578, 0.0, 0.6500003337860107, 0.0, -90.63724517822266, 14.473934025913078
1394, 10.78971004486084, -196.61782836914062, 0.0, 0.6750003099441528, 0.0, -90.6368408203125, 14.469109183569142
1395, 10.786588668823242, -196.89517211914062, 0.0, 0.725000262260437, 0.0, -90.636474609375, 14.4671405911061
1396, 10.783764839172363, -197.1465606689453, 0.0, 0.7750002145767212, 0.0, -90.63613891601562, 14.469458586341684
1397, 10.781038284301758, -197.38951110839844, 0.0, 0.8000001907348633, 0.0, -90.63581085205078, 14.475627071552855
1398, 10.777952194213867, -197.6647186279297, 0.0, 0.8750001192092896, 0.0, -90.63540649414062, 14.487161151371993
1399, 10.775172233581543, -197.91302490234375, 0.0, 0.9250000715255737, 0.0, -90.63497924804688, 14.502657400202002
1400, 10.772239685058594, -198.1749725341797, 0.0, 0.9500000476837158, 0.0, -90.63446044921875, 14.524197449212977
1401, 10.769129753112793, -198.4530029296875, 0.0, 1.0, 0.0, -90.6337890625, 14.55264152197748
1402, 10.766375541687012, -198.70364379882812, 0.0038197184912860394, 1.0, 0.0, -90.63176727294922, 14.583268297579478
1403, 10.763559341430664, -198.96832275390625, 0.005729577504098415, 1.0, 0.0, -90.6269302368164, 14.61970469201894
1404, 10.760969161987305, -199.22434997558594, 0.009549296461045742, 1.0, 0.0, -90.61830139160156, 14.658360598138854
1405, 10.75860595703125, -199.4756622314453, 0.013369014486670494, 1.0, 0.0, -90.60466003417969, 14.699006882318736
1406, 10.756220817565918, -199.75460815429688, 0.015278873965144157, 1.0, 0.0, -90.58259582519531, 14.746766028219623
1407, 10.754229545593262, -200.01312255859375, 0.016552112996578217, 1.0, 0.0, -90.555908203125, 14.793257739668755
1408, 10.752421379089355, -200.27249145507812, 0.015278873033821583, 1.0, 0.0, -90.52381134033203, 14.841780618463748
1409, 10.750805854797363, -200.5277862548828, 0.014642253518104553, 1.0, 0.0, -90.48802185058594, 14.89106289523243
1410, 10.749258041381836, -200.796875, 0.013369012624025345, 0.9750000238418579, 0.0, -90.4465560913086, 14.944276364105459
1411, 10.747770309448242, -201.08155822753906, 0.012095772661268711, 0.9250000715255737, 0.0, -90.39971923828125, 15.001141802925249
1412, 10.746565818786621, -201.33450317382812, 0.011459152214229107, 0.9000000953674316, 0.0, -90.35616302490234, 15.05135374692512
1413, 10.745346069335938, -201.61683654785156, 0.010185912251472473, 0.8500001430511475, 0.0, -90.30619812011719, 15.106489551666652
1414, 10.744284629821777, -201.88839721679688, 0.00891267228871584, 0.8000001907348633, 0.0, -90.25757598876953, 15.157779420762198
1415, 10.743414878845215, -202.13357543945312, 0.00891267228871584, 0.8000001907348633, 0.0, -90.21356201171875, 15.157779420762198
1416, 10.742487907409668, -202.42762756347656, 0.007002812810242176, 0.725000262260437, 0.0, -90.1612777709961, 15.25242850524747
1417, 10.741739273071289, -202.6941680908203, 0.00572957331314683, 0.6750003099441528, 0.0, -90.11492156982422, 15.294714510549094
1418, 10.741063117980957, -202.97071838378906, 0.0050929537974298, 0.6500003337860107, 0.0, -90.06827545166016, 15.334838700660361
1419, 10.740482330322266, -203.24798583984375, 0.0038197143003344536, 0.6000003814697266, 0.0, -90.0232925415039, 15.371016375692877
1420, 10.740013122558594, -203.50978088378906, 0.0025464745704084635, 0.5250004529953003, 0.0, -89.9830322265625, 15.400787467664575
1421, 10.739583969116211, -203.782470703125, 0.0, 0.5000004768371582, 0.0, -89.94427490234375, 15.426659610585459
1422, 10.73922061920166, -204.0561065673828, 0.0, 0.45000046491622925, 0.0, -89.90866088867188, 15.44723515292543
1423, 10.73892593383789, -204.346435546875, 0.0, 0.4000004529953003, 0.0, -89.87421417236328, 15.46277584557071
1424, 10.73874568939209, -204.60501098632812, 0.0, 0.4000004529953003, 0.0, -89.84610748291016, 15.470827193064101
1425, 10.738654136657715, -204.87879943847656, 0.0, 0.32500043511390686, 0.0, -89.81889343261719, 15.473898820157554
1426, 10.73867416381836, -205.16693115234375, 0.0, 0.2750004231929779, 0.0, -89.79286193847656, 15.470178258814121
1427, 10.73879337310791, -205.43368530273438, 0.0, 0.2500004172325134, 0.0, -89.77092742919922, 15.460147576039313
1428, 10.73902416229248, -205.70623779296875, 0.0, 0.3000004291534424, 0.0, -89.75048065185547, 15.44439088597355
1429, 10.739347457885742, -205.9712677001953, 0.0, 0.35000044107437134, 0.0, -89.73238372802734, 15.42546934523021
1430, 10.739789962768555, -206.245849609375, 0.0, 0.3750004470348358, 0.0, -89.71533203125, 15.403620929158519
1431, 10.740313529968262, -206.51055908203125, 0.0, 0.42500045895576477, 0.0, -89.70034790039062, 15.38129855189334
1432, 10.740920066833496, -206.77081298828125, 0.0, 0.45000046491622925, 0.0, -89.68692779541016, 15.359167868241117
1433, 10.741716384887695, -207.0651092529297, 0.0, 0.5000004768371582, 0.0, -89.67334747314453, 15.334703535465774
1434, 10.742501258850098, -207.32296752929688, 0.0, 0.5500004291534424, 0.0, -89.66250610351562, 15.314734688170105
1435, 10.743461608886719, -207.6072998046875, 0.0, 0.6000003814697266, 0.0, -89.6517333984375, 15.295152390515272
1436, 10.744549751281738, -207.8934783935547, 0.0019098592456430197, 0.6250003576278687, 0.0, -89.64115905761719, 15.278756238547524
1437, 10.745748519897461, -208.16546630859375, 0.005729577504098415, 0.6750003099441528, 0.0, -89.6297607421875, 15.266558049321933
1438, 10.74711799621582, -208.43429565429688, 0.007639436982572079, 0.7000002861022949, 0.0, -89.61603546142578, 15.258229493876646
1439, 10.748671531677246, -208.69639587402344, 0.01145915500819683, 0.7500002384185791, 0.0, -89.59899139404297, 15.25382935739777
1440, 10.750493049621582, -208.95948791503906, 0.015278873965144157, 0.8000001907348633, 0.0, -89.57683563232422, 15.253569849454914
1441, 10.752609252929688, -209.22430419921875, 0.01718873344361782, 0.8250001668930054, 0.0, -89.54864501953125, 15.257814524567472
1442, 10.755083084106445, -209.49288940429688, 0.021008450537919998, 0.8750001192092896, 0.0, -89.512939453125, 15.266578735649297
1443, 10.75813102722168, -209.77691650390625, 0.026738028973340988, 0.9500000476837158, 0.0, -89.46530151367188, 15.280922737310831
1444, 10.761197090148926, -210.02783203125, 0.02864788845181465, 0.9750000238418579, 0.0, -89.41466522216797, 15.298747450877649
1445, 10.765247344970703, -210.32284545898438, 0.02737465128302574, 1.0, 0.0, -89.3453140258789, 15.325372828663715
1446, 10.76963996887207, -210.61309814453125, 0.026101412251591682, 1.0, 0.0, -89.26866912841797, 15.357229450347521
1447, 10.773813247680664, -210.8685760498047, 0.025464793667197227, 1.0, 0.0, -89.19551849365234, 15.389240806681025
1448, 10.778848648071289, -211.15577697753906, 0.02419155463576317, 1.0, 0.0, -89.10770416259766, 15.42878151282779
1449, 10.783893585205078, -211.4262237548828, 0.02291831560432911, 1.0, 0.0, -89.0208511352539, 15.469081109077308
1450, 10.789396286010742, -211.70465087890625, 0.022281697019934654, 1.0, 0.0, -88.9278793334961, 15.513120163022814
1451, 10.795280456542969, -211.98655700683594, 0.021008459851145744, 0.9750000238418579, 0.0, -88.83108520507812, 15.55987706308676
1452, 10.800999641418457, -212.2478485107422, 0.019735220819711685, 0.9250000715255737, 0.0, -88.73969268798828, 15.604397605895958
1453, 10.80759334564209, -212.53468322753906, 0.01909860223531723, 0.9000000953674316, 0.0, -88.63799285888672, 15.653530069865345
1454, 10.814115524291992, -212.80587768554688, 0.01782536320388317, 0.8500001430511475, 0.0, -88.54124450683594, 15.699689213068243
1455, 10.821181297302246, -213.08673095703125, 0.017188744619488716, 0.8250001668930054, 0.0, -88.44088745117188, 15.746406809752521
1456, 10.829044342041016, -213.3855743408203, 0.015915505588054657, 0.7750002145767212, 0.0, -88.33447265625, 15.79444403243931
1457, 10.836612701416016, -213.66162109375, 0.014642265625298023, 0.725000262260437, 0.0, -88.23712921142578, 15.836504112411147
1458, 10.84485912322998, -213.9503631591797, 0.014005645178258419, 0.7000002861022949, 0.0, -88.13656616210938, 15.877614505703939
1459, 10.853147506713867, -214.22958374023438, 0.012732405215501785, 0.6500003337860107, 0.0, -88.041015625, 15.914253129633904
1460, 10.8613862991333, -214.49752807617188, 0.011459165252745152, 0.6000003814697266, 0.0, -87.95135498046875, 15.945973013277724
1461, 10.871356010437012, -214.81021118164062, 0.009549304842948914, 0.5250004529953003, 0.0, -87.8501205444336, 15.978151910881408
1462, 10.88032341003418, -215.08226013183594, 0.00891268439590931, 0.5000004768371582, 0.0, -87.76506805419922, 16.000862391836232
1463, 10.890329360961914, -215.37408447265625, 0.012732403352856636, 0.45000046491622925, 0.0, -87.67546844482422, 16.019810446638775
1464, 10.901521682739258, -215.68515014648438, 0.016552120447158813, 0.4000004529953003, 0.0, -87.57953643798828, 16.03332268382066
1465, 10.911713600158691, -215.95574951171875, 0.018461979925632477, 0.3750004470348358, 0.0, -87.4947738647461, 16.039043130609446
1466, 10.92349910736084, -216.25343322753906, 0.022281698882579803, 0.32500043511390686, 0.0, -87.39852905273438, 16.03912908136101
1467, 10.935463905334473, -216.54031372070312, 0.02610141783952713, 0.2750004231929779, 0.0, -87.30139923095703, 16.032516328442586
1468, 10.947103500366211, -216.8063201904297, 0.028011277318000793, 0.2500004172325134, 0.0, -87.20679473876953, 16.02050143980113
1469, 10.96011734008789, -217.089111328125, 0.03183099627494812, 0.20000040531158447, 0.0, -87.10020446777344, 16.001832688602388
1470, 10.973122596740723, -217.3583526611328, 0.033740852028131485, 0.17500039935112, 0.0, -86.99248504638672, 15.978317701555424
1471, 10.988758087158203, -217.66525268554688, 0.03756056725978851, 0.12500038743019104, 0.0, -86.86083221435547, 15.945073884510935
1472, 11.00367259979248, -217.94329833984375, 0.04138028249144554, 0.07500039041042328, 0.0, -86.73284149169922, 15.908549542388345
1473, 11.01894760131836, -218.21458435058594, 0.043290141969919205, 0.0500003919005394, 0.0, -86.59937286376953, 15.867224449372392
1474, 11.034566879272461, -218.4800567626953, 0.042016901075839996, 3.915280046840053e-07, 0.0, -86.46134185791016, 15.821679906656694
1475, 11.051434516906738, -218.75498962402344, 0.040743663907051086, 0.0, 0.0, -86.3115005493164, 15.768961229035023
1476, 11.069836616516113, -219.04283142089844, 0.04010704532265663, 0.0, 0.0, -86.14816284179688, 15.708745091540594
1477, 11.088109970092773, -219.31793212890625, 0.03883380815386772, 0.05000000074505806, 0.0, -85.98678588867188, 15.647493879220455
1478, 11.107989311218262, -219.60618591308594, 0.03756056725978851, 0.10000000149011612, 0.0, -85.81312561035156, 15.580666333663277
1479, 11.127188682556152, -219.87506103515625, 0.03692394867539406, 0.125, 0.0, -85.64767456054688, 15.51689303763075
1480, 11.145988464355469, -220.1300506591797, 0.03565071150660515, 0.17500001192092896, 0.0, -85.4882583618164, 15.455827097252877
1481, 11.169010162353516, -220.43167114257812, 0.03437747433781624, 0.2250000238418579, 0.0, -85.29735565185547, 15.384006848502436
1482, 11.190369606018066, -220.70245361328125, 0.033740852028131485, 0.2500000298023224, 0.0, -85.12442779541016, 15.320711995702569
1483, 11.212724685668945, -220.97715759277344, 0.03183099627494812, 0.3250000476837158, 0.0, -84.94831848144531, 15.258170788820843
1484, 11.236927032470703, -221.26535034179688, 0.03055775724351406, 0.3750000596046448, 0.0, -84.76366424560547, 15.195586645117885
1485, 11.260001182556152, -221.53201293945312, 0.029921138659119606, 0.40000006556510925, 0.0, -84.59329223632812, 15.141155978187085
1486, 11.284847259521484, -221.810791015625, 0.028647899627685547, 0.4500000774860382, 0.0, -84.41619873046875, 15.088010958932431
1487, 11.308550834655762, -222.0695037841797, 0.027374662458896637, 0.5000000596046448, 0.0, -84.25328063964844, 15.042817731338593
1488, 11.33255672454834, -222.32467651367188, 0.026738042011857033, 0.5250000357627869, 0.0, -84.09423065185547, 15.002445309292947
1489, 11.360574722290039, -222.61422729492188, 0.025464804843068123, 0.574999988079071, 0.0, -83.91629028320312, 14.961727018205632
1490, 11.384919166564941, -222.859619140625, 0.024191565811634064, 0.6249999403953552, 0.0, -83.767822265625, 14.932210169488293
1491, 11.414835929870605, -223.15325927734375, 0.022918328642845154, 0.6249999403953552, 0.0, -83.59378051757812, 14.902601229811854
1492, 11.444695472717285, -223.43870544433594, 0.02228170819580555, 0.5999999642372131, 0.0, -83.42831420898438, 14.8791562081759
1493, 11.47177505493164, -223.69163513183594, 0.02100847102701664, 0.550000011920929, 0.0, -83.28486633300781, 14.861612497251672
1494, 11.500663757324219, -223.9555206298828, 0.01973523199558258, 0.5000000596046448, 0.0, -83.13893127441406, 14.84489620252807
1495, 11.530318260192871, -224.22056579589844, 0.019098613411188126, 0.4750000536441803, 0.0, -82.99617767333984, 14.828567546721905
1496, 11.558398246765137, -224.46658325195312, 0.017825374379754066, 0.42500004172325134, 0.0, -82.8671875, 14.813170636576736
1497, 11.58627700805664, -224.7063446044922, 0.01718875579535961, 0.40000003576278687, 0.0, -82.74473571777344, 14.797144916538626
1498, 11.617032051086426, -224.9659881591797, 0.015915516763925552, 0.3500000238418579, 0.0, -82.61619567871094, 14.778203571665832
1499, 11.650388717651367, -225.24232482910156, 0.014642276801168919, 0.30000001192092896, 0.0, -82.48417663574219, 14.75532432426632
1500, 11.6795654296875, -225.48001098632812, 0.014005656354129314, 0.2750000059604645, 0.0, -82.37438201904297, 14.73276773866269
1501, 11.713995933532715, -225.7557830810547, 0.01273241639137268, 0.22499999403953552, 0.0, -82.25179290771484, 14.703252905816472
1502, 11.749629020690918, -226.036376953125, 0.011459176428616047, 0.17499998211860657, 0.0, -82.13240051269531, 14.668770150790788
1503, 11.781051635742188, -226.28028869628906, 0.010185936465859413, 0.12499997764825821, 0.0, -82.03300476074219, 14.634590444960082
1504, 11.817631721496582, -226.5600128173828, 0.009549316018819809, 0.09999997913837433, 0.0, -81.92436218261719, 14.590554910724476
1505, 11.84988021850586, -226.80316162109375, 0.010822555050253868, 0.04999998211860657, 0.0, -81.83345031738281, 14.54779697298087
1506, 11.882843017578125, -227.04803466796875, 0.014642274007201195, -1.8253922817734747e-08, 0.0, -81.7436294555664, 14.500253396676957
1507, 11.919774055480957, -227.31784057617188, 0.01655213162302971, 0.0, 0.0, -81.6454086303711, 14.44238280722516
1508, 11.953076362609863, -227.55718994140625, 0.020371850579977036, 0.0, 0.0, -81.55729675292969, 14.386907622898734
1509, 11.98898983001709, -227.81060791015625, 0.026101429015398026, 0.0, 0.0, -81.46074676513672, 14.324543840100228
1510, 12.024795532226562, -228.05859375, 0.02801128849387169, 0.0, 0.0, -81.36192321777344, 14.260412664383006
1511, 12.0613374710083, -228.306884765625, 0.031831007450819016, 0.0, 0.0, -81.25755310058594, 14.193451674556242
1512, 12.096907615661621, -228.54415893554688, 0.03374086692929268, 0.02500000037252903, 0.0, -81.15214538574219, 14.127756878011919
1513, 12.134891510009766, -228.7926483154297, 0.03756057843565941, 0.07500000298023224, 0.0, -81.03471374511719, 14.057523957456072
1514, 12.175933837890625, -229.05548095703125, 0.04138029366731644, 0.125, 0.0, -80.90110778808594, 13.982842139016627
1515, 12.215280532836914, -229.3023223876953, 0.0432901531457901, 0.15000000596046448, 0.0, -80.76687622070312, 13.913341426314233
1516, 12.255057334899902, -229.54696655273438, 0.04456339031457901, 0.20000001788139343, 0.0, -80.62523651123047, 13.845634002047301
1517, 12.296422004699707, -229.79649353027344, 0.0432901531457901, 0.2500000298023224, 0.0, -80.47288513183594, 13.778762237379071
1518, 12.33596420288086, -230.03091430664062, 0.04201691597700119, 0.30000004172325134, 0.0, -80.32377624511719, 13.71874654755177
1519, 12.378243446350098, -230.27728271484375, 0.04138029366731644, 0.3250000476837158, 0.0, -80.16152954101562, 13.659042044056203
1520, 12.416346549987793, -230.49591064453125, 0.04010705649852753, 0.3750000596046448, 0.0, -80.0137939453125, 13.609327474181532
1521, 12.46114730834961, -230.7488555908203, 0.03883381932973862, 0.42500007152557373, 0.0, -79.83911895751953, 13.556055716178529
1522, 12.500761032104492, -230.96920776367188, 0.03819720074534416, 0.4500000774860382, 0.0, -79.68455505371094, 13.513995522024464
1523, 12.541975021362305, -231.19520568847656, 0.036923959851264954, 0.5000000596046448, 0.0, -79.52433776855469, 13.47502940695803
1524, 12.5883150100708, -231.44540405273438, 0.036923959851264954, 0.5000000596046448, 0.0, -79.34541320800781, 13.43709455802196
1525, 12.630800247192383, -231.67153930664062, 0.0362873412668705, 0.5250000357627869, 0.0, -79.18302917480469, 13.407553326601368
1526, 12.67812442779541, -231.9197540283203, 0.03374086692929268, 0.4750000536441803, 0.0, -79.00480651855469, 13.379052537881675
1527, 12.72546100616455, -232.16441345214844, 0.033104244619607925, 0.4500000476837158, 0.0, -78.82952117919922, 13.353441175401429
1528, 12.770073890686035, -232.3918914794922, 0.031831007450819016, 0.40000003576278687, 0.0, -78.66728973388672, 13.330865321604294
1529, 12.81923770904541, -232.63917541503906, 0.0299211498349905, 0.32500001788139343, 0.0, -78.49272155761719, 13.306055726020494
1530, 12.862197875976562, -232.8526153564453, 0.029284531250596046, 0.30000001192092896, 0.0, -78.3436050415039, 13.283134304154906
1531, 12.909526824951172, -233.08485412597656, 0.028011292219161987, 0.25, 0.0, -78.18347930908203, 13.256256314628352
1532, 12.95909595489502, -233.32508850097656, 0.026738055050373077, 0.19999998807907104, 0.0, -78.02057647705078, 13.225469351194116
1533, 13.005497932434082, -233.5472869873047, 0.026101434603333473, 0.17499998211860657, 0.0, -77.87230682373047, 13.193704170836856
1534, 13.056660652160645, -233.7893524169922, 0.024828197434544563, 0.12499997764825821, 0.0, -77.71385955810547, 13.155462328232785
1535, 13.102636337280273, -234.00450134277344, 0.023554958403110504, 0.07499998062849045, 0.0, -77.57584381103516, 13.11764198022787
1536, 13.153312683105469, -234.239013671875, 0.02291833981871605, 0.04999998211860657, 0.0, -77.42864227294922, 13.072143446432257
1537, 13.207040786743164, -234.4848175048828, 0.02164510078728199, -1.8253922817734747e-08, 0.0, -77.2781982421875, 13.019608393074902
1538, 13.255630493164062, -234.70481872558594, 0.02037186175584793, 0.0, 0.0, -77.14694213867188, 12.967776859782797
1539, 13.305779457092285, -234.9296417236328, 0.01909862458705902, 0.0, 0.0, -77.01651000976562, 12.911255592834818
1540, 13.353878021240234, -235.14328002929688, 0.018462006002664566, 0.0, 0.0, -76.89598083496094, 12.854642725399831
1541, 13.404912948608398, -235.36782836914062, 0.017188766971230507, 0.0, 0.0, -76.77320861816406, 12.792573140196204
1542, 13.455714225769043, -235.58932495117188, 0.015915527939796448, 0.0, 0.0, -76.65616607666016, 12.72909767368776
1543, 13.504230499267578, -235.79910278320312, 0.015278908424079418, 0.0, 0.0, -76.5490493774414, 12.667194914287006
1544, 13.557666778564453, -236.02813720703125, 0.014005668461322784, 0.0, 0.0, -76.4365234375, 12.597926244545574
1545, 13.605295181274414, -236.230712890625, 0.012732427567243576, 0.0, 0.0, -76.34092712402344, 12.535363746078104
1546, 13.657127380371094, -236.44949340820312, 0.012095808051526546, 0.0, 0.0, -76.24197387695312, 12.466637562893563
1547, 13.710843086242676, -236.6744842529297, 0.010822567157447338, 0.0, 0.0, -76.14498138427734, 12.394864233385984
1548, 13.762290954589844, -236.8884735107422, 0.009549327194690704, 0.02500000037252903, 0.0, -76.05742645263672, 12.32632449826905
1549, 13.815762519836426, -237.1093292236328, 0.0089127067476511, 0.05000000074505806, 0.0, -75.97183990478516, 12.255391044489572
1550, 13.868719100952148, -237.32662963867188, 0.007639467250555754, 0.10000000149011612, 0.0, -75.89247131347656, 12.186132414118914
1551, 13.916592597961426, -237.52198791503906, 0.007639467250555754, 0.10000000149011612, 0.0, -75.8252944946289, 12.125244443234667
1552, 13.971137046813965, -237.74325561523438, 0.005729608703404665, 0.17500001192092896, 0.0, -75.75431060791016, 12.05848184706482
1553, 14.020500183105469, -237.94248962402344, 0.0044563692063093185, 0.2250000238418579, 0.0, -75.69485473632812, 12.000898745794725
1554, 14.071845054626465, -238.14874267578125, 0.0031831294763833284, 0.27500003576278687, 0.0, -75.63817596435547, 11.944440585039604
1555, 14.120567321777344, -238.3436279296875, 0.002546509727835655, 0.3250000476837158, 0.0, -75.58897399902344, 11.894728544676372
1556, 14.171937942504883, -238.54833984375, 0.0, 0.3750000596046448, 0.0, -75.54257202148438, 11.846805078255818
1557, 14.227540016174316, -238.76905822753906, 0.0, 0.42500007152557373, 0.0, -75.49845123291016, 11.800596125781027
1558, 14.275436401367188, -238.9585418701172, 0.0, 0.4500000774860382, 0.0, -75.46469116210938, 11.765974174315929
1559, 14.32795238494873, -239.1655731201172, 0.0, 0.5000000596046448, 0.0, -75.43202209472656, 11.733148482983433
1560, 14.376124382019043, -239.3549041748047, 0.0, 0.5250000357627869, 0.0, -75.40536499023438, 11.708162274106055
1561, 14.426153182983398, -239.55087280273438, 0.0, 0.574999988079071, 0.0, -75.38093566894531, 11.687163009330279
1562, 14.480352401733398, -239.76251220703125, 0.0, 0.6249999403953552, 0.0, -75.3576431274414, 11.670436042977727
1563, 14.530075073242188, -239.9561309814453, 0.0, 0.6499999165534973, 0.0, -75.3388442993164, 11.660894719642938
1564, 14.584268569946289, -240.1665496826172, 0.0, 0.6999998688697815, 0.0, -75.32083892822266, 11.656325559762111
1565, 14.63508129119873, -240.36337280273438, 0.0, 0.7499998211860657, 0.0, -75.30594635009766, 11.657946942314366
1566, 14.686345100402832, -240.56149291992188, 0.0, 0.7749997973442078, 0.0, -75.29265594482422, 11.665126642390842
1567, 14.738996505737305, -240.7645721435547, 0.0, 0.8249997496604919, 0.0, -75.28047943115234, 11.67785413554956
1568, 14.787059783935547, -240.94960021972656, 0.0, 0.849999725818634, 0.0, -75.2705078125, 11.694272759249921
1569, 14.843656539916992, -241.16709899902344, 0.0, 0.8999996781349182, 0.0, -75.26007080078125, 11.718790785611814
1570, 14.895373344421387, -241.3655242919922, 0.0, 0.9749996066093445, 0.0, -75.25151062011719, 11.746517563537472
1571, 14.946446418762207, -241.56124877929688, 0.0, 0.9999995827674866, 0.0, -75.2437515258789, 11.77907185160502
1572, 15.001440048217773, -241.77169799804688, 0.0, 1.0249996185302734, 0.0, -75.23615264892578, 11.819157901196155
1573, 15.05482006072998, -241.97573852539062, 0.0, 1.0, 0.0, -75.22941589355469, 11.862206762858296
1574, 15.110297203063965, -242.1875762939453, 0.0, 1.0, 0.0, -75.22295379638672, 11.910355754436411
1575, 15.160415649414062, -242.37876892089844, 0.0, 1.0, 0.0, -75.2174301147461, 11.956369248478028
1576, 15.211783409118652, -242.57456970214844, 0.0, 1.0, 0.0, -75.21212768554688, 12.00547258337691
1577, 15.2660551071167, -242.78126525878906, 0.0, 1.0, 0.0, -75.20684814453125, 12.059086243974017
1578, 15.317949295043945, -242.978759765625, 0.0, 1.0, 0.0, -75.20207214355469, 12.111749497481368
1579, 15.37584400177002, -243.198974609375, 0.0, 1.0, 0.0, -75.19693756103516, 12.17174113286563
1580, 15.4285249710083, -243.39923095703125, 0.0, 1.0, 0.0, -75.19252014160156, 12.227307572403403
1581, 15.485987663269043, -243.61753845214844, 0.0, 1.0, 0.0, -75.18782806396484, 12.288698589010625
1582, 15.540806770324707, -243.82568359375, 0.0, 1.0, 0.0, -75.1835708618164, 12.34789536191021
1583, 15.593085289001465, -244.02406311035156, 0.0, 1.0, 0.0, -75.17960357666016, 12.404792519220644
1584, 15.648210525512695, -244.233154296875, 0.0, 1.0, 0.0, -75.17550659179688, 12.465122068171173
1585, 15.702702522277832, -244.4397735595703, 0.0, 1.0, 0.0, -75.17158508300781, 12.525011861159244
1586, 15.762735366821289, -244.66729736328125, 0.0, 1.0, 0.0, -75.1673583984375, 12.591164093850942
1587, 15.816192626953125, -244.86981201171875, 0.0, 1.0, 0.0, -75.1636734008789, 12.650187083101866
1588, 15.878152847290039, -245.1044921875, 0.0, 1.0, 0.0, -75.15945434570312, 12.718624414306811
1589, 15.93329906463623, -245.313232421875, 0.0, 1.0, 0.0, -75.15576934814453, 12.779540975112207
1590, 15.99061393737793, -245.53013610839844, 0.0, 1.0, 0.0, -75.15202331542969, 12.842792870541471
1591, 16.045888900756836, -245.7392578125, 0.0, 1.0, 0.0, -75.1484146118164, 12.903703574745508
1592, 16.104068756103516, -245.95925903320312, 0.0, 1.0, 0.0, -75.14464569091797, 12.967681282933487
1593, 16.16725730895996, -246.19813537597656, 0.0, 1.0, 0.0, -75.14067077636719, 13.03697599164591
1594, 16.22637176513672, -246.42153930664062, 0.0, 1.0, 0.0, -75.13694763183594, 13.10161147468586
1595, 16.286680221557617, -246.6494140625, 0.0, 1.0, 0.0, -75.1331787109375, 13.167334119424389
1596, 16.351581573486328, -246.89454650878906, 0.0, 0.9750000238418579, 0.0, -75.129150390625, 13.237653675044152
1597, 16.408245086669922, -247.10848999023438, 0.0, 0.9250000715255737, 0.0, -75.12568664550781, 13.298215352820476
1598, 16.468109130859375, -247.33447265625, 0.0, 0.8750001192092896, 0.0, -75.12202453613281, 13.360595900096774
1599, 16.529098510742188, -247.56460571289062, 0.0, 0.8500001430511475, 0.0, -75.11832427978516, 13.42187533360644
1600, 16.58899688720703, -247.7905731201172, 0.0, 0.8000001907348633, 0.0, -75.11474609375, 13.479518663090893
1601, 16.65332794189453, -248.03321838378906, 0.0, 0.7500002384185791, 0.0, -75.11096954345703, 13.538037377608314
1602, 16.712888717651367, -248.25778198242188, 0.0, 0.725000262260437, 0.0, -75.10755157470703, 13.588588384463543
1603, 16.775564193725586, -248.4940185546875, 0.0, 0.6750003099441528, 0.0, -75.10404205322266, 13.637955063341346
1604, 16.836637496948242, -248.7241668701172, 0.0, 0.6500003337860107, 0.0, -75.10065460205078, 13.681852394752864
1605, 16.899429321289062, -248.96072387695312, 0.0, 0.6500003337860107, 0.0, -75.09732818603516, 13.72259580591267
1606, 16.964561462402344, -249.2060089111328, 0.0, 0.5500004291534424, 0.0, -75.09403991699219, 13.759674307759047
1607, 17.028034210205078, -249.44500732421875, 0.0, 0.5000004768371582, 0.0, -75.0909194946289, 13.790242503812404
1608, 17.091760635375977, -249.68487548828125, 0.0, 0.4750004708766937, 0.0, -75.08796691894531, 13.815196777646536
1609, 17.16107177734375, -249.94569396972656, 0.0, 0.4750004708766937, 0.0, -75.08494567871094, 13.836293591224255
1610, 17.22041130065918, -250.16896057128906, 0.0, 0.5250004529953003, 0.0, -75.08252716064453, 13.849990211912912
1611, 17.28264617919922, -250.40301513671875, 0.0, 0.5500004291534424, 0.0, -75.08013916015625, 13.861727873814555
1612, 17.346534729003906, -250.64324951171875, 0.0, 0.6250003576278687, 0.0, -75.077880859375, 13.872059536636504
1613, 17.406646728515625, -250.86923217773438, 0.0, 0.6750003099441528, 0.0, -75.0759048461914, 13.881804239095567
1614, 17.468259811401367, -251.10079956054688, 0.0, 0.7000002861022949, 0.0, -75.07400512695312, 13.892813426685992
1615, 17.530128479003906, -251.33328247070312, 0.0, 0.7500002384185791, 0.0, -75.07217407226562, 13.905402248983602
1616, 17.595623016357422, -251.57933044433594, 0.0, 0.7750002145767212, 0.0, -75.07039642333984, 13.921081106988574
1617, 17.65903091430664, -251.81748962402344, 0.0, 0.8250001668930054, 0.0, -75.06873321533203, 13.938913496553296
1618, 17.724592208862305, -252.06362915039062, 0.0019098592456430197, 0.8750001192092896, 0.0, -75.06629180908203, 13.960676434047436
1619, 17.79709243774414, -252.33538818359375, 0.005729577504098415, 0.9250000715255737, 0.0, -75.06097412109375, 13.989511978009368
1620, 17.856117248535156, -252.55616760253906, 0.007639436982572079, 0.9500000476837158, 0.0, -75.05357360839844, 14.016444182431009
1621, 17.924148559570312, -252.8099365234375, 0.01145915500819683, 1.0, 0.0, -75.04005432128906, 14.051306979402609
1622, 17.989564895629883, -253.0531005859375, 0.015278873965144157, 1.0, 0.0, -75.0208740234375, 14.088881506060257
1623, 18.05003547668457, -253.27703857421875, 0.01718873344361782, 1.0, 0.0, -74.9974136352539, 14.12659213315058
1624, 18.114574432373047, -253.5150604248047, 0.021008450537919998, 1.0, 0.0, -74.9651870727539, 14.169210742246497
1625, 18.182872772216797, -253.76589965820312, 0.019735213369131088, 1.0, 0.0, -74.92388916015625, 14.216803737027472
1626, 18.251537322998047, -254.0171356201172, 0.019098594784736633, 1.0, 0.0, -74.87625885009766, 14.266776726539176
1627, 18.320194244384766, -254.2675323486328, 0.017825355753302574, 1.0, 0.0, -74.82376861572266, 14.31852718170627
1628, 18.38520050048828, -254.5039825439453, 0.016552116721868515, 0.9500000476837158, 0.0, -74.7707290649414, 14.36868574742845
1629, 18.4587459564209, -254.77069091796875, 0.01591549813747406, 0.9250000715255737, 0.0, -74.70744323730469, 14.425586495143756
1630, 18.524600982666016, -255.00894165039062, 0.014642258174717426, 0.8750001192092896, 0.0, -74.64885711669922, 14.476143543165117
1631, 18.597517013549805, -255.27207946777344, 0.013369017280638218, 0.8250001668930054, 0.0, -74.58262634277344, 14.530726793950064
1632, 18.670812606811523, -255.53599548339844, 0.012095777317881584, 0.7750002145767212, 0.0, -74.5156021118164, 14.583262887913596
1633, 18.737857818603516, -255.77685546875, 0.01145915687084198, 0.7500002384185791, 0.0, -74.45429229736328, 14.628683751924843
1634, 18.81082534790039, -256.0383605957031, 0.010185916908085346, 0.7000002861022949, 0.0, -74.38819885253906, 14.675076552370733
1635, 18.876667022705078, -256.2738342285156, 0.009549297392368317, 0.6750003099441528, 0.0, -74.32937622070312, 14.713660212513826
1636, 18.94922637939453, -256.5327453613281, 0.007639436982572079, 0.6000003814697266, 0.0, -74.26631164550781, 14.752416518753433
1637, 19.01670265197754, -256.77313232421875, 0.0063661979511380196, 0.5500004291534424, 0.0, -74.209716796875, 14.783952730104804
1638, 19.087059020996094, -257.0232238769531, 0.005729577969759703, 0.5250004529953003, 0.0, -74.15306091308594, 14.812012761075973
1639, 19.162025451660156, -257.28912353515625, 0.0044563389383256435, 0.4750004708766937, 0.0, -74.0958023071289, 14.836463754362242
1640, 19.22690200805664, -257.51885986328125, 0.0031830992083996534, 0.42500045895576477, 0.0, -74.04898834228516, 14.852509215458529
1641, 19.30511474609375, -257.7952575683594, 0.0025464792270213366, 0.4000004529953003, 0.0, -73.99641418457031, 14.865743900023215
1642, 19.38503074645996, -258.0771179199219, 0.00127323972992599, 0.35000044107437134, 0.0, -73.94718170166016, 14.872133051740802
1643, 19.456148147583008, -258.3275451660156, 0.0, 0.4000004529953003, 0.0, -73.90731811523438, 14.871821167503414
1644, 19.531627655029297, -258.59283447265625, 0.0, 0.45000046491622925, 0.0, -73.86904907226562, 14.867631943652766
1645, 19.60334014892578, -258.8443908691406, 0.0, 0.4750004708766937, 0.0, -73.83616638183594, 14.861409091381608
1646, 19.675275802612305, -259.0962829589844, 0.0, 0.5250004529953003, 0.0, -73.80622100830078, 14.854050488540715
1647, 19.755508422851562, -259.37664794921875, 0.0, 0.5750004053115845, 0.0, -73.77622985839844, 14.846046322968093
1648, 19.823543548583984, -259.6138916015625, 0.0, 0.6000003814697266, 0.0, -73.75316619873047, 14.840340979812545
1649, 19.893583297729492, -259.8577575683594, 0.0, 0.6500003337860107, 0.0, -73.73155975341797, 14.835975383443143
1650, 19.96648597717285, -260.1110534667969, 0.0, 0.7000002861022949, 0.0, -73.71109771728516, 14.833915477050954
1651, 20.038372039794922, -260.3603210449219, 0.0019098592456430197, 0.725000262260437, 0.0, -73.69221496582031, 14.83494196147581
1652, 20.115985870361328, -260.6286315917969, 0.005729577504098415, 0.7750002145767212, 0.0, -73.67112731933594, 14.839540700270586
1653, 20.1881046295166, -260.87701416015625, 0.009549296461045742, 0.8250001668930054, 0.0, -73.64928436279297, 14.847664812971399
1654, 20.26548194885254, -261.14239501953125, 0.013369014486670494, 0.8750001192092896, 0.0, -73.62137603759766, 14.860757371361798
1655, 20.333280563354492, -261.3739318847656, 0.015278873965144157, 0.9000000953674316, 0.0, -73.59282684326172, 14.8763482351199
1656, 20.40802001953125, -261.6278991699219, 0.019098592922091484, 0.9500000476837158, 0.0, -73.55548095703125, 14.897529813771898
1657, 20.4875431060791, -261.8966369628906, 0.02291831001639366, 1.0, 0.0, -73.50762176513672, 14.92496991849985
1658, 20.557435989379883, -262.13153076171875, 0.024828169494867325, 1.0, 0.0, -73.45878601074219, 14.95345751050107
1659, 20.639892578125, -262.40692138671875, 0.02864788845181465, 1.0, 0.0, -73.3914566040039, 14.990880238281557
1660, 20.709346771240234, -262.6376037597656, 0.02737465128302574, 1.0, 0.0, -73.3281021118164, 15.025642335344404
1661, 20.783857345581055, -262.88385009765625, 0.026738030835986137, 1.0, 0.0, -73.25406646728516, 15.065437994177572
1662, 20.86897087097168, -263.1636962890625, 0.025464793667197227, 1.0, 0.0, -73.16309356689453, 15.113534299085218
1663, 20.943754196166992, -263.4084167480469, 0.02419155463576317, 1.0, 0.0, -73.07902526855469, 15.157877878405094
1664, 21.02707290649414, -263.67987060546875, 0.023554936051368713, 1.0, 0.0, -72.98148345947266, 15.208990144989594
1665, 21.104488372802734, -263.9309997558594, 0.022281697019934654, 1.0, 0.0, -72.88827514648438, 15.257935499885921
1666, 21.1834716796875, -264.1861572265625, 0.021008459851145744, 1.0, 0.0, -72.79134368896484, 15.309014116640368
1667, 21.266864776611328, -264.4544372558594, 0.02037183940410614, 1.0, 0.0, -72.68767547607422, 15.363921401165161
1668, 21.344646453857422, -264.70367431640625, 0.01909860223531723, 1.0, 0.0, -72.5904541015625, 15.415930112021258
1669, 21.428592681884766, -264.9715881347656, 0.01782536320388317, 1.0, 0.0, -72.48562622070312, 15.472701310401042
1670, 21.506742477416992, -265.219970703125, 0.017188744619488716, 1.0, 0.0, -72.38841247558594, 15.526036352422146
1671, 21.58732795715332, -265.4748840332031, 0.021008463576436043, 1.0, 0.0, -72.28748321533203, 15.581142472102892
1672, 21.68048095703125, -265.76776123046875, 0.02482818067073822, 1.0, 0.0, -72.1678466796875, 15.64477843481644
1673, 21.763681411743164, -266.0275573730469, 0.028647899627685547, 1.0, 0.0, -72.05712890625, 15.701495321777388
1674, 21.85500717163086, -266.310546875, 0.032467618584632874, 1.0, 0.0, -71.92979431152344, 15.76342079018489
1675, 21.93505859375, -266.55682373046875, 0.03437747806310654, 1.0, 0.0, -71.8131332397461, 15.817538123366527
1676, 22.019901275634766, -266.81573486328125, 0.038197193294763565, 1.0, 0.0, -71.68325805664062, 15.874424514750729
1677, 22.11651611328125, -267.1078186035156, 0.042016904801130295, 1.0, 0.0, -71.52659606933594, 15.938557653193875
1678, 22.200876235961914, -267.3606872558594, 0.04138028621673584, 0.9750000238418579, 0.0, -71.38326263427734, 15.994340399266793
1679, 22.296092987060547, -267.6436462402344, 0.04010704904794693, 0.9250000715255737, 0.0, -71.21525573730469, 16.056458695693138
1680, 22.38998794555664, -267.9203186035156, 0.03883381187915802, 0.8750001192092896, 0.0, -71.04475402832031, 16.116013230418332
1681, 22.48149871826172, -268.1878356933594, 0.038197193294763565, 0.8500001430511475, 0.0, -70.87493896484375, 16.17180066900629
1682, 22.580707550048828, -268.4754333496094, 0.03692395240068436, 0.8000001907348633, 0.0, -70.68781280517578, 16.229524563338465
1683, 22.67470359802246, -268.74578857421875, 0.03565071523189545, 0.7500002384185791, 0.0, -70.5087661743164, 16.28093112332193
1684, 22.77352523803711, -269.0277404785156, 0.03437747806310654, 0.7000002861022949, 0.0, -70.31957244873047, 16.331055337282613
1685, 22.865272521972656, -269.2875671386719, 0.03374085575342178, 0.6750003099441528, 0.0, -70.1436767578125, 16.37353464968346
1686, 22.96587371826172, -269.5701599121094, 0.032467618584632874, 0.6250003576278687, 0.0, -69.9513168334961, 16.415710786031525
1687, 23.069366455078125, -269.8584899902344, 0.031194381415843964, 0.5750004053115845, 0.0, -69.75469970703125, 16.45377733421972
1688, 23.16495132446289, -270.1227111816406, 0.03055776096880436, 0.5500004291534424, 0.0, -69.5746078491211, 16.48375370405426
1689, 23.269115447998047, -270.4083557128906, 0.03055776096880436, 0.5500004291534424, 0.0, -69.38069152832031, 16.511022612176827
1690, 23.380441665649414, -270.7110290527344, 0.02801128476858139, 0.45000046491622925, 0.0, -69.1767349243164, 16.53351636766371
1691, 23.48662757873535, -270.9973449707031, 0.02673804759979248, 0.4000004529953003, 0.0, -68.98577880859375, 16.548125203893953
1692, 23.58749771118164, -271.26715087890625, 0.026101427152752876, 0.3750004470348358, 0.0, -68.80787658691406, 16.555683594122875
1693, 23.6989688873291, -271.5628967285156, 0.024828189983963966, 0.32500043511390686, 0.0, -68.61563110351562, 16.557348734025698
1694, 23.800899505615234, -271.8312072753906, 0.023554950952529907, 0.2750004231929779, 0.0, -68.44403839111328, 16.552239033039374
1695, 23.90658187866211, -272.1072082519531, 0.022918332368135452, 0.2500004172325134, 0.0, -68.27052307128906, 16.540491205378736
1696, 24.00537872314453, -272.3634033203125, 0.021008474752306938, 0.17500039935112, 0.0, -68.11259460449219, 16.523699096865172
1697, 24.119274139404297, -272.6564636230469, 0.01973523572087288, 0.12500038743019104, 0.0, -67.93617248535156, 16.497261049185475
1698, 24.232868194580078, -272.9465026855469, 0.019098617136478424, 0.10000038892030716, 0.0, -67.76597595214844, 16.463296088946137
1699, 24.332773208618164, -273.1998291015625, 0.017825378105044365, 0.0500003919005394, 0.0, -67.62085723876953, 16.427466920340695
1700, 24.4472599029541, -273.4880065917969, 0.016552140936255455, 3.915280046840053e-07, 0.0, -67.46041107177734, 16.379998445468765
1701, 24.568193435668945, -273.79010009765625, 0.015278900973498821, 0.0, 0.0, -67.29756927490234, 16.322304907051944
1702, 24.672040939331055, -274.04779052734375, 0.014642280526459217, 0.0, 0.0, -67.16285705566406, 16.267482244617472
1703, 24.784034729003906, -274.3238525390625, 0.013369040563702583, 0.0, 0.0, -67.02314758300781, 16.204040889284908
1704, 24.90266990661621, -274.61431884765625, 0.01209580060094595, 0.0, 0.0, -66.8815689086914, 16.13263764075668
1705, 25.00746726989746, -274.8692932128906, 0.011459180153906345, 0.02500000037252903, 0.0, -66.76171875, 16.066805141546965
1706, 25.120197296142578, -275.1418762207031, 0.010185940191149712, 0.07500000298023224, 0.0, -66.63854217529297, 15.993958115550187
1707, 25.225324630737305, -275.3946533203125, 0.008912699297070503, 0.125, 0.0, -66.52900695800781, 15.925184282097614
1708, 25.3312931060791, -275.6480407714844, 0.008276079781353474, 0.15000000596046448, 0.0, -66.42388916015625, 15.855936875630174
1709, 25.445035934448242, -275.91851806640625, 0.007002840284258127, 0.20000001788139343, 0.0, -66.31703186035156, 15.782328898963069
1710, 25.550378799438477, -276.16766357421875, 0.006366220768541098, 0.2250000238418579, 0.0, -66.22349548339844, 15.7155524436161
1711, 25.671579360961914, -276.45257568359375, 0.010185939259827137, 0.27500003576278687, 0.0, -66.12054443359375, 15.640776559864998
1712, 25.787269592285156, -276.72271728515625, 0.010185939259827137, 0.27500003576278687, 0.0, -66.0245590209961, 15.572376939732651
1713, 25.896686553955078, -276.9764709472656, 0.017825376242399216, 0.3750000596046448, 0.0, -65.93399810791016, 15.5110479616735
1714, 26.013437271118164, -277.2452087402344, 0.021645095199346542, 0.42500007152557373, 0.0, -65.83563995361328, 15.44977509032799
1715, 26.11805534362793, -277.484375, 0.023554954677820206, 0.4500000774860382, 0.0, -65.74531555175781, 15.399107513523829
1716, 26.228160858154297, -277.73419189453125, 0.027374673634767532, 0.5000000596046448, 0.0, -65.64665222167969, 15.350005966135948
1717, 26.340871810913086, -277.98797607421875, 0.03119439259171486, 0.550000011920929, 0.0, -65.54051208496094, 15.304743609582053
1718, 26.448322296142578, -278.2281188964844, 0.030557772144675255, 0.574999988079071, 0.0, -65.43486022949219, 15.266847914568723
1719, 26.565961837768555, -278.4891662597656, 0.029284534975886345, 0.6249999403953552, 0.0, -65.3150863647461, 15.23107122007863
1720, 26.68025016784668, -278.7409973144531, 0.028011295944452286, 0.6749998927116394, 0.0, -65.1957015991211, 15.202529224932952
1721, 26.790651321411133, -278.9827575683594, 0.02737467736005783, 0.6999998688697815, 0.0, -65.0782699584961, 15.180885816482862
1722, 26.908876419067383, -279.2400207519531, 0.025464819744229317, 0.7749997973442078, 0.0, -64.95113372802734, 15.163983773461847
1723, 27.01970672607422, -279.4798278808594, 0.024191580712795258, 0.7749997973442078, 0.0, -64.83153533935547, 15.154566645333674
1724, 27.128950119018555, -279.7149353027344, 0.023554962128400803, 0.7499998211860657, 0.0, -64.7136001586914, 15.150362350224468
1725, 27.253971099853516, -279.98248291015625, 0.022281723096966743, 0.6999998688697815, 0.0, -64.5793228149414, 15.149846291428402
1726, 27.372560501098633, -280.23486328125, 0.021008485928177834, 0.6499999165534973, 0.0, -64.45315551757812, 15.15189777468355
1727, 27.481008529663086, -280.46453857421875, 0.02037186548113823, 0.6249999403953552, 0.0, -64.3390121459961, 15.154668582160147
1728, 27.591814041137695, -280.6980895996094, 0.01909862831234932, 0.574999988079071, 0.0, -64.22404479980469, 15.157619250368331
1729, 27.705795288085938, -280.9372253417969, 0.01782538928091526, 0.5250000357627869, 0.0, -64.10798645019531, 15.15972793072825
1730, 27.82429313659668, -281.1846923828125, 0.017188770696520805, 0.5000000596046448, 0.0, -63.9898796081543, 15.160087865186112
1731, 27.93987274169922, -281.4249267578125, 0.015915531665086746, 0.4500000476837158, 0.0, -63.87744140625, 15.158218363693521
1732, 28.062973022460938, -281.6796569824219, 0.014642291702330112, 0.40000003576278687, 0.0, -63.7612190246582, 15.15303994509886
1733, 28.188371658325195, -281.93798828125, 0.013369051739573479, 0.3500000238418579, 0.0, -63.64680099487305, 15.143658406512643
1734, 28.303762435913086, -282.1747131347656, 0.012732431292533875, 0.32500001788139343, 0.0, -63.54502487182617, 15.130912456348433
1735, 28.425161361694336, -282.42254638671875, 0.0165521502494812, 0.2750000059604645, 0.0, -63.44000244140625, 15.113241396077235
1736, 28.54121208190918, -282.65826416015625, 0.020371869206428528, 0.22499999403953552, 0.0, -63.33972930908203, 15.091774936541151
1737, 28.656679153442383, -282.8916015625, 0.019735248759388924, 0.19999998807907104, 0.0, -63.23984909057617, 15.065994038094857
1738, 28.78464126586914, -283.14886474609375, 0.018462011590600014, 0.1499999761581421, 0.0, -63.12958908081055, 15.032499120912574
1739, 28.90511131286621, -283.3899230957031, 0.017188772559165955, 0.09999997913837433, 0.0, -63.0268440246582, 14.995736804583602
1740, 29.018693923950195, -283.6161804199219, 0.0165521539747715, 0.07499998062849045, 0.0, -62.93104553222656, 14.956336749663135
1741, 29.15704345703125, -283.890625, 0.015278914012014866, 0.024999981746077538, 0.0, -62.8162956237793, 14.902098869567908
1742, 29.27494239807129, -284.12347412109375, 0.014005674049258232, 0.0, 0.0, -62.72073745727539, 14.850662559129244
1743, 29.396156311035156, -284.36187744140625, 0.012732433155179024, 0.0, 0.0, -62.62507247924805, 14.793217041428177
1744, 29.522968292236328, -284.6103515625, 0.012095813639461994, 0.0, 0.0, -62.52791213989258, 14.728910370131267
1745, 29.646841049194336, -284.85211181640625, 0.01082257367670536, 0.0, 0.0, -62.43610763549805, 14.662504582197007
1746, 29.77042579650879, -285.0924987792969, 0.009549332782626152, 0.0, 0.0, -62.3480339050293, 14.593254848836208
1747, 29.895687103271484, -285.3352966308594, 0.007639473304152489, 0.0, 0.0, -62.262943267822266, 14.520471348353752
1748, 30.00839614868164, -285.5531005859375, 0.007002853322774172, 0.0, 0.0, -62.18997573852539, 14.45299941570057
1749, 30.132421493530273, -285.7919921875, 0.008276092819869518, 0.0, 0.0, -62.113033294677734, 14.376965265168222
1750, 30.244035720825195, -286.0062255859375, 0.010185952298343182, 0.0, 0.0, -62.04581832885742, 14.307098933409064
1751, 30.358863830566406, -286.22576904296875, 0.014005671255290508, 0.0, 0.0, -61.97696304321289, 14.234031744110675
1752, 30.485036849975586, -286.4658203125, 0.01782538928091526, 0.0, 0.0, -61.89976119995117, 14.152581501565095
1753, 30.594135284423828, -286.6724853515625, 0.019735248759388924, 0.0, 0.0, -61.83092498779297, 14.081319983332934
1754, 30.718053817749023, -286.906005859375, 0.02355496771633625, 0.02500000037252903, 0.0, -61.74888229370117, 14.00024603314955
1755, 30.83051109313965, -287.1167907714844, 0.027374686673283577, 0.07500000298023224, 0.0, -61.669734954833984, 13.926691912728183
1756, 30.946622848510742, -287.3332824707031, 0.026738068088889122, 0.10000000149011612, 0.0, -61.58344268798828, 13.851726699049271
1757, 31.074125289916992, -287.5697937011719, 0.025464829057455063, 0.15000000596046448, 0.0, -61.48427963256836, 13.77112913579602
1758, 31.185409545898438, -287.7752380371094, 0.024191590026021004, 0.20000001788139343, 0.0, -61.395076751708984, 13.703098300249568
1759, 31.30901336669922, -288.0024108886719, 0.02355497144162655, 0.2250000238418579, 0.0, -61.293575286865234, 13.630540055096644
1760, 31.41478157043457, -288.1960144042969, 0.02355497144162655, 0.2250000238418579, 0.0, -61.20547866821289, 13.571378217360596
1761, 31.530677795410156, -288.40740966796875, 0.02100849524140358, 0.3250000476837158, 0.0, -61.108280181884766, 13.510098885225032
1762, 31.653629302978516, -288.6307067871094, 0.020371876657009125, 0.3500000536441803, 0.0, -61.00481414794922, 13.449640704019437
1763, 31.766571044921875, -288.8350830078125, 0.019098637625575066, 0.40000006556510925, 0.0, -60.91014862060547, 13.398503343631804
1764, 31.88741683959961, -289.0529479980469, 0.017825398594141006, 0.4500000774860382, 0.0, -60.80986785888672, 13.348818903768434
1765, 32.00815963745117, -289.2698669433594, 0.01718878000974655, 0.4750000834465027, 0.0, -60.71097946166992, 13.30476852863255
1766, 32.12508773803711, -289.47918701171875, 0.015915540978312492, 0.5250000357627869, 0.0, -60.61699676513672, 13.26746545859711
1767, 32.250282287597656, -289.7025146484375, 0.014005681499838829, 0.5999999642372131, 0.0, -60.51911926269531, 13.233742472998978
1768, 32.37221145629883, -289.9193420410156, 0.012732441537082195, 0.6499999165534973, 0.0, -60.42702865600586, 13.208038595070734
1769, 32.480262756347656, -290.11090087890625, 0.012095821090042591, 0.6749998927116394, 0.0, -60.348106384277344, 13.191404292678527
1770, 32.60422134399414, -290.3298645019531, 0.015915539115667343, 0.7249998450279236, 0.0, -60.25909423828125, 13.17870010514113
1771, 32.71353530883789, -290.522216796875, 0.017825398594141006, 0.7499998211860657, 0.0, -60.18070983886719, 13.173596285805079
1772, 32.83298873901367, -290.7314758300781, 0.021645117551088333, 0.7999997735023499, 0.0, -60.09359359741211, 13.173827387250197
1773, 32.94694137573242, -290.9301452636719, 0.02546483650803566, 0.849999725818634, 0.0, -60.0074577331543, 13.17991086637911
1774, 33.06412887573242, -291.13336181640625, 0.027374695986509323, 0.8749997019767761, 0.0, -59.91500473022461, 13.191936629912762
1775, 33.17864990234375, -291.3309631347656, 0.03119441494345665, 0.9249996542930603, 0.0, -59.81974792480469, 13.208868364691872
1776, 33.30641555786133, -291.5500793457031, 0.03246765211224556, 0.9749996066093445, 0.0, -59.70720291137695, 13.23380811008341
1777, 33.422855377197266, -291.74871826171875, 0.031831033527851105, 0.9999995827674866, 0.0, -59.59987258911133, 13.26229701615392
1778, 33.54785919189453, -291.9609375, 0.031831033527851105, 0.9999995827674866, 0.0, -59.48051452636719, 13.298031999550563
1779, 33.67606735229492, -292.1775207519531, 0.029284557327628136, 1.0, 0.0, -59.35490036010742, 13.339233160196054
1780, 33.79396438598633, -292.3758239746094, 0.028011318296194077, 1.0, 0.0, -59.23750305175781, 13.380516264622925
1781, 33.92763137817383, -292.5996398925781, 0.02737469971179962, 1.0, 0.0, -59.10282516479492, 13.430287233628723
1782, 34.04361343383789, -292.7930603027344, 0.02610146254301071, 1.0, 0.0, -58.98533248901367, 13.475766274041014
1783, 34.17008972167969, -293.0031433105469, 0.024828223511576653, 1.0, 0.0, -58.85722732543945, 13.527199854353205
1784, 34.298492431640625, -293.215576171875, 0.024191604927182198, 1.0, 0.0, -58.72767639160156, 13.581016003612755
1785, 34.42035675048828, -293.4164123535156, 0.02291836589574814, 1.0, 0.0, -58.60554122924805, 13.6333616770439
1786, 34.54372787475586, -293.6189880371094, 0.02164512686431408, 1.0, 0.0, -58.483314514160156, 13.687346000873244
1787, 34.68069076538086, -293.843017578125, 0.02037188969552517, 1.0, 0.0, -58.34990692138672, 13.748169940142164
1788, 34.80125427246094, -294.0395202636719, 0.019735269248485565, 1.0, 0.0, -58.23438262939453, 13.80235923786248
1789, 34.9338493347168, -294.2547912597656, 0.018462032079696655, 1.0, 0.0, -58.109962463378906, 13.862467816907884
1790, 35.060672760009766, -294.4599609375, 0.01782541163265705, 1.0, 0.0, -57.99357604980469, 13.920342672359872
1791, 35.19624328613281, -294.67852783203125, 0.015915555879473686, 1.0, 0.0, -57.87250518798828, 13.982531822882727
1792, 35.3330192565918, -294.89825439453125, 0.014642314985394478, 1.0, 0.0, -57.75419235229492, 14.045491114942934
1793, 35.47208786010742, -295.120849609375, 0.013369075022637844, 1.0, 0.0, -57.63822937011719, 14.109629455986132
1794, 35.61254119873047, -295.34490966796875, 0.012095834128558636, 1.0, 0.0, -57.525569915771484, 14.174463293786474
1795, 35.73922348022461, -295.5463562011719, 0.011459214612841606, 1.0, 0.0, -57.42770004272461, 14.232926687104909
1796, 35.87367630004883, -295.7594909667969, 0.010185973718762398, 1.0, 0.0, -57.3280143737793, 14.294918539845973
1797, 36.0186882019043, -295.98858642578125, 0.011459213681519032, 1.0, 0.0, -57.224464416503906, 14.36155121120819
1798, 36.15199279785156, -296.1983947753906, 0.01336907222867012, 1.0, 0.0, -57.131629943847656, 14.422548681282139
1799, 36.28602600097656, -296.4084777832031, 0.017188791185617447, 1.0, 0.0, -57.03882598876953, 14.483472363990616
1800, 36.4379997253418, -296.64556884765625, 0.021008510142564774, 1.0, 0.0, -56.93207550048828, 14.551999255774236
1801, 36.57563781738281, -296.8592834472656, 0.02037189155817032, 1.0, 0.0, -56.83414077758789, 14.613875017736861
1802, 36.72844314575195, -297.0954895019531, 0.01909865252673626, 1.0, 0.0, -56.72468185424805, 14.682325128761478
1803, 36.879051208496094, -297.3273010253906, 0.0178254134953022, 1.0, 0.0, -56.61692810058594, 14.749513021582494
1804, 37.02163314819336, -297.5458984375, 0.017188794910907745, 1.0, 0.0, -56.515384674072266, 14.812810842952508
1805, 37.173954010009766, -297.778564453125, 0.015915557742118835, 1.0, 0.0, -56.40805435180664, 14.880109051582922
1806, 37.3318977355957, -298.0188903808594, 0.014642316848039627, 1.0, 0.0, -56.298561096191406, 14.949519281066104
1807, 37.482486724853516, -298.24725341796875, 0.013369076885282993, 1.0, 0.0, -56.19633483886719, 15.015346084910746
1808, 37.630577087402344, -298.4710388183594, 0.012732456438243389, 1.0, 0.0, -56.09805679321289, 15.079706261650456
1809, 37.776100158691406, -298.6902770996094, 0.011459216475486755, 1.0, 0.0, -56.00403594970703, 15.142617241019364
1810, 37.92665481567383, -298.91644287109375, 0.010185975581407547, 1.0, 0.0, -55.9098014831543, 15.207343002002471
1811, 38.08273696899414, -299.1501770019531, 0.009549356065690517, 1.0, 0.0, -55.81543731689453, 15.27403532436525
1812, 38.241432189941406, -299.3871154785156, 0.008276115171611309, 1.0, 0.0, -55.72320556640625, 15.341442327558385
1813, 38.393638610839844, -299.6137390136719, 0.00700287614017725, 1.0, 0.0, -55.63852310180664, 15.40572032120474
1814, 38.5565185546875, -299.8555908203125, 0.005729637108743191, 1.0, 0.0, -55.552345275878906, 15.474095298317442
1815, 38.70695877075195, -300.078369140625, 0.005093017127364874, 1.0, 0.0, -55.47670364379883, 15.536867572063459
1816, 38.87174606323242, -300.3218078613281, 0.003819777863100171, 0.9750000238418579, 0.0, -55.39851760864258, 15.60510273889131
1817, 39.044578552246094, -300.57647705078125, 0.002546538133174181, 0.9000000953674316, 0.0, -55.32191848754883, 15.6753728612688
1818, 39.19546127319336, -300.7983093261719, 0.0012732985196635127, 0.8750001192092896, 0.0, -55.25957489013672, 15.734701670815118
1819, 39.36570358276367, -301.048095703125, 0.0, 0.8250001668930054, 0.0, -55.19480895996094, 15.799120023645875
1820, 39.53377914428711, -301.2941589355469, 0.0, 0.7750002145767212, 0.0, -55.13615417480469, 15.859345788404614
1821, 39.68693161010742, -301.5179138183594, 0.0, 0.7500002384185791, 0.0, -55.08675003051758, 15.910854471807145
1822, 39.85826873779297, -301.7677001953125, 0.0, 0.7000002861022949, 0.0, -55.03593826293945, 15.964597760631305
1823, 40.01407241821289, -301.9943542480469, 0.0, 0.6500003337860107, 0.0, -54.99320983886719, 16.00926893046689
1824, 40.173377990722656, -302.22564697265625, 0.0, 0.6000003814697266, 0.0, -54.95287322998047, 16.050454465249466
1825, 40.34052658081055, -302.4678649902344, 0.0, 0.5750004053115845, 0.0, -54.91383743286133, 16.08847705984761
1826, 40.50696563720703, -302.70849609375, 0.0038197184912860394, 0.5250004529953003, 0.0, -54.876609802246094, 16.120813290393283
1827, 40.67672348022461, -302.9532165527344, 0.007639436982572079, 0.4750004708766937, 0.0, -54.838218688964844, 16.147690846421526
1828, 40.84910583496094, -303.2010192871094, 0.009549296461045742, 0.45000046491622925, 0.0, -54.797664642333984, 16.168496034130644
1829, 41.01270294189453, -303.4354553222656, 0.013369014486670494, 0.4000004529953003, 0.0, -54.75630569458008, 16.182050279779244
1830, 41.18408966064453, -303.68017578125, 0.01718873344361782, 0.35000044107437134, 0.0, -54.70839309692383, 16.18955950207265
1831, 41.34840774536133, -303.91400146484375, 0.019098592922091484, 0.3750004470348358, 0.0, -54.657432556152344, 16.190387642208258
1832, 41.51173782348633, -304.14556884765625, 0.02291831001639366, 0.42500045895576477, 0.0, -54.6008186340332, 16.186404416138632
1833, 41.69651412963867, -304.40643310546875, 0.026738028973340988, 0.4750004708766937, 0.0, -54.52798080444336, 16.178304389633052
1834, 41.86501693725586, -304.6434020996094, 0.025464791804552078, 0.5250004529953003, 0.0, -54.454551696777344, 16.169298379928478
1835, 42.023826599121094, -304.8659973144531, 0.024828171357512474, 0.5500004291534424, 0.0, -54.380088806152344, 16.160485468872636
1836, 42.20515441894531, -305.1192321777344, 0.023554934188723564, 0.6000003814697266, 0.0, -54.28976058959961, 16.150892377106395
1837, 42.37169647216797, -305.3511047363281, 0.022281695157289505, 0.6500003337860107, 0.0, -54.20302963256836, 16.143562359436853
1838, 42.53812026977539, -305.5821228027344, 0.02164507657289505, 0.6750003099441528, 0.0, -54.113399505615234, 16.138346886129575
1839, 42.69739532470703, -305.8025817871094, 0.02037183754146099, 0.725000262260437, 0.0, -54.025634765625, 16.135722169341637
1840, 42.8699836730957, -306.04083251953125, 0.01909860037267208, 0.7750002145767212, 0.0, -53.929073333740234, 16.13614163674612
1841, 43.05144119262695, -306.2905578613281, 0.017825361341238022, 0.8250001668930054, 0.0, -53.826751708984375, 16.14089250153592
1842, 43.21369934082031, -306.5133056640625, 0.016552122309803963, 0.8750001192092896, 0.0, -53.735225677490234, 16.14944262553582
1843, 43.39111328125, -306.75616455078125, 0.01782536320388317, 0.9250000715255737, 0.0, -53.634769439697266, 16.16349895463859
1844, 43.56911087036133, -306.9990234375, 0.019735222682356834, 0.9000000953674316, 0.0, -53.53271484375, 16.18248497850482
1845, 43.72944641113281, -307.2170715332031, 0.02355494163930416, 0.8500001430511475, 0.0, -53.438411712646484, 16.202515228252008
1846, 43.91570281982422, -307.4692687988281, 0.027374660596251488, 0.8000001907348633, 0.0, -53.32406234741211, 16.227406476950915
1847, 44.10151290893555, -307.7197265625, 0.02928452007472515, 0.7750002145767212, 0.0, -53.204193115234375, 16.25295901211402
1848, 44.26577377319336, -307.94012451171875, 0.03310423716902733, 0.725000262260437, 0.0, -53.09275436401367, 16.275331722516416
1849, 44.446678161621094, -308.181640625, 0.03692395240068436, 0.6750003099441528, 0.0, -52.96232223510742, 16.298683767622084
1850, 44.62867736816406, -308.42327880859375, 0.03883381187915802, 0.6500003337860107, 0.0, -52.82285690307617, 16.320206030965366
1851, 44.81137466430664, -308.6645812988281, 0.03756057098507881, 0.6000003814697266, 0.0, -52.67560958862305, 16.33964885071347
1852, 44.989837646484375, -308.89910888671875, 0.0362873338162899, 0.5500004291534424, 0.0, -52.52611541748047, 16.35574314825867
1853, 45.17091751098633, -309.1358642578125, 0.03565071523189545, 0.5250004529953003, 0.0, -52.36970520019531, 16.368560524985153
1854, 45.35247802734375, -309.37213134765625, 0.03437747806310654, 0.4750004708766937, 0.0, -52.20908737182617, 16.377657885472527
1855, 45.53032684326172, -309.60247802734375, 0.03310423716902733, 0.42500045895576477, 0.0, -52.04915237426758, 16.382305744532925
1856, 45.72101974487305, -309.8482666015625, 0.03183100000023842, 0.3750004470348358, 0.0, -51.875728607177734, 16.38212747446963
1857, 45.90203094482422, -310.0804443359375, 0.031194381415843964, 0.35000044107437134, 0.0, -51.709861755371094, 16.376524452571626
1858, 46.09482192993164, -310.3265380859375, 0.02928452380001545, 0.32500043511390686, 0.0, -51.53291320800781, 16.365207692275973
1859, 46.274349212646484, -310.55462646484375, 0.02801128476858139, 0.3750004470348358, 0.0, -51.368614196777344, 16.35014226295719
1860, 46.45978546142578, -310.78912353515625, 0.027374666184186935, 0.4000004529953003, 0.0, -51.19976043701172, 16.33172682546096
1861, 46.65375900268555, -311.033203125, 0.026101427152752876, 0.45000046491622925, 0.0, -51.02455139160156, 16.310589214967973
1862, 46.82358932495117, -311.24591064453125, 0.024828189983963966, 0.5000004768371582, 0.0, -50.87288284301758, 16.29165627268918
1863, 47.01958465576172, -311.490234375, 0.023554950952529907, 0.5500004291534424, 0.0, -50.70042037963867, 16.27059371689516
1864, 47.216278076171875, -311.7341613769531, 0.022918332368135452, 0.5750004053115845, 0.0, -50.53034973144531, 16.25121952361711
1865, 47.39150619506836, -311.95050048828125, 0.021645093336701393, 0.6250003576278687, 0.0, -50.38161087036133, 16.235954540609626
1866, 47.58651351928711, -312.1900939941406, 0.020371854305267334, 0.6750003099441528, 0.0, -50.21979904174805, 16.22194996374981
1867, 47.76866149902344, -312.412841796875, 0.01973523572087288, 0.7000002861022949, 0.0, -50.07212448120117, 16.212350377920945
1868, 47.95606994628906, -312.6409606933594, 0.01846199668943882, 0.7500002384185791, 0.0, -49.92405319213867, 16.206162309529002
1869, 48.14841079711914, -312.8739929199219, 0.01718875952064991, 0.8000001907348633, 0.0, -49.77649688720703, 16.20431014459153
1870, 48.33169174194336, -313.09503173828125, 0.016552140936255455, 0.7750002145767212, 0.0, -49.639984130859375, 16.20684892542699
1871, 48.527069091796875, -313.32958984375, 0.015278900973498821, 0.725000262260437, 0.0, -49.499149322509766, 16.212665994288873
1872, 48.71847915649414, -313.5583801269531, 0.014005660079419613, 0.6750003099441528, 0.0, -49.36599349975586, 16.21996702399187
1873, 48.90372085571289, -313.7788391113281, 0.013369040563702583, 0.6500003337860107, 0.0, -49.24163055419922, 16.22737589631635
1874, 49.09421157836914, -314.0046081542969, 0.01209580060094595, 0.6000003814697266, 0.0, -49.11858367919922, 16.23464329841153
1875, 49.29501724243164, -314.24163818359375, 0.010185940191149712, 0.5250004529953003, 0.0, -48.994712829589844, 16.240678264640145
1876, 49.48507308959961, -314.465087890625, 0.008912699297070503, 0.4750004708766937, 0.0, -48.883079528808594, 16.24348807724873
1877, 49.68201446533203, -314.69573974609375, 0.008276079781353474, 0.45000046491622925, 0.0, -48.77311325073242, 16.242862976923398
1878, 49.87754821777344, -314.9238586425781, 0.009549318812787533, 0.4000004529953003, 0.0, -48.66884231567383, 16.23834133042151
1879, 50.06013107299805, -315.135986328125, 0.01336903776973486, 0.35000044107437134, 0.0, -48.57392501831055, 16.229936347731485
1880, 50.26179122924805, -315.36920166015625, 0.015278897248208523, 0.32500043511390686, 0.0, -48.4705696105957, 16.215889683675385
1881, 50.44374084472656, -315.57867431640625, 0.019098615273833275, 0.2750004231929779, 0.0, -48.376930236816406, 16.198656222814567
1882, 50.62605667114258, -315.78759765625, 0.021008474752306938, 0.2500004172325134, 0.0, -48.281776428222656, 16.177003334541215
1883, 50.84536361694336, -316.03765869140625, 0.021008474752306938, 0.2500004172325134, 0.0, -48.16401672363281, 16.145251264540526
1884, 51.03396224975586, -316.2514343261719, 0.02864791266620159, 0.3000004291534424, 0.0, -48.05802917480469, 16.114349938322697
1885, 51.22425842285156, -316.46600341796875, 0.02992115169763565, 0.35000044107437134, 0.0, -47.94629669189453, 16.081252352341462
1886, 51.43063735961914, -316.69744873046875, 0.029284533113241196, 0.3750004470348358, 0.0, -47.82017517089844, 16.04461415721194
1887, 51.6229248046875, -316.9119873046875, 0.028011294081807137, 0.42500045895576477, 0.0, -47.69904708862305, 16.0105450996723
1888, 51.803871154785156, -317.11297607421875, 0.026738056913018227, 0.4750004708766937, 0.0, -47.58274459838867, 15.979514924899146
1889, 51.98811721801758, -317.3167724609375, 0.026101436465978622, 0.5000004768371582, 0.0, -47.46250534057617, 15.9496167452397
1890, 52.18451690673828, -317.53302001953125, 0.024828199297189713, 0.5500004291534424, 0.0, -47.333045959472656, 15.920087369995894
1891, 52.390872955322266, -317.7591857910156, 0.023554960265755653, 0.6000003814697266, 0.0, -47.19642639160156, 15.892515140617146
1892, 52.58052062988281, -317.9662170410156, 0.02164510264992714, 0.6750003099441528, 0.0, -47.07121658325195, 15.871088307726076
1893, 52.77015686035156, -318.17236328125, 0.02164510264992714, 0.7000002861022949, 0.0, -46.946624755859375, 15.854111674758032
1894, 52.98154067993164, -318.4012145996094, 0.019735245034098625, 0.7500002384185791, 0.0, -46.80925369262695, 15.84062740492177
1895, 53.16967010498047, -318.60406494140625, 0.018462007865309715, 0.8000001907348633, 0.0, -46.688812255859375, 15.834098395839481
1896, 53.36012268066406, -318.8086242675781, 0.01782538741827011, 0.8250001668930054, 0.0, -46.56890106201172, 15.83276502132012
1897, 53.56328582763672, -319.0259094238281, 0.021645106375217438, 0.7750002145767212, 0.0, -46.441673278808594, 15.836143211566988
1898, 53.779109954833984, -319.2555847167969, 0.025464825332164764, 0.725000262260437, 0.0, -46.30499267578125, 15.843009003374515
1899, 54.061126708984375, -319.5537414550781, 0.02928454428911209, 0.6750003099441528, 0.0, -46.1212272644043, 15.854174681693145
1900, 54.25941467285156, -319.7621154785156, 0.028011305257678032, 0.6250003576278687, 0.0, -45.98871612548828, 15.862424313894733
1901, 54.471195220947266, -319.9835510253906, 0.026738068088889122, 0.5750004053115845, 0.0, -45.84532928466797, 15.87030603909892
1902, 54.685462951660156, -320.2064514160156, 0.025464829057455063, 0.5250004529953003, 0.0, -45.69914245605469, 15.876183965771855
1903, 54.91083526611328, -320.4398498535156, 0.024191590026021004, 0.4750004708766937, 0.0, -45.54518127441406, 15.87874034494078
1904, 55.12577438354492, -320.6612548828125, 0.02355497144162655, 0.45000046491622925, 0.0, -45.39867401123047, 15.877639003179947
1905, 55.3282470703125, -320.868896484375, 0.02228173427283764, 0.4000004529953003, 0.0, -45.2614631652832, 15.872904722892683
1906, 55.55316162109375, -321.0986022949219, 0.02100849524140358, 0.35000044107437134, 0.0, -45.11051559448242, 15.862438673969509
1907, 55.747474670410156, -321.2961730957031, 0.01973525620996952, 0.3000004291534424, 0.0, -44.982059478759766, 15.849131238296405
1908, 55.95249557495117, -321.5037536621094, 0.01973525620996952, 0.3000004291534424, 0.0, -44.84867477416992, 15.830289757863033
1909, 56.17055130004883, -321.7236328125, 0.019098637625575066, 0.2750004231929779, 0.0, -44.709693908691406, 15.80492228083421
1910, 56.39339065551758, -321.9474182128906, 0.016552161425352097, 0.17500039935112, 0.0, -44.57077407836914, 15.772368999762552
1911, 56.5878791809082, -322.1419372558594, 0.015278921462595463, 0.12500038743019104, 0.0, -44.45285415649414, 15.739019418423242
1912, 56.81106185913086, -322.3642272949219, 0.019098639488220215, 0.07500039041042328, 0.0, -44.319313049316406, 15.693898387303008
1913, 57.03193664550781, -322.5830383300781, 0.02291835844516754, 0.02500039152801037, 0.0, -44.18689727783203, 15.64284557536468
1914, 57.25518798828125, -322.8031311035156, 0.024828217923641205, 3.915280046840053e-07, 0.0, -44.0515022277832, 15.58376984325122
1915, 57.46071243286133, -323.00457763671875, 0.02864793688058853, 0.0, 0.0, -43.92369079589844, 15.523812693742808
1916, 57.68674087524414, -323.2248840332031, 0.03246765211224556, 0.0, 0.0, -43.778221130371094, 15.45226399605907
1917, 57.904823303222656, -323.43603515625, 0.03374089300632477, 0.05000000074505806, 0.0, -43.631675720214844, 15.379911919463456
1918, 58.124847412109375, -323.6477966308594, 0.03246765211224556, 0.10000000149011612, 0.0, -43.478919982910156, 15.304689725708121
1919, 58.326717376708984, -323.841064453125, 0.03119441494345665, 0.15000000596046448, 0.0, -43.335514068603516, 15.234997323772152
1920, 58.519432067871094, -324.024658203125, 0.030557796359062195, 0.17500001192092896, 0.0, -43.19632339477539, 15.16876754986343
1921, 58.74932861328125, -324.2425537109375, 0.02864793874323368, 0.2500000298023224, 0.0, -43.0285758972168, 15.091115771253266
1922, 58.94791793823242, -324.42974853515625, 0.02737469971179962, 0.30000004172325134, 0.0, -42.88288497924805, 15.026275519449754
1923, 59.15285873413086, -324.62200927734375, 0.02610146254301071, 0.3500000536441803, 0.0, -42.73262023925781, 14.96251992060247
1924, 59.37023162841797, -324.8249206542969, 0.024828223511576653, 0.40000006556510925, 0.0, -42.57411193847656, 14.899160290466812
1925, 59.58560562133789, -325.02496337890625, 0.023554984480142593, 0.4500000774860382, 0.0, -42.41862487792969, 14.841467107725478
1926, 59.77785873413086, -325.20269775390625, 0.02291836589574814, 0.4750000834465027, 0.0, -42.28142166137695, 14.794711114945839
1927, 59.98835372924805, -325.3963928222656, 0.02164512686431408, 0.5250000357627869, 0.0, -42.133567810058594, 14.748556233919128
1928, 60.2183952331543, -325.6070861816406, 0.02037188969552517, 0.574999988079071, 0.0, -41.975093841552734, 14.705298315298894
1929, 60.43330001831055, -325.8028869628906, 0.01909865066409111, 0.6249999403953552, 0.0, -41.83091735839844, 14.671192705347913
1930, 60.63858413696289, -325.989013671875, 0.02037189155817032, 0.6749998927116394, 0.0, -41.69587326049805, 14.645147115898164
1931, 60.85118103027344, -326.1807861328125, 0.022281751036643982, 0.6999998688697815, 0.0, -41.557701110839844, 14.62491574384533
1932, 61.06544876098633, -326.37298583984375, 0.02610146999359131, 0.6999998688697815, 0.0, -41.41800308227539, 14.610878304170686
1933, 61.27764129638672, -326.5622253417969, 0.027374709025025368, 0.6499999165534973, 0.0, -41.278358459472656, 14.60207486499367
1934, 61.47514343261719, -326.7374267578125, 0.026101471856236458, 0.5999999642372131, 0.0, -41.14761734008789, 14.596702175794416
1935, 61.675296783447266, -326.9140625, 0.0248282328248024, 0.550000011920929, 0.0, -41.015045166015625, 14.592359677697596
1936, 61.901458740234375, -327.1127014160156, 0.02355499379336834, 0.5000000596046448, 0.0, -40.86593246459961, 14.587014666761961
1937, 62.12387466430664, -327.30706787109375, 0.022918375208973885, 0.4750000536441803, 0.0, -40.720367431640625, 14.580197744809082
1938, 62.326927185058594, -327.48358154296875, 0.021645136177539825, 0.42500004172325134, 0.0, -40.58904266357422, 14.572257550753609
1939, 62.539241790771484, -327.6673278808594, 0.020371899008750916, 0.3750000298023224, 0.0, -40.453792572021484, 14.561121128597346
1940, 62.74904251098633, -327.8480529785156, 0.019098659977316856, 0.32500001788139343, 0.0, -40.32267379760742, 14.546440426710195
1941, 62.96023178100586, -328.02923583984375, 0.017825422808527946, 0.2750000059604645, 0.0, -40.19368362426758, 14.52734272334959
1942, 63.157249450683594, -328.1976013183594, 0.017188802361488342, 0.25, 0.0, -40.07615661621094, 14.505199511836835
1943, 63.39063262939453, -328.396240234375, 0.015915565192699432, 0.19999998807907104, 0.0, -39.94060516357422, 14.47334984309789
1944, 63.6170654296875, -328.5881652832031, 0.014642324298620224, 0.1499999761581421, 0.0, -39.81340026855469, 14.436471037609087
1945, 63.82326126098633, -328.76220703125, 0.01336908433586359, 0.09999997913837433, 0.0, -39.70183181762695, 14.397857946515131
1946, 64.02992248535156, -328.9360046386719, 0.012095843441784382, 0.04999998211860657, 0.0, -39.59416580200195, 14.353675973467265
1947, 64.25187683105469, -329.1220703125, 0.010185983031988144, 0.0, 0.0, -39.483341217041016, 14.299071693152227
1948, 64.4674301147461, -329.30206298828125, 0.009549363516271114, 0.0, 0.0, -39.3813591003418, 14.240341061722207
1949, 64.6656265258789, -329.46710205078125, 0.00827612355351448, 0.05000000074505806, 0.0, -39.29209899902344, 14.182323167941364
1950, 64.87995147705078, -329.6449890136719, 0.007002884056419134, 0.10000000149011612, 0.0, -39.20093536376953, 14.116897446611942
1951, 65.09327697753906, -329.82147216796875, 0.005729644559323788, 0.15000000596046448, 0.0, -39.11588668823242, 14.050543199274841
1952, 65.30787658691406, -329.99859619140625, 0.0044564055278897285, 0.20000001788139343, 0.0, -39.036293029785156, 13.983968174340852
1953, 65.5079116821289, -330.1632080078125, 0.003819785313680768, 0.2250000238418579, 0.0, -38.967384338378906, 13.923046587769862
1954, 65.70787811279297, -330.3274230957031, 0.002546545583754778, 0.27500003576278687, 0.0, -38.903751373291016, 13.863783514929795
1955, 65.91460418701172, -330.4967041015625, 0.0012733062030747533, 0.3250000476837158, 0.0, -38.84381866455078, 13.80518128122783
1956, 66.12958526611328, -330.6724548339844, 0.0, 0.3750000596046448, 0.0, -38.78744888305664, 13.748337745539493
1957, 66.32888793945312, -330.8349914550781, 0.0, 0.40000006556510925, 0.0, -38.741065979003906, 13.699310374760582
1958, 66.53138732910156, -330.999755859375, 0.0, 0.4500000774860382, 0.0, -38.69892120361328, 13.653681441780945
1959, 66.74090576171875, -331.1699523925781, 0.0, 0.5000000596046448, 0.0, -38.66010284423828, 13.611582218034474
1960, 66.94841003417969, -331.3381042480469, 0.0, 0.550000011920929, 0.0, -38.62594985961914, 13.57566111211418
1961, 67.15174865722656, -331.5025329589844, 0.0019098592456430197, 0.5999999642372131, 0.0, -38.595375061035156, 13.546520371171026
1962, 67.3532485961914, -331.6651611328125, 0.0038197184912860394, 0.6249999403953552, 0.0, -38.56650161743164, 13.523804448838298
1963, 67.561279296875, -331.83258056640625, 0.007639436982572079, 0.6749998927116394, 0.0, -38.53607940673828, 13.506583940936132
1964, 67.77613830566406, -332.0049133300781, 0.01145915500819683, 0.7249998450279236, 0.0, -38.501861572265625, 13.496371653229934
1965, 67.97516632080078, -332.1639709472656, 0.015278873965144157, 0.7749997973442078, 0.0, -38.4654541015625, 13.493028575282054
1966, 68.16828155517578, -332.3178405761719, 0.019098592922091484, 0.8249997496604919, 0.0, -38.424285888671875, 13.496066903755317
1967, 68.37462615966797, -332.4815673828125, 0.02291831001639366, 0.8749997019767761, 0.0, -38.372352600097656, 13.505989770020284
1968, 68.57415771484375, -332.63922119140625, 0.024828169494867325, 0.8999996781349182, 0.0, -38.31397247314453, 13.522185121206874
1969, 68.76411437988281, -332.7887878417969, 0.025464791804552078, 0.9749996066093445, 0.0, -38.25125503540039, 13.543267641596213
1970, 68.97370147705078, -332.9532470703125, 0.02419155277311802, 1.0249996185302734, 0.0, -38.175025939941406, 13.573165968338056
1971, 69.19414520263672, -333.12567138671875, 0.02291831374168396, 1.0, 0.0, -38.08915328979492, 13.611878257471457
1972, 69.38197326660156, -333.2720947265625, 0.022281695157289505, 0.9750000238418579, 0.0, -38.011695861816406, 13.64889781809779
1973, 69.60075378417969, -333.4422607421875, 0.021008457988500595, 0.9250000715255737, 0.0, -37.91819763183594, 13.695420288761074
1974, 69.81045532226562, -333.60491943359375, 0.019735218957066536, 0.8750001192092896, 0.0, -37.825904846191406, 13.74148810940488
1975, 70.02843475341797, -333.77349853515625, 0.018461979925632477, 0.8250001668930054, 0.0, -37.72867965698242, 13.789522514826283
1976, 70.23445892333984, -333.9324951171875, 0.017188742756843567, 0.7750002145767212, 0.0, -37.6362419128418, 13.833992434245403
1977, 70.43704223632812, -334.08843994140625, 0.016552122309803963, 0.7500002384185791, 0.0, -37.54536056518555, 13.875962340227959
1978, 70.65605163574219, -334.2565612792969, 0.02037184126675129, 0.7000002861022949, 0.0, -37.44550704956055, 13.918713679723364
1979, 70.85726928710938, -334.41046142578125, 0.024191560223698616, 0.6500003337860107, 0.0, -37.35066223144531, 13.954739086723688
1980, 71.06581115722656, -334.5693359375, 0.028011279180645943, 0.6000003814697266, 0.0, -37.2474250793457, 13.988169267114298
1981, 71.29232788085938, -334.7410888671875, 0.03183099627494812, 0.5500004291534424, 0.0, -37.12858200073242, 14.0189190040048
1982, 71.51423645019531, -334.9084777832031, 0.033740852028131485, 0.5250004529953003, 0.0, -37.00383377075195, 14.04399665417246
1983, 71.72298431396484, -335.0650634765625, 0.03756056725978851, 0.4750004708766937, 0.0, -36.87864303588867, 14.06235056016982
1984, 71.93201446533203, -335.2209777832031, 0.040743663907051086, 0.5500004291534424, 0.0, -36.7448616027832, 14.075923943934452
1985, 72.15884399414062, -335.3892822265625, 0.04010704532265663, 0.5750004053115845, 0.0, -36.59154510498047, 14.087845151260355
1986, 72.38449096679688, -335.55572509765625, 0.03883380815386772, 0.6250003576278687, 0.0, -36.431026458740234, 14.098504136224935
1987, 72.58783721923828, -335.7049255371094, 0.03756056725978851, 0.6750003099441528, 0.0, -36.2816047668457, 14.108242046914024
1988, 72.81681060791016, -335.8721008300781, 0.0362873300909996, 0.725000262260437, 0.0, -36.10940170288086, 14.120752031267893
1989, 73.04216766357422, -336.0357360839844, 0.03501409292221069, 0.7750002145767212, 0.0, -35.936492919921875, 14.135389156926509
1990, 73.2718505859375, -336.2016296386719, 0.03437747433781624, 0.8000001907348633, 0.0, -35.758079528808594, 14.153814493304061
1991, 73.49118041992188, -336.3592224121094, 0.03310423344373703, 0.8500001430511475, 0.0, -35.586299896240234, 14.174463757401691
1992, 73.70286560058594, -336.5105895996094, 0.03183099627494812, 0.9000000953674316, 0.0, -35.4200439453125, 14.19807069544122
1993, 73.9261703491211, -336.66943359375, 0.03055775724351406, 0.9500000476837158, 0.0, -35.244998931884766, 14.227289894440151
1994, 74.1390380859375, -336.8201599121094, 0.029921138659119606, 0.9750000238418579, 0.0, -35.07879638671875, 14.259541126062189
1995, 74.36283874511719, -336.9778137207031, 0.028647899627685547, 1.0, 0.0, -34.905303955078125, 14.297754488751776
1996, 74.594970703125, -337.1405029296875, 0.027374662458896637, 1.0, 0.0, -34.72726821899414, 14.34167787889089
1997, 74.83122253417969, -337.3052673339844, 0.025464804843068123, 1.0, 0.0, -34.548648834228516, 14.390405524255579
1998, 75.05028533935547, -337.4572448730469, 0.024191565811634064, 1.0, 0.0, -34.38618469238281, 14.438089701020266
1999, 75.27368927001953, -337.61151123046875, 0.02355494722723961, 1.0, 0.0, -34.22358322143555, 14.488918293309968
2000, 75.51502990722656, -337.77740478515625, 0.02228170819580555, 1.0, 0.0, -34.05137252807617, 14.546090660654862
2001, 75.73480987548828, -337.92767333984375, 0.02100847102701664, 1.0, 0.0, -33.89845657348633, 14.59958460562953
2002, 75.96233367919922, -338.0824890136719, 0.01973523199558258, 1.0, 0.0, -33.7441520690918, 14.656249737814157
2003, 76.22504425048828, -338.26043701171875, 0.01846199296414852, 1.0, 0.0, -33.57099914550781, 14.723110067289417
2004, 76.47022247314453, -338.4256286621094, 0.01718875579535961, 0.9750000238418579, 0.0, -33.41459655761719, 14.786357809069594
2005, 76.71473693847656, -338.5894775390625, 0.015915516763925552, 0.9250000715255737, 0.0, -33.26433181762695, 14.84936515940936
2006, 76.9391860961914, -338.73919677734375, 0.015278897248208523, 0.9000000953674316, 0.0, -33.13090133666992, 14.906319233891077
2007, 77.17626953125, -338.8966979980469, 0.014005656354129314, 0.8500001430511475, 0.0, -32.99491882324219, 14.965082663523036
2008, 77.425537109375, -339.0615539550781, 0.01273241639137268, 0.8000001907348633, 0.0, -32.8576545715332, 15.024419601703588
2009, 77.67928314208984, -339.2286376953125, 0.011459176428616047, 0.7500002384185791, 0.0, -32.72352600097656, 15.08113559716781
2010, 77.92168426513672, -339.3874816894531, 0.010185936465859413, 0.7000002861022949, 0.0, -32.60176467895508, 15.131708963519289
2011, 78.15782165527344, -339.5415954589844, 0.009549316018819809, 0.6750003099441528, 0.0, -32.48860549926758, 15.176827435666327
2012, 78.41426849365234, -339.7083435058594, 0.008276076056063175, 0.6250003576278687, 0.0, -32.371482849121094, 15.220721454983668
2013, 78.669189453125, -339.8733825683594, 0.007002836558967829, 0.5750004053115845, 0.0, -32.26222610473633, 15.259302544124033
2014, 78.91199493408203, -340.02996826171875, 0.005729597061872482, 0.5250004529953003, 0.0, -32.16438293457031, 15.290378061337224
2015, 79.151611328125, -340.18389892578125, 0.004456358030438423, 0.4750004708766937, 0.0, -32.0739860534668, 15.315227922876208
2016, 79.41089630126953, -340.3500061035156, 0.0031831180676817894, 0.42500045895576477, 0.0, -31.982778549194336, 15.334663753979402
2017, 79.64373016357422, -340.49859619140625, 0.002546498319134116, 0.4000004529953003, 0.0, -31.907398223876953, 15.346158446009959
2018, 79.89413452148438, -340.65789794921875, 0.001273258705623448, 0.35000044107437134, 0.0, -31.833023071289062, 15.351952546464283
2019, 80.15870666503906, -340.82574462890625, 0.001273258705623448, 0.35000044107437134, 0.0, -31.761428833007812, 15.349544097879857
2020, 80.41089630126953, -340.9852294921875, 0.0, 0.2500004172325134, 0.0, -31.700429916381836, 15.340053442156693
2021, 80.67745208740234, -341.1532287597656, 0.0038197184912860394, 0.20000040531158447, 0.0, -31.640241622924805, 15.321035057880389
2022, 80.91471862792969, -341.3022155761719, 0.007639436982572079, 0.15000039339065552, 0.0, -31.588516235351562, 15.297391921277212
2023, 81.16822052001953, -341.4607238769531, 0.01145915500819683, 0.15000039339065552, 0.0, -31.532516479492188, 15.265055305094581
2024, 81.42698669433594, -341.6218566894531, 0.015278873965144157, 0.20000040531158447, 0.0, -31.472734451293945, 15.225562919518545
2025, 81.67249298095703, -341.77398681640625, 0.019098592922091484, 0.2500004172325134, 0.0, -31.411300659179688, 15.184766744104387
2026, 81.90826416015625, -341.9194030761719, 0.021008450537919998, 0.2750004231929779, 0.0, -31.347362518310547, 15.143751953522743
2027, 82.16996765136719, -342.08001708984375, 0.024828169494867325, 0.32500043511390686, 0.0, -31.269813537597656, 15.097187818318655
2028, 82.42432403564453, -342.23529052734375, 0.026101410388946533, 0.3750004470348358, 0.0, -31.186260223388672, 15.052356448327533
2029, 82.69203186035156, -342.39801025390625, 0.024828171357512474, 0.42500045895576477, 0.0, -31.091930389404297, 15.007256346903386
2030, 82.9327621459961, -342.5435791015625, 0.023554934188723564, 0.4750004708766937, 0.0, -31.001901626586914, 14.969149890807277
2031, 83.17159271240234, -342.68743896484375, 0.022281695157289505, 0.5250004529953003, 0.0, -30.90913200378418, 14.934652565864306
2032, 83.42742919921875, -342.8409729003906, 0.02164507657289505, 0.5500004291534424, 0.0, -30.806962966918945, 14.902258856079586
2033, 83.68475341796875, -342.99481201171875, 0.02037183754146099, 0.5500004291534424, 0.0, -30.701974868774414, 14.873928393733989
2034, 83.9261474609375, -343.1385192871094, 0.01909860037267208, 0.5000004768371582, 0.0, -30.60230255126953, 14.850172274963898
2035, 84.15991973876953, -343.2772521972656, 0.017825361341238022, 0.45000046491622925, 0.0, -30.505535125732422, 14.82846183743347
2036, 84.41986083984375, -343.4309997558594, 0.016552122309803963, 0.4000004529953003, 0.0, -30.398414611816406, 14.804120788477636
2037, 84.65377807617188, -343.56884765625, 0.015915503725409508, 0.3750004470348358, 0.0, -30.30282974243164, 14.781186014667394
2038, 84.88912200927734, -343.7071533203125, 0.014642263762652874, 0.32500043511390686, 0.0, -30.2080135345459, 14.756508533378394
2039, 85.14424896240234, -343.8565673828125, 0.01591550186276436, 0.2500004172325134, 0.0, -30.1060848236084, 14.726434070350537
2040, 85.39823150634766, -344.004638671875, 0.019735220819711685, 0.20000040531158447, 0.0, -30.003664016723633, 14.692351241772231
2041, 85.6602783203125, -344.15667724609375, 0.025464799255132675, 0.15000039339065552, 0.0, -29.89413070678711, 14.651318969723393
2042, 85.88898468017578, -344.28863525390625, 0.029284518212080002, 0.10000038892030716, 0.0, -29.793062210083008, 14.610952145991348
2043, 86.15568542480469, -344.4416198730469, 0.03310423344373703, 0.10000038892030716, 0.0, -29.667598724365234, 14.557862929591717
2044, 86.41716003417969, -344.5907287597656, 0.03501409292221069, 0.12500038743019104, 0.0, -29.535676956176758, 14.501139055078236
2045, 86.6628189086914, -344.72979736328125, 0.033740852028131485, 0.17500039935112, 0.0, -29.404054641723633, 14.445346995679124
2046, 86.8920669555664, -344.85894775390625, 0.032467614859342575, 0.22500041127204895, 0.0, -29.276269912719727, 14.392331784291196
2047, 87.12443542480469, -344.9891357421875, 0.031194377690553665, 0.2750004231929779, 0.0, -29.14291000366211, 14.338914399928388
2048, 87.36852264404297, -345.12518310546875, 0.029921138659119606, 0.32500043511390686, 0.0, -28.999629974365234, 14.284281959117575
2049, 87.6258544921875, -345.26788330078125, 0.02928452007472515, 0.35000044107437134, 0.0, -28.846158981323242, 14.229484535214171
2050, 87.86282348632812, -345.3985595703125, 0.028011281043291092, 0.4000004529953003, 0.0, -28.703121185302734, 14.181625185746764
2051, 88.0887451171875, -345.5224914550781, 0.026738042011857033, 0.45000046491622925, 0.0, -28.566186904907227, 14.139314466877844
2052, 88.34339904785156, -345.6615905761719, 0.025464804843068123, 0.5000004768371582, 0.0, -28.412044525146484, 14.096565939163954
2053, 88.59844207763672, -345.8001403808594, 0.024191565811634064, 0.5500004291534424, 0.0, -28.258569717407227, 14.059350654758902
2054, 88.82841491699219, -345.92437744140625, 0.02355494722723961, 0.5750004053115845, 0.0, -28.121543884277344, 14.030642108258883
2055, 89.0489273071289, -346.04290771484375, 0.02228170819580555, 0.6250003576278687, 0.0, -27.99174690246582, 14.00789513413558
2056, 89.30064392089844, -346.1776428222656, 0.02100847102701664, 0.6750003099441528, 0.0, -27.84593391418457, 13.98849041563642
2057, 89.5528793334961, -346.3118591308594, 0.024191569536924362, 0.7500002384185791, 0.0, -27.701156616210938, 13.975968146574658
2058, 89.77737426757812, -346.4305725097656, 0.026101429015398026, 0.7750002145767212, 0.0, -27.57216453552246, 13.97091857797758
2059, 90.012451171875, -346.5540466308594, 0.029921147972345352, 0.8250001668930054, 0.0, -27.435041427612305, 13.971852495320555
2060, 90.26190948486328, -346.68426513671875, 0.03374086692929268, 0.8750001192092896, 0.0, -27.28563117980957, 13.98038800039337
2061, 90.48686218261719, -346.8006896972656, 0.03756057843565941, 0.9250000715255737, 0.0, -27.145429611206055, 13.99380087251127
2062, 90.72267150878906, -346.9219055175781, 0.036923959851264954, 0.9500000476837158, 0.0, -26.993270874023438, 14.014287784200238
2063, 90.97196960449219, -347.04901123046875, 0.035650722682476044, 1.0, 0.0, -26.82777214050293, 14.042623686986774
2064, 91.21735382080078, -347.17327880859375, 0.034377485513687134, 1.0, 0.0, -26.661540985107422, 14.076960270339486
2065, 91.46404266357422, -347.29736328125, 0.033104244619607925, 1.0, 0.0, -26.49207878112793, 14.116682118643038
2066, 91.71621704101562, -347.42340087890625, 0.031831007450819016, 1.0, 0.0, -26.317419052124023, 14.161672272977231
2067, 91.96683502197266, -347.5477294921875, 0.030557768419384956, 1.0, 0.0, -26.14325523376465, 14.209999252662884
2068, 92.2322769165039, -347.67864990234375, 0.0299211498349905, 1.0, 0.0, -25.958749771118164, 14.26454806371844
2069, 92.48810577392578, -347.8039245605469, 0.02864791266620159, 0.9500000476837158, 0.0, -25.781564712524414, 14.319139444041747
2070, 92.72713470458984, -347.9203186035156, 0.027374673634767532, 0.9000000953674316, 0.0, -25.617136001586914, 14.370799492186341
2071, 92.96125793457031, -348.0335388183594, 0.026101434603333473, 0.8500001430511475, 0.0, -25.457677841186523, 14.420920632549592
2072, 93.2291259765625, -348.1623840332031, 0.024828197434544563, 0.8000001907348633, 0.0, -25.27759552001953, 14.47642174117408
2073, 93.46873474121094, -348.27685546875, 0.023554958403110504, 0.7500002384185791, 0.0, -25.11941909790039, 14.523849170011605
2074, 93.72237396240234, -348.3973083496094, 0.02291833981871605, 0.725000262260437, 0.0, -24.95502281188965, 14.570987693388023
2075, 93.99091339111328, -348.52410888671875, 0.02164510078728199, 0.6750003099441528, 0.0, -24.7844295501709, 14.616843980490362
2076, 94.26336669921875, -348.65191650390625, 0.02037186175584793, 0.6250003576278687, 0.0, -24.615699768066406, 14.658659261071763
2077, 94.52680206298828, -348.7746276855469, 0.018462006002664566, 0.5500004291534424, 0.0, -24.457738876342773, 14.694255858464503
2078, 94.78007507324219, -348.8919982910156, 0.017188766971230507, 0.5000004768371582, 0.0, -24.31070899963379, 14.72258720479303
2079, 95.03583526611328, -349.009765625, 0.015915527939796448, 0.45000046491622925, 0.0, -24.16745948791504, 14.7449722306048
2080, 95.29450225830078, -349.12823486328125, 0.015278908424079418, 0.42500045895576477, 0.0, -24.027843475341797, 14.760978102073127
2081, 95.58173370361328, -349.25897216796875, 0.014005668461322784, 0.3750004470348358, 0.0, -23.878822326660156, 14.770549609511857
2082, 95.84064483642578, -349.3761291503906, 0.012732427567243576, 0.3750004470348358, 0.0, -23.750831604003906, 14.772754216096807
2083, 96.08216857910156, -349.4848327636719, 0.011459187604486942, 0.42500045895576477, 0.0, -23.636606216430664, 14.76995683606144
2084, 96.35956573486328, -349.6090087890625, 0.010185947641730309, 0.4750004708766937, 0.0, -23.51157569885254, 14.763252853686229
2085, 96.64533233642578, -349.73626708984375, 0.0089127067476511, 0.5250004529953003, 0.0, -23.390174865722656, 14.754804768686954
2086, 96.90860748291016, -349.8528747558594, 0.007639467250555754, 0.5750004053115845, 0.0, -23.28546714782715, 14.747173936414798
2087, 97.15706634521484, -349.96240234375, 0.0063662282191216946, 0.6250003576278687, 0.0, -23.1926326751709, 14.741345036883095
2088, 97.43313598632812, -350.0835876464844, 0.005729608703404665, 0.6500003337860107, 0.0, -23.095806121826172, 14.73756897460677
2089, 97.69416809082031, -350.1976013183594, 0.0044563692063093185, 0.7000002861022949, 0.0, -23.011211395263672, 14.736695210017048
2090, 97.97010803222656, -350.31768798828125, 0.0031831294763833284, 0.7500002384185791, 0.0, -22.928293228149414, 14.740020601083943
2091, 98.2369155883789, -350.43328857421875, 0.0019098898628726602, 0.8000001907348633, 0.0, -22.855453491210938, 14.747410618122371
2092, 98.4896240234375, -350.5423889160156, 0.0, 0.8500001430511475, 0.0, -22.792951583862305, 14.759120892389463
2093, 98.78074645996094, -350.66766357421875, 0.0, 0.9000000953674316, 0.0, -22.727886199951172, 14.778954037806995
2094, 99.0643081665039, -350.78924560546875, 0.0, 0.9500000476837158, 0.0, -22.671188354492188, 14.804682184822905
2095, 99.33096313476562, -350.9031677246094, 0.0, 0.9750000238418579, 0.0, -22.623544692993164, 14.834234524274713
2096, 99.59201049804688, -351.01434326171875, 0.0, 1.0, 0.0, -22.581279754638672, 14.868300061141692
2097, 99.85205078125, -351.1247863769531, 0.0, 1.0, 0.0, -22.542980194091797, 14.906805168860245
2098, 100.13697052001953, -351.2454528808594, 0.0, 1.0, 0.0, -22.504615783691406, 14.953589975978886
2099, 100.4178237915039, -351.3641052246094, 0.0, 1.0, 0.0, -22.470291137695312, 15.003326429236433
2100, 100.68464660644531, -351.4764404296875, 0.0, 1.0, 0.0, -22.440717697143555, 15.053136358667283
2101, 100.96721649169922, -351.5951843261719, 0.0, 1.0, 0.0, -22.411848068237305, 15.108556664408548
2102, 101.24370574951172, -351.71112060546875, 0.0, 1.0, 0.0, -22.386154174804688, 15.164638751110582
2103, 101.53630828857422, -351.83349609375, 0.0, 1.0, 0.0, -22.361003875732422, 15.22598117758167
2104, 101.8370132446289, -351.9590148925781, 0.0, 0.9750000238418579, 0.0, -22.33729362487793, 15.290406046934729
2105, 102.12152099609375, -352.07757568359375, 0.0, 0.9500000476837158, 0.0, -22.316604614257812, 15.351877844366323
2106, 102.3853988647461, -352.187255859375, 0.0019098592456430197, 0.9000000953674316, 0.0, -22.298078536987305, 15.40860545221632
2107, 102.65969848632812, -352.3009948730469, 0.005729577504098415, 0.8500001430511475, 0.0, -22.277416229248047, 15.466250802470972
2108, 102.94855499267578, -352.42041015625, 0.009549296461045742, 0.8000001907348633, 0.0, -22.25227165222168, 15.524349113462783
2109, 103.25199127197266, -352.54541015625, 0.010822535492479801, 0.7500002384185791, 0.0, -22.220993041992188, 15.58190217222283
2110, 103.53900146484375, -352.66326904296875, 0.009549295529723167, 0.7000002861022949, 0.0, -22.187454223632812, 15.632712687903238
2111, 103.82650756835938, -352.7810974121094, 0.008276054635643959, 0.6500003337860107, 0.0, -22.151473999023438, 15.679109238799793
2112, 104.10025787353516, -352.89300537109375, 0.0076394351199269295, 0.6250003576278687, 0.0, -22.115768432617188, 15.718587626393896
2113, 104.39983367919922, -353.0152587890625, 0.00636619608849287, 0.5750004053115845, 0.0, -22.075979232788086, 15.756062080513328
2114, 104.71720123291016, -353.1445617675781, 0.005092956591397524, 0.5250004529953003, 0.0, -22.03392219543457, 15.789041528792515
2115, 105.02127838134766, -353.2681884765625, 0.0038197170943021774, 0.4750004708766937, 0.0, -21.994644165039062, 15.813523275625162
2116, 105.33556365966797, -353.3958435058594, 0.0025464773643761873, 0.42500045895576477, 0.0, -21.955947875976562, 15.831073512635198
2117, 105.61262512207031, -353.5082702636719, 0.0, 0.3750004470348358, 0.0, -21.924726486206055, 15.840018349192432
2118, 105.88734436035156, -353.6195373535156, 0.0038197184912860394, 0.32500043511390686, 0.0, -21.895004272460938, 15.841985009401576
2119, 106.16487884521484, -353.7317199707031, 0.007639436982572079, 0.2750004231929779, 0.0, -21.863994598388672, 15.83664642948874
2120, 106.46681213378906, -353.8534240722656, 0.01145915500819683, 0.22500041127204895, 0.0, -21.827194213867188, 15.821768890147228
2121, 106.78358459472656, -353.9807434082031, 0.012732394970953465, 0.17500039935112, 0.0, -21.783981323242188, 15.79693066628557
2122, 107.08485412597656, -354.1014404296875, 0.011459154076874256, 0.12500038743019104, 0.0, -21.739336013793945, 15.764593413830834
2123, 107.36296844482422, -354.2125244140625, 0.010822534561157227, 0.10000038892030716, 0.0, -21.695634841918945, 15.727951348669944
2124, 107.63943481445312, -354.3227233886719, 0.009549293667078018, 0.0500003919005394, 0.0, -21.650835037231445, 15.684906380726694
2125, 107.94326782226562, -354.44354248046875, 0.008276053704321384, 3.915280046840053e-07, 0.0, -21.60106086730957, 15.629377067749257
2126, 108.24420928955078, -354.5630798339844, 0.007002814672887325, 0.0, 0.0, -21.551958084106445, 15.566473042504644
2127, 108.53523254394531, -354.678466796875, 0.005729575175791979, 0.0, 0.0, -21.505449295043945, 15.49955860372291
2128, 108.80349731445312, -354.7846374511719, 0.00445633614435792, 0.0, 0.0, -21.464130401611328, 15.43359915379878
2129, 109.07027435302734, -354.8901062011719, 0.003819716162979603, 0.0, 0.0, -21.424760818481445, 15.36420959402053
2130, 109.3625259399414, -355.0054626464844, 0.0025464764330536127, 0.02500000037252903, 0.0, -21.383991241455078, 15.284921976195028
2131, 109.66239929199219, -355.1236877441406, 0.0, 0.07500000298023224, 0.0, -21.346031188964844, 15.201075030957016
2132, 109.94441223144531, -355.2347717285156, 0.0, 0.15000000596046448, 0.0, -21.31398582458496, 15.121403007661167
2133, 110.2135009765625, -355.3406677246094, 0.0, 0.20000001788139343, 0.0, -21.286731719970703, 15.046122488728383
2134, 110.49993896484375, -355.4532470703125, 0.0, 0.2500000298023224, 0.0, -21.26058006286621, 14.968282964356542
2135, 110.77228546142578, -355.56011962890625, 0.0, 0.30000004172325134, 0.0, -21.23854637145996, 14.896934589278722
2136, 111.05254364013672, -355.66998291015625, 0.0, 0.3250000476837158, 0.0, -21.218189239501953, 14.827544110005933
2137, 111.34578704833984, -355.7847900390625, 0.0, 0.3500000536441803, 0.0, -21.19936180114746, 14.759093324451321
2138, 111.60885620117188, -355.8876953125, 0.0, 0.3250000476837158, 0.0, -21.184532165527344, 14.700889471628672
2139, 111.862548828125, -355.9867858886719, 0.0, 0.27500003576278687, 0.0, -21.17180633544922, 14.646820900719026
2140, 112.13089752197266, -356.0914611816406, 0.0, 0.2250000238418579, 0.0, -21.159868240356445, 14.590314980116982
2141, 112.40552520751953, -356.1984558105469, 0.0038197184912860394, 0.17500001192092896, 0.0, -21.147449493408203, 14.531780481561883
2142, 112.65882873535156, -356.29693603515625, 0.005729577504098415, 0.15000000596046448, 0.0, -21.134418487548828, 14.476415480291067
2143, 112.91022491455078, -356.3944396972656, 0.009549296461045742, 0.10000000149011612, 0.0, -21.118427276611328, 14.419575791999822
2144, 113.16926574707031, -356.4945983886719, 0.013369014486670494, 0.05000000447034836, 0.0, -21.096851348876953, 14.358171051245913
2145, 113.44184112548828, -356.599609375, 0.019098592922091484, -0.02499999664723873, 0.0, -21.066701889038086, 14.289514512681434
2146, 113.68116760253906, -356.69140625, 0.021008450537919998, 0.0, 0.0, -21.03215980529785, 14.225809024312671
2147, 113.92837524414062, -356.7857666015625, 0.024828169494867325, 0.0, 0.0, -20.987844467163086, 14.156908468383014
2148, 114.19168853759766, -356.88580322265625, 0.026101410388946533, 0.0, 0.0, -20.930654525756836, 14.080605522438342
2149, 114.46038055419922, -356.9874572753906, 0.024828171357512474, 0.0, 0.0, -20.86391258239746, 13.999986254811688
2150, 114.69766235351562, -357.0768737792969, 0.023554934188723564, 0.0, 0.0, -20.7982120513916, 13.926993172251345
2151, 114.95448303222656, -357.1732482910156, 0.022281695157289505, 0.0, 0.0, -20.721580505371094, 13.84628142897893
2152, 115.20704650878906, -357.2677001953125, 0.02164507657289505, 0.0, 0.0, -20.641658782958984, 13.765380061601128
2153, 115.44329071044922, -357.35577392578125, 0.02037183754146099, 0.0, 0.0, -20.563745498657227, 13.688521339317308
2154, 115.67671966552734, -357.4425048828125, 0.01909860037267208, 0.0, 0.0, -20.48461151123047, 13.611620123529514
2155, 115.9238052368164, -357.5340881347656, 0.017825361341238022, 0.0, 0.0, -20.399377822875977, 13.529308709939944
2156, 116.15126037597656, -357.61810302734375, 0.017188742756843567, 0.0, 0.0, -20.32009506225586, 13.452810148086751
2157, 116.38509368896484, -357.7042541503906, 0.015915503725409508, 0.0, 0.0, -20.23833465576172, 13.373540889797816
2158, 116.63860321044922, -357.79736328125, 0.014642263762652874, 0.0, 0.0, -20.15020179748535, 13.287013802361852
2159, 116.8741455078125, -357.8836364746094, 0.01591550186276436, 0.0, 0.0, -20.068445205688477, 13.206058672771746
2160, 117.0947494506836, -357.96405029296875, 0.019735220819711685, 0.0, 0.0, -19.99041175842285, 13.129811369858286
2161, 117.34336853027344, -358.05426025390625, 0.023554939776659012, 0.0, 0.0, -19.89892578125, 13.043455220126964
2162, 117.58145141601562, -358.1400451660156, 0.02737465873360634, 0.0, 0.0, -19.805570602416992, 12.960309147781587
2163, 117.7939224243164, -358.2161560058594, 0.029284518212080002, 0.0, 0.0, -19.717159271240234, 12.8858621244315
2164, 118.0123291015625, -358.2938232421875, 0.03310423344373703, 0.0, 0.0, -19.61992645263672, 12.809052816150151
2165, 118.24850463867188, -358.37713623046875, 0.03692394867539406, 0.0, 0.0, -19.506072998046875, 12.7256976481373
2166, 118.49453735351562, -358.4632263183594, 0.040743663907051086, 0.0, 0.0, -19.377534866333008, 12.638640956700435
2167, 118.72225189208984, -358.5421447753906, 0.04010704532265663, 0.0, 0.0, -19.248748779296875, 12.557963089863629
2168, 118.93952178955078, -358.6167907714844, 0.03883380815386772, 0.0, 0.0, -19.119050979614258, 12.480995404760142
2169, 119.15860748291016, -358.6915588378906, 0.03756056725978851, 0.0, 0.0, -18.98270034790039, 12.403390101413091
2170, 119.3800048828125, -358.7665100097656, 0.0362873300909996, 0.0, 0.0, -18.84036636352539, 12.324967761470283
2171, 119.59513092041016, -358.8388671875, 0.03501409292221069, 0.0, 0.0, -18.698732376098633, 12.248776942506977
2172, 119.82219696044922, -358.91461181640625, 0.03437747433781624, 0.02500000037252903, 0.0, -18.546390533447266, 12.169065017283435
2173, 120.05491638183594, -358.9916687011719, 0.03310423344373703, 0.07500000298023224, 0.0, -18.388404846191406, 12.088412153124136
2174, 120.264892578125, -359.0606689453125, 0.03183099627494812, 0.125, 0.0, -18.244821548461914, 12.017273197388576
2175, 120.46915435791016, -359.1273498535156, 0.03055775724351406, 0.17500001192092896, 0.0, -18.10495948791504, 11.950600095113042
2176, 120.6883773803711, -359.1983642578125, 0.029921138659119606, 0.20000001788139343, 0.0, -17.955177307128906, 11.882392356973531
2177, 120.90266418457031, -359.2672424316406, 0.028647899627685547, 0.2500000298023224, 0.0, -17.80967140197754, 11.819485048973585
2178, 121.10704040527344, -359.33251953125, 0.027374662458896637, 0.30000004172325134, 0.0, -17.672252655029297, 11.7636363736455
2179, 121.3269271850586, -359.4022521972656, 0.026101423427462578, 0.3500000536441803, 0.0, -17.52661895751953, 11.7085967013106
2180, 121.5363998413086, -359.4681091308594, 0.024828186258673668, 0.40000006556510925, 0.0, -17.390424728393555, 11.661720108825689
2181, 121.74348449707031, -359.5328063964844, 0.024191565811634064, 0.42500007152557373, 0.0, -17.258405685424805, 11.62091879101147
2182, 121.95861053466797, -359.5994873046875, 0.025464806705713272, 0.4750000834465027, 0.0, -17.123395919799805, 11.58420327642736
2183, 122.1747055053711, -359.6658020019531, 0.031194385141134262, 0.550000011920929, 0.0, -16.987077713012695, 11.553537568884844
2184, 122.37027740478516, -359.7252197265625, 0.03501410037279129, 0.5999999642372131, 0.0, -16.861188888549805, 11.532095024410372
2185, 122.5903549194336, -359.79132080078125, 0.03883381560444832, 0.6499999165534973, 0.0, -16.714643478393555, 11.515105422851535
2186, 122.8055419921875, -359.8551025390625, 0.04074367135763168, 0.6749998927116394, 0.0, -16.565874099731445, 11.506113985733412
2187, 123.01963806152344, -359.9178161621094, 0.04456338658928871, 0.7249998450279236, 0.0, -16.41120719909668, 11.503948268482125
2188, 123.23138427734375, -359.9789123535156, 0.04838310182094574, 0.7749997973442078, 0.0, -16.250473022460938, 11.508448768531686
2189, 123.44598388671875, -360.0399475097656, 0.04965633898973465, 0.8249997496604919, 0.0, -16.07951545715332, 11.519836243741814
2190, 123.65849304199219, -360.099609375, 0.049019720405340195, 0.849999725818634, 0.0, -15.903302192687988, 11.537774049736262
2191, 123.86304473876953, -360.15631103515625, 0.047746483236551285, 0.8999996781349182, 0.0, -15.728592872619629, 11.560813923342868
2192, 124.06443786621094, -360.2115173339844, 0.046473246067762375, 0.9499996304512024, 0.0, -15.552809715270996, 11.589011542708402
2193, 124.2772216796875, -360.2691345214844, 0.045200005173683167, 0.9999995827674866, 0.0, -15.364180564880371, 11.624643720742785
2194, 124.48744201660156, -360.32537841796875, 0.04456338658928871, 1.0249996185302734, 0.0, -15.175644874572754, 11.665423084259764
2195, 124.6913833618164, -360.3793640136719, 0.0432901494204998, 1.0, 0.0, -14.991474151611328, 11.709258183815717
2196, 124.92007446289062, -360.439208984375, 0.04201691225171089, 1.0, 0.0, -14.784380912780762, 11.762555858286591
2197, 125.12378692626953, -360.4918518066406, 0.04074367135763168, 1.0, 0.0, -14.600083351135254, 11.81263145122201
2198, 125.33644104003906, -360.5462341308594, 0.04010705277323723, 1.0, 0.0, -14.408248901367188, 11.867087161325404
2199, 125.5625, -360.6033935546875, 0.03883381560444832, 1.0, 0.0, -14.205554962158203, 11.926967778864437
2200, 125.8144760131836, -360.6662902832031, 0.03756057471036911, 1.0, 0.0, -13.981525421142578, 11.995770630095118
2201, 126.10640716552734, -360.7381286621094, 0.03501410037279129, 0.9500000476837158, 0.0, -13.726306915283203, 12.076773150920411
2202, 126.35911560058594, -360.7994384765625, 0.03374085947871208, 0.9000000953674316, 0.0, -13.509478569030762, 12.146294363755407
2203, 126.60507202148438, -360.8583984375, 0.03246762230992317, 0.8500001430511475, 0.0, -13.30254077911377, 12.212146787854232
2204, 126.84480285644531, -360.91510009765625, 0.03183100372552872, 0.8250001668930054, 0.0, -13.104785919189453, 12.273794072067565
2205, 127.08525085449219, -360.97125244140625, 0.030557764694094658, 0.7750002145767212, 0.0, -12.910480499267578, 12.332717439564286
2206, 127.32096099853516, -361.0255126953125, 0.029284527525305748, 0.725000262260437, 0.0, -12.724628448486328, 12.38716541830463
2207, 127.57085418701172, -361.0823669433594, 0.02801128849387169, 0.6750003099441528, 0.0, -12.532126426696777, 12.439948497741879
2208, 127.82244873046875, -361.13885498046875, 0.02673805132508278, 0.6250003576278687, 0.0, -12.343618392944336, 12.48768815296902
2209, 128.07518005371094, -361.19482421875, 0.02546481229364872, 0.5750004053115845, 0.0, -12.159869194030762, 12.529638237915822
2210, 128.31381225585938, -361.2469787597656, 0.02419157326221466, 0.5250004529953003, 0.0, -11.992053985595703, 12.563741482296594
2211, 128.54603576660156, -361.2970886230469, 0.023554954677820206, 0.5000004768371582, 0.0, -11.833603858947754, 12.591052866264791
2212, 128.7935791015625, -361.34991455078125, 0.022281715646386147, 0.45000046491622925, 0.0, -11.66978645324707, 12.613494678867262
2213, 129.06016540527344, -361.406005859375, 0.021008478477597237, 0.4000004529953003, 0.0, -11.499894142150879, 12.63014401694219
2214, 129.3158416748047, -361.4591369628906, 0.019735239446163177, 0.35000044107437134, 0.0, -11.343278884887695, 12.6383429145407
2215, 129.576904296875, -361.5127258300781, 0.01846200041472912, 0.3000004291534424, 0.0, -11.189988136291504, 12.6386788843897
2216, 129.81602478027344, -361.5611572265625, 0.01718876324594021, 0.2500004172325134, 0.0, -11.055895805358887, 12.632166697829808
2217, 130.0587615966797, -361.6097717285156, 0.01591552421450615, 0.20000040531158447, 0.0, -10.925704956054688, 12.6183082799476
2218, 130.31146240234375, -361.6598205566406, 0.014642284251749516, 0.15000039339065552, 0.0, -10.796097755432129, 12.595535553635713
2219, 130.5701904296875, -361.7105407714844, 0.013369044288992882, 0.10000038892030716, 0.0, -10.670149803161621, 12.564185738693483
2220, 130.8275909423828, -361.7603759765625, 0.012095804326236248, 0.02500039152801037, 0.0, -10.551619529724121, 12.524751362765377
2221, 131.0983428955078, -361.8123474121094, 0.01018594391644001, -0.02499960921704769, 0.0, -10.434555053710938, 12.474623171891063
2222, 131.3394012451172, -361.8580322265625, 0.008912703022360802, 0.02500039152801037, 0.0, -10.337447166442871, 12.424168095415418
2223, 131.57373046875, -361.9021301269531, 0.008276083506643772, 0.0500003919005394, 0.0, -10.248856544494629, 12.370639659451976
2224, 131.8231964111328, -361.94866943359375, 0.007002844009548426, 0.10000038892030716, 0.0, -10.160444259643555, 12.310471075453021
2225, 132.0718994140625, -361.9947204589844, 0.005729604512453079, 0.15000039339065552, 0.0, -10.078872680664062, 12.2493613462138
2226, 132.32797241210938, -362.0417175292969, 0.00445636548101902, 0.20000040531158447, 0.0, -10.001936912536621, 12.186988213309597
2227, 132.5734100341797, -362.08642578125, 0.00318312575109303, 0.2500004172325134, 0.0, -9.93488883972168, 12.129079188477247
2228, 132.82546997070312, -362.1319885253906, 0.004456365015357733, 0.3000004291534424, 0.0, -9.871898651123047, 12.072697721794242
2229, 133.05413818359375, -362.1729736328125, 0.008276083506643772, 0.35000044107437134, 0.0, -9.817763328552246, 12.02487179046797
2230, 133.29261779785156, -362.21527099609375, 0.012095802463591099, 0.4000004529953003, 0.0, -9.761366844177246, 11.979824577260503
2231, 133.54457092285156, -362.2593688964844, 0.01591552048921585, 0.45000046491622925, 0.0, -9.69947624206543, 11.937849195121666
2232, 133.79763793945312, -362.30316162109375, 0.01718876138329506, 0.5000004768371582, 0.0, -9.633770942687988, 11.90225657889533
2233, 134.0473175048828, -362.3458251953125, 0.015915522351861, 0.5500004291534424, 0.0, -9.566204071044922, 11.874183964610816
2234, 134.28648376464844, -362.38629150390625, 0.014642282389104366, 0.6000003814697266, 0.0, -9.500072479248047, 11.854244175814124
2235, 134.5375518798828, -362.4283447265625, 0.013369042426347733, 0.6500003337860107, 0.0, -9.430126190185547, 11.840904354235121
2236, 134.76438903808594, -362.4660339355469, 0.012732421979308128, 0.6750003099441528, 0.0, -9.367077827453613, 11.835215760008793
2237, 134.9814910888672, -362.5018615722656, 0.011459182016551495, 0.6250003576278687, 0.0, -9.307476043701172, 11.834948236644504
2238, 135.23426818847656, -362.5433044433594, 0.01018594205379486, 0.5750004053115845, 0.0, -9.239575386047363, 11.837902250310334
2239, 135.4857177734375, -362.5842590332031, 0.008912701159715652, 0.5250004529953003, 0.0, -9.174360275268555, 11.841681869037338
2240, 135.72523498535156, -362.623046875, 0.007639461662620306, 0.4750004708766937, 0.0, -9.114940643310547, 11.84428049906597
2241, 135.96728515625, -362.6620178222656, 0.006366222631186247, 0.42500045895576477, 0.0, -9.058088302612305, 11.844472203174726
2242, 136.2137451171875, -362.7015686035156, 0.0050929831340909, 0.3750004470348358, 0.0, -9.003978729248047, 11.840969852111456
2243, 136.44290161132812, -362.7381591796875, 0.003819743636995554, 0.3000004291534424, 0.0, -8.957715034484863, 11.833653705330384
2244, 136.67098999023438, -362.7745361328125, 0.002546503907069564, 0.2500004172325134, 0.0, -8.91565990447998, 11.821013081531616
2245, 136.9100341796875, -362.81243896484375, 0.0038197434041649103, 0.20000040531158447, 0.0, -8.874674797058105, 11.801184049292686
2246, 137.15878295898438, -362.85162353515625, 0.009549321606755257, 0.15000039339065552, 0.0, -8.832225799560547, 11.77366273778886
2247, 137.40045166015625, -362.8893127441406, 0.013369040563702583, 0.10000038892030716, 0.0, -8.788309097290039, 11.739955551456701
2248, 137.6387939453125, -362.9261169433594, 0.01718875952064991, 0.0500003919005394, 0.0, -8.740307807922363, 11.69984334677944
2249, 137.87062072753906, -362.96148681640625, 0.021008478477597237, 3.915280046840053e-07, 0.0, -8.68732738494873, 11.65411613657006
2250, 138.0926971435547, -362.994873046875, 0.0229183379560709, 0.02500039152801037, 0.0, -8.629495620727539, 11.605000505675237
2251, 138.3363494873047, -363.0310363769531, 0.026738056913018227, 0.07500039041042328, 0.0, -8.55787181854248, 11.54657290791021
2252, 138.57264709472656, -363.0655822753906, 0.030557775869965553, 0.12500038743019104, 0.0, -8.478495597839355, 11.487924325488269
2253, 138.81492614746094, -363.100341796875, 0.03437749296426773, 0.17500039935112, 0.0, -8.385509490966797, 11.427686041980644
2254, 139.05178833007812, -363.1336669921875, 0.03819720819592476, 0.22500041127204895, 0.0, -8.282236099243164, 11.370245110966827
2255, 139.279541015625, -363.1650695800781, 0.04201692342758179, 0.2750004231929779, 0.0, -8.170571327209473, 11.317584969419478
2256, 139.49398803710938, -363.1939392089844, 0.04520001634955406, 0.35000044107437134, 0.0, -8.052682876586914, 11.271035085243815
2257, 139.71778869628906, -363.2234802246094, 0.04456339776515961, 0.3750004470348358, 0.0, -7.919381141662598, 11.227708805790778
2258, 139.9442596435547, -363.2527160644531, 0.0432901605963707, 0.42500045895576477, 0.0, -7.77481746673584, 11.189109075806739
2259, 140.17532348632812, -363.2820129394531, 0.04201692342758179, 0.4750004708766937, 0.0, -7.619300842285156, 11.155761371608232
2260, 140.39833068847656, -363.3097229003906, 0.04074368253350258, 0.5250004529953003, 0.0, -7.463292598724365, 11.12988577027406
2261, 140.61561584472656, -363.3361511230469, 0.03947044536471367, 0.5750004053115845, 0.0, -7.306832790374756, 11.110564148438355
2262, 140.8323516845703, -363.3620300292969, 0.03819720819592476, 0.6250003576278687, 0.0, -7.148017406463623, 11.098010135700878
2263, 141.06072998046875, -363.3887939453125, 0.03692396730184555, 0.6750003099441528, 0.0, -6.979040145874023, 11.092745901499558
2264, 141.29237365722656, -363.4153747558594, 0.03565073013305664, 0.725000262260437, 0.0, -6.80682897567749, 11.095125733401229
2265, 141.51974487304688, -363.44097900390625, 0.03437749296426773, 0.7750002145767212, 0.0, -6.637974262237549, 11.104921434236388
2266, 141.7523651123047, -363.4665832519531, 0.033740874379873276, 0.8000001907348633, 0.0, -6.465855598449707, 11.122132155197631
2267, 141.9843292236328, -363.4915466308594, 0.03246763348579407, 0.8500001430511475, 0.0, -6.29547643661499, 11.145933439181324
2268, 142.21951293945312, -363.5162658691406, 0.031194396317005157, 0.9000000953674316, 0.0, -6.124637126922607, 11.17679555907884
2269, 142.4391632080078, -363.5389099121094, 0.029284538701176643, 0.9750000238418579, 0.0, -5.967807292938232, 11.211435497449955
2270, 142.66123962402344, -363.5613098144531, 0.028011299669742584, 1.0, 0.0, -5.812290191650391, 11.252923152267266
2271, 142.8997344970703, -363.5848388671875, 0.026738062500953674, 1.0, 0.0, -5.648685455322266, 11.304086269569787
2272, 143.12962341308594, -363.6070861816406, 0.025464823469519615, 1.0, 0.0, -5.494844913482666, 11.358054913691992
2273, 143.37118530273438, -363.62994384765625, 0.024191584438085556, 1.0, 0.0, -5.337496280670166, 11.418527761319107
2274, 143.5912628173828, -363.6502380371094, 0.0235549658536911, 1.0, 0.0, -5.198214530944824, 11.476074900687104
2275, 143.82066345214844, -363.6709289550781, 0.022281726822257042, 1.0, 0.0, -5.057039260864258, 11.53819652401223
2276, 144.05325317382812, -363.69146728515625, 0.021008489653468132, 1.0, 0.0, -4.917849540710449, 11.603105347192102
2277, 144.29953002929688, -363.7127685546875, 0.019735250622034073, 1.0, 0.0, -4.775423526763916, 11.673263688009586
2278, 144.55052185058594, -363.73388671875, 0.018462013453245163, 1.0, 0.0, -4.635591506958008, 11.745913973518658
2279, 144.7953338623047, -363.7540588378906, 0.017188774421811104, 1.0, 0.0, -4.504457950592041, 11.817610918484943
2280, 145.04319763183594, -363.7740173339844, 0.015915535390377045, 0.9750000238418579, 0.0, -4.377106666564941, 11.890568272674214
2281, 145.30038452148438, -363.7942199707031, 0.014642295427620411, 0.9250000715255737, 0.0, -4.250826358795166, 11.965616275974245
2282, 145.54542541503906, -363.8130798339844, 0.013369055464863777, 0.8750001192092896, 0.0, -4.136048793792725, 12.035313972889501
2283, 145.77651977539062, -363.8304138183594, 0.012095815502107143, 0.8250001668930054, 0.0, -4.03329610824585, 12.098718573688139
2284, 146.03570556640625, -363.84954833984375, 0.01082257553935051, 0.7750002145767212, 0.0, -3.9237685203552246, 12.165825233073877
2285, 146.2832489013672, -363.8674011230469, 0.009549334645271301, 0.725000262260437, 0.0, -3.8250744342803955, 12.225443153027564
2286, 146.55792236328125, -363.8868408203125, 0.008276094682514668, 0.6750003099441528, 0.0, -3.722687244415283, 12.285855051078626
2287, 146.81605529785156, -363.9046936035156, 0.007002855185419321, 0.6250003576278687, 0.0, -3.6331183910369873, 12.336459511324508
2288, 147.06814575195312, -363.9217834472656, 0.005092996638268232, 0.5500004291534424, 0.0, -3.5522162914276123, 12.379501996904796
2289, 147.3114776611328, -363.93804931640625, 0.0038197569083422422, 0.5000004768371582, 0.0, -3.4810492992401123, 12.414746078043315
2290, 147.55892944335938, -363.95428466796875, 0.003183137159794569, 0.4750004708766937, 0.0, -3.415009021759033, 12.443534085450285
2291, 147.8214569091797, -363.9712829589844, 0.001909897429868579, 0.42500045895576477, 0.0, -3.3512885570526123, 12.46595870578766
2292, 148.08641052246094, -363.9881591796875, 0.0, 0.3750004470348358, 0.0, -3.2945258617401123, 12.480439039333259
2293, 148.34817504882812, -364.0045471191406, 0.0, 0.32500043511390686, 0.0, -3.2453925609588623, 12.486403153850771
2294, 148.61187744140625, -364.0209045410156, 0.0, 0.2750004231929779, 0.0, -3.202087879180908, 12.483844065719852
2295, 148.8682098388672, -364.0365295410156, 0.0, 0.22500041127204895, 0.0, -3.1652228832244873, 12.473048941147852
2296, 149.11651611328125, -364.0513916015625, 0.0, 0.17500039935112, 0.0, -3.1341865062713623, 12.455499887651804
2297, 149.36404418945312, -364.0661315917969, 0.0, 0.2500004172325134, 0.0, -3.106994867324829, 12.431300676327012
2298, 149.61460876464844, -364.080810546875, 0.0, 0.2750004231929779, 0.0, -3.082611560821533, 12.40299312178333
2299, 149.86273193359375, -364.0951843261719, 0.0, 0.32500043511390686, 0.0, -3.061432123184204, 12.373192651834323
2300, 150.12295532226562, -364.1100769042969, 0.0, 0.3750004470348358, 0.0, -3.0420844554901123, 12.341953619951367
2301, 150.389892578125, -364.12518310546875, 0.0, 0.42500045895576477, 0.0, -3.024902582168579, 12.311607105957405
2302, 150.62350463867188, -364.13824462890625, 0.0, 0.4750004708766937, 0.0, -3.011932611465454, 12.287417213780829
2303, 150.87269592285156, -364.1520080566406, 0.0, 0.5250004529953003, 0.0, -2.999725580215454, 12.265552489278067
2304, 151.1144256591797, -364.1653137207031, 0.0, 0.4750004708766937, 0.0, -2.9895331859588623, 12.247645749867301
2305, 151.36795043945312, -364.17913818359375, 0.0, 0.45000046491622925, 0.0, -2.980163812637329, 12.2307762602867
2306, 151.63026428222656, -364.19329833984375, 0.0, 0.3750004470348358, 0.0, -2.971801996231079, 12.21341960012766
2307, 151.88563537597656, -364.2070617675781, 0.0, 0.35000044107437134, 0.0, -2.9648139476776123, 12.194725888582534
2308, 152.13758850097656, -364.2204895019531, 0.0, 0.3000004291534424, 0.0, -2.9588630199432373, 12.173822694829294
2309, 152.37570190429688, -364.2331848144531, 0.0, 0.2500004172325134, 0.0, -2.9541015625, 12.151103911383347
2310, 152.61680603027344, -364.2459716796875, 0.0, 0.20000040531158447, 0.0, -2.950012683868408, 12.124097768165655
2311, 152.85995483398438, -364.25872802734375, 0.0019098592456430197, 0.15000039339065552, 0.0, -2.945648670196533, 12.09170218569643
2312, 153.1117401123047, -364.2718200683594, 0.005729577504098415, 0.10000038892030716, 0.0, -2.938873767852783, 12.052583369044514
2313, 153.35855102539062, -364.28448486328125, 0.009549296461045742, 0.0500003919005394, 0.0, -2.9279181957244873, 12.008258097222859
2314, 153.5918426513672, -364.2961120605469, 0.013369014486670494, 0.0500003919005394, 0.0, -2.911316394805908, 11.961356252890585
2315, 153.8270721435547, -364.3076171875, 0.01718873344361782, 0.10000038892030716, 0.0, -2.88714599609375, 11.910034522181173
2316, 154.06582641601562, -364.31890869140625, 0.020371831953525543, 0.17500039935112, 0.0, -2.854645252227783, 11.855957192589903
2317, 154.30918884277344, -364.3301086425781, 0.019735213369131088, 0.20000040531158447, 0.0, -2.8131721019744873, 11.801156421396405
2318, 154.5609588623047, -364.3414306640625, 0.01846197433769703, 0.2500004172325134, 0.0, -2.763092517852783, 11.745882169884029
2319, 154.79734802246094, -364.3517761230469, 0.01718873716890812, 0.3000004291534424, 0.0, -2.711059808731079, 11.696512743229079
2320, 155.0258331298828, -364.36163330078125, 0.01591549813747406, 0.35000044107437134, 0.0, -2.657074213027954, 11.651831591299757
2321, 155.24758911132812, -364.3709716796875, 0.014642258174717426, 0.4000004529953003, 0.0, -2.602630853652954, 11.612479872816362
2322, 155.4894561767578, -364.3810729980469, 0.013369017280638218, 0.45000046491622925, 0.0, -2.5420539379119873, 11.575174733719242
2323, 155.73638916015625, -364.39117431640625, 0.012095777317881584, 0.5000004768371582, 0.0, -2.479767322540283, 11.543325471968997
2324, 155.9627227783203, -364.40032958984375, 0.01082253735512495, 0.5500004291534424, 0.0, -2.423187255859375, 11.519790256509884
2325, 156.21107482910156, -364.4102783203125, 0.009549297392368317, 0.6000003814697266, 0.0, -2.362365484237671, 11.501658297776816
2326, 156.43191528320312, -364.4189758300781, 0.008912676945328712, 0.6250003576278687, 0.0, -2.309906244277954, 11.491520531154741
2327, 156.65426635742188, -364.4276428222656, 0.007639436982572079, 0.6750003099441528, 0.0, -2.259002447128296, 11.487243234940129
2328, 156.89871215820312, -364.43701171875, 0.0063661979511380196, 0.725000262260437, 0.0, -2.205658435821533, 11.490137759156077
2329, 157.13729858398438, -364.4460754394531, 0.005092958454042673, 0.7750002145767212, 0.0, -2.15679931640625, 11.500090410153922
2330, 157.37477111816406, -364.4549865722656, 0.0038197189569473267, 0.8250001668930054, 0.0, -2.111724853515625, 11.516918563039422
2331, 157.61524963378906, -364.4639892578125, 0.0025464792270213366, 0.8750001192092896, 0.0, -2.070007562637329, 11.54093812365597
2332, 157.8697509765625, -364.4734191894531, 0.0, 0.9500000476837158, 0.0, -2.031158447265625, 11.573964279059776
2333, 158.0959014892578, -364.4817810058594, 0.0, 0.9000000953674316, 0.0, -2.001251220703125, 11.609238902764663
2334, 158.32421875, -364.49017333984375, 0.0, 0.8500001430511475, 0.0, -1.9746402502059937, 11.648400135890178
2335, 158.57276916503906, -364.4992370605469, 0.0, 0.8000001907348633, 0.0, -1.9488831758499146, 11.692781990490746
2336, 158.80784606933594, -364.5076904296875, 0.0, 0.7500002384185791, 0.0, -1.9273988008499146, 11.734601892374311
2337, 159.05165100097656, -364.5163879394531, 0.0, 0.725000262260437, 0.0, -1.907684087753296, 11.776631293188734
2338, 159.29771423339844, -364.525146484375, 0.0, 0.6750003099441528, 0.0, -1.890106201171875, 11.816909733899541
2339, 159.5248260498047, -364.5331115722656, 0.0, 0.6250003576278687, 0.0, -1.8757939338684082, 11.85144568263206
2340, 159.7574462890625, -364.5411682128906, 0.0, 0.5750004053115845, 0.0, -1.8627017736434937, 11.883162125938581
2341, 160.00631713867188, -364.54974365234375, 0.0, 0.5250004529953003, 0.0, -1.8501893281936646, 11.911796892739803
2342, 160.2548065185547, -364.5581970214844, 0.0, 0.4750004708766937, 0.0, -1.839111328125, 11.934650630444855
2343, 160.51426696777344, -364.56695556640625, 0.0, 0.42500045895576477, 0.0, -1.8289490938186646, 11.951841283302693
2344, 160.75770568847656, -364.5751037597656, 0.0, 0.3750004470348358, 0.0, -1.8205262422561646, 11.961232106117972
2345, 160.99037170410156, -364.5828552246094, 0.0, 0.32500043511390686, 0.0, -1.81353759765625, 11.964277242079811
2346, 161.22422790527344, -364.590576171875, 0.0, 0.3000004291534424, 0.0, -1.8073731660842896, 11.960787973339682
2347, 161.46839904785156, -364.5986328125, 0.0, 0.2500004172325134, 0.0, -1.8016968965530396, 11.950006038773193
2348, 161.720703125, -364.6068420410156, 0.0, 0.20000040531158447, 0.0, -1.796691656112671, 11.931689734373885
2349, 161.96710205078125, -364.61480712890625, 0.0, 0.12500038743019104, 0.0, -1.7925108671188354, 11.906380744837797
2350, 162.21148681640625, -364.6226806640625, 0.0, 0.10000038892030716, 0.0, -1.7890321016311646, 11.873761695811982
2351, 162.44476318359375, -364.6301574707031, 0.0, 0.02500039152801037, 0.0, -1.78631591796875, 11.836375283232167
2352, 162.66685485839844, -364.6371765136719, 0.0, -0.02499960921704769, 0.0, -1.7842406034469604, 11.794296438117835
2353, 162.91200256347656, -364.64495849609375, 0.0, 0.0, 0.0, -1.782440185546875, 11.741075213687642
2354, 163.15866088867188, -364.6527404785156, 0.0, 0.0, 0.0, -1.781128168106079, 11.681931316455135
2355, 163.3950958251953, -364.66009521484375, 0.0038197184912860394, 0.0, 0.0, -1.778747320175171, 11.620923736320009
2356, 163.64059448242188, -364.6676025390625, 0.007639436982572079, 0.0, 0.0, -1.772613525390625, 11.553944720597833
2357, 163.86476135253906, -364.6742858886719, 0.009549296461045742, 0.0, 0.0, -1.7624207735061646, 11.490231374747298
2358, 164.10169982910156, -364.68115234375, 0.010822535492479801, 0.0, 0.0, -1.7470704317092896, 11.420481625082038
2359, 164.33078002929688, -364.6876525878906, 0.009549295529723167, 0.0, 0.0, -1.728302001953125, 11.351234871713036
2360, 164.55775451660156, -364.6940002441406, 0.008276054635643959, 0.0, 0.0, -1.7070924043655396, 11.281178531020405
2361, 164.79592895507812, -364.7005310058594, 0.0070028156042099, 0.0, 0.0, -1.68316650390625, 11.206383274522244
2362, 165.02952575683594, -364.7069091796875, 0.0057295761071145535, 0.0, 0.0, -1.659027099609375, 11.131970330690644
2363, 165.23590087890625, -364.7124938964844, 0.004456337075680494, 0.0, 0.0, -1.6380006074905396, 11.06550153169093
2364, 165.44973754882812, -364.71826171875, 0.003183097345754504, 0.0, 0.0, -1.617156982421875, 10.996002606701062
2365, 165.6747283935547, -364.7243347167969, 0.0025464773643761873, 0.0, 0.0, -1.5965576171875, 10.92236156404952
2366, 165.8974609375, -364.7303771972656, 0.0, 0.0, 0.0, -1.57861328125, 10.848988905003473
2367, 166.11097717285156, -364.7362365722656, 0.0, 0.0, 0.0, -1.5641480684280396, 10.778262895847664
2368, 166.3216552734375, -364.7419738769531, 0.0, 0.0, 0.0, -1.5520018339157104, 10.708179051585928
2369, 166.53201293945312, -364.7477111816406, 0.0, 0.0, 0.0, -1.541748046875, 10.637965454282655
2370, 166.75155639648438, -364.7536926269531, 0.0, 0.0, 0.0, -1.532684326171875, 10.564512449818649
2371, 166.9876708984375, -364.7601013183594, 0.0, 0.0, 0.0, -1.52471923828125, 10.48530201087888
2372, 167.2048797607422, -364.7659606933594, 0.0, 0.0, 0.0, -1.518798828125, 10.412286726613745
2373, 167.41610717773438, -364.77166748046875, 0.0, 0.0, 0.0, -1.5141600370407104, 10.341159153654948
2374, 167.61460876464844, -364.7770080566406, 0.0, 0.0, 0.0, -1.510772705078125, 10.274159815051515
2375, 167.8180694580078, -364.78240966796875, 0.0, 0.0, 0.0, -1.5080872774124146, 10.20540519818966
2376, 168.0283966064453, -364.7880859375, 0.0, 0.0, 0.0, -1.5060120820999146, 10.134320764649472
2377, 168.2362060546875, -364.7935791015625, 0.0, 0.0, 0.0, -1.504608392715454, 10.064016898524368
2378, 168.44847106933594, -364.7992248535156, 0.0, 0.0, 0.0, -1.503753662109375, 9.99213530186083
2379, 168.65582275390625, -364.8046875, 0.0019098592456430197, 0.0, 0.0, -1.502594232559204, 9.921862969083845
2380, 168.85784912109375, -364.8099060058594, 0.005729577504098415, 0.0, 0.0, -1.4991148710250854, 9.853328139955288
2381, 169.04373168945312, -364.8145751953125, 0.009549296461045742, 0.0, 0.0, -1.491760492324829, 9.79016273407753
2382, 169.2405242919922, -364.8192443847656, 0.013369014486670494, 0.0, 0.0, -1.4784241914749146, 9.723267217598252
2383, 169.44154357910156, -364.8238220214844, 0.01718873344361782, 0.0, 0.0, -1.4569398164749146, 9.654835730046441
2384, 169.63917541503906, -364.8279724121094, 0.021008450537919998, 0.0, 0.0, -1.42681884765625, 9.587467874265702
2385, 169.83702087402344, -364.831787109375, 0.019735213369131088, 0.0, 0.0, -1.388580322265625, 9.520026804024136
2386, 170.02865600585938, -364.83526611328125, 0.01846197433769703, 0.0, 0.0, -1.34564208984375, 9.454732341663702
2387, 170.21920776367188, -364.838623046875, 0.01718873716890812, 0.0, 0.0, -1.298675537109375, 9.389786989927858
2388, 170.41567993164062, -364.8419494628906, 0.01591549813747406, 0.0, 0.0, -1.2472227811813354, 9.322831430287804
2389, 170.59848022460938, -364.8448791503906, 0.015278877690434456, 0.0, 0.0, -1.1972960233688354, 9.260469865520788
2390, 170.80126953125, -364.8479919433594, 0.014005637727677822, 0.0, 0.0, -1.1408690214157104, 9.191355093874074
2391, 170.98731994628906, -364.8507995605469, 0.012732397764921188, 0.0, 0.0, -1.088989019393921, 9.127942590154115
2392, 171.15980529785156, -364.8533630371094, 0.01145915687084198, 0.0, 0.0, -1.04156494140625, 9.069104884333878
2393, 171.33831787109375, -364.8559265136719, 0.009549297392368317, 0.0, 0.0, -0.9940795302391052, 9.00819083904888
2394, 171.52072143554688, -364.8585205078125, 0.008276056498289108, 0.0, 0.0, -0.9477235078811646, 8.946010092329791
2395, 171.70774841308594, -364.861083984375, 0.007002817466855049, 0.0, 0.0, -0.9030455946922302, 8.882223950988314
2396, 171.8856964111328, -364.8634948730469, 0.005729577969759703, 0.0, 0.0, -0.8635557889938354, 8.821518344904133
2397, 172.06784057617188, -364.8659973144531, 0.0044563389383256435, 0.0, 0.0, -0.8266600966453552, 8.759360383839313
2398, 172.23666381835938, -364.8682861328125, 0.0038197189569473267, 0.0, 0.02500000037252903, -0.79583740234375, 8.702173084227594
2399, 172.40850830078125, -364.87054443359375, 0.0025464792270213366, 0.0, 0.07500000298023224, -0.76788330078125, 8.643486281895543
2400, 172.58706665039062, -364.8728942871094, 0.00127323972992599, 0.0, 0.125, -0.7424010038375854, 8.581701338912815
2401, 172.7628936767578, -364.8752136230469, 0.0, 0.0, 0.17500001192092896, -0.72137451171875, 8.519789618481502
2402, 172.9412841796875, -364.8775329589844, 0.0, 0.0, 0.2250000238418579, -0.70379638671875, 8.455687606495808
2403, 173.1183624267578, -364.8797912597656, 0.0, 0.0, 0.30000004172325134, -0.6895446181297302, 8.390568801672677
2404, 173.29220581054688, -364.88201904296875, 0.0, 0.0, 0.3500000536441803, -0.678192138671875, 8.324903894751271
2405, 173.45423889160156, -364.8840637207031, 0.0, 0.0, 0.3750000596046448, -0.6697387099266052, 8.262175338693494
2406, 173.61241149902344, -364.8860168457031, 0.0, 0.0, 0.3750000596046448, -0.6630553007125854, 8.199660591906145
2407, 173.77828979492188, -364.8880310058594, 0.0, 0.0, 0.3250000476837158, -0.65740966796875, 8.133241850500061
2408, 173.9443359375, -364.8900451660156, 0.0019098592456430197, 0.0, 0.27500003576278687, -0.6521912217140198, 8.066492218359844
2409, 174.11802673339844, -364.8919372558594, 0.005729577504098415, 0.0, 0.2250000238418579, -0.6449888944625854, 7.996871323083006
2410, 174.2777099609375, -364.8935546875, 0.009549296461045742, 0.0, 0.17500001192092896, -0.6347351670265198, 7.933417063665049
2411, 174.4269256591797, -364.89483642578125, 0.013369014486670494, 0.0, 0.125, -0.6199950575828552, 7.874720433764973
2412, 174.58642578125, -364.89599609375, 0.015278873965144157, 0.0, 0.10000000149011612, -0.5987548232078552, 7.813044917193973
2413, 174.74766540527344, -364.89703369140625, 0.014005634002387524, 0.0, 0.05000000447034836, -0.5722656846046448, 7.751809267010951
2414, 174.90834045410156, -364.89788818359375, 0.01273239403963089, 0.0, 4.0978194171259474e-09, -0.5424193143844604, 7.692094844210282
2415, 175.06573486328125, -364.89862060546875, 0.011459153145551682, 0.0, 0.0, -0.511199951171875, 7.634178059955425
2416, 175.21197509765625, -364.8992614746094, 0.010185913182795048, 0.0, 0.0, -0.48138427734375, 7.581218362852712
2417, 175.36448669433594, -364.89990234375, 0.00827605277299881, 0.0, 0.0, -0.45065298676490784, 7.52682508489271
2418, 175.52218627929688, -364.9006042480469, 0.007002813741564751, 0.02500000037252903, 0.0, -0.4201049208641052, 7.472094256670322
2419, 175.67202758789062, -364.9012451171875, 0.005729574244469404, 0.07500000298023224, 0.0, -0.3928222358226776, 7.421709025610234
2420, 175.82183837890625, -364.90185546875, 0.004456335213035345, 0.125, 0.0, -0.3677062690258026, 7.3742972434286775
2421, 175.9762420654297, -364.9025573730469, 0.003819715231657028, 0.15000000596046448, 0.0, -0.344268798828125, 7.32939135302219
2422, 176.11691284179688, -364.9031982421875, 0.002546475501731038, 0.20000001788139343, 0.0, -0.32543933391571045, 7.291981668085395
2423, 176.25450134277344, -364.90386962890625, 0.0, 0.20000001788139343, 0.0, -0.3100890815258026, 7.2592865323889315
2424, 176.4054412841797, -364.90460205078125, 0.0, 0.15000000596046448, 0.0, -0.2963561713695526, 7.226073897973178
2425, 176.5541534423828, -364.9053039550781, 0.0038197184912860394, 0.10000000149011612, 0.0, -0.2838744819164276, 7.193150715510226
2426, 176.69247436523438, -364.9058837890625, 0.005729577504098415, 0.07500000298023224, 0.0, -0.27154541015625, 7.161076387665291
2427, 176.82823181152344, -364.90631103515625, 0.009549296461045742, 0.02500000409781933, 0.0, -0.25701895356178284, 7.127420825231877
2428, 176.9771270751953, -364.90655517578125, 0.012732394970953465, 0.0, 0.0, -0.2370300143957138, 7.086358214315816
2429, 177.1227264404297, -364.9066467285156, 0.011459154076874256, 0.0, 0.0, -0.21392817795276642, 7.043225226657975
2430, 177.26475524902344, -364.9066467285156, 0.010185914114117622, 0.0, 0.0, -0.1894225925207138, 6.999143631048005
2431, 177.4098663330078, -364.9065246582031, 0.008912674151360989, 0.0, 0.0, -0.1635436862707138, 6.952660398273381
2432, 177.54293823242188, -364.90643310546875, 0.007639434188604355, 0.0, 0.0, -0.1399230808019638, 6.9091037945126486
2433, 177.67333984375, -364.90631103515625, 0.007002814672887325, 0.0, 0.0, -0.1173400953412056, 6.865779794422693
2434, 177.81881713867188, -364.90618896484375, 0.005729575175791979, 0.05000000074505806, 0.0, -0.0932922288775444, 6.818183653445537
2435, 177.958740234375, -364.9060974121094, 0.00445633614435792, 0.10000000149011612, 0.0, -0.0718994066119194, 6.774284653679085
2436, 178.09657287597656, -364.9059143066406, 0.0031830964144319296, 0.15000000596046448, 0.0, -0.0529785081744194, 6.734308763105025
2437, 178.22657775878906, -364.9058532714844, 0.0019098566845059395, 0.20000001788139343, 0.0, -0.0376281775534153, 6.700297753973934
2438, 178.35525512695312, -364.9058532714844, 0.0019098566845059395, 0.20000001788139343, 0.0, -0.02526855282485485, 6.671342625640693
2439, 178.4975128173828, -364.9058532714844, 0.0, 0.30000004172325134, 0.0, -0.01431274227797985, 6.6456967117906105
2440, 178.6322479248047, -364.9058532714844, 0.0, 0.3250000476837158, 0.0, -0.006195067893713713, 6.627178307578028
2441, 178.7698974609375, -364.9059143066406, 0.0, 0.27500003576278687, 0.0, 0.0002948461042251438, 6.612085593250997
2442, 178.90765380859375, -364.9059753417969, 0.0, 0.2250000238418579, 0.0, 0.005344931036233902, 6.597498549784895
2443, 179.03756713867188, -364.906005859375, 0.0, 0.17500001192092896, 0.0, 0.005344931036233902, 6.5822778703749565
2444, 179.16470336914062, -364.9059143066406, 0.005729577504098415, 0.10000000149011612, 0.0, 0.014190972782671452, 6.564171416935776
2445, 179.3012237548828, -364.90570068359375, 0.009549296461045742, 0.05000000447034836, 0.0, 0.023766841739416122, 6.538927452218765
2446, 179.43316650390625, -364.9052734375, 0.010822535492479801, 4.0978194171259474e-09, 0.0, 0.03725932165980339, 6.509162911327801
2447, 179.5619354248047, -364.90478515625, 0.009549295529723167, 0.0, 0.0, 0.05361203849315643, 6.475182973266026
2448, 179.68565368652344, -364.9042053222656, 0.008276054635643959, 0.0, 0.0, 0.0705181136727333, 6.4396482622672835
2449, 179.80523681640625, -364.90362548828125, 0.0076394351199269295, 0.0, 0.0, 0.0870266705751419, 6.403125052810798
2450, 179.9340057373047, -364.9029846191406, 0.00636619608849287, 0.0, 0.0, 0.10749979317188263, 6.361270024911392
2451, 180.0687713623047, -364.9023742675781, 0.005092956591397524, 0.0, 0.0, 0.1255449652671814, 6.317796379301216
2452, 180.19064331054688, -364.90179443359375, 0.0038197170943021774, 0.0, 0.0, 0.1398925930261612, 6.275607806144743
2453, 180.31065368652344, -364.9012451171875, 0.0025464773643761873, 0.05000000074505806, 0.0, 0.15356174111366272, 6.2278811280004085
2454, 180.43081665039062, -364.90069580078125, 0.0, 0.10000000149011612, 0.0, 0.1640695184469223, 6.181238463746364
2455, 180.55670166015625, -364.9002685546875, 0.0, 0.125, 0.0, 0.17552119493484497, 6.146929352530322
2456, 180.6800994873047, -364.89984130859375, 0.0, 0.17500001192092896, 0.0, 0.1803414672613144, 6.120425290397437
2457, 180.79751586914062, -364.89935302734375, 0.0, 0.2250000238418579, 0.0, 0.18237817287445068, 6.095685211858853
2458, 180.91172790527344, -364.8990173339844, 0.0, 0.27500003576278687, 0.0, 0.18516863882541656, 6.06451242438459
2459, 181.034912109375, -364.89862060546875, 0.0, 0.3250000476837158, 0.0, 0.19162164628505707, 6.0441401943613196
2460, 181.16043090820312, -364.8981628417969, 0.0019098592456430197, 0.3750000596046448, 0.0, 0.19317175447940826, 6.0365203833686785
2461, 181.28488159179688, -364.89764404296875, 0.005729577504098415, 0.42500007152557373, 0.0, 0.20067475736141205, 6.033485942237149
2462, 181.40634155273438, -364.89703369140625, 0.007639436982572079, 0.40000006556510925, 0.0, 0.20753061771392822, 6.035179176821555
2463, 181.52389526367188, -364.8962097167969, 0.013369014486670494, 0.3250000476837158, 0.0, 0.21830016374588013, 6.035352102256822
2464, 181.6438751220703, -364.8951721191406, 0.01718873344361782, 0.27500003576278687, 0.0, 0.23595492541790009, 6.015807119120136
2465, 181.76841735839844, -364.89398193359375, 0.021008450537919998, 0.2250000238418579, 0.0, 0.267004132270813, 6.00541648518142
2466, 181.89561462402344, -364.892333984375, 0.024828169494867325, 0.17500001192092896, 0.0, 0.3020213842391968, 6.004511837950743
2467, 182.01901245117188, -364.8905029296875, 0.02864788845181465, 0.125, 0.0, 0.3489881455898285, 5.997010413108318
2468, 182.13430786132812, -364.8885803222656, 0.02737465128302574, 0.07500000298023224, 0.0, 0.40067264437675476, 5.981909812245492
2469, 182.24771118164062, -364.8865051269531, 0.026738030835986137, 0.05000000447034836, 0.0, 0.45354411005973816, 5.949559646811339
2470, 182.37136840820312, -364.8841247558594, 0.025464793667197227, 0.10000000149011612, 0.0, 0.5096525549888611, 5.923410274838197
2471, 182.49325561523438, -364.8817443847656, 0.02419155463576317, 0.15000000596046448, 0.0, 0.5726831555366516, 5.903295937343066
2472, 182.6107635498047, -364.87933349609375, 0.02291831560432911, 0.20000001788139343, 0.0, 0.6358804106712341, 5.879447981263904
2473, 182.7267608642578, -364.87689208984375, 0.0216450784355402, 0.2500000298023224, 0.0, 0.695076584815979, 5.840094144401429
2474, 182.8369140625, -364.87451171875, 0.02037183940410614, 0.30000004172325134, 0.0, 0.7503871917724609, 5.806176518609699
2475, 182.9539031982422, -364.8719482421875, 0.01909860223531723, 0.3500000536441803, 0.0, 0.8047112822532654, 5.797704088512693
2476, 183.07774353027344, -364.8691711425781, 0.01782536320388317, 0.40000006556510925, 0.0, 0.8657900094985962, 5.801890160954404
2477, 183.19659423828125, -364.8664245605469, 0.016552124172449112, 0.4500000774860382, 0.0, 0.9172337651252747, 5.808250278817473
2478, 183.30995178222656, -364.86376953125, 0.015278885141015053, 0.5000000596046448, 0.0, 0.9626989960670471, 5.8122383388009595
2479, 183.4207305908203, -364.8612060546875, 0.014005645178258419, 0.550000011920929, 0.0, 1.0077221393585205, 5.7954819534616515
2480, 183.54090881347656, -364.85845947265625, 0.012732405215501785, 0.5999999642372131, 0.0, 1.0585521459579468, 5.806286432493059
2481, 183.65919494628906, -364.8556213378906, 0.012095784768462181, 0.6249999403953552, 0.0, 1.1006790399551392, 5.842754451120701
2482, 183.77911376953125, -364.8528137207031, 0.010822544805705547, 0.574999988079071, 0.0, 1.1430230140686035, 5.883863092861288
2483, 183.89447021484375, -364.84991455078125, 0.014642263762652874, 0.5250000357627869, 0.0, 1.1831587553024292, 5.919001014655809
2484, 184.0082244873047, -364.84698486328125, 0.018461981788277626, 0.4750000536441803, 0.0, 1.225162386894226, 5.935586052445258
2485, 184.130126953125, -364.8435363769531, 0.022281700745224953, 0.42500004172325134, 0.0, 1.267605185508728, 5.950198920806989
2486, 184.25677490234375, -364.8397521972656, 0.025464801117777824, 0.3500000238418579, 0.0, 1.3215439319610596, 5.975146211419361
2487, 184.3820037841797, -364.8357238769531, 0.024191562086343765, 0.30000001192092896, 0.0, 1.3754054307937622, 5.993275110776013
2488, 184.49313354492188, -364.83197021484375, 0.022918324917554855, 0.25, 0.0, 1.4248157739639282, 6.000822721666911
2489, 184.6065216064453, -364.82806396484375, 0.02228170447051525, 0.22499999403953552, 0.0, 1.4763777256011963, 5.988765587967279
2490, 184.73255920410156, -364.8236999511719, 0.02100846730172634, 0.2750000059604645, 0.0, 1.5402508974075317, 5.9789871089174556
2491, 184.85855102539062, -364.8191833496094, 0.019735228270292282, 0.32500001788139343, 0.0, 1.5975749492645264, 5.980589000796277
2492, 184.97911071777344, -364.81488037109375, 0.018461989238858223, 0.3750000298023224, 0.0, 1.6554216146469116, 5.983114346907679
2493, 185.10813903808594, -364.81011962890625, 0.017188752070069313, 0.42500004172325134, 0.0, 1.711275577545166, 5.988224108259474
2494, 185.2249298095703, -364.80572509765625, 0.01655213162302971, 0.4500000476837158, 0.0, 1.7588964700698853, 5.989154509099063
2495, 185.3406524658203, -364.8013610839844, 0.01464227307587862, 0.5250000357627869, 0.0, 1.806208848953247, 5.97196782031956
2496, 185.46424865722656, -364.7967529296875, 0.013369033113121986, 0.4750000536441803, 0.0, 1.859021782875061, 5.97749177533927
2497, 185.58949279785156, -364.7919921875, 0.012095792219042778, 0.42500004172325134, 0.0, 1.9043471813201904, 6.002023124070023
2498, 185.71311950683594, -364.78729248046875, 0.010822552256286144, 0.3750000298023224, 0.0, 1.948971152305603, 6.023696673883461
2499, 185.83761596679688, -364.78253173828125, 0.00954931229352951, 0.32500001788139343, 0.0, 1.9878472089767456, 6.0406234186797425
2500, 185.96038818359375, -364.77777099609375, 0.008912691846489906, 0.30000001192092896, 0.0, 2.025402784347534, 6.0510698659231785
2501, 186.07843017578125, -364.773193359375, 0.00763945234939456, 0.25, 0.0, 2.0595474243164062, 6.054285142495084
2502, 186.20591735839844, -364.7682189941406, 0.006366212852299213, 0.19999998807907104, 0.0, 2.087948799133301, 6.046620039271725
2503, 186.32867431640625, -364.7635192871094, 0.005092973820865154, 0.1499999761581421, 0.0, 2.11700177192688, 6.039044459636349
2504, 186.4524383544922, -364.7586975097656, 0.003819734090939164, 0.09999997913837433, 0.0, 2.139028310775757, 6.027123903119259
2505, 186.57460021972656, -364.7540283203125, 0.002546494361013174, 0.09999997913837433, 0.0, 2.1610560417175293, 6.009877248827399
2506, 186.691162109375, -364.74957275390625, 0.0, 0.17499998211860657, 0.0, 2.1795613765716553, 5.988253073282903
2507, 186.80349731445312, -364.7452697753906, 0.0, 0.19999998807907104, 0.0, 2.192192792892456, 5.9556835596265625
2508, 186.9276580810547, -364.74053955078125, 0.0, 0.25, 0.0, 2.1990647315979004, 5.932820513621237
2509, 187.05528259277344, -364.7357482910156, 0.0, 0.30000001192092896, 0.0, 2.2100343704223633, 5.919962190583585
2510, 187.17874145507812, -364.73095703125, 0.0, 0.3500000238418579, 0.0, 2.213531970977783, 5.910665087025009
2511, 187.30238342285156, -364.7262268066406, 0.0, 0.40000003576278687, 0.0, 2.2206873893737793, 5.9059884390532105
2512, 187.42013549804688, -364.7218017578125, 0.0, 0.40000003576278687, 0.0, 2.227823495864868, 5.89911097682843
2513, 187.5340118408203, -364.7173767089844, 0.0019098592456430197, 0.3500000238418579, 0.0, 2.2313599586486816, 5.873384912921556
2514, 187.6565399169922, -364.7124938964844, 0.005729577504098415, 0.30000001192092896, 0.0, 2.2328922748565674, 5.870023936270231
2515, 187.77935791015625, -364.7074890136719, 0.009549296461045742, 0.25, 0.0, 2.2442660331726074, 5.878154701696405
2516, 187.90074157714844, -364.70233154296875, 0.013369014486670494, 0.19999998807907104, 0.0, 2.256453275680542, 5.881129780241758
2517, 188.02142333984375, -364.697021484375, 0.01718873344361782, 0.1499999761581421, 0.0, 2.279254674911499, 5.877807400414706
2518, 188.1548614501953, -364.6907653808594, 0.021008450537919998, 0.09999997913837433, 0.0, 2.3076705932617188, 5.864888104206662
2519, 188.2659149169922, -364.6853332519531, 0.02291831001639366, 0.07499998062849045, 0.0, 2.3380861282348633, 5.842357097821009
2520, 188.37599182128906, -364.6798095703125, 0.02864788845181465, -1.8253922817734747e-08, 0.0, 2.3775291442871094, 5.805423303973776
2521, 188.49713134765625, -364.6734619140625, 0.03246760740876198, 0.0, 0.0, 2.433835029602051, 5.774454601485364
2522, 188.62294006347656, -364.66650390625, 0.036287322640419006, 0.0, 0.0, 2.495396375656128, 5.7459069336732815
2523, 188.73948669433594, -364.6597595214844, 0.040107037872076035, 0.0, 0.0, 2.568079710006714, 5.714678959676551
2524, 188.85777282714844, -364.6524963378906, 0.04392675310373306, 0.0, 0.0, 2.645779848098755, 5.681645923395673
2525, 188.979736328125, -364.6446838378906, 0.04774646833539009, 0.0, 0.0, 2.7428479194641113, 5.643133711994981
2526, 189.08946228027344, -364.63726806640625, 0.05156618356704712, 0.0, 0.0, 2.840677261352539, 5.601232244703579
2527, 189.1957244873047, -364.6297607421875, 0.053476039320230484, 0.0, 0.0, 2.9397165775299072, 5.54912963230606
2528, 189.31285095214844, -364.6211242675781, 0.05729575455188751, 0.0, 0.0, 3.0528759956359863, 5.509419578103054
2529, 189.42872619628906, -364.6121826171875, 0.06111546978354454, 0.0, 0.0, 3.18255352973938, 5.473978573800658
2530, 189.54452514648438, -364.6027526855469, 0.06493518501520157, 0.0, 0.0, 3.3147408962249756, 5.4378159059686375
2531, 189.66172790527344, -364.5928039550781, 0.0687548965215683, 0.0, 0.0, 3.467075824737549, 5.3970467318057995
2532, 189.772216796875, -364.5828857421875, 0.07257461547851562, 0.0, 0.0, 3.6126742362976074, 5.360504581257954
2533, 189.87576293945312, -364.5731506347656, 0.07639432698488235, 0.0, 0.0, 3.757739305496216, 5.319494326357342
2534, 189.97775268554688, -364.563232421875, 0.08021404594182968, 0.0, 0.0, 3.9140512943267822, 5.262857752839308
2535, 190.08888244628906, -364.55194091796875, 0.08403375744819641, 0.0, 0.0, 4.099704265594482, 5.219851158669216
2536, 190.19540405273438, -364.54052734375, 0.08785347640514374, 0.0, 0.0, 4.278587818145752, 5.189804442577947
2537, 190.30593872070312, -364.5283508300781, 0.08594361692667007, 0.0, 0.0, 4.480137348175049, 5.152552809148909
2538, 190.41357421875, -364.5159606933594, 0.08467037975788116, 0.0, 0.0, 4.6727447509765625, 5.117562233458294
2539, 190.52381896972656, -364.5029602050781, 0.08339714258909225, 0.0, 0.0, 4.883075714111328, 5.076601022867207
2540, 190.62843322753906, -364.49017333984375, 0.08212390542030334, 0.0, 0.0, 5.075387001037598, 5.04144440676317
2541, 190.72686767578125, -364.4778747558594, 0.08085066080093384, 0.0, 0.0, 5.256876468658447, 4.997500286156397
2542, 190.82533264160156, -364.4653015136719, 0.07957742363214493, 0.0, 0.0, 5.441617965698242, 4.968330874455399
2543, 190.9333038330078, -364.451171875, 0.07830418646335602, 0.0, 0.0, 5.642028331756592, 4.940262841492968
2544, 191.03643798828125, -364.4373779296875, 0.07703094929456711, 0.0, 0.0, 5.831257343292236, 4.909672064964376
2545, 191.13870239257812, -364.42333984375, 0.0757577121257782, 0.0, 0.0, 6.016587734222412, 4.877145517683347
2546, 191.24290466308594, -364.4088134765625, 0.07448447495698929, 0.0, 0.0, 6.202925205230713, 4.842636813364711
2547, 191.34234619140625, -364.3946533203125, 0.07321123778820038, 0.0, 0.0, 6.378353595733643, 4.80891281217716
2548, 191.4402313232422, -364.38037109375, 0.07257461547851562, 0.0, 0.0, 6.5488505363464355, 4.775234749573712
2549, 191.53610229492188, -364.3662109375, 0.07130137830972672, 0.0, 0.0, 6.713756084442139, 4.7419716210754315
2550, 191.6309356689453, -364.3518981933594, 0.07512108981609344, 0.0, 0.0, 6.876554012298584, 4.708717575092523
2551, 191.72288513183594, -364.3375244140625, 0.08085066080093384, 0.0, 0.0, 7.0372090339660645, 4.676108446727879
2552, 191.81935119628906, -364.3221130371094, 0.08467037975788116, 0.0, 0.0, 7.2101335525512695, 4.641718960852698
2553, 191.9193572998047, -364.30560302734375, 0.0884900912642479, 0.0, 0.0, 7.395500659942627, 4.605931506475736
2554, 192.01715087890625, -364.2889404296875, 0.09230981022119522, 0.0, 0.0, 7.583560466766357, 4.570818346845333
2555, 192.1119842529297, -364.2722473144531, 0.09612952172756195, 0.0, 0.0, 7.772970199584961, 4.536669559506762
2556, 192.2057647705078, -364.25531005859375, 0.09994924068450928, 0.0, 0.0, 7.967607498168945, 4.502814745701278
2557, 192.29995727539062, -364.2377014160156, 0.10376895219087601, 0.0, 0.0, 8.170920372009277, 4.468723800825875
2558, 192.3909912109375, -364.2201843261719, 0.10758867114782333, 0.0, 0.0, 8.375030517578125, 4.435711815096004
2559, 192.47970581054688, -364.2026062011719, 0.11140838265419006, 0.0, 0.0, 8.581527709960938, 4.403461283118533
2560, 192.5671844482422, -364.18475341796875, 0.11522810161113739, 0.0, 0.0, 8.792718887329102, 4.371585715644647
2561, 192.6619110107422, -364.1648864746094, 0.11904781311750412, 0.0, 0.0, 9.030170440673828, 4.337006917048286
2562, 192.75442504882812, -364.1448669433594, 0.12286753207445145, 0.0, 0.0, 9.27079963684082, 4.30317901108787
2563, 192.84664916992188, -364.12432861328125, 0.12668724358081818, 0.0, 0.0, 9.519582748413086, 4.26936767937615
2564, 192.93780517578125, -364.10345458984375, 0.1305069625377655, 0.0, 0.0, 9.774032592773438, 4.235891527988877
2565, 193.0314178466797, -364.08135986328125, 0.13432668149471283, 0.0, 0.0, 10.044384002685547, 4.201447130014238
2566, 193.12123107910156, -364.0595703125, 0.13814638555049896, 0.0, 0.0, 10.312232971191406, 4.168351740922216
2567, 193.20846557617188, -364.0377197265625, 0.1419661045074463, 0.0, 0.0, 10.580747604370117, 4.136160561663354
2568, 193.3000030517578, -364.01416015625, 0.14769567549228668, 0.0, 0.0, 10.872234344482422, 4.102221188677755
2569, 193.38674926757812, -363.99114990234375, 0.151515394449234, 0.0, 0.0, 11.15776538848877, 4.070074117192321
2570, 193.47630310058594, -363.96673583984375, 0.15533511340618134, 0.0, 0.0, 11.462040901184082, 4.036857126707354
2571, 193.56153869628906, -363.94287109375, 0.15915481746196747, 0.0, 0.0, 11.760363578796387, 4.005195323150626
2572, 193.6520233154297, -363.9167175292969, 0.16488438844680786, 0.0, 0.0, 12.087400436401367, 3.9713460776465372
2573, 193.7384796142578, -363.8910217285156, 0.1687041074037552, 0.0, 0.0, 12.409795761108398, 3.9389920175394106
2574, 193.8235321044922, -363.864990234375, 0.17252382636070251, 0.0, 0.0, 12.736262321472168, 3.907112752953711
2575, 193.90733337402344, -363.838623046875, 0.17634354531764984, 0.0, 0.0, 13.066811561584473, 3.875638000870896
2576, 193.9915008544922, -363.81146240234375, 0.18016324937343597, 0.0, 0.0, 13.407629013061523, 3.8439552300252577
2577, 194.07041931152344, -363.78533935546875, 0.1839829683303833, 0.0, 0.0, 13.73544692993164, 3.8141490552874067
2578, 194.15785217285156, -363.7555847167969, 0.18780268728733063, 0.0, 0.0, 14.108014106750488, 3.781074173898563
2579, 194.243896484375, -363.7254638671875, 0.19353225827217102, 0.0, 0.0, 14.48520278930664, 3.7482747026246783
2580, 194.3250274658203, -363.6961975097656, 0.1992618292570114, 0.0, 0.0, 14.851348876953125, 3.7171591107993556
2581, 194.40521240234375, -363.66656494140625, 0.20053507387638092, 0.0, 0.0, 15.22216510772705, 3.6866991243139524
2582, 194.48934936523438, -363.6346435546875, 0.20180830359458923, 0.02500000037252903, 0.0, 15.619073867797852, 3.6545370347568658
2583, 194.5687255859375, -363.6039123535156, 0.19989845156669617, 0.10000000149011612, 0.0, 15.998098373413086, 3.628318379812332
2584, 194.64881896972656, -363.57220458984375, 0.20117168128490448, 0.15000000596046448, 0.0, 16.383684158325195, 3.6083616664642815
2585, 194.72213745117188, -363.5426025390625, 0.19989845156669617, 0.20000001788139343, 0.0, 16.738384246826172, 3.596230122889662
2586, 194.79928588867188, -363.5109558105469, 0.20117168128490448, 0.2500000298023224, 0.0, 17.113075256347656, 3.5897297545409823
2587, 194.87391662597656, -363.4797668457031, 0.19989845156669617, 0.30000004172325134, 0.0, 17.476455688476562, 3.5898054543543925
2588, 194.95535278320312, -363.4450378417969, 0.20117168128490448, 0.3500000536441803, 0.0, 17.873933792114258, 3.596640947611597
2589, 195.03565979003906, -363.41015625, 0.20180830359458923, 0.42500007152557373, 0.0, 18.26753807067871, 3.6104428241893487
2590, 195.11572265625, -363.3746643066406, 0.20053507387638092, 0.4750000834465027, 0.0, 18.660306930541992, 3.6321057784553195
2591, 195.1941680908203, -363.3393249511719, 0.20180830359458923, 0.42500007152557373, 0.0, 19.046154022216797, 3.6564791530651912
2592, 195.26934814453125, -363.3049011230469, 0.20053507387638092, 0.3750000596046448, 0.0, 19.41642951965332, 3.6782234773397042
2593, 195.3483123779297, -363.26806640625, 0.20180830359458923, 0.3250000476837158, 0.0, 19.80660057067871, 3.6965600061342787
2594, 195.4333038330078, -363.2276916503906, 0.19989845156669617, 0.2500000298023224, 0.0, 20.227365493774414, 3.70938787323003
2595, 195.51255798339844, -363.1893615722656, 0.20117168128490448, 0.20000001788139343, 0.0, 20.62127685546875, 3.713705475077587
2596, 195.58999633789062, -363.15130615234375, 0.19989845156669617, 0.15000000596046448, 0.0, 21.00741195678711, 3.7114410795641404
2597, 195.6716766357422, -363.11041259765625, 0.19989845156669617, 0.05000000447034836, 0.0, 21.416366577148438, 3.700462249076528
2598, 195.74948120117188, -363.0707702636719, 0.20117168128490448, 4.0978194171259474e-09, 0.0, 21.80843162536621, 3.680661865730393
2599, 195.82681274414062, -363.03070068359375, 0.19989845156669617, 0.0, 0.0, 22.20016860961914, 3.656236643263807
2600, 195.89976501464844, -362.99224853515625, 0.20117168128490448, 0.0, 0.0, 22.571876525878906, 3.630172942832492
2601, 195.9755859375, -362.95166015625, 0.19989845156669617, 0.0, 0.0, 22.96010971069336, 3.6017307410906145
2602, 196.0569305419922, -362.9073791503906, 0.20053507387638092, 0.0, 0.0, 23.378870010375977, 3.5702288950808243
2603, 196.13192749023438, -362.86578369140625, 0.20180830359458923, 0.0, 0.0, 23.767642974853516, 3.540636881132801
2604, 196.2055206298828, -362.8243408203125, 0.20053507387638092, 0.0, 0.0, 24.15085220336914, 3.5115399789712223
2605, 196.27452087402344, -362.7848205566406, 0.20180830359458923, 0.0, 0.0, 24.512174606323242, 3.4839668952684812
2606, 196.34481811523438, -362.7439880371094, 0.19989845156669617, 0.0, 0.0, 24.881637573242188, 3.455947600263624
2607, 196.41908264160156, -362.7001037597656, 0.20117168128490448, 0.0, 0.0, 25.27373504638672, 3.4260449953345504
2608, 196.49473571777344, -362.6547546386719, 0.19989845156669617, 0.0, 0.0, 25.67460060119629, 3.395602412560066
2609, 196.56336975097656, -362.6129455566406, 0.20053507387638092, 0.02500000037252903, 0.0, 26.039976119995117, 3.3659543238833427
2610, 196.6299591064453, -362.5717468261719, 0.20117168128490448, 0.10000000149011612, 0.0, 26.396240234375, 3.341784416407274
2611, 196.69659423828125, -362.5299987792969, 0.19989845156669617, 0.15000000596046448, 0.0, 26.75360107421875, 3.3246976211532577
2612, 196.7673797607422, -362.4849853515625, 0.20117168128490448, 0.20000001788139343, 0.0, 27.134429931640625, 3.313932044524781
2613, 196.8372802734375, -362.4397888183594, 0.20180830359458923, 0.27500003576278687, 0.0, 27.512577056884766, 3.3110063905856704
2614, 196.90696716308594, -362.3941650390625, 0.20053507387638092, 0.3250000476837158, 0.0, 27.890138626098633, 3.3167550481304544
2615, 196.972412109375, -362.35064697265625, 0.20180830359458923, 0.3750000596046448, 0.0, 28.2459716796875, 3.328697450236928
2616, 197.04345703125, -362.3027648925781, 0.19989845156669617, 0.40000006556510925, 0.0, 28.632566452026367, 3.347788807350175
2617, 197.11245727539062, -362.2555847167969, 0.20117168128490448, 0.3500000536441803, 0.0, 29.008962631225586, 3.3674005028893825
2618, 197.177978515625, -362.2102355957031, 0.19989845156669617, 0.30000004172325134, 0.0, 29.36739730834961, 3.383036645614289
2619, 197.2442169189453, -362.1637878417969, 0.20117168128490448, 0.2500000298023224, 0.0, 29.731399536132812, 3.3936491817187213
2620, 197.309326171875, -362.1174621582031, 0.20117168128490448, 0.2500000298023224, 0.0, 30.090721130371094, 3.398488040780836
2621, 197.3807830810547, -362.06597900390625, 0.20053507387638092, 0.125, 0.0, 30.48708724975586, 3.395582214699509
2622, 197.45022583007812, -362.01513671875, 0.20180830359458923, 0.07500000298023224, 0.0, 30.875715255737305, 3.3842924626591975
2623, 197.51788330078125, -361.96490478515625, 0.19989845156669617, 4.0978194171259474e-09, 0.0, 31.256723403930664, 3.365311252231553
2624, 197.5831756591797, -361.9158630371094, 0.20053507387638092, 0.0, 0.0, 31.626590728759766, 3.3431570275758444
2625, 197.64845275878906, -361.8660888671875, 0.20180830359458923, 0.0, 0.0, 31.999584197998047, 3.317470554864212
2626, 197.7126922607422, -361.81640625, 0.20053507387638092, 0.0, 0.0, 32.36905288696289, 3.290711697134591
2627, 197.77854919433594, -361.76470947265625, 0.20117168128490448, 0.0, 0.0, 32.75046920776367, 3.2623114945941247
2628, 197.83843994140625, -361.7171325683594, 0.19989845156669617, 0.0, 0.0, 33.09894561767578, 3.2361833216695826
2629, 197.90484619140625, -361.66363525390625, 0.20053507387638092, 0.0, 0.0, 33.487525939941406, 3.2067929392275247
2630, 197.96620178222656, -361.61346435546875, 0.20180830359458923, 0.02500000037252903, 0.0, 33.84962844848633, 3.1765842474284662
2631, 198.02520751953125, -361.5646057128906, 0.20053507387638092, 0.07500000298023224, 0.0, 34.19977569580078, 3.1528092098793383
2632, 198.08248901367188, -361.51654052734375, 0.20117168128490448, 0.15000000596046448, 0.0, 34.54121780395508, 3.135834334644815
2633, 198.1447296142578, -361.4637451171875, 0.19989845156669617, 0.20000001788139343, 0.0, 34.913021087646484, 3.1262656930962716
2634, 198.2021026611328, -361.4144592285156, 0.20117168128490448, 0.2500000298023224, 0.0, 35.25731658935547, 3.1244598695610524
2635, 198.2628631591797, -361.3616027832031, 0.19989845156669617, 0.30000004172325134, 0.0, 35.62275314331055, 3.1298331147788785
2636, 198.31976318359375, -361.3114318847656, 0.20053507387638092, 0.3750000596046448, 0.0, 35.966209411621094, 3.1415107271578586
2637, 198.38331604003906, -361.2546691894531, 0.20180830359458923, 0.42500007152557373, 0.0, 36.35188674926758, 3.1632596680749563
2638, 198.44345092773438, -361.2003173828125, 0.19989845156669617, 0.5000000596046448, 0.0, 36.717857360839844, 3.191772340421535
2639, 198.49954223632812, -361.14898681640625, 0.20117168128490448, 0.550000011920929, 0.0, 37.06022262573242, 3.2252817428308527
2640, 198.5613250732422, -361.09173583984375, 0.20180830359458923, 0.6249999403953552, 0.0, 37.43940353393555, 3.2696167238212523
2641, 198.62396240234375, -361.0329284667969, 0.19989845156669617, 0.6999998688697815, 0.0, 37.824623107910156, 3.323287730642654
2642, 198.68142700195312, -360.9783630371094, 0.20117168128490448, 0.7499998211860657, 0.0, 38.17905807495117, 3.3793723407584055
2643, 198.7428741455078, -360.9193420410156, 0.19989845156669617, 0.7999997735023499, 0.0, 38.55870819091797, 3.4456147010639264
2644, 198.80804443359375, -360.85589599609375, 0.20053507387638092, 0.8749997019767761, 0.0, 38.96266555786133, 3.5220695715378008
2645, 198.87120056152344, -360.7936096191406, 0.20180830359458923, 0.9249996542930603, 0.0, 39.35615539550781, 3.6023301596192336
2646, 198.9335174560547, -360.73138427734375, 0.20053507387638092, 0.9749996066093445, 0.0, 39.74584197998047, 3.6867483761819084
2647, 198.9974365234375, -360.6667785644531, 0.20117168128490448, 1.0, 0.0, 40.14737319946289, 3.777130076058089
2648, 199.06529235839844, -360.5972595214844, 0.19989845156669617, 1.0, 0.0, 40.5745849609375, 3.875147110140618
2649, 199.1349334716797, -360.52490234375, 0.20117168128490448, 1.0, 0.0, 41.01545333862305, 3.9757663250321573
2650, 199.20545959472656, -360.4506530761719, 0.20117168128490448, 1.0, 0.0, 41.46492385864258, 4.076177639042846
2651, 199.28033447265625, -360.37054443359375, 0.20053507387638092, 0.9250000715255737, 0.0, 41.94489669799805, 4.179073435182523
2652, 199.35264587402344, -360.2920227050781, 0.20180830359458923, 0.8750001192092896, 0.0, 42.41204071044922, 4.272761407532095
2653, 199.42384338378906, -360.2135314941406, 0.20180830359458923, 0.7750002145767212, 0.0, 42.87593078613281, 4.357708271802097
2654, 199.49462890625, -360.1343688964844, 0.20053507387638092, 0.725000262260437, 0.0, 43.340301513671875, 4.433680411891613
2655, 199.5721893310547, -360.0461730957031, 0.20180830359458923, 0.6750003099441528, 0.0, 43.85380935668945, 4.507239193544953
2656, 199.6473846435547, -359.9593811035156, 0.19989845156669617, 0.6000003814697266, 0.0, 44.355567932128906, 4.569551602115438
2657, 199.72203063964844, -359.8717041015625, 0.20117168128490448, 0.5500004291534424, 0.0, 44.85858154296875, 4.62205878057429
2658, 199.79757690429688, -359.7815246582031, 0.19989845156669617, 0.5000004768371582, 0.0, 45.37255859375, 4.666840497437722
2659, 199.87416076660156, -359.6884765625, 0.20053507387638092, 0.42500045895576477, 0.0, 45.89873504638672, 4.703124489724873
2660, 199.94973754882812, -359.5949401855469, 0.20180830359458923, 0.3750004470348358, 0.0, 46.42502212524414, 4.729424248022052
2661, 200.02243041992188, -359.50341796875, 0.20053507387638092, 0.32500043511390686, 0.0, 46.93726348876953, 4.746975487886937
2662, 200.10171508789062, -359.40167236328125, 0.20117168128490448, 0.2500004172325134, 0.0, 47.50307846069336, 4.756556149692137
2663, 200.17483520507812, -359.3060607910156, 0.19989845156669617, 0.17500039935112, 0.0, 48.0315055847168, 4.755292083044633
2664, 200.244873046875, -359.2127380371094, 0.19989845156669617, 0.10000038892030716, 0.0, 48.54378890991211, 4.744155975818846
2665, 200.3217315673828, -359.1082458496094, 0.20117168128490448, 0.0500003919005394, 0.0, 49.114810943603516, 4.720717150382308
2666, 200.39390563964844, -359.0080261230469, 0.20180830359458923, -0.02499960921704769, 0.0, 49.66053009033203, 4.690025287220611
2667, 200.46421813964844, -358.9084167480469, 0.20053507387638092, 0.0, 0.0, 50.200618743896484, 4.653602299633426
2668, 200.5343780517578, -358.8068542480469, 0.20180830359458923, 0.0, 0.0, 50.74871826171875, 4.61260221024758
2669, 200.59857177734375, -358.7120361328125, 0.19989845156669617, 0.0, 0.0, 51.257633209228516, 4.573240768202428
2670, 200.66595458984375, -358.6104736328125, 0.20117168128490448, 0.0, 0.0, 51.799949645996094, 4.53003086598494
2671, 200.7301788330078, -358.5114440917969, 0.20180830359458923, 0.0, 0.0, 52.32592010498047, 4.48761100930722
2672, 200.79052734375, -358.41644287109375, 0.20053507387638092, 0.0, 0.0, 52.82773971557617, 4.44750068272518
2673, 200.85108947753906, -358.3191223144531, 0.19862520694732666, 0.0, 0.0, 53.33769226074219, 4.40649660653617
2674, 200.9130859375, -358.2175598144531, 0.19862520694732666, 0.0, 0.0, 53.86512756347656, 4.363884017592877
2675, 200.97024536132812, -358.121826171875, 0.20053507387638092, 0.0, 0.0, 54.35973358154297, 4.32360198701404
2676, 201.02618408203125, -358.0261535644531, 0.20180830359458923, 0.0, 0.0, 54.853271484375, 4.2835672405609015
2677, 201.0836944580078, -357.925537109375, 0.20180830359458923, 0.0, 0.0, 55.37104797363281, 4.241827793370971
2678, 201.134521484375, -357.8346862792969, 0.20053507387638092, 0.0, 0.0, 55.83675003051758, 4.2045905019654715
2679, 201.1849365234375, -357.7427673339844, 0.20180830359458923, 0.0, 0.0, 56.3065071105957, 4.167160022992107
2680, 201.23532104492188, -357.6490173339844, 0.19989845156669617, 0.0, 0.0, 56.783355712890625, 4.129304750451686
2681, 201.2853240966797, -357.5540466308594, 0.20117168128490448, 0.0, 0.0, 57.26487731933594, 4.091206641814955
2682, 201.33079528808594, -357.4660339355469, 0.19989845156669617, 0.0, 0.0, 57.70929718017578, 4.0562274727807495
2683, 201.37991333007812, -357.3689270019531, 0.20053507387638092, 0.0, 0.0, 58.19768142700195, 4.017446389590178
2684, 201.42721557617188, -357.2732849121094, 0.20180830359458923, 0.0, 0.0, 58.67774200439453, 3.9794527804521174
2685, 201.47100830078125, -357.1828918457031, 0.20053507387638092, 0.0, 0.0, 59.13018035888672, 3.944099255719574
2686, 201.51919555664062, -357.0810852050781, 0.20117168128490448, 0.0, 0.0, 59.63812255859375, 3.904308603995858
2687, 201.56307983398438, -356.986328125, 0.20180830359458923, 0.0, 0.0, 60.11042022705078, 3.8673788650786367
2688, 201.6114044189453, -356.8794860839844, 0.20180830359458923, 0.0, 0.0, 60.64165496826172, 3.8259297094995977
2689, 201.65391540527344, -356.7831115722656, 0.20053507387638092, 0.0, 0.0, 61.118839263916016, 3.788917974292325
2690, 201.69078063964844, -356.69775390625, 0.20180830359458923, 0.0, 0.0, 61.54051971435547, 3.7561013872033078
2691, 201.72921752929688, -356.6069030761719, 0.19989845156669617, 0.0, 0.0, 61.98783493041992, 3.721500043737399
2692, 201.76478576660156, -356.52093505859375, 0.20117168128490448, 0.0, 0.0, 62.40967559814453, 3.688803033352155
2693, 201.7974395751953, -356.4403381347656, 0.20180830359458923, 0.0, 0.0, 62.804725646972656, 3.6580861416668164
2694, 201.83338928222656, -356.34954833984375, 0.20053507387638092, 0.0, 0.0, 63.24825668334961, 3.6238477931403543
2695, 201.86691284179688, -356.2630310058594, 0.20117168128490448, 0.0, 0.0, 63.66995620727539, 3.591296649391116
2696, 201.89732360839844, -356.18280029296875, 0.19989845156669617, 0.0, 0.0, 64.05968475341797, 3.5612353993292962
2697, 201.92819213867188, -356.0995178222656, 0.20117168128490448, 0.0, 0.0, 64.4633560180664, 3.529913286435047
2698, 201.96060180664062, -356.0099182128906, 0.20180830359458923, 0.0, 0.0, 64.89710998535156, 3.496405355493418
2699, 201.99072265625, -355.9246520996094, 0.20053507387638092, 0.0, 0.0, 65.30890655517578, 3.464737962841884
2700, 202.01809692382812, -355.8453063964844, 0.20180830359458923, 0.0, 0.0, 65.69163513183594, 3.4351833680877855
2701, 202.04737854003906, -355.75830078125, 0.20180830359458923, 0.0, 0.0, 66.11076354980469, 3.402918729965977
2702, 202.07579040527344, -355.6717224121094, 0.20053507387638092, 0.0, 0.0, 66.5268325805664, 3.370965004302824
2703, 202.1038055419922, -355.5842590332031, 0.20117168128490448, 0.02500000037252903, 0.0, 66.9461441040039, 3.336861147703985
2704, 202.13043212890625, -355.4989013671875, 0.19989845156669617, 0.07500000298023224, 0.0, 67.3533935546875, 3.309327090062717
2705, 202.1536407470703, -355.4226989746094, 0.20053507387638092, 0.15000000596046448, 0.0, 67.71598815917969, 3.2908003004994315
2706, 202.17706298828125, -355.3438720703125, 0.20180830359458923, 0.20000001788139343, 0.0, 68.09021759033203, 3.2796077183351153
2707, 202.20082092285156, -355.2619323730469, 0.20053507387638092, 0.2500000298023224, 0.0, 68.47806549072266, 3.276197404239469
2708, 202.2255096435547, -355.1746520996094, 0.19862520694732666, 0.3250000476837158, 0.0, 68.88790130615234, 3.2815041013525077
2709, 202.24905395507812, -355.0891418457031, 0.19735197722911835, 0.3750000596046448, 0.0, 69.28577423095703, 3.2955913812376068
2710, 202.271728515625, -355.0050048828125, 0.1954421103000641, 0.4500000774860382, 0.0, 69.67359161376953, 3.3173374542930234
2711, 202.2924041748047, -354.9264831542969, 0.19416888058185577, 0.5000000596046448, 0.0, 70.03176879882812, 3.345154443650385
2712, 202.3133087158203, -354.84521484375, 0.19289563596248627, 0.574999988079071, 0.0, 70.39879608154297, 3.3808549033032738
2713, 202.33810424804688, -354.7464294433594, 0.19034916162490845, 0.6499999165534973, 0.0, 70.83901977539062, 3.4346773220080618
2714, 202.3606719970703, -354.6542053222656, 0.18843930959701538, 0.7249998450279236, 0.0, 71.24446105957031, 3.494115696788506
2715, 202.3808135986328, -354.57000732421875, 0.18716606497764587, 0.7749997973442078, 0.0, 71.61062622070312, 3.555313675984593
2716, 202.40103149414062, -354.4834289550781, 0.18589282035827637, 0.8249997496604919, 0.0, 71.98283386230469, 3.623619845752227
2717, 202.42376708984375, -354.3833923339844, 0.1839829683303833, 0.8999996781349182, 0.0, 72.40737915039062, 3.7087998365791015
2718, 202.4456329345703, -354.28424072265625, 0.1827097237110138, 0.9499996304512024, 0.0, 72.82305908203125, 3.7995310445607147
2719, 202.46563720703125, -354.1912536621094, 0.18079987168312073, 0.9749996066093445, 0.0, 73.20870971679688, 3.8884804734668137
2720, 202.4868927001953, -354.0896911621094, 0.1769801527261734, 0.9249996542930603, 0.0, 73.62348937988281, 3.985705847763458
2721, 202.5108184814453, -353.9728088378906, 0.16743087768554688, 0.849999725818634, 0.0, 74.08782958984375, 4.092073261524482
2722, 202.53211975097656, -353.8669738769531, 0.15788158774375916, 0.7749997973442078, 0.0, 74.49339294433594, 4.180111404154855
2723, 202.55288696289062, -353.76202392578125, 0.151515394449234, 0.7249998450279236, 0.0, 74.88116455078125, 4.258526705337351
2724, 202.57431030273438, -353.6518249511719, 0.14514920115470886, 0.6749998927116394, 0.0, 75.27303314208984, 4.331895307941912
2725, 202.59814453125, -353.5269775390625, 0.13814638555049896, 0.5999999642372131, 0.0, 75.69831085205078, 4.403715695909057
2726, 202.61825561523438, -353.41900634765625, 0.13687315583229065, 0.550000011920929, 0.0, 76.0541000366211, 4.456105202357677
2727, 202.6396484375, -353.3009948730469, 0.1349632889032364, 0.4750000536441803, 0.0, 76.43307495117188, 4.50326803922858
2728, 202.6597442626953, -353.1865234375, 0.13369005918502808, 0.42500004172325134, 0.0, 76.7932357788086, 4.539177675358339
2729, 202.6795654296875, -353.0700378417969, 0.13178019225597382, 0.32500001788139343, 0.0, 77.15314483642578, 4.565379952202418
2730, 202.7000274658203, -352.9455871582031, 0.12987034022808075, 0.2750000059604645, 0.0, 77.53132629394531, 4.581215284644574
2731, 202.71896362304688, -352.8262939453125, 0.12796048820018768, 0.19999998807907104, 0.0, 77.8880386352539, 4.585571818899883
2732, 202.73675537109375, -352.71002197265625, 0.12668724358081818, 0.1499999761581421, 0.0, 78.23121643066406, 4.5800905093094535
2733, 202.75579833984375, -352.580810546875, 0.12477738410234451, 0.07499998062849045, 0.0, 78.6076889038086, 4.563179547484155
2734, 202.771484375, -352.47039794921875, 0.1235041469335556, 0.024999981746077538, 0.0, 78.92564392089844, 4.540058415559605
2735, 202.78802490234375, -352.3492431640625, 0.12159428745508194, 0.0, 0.0, 79.27066802978516, 4.506770293474717
2736, 202.8048553466797, -352.220703125, 0.12032105028629303, 0.0, 0.0, 79.63247680664062, 4.466310859093835
2737, 202.819091796875, -352.1070251464844, 0.11841119825839996, 0.0, 0.0, 79.9485092163086, 4.428456013686655
2738, 202.8328399658203, -351.9930419921875, 0.11713795363903046, 0.0, 0.0, 80.2618179321289, 4.389505814859073
2739, 202.8463592529297, -351.8760070800781, 0.11522810161113739, 0.0, 0.0, 80.5794448852539, 4.349056682697647
2740, 202.85899353027344, -351.7613525390625, 0.11395486444234848, 0.0, 0.0, 80.88661193847656, 4.309195117373326
2741, 202.8714599609375, -351.6412048339844, 0.12159428745508194, 0.0, 0.0, 81.2105941772461, 4.266647074521288
2742, 202.8817901611328, -351.5339660644531, 0.12541399896144867, 0.0, 0.0, 81.50457000732422, 4.228544594291883
2743, 202.89146423339844, -351.4256286621094, 0.129233717918396, 0.0, 0.0, 81.80807495117188, 4.189939765855394
2744, 202.90084838867188, -351.3098449707031, 0.1349632889032364, 0.05000000074505806, 0.0, 82.14183807373047, 4.151288625862807
2745, 202.9086151123047, -351.20306396484375, 0.14069285988807678, 0.125, 0.0, 82.45967864990234, 4.120467659440602
2746, 202.9154815673828, -351.0981140136719, 0.1419661045074463, 0.17500001192092896, 0.0, 82.7802505493164, 4.097883415642739
2747, 202.9220428466797, -350.9864501953125, 0.14005625247955322, 0.2500000298023224, 0.0, 83.12612915039062, 4.083142939272721
2748, 202.92774963378906, -350.87841796875, 0.13878300786018372, 0.30000004172325134, 0.0, 83.46235656738281, 4.0785273894801986
2749, 202.93243408203125, -350.780029296875, 0.1375097632408142, 0.3500000536441803, 0.0, 83.76827239990234, 4.081677978872954
2750, 202.93702697753906, -350.671875, 0.13559991121292114, 0.42500007152557373, 0.0, 84.10269927978516, 4.093341394046586
2751, 202.94114685058594, -350.5627136230469, 0.13432668149471283, 0.4750000834465027, 0.0, 84.43731689453125, 4.114154350828135
2752, 202.94493103027344, -350.44573974609375, 0.13241681456565857, 0.550000011920929, 0.0, 84.7920913696289, 4.145729085113259
2753, 202.94786071777344, -350.3386535644531, 0.13114358484745026, 0.5999999642372131, 0.0, 85.11300659179688, 4.1828558597862635
2754, 202.95025634765625, -350.2346496582031, 0.129233717918396, 0.6249999403953552, 0.0, 85.42113494873047, 4.224731106325877
2755, 202.95237731933594, -350.1170349121094, 0.12796048820018768, 0.574999988079071, 0.0, 85.76531982421875, 4.273927679337796
2756, 202.95391845703125, -350.00006103515625, 0.12605062127113342, 0.5000000596046448, 0.0, 86.1030044555664, 4.318876289576458
2757, 202.9548797607422, -349.8828125, 0.12477738410234451, 0.42500004172325134, 0.0, 86.43758392333984, 4.356017391180596
2758, 202.9552764892578, -349.7638244628906, 0.1222309097647667, 0.3500000238418579, 0.0, 86.77254486083984, 4.383791542729535
2759, 202.95509338378906, -349.6480407714844, 0.12095767259597778, 0.30000001192092896, 0.0, 87.0945816040039, 4.4011798444274275
2760, 202.954345703125, -349.52886962890625, 0.11904781311750412, 0.22499999403953552, 0.0, 87.42190551757812, 4.409196754826646
2761, 202.9529571533203, -349.4071350097656, 0.11777457594871521, 0.17499998211860657, 0.0, 87.7524185180664, 4.407136385441187
2762, 202.9509735107422, -349.28564453125, 0.11586471647024155, 0.09999997913837433, 0.0, 88.07832336425781, 4.395062544692061
2763, 202.9485626220703, -349.1715087890625, 0.11459147930145264, 0.04999998211860657, 0.0, 88.3813247680664, 4.374681541880653
2764, 202.9457550048828, -349.0592041015625, 0.10758867114782333, 0.0, 0.0, 88.67333221435547, 4.346698841562427
2765, 202.94241333007812, -348.9389343261719, 0.10122247785329819, 0.0, 0.0, 88.97566986083984, 4.310779841985685
2766, 202.93919372558594, -348.83013916015625, 0.09167318791151047, 0.0, 0.0, 89.23637390136719, 4.275821279159527
2767, 202.9357452392578, -348.71722412109375, 0.08530700206756592, 0.0, 0.0, 89.49188232421875, 4.238186770858041
2768, 202.93228149414062, -348.6061706542969, 0.07257461547851562, 0.0, 0.0, 89.72394561767578, 4.200678079502416
2769, 202.9285888671875, -348.486083984375, 0.06620842218399048, 0.0, 0.0, 89.95230865478516, 4.159612538371555
2770, 202.92518615722656, -348.37451171875, 0.05665912479162216, 0.0, 0.0, 90.14360809326172, 4.1212691158664025
2771, 202.92181396484375, -348.2626037597656, 0.05029292404651642, 0.0, 0.0, 90.31538391113281, 4.0826112891477315
2772, 202.91873168945312, -348.15753173828125, 0.0407436266541481, 0.0, 0.0, 90.45753479003906, 4.046294662103716
2773, 202.91566467285156, -348.04791259765625, 0.03437742590904236, 0.0, 0.0, 90.58588409423828, 4.008383935467475
2774, 202.91281127929688, -347.93878173828125, 0.024828128516674042, 0.0, 0.0, 90.69278717041016, 3.9705539276429165
2775, 202.91004943847656, -347.8254699707031, 0.018461929634213448, 0.0, 0.0, 90.78217315673828, 3.9312384809931875
2776, 202.90786743164062, -347.7239685058594, 0.008912633173167706, 0.0, 0.0, 90.84330749511719, 3.8960601846520744
2777, 202.90576171875, -347.619140625, 0.007639393676072359, 0.05000000074505806, 0.0, 90.89051055908203, 3.8618222893715606
2778, 202.90377807617188, -347.51593017578125, 0.005729534663259983, 0.125, 0.0, 90.92525482177734, 3.8337328114077205
2779, 202.90191650390625, -347.4173889160156, 0.004456295166164637, 0.17500001192092896, 0.0, 90.95027923583984, 3.814647993693866
2780, 202.90000915527344, -347.315185546875, 0.0025464356876909733, 0.2500000298023224, 0.0, 90.96924591064453, 3.8033963504916017
2781, 202.8982391357422, -347.21453857421875, 0.0, 0.30000004172325134, 0.0, 90.98145294189453, 3.8016625681700957
2782, 202.89649963378906, -347.1150817871094, 0.0, 0.40000006556510925, 0.0, 90.98906707763672, 3.808955457084527
2783, 202.89483642578125, -347.01959228515625, 0.0, 0.4500000774860382, 0.0, 90.9937515258789, 3.8258102089760353
2784, 202.89317321777344, -346.9220886230469, 0.0, 0.5000000596046448, 0.0, 90.99695587158203, 3.8510791025317284
2785, 202.89138793945312, -346.81884765625, 0.0, 0.574999988079071, 0.0, 90.999267578125, 3.885927027888203
2786, 202.88970947265625, -346.72216796875, 0.0, 0.6249999403953552, 0.0, 91.0008773803711, 3.9262368721669287
2787, 202.88772583007812, -346.60888671875, 0.0, 0.6999998688697815, 0.0, 91.00239562988281, 3.981997101268826
2788, 202.8856964111328, -346.4931945800781, 0.0, 0.7499998211860657, 0.0, 91.0037612915039, 4.047878496315695
2789, 202.88381958007812, -346.3851013183594, 0.0, 0.7499998211860657, 0.0, 91.00498962402344, 4.116380518380134
2790, 202.8818359375, -346.2702331542969, 0.0, 0.8749997019767761, 0.0, 91.0063247680664, 4.196548856873639
2791, 202.87985229492188, -346.1584167480469, 0.0, 0.9499996304512024, 0.0, 91.0076675415039, 4.280877389648903
2792, 202.8778839111328, -346.04486083984375, 0.0, 0.9999995827674866, 0.0, 91.00914764404297, 4.37285717785539
2793, 202.8759765625, -345.93463134765625, 0.0, 1.0, 0.0, 91.01065063476562, 4.465905929624724
2794, 202.87384033203125, -345.8130798339844, 0.0, 1.0, 0.0, 91.01244354248047, 4.569648806439622
2795, 202.87168884277344, -345.6896667480469, 0.0, 1.0, 0.0, 91.01428985595703, 4.674615309228979
2796, 202.86965942382812, -345.5732421875, 0.0, 1.0, 0.0, 91.0161361694336, 4.77259240629809
2797, 202.86729431152344, -345.4383850097656, 0.0, 1.0, 0.0, 91.01829528808594, 4.884177313020169
2798, 202.86509704589844, -345.31298828125, 0.0, 1.0, 0.0, 91.02031707763672, 4.986106754347405
2799, 202.86288452148438, -345.187255859375, 0.0, 0.9750000238418579, 0.0, 91.02238464355469, 5.086066582135809
2800, 202.86036682128906, -345.0445556640625, 0.0, 0.9000000953674316, 0.0, 91.02474212646484, 5.194085429143101
2801, 202.8577423095703, -344.89508056640625, 0.0, 0.8500001430511475, 0.0, 91.02714538574219, 5.298998884557721
2802, 202.85513305664062, -344.7470703125, 0.0, 0.7750002145767212, 0.0, 91.02945709228516, 5.392554527344995
2803, 202.85256958007812, -344.60272216796875, 0.0, 0.7000002861022949, 0.0, 91.03157043457031, 5.474662098932331
2804, 202.84991455078125, -344.453857421875, 0.0, 0.6500003337860107, 0.0, 91.03382873535156, 5.539595597123707
2805, 202.8473358154297, -344.30902099609375, 0.0, 0.5750004053115845, 0.0, 91.03560638427734, 5.582947241446627
2806, 202.8448944091797, -344.17254638671875, 0.0, 0.5250004529953003, 0.0, 91.03700256347656, 5.583356275197983
2807, 202.84217834472656, -344.0216064453125, 0.0, 0.4750004708766937, 0.0, 91.03813171386719, 5.599903740924656
2808, 202.83950805664062, -343.8733215332031, 0.0, 0.4000004529953003, 0.0, 91.03901672363281, 5.58766039840955
2809, 202.83692932128906, -343.7307434082031, 0.0, 0.35000044107437134, 0.0, 91.03972625732422, 5.6095181148420235
2810, 202.83419799804688, -343.5795593261719, 0.0, 0.2500004172325134, 0.0, 91.04034423828125, 5.599688365199146
2811, 202.8314666748047, -343.4291687011719, 0.0, 0.20000040531158447, 0.0, 91.04080200195312, 5.606880418214839
2812, 202.82882690429688, -343.2845764160156, 0.0, 0.12500038743019104, 0.0, 91.04109954833984, 5.586867477876423
2813, 202.8261260986328, -343.13519287109375, 0.0, 0.17500039935112, 0.0, 91.04129791259766, 5.584726258333484
2814, 202.82354736328125, -342.9934387207031, 0.0, 0.2500004172325134, 0.0, 91.04134368896484, 5.558552974285865
2815, 202.82080078125, -342.841552734375, 0.0, 0.3000004291534424, 0.0, 91.04130554199219, 5.552377053907004
2816, 202.81822204589844, -342.69879150390625, 0.0, 0.3750004470348358, 0.0, 91.04116821289062, 5.525883792452547
2817, 202.81529235839844, -342.537109375, 0.0, 0.42500045895576477, 0.0, 91.041015625, 5.518710715831441
2818, 202.81253051757812, -342.3845520019531, 0.0, 0.5000004768371582, 0.0, 91.040771484375, 5.487659246810601
2819, 202.8100128173828, -342.2455139160156, 0.0, 0.5500004291534424, 0.0, 91.04064178466797, 5.51477133263192
2820, 202.8074951171875, -342.1056823730469, 0.0, 0.6250003576278687, 0.0, 91.04068756103516, 5.5289923468793996
2821, 202.80474853515625, -341.95367431640625, 0.0, 0.6750003099441528, 0.0, 91.04093933105469, 5.565165897322735
2822, 202.80221557617188, -341.8155822753906, 0.0, 0.7500002384185791, 0.0, 91.04126739501953, 5.58939095152301
2823, 202.79945373535156, -341.6679992675781, 0.0038197184912860394, 0.8000001907348633, 0.0, 91.04439544677734, 5.655897944206823
2824, 202.79632568359375, -341.5133056640625, 0.009549296461045742, 0.8750001192092896, 0.0, 91.05465698242188, 5.693408506461064
2825, 202.79310607910156, -341.36639404296875, 0.013369014486670494, 0.9250000715255737, 0.0, 91.07308197021484, 5.773585406443103
2826, 202.789306640625, -341.20648193359375, 0.014005634002387524, 0.9000000953674316, 0.0, 91.10189056396484, 5.849967924444751
2827, 202.78517150878906, -341.03778076171875, 0.014005634002387524, 0.9000000953674316, 0.0, 91.13837432861328, 5.939994369410981
2828, 202.78147888183594, -340.89056396484375, 0.010822533629834652, 0.7750002145767212, 0.0, 91.17206573486328, 6.014636830313756
2829, 202.77723693847656, -340.7229309082031, 0.009549292735755444, 0.725000262260437, 0.0, 91.2107162475586, 6.151268396927546
2830, 202.77304077148438, -340.55523681640625, 0.007002813741564751, 0.6250003576278687, 0.0, 91.24739074707031, 6.261439989240199
2831, 202.76878356933594, -340.3837890625, 0.005729574244469404, 0.5750004053115845, 0.0, 91.28146362304688, 6.358511788864553
2832, 202.76425170898438, -340.20013427734375, 0.003819715231657028, 0.5000004768371582, 0.0, 91.31351470947266, 6.430534307627837
2833, 202.76011657714844, -340.0306701660156, 0.002546475501731038, 0.45000046491622925, 0.0, 91.33817291259766, 6.4787911633242
2834, 202.75596618652344, -339.8582763671875, 0.0, 0.3750004470348358, 0.0, 91.35814666748047, 6.4976299039793455
2835, 202.75209045410156, -339.6945495605469, 0.0, 0.32500043511390686, 0.0, 91.37232971191406, 6.513572172419084
2836, 202.7477569580078, -339.5122985839844, 0.0, 0.2500004172325134, 0.0, 91.3842544555664, 6.502562780662964
2837, 202.7437286376953, -339.34375, 0.0, 0.20000040531158447, 0.0, 91.39253234863281, 6.501189600018029
2838, 202.73976135253906, -339.17633056640625, 0.0, 0.12500038743019104, 0.0, 91.39881896972656, 6.481083823559948
2839, 202.73548889160156, -338.9979248046875, 0.0, 0.07500039041042328, 0.0, 91.40376281738281, 6.464735976258079
2840, 202.7316436767578, -338.8387756347656, 0.0, 0.02500039152801037, 0.0, 91.4070053100586, 6.429151270440494
2841, 202.72756958007812, -338.6707458496094, 0.0, 0.0, 0.0, 91.40945434570312, 6.4013522584063125
2842, 202.72325134277344, -338.49468994140625, 0.0, 0.0, 0.0, 91.41114807128906, 6.34262882027034
2843, 202.7189178466797, -338.3171691894531, 0.0, 0.0, 0.0, 91.41210174560547, 6.297661250711156
2844, 202.71493530273438, -338.15423583984375, 0.0, 0.0, 0.0, 91.41236114501953, 6.235721861249489
2845, 202.71066284179688, -337.9808654785156, 0.0, 0.0, 0.0, 91.41226959228516, 6.188819447166035
2846, 202.706787109375, -337.8236389160156, 0.0, 0.0, 0.0, 91.4118423461914, 6.126007480699787
2847, 202.70286560058594, -337.664794921875, 0.0, 0.0, 0.0, 91.41117858886719, 6.083396599589491
2848, 202.69900512695312, -337.5085144042969, 0.0, 0.0, 0.0, 91.41033935546875, 6.020477098040609
2849, 202.6951141357422, -337.35076904296875, 0.0, 0.0, 0.0, 91.4094009399414, 5.975554970899298
2850, 202.69142150878906, -337.2015686035156, 0.0, 0.0, 0.0, 91.40834045410156, 5.91367819094508
2851, 202.68753051757812, -337.0446472167969, 0.0, 0.0, 0.0, 91.40717315673828, 5.867591607782902
2852, 202.6839141845703, -336.8978576660156, 0.0, 0.0, 0.0, 91.4059829711914, 5.803886697561065
2853, 202.67990112304688, -336.7350769042969, 0.0, 0.0, 0.0, 91.40465545654297, 5.752510663214731
2854, 202.6761932373047, -336.5847473144531, 0.0, 0.0, 0.0, 91.40330505371094, 5.6801537412801615
2855, 202.67266845703125, -336.44207763671875, 0.0, 0.0, 0.0, 91.40199279785156, 5.641277700941977
2856, 202.66908264160156, -336.2958068847656, 0.0, 0.0, 0.0, 91.40062713623047, 5.57609617894566
2857, 202.66531372070312, -336.14312744140625, 0.0, 0.0, 0.0, 91.39920806884766, 5.528174928329999
2858, 202.66177368164062, -336.0000305175781, 0.0, 0.0, 0.0, 91.39777374267578, 5.457713234725172
2859, 202.6584930419922, -335.86651611328125, 0.0, 0.0, 0.0, 91.39649200439453, 5.423569625435382
2860, 202.65501403808594, -335.7253112792969, 0.0, 0.0, 0.0, 91.39514923095703, 5.358377113853465
2861, 202.6512908935547, -335.57366943359375, 0.0, 0.0, 0.0, 91.39371490478516, 5.306932936400767
2862, 202.6479034423828, -335.43585205078125, 0.0, 0.0, 0.0, 91.39228057861328, 5.2328568495707595
2863, 202.64483642578125, -335.3099670410156, 0.0, 0.0, 0.0, 91.39102172851562, 5.203618626871487
2864, 202.64132690429688, -335.16650390625, 0.0, 0.0, 0.0, 91.38961029052734, 5.130009974615406
2865, 202.63800048828125, -335.0305480957031, 0.0, 0.0, 0.0, 91.38829803466797, 5.089501831392145
2866, 202.63458251953125, -334.8899841308594, 0.0, 0.0, 0.0, 91.38684844970703, 5.0079879828780784
2867, 202.63128662109375, -334.7537841796875, 0.0, 0.0, 0.0, 91.3853988647461, 4.97048166589849
2868, 202.6280975341797, -334.6227722167969, 0.0, 0.0, 0.0, 91.38433074951172, 4.965651588278741
2869, 202.62503051757812, -334.4958801269531, 0.0, 0.0, 0.0, 91.38347625732422, 4.942108360285234
2870, 202.6219024658203, -334.3669128417969, 0.0, 0.0, 0.0, 91.38269805908203, 4.908362506918371
2871, 202.61886596679688, -334.2413635253906, 0.0, 0.0, 0.0, 91.38197326660156, 4.8704273677448064
2872, 202.61558532714844, -334.10638427734375, 0.0, 0.0, 0.0, 91.38115692138672, 4.8266738180157605
2873, 202.61253356933594, -333.980224609375, 0.0, 0.0, 0.0, 91.38038635253906, 4.784294619379491
2874, 202.60958862304688, -333.8578796386719, 0.0, 0.0, 0.0, 91.379638671875, 4.742466030135804
2875, 202.60633850097656, -333.724609375, 0.0, 0.0, 0.0, 91.3787612915039, 4.6964647243243665
2876, 202.60330200195312, -333.597412109375, 0.0, 0.0, 0.0, 91.37794494628906, 4.652356189031594
2877, 202.60025024414062, -333.4718933105469, 0.0, 0.0, 0.0, 91.37710571289062, 4.608713698991951
2878, 202.59738159179688, -333.35260009765625, 0.0, 0.0, 0.0, 91.37633514404297, 4.567165250131803
2879, 202.5943145751953, -333.22564697265625, 0.0, 0.0, 0.0, 91.37550354003906, 4.522937488240737
2880, 202.59146118164062, -333.1072998046875, 0.0, 0.0, 0.0, 91.37474060058594, 4.48168484298791
2881, 202.5886993408203, -332.9924621582031, 0.0, 0.0, 0.0, 91.3740005493164, 4.4416609350827745
2882, 202.5858154296875, -332.8730773925781, 0.0, 0.0, 0.0, 91.37324523925781, 4.400027171462234
2883, 202.5832977294922, -332.767578125, 0.0, 0.0, 0.0, 91.37254333496094, 4.363228336165983
2884, 202.58053588867188, -332.6536560058594, 0.0, 0.0, 0.0, 91.37181091308594, 4.323502090902915
2885, 202.57769775390625, -332.5347900390625, 0.0, 0.0, 0.0, 91.37108612060547, 4.282017774054594
2886, 202.57493591308594, -332.41912841796875, 0.0, 0.0, 0.0, 91.37036895751953, 4.241635819591882
2887, 202.5720977783203, -332.30108642578125, 0.0, 0.0, 0.0, 91.36961364746094, 4.200422986575859
2888, 202.5695343017578, -332.19342041015625, 0.0, 0.0, 0.0, 91.36894989013672, 4.162841994622655
2889, 202.56695556640625, -332.0860595703125, 0.0, 0.0, 0.0, 91.36829376220703, 4.125347349768595
2890, 202.56442260742188, -331.98175048828125, 0.0, 0.0, 0.0, 91.36766815185547, 4.088928357868771
2891, 202.56173706054688, -331.868896484375, 0.0, 0.0, 0.0, 91.36698150634766, 4.049512958230445
2892, 202.55914306640625, -331.760498046875, 0.0, 0.0, 0.0, 91.36636352539062, 4.011643487268476
2893, 202.55667114257812, -331.65765380859375, 0.0, 0.0, 0.0, 91.3657455444336, 3.975759768331845
2894, 202.55426025390625, -331.5556945800781, 0.0, 0.0, 0.0, 91.36515045166016, 3.940361627212144
2895, 202.5516815185547, -331.447998046875, 0.0, 0.0, 0.0, 91.36451721191406, 3.9030753793611317
2896, 202.54925537109375, -331.3465576171875, 0.0, 0.0, 0.0, 91.36395263671875, 3.8679761224132534
2897, 202.54684448242188, -331.2458801269531, 0.0, 0.0, 0.0, 91.36338806152344, 3.833168814703628
2898, 202.54452514648438, -331.1485900878906, 0.0, 0.0, 0.0, 91.36282348632812, 3.7995344512922036
2899, 202.54209899902344, -331.046875, 0.0, 0.0, 0.0, 91.36225891113281, 3.7643785191860726
2900, 202.53970336914062, -330.9459228515625, 0.0, 0.0, 0.0, 91.36170959472656, 3.7294913945398167
2901, 202.5373077392578, -330.84490966796875, 0.0, 0.0, 0.0, 91.36116790771484, 3.6945735407227276
2902, 202.53494262695312, -330.74542236328125, 0.0, 0.0, 0.0, 91.3606185913086, 3.6601870587534027
2903, 202.53265380859375, -330.6485595703125, 0.0, 0.0, 0.0, 91.36007690429688, 3.6266973325107625
2904, 202.53042602539062, -330.55474853515625, 0.0, 0.0, 0.0, 91.35956573486328, 3.5942863293982574
2905, 202.5281982421875, -330.4609375, 0.0, 0.0, 0.0, 91.35906219482422, 3.5618543512427636
2906, 202.5260772705078, -330.3726501464844, 0.0, 0.0, 0.0, 91.35858154296875, 3.531341561348303
2907, 202.5237274169922, -330.2747497558594, 0.0, 0.0, 0.0, 91.35807800292969, 3.4974999151045765
2908, 202.5214385986328, -330.17803955078125, 0.0, 0.0, 0.0, 91.35758972167969, 3.464069185054562
2909, 202.5193328857422, -330.0897521972656, 0.0, 0.0, 0.0, 91.35711669921875, 3.4335559533020703
2910, 202.5172576904297, -330.00262451171875, 0.0, 0.0, 0.0, 91.35667419433594, 3.4034429124700427
2911, 202.51515197753906, -329.9126892089844, 0.0, 0.0, 0.0, 91.3562240600586, 3.3723742562942736
2912, 202.51319885253906, -329.829833984375, 0.0, 0.0, 0.0, 91.35581970214844, 3.3437604269644647
2913, 202.5110321044922, -329.7389831542969, 0.0, 0.0, 0.0, 91.3553237915039, 3.3123553007572197
2914, 202.50906372070312, -329.65625, 0.0, 0.0, 0.0, 91.35491943359375, 3.28376604032786
2915, 202.50689697265625, -329.5645751953125, 0.0, 0.0, 0.0, 91.35446166992188, 3.2520786123722423
2916, 202.50482177734375, -329.47662353515625, 0.0, 0.0, 0.0, 91.3540267944336, 3.2216956703841104
2917, 202.50282287597656, -329.39306640625, 0.0, 0.0, 0.0, 91.3536148071289, 3.1928102624107884
2918, 202.5009002685547, -329.3123474121094, 0.0, 0.0, 0.0, 91.35321807861328, 3.1649293942841874
2919, 202.4989013671875, -329.2279968261719, 0.0, 0.0, 0.0, 91.35282897949219, 3.13579072591657
2920, 202.49696350097656, -329.14666748046875, 0.0, 0.0, 0.0, 91.35242462158203, 3.107686889278757
2921, 202.49508666992188, -329.06805419921875, 0.0, 0.0, 0.0, 91.35208129882812, 3.0805055511240558
2922, 202.49322509765625, -328.9891662597656, 0.0, 0.0, 0.0, 91.35169982910156, 3.0532502783355886
2923, 202.49143981933594, -328.9140625, 0.0, 0.0, 0.0, 91.35135650634766, 3.027306962204256
2924, 202.489501953125, -328.83245849609375, 0.0, 0.0, 0.0, 91.3509750366211, 2.9990994456271403
2925, 202.48765563964844, -328.7540588378906, 0.0, 0.0, 0.0, 91.35063171386719, 2.9720066044955713
2926, 202.48590087890625, -328.67974853515625, 0.0, 0.0, 0.0, 91.35025787353516, 2.946327088866858
2927, 202.48411560058594, -328.60394287109375, 0.0, 0.0, 0.0, 91.34991455078125, 2.9201319552185403
2928, 202.48228454589844, -328.52777099609375, 0.0, 0.0, 0.0, 91.34957122802734, 2.893807338332051
2929, 202.48052978515625, -328.4525451660156, 0.0, 0.0, 0.0, 91.34922790527344, 2.867799922134263
2930, 202.4788055419922, -328.3791809082031, 0.0, 0.0, 0.0, 91.34889221191406, 2.842456708877145
2931, 202.4769287109375, -328.3000793457031, 0.0, 0.0, 0.0, 91.34854125976562, 2.8151131161769873
2932, 202.475341796875, -328.2335510253906, 0.0, 0.0, 0.0, 91.34825897216797, 2.792141962099032
2933, 202.4737091064453, -328.1636962890625, 0.0, 0.0, 0.0, 91.34793853759766, 2.7680073682515767
2934, 202.471923828125, -328.08953857421875, 0.0, 0.0, 0.0, 91.34764099121094, 2.742379930855796
2935, 202.4701690673828, -328.01513671875, 0.0, 0.0, 0.0, 91.34732818603516, 2.7166816612306346
2936, 202.46853637695312, -327.9446105957031, 0.0, 0.0, 0.0, 91.3470230102539, 2.692305324076314
2937, 202.46688842773438, -327.87567138671875, 0.0, 0.0, 0.0, 91.34672546386719, 2.668487080354908
2938, 202.4651336669922, -327.7999572753906, 0.0, 0.0, 0.0, 91.34639739990234, 2.6423257445245025
2939, 202.46360778808594, -327.7349853515625, 0.0, 0.0, 0.0, 91.34614562988281, 2.6198716549850416
2940, 202.46200561523438, -327.6681213378906, 0.0, 0.0, 0.0, 91.34585571289062, 2.5967652688921015
2941, 202.4603729248047, -327.59869384765625, 0.0, 0.0, 0.0, 91.34557342529297, 2.5727734306577474
2942, 202.45872497558594, -327.5296325683594, 0.0, 0.0, 0.0, 91.34527587890625, 2.5489194423238235
2943, 202.4573211669922, -327.469970703125, 0.0, 0.0, 0.0, 91.34503936767578, 2.5283065948491177
2944, 202.4557342529297, -327.4034423828125, 0.0, 0.0, 0.0, 91.34477996826172, 2.505319199371534
2945, 202.4541778564453, -327.33709716796875, 0.0, 0.0, 0.0, 91.3445053100586, 2.4823986788995738
2946, 202.4525909423828, -327.2706298828125, 0.0, 0.0, 0.0, 91.34425354003906, 2.459421408404035
2947, 202.45111083984375, -327.2071533203125, 0.0, 0.0, 0.0, 91.34400177001953, 2.4374930014630416
2948, 202.44960021972656, -327.1434631347656, 0.0, 0.0, 0.0, 91.34375, 2.4154837457443277
2949, 202.44813537597656, -327.08154296875, 0.0, 0.0, 0.0, 91.34351348876953, 2.394089086454496
2950, 202.4467315673828, -327.0218811035156, 0.0, 0.07500000298023224, 0.0, 91.34326171875, 2.3694324629927612
2951, 202.44532775878906, -326.9628601074219, 0.0, 0.15000000596046448, 0.0, 91.34306335449219, 2.35750777389384
2952, 202.44386291503906, -326.9013366699219, 0.0, 0.20000001788139343, 0.0, 91.3429183959961, 2.3554518378909046
2953, 202.4423370361328, -326.8363952636719, 0.0, 0.27500003576278687, 0.0, 91.34285736083984, 2.3604131792729994
2954, 202.44093322753906, -326.7767028808594, 0.0, 0.3250000476837158, 0.0, 91.34286499023438, 2.3708267489585033
2955, 202.4395294189453, -326.7172546386719, 0.0, 0.3750000596046448, 0.0, 91.34300994873047, 2.3939263559583894
2956, 202.4380645751953, -326.654296875, 0.0, 0.4500000774860382, 0.0, 91.34323120117188, 2.4230737449945723
2957, 202.43653869628906, -326.5897216796875, 0.0, 0.5000000596046448, 0.0, 91.3436050415039, 2.462023672502709
2958, 202.43495178222656, -326.5223083496094, 0.0, 0.574999988079071, 0.0, 91.3440170288086, 2.5093299192351193
2959, 202.4334716796875, -326.4585266113281, 0.0, 0.6249999403953552, 0.0, 91.3445053100586, 2.561275003884148
2960, 202.4318389892578, -326.3880920410156, 0.0, 0.6999998688697815, 0.0, 91.34513854980469, 2.624017340814979
2961, 202.43017578125, -326.3174743652344, 0.0, 0.7499998211860657, 0.0, 91.34585571289062, 2.6930552839244712
2962, 202.4285430908203, -326.24761962890625, 0.0, 0.8249997496604919, 0.0, 91.34664154052734, 2.766354110107672
2963, 202.4268341064453, -326.17474365234375, 0.0, 0.8999996781349182, 0.0, 91.34759521484375, 2.848786058049967
2964, 202.42510986328125, -326.10113525390625, 0.0, 0.9499996304512024, 0.0, 91.34861755371094, 2.937467638119096
2965, 202.42330932617188, -326.02362060546875, 0.0, 1.0249996185302734, 0.0, 91.34976959228516, 3.0348471775141075
2966, 202.4214630126953, -325.94482421875, 0.0, 1.0, 0.0, 91.35108947753906, 3.135298608353814
2967, 202.41958618164062, -325.8643493652344, 0.0, 1.0, 0.0, 91.35247039794922, 3.236706112251493
2968, 202.41748046875, -325.77447509765625, 0.0, 1.0, 0.0, 91.35404205322266, 3.3472856647428895
2969, 202.41525268554688, -325.67974853515625, 0.0, 1.0, 0.0, 91.35572052001953, 3.460445447943561
2970, 202.41322326660156, -325.59344482421875, 0.0, 1.0, 0.0, 91.35728454589844, 3.5607494744287354
2971, 202.4109344482422, -325.4958190917969, 0.0, 1.0, 0.0, 91.3590316772461, 3.6708205721644815
2972, 202.4086151123047, -325.39691162109375, 0.0, 1.0, 0.0, 91.36079406738281, 3.779079888412243
2973, 202.40628051757812, -325.2982177734375, 0.0, 1.0, 0.0, 91.362548828125, 3.884062815392673
2974, 202.40380859375, -325.1931457519531, 0.0, 1.0, 0.0, 91.36447143554688, 3.9926953609659823
2975, 202.40130615234375, -325.0873107910156, 0.0, 1.0, 0.0, 91.3663558959961, 4.099179096508142
2976, 202.39866638183594, -324.9759216308594, 0.0, 1.0, 0.0, 91.3683090209961, 4.208238081464887
2977, 202.39602661132812, -324.8645935058594, 0.0, 1.0, 0.0, 91.3702621459961, 4.314412504548813
2978, 202.39317321777344, -324.743896484375, 0.0, 1.0, 0.0, 91.37238311767578, 4.426488477416692
2979, 202.39048767089844, -324.63006591796875, 0.0, 1.0, 0.0, 91.37438201904297, 4.529664103678699
2980, 202.3875274658203, -324.5056457519531, 0.0, 1.0, 0.0, 91.37652587890625, 4.639625619348733
2981, 202.38455200195312, -324.3802185058594, 0.0, 1.0, 0.0, 91.37871551513672, 4.747841153076532
2982, 202.38156127929688, -324.25537109375, 0.0, 1.0, 0.0, 91.38086700439453, 4.853082913840002
2983, 202.37850952148438, -324.1275634765625, 0.0, 1.0, 0.0, 91.38307189941406, 4.958444656970183
2984, 202.3753204345703, -323.99371337890625, 0.0, 1.0, 0.0, 91.3853530883789, 5.066396463884856
2985, 202.37208557128906, -323.8582458496094, 0.0, 1.0, 0.0, 91.38764953613281, 5.173234673380548
2986, 202.3688507080078, -323.7227783203125, 0.0, 1.0, 0.0, 91.38995361328125, 5.277682401759543
2987, 202.365478515625, -323.58258056640625, 0.0, 1.0, 0.0, 91.39231872558594, 5.38379346681803
2988, 202.3621063232422, -323.4415588378906, 0.0, 1.0, 0.0, 91.39469909667969, 5.487994082039875
2989, 202.35882568359375, -323.3055114746094, 0.0, 0.9750000238418579, 0.0, 91.3969497680664, 5.586584103833644
2990, 202.35507202148438, -323.1500244140625, 0.0, 0.9750000238418579, 0.0, 91.3995590209961, 5.693791654123578
2991, 202.3512420654297, -322.99188232421875, 0.0, 0.8500001430511475, 0.0, 91.40209197998047, 5.795522446687206
2992, 202.34767150878906, -322.8440246582031, 0.0, 0.7750002145767212, 0.0, 91.40449523925781, 5.88182938903871
2993, 202.34376525878906, -322.6830139160156, 0.0, 0.725000262260437, 0.0, 91.40674591064453, 5.966926447299299
2994, 202.3399200439453, -322.525390625, 0.0, 0.6250003576278687, 0.0, 91.409423828125, 6.038094567713425
2995, 202.33609008789062, -322.3684997558594, 0.0, 0.5750004053115845, 0.0, 91.41069793701172, 6.097962387563368
2996, 202.33233642578125, -322.2141418457031, 0.0, 0.5000004768371582, 0.0, 91.41425323486328, 6.141237930816209
2997, 202.32809448242188, -322.0417785644531, 0.0, 0.45000046491622925, 0.0, 91.41256713867188, 6.167023059373461
2998, 202.32400512695312, -321.87396240234375, 0.0, 0.3750004470348358, 0.0, 91.41835021972656, 6.1754387000241735
2999, 202.3200225830078, -321.71478271484375, 0.0, 0.32500043511390686, 0.0, 91.41188049316406, 6.180243942236182
3000, 202.3162384033203, -321.5611572265625, 0.0, 0.2500004172325134, 0.0, 91.4162368774414, 6.182372218042334
3001, 202.31211853027344, -321.39813232421875, 0.0, 0.20000040531158447, 0.0, 91.40869903564453, 6.173681691904581
3002, 202.3081817626953, -321.2352600097656, 0.0, 0.12500038743019104, 0.0, 91.41557312011719, 6.154491662153069
3003, 202.30429077148438, -321.08111572265625, 0.0, 0.07500039041042328, 0.0, 91.40859985351562, 6.134152761571753
3004, 202.30038452148438, -320.91937255859375, 0.0, 3.915280046840053e-07, 0.0, 91.41517639160156, 6.104336202631768
3005, 202.29635620117188, -320.7593994140625, 0.0, 0.0, 0.0, 91.4067153930664, 6.064187158597915
3006, 202.292724609375, -320.6102600097656, 0.0, 0.0, 0.0, 91.41264343261719, 6.025009629538972
3007, 202.28887939453125, -320.45697021484375, 0.0, 0.0, 0.0, 91.40531158447266, 5.981462554586472
3008, 202.28509521484375, -320.2999267578125, 0.0, 0.02500000037252903, 0.0, 91.41234588623047, 5.93207611906817
3009, 202.28121948242188, -320.14617919921875, 0.0, 0.10000000149011612, 0.0, 91.40389251708984, 5.883560117673557
3010, 202.2776336669922, -319.99517822265625, -0.0038197184912860394, 0.15000000596046448, 0.0, 91.40836334228516, 5.838999716608644
3011, 202.27378845214844, -319.83062744140625, -0.009549296461045742, 0.2250000238418579, 0.0, 91.38810729980469, 5.788416351195691
3012, 202.27061462402344, -319.67987060546875, -0.008276055566966534, 0.27500003576278687, 0.0, 91.38223266601562, 5.751018042589285
3013, 202.2674102783203, -319.5311584472656, -0.006366197019815445, 0.3500000536441803, 0.0, 91.35726165771484, 5.724138116892391
3014, 202.2644500732422, -319.385498046875, -0.0050929575227200985, 0.40000006556510925, 0.0, 91.34797668457031, 5.706311955431914
3015, 202.26136779785156, -319.24267578125, -0.003183098277077079, 0.4750000834465027, 0.0, 91.32514190673828, 5.6983021547308885
3016, 202.25811767578125, -319.0872497558594, -0.0019098585471510887, 0.5250000357627869, 0.0, 91.31944274902344, 5.689520615398232
3017, 202.2547607421875, -318.9395751953125, 0.0, 0.5999999642372131, 0.0, 91.29993438720703, 5.691397013164711
3018, 202.25152587890625, -318.7905578613281, 0.0, 0.6499999165534973, 0.0, 91.29985809326172, 5.705584571886314
3019, 202.2482147216797, -318.6468200683594, 0.0, 0.6999998688697815, 0.0, 91.28727722167969, 5.734695099317366
3020, 202.24485778808594, -318.4941711425781, 0.0, 0.7749997973442078, 0.0, 91.29073333740234, 5.771580625318357
3021, 202.24130249023438, -318.33941650390625, 0.0, 0.849999725818634, 0.0, 91.28005981445312, 5.81360070214358
3022, 202.2379608154297, -318.1867980957031, 0.0, 0.9249996542930603, 0.0, 91.28553771972656, 5.872413337011433
3023, 202.2345733642578, -318.03656005859375, 0.0, 0.9749996066093445, 0.0, 91.28042602539062, 5.958547056185459
3024, 202.23104858398438, -317.8749694824219, 0.0, 1.0, 0.0, 91.2848892211914, 6.069838126283357
3025, 202.2276153564453, -317.71875, 0.0, 1.0, 0.0, 91.28319549560547, 6.181647152338929
3026, 202.2243194580078, -317.5663146972656, 0.0, 1.0, 0.0, 91.28614044189453, 6.298728650723529
3027, 202.22056579589844, -317.3946533203125, 0.0, 0.9250000715255737, 0.0, 91.28742980957031, 6.426853662677836
3028, 202.21665954589844, -317.2146301269531, 0.0, 0.8750001192092896, 0.0, 91.2906723022461, 6.548652518535961
3029, 202.21311950683594, -317.0523986816406, 0.0, 0.8000001907348633, 0.0, 91.29244232177734, 6.647039626118879
3030, 202.20925903320312, -316.8752746582031, 0.0, 0.7500002384185791, 0.0, 91.2950210571289, 6.742420801411656
3031, 202.2052764892578, -316.694091796875, 0.0, 0.6750003099441528, 0.0, 91.29692077636719, 6.827151249978312
3032, 202.20144653320312, -316.521484375, 0.0, 0.6250003576278687, 0.0, 91.29901885986328, 6.895833386769789
3033, 202.19715881347656, -316.32891845703125, 0.0, 0.5500004291534424, 0.0, 91.30049133300781, 6.95961815582784
3034, 202.19308471679688, -316.1465759277344, 0.0, 0.5000004768371582, 0.0, 91.3023452758789, 7.007230335595295
3035, 202.1890411376953, -315.9671630859375, 0.0, 0.42500045895576477, 0.0, 91.30287170410156, 7.042622667455171
3036, 202.1847686767578, -315.7760009765625, 0.0, 0.3750004470348358, 0.0, 91.30496215820312, 7.067338385903658
3037, 202.1805877685547, -315.5922546386719, 0.0, 0.3000004291534424, 0.0, 91.30386352539062, 7.078296801315262
3038, 202.17669677734375, -315.41864013671875, 0.0, 0.2500004172325134, 0.0, 91.3060073852539, 7.078415412505277
3039, 202.1724395751953, -315.23187255859375, 0.0, 0.17500039935112, 0.0, 91.30352783203125, 7.068756855012599
3040, 202.16802978515625, -315.0326232910156, 0.0, 0.10000038892030716, 0.0, 91.30852508544922, 7.042532274546053
3041, 202.1640625, -314.8581848144531, 0.0, 0.0500003919005394, 0.0, 91.3040542602539, 7.013185710683909
3042, 202.159912109375, -314.6709899902344, 0.0, -0.02499960921704769, 0.0, 91.30836486816406, 6.973043863169022
3043, 202.15582275390625, -314.490234375, 0.0, 0.0, 0.0, 91.30244445800781, 6.927517169552559
3044, 202.15187072753906, -314.3123779296875, 0.0, 0.0, 0.0, 91.30653381347656, 6.87692058793982
3045, 202.14773559570312, -314.1302185058594, 0.0, 0.0, 0.0, 91.29995727539062, 6.8215287626525205
3046, 202.14401245117188, -313.9631042480469, 0.0, 0.0, 0.0, 91.30354309082031, 6.768714741514581
3047, 202.14007568359375, -313.7900390625, 0.0, 0.0, 0.0, 91.29771423339844, 6.712847282962438
3048, 202.13636779785156, -313.6233825683594, 0.0, 0.0, 0.0, 91.30128479003906, 6.657356329363489
3049, 202.1322021484375, -313.44146728515625, 0.0, 0.0, 0.0, 91.293701171875, 6.5944989825488065
3050, 202.1283416748047, -313.2654724121094, 0.0, 0.0, 0.0, 91.29949951171875, 6.531329679727704
3051, 202.12454223632812, -313.09942626953125, 0.0, 0.0, 0.0, 91.29229736328125, 6.473515910260404
3052, 202.1209716796875, -312.9384460449219, 0.0, 0.0, 0.0, 91.29631805419922, 6.418485697305388
3053, 202.116943359375, -312.7627258300781, 0.0, 0.0, 0.0, 91.28783416748047, 6.355739190946739
3054, 202.11334228515625, -312.60015869140625, 0.0, 0.0, 0.0, 91.29344940185547, 6.297011256474216
3055, 202.1098175048828, -312.447509765625, 0.0, 0.0, 0.0, 91.28704833984375, 6.244872047288801
3056, 202.1062774658203, -312.2887268066406, 0.0, 0.0, 0.0, 91.29173278808594, 6.1897618790085485
3057, 202.1023712158203, -312.12225341796875, 0.0019098592456430197, 0.0, 0.0, 91.2840347290039, 6.128235365841068
3058, 202.09869384765625, -311.9635925292969, 0.005729577504098415, 0.0, 0.0, 91.29540252685547, 6.069076699413293
3059, 202.0948028564453, -311.81201171875, 0.01145915500819683, 0.0, 0.0, 91.29944610595703, 6.015342348667503
3060, 202.0904083251953, -311.64788818359375, 0.015278873965144157, 0.0, 0.0, 91.3295669555664, 5.952910848651753
3061, 202.08595275878906, -311.49761962890625, 0.01846197247505188, 0.0, 0.0, 91.35173034667969, 5.897919129448814
3062, 202.08126831054688, -311.3421936035156, 0.01846197247505188, 0.0, 0.0, 91.39850616455078, 5.8399976737599575
3063, 202.07659912109375, -311.19732666015625, 0.01591549627482891, 0.0, 0.0, 91.43207550048828, 5.788520317719288
3064, 202.0721893310547, -311.0575866699219, 0.014005635865032673, 0.0, 0.0, 91.47981262207031, 5.740216029690527
3065, 202.06716918945312, -310.9042663574219, 0.012732395902276039, 0.0, 0.0, 91.51756286621094, 5.682765035906435
3066, 202.06271362304688, -310.7633972167969, 0.010822535492479801, 0.0, 0.0, 91.56702423095703, 5.629706891273097
3067, 202.05784606933594, -310.6149597167969, 0.009549295529723167, 0.0, 0.0, 91.60047912597656, 5.57324323878186
3068, 202.05349731445312, -310.4761962890625, 0.0076394351199269295, 0.0, 0.0, 91.64530181884766, 5.520873840290192
3069, 202.0485076904297, -310.32281494140625, 0.0057295761071145535, 0.0, 0.0, 91.67163848876953, 5.457648638510152
3070, 202.0441436767578, -310.1806335449219, 0.0038197170943021774, 0.0, 0.0, 91.71112823486328, 5.400187702855288
3071, 202.03952026367188, -310.03594970703125, 0.0025464773643761873, 0.0, 0.0, 91.72640991210938, 5.342195435440671
3072, 202.03565979003906, -309.9082336425781, 0.0, 0.0, 0.0, 91.75218963623047, 5.297705243833532
3073, 202.0314178466797, -309.77197265625, 0.0, 0.0, 0.0, 91.75826263427734, 5.247655786192006
3074, 202.0274200439453, -309.6371154785156, 0.0, 0.0, 0.0, 91.77886199951172, 5.194134348824183
3075, 202.0233154296875, -309.5063781738281, 0.0, 0.0, 0.0, 91.77784729003906, 5.144319381648514
3076, 202.01953125, -309.3802795410156, 0.0, 0.0, 0.0, 91.79222869873047, 5.09773552048937
3077, 202.01548767089844, -309.25164794921875, 0.0, 0.0, 0.0, 91.78783416748047, 5.048284042277172
3078, 202.01173400878906, -309.1274108886719, 0.0, 0.0, 0.0, 91.80017852783203, 5.00062263086522
3079, 202.00755310058594, -308.9967346191406, 0.0, 0.0, 0.0, 91.80017852783203, 4.973578573464956
3080, 202.0037078857422, -308.8736877441406, 0.0, 0.0, 0.0, 91.79380798339844, 4.953361836523772
3081, 201.999755859375, -308.7477722167969, 0.0, 0.0, 0.0, 91.79473114013672, 4.922206407618409
3082, 201.9957733154297, -308.62030029296875, 0.0, 0.0, 0.0, 91.79521179199219, 4.884797855633585
3083, 201.99197387695312, -308.49871826171875, 0.0, 0.0, 0.0, 91.79530334472656, 4.846116797926588
3084, 201.98814392089844, -308.37664794921875, 0.0, 0.0, 0.0, 91.79510498046875, 4.8056986771866015
3085, 201.98416137695312, -308.25, 0.0, 0.0, 0.0, 91.79472351074219, 4.7628457132829025
3086, 201.9803009033203, -308.1273498535156, 0.0, 0.0, 0.0, 91.79426574707031, 4.720855295355655
3087, 201.9764862060547, -308.0052795410156, 0.0, 0.0, 0.0, 91.79365539550781, 4.678809820575512
3088, 201.97296142578125, -307.88958740234375, -0.005729577504098415, 0.0, 0.0, 91.78975677490234, 4.638811508960787
3089, 201.9695587158203, -307.7708740234375, -0.009549296461045742, 0.0, 0.0, 91.77953338623047, 4.5976788011223615
3090, 201.96644592285156, -307.6535339355469, -0.013369014486670494, 0.0, 0.0, 91.76179504394531, 4.556959776630559
3091, 201.963623046875, -307.5385437011719, -0.019098592922091484, 0.0, 0.0, 91.73507690429688, 4.516978720496316
3092, 201.9611358642578, -307.4222717285156, -0.02291831001639366, 0.0, 0.0, 91.69755554199219, 4.476499728110159
3093, 201.95904541015625, -307.3080749511719, -0.02864788845181465, 0.0, 0.0, 91.64935302734375, 4.4366852027566965
3094, 201.957275390625, -307.19329833984375, -0.03246760740876198, 0.0, 0.0, 91.58922576904297, 4.396659588683205
3095, 201.95594787597656, -307.0809326171875, -0.03819718211889267, 0.0, 0.0, 91.51826477050781, 4.357384842435337
3096, 201.955078125, -306.97564697265625, -0.0420168936252594, 0.0, 0.0, 91.44092559814453, 4.320589297806656
3097, 201.95452880859375, -306.8638916015625, -0.04583660885691643, 0.0, 0.0, 91.34754943847656, 4.281519995219215
3098, 201.9542694091797, -306.7546081542969, -0.04392675310373306, 0.0, 0.0, 91.2487564086914, 4.243502016591593
3099, 201.95420837402344, -306.64886474609375, -0.04265351593494415, 0.0, 0.0, 91.14952087402344, 4.206783427133083
3100, 201.95431518554688, -306.5480651855469, -0.041380275040864944, 0.0, 0.0, 91.0535659790039, 4.171816592168278
3101, 201.95452880859375, -306.4371032714844, -0.041380275040864944, 0.0, 0.0, 90.94841766357422, 4.13336940497149
3102, 201.95481872558594, -306.33172607421875, -0.03819718211889267, 0.0, 0.0, 90.84998321533203, 4.096853857622849
3103, 201.95516967773438, -306.2331237792969, -0.03819718211889267, 0.0, 0.0, 90.76004791259766, 4.062712611013643
3104, 201.95565795898438, -306.12786865234375, -0.035014085471630096, 0.0, 0.0, 90.66679382324219, 4.026275896618273
3105, 201.95626831054688, -306.0211181640625, -0.03374084457755089, 0.0, 0.0, 90.57527923583984, 3.9893908190584226
3106, 201.9569091796875, -305.9198303222656, -0.03183098882436752, 0.0, 0.0, 90.49166107177734, 3.9544464246259308
3107, 201.95767211914062, -305.8127746582031, -0.02992113120853901, 0.0, 0.0, 90.4073257446289, 3.9175927923226013
3108, 201.95843505859375, -305.71343994140625, -0.02864789217710495, 0.0, 0.0, 90.33260345458984, 3.883492826072295
3109, 201.95925903320312, -305.6136779785156, -0.02737465500831604, 0.0, 0.0, 90.2608413696289, 3.849255574643781
3110, 201.96011352539062, -305.5188293457031, -0.024828176945447922, 0.0, 0.0, 90.19628143310547, 3.8167539225403755
3111, 201.96096801757812, -305.42156982421875, -0.023554939776659012, 0.0, 0.0, 90.13389587402344, 3.7834068077358136
3112, 201.96188354492188, -305.32440185546875, -0.021645082160830498, 0.0, 0.0, 90.07547760009766, 3.7500925532280345
3113, 201.96278381347656, -305.2286682128906, -0.02037184312939644, 0.0, 0.0, 90.02159118652344, 3.7172775853656894
3114, 201.96380615234375, -305.1334533691406, -0.024191562086343765, 0.0, 0.0, 89.9684066772461, 3.684572836302875
3115, 201.9650421142578, -305.0419921875, -0.029921140521764755, 0.0, 0.0, 89.91362762451172, 3.6530482825564485
3116, 201.96646118164062, -304.9543151855469, -0.03374085575342178, 0.0, 0.0, 89.85569763183594, 3.622690289415494
3117, 201.96827697753906, -304.8609313964844, -0.03756057098507881, 0.0, 0.0, 89.78699493408203, 3.5904068238721845
3118, 201.97042846679688, -304.7691650390625, -0.0432901456952095, 0.0, 0.0, 89.71094512939453, 3.5585702473804464
3119, 201.97279357910156, -304.6806640625, -0.04710986092686653, 0.0, 0.0, 89.6291275024414, 3.5277840970256658
3120, 201.975341796875, -304.5965270996094, -0.05092957615852356, 0.0, 0.0, 89.54368591308594, 3.498512308315876
3121, 201.9788055419922, -304.49700927734375, -0.05665914714336395, 0.0, 0.0, 89.4314193725586, 3.4638043646797025
3122, 201.98220825195312, -304.4095764160156, -0.06047886237502098, 0.0, 0.0, 89.32347106933594, 3.4333261932065047
3123, 201.98587036132812, -304.32470703125, -0.06620843708515167, 0.0, 0.0, 89.20962524414062, 3.4036611664688294
3124, 201.9900665283203, -304.23681640625, -0.070028156042099, 0.0, 0.0, 89.08222198486328, 3.3729746418339883
3125, 201.99459838867188, -304.15008544921875, -0.07575772702693939, 0.0, 0.0, 88.94649505615234, 3.3425905531052638
3126, 201.99923706054688, -304.0689697265625, -0.07957743853330612, 0.0, 0.0, 88.81101989746094, 3.314222140236877
3127, 202.0041961669922, -303.988525390625, -0.08339715749025345, 0.0, 0.0, 88.66873931884766, 3.2860993680688018
3128, 202.0099639892578, -303.90264892578125, -0.0910365879535675, 0.0, 0.0, 88.50604248046875, 3.2558464762567816
3129, 202.01654052734375, -303.8121643066406, -0.09485629945993423, 0.0, 0.0, 88.32311248779297, 3.224072054394341
3130, 202.02255249023438, -303.7352600097656, -0.10058587044477463, 0.0, 0.0, 88.1585693359375, 3.196978440562234
3131, 202.02940368652344, -303.65362548828125, -0.10440558940172195, 0.0, 0.0, 87.97491455078125, 3.1682866923753474
3132, 202.0363006591797, -303.5762939453125, -0.10822530090808868, 0.0, 0.0, 87.79286193847656, 3.1410940377309013
3133, 202.04360961914062, -303.4983825683594, -0.11140839755535126, 0.0, 0.0, 87.60227966308594, 3.1137471690805865
3134, 202.0511932373047, -303.4215087890625, -0.11013516038656235, 0.0, 0.0, 87.40959167480469, 3.0869978028391323
3135, 202.05909729003906, -303.34375, -0.10822530090808868, 0.07500000298023224, 0.0, 87.2132568359375, 3.0584557460172044
3136, 202.067138671875, -303.2669372558594, -0.10695206373929977, 0.125, 0.0, 87.01953887939453, 3.0395476622035984
3137, 202.07534790039062, -303.1904602050781, -0.10567882657051086, 0.17500001192092896, 0.0, 86.82804107666016, 3.028627716283698
3138, 202.083984375, -303.11212158203125, -0.1037689670920372, 0.2500000298023224, 0.0, 86.63419342041016, 3.025584471806085
3139, 202.09234619140625, -303.03765869140625, -0.10249572992324829, 0.30000004172325134, 0.0, 86.4524917602539, 3.0309240996144795
3140, 202.10110473632812, -302.9616394042969, -0.10122249275445938, 0.3500000536441803, 0.0, 86.26956939697266, 3.043492655181614
3141, 202.11024475097656, -302.88385009765625, -0.09931263327598572, 0.42500007152557373, 0.0, 86.08554077148438, 3.0636357886102963
3142, 202.11962890625, -302.8057556152344, -0.09803939610719681, 0.4750000834465027, 0.0, 85.90372467041016, 3.0918172559686368
3143, 202.1292266845703, -302.7270812988281, -0.0967661589384079, 0.5250000357627869, 0.0, 85.72362518310547, 3.12689794060677
3144, 202.13919067382812, -302.64715576171875, -0.09485629945993423, 0.5999999642372131, 0.0, 85.5438003540039, 3.1691520878887176
3145, 202.14944458007812, -302.56640625, -0.09294643998146057, 0.6749998927116394, 0.0, 85.36587524414062, 3.21944611237582
3146, 202.1599884033203, -302.4857482910156, -0.09867601841688156, 0.7499998211860657, 0.0, 85.18778228759766, 3.277039897114538
3147, 202.17034912109375, -302.4090881347656, -0.10249572992324829, 0.7999997735023499, 0.0, 85.0157241821289, 3.338270998859367
3148, 202.18264770507812, -302.3214111328125, -0.10631544888019562, 0.849999725818634, 0.0, 84.81401824951172, 3.4143633992323483
3149, 202.1947784423828, -302.2375793457031, -0.10695206373929977, 0.7749997973442078, 0.0, 84.61759948730469, 3.4883401475682176
3150, 202.20755004882812, -302.15155029296875, -0.10567882657051086, 0.7249998450279236, 0.0, 84.41429138183594, 3.5599834439032256
3151, 202.22079467773438, -302.06414794921875, -0.10440558940172195, 0.6749998927116394, 0.0, 84.20767974853516, 3.62673988203919
3152, 202.23541259765625, -301.9696960449219, -0.10249572992324829, 0.5999999642372131, 0.0, 83.98540496826172, 3.690555184248268
3153, 202.2493438720703, -301.8810729980469, -0.10122249275445938, 0.550000011920929, 0.0, 83.7783432006836, 3.7421411170140213
3154, 202.2638397216797, -301.79058837890625, -0.09994925558567047, 0.5000000596046448, 0.0, 83.56867980957031, 3.787145692057554
3155, 202.27940368652344, -301.6951599121094, -0.09867601841688156, 0.4500000476837158, 0.0, 83.3495101928711, 3.826681524395028
3156, 202.29505920410156, -301.60113525390625, -0.0967661589384079, 0.3750000298023224, 0.0, 83.13587951660156, 3.8572779691331815
3157, 202.31048583984375, -301.5099792480469, -0.0967661589384079, 0.3750000298023224, 0.0, 82.93095397949219, 3.878772878606789
3158, 202.32659912109375, -301.416259765625, -0.09421968460083008, 0.2750000059604645, 0.0, 82.7224349975586, 3.8932127162286623
3159, 202.3441925048828, -301.31585693359375, -0.09421968460083008, 0.2750000059604645, 0.0, 82.50187683105469, 3.899598873721862
3160, 202.36044311523438, -301.2246398925781, -0.0910365879535675, 0.1499999761581421, 0.0, 82.3038330078125, 3.8972262658184182
3161, 202.3778076171875, -301.1288146972656, -0.0897633507847786, 0.09999997913837433, 0.0, 82.09807586669922, 3.887161011518177
3162, 202.395263671875, -301.0339050292969, -0.08721686899662018, -1.8253922817734747e-08, 0.0, 81.89708709716797, 3.868505823356168
3163, 202.41311645507812, -300.9382629394531, -0.08594363182783127, 0.0, 0.0, 81.69746398925781, 3.8418883636590158
3164, 202.43038940429688, -300.8475646972656, -0.0897633507847786, 0.0, 0.0, 81.50802612304688, 3.812901213874465
3165, 202.448486328125, -300.7548828125, -0.09549292176961899, 0.0, 0.0, 81.31028747558594, 3.7813773209107717
3166, 202.4665985107422, -300.6647644042969, -0.09931263327598572, 0.0, 0.0, 81.11199951171875, 3.7498717776661143
3167, 202.4856719970703, -300.5726013183594, -0.10313235223293304, 0.0, 0.0, 80.90225219726562, 3.717232784551658
3168, 202.50466918945312, -300.4832458496094, -0.1037689670920372, 0.0, 0.0, 80.69314575195312, 3.6855452992315767
3169, 202.5231475830078, -300.3979187011719, -0.10249572992324829, 0.0, 0.0, 80.49047088623047, 3.6553788020744187
3170, 202.54226684570312, -300.31109619140625, -0.10122249275445938, 0.0, 0.0, 80.28295135498047, 3.624721625886509
3171, 202.56298828125, -300.2183532714844, -0.09931263327598572, 0.0, 0.0, 80.06182098388672, 3.5920242268622973
3172, 202.58216857910156, -300.1337890625, -0.09803939610719681, 0.0, 0.0, 79.861328125, 3.5622034952919943
3173, 202.6011505126953, -300.05126953125, -0.0967661589384079, 0.0, 0.0, 79.66719818115234, 3.5330901384729256
3174, 202.62106323242188, -299.9656066894531, -0.09485629945993423, 0.02500000037252903, 0.0, 79.46778869628906, 3.5017275939424413
3175, 202.640625, -299.8826599121094, -0.09358306229114532, 0.07500000298023224, 0.0, 79.2772216796875, 3.4755518970095203
3176, 202.66119384765625, -299.7965087890625, -0.09230982512235641, 0.125, 0.0, 79.08183288574219, 3.454345391972348
3177, 202.68142700195312, -299.7126159667969, -0.09039996564388275, 0.20000001788139343, 0.0, 78.89474487304688, 3.4407297867601883
3178, 202.70278930664062, -299.6252746582031, -0.08912672847509384, 0.2500000298023224, 0.0, 78.70333862304688, 3.4353886256584967
3179, 202.72344970703125, -299.54156494140625, -0.08785349130630493, 0.30000004172325134, 0.0, 78.52302551269531, 3.4378236317514372
3180, 202.7451171875, -299.4548034667969, -0.08594363182783127, 0.3750000596046448, 0.0, 78.33964538574219, 3.4481047553995414
3181, 202.76605224609375, -299.3711242675781, -0.07639434188604355, 0.30000004172325134, 0.0, 78.17044067382812, 3.461397004212857
3182, 202.78707885742188, -299.2867736816406, -0.06684505939483643, 0.2250000238418579, 0.0, 78.01172637939453, 3.470200403966182
3183, 202.8094482421875, -299.19677734375, -0.06047885864973068, 0.17500001192092896, 0.0, 77.85647583007812, 3.4719880577598277
3184, 202.8289031982422, -299.118408203125, -0.05920562148094177, 0.125, 0.0, 77.73004913330078, 3.4672587243827686
3185, 202.8506622314453, -299.0312194824219, -0.05729576200246811, 0.05000000447034836, 0.0, 77.5967025756836, 3.453897958252327
3186, 202.8724822998047, -298.9441223144531, -0.0560225248336792, 4.0978194171259474e-09, 0.0, 77.46907043457031, 3.4318782188708714
3187, 202.8935089111328, -298.86077880859375, -0.05474928766489029, 0.0, 0.0, 77.3509521484375, 3.4077136893358997
3188, 202.9138641357422, -298.7804870605469, -0.052839428186416626, 0.0, 0.0, 77.24066925048828, 3.3816062158823748
3189, 202.933837890625, -298.7021484375, -0.051566191017627716, 0.0, 0.0, 77.13615417480469, 3.3548671862049435
3190, 202.9552459716797, -298.61859130859375, -0.050292953848838806, 0.0, 0.0, 77.02772521972656, 3.3256784326883677
3191, 202.97679138183594, -298.5349426269531, -0.04838309437036514, 0.0, 0.0, 76.92247772216797, 3.2961540968048046
3192, 202.99757385253906, -298.4546203613281, -0.04710985720157623, 0.0, 0.0, 76.82437133789062, 3.2676554916912344
3193, 203.0168914794922, -298.3802490234375, -0.04710985720157623, 0.0, 0.0, 76.73596954345703, 3.2412135605937786
3194, 203.03700256347656, -298.30303955078125, -0.04392676055431366, 0.0, 0.0, 76.6469955444336, 3.2137417592592366
3195, 203.05783081054688, -298.2230529785156, -0.037560559809207916, 0.0, 0.0, 76.56060791015625, 3.185329092128056
3196, 203.07833862304688, -298.1436767578125, -0.0280112624168396, 0.0, 0.0, 76.48517608642578, 3.1571426587144744
3197, 203.09732055664062, -298.0691833496094, -0.018461963161826134, 0.0, 0.0, 76.42671203613281, 3.1306311929714083
3198, 203.1165008544922, -297.9929504394531, -0.012095766142010689, 0.0, 0.0, 76.38007354736328, 3.103459206435898
3199, 203.13507080078125, -297.9182434082031, -0.0057295686565339565, 0.0, 0.0, 76.34687042236328, 3.0767921618727394
3200, 203.15277099609375, -297.8460388183594, 0.0019098592456430197, 0.0, 0.0, 76.32711029052734, 3.051006768055526
3201, 203.17042541503906, -297.773193359375, 0.005729577504098415, 0.0, 0.0, 76.31827545166016, 3.0249972762408683
3202, 203.1883544921875, -297.6983947753906, 0.009549296461045742, 0.0, 0.0, 76.3191909790039, 2.998305229848934
3203, 203.20497131347656, -297.6282653808594, 0.015278873965144157, 0.0, 0.0, 76.32901763916016, 2.973269837136723
3204, 203.22128295898438, -297.55877685546875, 0.019098592922091484, 0.0, 0.0, 76.34705352783203, 2.948472571344469
3205, 203.23760986328125, -297.4882507324219, 0.02291831001639366, 0.0, 0.0, 76.37312316894531, 2.923327238175921
3206, 203.25425720214844, -297.4154357910156, 0.02864788845181465, 0.0, 0.0, 76.40885162353516, 2.8973271679334154
3207, 203.27017211914062, -297.34478759765625, 0.03246760740876198, 0.0, 0.0, 76.4516372680664, 2.87213044075081
3208, 203.2845916748047, -297.28009033203125, 0.036287322640419006, 0.0, 0.0, 76.4973373413086, 2.849069617998549
3209, 203.298828125, -297.2153015136719, 0.040107037872076035, 0.0, 0.0, 76.54935455322266, 2.82597364777863
3210, 203.31410217285156, -297.14459228515625, 0.040107037872076035, 0.0, 0.0, 76.61421203613281, 2.8007156689825563
3211, 203.3289337158203, -297.07464599609375, 0.049656324088573456, 0.0, 0.0, 76.68628692626953, 2.77577580138346
3212, 203.34234619140625, -297.01025390625, 0.05538589879870415, 0.0, 0.0, 76.75984954833984, 2.7527775065717224
3213, 203.355712890625, -296.94488525390625, 0.05665913596749306, 0.0, 0.0, 76.84054565429688, 2.7295461917554467
3214, 203.3695526123047, -296.8767395019531, 0.05538589879870415, 0.0, 0.0, 76.92808532714844, 2.7054590951758777
3215, 203.38308715820312, -296.8096923828125, 0.053476039320230484, 0.0, 0.0, 77.01492309570312, 2.6818376129686494
3216, 203.39605712890625, -296.74517822265625, 0.05156618356704712, 0.0, 0.0, 77.09756469726562, 2.6591509824817305
3217, 203.4089813232422, -296.6806945800781, 0.05029294267296791, 0.0, 0.0, 77.17871856689453, 2.63648077366972
3218, 203.4220428466797, -296.6153564453125, 0.048383086919784546, 0.0, 0.0, 77.2588882446289, 2.613522651267415
3219, 203.4351348876953, -296.5497131347656, 0.047109849750995636, 0.0, 0.0, 77.33716583251953, 2.5904575191748136
3220, 203.44784545898438, -296.4859619140625, 0.04329013079404831, 0.0, 0.0, 77.41000366210938, 2.5680833254083772
3221, 203.4603271484375, -296.42388916015625, 0.033740829676389694, 0.0, 0.0, 77.473876953125, 2.5463616039557118
3222, 203.47329711914062, -296.3603515625, 0.0273746307939291, 0.0, 0.0, 77.53021240234375, 2.524055641700628
3223, 203.48619079589844, -296.2983093261719, 0.017825333401560783, 0.0, 0.0, 77.57438659667969, 2.5022044086929838
3224, 203.4989471435547, -296.23779296875, 0.011459135450422764, 0.0, 0.0, 77.60689544677734, 2.480859845718529
3225, 203.5105438232422, -296.1832275390625, 0.01018589548766613, 0.05000000074505806, 0.0, 77.62958526611328, 2.4570942321307188
3226, 203.52374267578125, -296.1214904785156, 0.008276035077869892, 0.125, 0.0, 77.64960479736328, 2.441131123681578
3227, 203.5369110107422, -296.0601806640625, 0.007002795580774546, 0.17500001192092896, 0.0, 77.66529846191406, 2.435246129909891
3228, 203.5495147705078, -296.0016174316406, 0.0057295565493404865, 0.2250000238418579, 0.0, 77.67735290527344, 2.436832404349829
3229, 203.5618133544922, -295.9444885253906, 0.00445631705224514, 0.27500003576278687, 0.0, 77.68693542480469, 2.4444256432586817
3230, 203.5746307373047, -295.8851623535156, 0.002546457340940833, 0.3500000536441803, 0.0, 77.69437408447266, 2.4590958275712334
3231, 203.58767700195312, -295.8245849609375, 0.002546457340940833, 0.3500000536441803, 0.0, 77.7022476196289, 2.4818180235776515
3232, 203.60128784179688, -295.7606506347656, 0.012095754034817219, 0.4750000834465027, 0.0, 77.71449279785156, 2.5132698486558267
3233, 203.6139373779297, -295.7005920410156, 0.01591547206044197, 0.5250000357627869, 0.0, 77.73080444335938, 2.5497463266879787
3234, 203.626953125, -295.6379699707031, 0.019735191017389297, 0.574999988079071, 0.0, 77.7530517578125, 2.5936008354197155
3235, 203.6405029296875, -295.5719909667969, 0.023554909974336624, 0.6499999165534973, 0.0, 77.78242492675781, 2.6457640979538084
3236, 203.65304565429688, -295.5098876953125, 0.031194346025586128, 0.7249998450279236, 0.0, 77.81702423095703, 2.701010501251016
3237, 203.66664123535156, -295.4413757324219, 0.035014063119888306, 0.7749997973442078, 0.0, 77.86306762695312, 2.7686827458296923
3238, 203.6800994873047, -295.3724670410156, 0.038833778351545334, 0.7249998450279236, 0.0, 77.9164047241211, 2.838135499415232
3239, 203.69412231445312, -295.2992858886719, 0.04456334933638573, 0.6499999165534973, 0.0, 77.9810791015625, 2.9063245256108603
3240, 203.70779418945312, -295.22662353515625, 0.048383064568042755, 0.5999999642372131, 0.0, 78.05281829833984, 2.9663582944160494
3241, 203.72085571289062, -295.1558837890625, 0.05411263555288315, 0.5250000357627869, 0.0, 78.1301040649414, 3.016696335549961
3242, 203.73443603515625, -295.0807800292969, 0.057932350784540176, 0.4750000536441803, 0.0, 78.21991729736328, 3.0613477166725835
3243, 203.7482452392578, -295.0027160644531, 0.061752066016197205, 0.42500004172325134, 0.0, 78.32100677490234, 3.0994656934733507
3244, 203.76138305664062, -294.926513671875, 0.0674816370010376, 0.3500000238418579, 0.0, 78.4276123046875, 3.128159956518519
3245, 203.77442932128906, -294.84906005859375, 0.07130135595798492, 0.30000001192092896, 0.0, 78.54402160644531, 3.1488918007719486
3246, 203.78762817382812, -294.7686767578125, 0.07512106746435165, 0.25, 0.0, 78.67263793945312, 3.1625141801677152
3247, 203.80003356933594, -294.6908874511719, 0.08085063844919205, 0.17499998211860657, 0.0, 78.80531311035156, 3.1674733292142627
3248, 203.81112670898438, -294.6194152832031, 0.08467035740613937, 0.22499999403953552, 0.0, 78.93418884277344, 3.1683745612378877
3249, 203.82305908203125, -294.53997802734375, 0.0884900689125061, 0.2750000059604645, 0.0, 79.0851058959961, 3.1720528207579175
3250, 203.8342742919922, -294.46270751953125, 0.0942196473479271, 0.3500000238418579, 0.0, 79.2399673461914, 3.1808862191535434
3251, 203.8452911376953, -294.3842468261719, 0.09803935885429382, 0.40000003576278687, 0.0, 79.40513610839844, 3.1972393901542597
3252, 203.85641479492188, -294.30194091796875, 0.10185907036066055, 0.4500000476837158, 0.0, 79.58599853515625, 3.2214710135548796
3253, 203.8668975830078, -294.22119140625, 0.10758864879608154, 0.3750000298023224, 0.0, 79.7716293334961, 3.246483721776927
3254, 203.87661743164062, -294.1431884765625, 0.11140836030244827, 0.32500001788139343, 0.0, 79.95846557617188, 3.266441895559224
3255, 203.8865203857422, -294.0595397949219, 0.11713793128728867, 0.25, 0.0, 80.16761016845703, 3.280515990792536
3256, 203.89566040039062, -293.97802734375, 0.12286750972270966, 0.17499998211860657, 0.0, 80.3808364868164, 3.285240063092008
3257, 203.90426635742188, -293.8966979980469, 0.12668722867965698, 0.12499997764825821, 0.0, 80.60235595703125, 3.281510254167016
3258, 203.91238403320312, -293.81549072265625, 0.1305069476366043, 0.07499998062849045, 0.0, 80.83180236816406, 3.2704497224014983
3259, 203.9193878173828, -293.74072265625, 0.1362365186214447, -1.8253922817734747e-08, 0.0, 81.05081939697266, 3.253072830353794
3260, 203.92654418945312, -293.6590576171875, 0.14005623757839203, 0.0, 0.0, 81.2987060546875, 3.230783549205069
3261, 203.93341064453125, -293.57421875, 0.14387594163417816, 0.0, 0.0, 81.56519317626953, 3.2038252686618156
3262, 203.9392852783203, -293.4943542480469, 0.14960551261901855, 0.0, 0.0, 81.82466125488281, 3.1767115714058565
3263, 203.94471740722656, -293.41326904296875, 0.15342523157596588, 0.0, 0.0, 82.09668731689453, 3.148538371310919
3264, 203.9492950439453, -293.3369445800781, 0.15915480256080627, 0.0, 0.0, 82.36082458496094, 3.1216070709981905
3265, 203.9532928466797, -293.2609558105469, 0.1629745215177536, 0.0, 0.0, 82.6317138671875, 3.0947363051996115
3266, 203.95697021484375, -293.1802978515625, 0.16679424047470093, 0.0, 0.0, 82.9273681640625, 3.0662047972443145
3267, 203.9598846435547, -293.1034240722656, 0.17252381145954132, 0.0, 0.0, 83.21731567382812, 3.038862545674069
3268, 203.96214294433594, -293.0301208496094, 0.17634353041648865, 0.0, 0.0, 83.50101470947266, 3.0128654988558807
3269, 203.96383666992188, -292.9573669433594, 0.18016323447227478, 0.0, 0.0, 83.78962707519531, 2.9870776087786988
3270, 203.96507263183594, -292.880615234375, 0.18589280545711517, 0.0, 0.0, 84.10220336914062, 2.959733246765411
3271, 203.9656524658203, -292.8094177246094, 0.1897125244140625, 0.0, 0.0, 84.39940643310547, 2.9344540305626157
3272, 203.9657440185547, -292.736572265625, 0.19353224337100983, 0.0, 0.0, 84.71052551269531, 2.9086183398818934
3273, 203.96530151367188, -292.67022705078125, 0.19926181435585022, 0.0, 0.0, 85.0005874633789, 2.884923349355076
3274, 203.96435546875, -292.6004943847656, 0.20053505897521973, 0.0, 0.0, 85.3114242553711, 2.8603241499935805
3275, 203.9628448486328, -292.52740478515625, 0.20180828869342804, 0.0, 0.0, 85.6419448852539, 2.8347157186517826
3276, 203.96104431152344, -292.458984375, 0.19926181435585022, 0.0, 0.0, 85.95304107666016, 2.811135215866999
3277, 203.9586944580078, -292.3844299316406, 0.1979885697364807, 0.0, 0.0, 86.29227447509766, 2.7854920853005423
3278, 203.956298828125, -292.3189697265625, 0.1967153400182724, 0.0, 0.0, 86.58929443359375, 2.7630267573162204
3279, 203.95362854003906, -292.25341796875, 0.19480547308921814, 0.0, 0.0, 86.88531494140625, 2.7405958189614394
3280, 203.95046997070312, -292.1839904785156, 0.19353224337100983, 0.0, 0.0, 87.19715881347656, 2.7168050066594054
3281, 203.9469757080078, -292.115234375, 0.19225899875164032, 0.0, 0.0, 87.50407409667969, 2.6932352290194443
3282, 203.94314575195312, -292.0466613769531, 0.19289562106132507, 0.02500000037252903, 0.0, 87.80941009521484, 2.6646290625638036
3283, 203.93890380859375, -291.9786376953125, 0.1967153400182724, 0.07500000298023224, 0.0, 88.11410522460938, 2.643746848818525
3284, 203.93435668945312, -291.91265869140625, 0.19989843666553497, 0.15000000596046448, 0.0, 88.41239166259766, 2.63086012204556
3285, 203.9296417236328, -291.8502502441406, 0.2011716663837433, 0.20000001788139343, 0.0, 88.69683074951172, 2.6265333321001543
3286, 203.92417907714844, -291.7823791503906, 0.19989843666553497, 0.2500000298023224, 0.0, 89.00684356689453, 2.6296278842034306
3287, 203.91845703125, -291.7160949707031, 0.20053505897521973, 0.3250000476837158, 0.0, 89.30985260009766, 2.63964517555961
3288, 203.9127655029297, -291.65386962890625, 0.19926181435585022, 0.3750000596046448, 0.0, 89.59405517578125, 2.6566921537358112
3289, 203.90655517578125, -291.5888366699219, 0.1979885697364807, 0.42500007152557373, 0.0, 89.88937377929688, 2.680901539784671
3290, 203.89990234375, -291.52239990234375, 0.1967153400182724, 0.4750000834465027, 0.0, 90.18929290771484, 2.71167674193716
3291, 203.89268493652344, -291.4533996582031, 0.19480547308921814, 0.550000011920929, 0.0, 90.49823760986328, 2.7500678290396294
3292, 203.88487243652344, -291.3818054199219, 0.19353224337100983, 0.5999999642372131, 0.0, 90.8159408569336, 2.7972054149759944
3293, 203.87738037109375, -291.3153991699219, 0.19162239134311676, 0.6749998927116394, 0.0, 91.10816955566406, 2.846690926513827
3294, 203.8685760498047, -291.2405700683594, 0.1897125244140625, 0.7499998211860657, 0.0, 91.4338150024414, 2.909880829853539
3295, 203.8596954345703, -291.1678466796875, 0.1884392946958542, 0.7999997735023499, 0.0, 91.74710845947266, 2.9779878678850786
3296, 203.85032653808594, -291.0934753417969, 0.18652942776679993, 0.8749997019767761, 0.0, 92.06433868408203, 3.053097263759513
3297, 203.8405303955078, -291.0184631347656, 0.1852561980485916, 0.9249996542930603, 0.0, 92.38114166259766, 3.134242067049253
3298, 203.82960510253906, -290.9378356933594, 0.1839829534292221, 0.9749996066093445, 0.0, 92.71820068359375, 3.2258787716323427
3299, 203.81808471679688, -290.85546875, 0.18207310140132904, 1.0, 0.0, 93.05913543701172, 3.3224999349860247
3300, 203.80650329589844, -290.77557373046875, 0.18079985678195953, 1.0, 0.0, 93.38704681396484, 3.416844941159466
3301, 203.79400634765625, -290.6923522949219, 0.1839829534292221, 1.0, 0.0, 93.72760009765625, 3.5134896062592884
3302, 203.78160095214844, -290.6131896972656, 0.18780267238616943, 1.0, 0.0, 94.05342102050781, 3.603576963905886
3303, 203.76687622070312, -290.5233154296875, 0.19162239134311676, 1.0, 0.0, 94.4275894165039, 3.7034748308061416
3304, 203.75071716308594, -290.42938232421875, 0.1954420953989029, 0.9750000238418579, 0.0, 94.82418823242188, 3.8045909091041157
3305, 203.7335968017578, -290.33428955078125, 0.19862519204616547, 0.9000000953674316, 0.0, 95.23162078857422, 3.9012862198164346
3306, 203.71658325195312, -290.2435607910156, 0.19735196232795715, 0.8500001430511475, 0.0, 95.62411499023438, 3.9871741149522157
3307, 203.699462890625, -290.1551818847656, 0.19607871770858765, 0.8000001907348633, 0.0, 96.00794219970703, 4.064382591884639
3308, 203.6805877685547, -290.0608215332031, 0.19480547308921814, 0.7500002384185791, 0.0, 96.41800689697266, 4.139595691769293
3309, 203.65956115722656, -289.95916748046875, 0.19289562106132507, 0.6750003099441528, 0.0, 96.85923767089844, 4.2118716325147085
3310, 203.63758850097656, -289.8563537597656, 0.19162239134311676, 0.6250003576278687, 0.0, 97.30410766601562, 4.275582316346428
3311, 203.61448669433594, -289.7518615722656, 0.19034914672374725, 0.5750004053115845, 0.0, 97.75491333007812, 4.331647865476543
3312, 203.5915985107422, -289.6510009765625, 0.1839829534292221, 0.5250004529953003, 0.0, 98.18598937988281, 4.378578465570216
3313, 203.56817626953125, -289.5499267578125, 0.1744336634874344, 0.45000046491622925, 0.0, 98.60953521728516, 4.418107913829435
3314, 203.5438232421875, -289.44683837890625, 0.16806747019290924, 0.4000004529953003, 0.0, 99.03067779541016, 4.449879142050716
3315, 203.5166778564453, -289.33404541015625, 0.1617012768983841, 0.35000044107437134, 0.0, 99.47784423828125, 4.4756136476815715
3316, 203.49032592773438, -289.2262878417969, 0.148968905210495, 0.2500004172325134, 0.0, 99.88859558105469, 4.491193683330072
3317, 203.46408081054688, -289.1203308105469, 0.14260271191596985, 0.20000040531158447, 0.0, 100.27593994140625, 4.496316471842454
3318, 203.43716430664062, -289.0132141113281, 0.1362365186214447, 0.15000039339065552, 0.0, 100.65170288085938, 4.492634315165601
3319, 203.408203125, -288.8994140625, 0.12668722867965698, 0.07500039041042328, 0.0, 101.03193664550781, 4.479252388932927
3320, 203.37997436523438, -288.7898864746094, 0.12032103538513184, 0.02500039152801037, 0.0, 101.38050079345703, 4.457137915529082
3321, 203.3524627685547, -288.6842041015625, 0.11395484209060669, -0.02499960921704769, 0.0, 101.7010498046875, 4.429747657300395
3322, 203.32554626464844, -288.5820007324219, 0.10758865624666214, 0.0, 0.0, 101.99652862548828, 4.399005909701241
3323, 203.29782104492188, -288.4775085449219, 0.09803936630487442, 0.0, 0.0, 102.2818832397461, 4.365015133868479
3324, 203.27017211914062, -288.3739318847656, 0.09167317301034927, 0.0, 0.0, 102.54782104492188, 4.32980823774227
3325, 203.24246215820312, -288.2707214355469, 0.08530697971582413, 0.0, 0.0, 102.79632568359375, 4.293934540383143
3326, 203.21604919433594, -288.1726989746094, 0.075757697224617, 0.0, 0.0, 103.0158920288086, 4.259542563643961
3327, 203.1885528564453, -288.0707702636719, 0.06939150393009186, 0.0, 0.0, 103.22650146484375, 4.223493137521294
3328, 203.1599578857422, -287.96502685546875, 0.06939150393009186, 0.0, 0.0, 103.4268569946289, 4.185871479557619
3329, 203.13331604003906, -287.8663330078125, 0.053476009517908096, 0.0, 0.0, 103.59609985351562, 4.1507157705305
3330, 203.10679626464844, -287.7679748535156, 0.04710981249809265, 0.0, 0.0, 103.74742889404297, 4.115561085550258
3331, 203.0803680419922, -287.66973876953125, 0.04074361175298691, 0.0, 0.0, 103.88189697265625, 4.080370374981283
3332, 203.0542755126953, -287.57208251953125, 0.02801121212542057, 0.0, 0.0, 103.99600219726562, 4.0453173305295556
3333, 203.02923583984375, -287.4774475097656, 0.021645013242959976, 0.0, 0.0, 104.08773803710938, 4.011333494513949
3334, 203.00445556640625, -287.38299560546875, 0.015278815291821957, 0.0, 0.0, 104.16182708740234, 3.9773866757203833
3335, 202.98020935058594, -287.2896728515625, 0.005729519296437502, 0.0, 0.0, 104.21702575683594, 3.9438193676374524
3336, 202.95538330078125, -287.1930847167969, 0.0, 0.0, 0.0, 104.25574493408203, 3.909162208638384
3337, 202.93118286132812, -287.0979919433594, -0.0038197184912860394, 0.0, 0.0, 104.2782211303711, 3.875121797800703
3338, 202.90924072265625, -287.0108642578125, -0.009549296461045742, 0.0, 0.0, 104.2862777709961, 3.843951500324935
3339, 202.88755798339844, -286.9240417480469, -0.013369014486670494, 0.0, 0.0, 104.282958984375, 3.812902055495848
3340, 202.86648559570312, -286.8388671875, -0.01718873344361782, 0.0, 0.0, 104.2696304321289, 3.782445041299316
3341, 202.84405517578125, -286.7472839355469, -0.021008450537919998, 0.0, 0.0, 104.2447738647461, 3.7497295864716675
3342, 202.82379150390625, -286.66363525390625, -0.024828169494867325, 0.0, 0.0, 104.21332550048828, 3.719857170442019
3343, 202.80247497558594, -286.57464599609375, -0.030557747930288315, 0.0, 0.0, 104.1697006225586, 3.6880284036810966
3344, 202.78167724609375, -286.4865417480469, -0.03437746688723564, 0.0, 0.0, 104.1164779663086, 3.6565445809153325
3345, 202.76187133789062, -286.4020080566406, -0.03310422599315643, 0.05000000074505806, 0.0, 104.05912780761719, 3.6268006624112914
3346, 202.74246215820312, -286.318603515625, -0.03183098882436752, 0.10000000149011612, 0.0, 103.99946594238281, 3.602383837396771
3347, 202.72288513183594, -286.2344055175781, -0.02992113120853901, 0.17500001192092896, 0.0, 103.93849182128906, 3.584147099101492
3348, 202.7025146484375, -286.14654541015625, -0.02864789217710495, 0.2250000238418579, 0.0, 103.87555694580078, 3.5736273322158802
3349, 202.6823272705078, -286.0594177246094, -0.02737465500831604, 0.27500003576278687, 0.0, 103.8147201538086, 3.571012995877169
3350, 202.6632537841797, -285.97705078125, -0.025464797392487526, 0.3500000536441803, 0.0, 103.75936126708984, 3.5755462904579214
3351, 202.6448974609375, -285.8976135253906, -0.024191558361053467, 0.40000006556510925, 0.0, 103.70842742919922, 3.5871115064499803
3352, 202.62562561035156, -285.8141784667969, -0.022918321192264557, 0.4500000774860382, 0.0, 103.65745544433594, 3.606107299692615
3353, 202.60560607910156, -285.7274475097656, -0.021645082160830498, 0.5000000596046448, 0.0, 103.60733032226562, 3.6325784150731364
3354, 202.58609008789062, -285.6428527832031, -0.019735224545001984, 0.574999988079071, 0.0, 103.56151580810547, 3.6647901641707152
3355, 202.5659942626953, -285.55584716796875, -0.01782536692917347, 0.6499999165534973, 0.0, 103.51782989501953, 3.705522091021746
3356, 202.54522705078125, -285.46588134765625, -0.01655212789773941, 0.6999998688697815, 0.0, 103.47622680664062, 3.755548428027776
3357, 202.52471923828125, -285.3768310546875, -0.017188748344779015, 0.7749997973442078, 0.0, 103.43730926513672, 3.8117479465108315
3358, 202.5042724609375, -285.28759765625, -0.02100846730172634, 0.8249997496604919, 0.0, 103.39769744873047, 3.8746250837766283
3359, 202.482421875, -285.1913146972656, -0.024828186258673668, 0.7749997973442078, 0.0, 103.35150909423828, 3.9454360090606553
3360, 202.462158203125, -285.10107421875, -0.028647903352975845, 0.7249998450279236, 0.0, 103.30366516113281, 4.009883602309106
3361, 202.4398956298828, -285.0003967285156, -0.034377481788396835, 0.6499999165534973, 0.0, 103.24256134033203, 4.075899809353951
3362, 202.4196014404297, -284.9072265625, -0.038197197020053864, 0.5999999642372131, 0.0, 103.17845153808594, 4.130233455899833
3363, 202.39999389648438, -284.8161926269531, -0.036923956125974655, 0.550000011920929, 0.0, 103.11085510253906, 4.1771139631287815
3364, 202.37925720214844, -284.7193298339844, -0.035650718957185745, 0.5000000596046448, 0.0, 103.0362548828125, 4.220059944741087
3365, 202.35777282714844, -284.6184997558594, -0.03374085947871208, 0.42500004172325134, 0.0, 102.95782470703125, 4.256520893680217
3366, 202.335205078125, -284.5123596191406, -0.03246762230992317, 0.3750000298023224, 0.0, 102.87574005126953, 4.285658772248705
3367, 202.31405639648438, -284.4124755859375, -0.031194385141134262, 0.32500001788139343, 0.0, 102.79972076416016, 4.305270662043031
3368, 202.2921905517578, -284.3088073730469, -0.029284527525305748, 0.25, 0.0, 102.72300720214844, 4.317183993260967
3369, 202.27212524414062, -284.21343994140625, -0.030557766556739807, 0.19999998807907104, 0.0, 102.65326690673828, 4.320303184024795
3370, 202.251220703125, -284.113037109375, -0.034377485513687134, 0.1499999761581421, 0.0, 102.57828521728516, 4.316008542033449
3371, 202.23048400878906, -284.0120544433594, -0.03819720074534416, 0.09999997913837433, 0.0, 102.49884033203125, 4.304388181408393
3372, 202.2098388671875, -283.90985107421875, -0.043926771730184555, 0.024999981746077538, 0.0, 102.41165924072266, 4.284598305066315
3373, 202.18765258789062, -283.79791259765625, -0.04774648696184158, 0.0, 0.0, 102.3066177368164, 4.254051990593558
3374, 202.16909790039062, -283.7025451660156, -0.05156620219349861, 0.0, 0.0, 102.20947265625, 4.2238655392099185
3375, 202.15130615234375, -283.6092834472656, -0.05538591742515564, 0.05000000074505806, 0.0, 102.10694885253906, 4.194392886995807
3376, 202.1346893310547, -283.52069091796875, -0.056022536009550095, 0.125, 0.0, 102.00386047363281, 4.169148926274446
3377, 202.11566162109375, -283.4176940917969, -0.054749298840761185, 0.17500001192092896, 0.0, 101.87947082519531, 4.14666172793212
3378, 202.0974884033203, -283.3183288574219, -0.053476057946681976, 0.2250000238418579, 0.0, 101.75756072998047, 4.1321855216455345
3379, 202.08016967773438, -283.2227783203125, -0.052202820777893066, 0.27500003576278687, 0.0, 101.64005279541016, 4.12493094197272
3380, 202.06207275390625, -283.1217956542969, -0.0502929650247097, 0.3500000536441803, 0.0, 101.5173568725586, 4.124885327069985
3381, 202.04464721679688, -283.02398681640625, -0.04901972413063049, 0.40000006556510925, 0.0, 101.40059661865234, 4.133008742502955
3382, 202.02798461914062, -282.92974853515625, -0.04901972413063049, 0.40000006556510925, 0.0, 101.29045104980469, 4.14759098175287
3383, 202.01173400878906, -282.8371276855469, -0.04647324979305267, 0.5000000596046448, 0.0, 101.18468475341797, 4.167974547410407
3384, 201.99560546875, -282.74462890625, -0.045200008898973465, 0.550000011920929, 0.0, 101.08157348632812, 4.194107683684945
3385, 201.97866821289062, -282.64599609375, -0.0502929650247097, 0.6499999165534973, 0.0, 100.97150421142578, 4.228515342411818
3386, 201.9608154296875, -282.5401611328125, -0.05411267653107643, 0.5999999642372131, 0.0, 100.85002899169922, 4.271339412026786
3387, 201.94422912597656, -282.4395751953125, -0.05793239176273346, 0.550000011920929, 0.0, 100.7298583984375, 4.311898155488369
3388, 201.92697143554688, -282.3323059082031, -0.06175210699439049, 0.5000000596046448, 0.0, 100.59513854980469, 4.351536667151861
3389, 201.910888671875, -282.2294921875, -0.06748168170452118, 0.42500004172325134, 0.0, 100.45824432373047, 4.383555609910722
3390, 201.8958740234375, -282.1308288574219, -0.06875492632389069, 0.3750000298023224, 0.0, 100.31999206542969, 4.40784763754206
3391, 201.88082885742188, -282.03009033203125, -0.06748168170452118, 0.32500001788139343, 0.0, 100.17440032958984, 4.4261466594813506
3392, 201.8653106689453, -281.92413330078125, -0.06620844453573227, 0.2750000059604645, 0.0, 100.0186538696289, 4.438236564754818
3393, 201.84947204589844, -281.8143615722656, -0.0642985925078392, 0.19999998807907104, 0.0, 99.85667419433594, 4.442295350565315
3394, 201.83462524414062, -281.7098083496094, -0.0630253478884697, 0.1499999761581421, 0.0, 99.70292663574219, 4.4378748585009475
3395, 201.81976318359375, -281.60369873046875, -0.061752110719680786, 0.09999997913837433, 0.0, 99.5480728149414, 4.425867837722692
3396, 201.8060302734375, -281.5041809082031, -0.060478873550891876, 0.04999998211860657, 0.0, 99.404296875, 4.40804715359843
3397, 201.79275512695312, -281.4068603515625, -0.05856901779770851, 0.0, 0.0, 99.2656021118164, 4.384091759878368
3398, 201.77932739257812, -281.3069763183594, -0.0572957769036293, 0.0, 0.0, 99.1255111694336, 4.354651505851418
3399, 201.7664337158203, -281.2098083496094, -0.05602253973484039, 0.0, 0.0, 98.99159240722656, 4.323448930584416
3400, 201.7532196044922, -281.1086730957031, -0.05474930256605148, 0.0, 0.0, 98.85481262207031, 4.289550287675893
3401, 201.74020385742188, -281.0080871582031, -0.05283944308757782, 0.0, 0.0, 98.72181701660156, 4.2550787291896714
3402, 201.72756958007812, -280.908935546875, -0.05156620591878891, 0.0, 0.0, 98.59379577636719, 4.220694148037755
3403, 201.71458435058594, -280.80572509765625, -0.05029296875, 0.0, 0.0, 98.46381378173828, 4.184686004914352
3404, 201.7029571533203, -280.7121887207031, -0.04901972785592079, 0.0, 0.0, 98.34874725341797, 4.151964416798489
3405, 201.6911163330078, -280.61572265625, -0.04774649068713188, 0.0, 0.0, 98.23299407958984, 4.118180431819837
3406, 201.67991638183594, -280.5235290527344, -0.04583663120865822, 0.0, 0.0, 98.12532043457031, 4.085876590634813
3407, 201.6689453125, -280.4323425292969, -0.04456339403986931, 0.0, 0.0, 98.02178955078125, 4.0539071472891886
3408, 201.65792846679688, -280.3398132324219, -0.0432901568710804, 0.0, 0.0, 97.91969299316406, 4.021528655982913
3409, 201.6469268798828, -280.2464294433594, -0.04201691970229149, 0.0, 0.0, 97.81968688964844, 3.988899475425184
3410, 201.6363983154297, -280.1560363769531, -0.04074367880821228, 0.0, 0.0, 97.72566986083984, 3.957344922763737
3411, 201.62538146972656, -280.0605773925781, -0.038833823055028915, 0.0, 0.0, 97.62965393066406, 3.924044242297524
3412, 201.6141357421875, -279.9622802734375, -0.03756058216094971, 0.0, 0.0, 97.53437042236328, 3.889844355727928
3413, 201.60292053222656, -279.8635559082031, -0.03565072640776634, 0.0, 0.0, 97.44243621826172, 3.855547737650489
3414, 201.59339904785156, -279.7789306640625, -0.03437748923897743, 0.0, 0.0, 97.36650085449219, 3.8261701494018303
3415, 201.58311462402344, -279.6864318847656, -0.03756058216094971, 0.0, 0.0, 97.28429412841797, 3.794004235669455
3416, 201.5731658935547, -279.5945739746094, -0.041380297392606735, 0.0, 0.0, 97.20055389404297, 3.7619892339336265
3417, 201.56309509277344, -279.4988098144531, -0.04520001262426376, 0.0, 0.0, 97.10865783691406, 3.7285627614329426
3418, 201.55372619628906, -279.40625, -0.050929587334394455, 0.02500000037252903, 0.0, 97.01311492919922, 3.6960738905850916
3419, 201.54551696777344, -279.3221130371094, -0.05474930256605148, 0.07500000298023224, 0.0, 96.91950225830078, 3.669686158257944
3420, 201.53746032714844, -279.2359924316406, -0.05856901779770851, 0.125, 0.0, 96.81669616699219, 3.6476771267178902
3421, 201.52923583984375, -279.1456604003906, -0.05665915831923485, 0.20000001788139343, 0.0, 96.70408630371094, 3.6317068419704306
3422, 201.52159118652344, -279.05975341796875, -0.05538592115044594, 0.2500000298023224, 0.0, 96.59524536132812, 3.624462615040753
3423, 201.51416015625, -278.9747314453125, -0.05411268398165703, 0.30000004172325134, 0.0, 96.48747253417969, 3.624359457136723
3424, 201.5067596435547, -278.8887939453125, -0.05283944308757782, 0.3500000536441803, 0.0, 96.37943267822266, 3.630964674118461
3425, 201.49952697753906, -278.8038024902344, -0.050929587334394455, 0.3250000476837158, 0.0, 96.27450561523438, 3.6412622143779725
3426, 201.49269104003906, -278.7223815917969, -0.04965634644031525, 0.27500003576278687, 0.0, 96.17608642578125, 3.6502784457118094
3427, 201.48545837402344, -278.6351623535156, -0.04838310927152634, 0.2250000238418579, 0.0, 96.07298278808594, 3.65590947064951
3428, 201.47879028320312, -278.55340576171875, -0.04710987210273743, 0.17500001192092896, 0.0, 95.978515625, 3.6561764336554115
3429, 201.47140502929688, -278.4621887207031, -0.04520001262426376, 0.10000000149011612, 0.0, 95.87596130371094, 3.649026891241014
3430, 201.4644317626953, -278.3739013671875, -0.04901972785592079, 0.15000000596046448, 0.0, 95.77680206298828, 3.637877262438707
3431, 201.45782470703125, -278.2870178222656, -0.05283944308757782, 0.20000001788139343, 0.0, 95.67658233642578, 3.628736508289441
3432, 201.45159912109375, -278.2012939453125, -0.05665915831923485, 0.2500000298023224, 0.0, 95.5734634399414, 3.6240813209111287
3433, 201.44573974609375, -278.11669921875, -0.05984225496649742, 0.3250000476837158, 0.0, 95.4668197631836, 3.6252956380681844
3434, 201.44015502929688, -278.0322265625, -0.05856901779770851, 0.3750000596046448, 0.0, 95.35731506347656, 3.633855561942392
3435, 201.4344940185547, -277.94476318359375, -0.0572957769036293, 0.42500007152557373, 0.0, 95.24282836914062, 3.6497190045690315
3436, 201.42898559570312, -277.85662841796875, -0.05602253973484039, 0.4750000834465027, 0.0, 95.12783813476562, 3.6722572132539426
3437, 201.42344665527344, -277.7665100097656, -0.05411268398165703, 0.550000011920929, 0.0, 95.01194763183594, 3.702049572680155
3438, 201.41810607910156, -277.67779541015625, -0.05283944308757782, 0.550000011920929, 0.0, 94.89997863769531, 3.737001830442845
3439, 201.41268920898438, -277.5856628417969, -0.05156620591878891, 0.5000000596046448, 0.0, 94.78627014160156, 3.774089408537764
3440, 201.4074249267578, -277.49462890625, -0.04965634644031525, 0.42500004172325134, 0.0, 94.67678833007812, 3.8067906319081226
3441, 201.402587890625, -277.40948486328125, -0.04838310927152634, 0.3750000298023224, 0.0, 94.57675170898438, 3.8317665014441094
3442, 201.39743041992188, -277.3168640136719, -0.04710987210273743, 0.32500001788139343, 0.0, 94.47068786621094, 3.852337674315738
3443, 201.3923797607422, -277.22418212890625, -0.04583663120865822, 0.2750000059604645, 0.0, 94.36714172363281, 3.8660619764820097
3444, 201.38706970214844, -277.1268615722656, -0.03883381560444832, 0.19999998807907104, 0.0, 94.26434326171875, 3.8722831167868574
3445, 201.3818359375, -277.0319519042969, -0.032467614859342575, 0.1499999761581421, 0.0, 94.17266082763672, 3.8699597966208272
3446, 201.3767547607422, -276.9417419433594, -0.02610141597688198, 0.09999997913837433, 0.0, 94.09497833251953, 3.8608005545565685
3447, 201.37173461914062, -276.8555603027344, -0.019735217094421387, 0.04999998211860657, 0.0, 94.03054809570312, 3.8458920118995987
3448, 201.3662109375, -276.76422119140625, -0.012732398696243763, 0.0, 0.0, 93.97425079345703, 3.8237101517310608
3449, 201.3602752685547, -276.668701171875, -0.011459157802164555, 0.0, 0.0, 93.92638397216797, 3.7952765495681713
3450, 201.35462951660156, -276.57861328125, -0.01018591783940792, 0.0, 0.0, 93.88890075683594, 3.7661248414430553
3451, 201.3489532470703, -276.4891357421875, -0.008276057429611683, 0.0, 0.0, 93.85774993896484, 3.7360888233497884
3452, 201.3430633544922, -276.3959045410156, -0.007002818398177624, 0.0, 0.0, 93.8307876586914, 3.7042690492601578
3453, 201.33786010742188, -276.3148498535156, -0.005092959385365248, 0.0, 0.0, 93.81137084960938, 3.676392964345256
3454, 201.33224487304688, -276.22698974609375, -0.0038197198882699013, 0.0, 0.0, 93.79434967041016, 3.6460727058871987
3455, 201.32696533203125, -276.1460266113281, 0.0019098592456430197, 0.0, 0.0, 93.78387451171875, 3.618060498855153
3456, 201.32101440429688, -276.0578308105469, 0.007639436982572079, 0.0, 0.0, 93.78067016601562, 3.587461402036994
3457, 201.31475830078125, -275.9685363769531, 0.01145915500819683, 0.0, 0.0, 93.78643798828125, 3.5564502049741873
3458, 201.3083953857422, -275.8807067871094, 0.015278873965144157, 0.0, 0.0, 93.80066680908203, 3.5259133767988042
3459, 201.30210876464844, -275.7966613769531, 0.021008450537919998, 0.02500000037252903, 0.0, 93.82317352294922, 3.49547266618987
3460, 201.29624938964844, -275.7209777832031, 0.024828169494867325, 0.07500000298023224, 0.0, 93.85089874267578, 3.471492804431328
3461, 201.28997802734375, -275.6416015625, 0.023554932326078415, 0.125, 0.0, 93.88539123535156, 3.451539615169598
3462, 201.282958984375, -275.55401611328125, 0.022281693294644356, 0.17500001192092896, 0.0, 93.92676544189453, 3.4365146477302018
3463, 201.27633666992188, -275.471435546875, 0.02037183567881584, 0.2500000298023224, 0.0, 93.9664535522461, 3.4294909376597933
3464, 201.27011108398438, -275.39385986328125, 0.019098598510026932, 0.30000004172325134, 0.0, 94.00320434570312, 3.430238457824308
3465, 201.2634735107422, -275.3106689453125, 0.017825359478592873, 0.3500000536441803, 0.0, 94.04125213623047, 3.438255748331057
3466, 201.25726318359375, -275.2327575683594, 0.016552120447158813, 0.40000006556510925, 0.0, 94.0752944946289, 3.451858794585155
3467, 201.2510528564453, -275.15496826171875, 0.015278881415724754, 0.4500000774860382, 0.0, 94.10750579833984, 3.471101221936869
3468, 201.2450714111328, -275.08026123046875, 0.01400564145296812, 0.5000000596046448, 0.0, 94.13660430908203, 3.494762005457607
3469, 201.23883056640625, -275.0016784667969, 0.012732401490211487, 0.550000011920929, 0.0, 94.16510009765625, 3.525087852879913
3470, 201.23252868652344, -274.9222106933594, 0.011459161527454853, 0.5999999642372131, 0.0, 94.19172668457031, 3.561130643737988
3471, 201.22607421875, -274.84051513671875, 0.010185920633375645, 0.6499999165534973, 0.0, 94.21678161621094, 3.6035600568441715
3472, 201.21939086914062, -274.7554931640625, 0.008276060223579407, 0.574999988079071, 0.0, 94.24007415771484, 3.6493611591560526
3473, 201.21343994140625, -274.6793212890625, 0.007002821192145348, 0.5250000357627869, 0.0, 94.2585678100586, 3.687621246848174
3474, 201.2069854736328, -274.5970153808594, 0.0057295821607112885, 0.4500000476837158, 0.0, 94.27605438232422, 3.7236245980632385
3475, 201.20057678222656, -274.5141296386719, 0.0038197229150682688, 0.40000003576278687, 0.0, 94.29082489013672, 3.753220537980224
3476, 201.19398498535156, -274.4284973144531, 0.002546482952311635, 0.3500000238418579, 0.0, 94.30305480957031, 3.7769786410342303
3477, 201.18739318847656, -274.34222412109375, 0.0012732435716316104, 0.30000001192092896, 0.0, 94.31244659423828, 3.7941612703581713
3478, 201.18060302734375, -274.2530517578125, 0.0, 0.25, 0.0, 94.31922149658203, 3.805011794741165
3479, 201.17344665527344, -274.158447265625, 0.0, 0.17499998211860657, 0.0, 94.32382202148438, 3.808135416626596
3480, 201.1666717529297, -274.0686950683594, 0.0, 0.12499997764825821, 0.0, 94.32669830322266, 3.8030242296693157
3481, 201.16036987304688, -273.9844055175781, -0.0038197184912860394, 0.07499998062849045, 0.0, 94.32672119140625, 3.7917595915501234
3482, 201.15394592285156, -273.8971252441406, -0.007639436982572079, 0.024999981746077538, 0.0, 94.32221984863281, 3.7736320391305167
3483, 201.14752197265625, -273.8076477050781, -0.01145915500819683, 0.0, 0.0, 94.31156921386719, 3.74977237329188
3484, 201.1415252685547, -273.72100830078125, -0.01718873344361782, 0.0, 0.0, 94.2939224243164, 3.7230069036709783
3485, 201.1360321044922, -273.638671875, -0.021008450537919998, 0.0, 0.0, 94.26984405517578, 3.6959422634019496
3486, 201.1307373046875, -273.5562744140625, -0.024828169494867325, 0.0, 0.0, 94.23834228515625, 3.668063889155263
3487, 201.125732421875, -273.4764709472656, -0.023554932326078415, 0.0, 0.0, 94.20289611816406, 3.640764535567364
3488, 201.120849609375, -273.3972473144531, -0.022281693294644356, 0.0, 0.0, 94.1651611328125, 3.6135137171007017
3489, 201.1157989501953, -273.3150634765625, -0.021008456125855446, 0.05000000074505806, 0.0, 94.125, 3.585193556948807
3490, 201.1107635498047, -273.232421875, -0.019735217094421387, 0.10000000149011612, 0.0, 94.0848159790039, 3.5614778724686857
3491, 201.10609436035156, -273.1562194824219, -0.018461978062987328, 0.15000000596046448, 0.0, 94.04862976074219, 3.544682489516688
3492, 201.10121154785156, -273.076416015625, -0.017188740894198418, 0.20000001788139343, 0.0, 94.0123062133789, 3.5329652459758942
3493, 201.09657287597656, -273.00103759765625, -0.01591550186276436, 0.2500000298023224, 0.0, 93.97970581054688, 3.527583292370923
3494, 201.0917510986328, -272.9225158691406, -0.014642261900007725, 0.30000004172325134, 0.0, 93.94786834716797, 3.528030519396938
3495, 201.08697509765625, -272.8448486328125, -0.012732401490211487, 0.3750000596046448, 0.0, 93.9188232421875, 3.534767561382476
3496, 201.0821990966797, -272.7680358886719, -0.011459161527454853, 0.42500007152557373, 0.0, 93.8926773071289, 3.5482917192371266
3497, 201.07737731933594, -272.69012451171875, -0.010185920633375645, 0.4750000834465027, 0.0, 93.86872100830078, 3.5682495919495034
3498, 201.072265625, -272.60821533203125, -0.008276060223579407, 0.550000011920929, 0.0, 93.84649658203125, 3.5957543930493787
3499, 201.0668487548828, -272.5222473144531, -0.007002821192145348, 0.5999999642372131, 0.0, 93.826416015625, 3.6321563691442433
3500, 201.06179809570312, -272.4425964355469, -0.0057295821607112885, 0.6499999165534973, 0.0, 93.81048583984375, 3.6716970570805953
3501, 201.05665588378906, -272.3617248535156, -0.004456342663615942, 0.5999999642372131, 0.0, 93.79686737060547, 3.7143876846382273
3502, 201.05133056640625, -272.2783508300781, -0.003183102933689952, 0.550000011920929, 0.0, 93.78546905517578, 3.7566758248694296
3503, 201.0457305908203, -272.1919250488281, -0.0019098633201792836, 0.5000000596046448, 0.0, 93.77627563476562, 3.7963556871448345
3504, 201.04025268554688, -272.10748291015625, 0.0, 0.4500000476837158, 0.0, 93.77010345458984, 3.829964117886758
3505, 201.03488159179688, -272.0257873535156, 0.0, 0.40000003576278687, 0.0, 93.76619720458984, 3.857122532851041
3506, 201.02935791015625, -271.94134521484375, 0.0, 0.3500000238418579, 0.0, 93.76358795166016, 3.879316696582194
3507, 201.0237579345703, -271.8565673828125, 0.0, 0.30000001192092896, 0.0, 93.76187896728516, 3.895489964868487
3508, 201.0179443359375, -271.7684020996094, 0.0, 0.25, 0.0, 93.76075744628906, 3.9058111789019603
3509, 201.011962890625, -271.6773986816406, 0.0, 0.17499998211860657, 0.0, 93.76000213623047, 3.9087842739836214
3510, 201.00634765625, -271.5914306640625, 0.0, 0.12499997764825821, 0.0, 93.75953674316406, 3.9041872333210934
3511, 201.00059509277344, -271.5038146972656, 0.0, 0.07499998062849045, 0.0, 93.7591781616211, 3.892757017382319
3512, 200.99497985839844, -271.4186096191406, 0.0, 0.024999981746077538, 0.0, 93.75881958007812, 3.87539299678721
3513, 200.98919677734375, -271.33074951171875, 0.0, 0.0, 0.0, 93.75848388671875, 3.852035501091687
3514, 200.98355102539062, -271.2452087402344, 0.0019098592456430197, 0.0, 0.0, 93.75901794433594, 3.825837305211433
3515, 200.9779510498047, -271.1619873046875, 0.007639436982572079, 0.0, 0.0, 93.76290130615234, 3.798656252600124
3516, 200.97218322753906, -271.0791015625, 0.01145915500819683, 0.0, 0.0, 93.77178955078125, 3.7707357630600433
3517, 200.96630859375, -270.9955749511719, 0.010185915045440197, 0.0, 0.0, 93.78447723388672, 3.7421974234916533
3518, 200.96041870117188, -270.91278076171875, 0.008912675082683563, 0.0, 0.0, 93.79877471923828, 3.713706318067366
3519, 200.9545135498047, -270.82916259765625, 0.0070028156042099, 0.0, 0.0, 93.81324768066406, 3.6848582594785486
3520, 200.9486846923828, -270.74676513671875, 0.0057295761071145535, 0.0, 0.0, 93.82667541503906, 3.6563692127065988
3521, 200.94308471679688, -270.6666259765625, 0.004456337075680494, 0.0, 0.0, 93.83834838867188, 3.628659865534404
3522, 200.93711853027344, -270.5809631347656, 0.003183097345754504, 0.0, 0.0, 93.84884643554688, 3.599010734087118
3523, 200.93075561523438, -270.4888610839844, 0.001909857615828514, 0.0, 0.0, 93.857666015625, 3.5671380347529142
3524, 200.92495727539062, -270.4040832519531, 0.0, 0.0, 0.0, 93.86317443847656, 3.5377897276798604
3525, 200.9191436767578, -270.3182373046875, 0.0, 0.0, 0.0, 93.8665542602539, 3.5080935478618094
3526, 200.91329956054688, -270.2319641113281, 0.0, 0.0, 0.0, 93.86853790283203, 3.47823951561256
3527, 200.9078826904297, -270.1519775390625, 0.0, 0.0, 0.0, 93.86959075927734, 3.4505635819184794
3528, 200.90223693847656, -270.06939697265625, 0.0038197184912860394, 0.0, 0.0, 93.87206268310547, 3.4219805733783453
3529, 200.89654541015625, -269.98760986328125, 0.007639436982572079, 0.0, 0.0, 93.87810516357422, 3.393633114848681
3530, 200.89065551757812, -269.9063415527344, 0.01145915500819683, 0.05000000074505806, 0.0, 93.88910675048828, 3.364527432019724
3531, 200.88441467285156, -269.8218688964844, 0.015278873965144157, 0.10000000149011612, 0.0, 93.90694427490234, 3.3406044612628114
3532, 200.8784942626953, -269.744140625, 0.01846197247505188, 0.17500001192092896, 0.0, 93.92919158935547, 3.325051729398399
3533, 200.87269592285156, -269.66937255859375, 0.016552114859223366, 0.2500000298023224, 0.0, 93.953857421875, 3.3177582612880556
3534, 200.86680603027344, -269.593505859375, 0.015278875827789307, 0.30000004172325134, 0.0, 93.98003387451172, 3.3186013924011015
3535, 200.86058044433594, -269.5134582519531, 0.014005635865032673, 0.2500000298023224, 0.0, 94.00753784179688, 3.323298850929663
3536, 200.8542022705078, -269.4307861328125, 0.012095775455236435, 0.17500001192092896, 0.0, 94.0345458984375, 3.324855643629133
3537, 200.84808349609375, -269.3514099121094, 0.010822535492479801, 0.125, 0.0, 94.05860137939453, 3.3203903994922297
3538, 200.8416290283203, -269.2673034667969, 0.009549295529723167, 0.07500000298023224, 0.0, 94.08187866210938, 3.308994916530224
3539, 200.8360137939453, -269.1934814453125, 0.008276054635643959, 0.02500000409781933, 0.0, 94.100341796875, 3.2932800361113608
3540, 200.8303680419922, -269.1191711425781, 0.0070028156042099, -0.02499999664723873, 0.0, 94.11683654785156, 3.2734637191513194
3541, 200.82470703125, -269.0439453125, 0.005092956591397524, 0.0, 0.0, 94.13111114501953, 3.2532329471683052
3542, 200.81887817382812, -268.9663391113281, 0.0038197170943021774, 0.0, 0.0, 94.14310455322266, 3.229252326161106
3543, 200.81285095214844, -268.88525390625, 0.0025464773643761873, 0.0, 0.0, 94.15282440185547, 3.2025796801112985
3544, 200.8074188232422, -268.81121826171875, 0.0, 0.0, 0.0, 94.15872192382812, 3.1775251295728557
3545, 200.80198669433594, -268.7367858886719, 0.0, 0.0, 0.0, 94.16229248046875, 3.15201888266663
3546, 200.7967987060547, -268.66552734375, 0.0, 0.02500000037252903, 0.0, 94.16429901123047, 3.124596549884233
3547, 200.79164123535156, -268.5950012207031, 0.0, 0.07500000298023224, 0.0, 94.16543579101562, 3.10225010099834
3548, 200.78662109375, -268.5260925292969, 0.0, 0.125, 0.0, 94.1660385131836, 3.085855664796974
3549, 200.7815704345703, -268.4571533203125, 0.0, 0.17500001192092896, 0.0, 94.16634368896484, 3.075283122970296
3550, 200.77659606933594, -268.3885803222656, 0.0, 0.2250000238418579, 0.0, 94.16651153564453, 3.0707227742519803
3551, 200.77149963378906, -268.3186340332031, 0.0, 0.27500003576278687, 0.0, 94.16661071777344, 3.0722242416346988
3552, 200.76634216308594, -268.2479553222656, 0.0, 0.3500000536441803, 0.0, 94.1667251586914, 3.0802606365032155
3553, 200.7610321044922, -268.1750793457031, 0.0, 0.42500007152557373, 0.0, 94.16683959960938, 3.0965860747446623
3554, 200.75552368164062, -268.0995178222656, 0.0, 0.4750000834465027, 0.0, 94.16708374023438, 3.1219387174622084
3555, 200.7498016357422, -268.0209045410156, 0.0, 0.5250000357627869, 0.0, 94.16740417480469, 3.1555709318329663
3556, 200.7440185546875, -267.9415588378906, 0.0, 0.574999988079071, 0.0, 94.16780853271484, 3.1957908060681643
3557, 200.73851013183594, -267.8658752441406, 0.0, 0.6499999165534973, 0.0, 94.16828155517578, 3.2397903024529655
3558, 200.73353576660156, -267.7975158691406, 0.0, 0.6999998688697815, 0.0, 94.16876983642578, 3.2848356467575432
3559, 200.72811889648438, -267.72320556640625, 0.0, 0.7499998211860657, 0.0, 94.16939544677734, 3.338847364582734
3560, 200.72265625, -267.6478271484375, 0.0, 0.7999997735023499, 0.0, 94.17009735107422, 3.3984423240057318
3561, 200.71717834472656, -267.5727233886719, 0.0, 0.849999725818634, 0.0, 94.1708984375, 3.462087947712735
3562, 200.71170043945312, -267.4972839355469, 0.0, 0.7999997735023499, 0.0, 94.1717529296875, 3.5275991212926128
3563, 200.70571899414062, -267.4150085449219, 0.0, 0.7999997735023499, 0.0, 94.17274475097656, 3.596463290907531
3564, 200.69984436035156, -267.3344421386719, 0.0, 0.6999998688697815, 0.0, 94.1737289428711, 3.659352310145934
3565, 200.69390869140625, -267.2528076171875, 0.0, 0.6999998688697815, 0.0, 94.17472839355469, 3.717562304096118
3566, 200.68812561035156, -267.17364501953125, 0.0, 0.5999999642372131, 0.0, 94.17562866210938, 3.7682704972003322
3567, 200.68199157714844, -267.08929443359375, 0.0, 0.550000011920929, 0.0, 94.1765365600586, 3.815926139256549
3568, 200.67564392089844, -267.00244140625, 0.0, 0.5000000596046448, 0.0, 94.17744445800781, 3.85818771871255
3569, 200.66932678222656, -266.91571044921875, 0.0, 0.4750000536441803, 0.0, 94.17826843261719, 3.8943987458899074
3570, 200.66323852539062, -266.83233642578125, 0.0, 0.550000011920929, 0.0, 94.178955078125, 3.926832843240414
3571, 200.65676879882812, -266.7435607910156, 0.0, 0.5999999642372131, 0.0, 94.1796646118164, 3.963691313612778
3572, 200.65042114257812, -266.6557312011719, -0.0038197184912860394, 0.6499999165534973, 0.0, 94.17860412597656, 4.003865131332873
3573, 200.6439666748047, -266.5648498535156, -0.007639436982572079, 0.6999998688697815, 0.0, 94.17375183105469, 4.049884934603763
3574, 200.6379852294922, -266.4783020019531, -0.01145915500819683, 0.7499998211860657, 0.0, 94.1644515991211, 4.098042129751624
3575, 200.6317596435547, -266.38568115234375, -0.015278873965144157, 0.7999997735023499, 0.0, 94.14855194091797, 4.154263867478418
3576, 200.6258544921875, -266.2950744628906, -0.019098592922091484, 0.849999725818634, 0.0, 94.12669372558594, 4.213778995548789
3577, 200.61972045898438, -266.1977233886719, -0.02291831001639366, 0.7999997735023499, 0.0, 94.09589385986328, 4.280039314686073
3578, 200.61390686035156, -266.1019592285156, -0.02419155091047287, 0.7499998211860657, 0.0, 94.05937957763672, 4.343820153855617
3579, 200.60812377929688, -266.0050048828125, -0.02291831187903881, 0.6999998688697815, 0.0, 94.01844024658203, 4.404804569231323
3580, 200.6025390625, -265.9107666015625, -0.0216450747102499, 0.6499999165534973, 0.0, 93.97682189941406, 4.459436554181687
3581, 200.59634399414062, -265.8053894042969, -0.02037183567881584, 0.5999999642372131, 0.0, 93.9296646118164, 4.514316137224535
3582, 200.59068298339844, -265.7081298828125, -0.019098598510026932, 0.550000011920929, 0.0, 93.88648223876953, 4.558949113459929
3583, 200.5847625732422, -265.60662841796875, -0.017188740894198418, 0.4750000536441803, 0.0, 93.84281158447266, 4.5985778726445945
3584, 200.57888793945312, -265.50579833984375, -0.01591550186276436, 0.42500004172325134, 0.0, 93.8012466430664, 4.6304475622023515
3585, 200.57276916503906, -265.4012756347656, -0.014642261900007725, 0.3750000298023224, 0.0, 93.76041412353516, 4.656037004748847
3586, 200.56661987304688, -265.29608154296875, -0.013369021005928516, 0.32500001788139343, 0.0, 93.7217025756836, 4.674508968692728
3587, 200.5607147216797, -265.1952819824219, -0.012095781043171883, 0.2750000059604645, 0.0, 93.68695068359375, 4.6855793986058005
3588, 200.5544891357422, -265.08892822265625, -0.008912680670619011, 0.1499999761581421, 0.0, 93.65392303466797, 4.688934493184859
3589, 200.54348754882812, -264.90289306640625, -0.008276060223579407, 0.12499997764825821, 0.0, 93.60426330566406, 4.673324979583304
3590, 200.5374298095703, -264.8006896972656, -0.007002821192145348, 0.07499998062849045, 0.0, 93.5802230834961, 4.657007501803084
3591, 200.53160095214844, -264.7025451660156, -0.0057295821607112885, 0.024999981746077538, 0.0, 93.5595474243164, 4.636108366453642
3592, 200.52505493164062, -264.59228515625, -0.004456342663615942, 0.0, 0.0, 93.53927612304688, 4.606405147431299
3593, 200.51927185058594, -264.4952392578125, -0.003183102933689952, 0.0, 0.0, 93.5239028930664, 4.576803750903621
3594, 200.51333618164062, -264.3965148925781, -0.0019098633201792836, 0.0, 0.0, 93.510986328125, 4.544841636580716
3595, 200.50718688964844, -264.29486083984375, 0.0, 0.0, 0.0, 93.5008544921875, 4.510788291456337
3596, 200.50103759765625, -264.1939697265625, 0.0, 0.0, 0.0, 93.49348449707031, 4.47636021130855
3597, 200.49517822265625, -264.09832763671875, 0.0, 0.0, 0.0, 93.48828887939453, 4.44336654377774
3598, 200.48919677734375, -264.0003356933594, 0.0, 0.0, 0.0, 93.48430633544922, 4.409393915189355
3599, 200.48318481445312, -263.9020690917969, 0.0, 0.0, 0.0, 93.48129272460938, 4.3752212764132326
3600, 200.477294921875, -263.80572509765625, 0.0, 0.0, 0.0, 93.47901916503906, 4.34165067641101
3601, 200.47129821777344, -263.70745849609375, 0.0, 0.0, 0.0, 93.4771957397461, 4.3073600215955405
3602, 200.46542358398438, -263.61102294921875, 0.0, 0.0, 0.0, 93.47574615478516, 4.27370076364346
3603, 200.4599151611328, -263.5202331542969, 0.0, 0.0, 0.0, 93.47464752197266, 4.242012549158623
3604, 200.4541778564453, -263.42596435546875, 0.0, 0.0, 0.0, 93.47366333007812, 4.2090912218489045
3605, 200.4486541748047, -263.3348693847656, 0.0, 0.0, 0.0, 93.47281646728516, 4.177271119924243
3606, 200.4429473876953, -263.2412414550781, 0.0, 0.0, 0.0, 93.47205352783203, 4.144567659595323
3607, 200.4375, -263.1515808105469, 0.0, 0.0, 0.0, 93.47139739990234, 4.113243535624708
3608, 200.43186950683594, -263.0588684082031, 0.0, 0.0, 0.0, 93.47075653076172, 4.080831971735905
3609, 200.4263458251953, -262.9682312011719, 0.0, 0.0, 0.0, 93.47010803222656, 4.049137857915392
3610, 200.4207763671875, -262.8763732910156, 0.0, 0.0, 0.0, 93.46952056884766, 4.017022148907995
3611, 200.41539001464844, -262.7872619628906, 0.0, 0.0, 0.0, 93.46896362304688, 3.9858606639966623
3612, 200.4100341796875, -262.6993103027344, 0.0, 0.0, 0.0, 93.46843719482422, 3.955254436104104
3613, 200.40493774414062, -262.6149597167969, 0.0, 0.0, 0.0, 93.46793365478516, 3.925983097438109
3614, 200.39971923828125, -262.52880859375, 0.0, 0.05000000074505806, 0.0, 93.46741485595703, 3.897560891553124
3615, 200.39459228515625, -262.4440612792969, 0.0, 0.10000000149011612, 0.0, 93.46695709228516, 3.873098041525006
3616, 200.38909912109375, -262.353759765625, 0.0, 0.17500001192092896, 0.0, 93.46649932861328, 3.8527571023623026
3617, 200.38406372070312, -262.2699279785156, -0.0019098592456430197, 0.2250000238418579, 0.0, 93.46533203125, 3.8406654802514453
3618, 200.3789825439453, -262.1842956542969, -0.005729577504098415, 0.27500003576278687, 0.0, 93.46147918701172, 3.8349441814160934
3619, 200.374267578125, -262.10284423828125, -0.009549296461045742, 0.2250000238418579, 0.0, 93.45391845703125, 3.832724618759354
3620, 200.3695526123047, -262.0181884765625, -0.009549296461045742, 0.2250000238418579, 0.0, 93.4408187866211, 3.828959126326501
3621, 200.36480712890625, -261.9298095703125, -0.01718873344361782, 0.125, 0.0, 93.42060852050781, 3.820970092752713
3622, 200.3605499267578, -261.84625244140625, -0.02291831001639366, 0.05000000447034836, 0.0, 93.39425659179688, 3.807764555422337
3623, 200.35646057128906, -261.7620544433594, -0.024828169494867325, 0.02500000409781933, 0.0, 93.3607406616211, 3.7886786542042263
3624, 200.35267639160156, -261.6799011230469, -0.02864788845181465, 0.0, 0.0, 93.3214340209961, 3.7662228397944415
3625, 200.3489227294922, -261.5939636230469, -0.03246760740876198, 0.0, 0.0, 93.27291870117188, 3.739532950857108
3626, 200.34559631347656, -261.5126953125, -0.036287322640419006, 0.0, 0.0, 93.22006225585938, 3.712780077664651
3627, 200.3425750732422, -261.4325866699219, -0.0420168936252594, 0.0, 0.0, 93.1602554321289, 3.685579559280692
3628, 200.3397979736328, -261.3509826660156, -0.04774646833539009, 0.0, 0.0, 93.09036254882812, 3.657434054007625
3629, 200.33726501464844, -261.26751708984375, -0.05156618356704712, 0.0, 0.0, 93.00968933105469, 3.6284628393347367
3630, 200.3351593017578, -261.1889343261719, -0.05538589879870415, 0.0, 0.0, 92.92574310302734, 3.6011067676040507
3631, 200.3332977294922, -261.10858154296875, -0.059205614030361176, 0.0, 0.0, 92.83198547363281, 3.5730771920089235
3632, 200.33181762695312, -261.0338134765625, -0.0630253255367279, 0.0, 0.0, 92.73780059814453, 3.546964407397923
3633, 200.3305206298828, -260.9544982910156, -0.06429856270551682, 0.02500000037252903, 0.0, 92.63153076171875, 3.518271718078076
3634, 200.3293914794922, -260.8750305175781, -0.0630253255367279, 0.07500000298023224, 0.0, 92.52099609375, 3.4932634104605853
3635, 200.3284149169922, -260.79595947265625, -0.061752088367938995, 0.125, 0.0, 92.4091796875, 3.4734859747110285
3636, 200.3275909423828, -260.71923828125, -0.060478851199150085, 0.17500001192092896, 0.0, 92.30033111572266, 3.459847610206612
3637, 200.3268280029297, -260.6380615234375, -0.059205614030361176, 0.2250000238418579, 0.0, 92.1860122680664, 3.451811487845127
3638, 200.32623291015625, -260.56304931640625, -0.05793237313628197, 0.27500003576278687, 0.0, 92.08168029785156, 3.4502069667491964
3639, 200.32569885253906, -260.4887390136719, -0.05665913596749306, 0.3250000476837158, 0.0, 91.9800033569336, 3.454191312561348
3640, 200.32528686523438, -260.4118957519531, -0.05729575455188751, 0.40000006556510925, 0.0, 91.87613677978516, 3.4644378757684566
3641, 200.32505798339844, -260.3344421386719, -0.06111546978354454, 0.4500000774860382, 0.0, 91.77057647705078, 3.4817126147549993
3642, 200.3250732421875, -260.2565612792969, -0.06493518501520157, 0.40000006556510925, 0.0, 91.66169738769531, 3.5022902187967166
3643, 200.32533264160156, -260.1824951171875, -0.0687548965215683, 0.3500000536441803, 0.0, 91.55426025390625, 3.5203372062101823
3644, 200.325927734375, -260.1021728515625, -0.0687548965215683, 0.3500000536441803, 0.0, 91.43260192871094, 3.5357664920873866
3645, 200.3268585205078, -260.02154541015625, -0.07639432698488235, 0.2500000298023224, 0.0, 91.30441284179688, 3.5458976682444883
3646, 200.32801818847656, -259.94439697265625, -0.08021404594182968, 0.20000001788139343, 0.0, 91.17584991455078, 3.550081257550177
3647, 200.32958984375, -259.8650207519531, -0.08403375744819641, 0.15000000596046448, 0.0, 91.03694152832031, 3.548452732115965
3648, 200.33155822753906, -259.78424072265625, -0.0897633358836174, 0.07500000298023224, 0.0, 90.88764190673828, 3.5396109310710986
3649, 200.33380126953125, -259.7073059082031, -0.09358304738998413, 0.02500000409781933, 0.0, 90.73797607421875, 3.524301160709893
3650, 200.33644104003906, -259.6294250488281, -0.09931261837482452, 0.0, 0.0, 90.5782241821289, 3.5044925677866665
3651, 200.33932495117188, -259.55462646484375, -0.10122247785329819, 0.0, 0.0, 90.41765594482422, 3.4819727773478295
3652, 200.34271240234375, -259.4771728515625, -0.10695204883813858, 0.0, 0.0, 90.24368286132812, 3.456617539604291
3653, 200.346435546875, -259.40093994140625, -0.11077176779508591, 0.0, 0.0, 90.0645523071289, 3.4306894854131675
3654, 200.3505859375, -259.32501220703125, -0.11459147930145264, 0.0, 0.0, 89.87875366210938, 3.404395184181509
3655, 200.3552703857422, -259.24658203125, -0.11841119825839996, 0.0, 0.0, 89.6792221069336, 3.376984865061219
3656, 200.3601531982422, -259.17156982421875, -0.1222309097647667, 0.0, 0.0, 89.48129272460938, 3.3506302018679888
3657, 200.3651580810547, -259.10040283203125, -0.12605062127113342, 0.0, 0.0, 89.28714752197266, 3.3255545927436483
3658, 200.37081909179688, -259.025390625, -0.12987034022808075, 0.0, 0.0, 89.07571411132812, 3.299081162721301
3659, 200.37649536132812, -258.9554138183594, -0.13369005918502808, 0.0, 0.0, 88.87220001220703, 3.2743539153786347
3660, 200.38291931152344, -258.881591796875, -0.1375097632408142, 0.0, 0.0, 88.65076446533203, 3.2482411319853486
3661, 200.38970947265625, -258.8087463378906, -0.1432393491268158, 0.0, 0.0, 88.42481231689453, 3.2223197297669826
3662, 200.3963623046875, -258.7416076660156, -0.14705905318260193, 0.0, 0.0, 88.20995330810547, 3.198459810680342
3663, 200.4035186767578, -258.67388916015625, -0.15087877213954926, 0.02500000037252903, 0.0, 87.98667907714844, 3.171758882582456
3664, 200.41136169433594, -258.6034851074219, -0.15469849109649658, 0.07500000298023224, 0.0, 87.7477798461914, 3.1486179005461943
3665, 200.4195098876953, -258.53424072265625, -0.15851819515228271, 0.125, 0.0, 87.50662231445312, 3.1312829161867093
3666, 200.4286651611328, -258.4604187011719, -0.16233791410923004, 0.17500001192092896, 0.0, 87.24272918701172, 3.119228418481106
3667, 200.43731689453125, -258.3940734863281, -0.16233791410923004, 0.17500001192092896, 0.0, 87.00006103515625, 3.1124555336937885
3668, 200.44651794433594, -258.3269348144531, -0.1699773520231247, 0.125, 0.0, 86.74880981445312, 3.1055269891275747
3669, 200.45606994628906, -258.2603759765625, -0.1757069230079651, 0.05000000447034836, 0.0, 86.49327850341797, 3.094422562930263
3670, 200.46624755859375, -258.1927490234375, -0.17952664196491241, 4.0978194171259474e-09, 0.0, 86.22647857666016, 3.0771891437848047
3671, 200.47671508789062, -258.1262512207031, -0.18334634602069855, 0.0, 0.0, 85.95713806152344, 3.0590797857668943
3672, 200.48789978027344, -258.05816650390625, -0.18716606497764587, 0.0, 0.0, 85.67472076416016, 3.037585488260111
3673, 200.49917602539062, -257.9924621582031, -0.1909857839345932, 0.0, 0.0, 85.39556121826172, 3.0153802531281886
3674, 200.5108184814453, -257.92724609375, -0.19480548799037933, 0.0, 0.0, 85.1122817993164, 2.9926148053915647
3675, 200.52345275878906, -257.85931396484375, -0.20053507387638092, 0.0, 0.0, 84.80948638916016, 2.9683154799950064
3676, 200.5354766845703, -257.79705810546875, -0.20180830359458923, 0.0, 0.0, 84.52630615234375, 2.9461283785230306
3677, 200.5480499267578, -257.7340087890625, -0.20053507387638092, 0.0, 0.0, 84.2361068725586, 2.923884343650372
3678, 200.56149291992188, -257.66845703125, -0.20180830359458923, 0.02500000037252903, 0.0, 83.93144226074219, 2.8968034484846195
3679, 200.57424926757812, -257.6079406738281, -0.20053507387638092, 0.07500000298023224, 0.0, 83.64885711669922, 2.877134661573327
3680, 200.58726501464844, -257.5477294921875, -0.20180830359458923, 0.125, 0.0, 83.36669921875, 2.862847107257789
3681, 200.6014404296875, -257.48358154296875, -0.20053507387638092, 0.17500001192092896, 0.0, 83.06580352783203, 2.8539973506786254
3682, 200.61505126953125, -257.4236145019531, -0.20180830359458923, 0.2250000238418579, 0.0, 82.78438568115234, 2.8512872286902415
3683, 200.62962341308594, -257.3607482910156, -0.20053507387638092, 0.27500003576278687, 0.0, 82.48959350585938, 2.854531105515142
3684, 200.64382934570312, -257.3008728027344, -0.20180830359458923, 0.3250000476837158, 0.0, 82.2088394165039, 2.8629292515402
3685, 200.65870666503906, -257.23944091796875, -0.20053507387638092, 0.3250000476837158, 0.0, 81.9212875366211, 2.8755128706932935
3686, 200.67391967773438, -257.1780700683594, -0.20180830359458923, 0.27500003576278687, 0.0, 81.63365173339844, 2.887708046391735
3687, 200.68927001953125, -257.1174011230469, -0.20180830359458923, 0.27500003576278687, 0.0, 81.34954071044922, 2.8956734053240343
3688, 200.7062530517578, -257.0517883300781, -0.19989845156669617, 0.20000001788139343, 0.0, 81.04186248779297, 2.8974499252118027
3689, 200.72279357910156, -256.9891052246094, -0.19989845156669617, 0.10000000149011612, 0.0, 80.74737548828125, 2.893152255389851
3690, 200.7384490966797, -256.93084716796875, -0.20117168128490448, 0.02500000409781933, 0.0, 80.47270965576172, 2.8829885696432034
3691, 200.75582885742188, -256.86767578125, -0.20180830359458923, -0.02499999664723873, 0.0, 80.17327880859375, 2.8666283561223223
3692, 200.77345275878906, -256.804931640625, -0.20053507387638092, 0.0, 0.0, 79.87489318847656, 2.850871843037461
3693, 200.79010009765625, -256.74676513671875, -0.20180830359458923, 0.0, 0.0, 79.59732055664062, 2.8330169051577747
3694, 200.80813598632812, -256.68487548828125, -0.20053507387638092, 0.0, 0.0, 79.3013916015625, 2.8125071887440973
3695, 200.8265380859375, -256.623046875, -0.20180830359458923, 0.0, 0.0, 79.0045394897461, 2.79100420132874
3696, 200.8441925048828, -256.564697265625, -0.19989845156669617, 0.0, 0.0, 78.72432708740234, 2.7704850229646865
3697, 200.8644561767578, -256.4991455078125, -0.20117168128490448, 0.0, 0.0, 78.4085693359375, 2.746998233186958
3698, 200.8841552734375, -256.4365234375, -0.19989845156669617, 0.0, 0.0, 78.1067123413086, 2.72455336163062
3699, 200.90419006347656, -256.3739929199219, -0.20117168128490448, 0.0, 0.0, 77.80448150634766, 2.7019200343039347
3700, 200.92469787597656, -256.3112487792969, -0.20180830359458923, 0.0, 0.0, 77.5000228881836, 2.679180659990599
3701, 200.94422912597656, -256.2525939941406, -0.20053507387638092, 0.0, 0.0, 77.21475219726562, 2.6580254488440618
3702, 200.96359252929688, -256.19537353515625, -0.20180830359458923, 0.0, 0.0, 76.93572235107422, 2.637140448380375
3703, 200.9838409423828, -256.136474609375, -0.20053507387638092, 0.0, 0.0, 76.64814758300781, 2.615701444303747
3704, 201.00503540039062, -256.0758972167969, -0.20117168128490448, 0.0, 0.0, 76.3517074584961, 2.5935294128076887
3705, 201.02639770507812, -256.0158386230469, -0.19989845156669617, 0.0, 0.0, 76.05756378173828, 2.57165239917105
3706, 201.04820251464844, -255.95558166503906, -0.20117168128490448, 0.0, 0.0, 75.76185607910156, 2.549637930945906
3707, 201.06808471679688, -255.90145874023438, -0.19989845156669617, 0.02500000037252903, 0.0, 75.49568176269531, 2.524862148873139
3708, 201.08865356445312, -255.8462677001953, -0.20053507387638092, 0.10000000149011612, 0.0, 75.22393035888672, 2.507202780306874
3709, 201.1083221435547, -255.7942657470703, -0.20180830359458923, 0.15000000596046448, 0.0, 74.96724700927734, 2.497699026549226
3710, 201.13018798828125, -255.7373046875, -0.20053507387638092, 0.20000001788139343, 0.0, 74.6861801147461, 2.494861323176344
3711, 201.15206909179688, -255.68112182617188, -0.20117168128490448, 0.27500003576278687, 0.0, 74.40908813476562, 2.499167958894341
3712, 201.1746826171875, -255.6240234375, -0.20180830359458923, 0.3500000536441803, 0.0, 74.12709045410156, 2.5119515108993897
3713, 201.1976318359375, -255.5667724609375, -0.20053507387638092, 0.40000006556510925, 0.0, 73.8451919555664, 2.533909348450042
3714, 201.2206268310547, -255.5101776123047, -0.20180830359458923, 0.4500000774860382, 0.0, 73.56668090820312, 2.5616541711159435
3715, 201.24415588378906, -255.4530029296875, -0.19989845156669617, 0.5250000357627869, 0.0, 73.28611755371094, 2.5955063944905885
3716, 201.26942443847656, -255.3924102783203, -0.20117168128490448, 0.574999988079071, 0.0, 72.98921966552734, 2.6381148719488
3717, 201.2946319580078, -255.3329315185547, -0.19989845156669617, 0.6249999403953552, 0.0, 72.69817352294922, 2.6856044081520754
3718, 201.3203125, -255.27304077148438, -0.20053507387638092, 0.6999998688697815, 0.0, 72.40542602539062, 2.7387131961084736
3719, 201.3458709716797, -255.21429443359375, -0.20180830359458923, 0.7499998211860657, 0.0, 72.11795806884766, 2.796229354535161
3720, 201.37088012695312, -255.15750122070312, -0.20053507387638092, 0.7999997735023499, 0.0, 71.84046173095703, 2.856867557719587
3721, 201.39768981933594, -255.09747314453125, -0.20180830359458923, 0.849999725818634, 0.0, 71.54745483398438, 2.9248321857384068
3722, 201.42523193359375, -255.0365753173828, -0.20053507387638092, 0.849999725818634, 0.0, 71.2505111694336, 2.9967134143273846
3723, 201.45420837402344, -254.9733123779297, -0.20180830359458923, 0.7999997735023499, 0.0, 70.94178009033203, 3.0702816354239313
3724, 201.48580932617188, -254.9051971435547, -0.20053507387638092, 0.7499998211860657, 0.0, 70.60882568359375, 3.1440118086440707
3725, 201.52003479003906, -254.83241271972656, -0.20117168128490448, 0.6749998927116394, 0.0, 70.25215148925781, 3.214376732648483
3726, 201.555419921875, -254.7582550048828, -0.19989845156669617, 0.6249999403953552, 0.0, 69.88792419433594, 3.278698984816233
3727, 201.58966064453125, -254.68743896484375, -0.20117168128490448, 0.574999988079071, 0.0, 69.53876495361328, 3.332223921126824
3728, 201.623291015625, -254.6188201904297, -0.20180830359458923, 0.5000000596046448, 0.0, 69.19857025146484, 3.3767181861743554
3729, 201.6604461669922, -254.544189453125, -0.20053507387638092, 0.4500000476837158, 0.0, 68.82765197753906, 3.417472663037859
3730, 201.6990966796875, -254.46788024902344, -0.20117168128490448, 0.3750000298023224, 0.0, 68.447021484375, 3.4500015680088407
3731, 201.73960876464844, -254.3892364501953, -0.20180830359458923, 0.30000001192092896, 0.0, 68.05213165283203, 3.4725480357190497
3732, 201.77960205078125, -254.3128204345703, -0.20053507387638092, 0.25, 0.0, 67.66593933105469, 3.48565954982202
3733, 201.8204803466797, -254.23599243164062, -0.20180830359458923, 0.19999998807907104, 0.0, 67.27558135986328, 3.49164298996045
3734, 201.86257934570312, -254.15821838378906, -0.19989845156669617, 0.12499997764825821, 0.0, 66.87895202636719, 3.4894076479009213
3735, 201.9021453857422, -254.0862579345703, -0.20117168128490448, 0.07499998062849045, 0.0, 66.50975036621094, 3.4789909546361493
3736, 201.9439239501953, -254.0113983154297, -0.19989845156669617, 0.024999981746077538, 0.0, 66.12361145019531, 3.4611360614300817
3737, 201.98301696777344, -253.9423828125, -0.20117168128490448, 0.0, 0.0, 65.7652359008789, 3.440849606737205
3738, 202.0247039794922, -253.87001037597656, -0.20180830359458923, 0.0, 0.0, 65.38643646240234, 3.415589042557357
3739, 202.0682830810547, -253.79550170898438, -0.20053507387638092, 0.05000000074505806, 0.0, 64.99390411376953, 3.38710745859712
3740, 202.10902404785156, -253.72691345214844, -0.20180830359458923, 0.10000000149011612, 0.0, 64.63066101074219, 3.365325624221872
3741, 202.14979553222656, -253.6592559814453, -0.20053507387638092, 0.15000000596046448, 0.0, 64.27108001708984, 3.349488862794721
3742, 202.193359375, -253.58799743652344, -0.20117168128490448, 0.2250000238418579, 0.0, 63.891414642333984, 3.339829446262095
3743, 202.23626708984375, -253.5188446044922, -0.20117168128490448, 0.2250000238418579, 0.0, 63.5225715637207, 3.3387665564769295
3744, 202.27919006347656, -253.4506072998047, -0.20117168128490448, 0.3250000476837158, 0.0, 63.157894134521484, 3.3446421645554696
3745, 202.32325744628906, -253.38157653808594, -0.20117168128490448, 0.3250000476837158, 0.0, 62.78788375854492, 3.357540114080498
3746, 202.36892700195312, -253.31100463867188, -0.20053507387638092, 0.4500000774860382, 0.0, 62.40925979614258, 3.3790013196479087
3747, 202.4121856689453, -253.24508666992188, -0.1992618292570114, 0.5000000596046448, 0.0, 62.055843353271484, 3.4055141678009826
3748, 202.46072387695312, -253.17202758789062, -0.19735197722911835, 0.574999988079071, 0.0, 61.66571807861328, 3.4422368566073693
3749, 202.50787353515625, -253.1018829345703, -0.1954421103000641, 0.6499999165534973, 0.0, 61.29310989379883, 3.485317095468438
3750, 202.55747985839844, -253.02896118164062, -0.19416888058185577, 0.6999998688697815, 0.0, 60.90807342529297, 3.537716080598771
3751, 202.60592651367188, -252.9585723876953, -0.1922590136528015, 0.7749997973442078, 0.0, 60.53913116455078, 3.5949266500682198
3752, 202.654052734375, -252.8894805908203, -0.1909857839345932, 0.8249997496604919, 0.0, 60.17942810058594, 3.657410264570867
3753, 202.70823669433594, -252.81263732910156, -0.1897125393152237, 0.8749997019767761, 0.0, 59.78208923339844, 3.7330376056957353
3754, 202.76431274414062, -252.73406982421875, -0.18780268728733063, 0.9499996304512024, 0.0, 59.378746032714844, 3.8163644207410456
3755, 202.8195343017578, -252.65745544433594, -0.18143649399280548, 0.8999996781349182, 0.0, 58.99055862426758, 3.9012105851645544
3756, 202.8810577392578, -252.57286071777344, -0.17507030069828033, 0.849999725818634, 0.0, 58.57067108154297, 3.9925674894574623
3757, 202.94113159179688, -252.49082946777344, -0.16552101075649261, 0.7749997973442078, 0.0, 58.175559997558594, 4.075679212619591
3758, 203.00173950195312, -252.40858459472656, -0.15915481746196747, 0.7249998450279236, 0.0, 57.79163360595703, 4.15180891621404
3759, 203.06118774414062, -252.32839965820312, -0.15278862416744232, 0.6749998927116394, 0.0, 57.42881393432617, 4.218692846940546
3760, 203.12474060058594, -252.24343872070312, -0.15087877213954926, 0.5999999642372131, 0.0, 57.054447174072266, 4.280720533718387
3761, 203.1871795654297, -252.16075134277344, -0.14960552752017975, 0.550000011920929, 0.0, 56.69702911376953, 4.33239639399925
3762, 203.25343322753906, -252.0738983154297, -0.14833229780197144, 0.5000000596046448, 0.0, 56.32674789428711, 4.378236604390378
3763, 203.31874084472656, -251.9892120361328, -0.14642244577407837, 0.42500004172325134, 0.0, 55.96950149536133, 4.414692805644341
3764, 203.3874969482422, -251.90109252929688, -0.14514920115470886, 0.3750000298023224, 0.0, 55.60051727294922, 4.443555701229919
3765, 203.4560546875, -251.81423950195312, -0.14514920115470886, 0.3750000298023224, 0.0, 55.239044189453125, 4.463563820095458
3766, 203.5277862548828, -251.724365234375, -0.1419661045074463, 0.25, 0.0, 54.86731719970703, 4.475350951858236
3767, 203.59677124023438, -251.6389923095703, -0.14069285988807678, 0.19999998807907104, 0.0, 54.51556396484375, 4.477902948523627
3768, 203.66604614257812, -251.55413818359375, -0.13878300786018372, 0.12499997764825821, 0.0, 54.16758346557617, 4.4717311988947275
3769, 203.7366485595703, -251.4686737060547, -0.1375097632408142, 0.07499998062849045, 0.0, 53.818355560302734, 4.456682821508923
3770, 203.8090362548828, -251.38206481933594, -0.13559991121292114, -1.8253922817734747e-08, 0.0, 53.46583938598633, 4.43239731260293
3771, 203.875, -251.30389404296875, -0.13432668149471283, 0.0, 0.0, 53.14884948730469, 4.4035081761413
3772, 203.947265625, -251.2191925048828, -0.13305343687534332, 0.0, 0.0, 52.80634689331055, 4.368659692139514
3773, 204.01284790039062, -251.14308166503906, -0.13114358484745026, 0.0, 0.0, 52.499977111816406, 4.335655025058976
3774, 204.08517456054688, -251.05999755859375, -0.12987034022808075, 0.0, 0.0, 52.167118072509766, 4.298552431114489
3775, 204.15614318847656, -250.97935485839844, -0.12859709560871124, 0.0, 0.0, 51.845516204833984, 4.261886279260383
3776, 204.22775268554688, -250.89881896972656, -0.12668724358081818, 0.0, 0.0, 51.5262336730957, 4.224916274621224
3777, 204.29112243652344, -250.8281707763672, -0.12541399896144867, 0.0, 0.0, 51.247806549072266, 4.192254370835206
3778, 204.3588409423828, -250.75338745117188, -0.12414076924324036, 0.0, 0.0, 50.9547233581543, 4.157496059510087
3779, 204.42160034179688, -250.68475341796875, -0.12541399896144867, 0.0, 0.0, 50.68599319458008, 4.125336146063115
3780, 204.4916229248047, -250.60911560058594, -0.13114358484745026, 0.0, 0.0, 50.38594055175781, 4.089324308289118
3781, 204.5623016357422, -250.53387451171875, -0.13687315583229065, 0.0, 0.0, 50.07953643798828, 4.053023838992387
3782, 204.6333770751953, -250.4593963623047, -0.14069285988807678, 0.0, 0.0, 49.76646041870117, 4.016814277106127
3783, 204.69778442382812, -250.392822265625, -0.1445125788450241, 0.0, 0.0, 49.478050231933594, 3.984213874275478
3784, 204.7663116455078, -250.3231201171875, -0.1502421498298645, 0.0, 0.0, 49.165008544921875, 3.9496225296187304
3785, 204.83412170410156, -250.2551727294922, -0.15406186878681183, 0.0, 0.0, 48.84864044189453, 3.915692872208042
3786, 204.90440368652344, -250.1858367919922, -0.15788158774375916, 0.0, 0.0, 48.5140266418457, 3.880817399014364
3787, 204.97129821777344, -250.12091064453125, -0.16361115872859955, 0.0, 0.0, 48.18893051147461, 3.8477281946192976
3788, 205.03526306152344, -250.05975341796875, -0.16743087768554688, 0.0, 0.0, 47.8718147277832, 3.816369485894527
3789, 205.10464477539062, -249.9945068359375, -0.171250581741333, 0.0, 0.0, 47.521366119384766, 3.782696263996899
3790, 205.17330932617188, -249.93104553222656, -0.1769801527261734, 0.0, 0.05000000074505806, 47.16738510131836, 3.748060329922468
3791, 205.24191284179688, -249.8686981201172, -0.18079987168312073, 0.0, 0.10000000149011612, 46.80690002441406, 3.7125972687115527
3792, 205.3079071044922, -249.80972290039062, -0.18461959064006805, 0.0, 0.15000000596046448, 46.4542121887207, 3.6771399269656646
3793, 205.37948608398438, -249.74685668945312, -0.18461959064006805, 0.0, 0.15000000596046448, 46.06509780883789, 3.6368499922060438
3794, 205.44882202148438, -249.68704223632812, -0.19416888058185577, 0.0, 0.27500003576278687, 45.68150329589844, 3.595582705186892
3795, 205.5168914794922, -249.62936401367188, -0.1979885846376419, 0.0, 0.3250000476837158, 45.29835510253906, 3.552757410011269
3796, 205.58123779296875, -249.57579040527344, -0.20117168128490448, 0.0, 0.40000006556510925, 44.930931091308594, 3.5101860608753097
3797, 205.64942932128906, -249.51991271972656, -0.19989845156669617, 0.0, 0.4500000774860382, 44.53833770751953, 3.4628620331618367
3798, 205.71697998046875, -249.4654083251953, -0.20117168128490448, 0.0, 0.5000000596046448, 44.147647857666016, 3.413545467904284
3799, 205.77903747558594, -249.41604614257812, -0.20180830359458923, 0.0, 0.574999988079071, 43.787750244140625, 3.3660796078543145
3800, 205.84005737304688, -249.36817932128906, -0.20053507387638092, 0.0, 0.6249999403953552, 43.43398666381836, 3.317111101127156
3801, 205.90097045898438, -249.32101440429688, -0.20180830359458923, 0.0, 0.6249999403953552, 43.08099365234375, 3.2664113968030133
3802, 205.96067810058594, -249.2753448486328, -0.19989845156669617, 0.0, 0.550000011920929, 42.736106872558594, 3.2170514877547225
3803, 206.02415466308594, -249.2274932861328, -0.20117168128490448, 0.0, 0.5000000596046448, 42.370567321777344, 3.1659311234939356
3804, 206.08718872070312, -249.18063354492188, -0.20180830359458923, 0.0, 0.42500004172325134, 42.008480072021484, 3.117429938003
3805, 206.149658203125, -249.1348419189453, -0.20053507387638092, 0.0, 0.3750000298023224, 41.65128707885742, 3.0719888569656453
3806, 206.20904541015625, -249.09190368652344, -0.20180830359458923, 0.0, 0.32500001788139343, 41.31308364868164, 3.0308510289972244
3807, 206.27047729492188, -249.04803466796875, -0.19989845156669617, 0.0, 0.25, 40.964996337890625, 2.9910879506051944
3808, 206.33270263671875, -249.0041961669922, -0.20117168128490448, 0.0, 0.19999998807907104, 40.614158630371094, 2.9534063905931576
3809, 206.3909149169922, -248.96372985839844, -0.20117168128490448, 0.0, 0.19999998807907104, 40.28788757324219, 2.92057504959959
3810, 206.44772338867188, -248.92474365234375, -0.20053507387638092, 0.0, 0.07499998062849045, 39.970970153808594, 2.890930641212407
3811, 206.50802612304688, -248.88388061523438, -0.20180830359458923, 0.0, 0.024999981746077538, 39.6355094909668, 2.862126743638807
3812, 206.56431579589844, -248.8462371826172, -0.20053507387638092, 0.0, 0.0, 39.3240852355957, 2.8424154440571643
3813, 206.62034606933594, -248.8092498779297, -0.20180830359458923, 0.0, 0.0, 39.01506423950195, 2.821202397109535
3814, 206.676513671875, -248.77261352539062, -0.19989845156669617, 0.0, 0.0, 38.70694351196289, 2.799497850274176
3815, 206.73431396484375, -248.73538208007812, -0.20117168128490448, 0.0, 0.0, 38.39104080200195, 2.7767289489595766
3816, 206.78762817382812, -248.701416015625, -0.19989845156669617, 0.0, 0.0, 38.1007194519043, 2.755707724373018
3817, 206.83811950683594, -248.66961669921875, -0.20053507387638092, 0.0, 0.0, 37.82684326171875, 2.735726405273027
3818, 206.89755249023438, -248.6326904296875, -0.20117168128490448, 0.0, 0.0, 37.50516128540039, 2.712214110013251
3819, 206.9555206298828, -248.5970916748047, -0.19989845156669617, 0.0, 0.0, 37.192623138427734, 2.6893932182147386
3820, 207.01248168945312, -248.5625457763672, -0.20117168128490448, 0.0, 0.0, 36.88631057739258, 2.666905576681738
3821, 207.06515502929688, -248.531005859375, -0.20180830359458923, 0.0, 0.0, 36.60331726074219, 2.6461700096691643
3822, 207.11712646484375, -248.50022888183594, -0.20053507387638092, 0.0, 0.0, 36.3248405456543, 2.625866030978753
3823, 207.172607421875, -248.46774291992188, -0.20180830359458923, 0.0, 0.0, 36.02804183959961, 2.6040621024851403
3824, 207.22747802734375, -248.43603515625, -0.20053507387638092, 0.0, 0.0, 35.73555374145508, 2.5827134439702393
3825, 207.28382873535156, -248.40383911132812, -0.20117168128490448, 0.0, 0.0, 35.435787200927734, 2.5607175248374916
3826, 207.33743286132812, -248.37353515625, -0.19989845156669617, 0.0, 0.0, 35.1518669128418, 2.5399724179747425
3827, 207.3887481689453, -248.34487915039062, -0.20117168128490448, 0.0, 0.0, 34.880645751953125, 2.52004184713484
3828, 207.44186401367188, -248.31553649902344, -0.19989845156669617, 0.0, 0.0, 34.600589752197266, 2.5000716626395256
3829, 207.49449157714844, -248.2867889404297, -0.19989845156669617, 0.0, 0.0, 34.32381820678711, 2.4801677448157884
3830, 207.54876708984375, -248.2574920654297, -0.20180830359458923, 0.0, 0.0, 34.03821563720703, 2.459574396325466
3831, 207.59939575195312, -248.23046875, -0.20053507387638092, 0.0, 0.0, 33.77229690551758, 2.4405432270507137
3832, 207.6503448486328, -248.20361328125, -0.20117168128490448, 0.0, 0.0, 33.50528335571289, 2.4213316577672295
3833, 207.702392578125, -248.17645263671875, -0.19989845156669617, 0.0, 0.0, 33.23344802856445, 2.4018678688352586
3834, 207.75637817382812, -248.1486053466797, -0.20053507387638092, 0.0, 0.0, 32.95234680175781, 2.381645824415222
3835, 207.80726623535156, -248.12269592285156, -0.20180830359458923, 0.0, 0.0, 32.68742752075195, 2.362452244290472
3836, 207.85902404785156, -248.09664916992188, -0.19989845156669617, 0.0, 0.0, 32.41887283325195, 2.34311788925457
3837, 207.90843200683594, -248.07205200195312, -0.20117168128490448, 0.0, 0.0, 32.16282272338867, 2.324526705373201
3838, 207.9591522216797, -248.04710388183594, -0.19989845156669617, 0.0, 0.0, 31.900875091552734, 2.305531436300572
3839, 208.0106658935547, -248.02207946777344, -0.20053507387638092, 0.0, 0.0, 31.635541915893555, 2.2861719390989697
3840, 208.06036376953125, -247.9982147216797, -0.20180830359458923, 0.0, 0.0, 31.379369735717773, 2.2674649271808724
3841, 208.1102294921875, -247.97454833984375, -0.20053507387638092, 0.0, 0.0, 31.122831344604492, 2.2488441220910684
3842, 208.1557159423828, -247.95321655273438, -0.20117168128490448, 0.0, 0.0, 30.889293670654297, 2.231893489273411
3843, 208.20242309570312, -247.9315643310547, -0.19989845156669617, 0.0, 0.0, 30.650230407714844, 2.2145873449043276
3844, 208.25157165527344, -247.9090118408203, -0.20117168128490448, 0.0, 0.0, 30.399110794067383, 2.1962156901317207
3845, 208.29893493652344, -247.88755798339844, -0.19989845156669617, 0.0, 0.0, 30.15781021118164, 2.1786772574687836
3846, 208.34637451171875, -247.86630249023438, -0.20053507387638092, 0.0, 0.0, 29.91659164428711, 2.161027891415768
3847, 208.39373779296875, -247.84535217285156, -0.20180830359458923, 0.0, 0.0, 29.675588607788086, 2.1433443445140425
3848, 208.44044494628906, -247.82489013671875, -0.20053507387638092, 0.0, 0.0, 29.43846893310547, 2.1260822600353824
3849, 208.4835662841797, -247.80625915527344, -0.20180830359458923, 0.0, 0.0, 29.21944236755371, 2.1100601608725666
3850, 208.52764892578125, -247.7873992919922, -0.20053507387638092, 0.0, 0.0, 28.996091842651367, 2.093800651181346
3851, 208.5697784423828, -247.7695770263672, -0.20180830359458923, 0.0, 0.0, 28.782846450805664, 2.0781201043335265
3852, 208.61099243164062, -247.7523193359375, -0.19989845156669617, 0.0, 0.0, 28.574783325195312, 2.062954668027314
3853, 208.65432739257812, -247.734375, -0.20117168128490448, 0.0, 0.0, 28.356346130371094, 2.0469005696632885
3854, 208.700927734375, -247.7152862548828, -0.20117168128490448, 0.0, 0.0, 28.122106552124023, 2.0297767118065657
3855, 208.7443084716797, -247.69772338867188, -0.19989845156669617, 0.0, 0.0, 27.904245376586914, 2.013684620848906
3856, 208.7894744873047, -247.6796875, -0.20180830359458923, 0.0, 0.0, 27.6773624420166, 1.9969692208475815
3857, 208.83477783203125, -247.66177368164062, -0.20053507387638092, 0.0, 0.0, 27.450185775756836, 1.9803539434436843
3858, 208.87815856933594, -247.64483642578125, -0.20180830359458923, 0.0, 0.0, 27.23267936706543, 1.9643546989025409
3859, 208.91957092285156, -247.62884521484375, -0.20053507387638092, 0.0, 0.0, 27.025522232055664, 1.9492258103262499
3860, 208.96327209472656, -247.6121368408203, -0.20053507387638092, 0.0, 0.0, 26.807416915893555, 1.9333792202887785
3861, 209.00738525390625, -247.59548950195312, -0.20180830359458923, 0.0, 0.0, 26.58740997314453, 1.9174295621300124
3862, 209.0491485595703, -247.5799102783203, -0.20053507387638092, 0.0, 0.0, 26.3793888092041, 1.9024188236771453
3863, 209.09222412109375, -247.56405639648438, -0.20180830359458923, 0.0, 0.0, 26.1650333404541, 1.8867799478629823
3864, 209.13490295410156, -247.5485076904297, -0.19989845156669617, 0.0, 0.0, 25.953472137451172, 1.871474334897589
3865, 209.17355346679688, -247.5345916748047, -0.20117168128490448, 0.0, 0.0, 25.76190948486328, 1.857492358322169
3866, 209.213134765625, -247.5204620361328, -0.19989845156669617, 0.0, 0.0, 25.566165924072266, 1.8432949952670934
3867, 209.2567596435547, -247.50511169433594, -0.20117168128490448, 0.0, 0.0, 25.35061264038086, 1.8275458710210402
3868, 209.2992401123047, -247.49032592773438, -0.19989845156669617, 0.0, 0.0, 25.14105796813965, 1.8123399006964422
3869, 209.33798217773438, -247.47698974609375, -0.20053507387638092, 0.0, 0.0, 24.95018768310547, 1.798424106361842
3870, 209.3788299560547, -247.46310424804688, -0.20180830359458923, 0.0, 0.0, 24.74870491027832, 1.7837158376431141
3871, 209.4198760986328, -247.44932556152344, -0.20053507387638092, 0.0, 0.0, 24.546445846557617, 1.769086730378109
3872, 209.45712280273438, -247.4369659423828, -0.20180830359458923, 0.0, 0.0, 24.362836837768555, 1.7557103152898452
3873, 209.49432373046875, -247.42474365234375, -0.20053507387638092, 0.0, 0.0, 24.17972755432129, 1.742477495619446
3874, 209.53187561035156, -247.4125518798828, -0.20117168128490448, 0.0, 0.0, 23.995141983032227, 1.7290763708552803
3875, 209.5710906982422, -247.39993286132812, -0.19989845156669617, 0.0, 0.0, 23.802766799926758, 1.7151722435337229
3876, 209.6085662841797, -247.3880157470703, -0.20117168128490448, 0.0, 0.0, 23.619043350219727, 1.7017927273511149
3877, 209.6487274169922, -247.3754425048828, -0.20180830359458923, 0.0, 0.0, 23.421932220458984, 1.6874568759357105
3878, 209.68682861328125, -247.36363220214844, -0.20053507387638092, 0.0, 0.0, 23.235050201416016, 1.6741707806851165
3879, 209.72274780273438, -247.3526153564453, -0.20117168128490448, 0.0, 0.0, 23.05914878845215, 1.6615648024786926
3880, 209.7593536376953, -247.34152221679688, -0.19989845156669617, 0.0, 0.0, 22.880329132080078, 1.648785087009166
3881, 209.79481506347656, -247.33087158203125, -0.20117168128490448, 0.0, 0.0, 22.70707130432129, 1.6362897258359814
3882, 209.82847595214844, -247.3208770751953, -0.19989845156669617, 0.0, 0.0, 22.542943954467773, 1.6245366996573127
3883, 209.86282348632812, -247.31076049804688, -0.20117168128490448, 0.0, 0.0, 22.375303268432617, 1.6124505165176157
3884, 209.8973388671875, -247.3007354736328, -0.20180830359458923, 0.0, 0.0, 22.206687927246094, 1.600317666804604
3885, 209.9310760498047, -247.2910614013672, -0.20053507387638092, 0.0, 0.0, 22.0419921875, 1.588565878296922
3886, 209.9656524658203, -247.28125, -0.20180830359458923, 0.0, 0.0, 21.873130798339844, 1.5764360974064269
3887, 209.99954223632812, -247.27171325683594, -0.20053507387638092, 0.0, 0.0, 21.70789909362793, 1.564666710423527
3888, 210.0366973876953, -247.26141357421875, -0.20180830359458923, 0.0, 0.0, 21.526695251464844, 1.5516370895374607
3889, 210.07180786132812, -247.2517852783203, -0.20053507387638092, 0.0, 0.0, 21.35572624206543, 1.539447103999665
3890, 210.10751342773438, -247.24212646484375, -0.20117168128490448, 0.0, 0.0, 21.182004928588867, 1.5269560772826478
3891, 210.14198303222656, -247.2328643798828, -0.19989845156669617, 0.0, 0.0, 21.014610290527344, 1.514987644573956
3892, 210.17654418945312, -247.22372436523438, -0.20117168128490448, 0.0, 0.0, 20.84697151184082, 1.502905395315047
3893, 210.20912170410156, -247.2152099609375, -0.19989845156669617, 0.0, 0.0, 20.689138412475586, 1.4916091967836216
3894, 210.24009704589844, -247.2071990966797, -0.20117168128490448, 0.0, 0.0, 20.53891372680664, 1.4807466395794184
3895, 210.27183532714844, -247.19908142089844, -0.19989845156669617, 0.0, 0.0, 20.385379791259766, 1.4697272466150482
3896, 210.30296325683594, -247.1912078857422, -0.20117168128490448, 0.0, 0.0, 20.234586715698242, 1.4588260475872223
3897, 210.33474731445312, -247.1832733154297, -0.20180830359458923, 0.0, 0.0, 20.080448150634766, 1.4477182619589437
3898, 210.365234375, -247.17575073242188, -0.20053507387638092, 0.0, 0.0, 19.932767868041992, 1.437166057267008
3899, 210.39569091796875, -247.16831970214844, -0.20053507387638092, 0.0, 0.0, 19.785085678100586, 1.4265324802152373
3900, 210.4267578125, -247.1608123779297, -0.20053507387638092, 0.0, 0.0, 19.6346492767334, 1.4157526660892579
3901, 210.45620727539062, -247.15380859375, -0.20180830359458923, 0.0, 0.0, 19.492124557495117, 1.4054408144937773
3902, 210.48716735839844, -247.14651489257812, -0.19989845156669617, 0.0, 0.0, 19.342559814453125, 1.3947337061155636
3903, 210.5165557861328, -247.13966369628906, -0.20117168128490448, 0.0, 0.0, 19.200660705566406, 1.3844690298664255
3904, 210.54656982421875, -247.13275146484375, -0.20053507387638092, 0.0, 0.0, 19.05569839477539, 1.3740390070607589
3905, 210.57473754882812, -247.12632751464844, -0.20180830359458923, 0.0, 0.02500000037252903, 18.917678833007812, 1.351061563238474
3906, 210.602783203125, -247.11997985839844, -0.20053507387638092, 0.0, 0.10000000149011612, 18.78042221069336, 1.3167748290586196
3907, 210.63108825683594, -247.11358642578125, -0.20053507387638092, 0.0, 0.17500001192092896, 18.63475799560547, 1.2830514247666192
3908, 210.6586151123047, -247.1074676513672, -0.20180830359458923, 0.0, 0.2250000238418579, 18.496681213378906, 1.2571990896666194
3909, 210.68467712402344, -247.10171508789062, -0.20053507387638092, 0.0, 0.27500003576278687, 18.36079978942871, 1.2337358474271831
3910, 210.713134765625, -247.0955352783203, -0.20180830359458923, 0.0, 0.3250000476837158, 18.216785430908203, 1.1974737759232632
3911, 210.7393341064453, -247.08985900878906, -0.20053507387638092, 0.0, 0.3750000596046448, 18.07736587524414, 1.1668202454376833
3912, 210.76405334472656, -247.08462524414062, -0.20180830359458923, 0.0, 0.42500007152557373, 17.951679229736328, 1.1432917575586075
3913, 210.78787231445312, -247.07955932617188, -0.20053507387638092, 0.0, 0.4750000834465027, 17.825490951538086, 1.1153726518881035
3914, 210.80938720703125, -247.07484436035156, -0.20180830359458923, 0.0, 0.5250000357627869, 17.69586753845215, 0.8344727369058242
3915, 210.8216552734375, -247.07199096679688, -0.19989845156669617, 0.0, 0.5999999642372131, 17.601238250732422, 0.4401254790556172
3916, 210.82546997070312, -247.07107543945312, -0.20117168128490448, 0.0, 0.6499999165534973, 17.563936233520508, 0.019682230617152758
3917, 210.8254852294922, -247.071044921875, -0.19989845156669617, 0.0, 0.6999998688697815, 17.563499450683594, 0.0010789402976592848
3918, 210.82546997070312, -247.071044921875, -0.20117168128490448, 0.0, 0.7499998211860657, 17.56353187561035, 0.0005585250663704601
3919, 210.82546997070312, -247.07107543945312, -0.20053507387638092, 0.0, 0.8749997019767761, 17.563573837280273, 0.00022446396162636463
3920, 210.8254852294922, -247.07107543945312, -0.20053507387638092, 0.0, 0.9750000238418579, 17.563547134399414, 0.0005628872720592994
3921, 210.82550048828125, -247.07107543945312, -0.20180830359458923, 0.0, 0.8250001668930054, 17.56349754333496, 0.0005282726760345019
3922, 210.8255157470703, -247.07107543945312, -0.1992618292570114, 0.0, 0.6250003576278687, 17.563451766967773, 0.0004169242328223782
3923, 210.82554626464844, -247.07107543945312, -0.19289563596248627, 0.0, 0.3750004470348358, 17.563392639160156, 0.00021959057358800443
3924, 210.82554626464844, -247.071044921875, -0.19862520694732666, 0.0, 0.0, 17.5632266998291, 0.0004654165265213144
3925, 210.82565307617188, -247.0710906982422, -0.19989845156669617, 0.02500000037252903, 0.0, 17.563343048095703, 0.00885308359868131
3926, 210.82568359375, -247.07107543945312, -0.20117168128490448, 0.07500000298023224, 0.0, 17.563753128051758, 0.0036812244907317103
3927, 210.8256072998047, -247.07107543945312, -0.19989845156669617, 0.125, 0.0, 17.564311981201172, 0.002104871286899638
3928, 210.82550048828125, -247.07107543945312, -0.20117168128490448, 0.17500001192092896, 0.0, 17.565217971801758, 0.008117690084191163
3929, 210.8254852294922, -247.07107543945312, -0.20053507387638092, 0.30000004172325134, 0.0, 17.5651912689209, 0.004566050799089385
3930, 210.8256072998047, -247.07107543945312, -0.20180830359458923, 0.3500000536441803, 0.0, 17.56421661376953, 0.009758410682801021
3931, 210.82569885253906, -247.07102966308594, -0.20053507387638092, 0.40000006556510925, 0.0, 17.564144134521484, 0.004623428376570399
3932, 210.82598876953125, -247.0709686279297, -0.20180830359458923, 0.4500000774860382, 0.0, 17.562541961669922, 0.0187505793621354
3933, 210.82635498046875, -247.07089233398438, -0.20053507387638092, 0.5000000596046448, 0.0, 17.561630249023438, 0.015558623863196912
3934, 210.8269805908203, -247.07077026367188, -0.20180830359458923, 0.550000011920929, 0.0, 17.5587100982666, 0.034989472690063333
3935, 210.8278045654297, -247.0706024169922, -0.20053507387638092, 0.5999999642372131, 0.0, 17.55596160888672, 0.0397484813301554
3936, 210.83009338378906, -247.0701904296875, -0.20180830359458923, 0.6499999165534973, 0.0, 17.54789924621582, 0.1415247377955617
3937, 210.83485412597656, -247.0692138671875, -0.19989845156669617, 0.7249998450279236, 0.0, 17.526147842407227, 0.24894929799825283
3938, 210.84165954589844, -247.0678253173828, -0.20180830359458923, 0.7499998211860657, 0.0, 17.49237632751465, 0.3465958677579669
3939, 210.85023498535156, -247.06602478027344, -0.19989845156669617, 0.8249997496604919, 0.0, 17.443979263305664, 0.4023679895328719
3940, 210.85992431640625, -247.06405639648438, -0.20117168128490448, 0.8749997019767761, 0.0, 17.392688751220703, 0.472829061883696
3941, 210.87118530273438, -247.06175231933594, -0.19989845156669617, 0.9249996542930603, 0.0, 17.334238052368164, 0.5478380018300515
3942, 210.88438415527344, -247.05909729003906, -0.20053507387638092, 0.9999995827674866, 0.0, 17.269580841064453, 0.6270888753390099
3943, 210.8993377685547, -247.0562286376953, -0.20180830359458923, 1.0, 0.0, 17.206750869750977, 0.7214693035614647
3944, 210.91717529296875, -247.05276489257812, -0.20053507387638092, 1.0, 0.0, 17.13062286376953, 0.9306017791460868
3945, 210.93968200683594, -247.04844665527344, -0.20180830359458923, 1.0, 0.0, 17.033817291259766, 1.0587277650049296
3946, 210.96347045898438, -247.0439453125, -0.20053507387638092, 1.0, 0.0, 16.928491592407227, 1.1047418693178932
3947, 210.98831176757812, -247.03924560546875, -0.20180830359458923, 1.0, 0.0, 16.817798614501953, 1.2100467606422098
3948, 211.0169219970703, -247.03390502929688, -0.20053507387638092, 1.0, 0.0, 16.693050384521484, 1.3248412712927802
3949, 211.04624938964844, -247.02847290039062, -0.20117168128490448, 1.0, 0.0, 16.562742233276367, 1.433273345836581
3950, 211.07884216308594, -247.02249145507812, -0.19989845156669617, 1.0, 0.0, 16.419065475463867, 1.5336997926866927
3951, 211.1145477294922, -247.0160369873047, -0.20117168128490448, 1.0, 0.0, 16.25924301147461, 1.632851331820575
3952, 211.15203857421875, -247.0093536376953, -0.19989845156669617, 1.0, 0.0, 16.093318939208984, 1.735385662734347
3953, 211.19142150878906, -247.00241088867188, -0.20117168128490448, 1.0, 0.0, 15.918014526367188, 1.839509805704865
3954, 211.2347869873047, -246.9949188232422, -0.19989845156669617, 1.0, 0.0, 15.724782943725586, 1.9429769407052653
3955, 211.2772216796875, -246.98768615722656, -0.20117168128490448, 1.0, 0.0, 15.534734725952148, 2.034807375864743
3956, 211.3231201171875, -246.98001098632812, -0.19989845156669617, 1.0, 0.0, 15.329241752624512, 2.127935418055987
3957, 211.37193298339844, -246.9720001220703, -0.20117168128490448, 1.0, 0.0, 15.110334396362305, 2.2218058346740737
3958, 211.42056274414062, -246.96421813964844, -0.19989845156669617, 1.0, 0.0, 14.892524719238281, 2.3113364596387416
3959, 211.4729766845703, -246.9559783935547, -0.20053507387638092, 1.0, 0.0, 14.657998085021973, 2.4037737877152456
3960, 211.52618408203125, -246.9477996826172, -0.20180830359458923, 1.0, 0.0, 14.4197359085083, 2.4938552956753575
3961, 211.58352661132812, -246.93923950195312, -0.20053507387638092, 1.0, 0.0, 14.163273811340332, 2.5874558407704096
3962, 211.64083862304688, -246.93093872070312, -0.20180830359458923, 1.0, 0.0, 13.9070405960083, 2.677511320665725
3963, 211.7087860107422, -246.92138671875, -0.20053507387638092, 1.0, 0.0, 13.604039192199707, 2.7803999180782912
3964, 211.7713165283203, -246.9128875732422, -0.20180830359458923, 1.0, 0.0, 13.32541275024414, 2.871659376264105
3965, 211.83749389648438, -246.90419006347656, -0.20053507387638092, 1.0, 0.0, 13.031244277954102, 2.965180491438656
3966, 211.9044647216797, -246.89572143554688, -0.20117168128490448, 1.0, 0.0, 12.73405647277832, 3.05672348245917
3967, 211.9778289794922, -246.8867645263672, -0.19989845156669617, 1.0, 0.0, 12.409660339355469, 3.153889837143881
3968, 212.04884338378906, -246.8784637451172, -0.20053507387638092, 1.0, 0.0, 12.096473693847656, 3.244967997978522
3969, 212.12835693359375, -246.86959838867188, -0.20180830359458923, 1.0, 0.0, 11.74583625793457, 3.343689347610623
3970, 212.2069854736328, -246.86126708984375, -0.20053507387638092, 1.0, 0.0, 11.399626731872559, 3.438654533602096
3971, 212.2869873046875, -246.853271484375, -0.20180830359458923, 1.0, 0.0, 11.047901153564453, 3.532306384900571
3972, 212.3658905029297, -246.84579467773438, -0.19989845156669617, 1.0, 0.0, 10.70194149017334, 3.6224474278477197
3973, 212.4431915283203, -246.83883666992188, -0.20180830359458923, 1.0, 0.0, 10.363279342651367, 3.7083030073319643
3974, 212.53155517578125, -246.83143615722656, -0.19989845156669617, 0.9750000238418579, 0.0, 9.977392196655273, 3.8034822537160933
3975, 212.61956787109375, -246.82460021972656, -0.20117168128490448, 0.9250000715255737, 0.0, 9.593552589416504, 3.893542518247647
3976, 212.70767211914062, -246.8182830810547, -0.19989845156669617, 0.8750001192092896, 0.0, 9.210013389587402, 3.9781714210994243
3977, 212.79823303222656, -246.81236267089844, -0.20117168128490448, 0.8250001668930054, 0.0, 8.816068649291992, 4.058464364188382
3978, 212.89016723632812, -246.8069305419922, -0.19989845156669617, 0.7750002145767212, 0.0, 8.416570663452148, 4.133317723463319
3979, 212.9832763671875, -246.80203247070312, -0.20117168128490448, 0.725000262260437, 0.0, 8.011955261230469, 4.201938708053797
3980, 213.0843048095703, -246.79739379882812, -0.1992618292570114, 0.6500003337860107, 0.0, 7.573382377624512, 4.2682438771497475
3981, 213.18505859375, -246.79345703125, -0.1979885846376419, 0.6000003814697266, 0.0, 7.137321472167969, 4.325662115256258
3982, 213.28671264648438, -246.79019165039062, -0.1967153549194336, 0.5500004291534424, 0.0, 6.69874906539917, 4.375571809091624
3983, 213.38772583007812, -246.78759765625, -0.1954421103000641, 0.5000004768371582, 0.0, 6.2647013664245605, 4.417668803524067
3984, 213.49964904785156, -246.78550720214844, -0.19353225827217102, 0.42500045895576477, 0.0, 5.786141872406006, 4.455304873614908
3985, 213.60650634765625, -246.78428649902344, -0.19353225827217102, 0.42500045895576477, 0.0, 5.331518650054932, 4.482377631676116
3986, 213.704833984375, -246.78379821777344, -0.1909857839345932, 0.32500043511390686, 0.0, 4.914936065673828, 4.5003165518792905
3987, 213.8021697998047, -246.7840576171875, -0.1967153549194336, 0.2500004172325134, 0.0, 4.501694202423096, 4.510326676770844
3988, 213.90838623046875, -246.78524780273438, -0.20053507387638092, 0.20000040531158447, 0.0, 4.04641580581665, 4.512655467834219
3989, 214.00936889648438, -246.78726196289062, -0.20180830359458923, 0.15000039339065552, 0.0, 3.6092429161071777, 4.507633526954689
3990, 214.1085662841797, -246.7900390625, -0.20053507387638092, 0.10000038892030716, 0.0, 3.176687717437744, 4.496433610077795
3991, 214.20713806152344, -246.79359436035156, -0.20180830359458923, 0.0500003919005394, 0.0, 2.743936538696289, 4.478898100906041
3992, 214.31761169433594, -246.79844665527344, -0.19989845156669617, -0.02499960921704769, 0.0, 2.256810188293457, 4.453016952408614
3993, 214.4221649169922, -246.803955078125, -0.20117168128490448, 0.0, 0.0, 1.7934857606887817, 4.422896546958161
3994, 214.52890014648438, -246.81044006347656, -0.19989845156669617, 0.0, 0.0, 1.3189646005630493, 4.389020424233939
3995, 214.6273651123047, -246.8172149658203, -0.20117168128490448, 0.0, 0.0, 0.8797257542610168, 4.356038761448683
3996, 214.73069763183594, -246.82522583007812, -0.20180830359458923, 0.0, 0.0, 0.4166221618652344, 4.320511123331045
3997, 214.8314666748047, -246.83384704589844, -0.20053507387638092, 0.0, 0.0, -0.0359191857278347, 4.285596636814001
3998, 214.92657470703125, -246.8427276611328, -0.20180830359458923, 0.0, 0.0, -0.4643554091453552, 4.25230454705533
3999, 215.0201873779297, -246.85220336914062, -0.20053507387638092, 0.0, 0.0, -0.886749267578125, 4.219590607944445
4000, 215.11618041992188, -246.86265563964844, -0.20180830359458923, 0.0, 0.0, -1.320770263671875, 4.1858532341416534
4001, 215.2039031982422, -246.8728485107422, -0.20053507387638092, 0.0, 0.0, -1.717864751815796, 4.155157451603997
4002, 215.2977294921875, -246.88449096679688, -0.20117168128490448, 0.0, 0.0, -2.143402099609375, 4.1222001837759015
4003, 215.3871307373047, -246.896240234375, -0.19989845156669617, 0.0, 0.0, -2.548920154571533, 4.090908520738673
4004, 215.4810333251953, -246.90931701660156, -0.20117168128490448, 0.0, 0.0, -2.975647449493408, 4.057840777310715
4005, 215.5752716064453, -246.9231719970703, -0.19989845156669617, 0.0, 0.0, -3.4043283462524414, 4.024762293258814
4006, 215.66603088378906, -246.93724060058594, -0.20117168128490448, 0.0, 0.0, -3.8179636001586914, 3.99272066185182
4007, 215.76226806640625, -246.95294189453125, -0.20180830359458923, 0.0, 0.0, -4.258028030395508, 3.9586739597709792
4008, 215.85870361328125, -246.96946716308594, -0.20053507387638092, 0.0, 0.0, -4.699739933013916, 3.9246893305662023
4009, 215.948486328125, -246.98553466796875, -0.20180830359458923, 0.0, 0.0, -5.112185001373291, 3.8928524266070137
4010, 216.033447265625, -247.0014190673828, -0.20053507387638092, 0.0, 0.0, -5.502963542938232, 3.8628486867742478
4011, 216.1154022216797, -247.01730346679688, -0.20180830359458923, 0.0, 0.0, -5.880863189697266, 3.83372705722145
4012, 216.20404052734375, -247.0351104736328, -0.19989845156669617, 0.0, 0.0, -6.289739608764648, 3.8024048109227877
4013, 216.28616333007812, -247.05224609375, -0.20117168128490448, 0.0, 0.0, -6.669315814971924, 3.7731951437991387
4014, 216.3689727783203, -247.0701141357422, -0.19989845156669617, 0.0, 0.0, -7.052528381347656, 3.743866738015931
4015, 216.45481872558594, -247.08924865722656, -0.20053507387638092, 0.0, 0.0, -7.450262546539307, 3.713353104128923
4016, 216.53805541992188, -247.1084747314453, -0.20180830359458923, 0.0, 0.0, -7.837317943572998, 3.6836483799984467
4017, 216.62396240234375, -247.12892150878906, -0.19989845156669617, 0.0, 0.0, -8.237466812133789, 3.6531863136899143
4018, 216.7082977294922, -247.14962768554688, -0.20117168128490448, 0.0, 0.0, -8.631112098693848, 3.6230918685910694
4019, 216.79052734375, -247.17044067382812, -0.19989845156669617, 0.0, 0.0, -9.015603065490723, 3.5938343993519313
4020, 216.86778259277344, -247.19053649902344, -0.20117168128490448, 0.0, 0.0, -9.377728462219238, 3.5661665362518953
4021, 216.94210815429688, -247.2103729248047, -0.19989845156669617, 0.0, 0.0, -9.72651481628418, 3.5396547626752524
4022, 217.0213165283203, -247.23208618164062, -0.20117168128490448, 0.0, 0.0, -10.099287033081055, 3.511202932568876
4023, 217.09622192382812, -247.25311279296875, -0.19989845156669617, 0.0, 0.0, -10.452378273010254, 3.4843944686988597
4024, 217.16876220703125, -247.2740020751953, -0.20117168128490448, 0.0, 0.0, -10.795488357543945, 3.4582346281571734
4025, 217.23992919921875, -247.2949981689453, -0.20180830359458923, 0.0, 0.0, -11.133255958557129, 3.4325154824444963
4026, 217.31195068359375, -247.3166961669922, -0.20053507387638092, 0.0, 0.0, -11.475754737854004, 3.406593859175779
4027, 217.3902130126953, -247.34083557128906, -0.20180830359458923, 0.0, 0.0, -11.849352836608887, 3.3782203389809484
4028, 217.46575927734375, -247.3647003173828, -0.20053507387638092, 0.0, 0.0, -12.210711479187012, 3.350930100214942
4029, 217.54071044921875, -247.38885498046875, -0.1992618292570114, 0.0, 0.0, -12.56920337677002, 3.3238768539770716
4030, 217.61239624023438, -247.412353515625, -0.19289563596248627, 0.0, 0.0, -12.909322738647461, 3.298392623330711
4031, 217.6814727783203, -247.43524169921875, -0.18334634602069855, 0.0, 0.0, -13.23058032989502, 3.2742165770400837
4032, 217.7493133544922, -247.4579315185547, -0.1769801527261734, 0.0, 0.0, -13.537952423095703, 3.2504357169292657
4033, 217.822998046875, -247.4827423095703, -0.17061395943164825, 0.0, 0.0, -13.861955642700195, 3.224527544445404
4034, 217.89077758789062, -247.50575256347656, -0.1642477810382843, 0.0, 0.0, -14.150774002075195, 3.200656941579323
4035, 217.95916748046875, -247.5290985107422, -0.15469849109649658, 0.0, 0.0, -14.431475639343262, 3.176690067329812
4036, 218.0253143310547, -247.5517578125, -0.14833229780197144, 0.0, 0.0, -14.692219734191895, 3.153389559876192
4037, 218.0890350341797, -247.5736846923828, -0.1419661045074463, 0.0, 0.0, -14.933762550354004, 3.130870654027522
4038, 218.1586456298828, -247.5977325439453, -0.13559991121292114, 0.0, 0.0, -15.186453819274902, 3.1062007010307813
4039, 218.22157287597656, -247.61952209472656, -0.129233717918396, 0.0, 0.0, -15.405412673950195, 3.0838514133419297
4040, 218.28659057617188, -247.6421356201172, -0.12286753207445145, 0.0, 0.0, -15.621842384338379, 3.060714274983717
4041, 218.3490753173828, -247.66384887695312, -0.11331824213266373, 0.0, 0.0, -15.819229125976562, 3.038550352790997
4042, 218.4104766845703, -247.68515014648438, -0.10695204883813858, 0.0, 0.0, -16.00273323059082, 3.0166786097128564
4043, 218.47119140625, -247.7062225341797, -0.10058585554361343, 0.0, 0.0, -16.174240112304688, 2.9949996249875257
4044, 218.53651428222656, -247.72889709472656, -0.09421966969966888, 0.0, 0.0, -16.347885131835938, 2.9716023341516076
4045, 218.59884643554688, -247.75050354003906, -0.08785347640514374, 0.0, 0.0, -16.50340461730957, 2.9492464238616125
4046, 218.65988159179688, -247.77163696289062, -0.08148728311061859, 0.0, 0.0, -16.646194458007812, 2.927310019375113
4047, 218.72337341308594, -247.79356384277344, -0.07512108981609344, 0.0, 0.0, -16.784435272216797, 2.9044648303749017
4048, 218.7838592529297, -247.8144073486328, -0.0687548965215683, 0.0, 0.0, -16.906688690185547, 2.8826665570797507
4049, 218.84584045410156, -247.83563232421875, -0.05920560657978058, 0.0, 0.0, -17.020702362060547, 2.8603437415555955
4050, 218.90589904785156, -247.85609436035156, -0.052839405834674835, 0.0, 0.0, -17.12043571472168, 2.838654341884362
4051, 218.96885681152344, -247.87741088867188, -0.04647320508956909, 0.0, 0.0, -17.21390724182129, 2.8158700141842066
4052, 219.02606201171875, -247.8966522216797, -0.04010700806975365, 0.05000000074505806, 0.0, -17.289533615112305, 2.7916721297050113
4053, 219.0770263671875, -247.91371154785156, -0.0337408073246479, 0.10000000149011612, 0.0, -17.348613739013672, 2.7759741393063395
4054, 219.13284301757812, -247.93223571777344, -0.02737460844218731, 0.15000000596046448, 0.0, -17.404949188232422, 2.764906915823438
4055, 219.18942260742188, -247.950927734375, -0.0261013712733984, 0.20000001788139343, 0.0, -17.454570770263672, 2.759726397789705
4056, 219.247802734375, -247.97018432617188, -0.02482813224196434, 0.2500000298023224, 0.0, -17.500102996826172, 2.760524157813295
4057, 219.30335998535156, -247.98851013183594, -0.02355489321053028, 0.30000004172325134, 0.0, -17.539438247680664, 2.7667401808299066
4058, 219.36233520507812, -248.0079803466797, -0.02228165604174137, 0.3500000536441803, 0.0, -17.577831268310547, 2.779059159581095
4059, 219.41839599609375, -248.02647399902344, -0.021008417010307312, 0.40000006556510925, 0.0, -17.61167335510254, 2.7959306703962787
4060, 219.4726104736328, -248.0443572998047, -0.019735179841518402, 0.4500000774860382, 0.0, -17.642189025878906, 2.816945968041705
4061, 219.5306396484375, -248.06350708007812, -0.018461940810084343, 0.5000000596046448, 0.0, -17.672645568847656, 2.844515503703076
4062, 219.58566284179688, -248.08163452148438, -0.017188701778650284, 0.550000011920929, 0.0, -17.699533462524414, 2.875222596116381
4063, 219.64218139648438, -248.10025024414062, -0.015915462747216225, 0.5999999642372131, 0.0, -17.72519874572754, 2.911257337650326
4064, 219.70697021484375, -248.12158203125, -0.014642222784459591, 0.6499999165534973, 0.0, -17.75229835510254, 2.9578713969529993
4065, 219.77218627929688, -248.14288330078125, -0.005092926789075136, 0.7249998450279236, 0.0, -17.773473739624023, 3.0100747000067294
4066, 219.83245849609375, -248.16241455078125, 0.0, 0.7749997973442078, 0.0, -17.78638458251953, 3.0633434958847974
4067, 219.90049743652344, -248.18426513671875, 0.0038197184912860394, 0.7249998450279236, 0.0, -17.793344497680664, 3.1254180977583466
4068, 219.9671173095703, -248.20553588867188, 0.007639436982572079, 0.6749998927116394, 0.0, -17.793312072753906, 3.1836983845901994
4069, 220.0325927734375, -248.22630310058594, 0.01145915500819683, 0.6249999403953552, 0.0, -17.787090301513672, 3.236537507440785
4070, 220.10166931152344, -248.2480010986328, 0.015278873965144157, 0.574999988079071, 0.0, -17.774028778076172, 3.286600284270776
4071, 220.17840576171875, -248.27191162109375, 0.019098592922091484, 0.5250000357627869, 0.0, -17.751989364624023, 3.335119311506881
4072, 220.2434844970703, -248.2920684814453, 0.02291831001639366, 0.4750000536441803, 0.0, -17.727642059326172, 3.3705975616313126
4073, 220.31288146972656, -248.3133544921875, 0.026738028973340988, 0.42500004172325134, 0.0, -17.695655822753906, 3.40251801640368
4074, 220.3834686279297, -248.33482360839844, 0.030557747930288315, 0.3750000298023224, 0.0, -17.656810760498047, 3.4287941700371474
4075, 220.45672607421875, -248.3568878173828, 0.03437746688723564, 0.32500001788139343, 0.0, -17.60980987548828, 3.449646893627376
4076, 220.5320281982422, -248.3793182373047, 0.040107037872076035, 0.25, 0.0, -17.553749084472656, 3.4635683244537634
4077, 220.60569763183594, -248.40097045898438, 0.04392675310373306, 0.19999998807907104, 0.0, -17.49131202697754, 3.469780126152231
4078, 220.67884826660156, -248.42225646972656, 0.04774646833539009, 0.19999998807907104, 0.0, -17.42222023010254, 3.470959358259841
4079, 220.7477264404297, -248.4420623779297, 0.05156618356704712, 0.25, 0.0, -17.350811004638672, 3.4712298249037112
4080, 220.82061767578125, -248.4628448486328, 0.05029294267296791, 0.30000001192092896, 0.0, -17.27064323425293, 3.474436882769098
4081, 220.8937225341797, -248.48355102539062, 0.049019705504179, 0.3500000238418579, 0.0, -17.18787956237793, 3.4821363252942126
4082, 220.97027587890625, -248.5051727294922, 0.04774646833539009, 0.40000003576278687, 0.0, -17.100324630737305, 3.4956510140289723
4083, 221.0429229736328, -248.52561950683594, 0.04583660885691643, 0.4750000536441803, 0.0, -17.017805099487305, 3.5140250180797334
4084, 221.11509704589844, -248.5458526611328, 0.04456337168812752, 0.5250000357627869, 0.0, -16.937088012695312, 3.5384687042841407
4085, 221.1884002685547, -248.5663604736328, 0.04329013451933861, 0.574999988079071, 0.0, -16.85670280456543, 3.569009868745862
4086, 221.26126098632812, -248.58673095703125, 0.0420168936252594, 0.6249999403953552, 0.0, -16.778575897216797, 3.604599671852759
4087, 221.33566284179688, -248.607421875, 0.04329013451933861, 0.6749998927116394, 0.0, -16.699811935424805, 3.6458933679380796
4088, 221.4097442626953, -248.62786865234375, 0.047109849750995636, 0.6249999403953552, 0.0, -16.62037467956543, 3.6892822143522896
4089, 221.48304748535156, -248.6479034423828, 0.050929564982652664, 0.574999988079071, 0.0, -16.539138793945312, 3.7306546146109834
4090, 221.55873107910156, -248.6683349609375, 0.05474928021430969, 0.5250000357627869, 0.0, -16.45128059387207, 3.7697207576009477
4091, 221.6373748779297, -248.68927001953125, 0.05856899172067642, 0.4750000536441803, 0.0, -16.354875564575195, 3.805345374415407
4092, 221.71844482421875, -248.71054077148438, 0.06238870695233345, 0.42500004172325134, 0.0, -16.249650955200195, 3.836267593869956
4093, 221.79782104492188, -248.73106384277344, 0.06620842218399048, 0.3750000298023224, 0.0, -16.140581130981445, 3.8606728428730266
4094, 221.87750244140625, -248.75135803222656, 0.0700281411409378, 0.32500001788139343, 0.0, -16.024856567382812, 3.8792459328043787
4095, 221.9590606689453, -248.77178955078125, 0.07384785264730453, 0.2750000059604645, 0.0, -15.899670600891113, 3.8920994028086313
4096, 222.0399932861328, -248.791748046875, 0.07766757160425186, 0.22499999403953552, 0.0, -15.768692970275879, 3.898737106902366
4097, 222.12538146972656, -248.8124237060547, 0.07894080877304077, 0.17499998211860657, 0.0, -15.62419319152832, 3.899335047712141
4098, 222.2074737548828, -248.83204650878906, 0.07766757160425186, 0.12499997764825821, 0.0, -15.481463432312012, 3.8939247581459253
4099, 222.28536987304688, -248.8504638671875, 0.07639432698488235, 0.07499998062849045, 0.0, -15.344196319580078, 3.883344342013062
4100, 222.35560607910156, -248.86691284179688, 0.07512108981609344, 0.024999981746077538, 0.0, -15.219959259033203, 3.8692138614397917
4101, 222.43795776367188, -248.88604736328125, 0.07384785264730453, 0.0, 0.0, -15.074481010437012, 3.8474533167818343
4102, 222.52210998535156, -248.9054412841797, 0.07257461547851562, 0.0, 0.0, -14.926773071289062, 3.8214848275415947
4103, 222.60165405273438, -248.9236297607422, 0.07130137830972672, 0.0, 0.0, -14.788497924804688, 3.7951878434099493
4104, 222.6803436279297, -248.94143676757812, 0.0700281411409378, 0.0, 0.0, -14.653247833251953, 3.7683083539160234
4105, 222.7586212158203, -248.9590301513672, 0.0687548965215683, 0.02500000037252903, 0.0, -14.520498275756836, 3.7411403615664733
4106, 222.83590698242188, -248.97625732421875, 0.06748165935277939, 0.07500000298023224, 0.0, -14.391406059265137, 3.716685517718973
4107, 222.9151153564453, -248.99380493164062, 0.06557180732488632, 0.15000000596046448, 0.0, -14.261614799499512, 3.6962829061412465
4108, 222.99331665039062, -249.010986328125, 0.06429856270551682, 0.20000001788139343, 0.0, -14.136034965515137, 3.6826051418585197
4109, 223.07037353515625, -249.0277862548828, 0.0630253255367279, 0.2500000298023224, 0.0, -14.014910697937012, 3.675378059508441
4110, 223.14508056640625, -249.0438995361328, 0.06429856270551682, 0.30000004172325134, 0.0, -13.89897632598877, 3.674105295893091
4111, 223.2173614501953, -249.059326171875, 0.06620842218399048, 0.3250000476837158, 0.0, -13.786884307861328, 3.6776461219835532
4112, 223.29339599609375, -249.07534790039062, 0.0700281411409378, 0.3750000596046448, 0.0, -13.667285919189453, 3.6857892078101284
4113, 223.36607360839844, -249.0903778076172, 0.07384785264730453, 0.42500007152557373, 0.0, -13.55003833770752, 3.6981616462990154
4114, 223.4427032470703, -249.10592651367188, 0.07766757160425186, 0.3750000596046448, 0.0, -13.422140121459961, 3.713687735652509
4115, 223.52215576171875, -249.12171936035156, 0.08148728311061859, 0.3250000476837158, 0.0, -13.284321784973145, 3.7282215869595956
4116, 223.60227966308594, -249.1372528076172, 0.08530700206756592, 0.27500003576278687, 0.0, -13.139425277709961, 3.7390593968936114
4117, 223.68576049804688, -249.15304565429688, 0.09103657305240631, 0.20000001788139343, 0.0, -12.98100757598877, 3.744168921634806
4118, 223.76548767089844, -249.16770935058594, 0.09103657305240631, 0.20000001788139343, 0.0, -12.822467803955078, 3.744168921634806
4119, 223.84640502929688, -249.1822052001953, 0.09867600351572037, 0.10000000149011612, 0.0, -12.654284477233887, 3.734428981366696
4120, 223.92303466796875, -249.195556640625, 0.1024957150220871, 0.05000000447034836, 0.0, -12.488269805908203, 3.7211106841174617
4121, 224.0004119873047, -249.20864868164062, 0.10631543397903442, 4.0978194171259474e-09, 0.0, -12.313922882080078, 3.7019852787301466
4122, 224.0835723876953, -249.2222442626953, 0.11204500496387482, 0.0, 0.0, -12.118060111999512, 3.6774565003279256
4123, 224.1596221923828, -249.23426818847656, 0.11586471647024155, 0.0, 0.0, -11.931416511535645, 3.6526685335121107
4124, 224.23655700683594, -249.2460479736328, 0.11713795363903046, 0.0, 0.0, -11.736345291137695, 3.6265902559961223
4125, 224.30859375, -249.2567901611328, 0.11586471647024155, 0.0, 0.0, -11.54991340637207, 3.601826427217206
4126, 224.3816680908203, -249.26744079589844, 0.11459147930145264, 0.0, 0.0, -11.358841896057129, 3.5765474227190555
4127, 224.45755004882812, -249.27821350097656, 0.11331824213266373, 0.0, 0.0, -11.15965461730957, 3.5502150851479346
4128, 224.535888671875, -249.2891387939453, 0.11204500496387482, 0.0, 0.0, -10.954269409179688, 3.5230114235871963
4129, 224.60601806640625, -249.29869079589844, 0.11077176779508591, 0.0, 0.0, -10.771163940429688, 3.4986661421015475
4130, 224.67929077148438, -249.3084716796875, 0.1094985231757164, 0.0, 0.0, -10.581068992614746, 3.4732335382467463
4131, 224.75616455078125, -249.3185272216797, 0.10822528600692749, 0.0, 0.0, -10.383283615112305, 3.446563151571566
4132, 224.8319091796875, -249.3282012939453, 0.10695204883813858, 0.0, 0.0, -10.190232276916504, 3.4202931291098397
4133, 224.90196228027344, -249.3369598388672, 0.10567881166934967, 0.0, 0.0, -10.013470649719238, 3.3960223518671726
4134, 224.97406005859375, -249.34579467773438, 0.10440557450056076, 0.0, 0.0, -9.833419799804688, 3.3710465855815217
4135, 225.04458618164062, -249.35423278808594, 0.10313233733177185, 0.0, 0.0, -9.659164428710938, 3.3466251212760327
4136, 225.11538696289062, -249.36253356933594, 0.10185910016298294, 0.05000000074505806, 0.0, -9.486218452453613, 3.3207777729700583
4137, 225.19000244140625, -249.37106323242188, 0.10058585554361343, 0.10000000149011612, 0.0, -9.306224822998047, 3.2990509909884365
4138, 225.26075744628906, -249.37901306152344, 0.09931261837482452, 0.15000000596046448, 0.0, -9.137768745422363, 3.2840582538178356
4139, 225.3370819091797, -249.3873748779297, 0.09803938120603561, 0.20000001788139343, 0.0, -8.95850658416748, 3.2743368487650137
4140, 225.40431213378906, -249.3945770263672, 0.0967661440372467, 0.2500000298023224, 0.0, -8.802836418151855, 3.271217371998723
4141, 225.4686279296875, -249.4013214111328, 0.0954929068684578, 0.30000004172325134, 0.0, -8.655956268310547, 3.2731984221915242
4142, 225.53733825683594, -249.40838623046875, 0.0967661440372467, 0.3500000536441803, 0.0, -8.50019359588623, 3.28075960250994
4143, 225.6033172607422, -249.41493225097656, 0.10058585554361343, 0.40000006556510925, 0.0, -8.349984169006348, 3.292890364641916
4144, 225.67718505859375, -249.4219207763672, 0.10440557450056076, 0.4500000774860382, 0.0, -8.179177284240723, 3.312185100236544
4145, 225.7470703125, -249.42825317382812, 0.10822528600692749, 0.4500000774860382, 0.0, -8.014078140258789, 3.3343484084051886
4146, 225.81849670410156, -249.43438720703125, 0.11204500496387482, 0.40000006556510925, 0.0, -7.841012477874756, 3.3571621864262147
4147, 225.8902130126953, -249.44017028808594, 0.11586471647024155, 0.3500000536441803, 0.0, -7.662240505218506, 3.3771098474885117
4148, 225.9654083251953, -249.4458465576172, 0.11968443542718887, 0.30000004172325134, 0.0, -7.469000339508057, 3.393273332398745
4149, 226.03746032714844, -249.450927734375, 0.1235041469335556, 0.2500000298023224, 0.0, -7.278326988220215, 3.403550405824779
4150, 226.1116485595703, -249.45587158203125, 0.12159428745508194, 0.17500001192092896, 0.0, -7.078131675720215, 3.408052604463032
4151, 226.18296813964844, -249.4603729248047, 0.12032105028629303, 0.125, 0.0, -6.884069442749023, 3.4058190364846337
4152, 226.25718688964844, -249.4647979736328, 0.11904781311750412, 0.07500000298023224, 0.0, -6.681493759155273, 3.397155411238523
4153, 226.3334503173828, -249.4691162109375, 0.11777457594871521, 0.02500000409781933, 0.0, -6.473515510559082, 3.381868495062911
4154, 226.4092559814453, -249.47315979003906, 0.1165013387799263, -0.02499999664723873, 0.0, -6.267582893371582, 3.3621632678147386
4155, 226.4755096435547, -249.4765167236328, 0.11522810161113739, 0.02500000037252903, 0.0, -6.088596343994141, 3.343234063334864
4156, 226.54275512695312, -249.4797821044922, 0.11331824213266373, 0.10000000149011612, 0.0, -5.908360004425049, 3.3248392713822263
4157, 226.609619140625, -249.4828643798828, 0.11268161982297897, 0.125, 0.0, -5.730716228485107, 3.3101277433016145
4158, 226.682373046875, -249.48602294921875, 0.11077176779508591, 0.20000001788139343, 0.0, -5.539492607116699, 3.2990000772076207
4159, 226.75396728515625, -249.48892211914062, 0.11204500496387482, 0.2500000298023224, 0.0, -5.352817535400391, 3.2945546032102135
4160, 226.82960510253906, -249.4916229248047, 0.11586471647024155, 0.30000004172325134, 0.0, -5.154788017272949, 3.2964385346441736
4161, 226.9008026123047, -249.49388122558594, 0.11968443542718887, 0.3500000536441803, 0.0, -4.965944766998291, 3.303927739795707
4162, 226.97344970703125, -249.49581909179688, 0.1235041469335556, 0.40000006556510925, 0.0, -4.769563674926758, 3.3171355225275616
4163, 227.04348754882812, -249.49729919433594, 0.12732386589050293, 0.40000006556510925, 0.0, -4.576021194458008, 3.3337138881445267
4164, 227.11788940429688, -249.49850463867188, 0.13114358484745026, 0.3500000536441803, 0.0, -4.365358352661133, 3.3514897704872384
4165, 227.190185546875, -249.499267578125, 0.1349632889032364, 0.30000004172325134, 0.0, -4.155305862426758, 3.3657675204720348
4166, 227.26612854003906, -249.49964904785156, 0.13878300786018372, 0.2500000298023224, 0.0, -3.9286208152770996, 3.3759555846462788
4167, 227.33956909179688, -249.49960327148438, 0.14260272681713104, 0.20000001788139343, 0.0, -3.7034316062927246, 3.380464695207857
4168, 227.41671752929688, -249.4990997314453, 0.14642244577407837, 0.15000000596046448, 0.0, -3.4602973461151123, 3.379183058581882
4169, 227.49172973632812, -249.4981231689453, 0.1502421498298645, 0.10000000149011612, 0.0, -3.217377185821533, 3.371988144770587
4170, 227.5680389404297, -249.49667358398438, 0.1502421498298645, 0.10000000149011612, 0.0, -2.963409900665283, 3.358621704798116
4171, 227.64271545410156, -249.4947967529297, 0.15788158774375916, 4.0978194171259474e-09, 0.0, -2.708252429962158, 3.3396136883917604
4172, 227.7146453857422, -249.49253845214844, 0.1617012917995453, 0.0, 0.0, -2.456024646759033, 3.3193927047002063
4173, 227.786865234375, -249.4897918701172, 0.16743087768554688, 0.0, 0.0, -2.1956787109375, 3.296305743670319
4174, 227.86119079589844, -249.48641967773438, 0.17316044867038727, 0.0, 0.0, -1.9192813634872437, 3.271042517858099
4175, 227.93679809570312, -249.48243713378906, 0.1769801527261734, 0.0, 0.0, -1.6296082735061646, 3.244716021160191
4176, 228.0072021484375, -249.47824096679688, 0.18079987168312073, 0.0, 0.0, -1.352813720703125, 3.219914459066977
4177, 228.07794189453125, -249.4735107421875, 0.18461959064006805, 0.0, 0.0, -1.067718505859375, 3.194821675448988
4178, 228.15255737304688, -249.46800231933594, 0.18843930959701538, 0.0, 0.0, -0.7598571181297302, 3.168286170290253
4179, 228.21913146972656, -249.46258544921875, 0.1922590136528015, 0.0, 0.0, -0.47900381684303284, 3.144553601497596
4180, 228.29159545898438, -249.45616149902344, 0.1979885846376419, 0.0, 0.0, -0.1658935397863388, 3.1185212862927045
4181, 228.36090087890625, -249.44949340820312, 0.20180830359458923, 0.0, 0.0, 0.1407526135444641, 3.0936775869499273
4182, 228.43234252929688, -249.442138671875, 0.20053507387638092, 0.0, 0.0, 0.46197694540023804, 3.0685325942137767
4183, 228.49546813964844, -249.4352264404297, 0.20180830359458923, 0.0, 0.0, 0.7487816214561462, 3.0463350333427326
4184, 228.5634765625, -249.42742919921875, 0.20053507387638092, 0.0, 0.0, 1.0596314668655396, 3.0226313913318053
4185, 228.62838745117188, -249.41961669921875, 0.20180830359458923, 0.0, 0.0, 1.3580464124679565, 2.999903488304044
4186, 228.69110107421875, -249.41175842285156, 0.20053507387638092, 0.0, 0.0, 1.6470229625701904, 2.9780954431427804
4187, 228.7562713623047, -249.4031982421875, 0.20180830359458923, 0.0, 0.0, 1.9481371641159058, 2.9553126142571196
4188, 228.82049560546875, -249.3944549560547, 0.20053507387638092, 0.0, 0.0, 2.2454311847686768, 2.9329758045190197
4189, 228.8854217529297, -249.38522338867188, 0.20180830359458923, 0.0, 0.0, 2.546531915664673, 2.910263980552919
4190, 228.9481964111328, -249.3759765625, 0.20053507387638092, 0.0, 0.0, 2.8379697799682617, 2.8884176640341583
4191, 229.01467895507812, -249.36581420898438, 0.20117168128490448, 0.0, 0.0, 3.1470043659210205, 2.8651777213420635
4192, 229.0756378173828, -249.35618591308594, 0.19989845156669617, 0.0, 0.0, 3.4302892684936523, 2.843961041144917
4193, 229.13424682617188, -249.3466033935547, 0.20117168128490448, 0.0, 0.0, 3.7030043601989746, 2.823416153692178
4194, 229.1980743408203, -249.33587646484375, 0.19989845156669617, 0.02500000037252903, 0.0, 4.000276565551758, 2.7968628817605863
4195, 229.25889587402344, -249.32528686523438, 0.20117168128490448, 0.07500000298023224, 0.0, 4.283974647521973, 2.777245776444259
4196, 229.31692504882812, -249.31494140625, 0.19989845156669617, 0.125, 0.0, 4.554403781890869, 2.7640864425985328
4197, 229.37771606445312, -249.3037872314453, 0.19862520694732666, 0.17500001192092896, 0.0, 4.836869716644287, 2.756309939041221
4198, 229.43463134765625, -249.29307556152344, 0.19735197722911835, 0.2250000238418579, 0.0, 5.100078105926514, 2.7545088636816457
4199, 229.49285888671875, -249.2819061279297, 0.19607873260974884, 0.27500003576278687, 0.0, 5.367825508117676, 2.7581962773837048
4200, 229.55308532714844, -249.2700958251953, 0.19480548799037933, 0.3250000476837158, 0.0, 5.642813205718994, 2.7677555527818725
4201, 229.61355590820312, -249.25794982910156, 0.19353225827217102, 0.3750000596046448, 0.0, 5.917105197906494, 2.7829646422681438
4202, 229.6746063232422, -249.24546813964844, 0.19162240624427795, 0.4500000774860382, 0.0, 6.191883087158203, 2.804235211120753
4203, 229.73953247070312, -249.23190307617188, 0.1897125393152237, 0.5250000357627869, 0.0, 6.481098651885986, 2.8344623174897055
4204, 229.7991943359375, -249.21917724609375, 0.1909857839345932, 0.574999988079071, 0.0, 6.745560646057129, 2.8686311846174224
4205, 229.86114501953125, -249.2056121826172, 0.19480548799037933, 0.6249999403953552, 0.0, 7.02074670791626, 2.9092625986411575
4206, 229.9251708984375, -249.1912078857422, 0.19862520694732666, 0.6749998927116394, 0.0, 7.3077239990234375, 2.9562234644506264
4207, 229.99212646484375, -249.1757049560547, 0.19989845156669617, 0.7249998450279236, 0.0, 7.610418319702148, 3.010428863066221
4208, 230.05624389648438, -249.16050720214844, 0.20117168128490448, 0.7749997973442078, 0.0, 7.902426719665527, 3.0666310178346223
4209, 230.12474060058594, -249.1438751220703, 0.19989845156669617, 0.7249998450279236, 0.0, 8.21522045135498, 3.1282766189984845
4210, 230.19265747070312, -249.1269989013672, 0.20053507387638092, 0.6499999165534973, 0.0, 8.526172637939453, 3.1858851504680468
4211, 230.25799560546875, -249.11044311523438, 0.19989845156669617, 0.6249999403953552, 0.0, 8.825688362121582, 3.2366795367211445
4212, 230.33053588867188, -249.09161376953125, 0.20053507387638092, 0.550000011920929, 0.0, 9.15902042388916, 3.2868713127356686
4213, 230.3992156982422, -249.07339477539062, 0.20180830359458923, 0.5000000596046448, 0.0, 9.47603702545166, 3.3276488526545336
4214, 230.4700164794922, -249.05419921875, 0.20053507387638092, 0.4500000476837158, 0.0, 9.803513526916504, 3.363390335742818
4215, 230.54458618164062, -249.0334930419922, 0.20180830359458923, 0.40000003576278687, 0.0, 10.149812698364258, 3.3940998052682922
4216, 230.61846923828125, -249.01255798339844, 0.20053507387638092, 0.3500000238418579, 0.0, 10.493699073791504, 3.4181407273615245
4217, 230.68919372558594, -248.99205017089844, 0.20180830359458923, 0.30000001192092896, 0.0, 10.824130058288574, 3.4350553591805855
4218, 230.76263427734375, -248.97030639648438, 0.20053507387638092, 0.25, 0.0, 11.168086051940918, 3.4466240381266084
4219, 230.83705139160156, -248.94776916503906, 0.20180830359458923, 0.19999998807907104, 0.0, 11.517956733703613, 3.4518777853780342
4220, 230.91050720214844, -248.92503356933594, 0.20053507387638092, 0.1499999761581421, 0.0, 11.864263534545898, 3.451060084135556
4221, 230.98101806640625, -248.9027862548828, 0.20180830359458923, 0.09999997913837433, 0.0, 12.19802474975586, 3.4444031160216744
4222, 231.05235290527344, -248.87982177734375, 0.20053507387638092, 0.04999998211860657, 0.0, 12.53679084777832, 3.4320260424957842
4223, 231.1229705810547, -248.85659790039062, 0.20180830359458923, 0.09999997913837433, 0.0, 12.873542785644531, 3.4168936954036853
4224, 231.19482421875, -248.83248901367188, 0.19989845156669617, 0.17499998211860657, 0.0, 13.216887474060059, 3.4040057592820143
4225, 231.2654571533203, -248.808349609375, 0.20117168128490448, 0.22499999403953552, 0.0, 13.555015563964844, 3.396612045307514
4226, 231.33804321289062, -248.78306579589844, 0.19989845156669617, 0.2750000059604645, 0.0, 13.90245532989502, 3.3952255161853526
4227, 231.41127014160156, -248.75706481933594, 0.1979885846376419, 0.3500000238418579, 0.0, 14.252067565917969, 3.4005420646177393
4228, 231.48167419433594, -248.73171997070312, 0.19162240624427795, 0.40000003576278687, 0.0, 14.584701538085938, 3.413051991967354
4229, 231.55316162109375, -248.70571899414062, 0.1852562129497528, 0.4500000476837158, 0.0, 14.916116714477539, 3.4321913738917442
4230, 231.62496948242188, -248.6793670654297, 0.17889001965522766, 0.5000000596046448, 0.0, 15.240964889526367, 3.457300494731
4231, 231.69647216796875, -248.65292358398438, 0.17252382636070251, 0.550000011920929, 0.0, 15.555560111999512, 3.4877649990630486
4232, 231.77024841308594, -248.6254425048828, 0.16615763306617737, 0.550000011920929, 0.0, 15.87026596069336, 3.523206100458273
4233, 231.8412322998047, -248.5988006591797, 0.15979143977165222, 0.5000000596046448, 0.0, 16.163509368896484, 3.557577330137213
4234, 231.9179229736328, -248.56991577148438, 0.1502421498298645, 0.42500004172325134, 0.0, 16.468114852905273, 3.590888186061118
4235, 231.99032592773438, -248.54251098632812, 0.14387595653533936, 0.3750000298023224, 0.0, 16.744346618652344, 3.6167032784520474
4236, 232.06988525390625, -248.5122528076172, 0.1375097632408142, 0.32500001788139343, 0.0, 17.03531837463379, 3.638523465869629
4237, 232.1411590576172, -248.48501586914062, 0.13114358484745026, 0.2750000059604645, 0.0, 17.2858943939209, 3.652330080884367
4238, 232.21722412109375, -248.45584106445312, 0.12477738410234451, 0.22499999403953552, 0.0, 17.54210090637207, 3.660925626450501
4239, 232.295654296875, -248.42559814453125, 0.11841119825839996, 0.17499998211860657, 0.0, 17.79477310180664, 3.6632006773484775
4240, 232.3690643310547, -248.39720153808594, 0.11204500496387482, 0.12499997764825821, 0.0, 18.020784378051758, 3.659389334665646
4241, 232.4480438232422, -248.36656188964844, 0.10567881166934967, 0.07499998062849045, 0.0, 18.25234603881836, 3.64887177118832
4242, 232.52088928222656, -248.33824157714844, 0.09931261837482452, 0.024999981746077538, 0.0, 18.45551300048828, 3.633364710620693
4243, 232.5955352783203, -248.3091278076172, 0.09294642508029938, 0.0, 0.0, 18.652917861938477, 3.6134081045131112
4244, 232.66778564453125, -248.28094482421875, 0.08658023923635483, 0.0, 0.0, 18.83349609375, 3.59064123239708
4245, 232.7445068359375, -248.25106811523438, 0.07703094929456711, 0.0, 0.0, 19.01206398010254, 3.564634662450182
4246, 232.82395935058594, -248.2201385498047, 0.07321123778820038, 0.0, 0.0, 19.183799743652344, 3.5365363803752348
4247, 232.89794921875, -248.1912078857422, 0.07193799316883087, 0.0, 0.0, 19.334741592407227, 3.5097635663476856
4248, 232.9702911376953, -248.162841796875, 0.07193799316883087, 0.0, 0.0, 19.4759464263916, 3.4833052661716537
4249, 233.04115295410156, -248.13491821289062, 0.06939151883125305, 0.0, 0.0, 19.609498977661133, 3.4572361871325863
4250, 233.11032104492188, -248.10751342773438, 0.06811828166246414, 0.0, 0.0, 19.736112594604492, 3.4317079008738665
4251, 233.18080139160156, -248.0794677734375, 0.06684504449367523, 0.0, 0.0, 19.86179542541504, 3.4056501745376293
4252, 233.25184631347656, -248.051025390625, 0.06493518501520157, 0.0, 0.0, 19.985307693481445, 3.3793453370312982
4253, 233.31906127929688, -248.02407836914062, 0.06111546605825424, 0.0, 0.0, 20.098308563232422, 3.3545060047165434
4254, 233.38833618164062, -247.99630737304688, 0.0547492690384388, 0.0, 0.0, 20.20882797241211, 3.328954457500033
4255, 233.45718383789062, -247.96876525878906, 0.048383068293333054, 0.0, 0.0, 20.31084442138672, 3.3035753726297665
4256, 233.52305603027344, -247.94252014160156, 0.04201686754822731, 0.0, 0.0, 20.40005111694336, 3.279286753778146
4257, 233.5916748046875, -247.91526794433594, 0.035650670528411865, 0.0, 0.0, 20.48322868347168, 3.2539600678369887
4258, 233.65829467773438, -247.88902282714844, 0.0261013712733984, 0.0, 0.0, 20.552711486816406, 3.2293504607591386
4259, 233.72488403320312, -247.86297607421875, 0.019735170528292656, 0.0, 0.0, 20.61046600341797, 3.2047252740846863
4260, 233.78903198242188, -247.83807373046875, 0.013368973508477211, 0.0, 0.0, 20.655263900756836, 3.180986065740544
4261, 233.85411071777344, -247.8130340576172, 0.0070027755573391914, 0.0, 0.0, 20.689775466918945, 3.1568738643331806
4262, 233.91993713378906, -247.78794860839844, 0.0, 0.0, 0.0, 20.713226318359375, 3.1324696085122223
4263, 233.9906005859375, -247.76123046875, -0.005729577504098415, 0.0, 0.0, 20.725872039794922, 3.106266330078077
4264, 234.0536651611328, -247.73757934570312, -0.009549296461045742, 0.0, 0.0, 20.727882385253906, 3.082918933074511
4265, 234.11317443847656, -247.71536254882812, -0.013369014486670494, 0.0, 0.0, 20.72249984741211, 3.060895211350953
4266, 234.1775360107422, -247.69155883789062, -0.01718873344361782, 0.0, 0.0, 20.709075927734375, 3.0370868072332815
4267, 234.23992919921875, -247.6686248779297, -0.021008450537919998, 0.0, 0.0, 20.689115524291992, 3.0140213615806224
4268, 234.30245971679688, -247.6457977294922, -0.024828169494867325, 0.0, 0.0, 20.66244888305664, 2.9909194838037374
4269, 234.37034606933594, -247.62123107910156, -0.02864788845181465, 0.0, 0.0, 20.626131057739258, 2.965852563657489
4270, 234.43243408203125, -247.5989227294922, -0.03246760740876198, 0.0, 0.0, 20.586610794067383, 2.942935052770064
4271, 234.48934936523438, -247.5786590576172, -0.036287322640419006, 0.0, 0.0, 20.54509162902832, 2.921935732557354
4272, 234.55029296875, -247.55712890625, -0.040107037872076035, 0.0, 0.0, 20.494773864746094, 2.899460692280585
4273, 234.60897827148438, -247.5365753173828, -0.04392675310373306, 0.0, 0.0, 20.44064712524414, 2.8778174166285004
4274, 234.67044067382812, -247.5153045654297, -0.049656324088573456, 0.0, 0.0, 20.377159118652344, 2.855109641010214
4275, 234.73057556152344, -247.49473571777344, -0.053476039320230484, 0.0, 0.0, 20.308429718017578, 2.8329388087605194
4276, 234.78787231445312, -247.475341796875, -0.05729575455188751, 0.0, 0.0, 20.237184524536133, 2.8118501273670176
4277, 234.84640502929688, -247.45574951171875, -0.06111546978354454, 0.0, 0.0, 20.158565521240234, 2.7903149202516606
4278, 234.9055633544922, -247.43617248535156, -0.06493518501520157, 0.0, 0.0, 20.073259353637695, 2.7685666195936127
4279, 234.96604919433594, -247.41639709472656, -0.0687548965215683, 0.0, 0.0, 19.98008918762207, 2.7463540717605284
4280, 235.0218048095703, -247.3984375, -0.07448447495698929, 0.0, 0.0, 19.88835906982422, 2.7258270334407255
4281, 235.079345703125, -247.38011169433594, -0.07830418646335602, 0.0, 0.0, 19.78755760192871, 2.7046806248533426
4282, 235.13792419433594, -247.36175537109375, -0.08212390542030334, 0.0, 0.0, 19.67896842956543, 2.6832040935818515
4283, 235.19483947753906, -247.3441162109375, -0.08594361692667007, 0.0, 0.0, 19.567834854125977, 2.6623513207417355
4284, 235.2511444091797, -247.32693481445312, -0.0897633358836174, 0.0, 0.0, 19.452617645263672, 2.6417483387638967
4285, 235.30477905273438, -247.310791015625, -0.09358304738998413, 0.0, 0.0, 19.338027954101562, 2.6221403882632854
4286, 235.3582000732422, -247.2949676513672, -0.09740276634693146, 0.0, 0.0, 19.21900177001953, 2.6026058295409595
4287, 235.41458129882812, -247.27853393554688, -0.10313233733177185, 0.0, 0.0, 19.087499618530273, 2.5819358935844448
4288, 235.46974182128906, -247.26272583007812, -0.10695204883813858, 0.0, 0.0, 18.953060150146484, 2.561780176189266
4289, 235.5239715576172, -247.2474822998047, -0.11077176779508591, 0.02500000037252903, 0.0, 18.815399169921875, 2.53690734521265
4290, 235.57711791992188, -247.2327880859375, -0.11459147930145264, 0.07500000298023224, 0.0, 18.67563247680664, 2.519103871492919
4291, 235.63037109375, -247.2183074951172, -0.11841119825839996, 0.125, 0.0, 18.53098487854004, 2.5073360730899723
4292, 235.68276977539062, -247.20431518554688, -0.1222309097647667, 0.17500001192092896, 0.0, 18.384185791015625, 2.501513093040507
4293, 235.73573303222656, -247.1904296875, -0.12605062127113342, 0.2250000238418579, 0.0, 18.23141860961914, 2.5013627531161697
4294, 235.7894287109375, -247.17662048339844, -0.12987034022808075, 0.2250000238418579, 0.0, 18.072338104248047, 2.5050686853618376
4295, 235.84378051757812, -247.16290283203125, -0.13369005918502808, 0.17500001192092896, 0.0, 17.906763076782227, 2.508165696503965
4296, 235.900146484375, -247.1490020751953, -0.1375097632408142, 0.125, 0.0, 17.730106353759766, 2.507162123057173
4297, 235.95428466796875, -247.13589477539062, -0.1375097632408142, 0.125, 0.0, 17.555654525756836, 2.5011020463489073
4298, 236.005859375, -247.1237030029297, -0.14514920115470886, 0.02500000409781933, 0.0, 17.385141372680664, 2.4902635081111923
4299, 236.05917358398438, -247.1113739013672, -0.1489689201116562, -0.02499999664723873, 0.0, 17.20398712158203, 2.4754988935827558
4300, 236.1140899658203, -247.09901428222656, -0.15469849109649658, 0.0, 0.0, 17.011743545532227, 2.462113769467359
4301, 236.1648712158203, -247.08786010742188, -0.15851819515228271, 0.0, 0.0, 16.828977584838867, 2.4467585861938517
4302, 236.217529296875, -247.07662963867188, -0.1642477810382843, 0.0, 0.0, 16.633825302124023, 2.429219855035966
4303, 236.26980590820312, -247.06578063964844, -0.16806748509407043, 0.0, 0.0, 16.434560775756836, 2.411109711016217
4304, 236.3215789794922, -247.0553436279297, -0.17188720405101776, 0.0, 0.0, 16.232118606567383, 2.3928261510848827
4305, 236.3721466064453, -247.0454559326172, -0.1757069230079651, 0.0, 0.0, 16.029863357543945, 2.3748128239081447
4306, 236.4218292236328, -247.03602600097656, -0.17952664196491241, 0.0, 0.0, 15.82679557800293, 2.357038264119683
4307, 236.47337341308594, -247.0265350341797, -0.18334634602069855, 0.0, 0.0, 15.611634254455566, 2.338576096464309
4308, 236.5239715576172, -247.01751708984375, -0.18716606497764587, 0.0, 0.0, 15.39614200592041, 2.320459008248406
4309, 236.5732421875, -247.00901794433594, -0.1909857839345932, 0.0, 0.0, 15.182029724121094, 2.302808939823661
4310, 236.62286376953125, -247.00071716308594, -0.1922590136528015, 0.0, 0.0, 14.963095664978027, 2.2852181909386013
4311, 236.67364501953125, -246.9924774169922, -0.1909857839345932, 0.0, 0.0, 14.737479209899902, 2.2674862338643225
4312, 236.72178649902344, -246.9848175048828, -0.1897125393152237, 0.0, 0.0, 14.523231506347656, 2.250781452109634
4313, 236.7709197998047, -246.97715759277344, -0.18780268728733063, 0.0, 0.0, 14.30539321899414, 2.2338307312050154
4314, 236.81829833984375, -246.96994018554688, -0.18652944266796112, 0.0, 0.0, 14.09626293182373, 2.217479361919773
4315, 236.86610412597656, -246.9627685546875, -0.1852562129497528, 0.0, 0.0, 13.886506080627441, 2.2009868542453237
4316, 236.91351318359375, -246.955810546875, -0.1839829683303833, 0.0, 0.0, 13.679877281188965, 2.184642867173773
4317, 236.95863342285156, -246.94937133789062, -0.1827097237110138, 0.0, 0.0, 13.484596252441406, 2.169105834549652
4318, 237.00595092773438, -246.94273376464844, -0.18143649399280548, 0.0, 0.0, 13.281220436096191, 2.152816707409888
4319, 237.05177307128906, -246.93646240234375, -0.18016324937343597, 0.0, 0.0, 13.085555076599121, 2.1370452285149883
4320, 237.09524536132812, -246.93060302734375, -0.17889001965522766, 0.0, 0.0, 12.901006698608398, 2.122077258735257
4321, 237.13487243652344, -246.92538452148438, -0.1782533973455429, 0.0, 0.0, 12.733804702758789, 2.1084065608500153
4322, 237.17579650878906, -246.92010498046875, -0.1769801527261734, 0.0, 0.0, 12.56226634979248, 2.094324149050414
4323, 237.22142028808594, -246.91433715820312, -0.17507030069828033, 0.0, 0.0, 12.37229061126709, 2.0786623491669776
4324, 237.26531982421875, -246.90887451171875, -0.17379705607891083, 0.0, 0.0, 12.191024780273438, 2.0635843192440784
4325, 237.3076934814453, -246.9037322998047, -0.17252382636070251, 0.0, 0.0, 12.017334938049316, 2.0490260579353796
4326, 237.35202026367188, -246.8984832763672, -0.17634354531764984, 0.0, 0.0, 11.83530330657959, 2.0335169548227596
4327, 237.39454650878906, -246.89369201660156, -0.18016324937343597, 0.0, 0.0, 11.65894603729248, 2.018524267290873
4328, 237.43710327148438, -246.8890838623047, -0.1839829683303833, 0.0, 0.0, 11.479693412780762, 2.0034574011970183
4329, 237.48277282714844, -246.88438415527344, -0.18780268728733063, 0.0, 0.0, 11.284059524536133, 1.987294160128501
4330, 237.52667236328125, -246.88011169433594, -0.1909857839345932, 0.0, 0.0, 11.092679023742676, 1.9717981122088077
4331, 237.56849670410156, -246.876220703125, -0.1897125393152237, 0.0, 0.0, 10.908699035644531, 1.9573081283829143
4332, 237.60867309570312, -246.87258911132812, -0.18843930959701538, 0.0, 0.0, 10.731657028198242, 1.9434924995344702
4333, 237.64572143554688, -246.86935424804688, -0.18780268728733063, 0.0, 0.0, 10.568663597106934, 1.930762289804635
4334, 237.68292236328125, -246.86618041992188, -0.1839829683303833, 0.0, 0.0, 10.406261444091797, 1.9181442360748224
4335, 237.72323608398438, -246.8627471923828, -0.17761677503585815, 0.0, 0.0, 10.233201026916504, 1.904652947813257
4336, 237.76327514648438, -246.8593292236328, -0.171250581741333, 0.0, 0.0, 10.065706253051758, 1.8913036149251239
4337, 237.8035125732422, -246.85589599609375, -0.16488438844680786, 0.0, 0.0, 9.90246868133545, 1.8778900699470575
4338, 237.84356689453125, -246.8524627685547, -0.15851819515228271, 0.0, 0.0, 9.745390892028809, 1.8645210456873627
4339, 237.87969970703125, -246.849365234375, -0.1572449654340744, 0.0, 0.0, 9.607266426086426, 1.852251692316375
4340, 237.916748046875, -246.84628295898438, -0.1559717208147049, 0.0, 0.0, 9.467933654785156, 1.8396097843424286
4341, 237.95242309570312, -246.84336853027344, -0.15469849109649658, 0.0, 0.0, 9.335556030273438, 1.8273953767774107
4342, 237.98922729492188, -246.8404083251953, -0.15342524647712708, 0.0, 0.0, 9.200331687927246, 1.8147923698958857
4343, 238.02723693847656, -246.83741760253906, -0.151515394449234, 0.0, 0.0, 9.06215763092041, 1.8017886041548625
4344, 238.0655975341797, -246.83447265625, -0.1502421498298645, 0.0, 0.0, 8.924200057983398, 1.7886493278837992
4345, 238.10256958007812, -246.83168029785156, -0.1489689201116562, 0.0, 0.0, 8.792518615722656, 1.77598608461752
4346, 238.13946533203125, -246.82896423339844, -0.14769567549228668, 0.0, 0.0, 8.662226676940918, 1.7633457955316745
4347, 238.1760711669922, -246.82632446289062, -0.14642244577407837, 0.05000000074505806, 0.0, 8.533740997314453, 1.744956696398847
4348, 238.21067810058594, -246.8238983154297, -0.14578582346439362, 0.07500000298023224, 0.0, 8.413640975952148, 1.7347183692905181
4349, 238.24623107910156, -246.82144165039062, -0.1445125788450241, 0.125, 0.0, 8.289265632629395, 1.7246829503668242
4350, 238.2830352783203, -246.81900024414062, -0.1432393491268158, 0.17500001192092896, 0.0, 8.16368579864502, 1.7200567082405809
4351, 238.31858825683594, -246.816650390625, -0.1419661045074463, 0.2250000238418579, 0.0, 8.041316032409668, 1.7237235421721169
4352, 238.35435485839844, -246.8143768310547, -0.14069285988807678, 0.27500003576278687, 0.0, 7.922101974487305, 1.734515112397188
4353, 238.39114379882812, -246.81198120117188, -0.13432668149471283, 0.3250000476837158, 0.0, 7.800520420074463, 1.7482470843407052
4354, 238.4281005859375, -246.80960083007812, -0.12796048820018768, 0.3250000476837158, 0.0, 7.685070514678955, 1.7682050423072735
4355, 238.4654998779297, -246.80709838867188, -0.12159428745508194, 0.27500003576278687, 0.0, 7.57125997543335, 1.7873071610790296
4356, 238.5001678466797, -246.8047637939453, -0.11522810161113739, 0.2250000238418579, 0.0, 7.470190525054932, 1.7756475509210132
4357, 238.5349578857422, -246.80235290527344, -0.10886190831661224, 0.17500001192092896, 0.0, 7.3709564208984375, 1.7609935697468544
4358, 238.5716552734375, -246.7997589111328, -0.10504218935966492, 0.17500001192092896, 0.0, 7.272914886474609, 1.7994338193683557
4359, 238.61126708984375, -246.79701232910156, -0.10376895219087601, 0.2250000238418579, 0.0, 7.170523643493652, 1.8194719920761235
4360, 238.65025329589844, -246.7943115234375, -0.1024957150220871, 0.27500003576278687, 0.0, 7.0743584632873535, 1.8328352418787301
4361, 238.6883544921875, -246.79168701171875, -0.10058585554361343, 0.3500000536441803, 0.0, 6.980834484100342, 1.8515024196518213
4362, 238.72755432128906, -246.78903198242188, -0.09931261837482452, 0.40000006556510925, 0.0, 6.888131618499756, 1.8763725605384487
4363, 238.76405334472656, -246.78659057617188, -0.09867600351572037, 0.42500007152557373, 0.0, 6.802450656890869, 1.8778612416691765
4364, 238.8020782470703, -246.7841033935547, -0.09740276634693146, 0.4750000834465027, 0.0, 6.7131547927856445, 1.9215400110624759
4365, 238.842041015625, -246.781494140625, -0.09612952172756195, 0.4750000536441803, 0.0, 6.62175178527832, 1.9653661686156108
4366, 238.88458251953125, -246.77880859375, -0.09485628455877304, 0.42500004172325134, 0.0, 6.525991439819336, 2.0023297269052645
4367, 238.9258270263672, -246.7761993408203, -0.09358304738998413, 0.3750000298023224, 0.0, 6.434320449829102, 2.031466111732182
4368, 238.96954345703125, -246.7735137939453, -0.09230981022119522, 0.32500001788139343, 0.0, 6.338306903839111, 2.0560009742652894
4369, 239.0131072998047, -246.7708740234375, -0.09103657305240631, 0.2750000059604645, 0.0, 6.2438154220581055, 2.0747087009601985
4370, 239.05563354492188, -246.76834106445312, -0.0897633358836174, 0.22499999403953552, 0.0, 6.152486324310303, 2.087574905184378
4371, 239.09588623046875, -246.7659454345703, -0.0884900912642479, 0.17499998211860657, 0.0, 6.0664873123168945, 2.0934232295842565
4372, 239.13966369628906, -246.76341247558594, -0.08721685409545898, 0.12499997764825821, 0.0, 5.974673748016357, 2.095621262166485
4373, 239.1820526123047, -246.76097106933594, -0.08594361692667007, 0.07499998062849045, 0.0, 5.886621475219727, 2.094007384447606
4374, 239.22618103027344, -246.75848388671875, -0.08467037975788116, 0.024999981746077538, 0.0, 5.796090126037598, 2.0867044361811864
4375, 239.27012634277344, -246.75604248046875, -0.08339714258909225, 0.0, 0.0, 5.7070088386535645, 2.0785684874816392
4376, 239.30902099609375, -246.75392150878906, -0.08212390542030334, 0.0, 0.0, 5.629213809967041, 2.0685532956128894
4377, 239.35032653808594, -246.75167846679688, -0.08085066080093384, 0.0, 0.0, 5.54750394821167, 2.056249437558466
4378, 239.390625, -246.74954223632812, -0.08021404594182968, 0.0, 0.0, 5.46878719329834, 2.0433717244191345
4379, 239.43630981445312, -246.74717712402344, -0.07830418646335602, 0.0, 0.0, 5.380897521972656, 2.0282454936462795
4380, 239.47799682617188, -246.74501037597656, -0.07448447495698929, 0.0, 0.0, 5.302717208862305, 2.0142220742925807
4381, 239.5228729248047, -246.74261474609375, -0.06811828166246414, 0.0, 0.0, 5.222601890563965, 1.999039528540407
4382, 239.565185546875, -246.74026489257812, -0.0617520846426487, 0.0, 0.0, 5.1519269943237305, 1.984650577593514
4383, 239.61024475097656, -246.73768615722656, -0.05538588762283325, 0.0, 0.0, 5.08287239074707, 1.9692831227273793
4384, 239.65542602539062, -246.73501586914062, -0.04901968687772751, 0.0, 0.0, 5.020170211791992, 1.9538120219879196
4385, 239.70277404785156, -246.73207092285156, -0.042653486132621765, 0.05000000074505806, 0.0, 4.96150541305542, 1.9320203349401128
4386, 239.74729919433594, -246.72918701171875, -0.03628728911280632, 0.10000000149011612, 0.0, 4.913966178894043, 1.9185659407302689
4387, 239.79115295410156, -246.72628784179688, -0.0337408110499382, 0.20000001788139343, 0.0, 4.869784355163574, 1.9092378580432747
4388, 239.83663940429688, -246.72328186035156, -0.03310419246554375, 0.2250000238418579, 0.0, 4.8304924964904785, 1.9076800468370987
4389, 239.87989807128906, -246.72036743164062, -0.031194334849715233, 0.2500000298023224, 0.0, 4.792984485626221, 1.9177969875424643
4390, 239.9267578125, -246.7172393798828, -0.029921097680926323, 0.20000001788139343, 0.0, 4.75788688659668, 1.9231619440404861
4391, 239.97366333007812, -246.71409606933594, -0.02801124006509781, 0.125, 0.0, 4.721236705780029, 1.9252043208496712
4392, 240.02001953125, -246.7110137939453, -0.02673800103366375, 0.07500000298023224, 0.0, 4.690345287322998, 1.9243153657687293
4393, 240.0668182373047, -246.70787048339844, -0.02546476200222969, 0.02500000409781933, 0.0, 4.657076835632324, 1.9161610417133157
4394, 240.11053466796875, -246.70494079589844, -0.02419152483344078, -0.02499999664723873, 0.0, 4.630486965179443, 1.9094953041341727
4395, 240.15264892578125, -246.7021026611328, -0.02291828580200672, 0.0, 0.0, 4.604952335357666, 1.908501935336006
4396, 240.19705200195312, -246.69908142089844, -0.021008428186178207, 0.0, 0.0, 4.579817295074463, 1.9001325428830345
4397, 240.2407989501953, -246.6960906982422, -0.019735191017389297, 0.0, 0.0, 4.556649684906006, 1.8883078195633738
4398, 240.2833709716797, -246.69317626953125, -0.01846195198595524, 0.0, 0.0, 4.535510540008545, 1.875149477202881
4399, 240.324951171875, -246.6902618408203, -0.01718871295452118, 0.0, 0.0, 4.516164779663086, 1.8615178859098642
4400, 240.37054443359375, -246.6870880126953, -0.01591547392308712, 0.0, 0.0, 4.4964470863342285, 1.8461374319573753
4401, 240.4126434326172, -246.68408203125, -0.009549276903271675, 0.0, 0.0, 4.481426239013672, 1.8317298144993384
4402, 240.4559326171875, -246.68081665039062, 0.0, 0.0, 0.0, 4.472343921661377, 1.8167677095610515
4403, 240.4981231689453, -246.677490234375, 0.0038197184912860394, 0.0, 0.0, 4.469404697418213, 1.802138948583518
4404, 240.54269409179688, -246.67385864257812, 0.007639436982572079, 0.0, 0.0, 4.471682071685791, 1.786659643793348
4405, 240.58135986328125, -246.67063903808594, 0.01145915500819683, 0.0, 0.0, 4.4775590896606445, 1.773219581014208
4406, 240.6209716796875, -246.667236328125, 0.015278873965144157, 0.0, 0.0, 4.487415313720703, 1.759436679786277
4407, 240.6607208251953, -246.66380310058594, 0.015915492549538612, 0.0, 0.0, 4.500016689300537, 1.7456331561141536
4408, 240.702392578125, -246.66015625, 0.014642253518104553, 0.0, 0.0, 4.514284133911133, 1.7311798214311918
4409, 240.7425537109375, -246.6566619873047, 0.012732393108308315, 0.07500000298023224, 0.0, 4.5277557373046875, 1.7121060905315855
4410, 240.7802734375, -246.65342712402344, 0.011459152214229107, 0.125, 0.0, 4.539297580718994, 1.7020600841282625
4411, 240.81622314453125, -246.6503448486328, 0.010185912251472473, 0.17500001192092896, 0.0, 4.549737453460693, 1.6941416865721448
4412, 240.85592651367188, -246.64698791503906, 0.00891267228871584, 0.2250000238418579, 0.0, 4.559942245483398, 1.6887671846125696
4413, 240.8955841064453, -246.64364624023438, 0.007002812810242176, 0.15000000596046448, 0.0, 4.568717002868652, 1.6841154951846828
4414, 240.93540954589844, -246.64031982421875, 0.00572957331314683, 0.10000000149011612, 0.0, 4.5761332511901855, 1.685979757510009
4415, 240.97666931152344, -246.6368865966797, 0.0044563342817127705, 0.05000000447034836, 0.0, 4.5824079513549805, 1.6732928336018678
4416, 241.01681518554688, -246.6335906982422, 0.0031830943189561367, 4.0978194171259474e-09, 0.0, 4.587189197540283, 1.6676721501519505
4417, 241.05496215820312, -246.63047790527344, 0.0, 0.0, 0.0, 4.589828968048096, 1.6771529976468367
4418, 241.0946044921875, -246.62730407714844, 0.0, 0.0, 0.0, 4.591113090515137, 1.675627773975371
4419, 241.13067626953125, -246.62440490722656, 0.0, 0.0, 0.0, 4.591650009155273, 1.6685122197245743
4420, 241.1673583984375, -246.62147521972656, 0.0, 0.0, 0.0, 4.591878414154053, 1.6585632444148992
4421, 241.20343017578125, -246.61859130859375, 0.0, 0.0, 0.0, 4.591940402984619, 1.6474218666456388
4422, 241.24114990234375, -246.61553955078125, 0.0, 0.0, 0.0, 4.591913223266602, 1.6350540276552266
4423, 241.2777099609375, -246.61260986328125, 0.0, 0.0, 0.0, 4.591847896575928, 1.6227157453611178
4424, 241.31419372558594, -246.60968017578125, 0.0, 0.0, 0.0, 4.59175968170166, 1.6102359158421056
4425, 241.35012817382812, -246.6068115234375, 0.0, 0.0, 0.0, 4.591662883758545, 1.5978578169252464
4426, 241.3840789794922, -246.6040802001953, 0.0, 0.0, 0.0, 4.591568946838379, 1.5861309027587551
4427, 241.42263793945312, -246.60096740722656, 0.0, 0.0, 0.0, 4.591457366943359, 1.5727927383265201
4428, 241.4634246826172, -246.59768676757812, 0.0, 0.0, 0.0, 4.591338157653809, 1.558659944610595
4429, 241.5005645751953, -246.59469604492188, 0.0, 0.0, 0.0, 4.591231346130371, 1.5457997799372512
4430, 241.53538513183594, -246.59188842773438, 0.0, 0.0, 0.0, 4.591133117675781, 1.5337402529030462
4431, 241.5698699951172, -246.58914184570312, 0.0, 0.0, 0.0, 4.591033458709717, 1.5217963616464063
4432, 241.6039581298828, -246.5863800048828, 0.0, 0.0, 0.0, 4.590935230255127, 1.5099942138438625
4433, 241.6372528076172, -246.58367919921875, 0.0, 0.0, 0.0, 4.590841293334961, 1.498465021092087
4434, 241.6739044189453, -246.5807342529297, 0.0, 0.0, 0.0, 4.590737342834473, 1.4857728048498726
4435, 241.7088165283203, -246.5779266357422, 0.0, 0.0, 0.0, 4.590638160705566, 1.4736788924888644
4436, 241.74375915527344, -246.5751190185547, 0.0, 0.0, 0.0, 4.590541362762451, 1.4615769210643803
4437, 241.77845764160156, -246.5723114013672, 0.0, 0.0, 0.0, 4.590442180633545, 1.449561696425628
4438, 241.8124542236328, -246.569580078125, 0.0, 0.0, 0.0, 4.59035062789917, 1.437789984448172
4439, 241.84388732910156, -246.5670623779297, 0.0, 0.0, 0.0, 4.59035062789917, 1.4269100492858422
4440, 241.87522888183594, -246.56454467773438, 0.0, 0.0, 0.0, 4.5901780128479, 1.416052177487956
4441, 241.90475463867188, -246.5621795654297, 0.0, 0.0, 0.0, 4.5901780128479, 1.405824056856324
4442, 241.9345245361328, -246.55978393554688, 0.0, 0.02500000037252903, 0.0, 4.58999490737915, 1.3883613182625203
4443, 241.96449279785156, -246.557373046875, 0.0, 0.07500000298023224, 0.0, 4.589848041534424, 1.3613919568949118
4444, 241.99407958984375, -246.55499267578125, 0.0, 0.125, 0.0, 4.589662551879883, 1.33563296477935
4445, 242.02145385742188, -246.5527801513672, 0.0, 0.17500001192092896, 0.0, 4.589545249938965, 1.3386208697606428
4446, 242.05003356933594, -246.55050659179688, 0.0, 0.2250000238418579, 0.0, 4.589545249938965, 1.3348751390246665
4447, 242.0784454345703, -246.5482177734375, 0.0, 0.27500003576278687, 0.0, 4.5894951820373535, 1.3476170509713088
4448, 242.10711669921875, -246.54592895507812, 0.0, 0.3250000476837158, 0.0, 4.589564323425293, 1.3592324704891703
4449, 242.136474609375, -246.54359436035156, 0.0, 0.3750000596046448, 0.0, 4.5896992683410645, 1.3840811493512801
4450, 242.16709899902344, -246.54112243652344, 0.0, 0.42500007152557373, 0.0, 4.589885234832764, 1.4043145757251985
4451, 242.19395446777344, -246.5389862060547, 0.0, 0.4750000834465027, 0.0, 4.590020656585693, 1.392527365265261
4452, 242.2238006591797, -246.5365753173828, 0.0, 0.5250000357627869, 0.0, 4.590317249298096, 1.4798412334270072
4453, 242.25457763671875, -246.53411865234375, 0.0, 0.574999988079071, 0.0, 4.590806484222412, 1.5511854036045885
4454, 242.2865447998047, -246.5315704345703, 0.0, 0.6249999403953552, 0.0, 4.591340065002441, 1.6142304361317599
4455, 242.3203887939453, -246.5288543701172, 0.0, 0.6499999165534973, 0.0, 4.591893672943115, 1.6699630626769053
4456, 242.35647583007812, -246.52597045898438, 0.0, 0.6999998688697815, 0.0, 4.59242057800293, 1.7274727480853307
4457, 242.38999938964844, -246.5233154296875, -0.0038197184912860394, 0.7499998211860657, 0.0, 4.5920329093933105, 1.7626933947438486
4458, 242.42398071289062, -246.52069091796875, -0.007639436982572079, 0.7999997735023499, 0.0, 4.5893988609313965, 1.7704829365259374
4459, 242.4593963623047, -246.5180206298828, -0.01145915500819683, 0.849999725818634, 0.0, 4.5841169357299805, 1.8022625641391057
4460, 242.4975128173828, -246.5152130126953, -0.015278873965144157, 0.8999996781349182, 0.0, 4.575812339782715, 1.9185896441499002
4461, 242.53355407714844, -246.51266479492188, -0.019098592922091484, 0.9499996304512024, 0.0, 4.565097808837891, 2.012508713764589
4462, 242.57261657714844, -246.50997924804688, -0.021008450537919998, 0.9749996066093445, 0.0, 4.550867080688477, 2.09878503549373
4463, 242.61293029785156, -246.50729370117188, -0.024828169494867325, 1.0249996185302734, 0.0, 4.533309459686279, 2.1797043618389766
4464, 242.65208435058594, -246.50474548339844, -0.02864788845181465, 1.0, 0.0, 4.5133538246154785, 2.254084343728856
4465, 242.692138671875, -246.502197265625, -0.030557747930288315, 1.0, 0.0, 4.490406513214111, 2.326978981444729
4466, 242.7373809814453, -246.4994354248047, -0.03437746688723564, 1.0, 0.0, 4.461262226104736, 2.4060889621199335
4467, 242.7803497314453, -246.4969024658203, -0.03819718211889267, 1.0, 0.0, 4.43043327331543, 2.478717925400875
4468, 242.8243865966797, -246.49436950683594, -0.037560559809207916, 1.0, 0.0, 4.396772384643555, 2.5509469795446593
4469, 242.86767578125, -246.49191284179688, -0.036287322640419006, 1.0, 0.0, 4.362834453582764, 2.619993048966081
4470, 242.9149627685547, -246.48922729492188, -0.03437746688723564, 1.0, 0.0, 4.325808525085449, 2.693333590002407
4471, 242.96849060058594, -246.4862060546875, -0.03374084457755089, 1.0, 0.0, 4.284387111663818, 2.7738342738851784
4472, 243.0196075439453, -246.4833221435547, -0.03246760740876198, 0.9750000238418579, 0.0, 4.245528697967529, 2.8482238367849693
4473, 243.0701141357422, -246.48043823242188, -0.031194370239973068, 0.9250000715255737, 0.0, 4.208069801330566, 2.918302943667175
4474, 243.12464904785156, -246.47735595703125, -0.030557749792933464, 0.9000000953674316, 0.0, 4.16859769821167, 2.9896725910088535
4475, 243.17559814453125, -246.47447204589844, -0.029284512624144554, 0.8500001430511475, 0.0, 4.13267183303833, 3.052398918052229
4476, 243.23358154296875, -246.47119140625, -0.028011273592710495, 0.8000001907348633, 0.0, 4.093109607696533, 3.1185126122308793
4477, 243.28564453125, -246.46823120117188, -0.02737465500831604, 0.7750002145767212, 0.0, 4.058576583862305, 3.1735306243925367
4478, 243.34274291992188, -246.4650115966797, -0.02610141597688198, 0.725000262260437, 0.0, 4.021900653839111, 3.2293606101906254
4479, 243.40025329589844, -246.46177673339844, -0.024828176945447922, 0.6750003099441528, 0.0, 3.9862911701202393, 3.280661489281947
4480, 243.45870971679688, -246.45849609375, -0.024191558361053467, 0.6500003337860107, 0.0, 3.9512856006622314, 3.3281709226002567
4481, 243.52081298828125, -246.45497131347656, -0.022918321192264557, 0.6000003814697266, 0.0, 3.9154818058013916, 3.373923570350032
4482, 243.57821655273438, -246.4517364501953, -0.021645082160830498, 0.5500004291534424, 0.0, 3.88368558883667, 3.4117344106906207
4483, 243.64239501953125, -246.4481201171875, -0.021008463576436043, 0.5250004529953003, 0.0, 3.849515676498413, 3.4492825225132204
4484, 243.7063446044922, -246.44451904296875, -0.019735224545001984, 0.4750004708766937, 0.0, 3.816920042037964, 3.4821509526172627
4485, 243.76458740234375, -246.4412841796875, -0.02355494350194931, 0.42500045895576477, 0.0, 3.7870728969573975, 3.5078554522407672
4486, 243.8325653076172, -246.43759155273438, -0.025464802980422974, 0.4000004529953003, 0.0, 3.7508904933929443, 3.533134051731357
4487, 243.8948211669922, -246.434326171875, -0.0292845219373703, 0.45000046491622925, 0.0, 3.7155377864837646, 3.5539960995546056
4488, 243.95864868164062, -246.4311065673828, -0.03310423716902733, 0.5000004768371582, 0.0, 3.6760964393615723, 3.5761421897893664
4489, 244.0270233154297, -246.42787170410156, -0.03692395240068436, 0.5500004291534424, 0.0, 3.6295037269592285, 3.602473235178957
4490, 244.0904998779297, -246.4249725341797, -0.03883381187915802, 0.5750004053115845, 0.0, 3.5826497077941895, 3.629681367406824
4491, 244.15635681152344, -246.42214965820312, -0.04265352711081505, 0.6250003576278687, 0.0, 3.5299763679504395, 3.660683188821222
4492, 244.2280731201172, -246.4192657470703, -0.04838309809565544, 0.7000002861022949, 0.0, 3.4667842388153076, 3.6983746853164767
4493, 244.29380798339844, -246.4167938232422, -0.047746479511260986, 0.725000262260437, 0.0, 3.405029296875, 3.7370778226024766
4494, 244.36614990234375, -246.41416931152344, -0.046473242342472076, 0.7750002145767212, 0.0, 3.334599018096924, 3.783492844651038
4495, 244.44357299804688, -246.4114532470703, -0.04520000144839287, 0.8250001668930054, 0.0, 3.258085250854492, 3.837576036936792
4496, 244.51214599609375, -246.40911865234375, -0.04392676427960396, 0.8750001192092896, 0.0, 3.1901867389678955, 3.8888161259010414
4497, 244.58251953125, -246.40676879882812, -0.0432901456952095, 0.9000000953674316, 0.0, 3.1208791732788086, 3.9444041435213903
4498, 244.66604614257812, -246.40403747558594, -0.042016904801130295, 0.9500000476837158, 0.0, 3.03954815864563, 4.013899320805215
4499, 244.7412109375, -246.4016571044922, -0.040743667632341385, 1.0, 0.0, 2.9677417278289795, 4.079323910588437
4500, 244.81594848632812, -246.3992919921875, -0.039470430463552475, 1.0, 0.0, 2.8978214263916016, 4.146671982681805
4501, 244.90931701660156, -246.3964080810547, -0.038197193294763565, 1.0, 0.0, 2.812727212905884, 4.232127824483244
4502, 245.01571655273438, -246.39320373535156, -0.03692395240068436, 1.0, 0.0, 2.7188520431518555, 4.329551935550401
4503, 245.10409545898438, -246.3905792236328, -0.03565071523189545, 1.0, 0.0, 2.64324951171875, 4.409921290984806
4504, 245.19740295410156, -246.38790893554688, -0.03437747806310654, 1.0, 0.0, 2.5658342838287354, 4.493789244574319
4505, 245.2947540283203, -246.38514709472656, -0.03310423716902733, 1.0, 0.0, 2.4877309799194336, 4.58001409874496
4506, 245.3955535888672, -246.3824005126953, -0.03183100000023842, 1.0, 0.0, 2.40967059135437, 4.667846783942955
4507, 245.49827575683594, -246.37966918945312, -0.03055776096880436, 1.0, 0.0, 2.3330156803131104, 4.75579088291506
4508, 245.60325622558594, -246.37692260742188, -0.02928452380001545, 1.0, 0.0, 2.257586717605591, 4.844105134539295
4509, 245.7079620361328, -246.37425231933594, -0.02801128476858139, 1.0, 0.0, 2.185258388519287, 4.930615147469462
4510, 245.80517578125, -246.37181091308594, -0.02673804759979248, 1.0, 0.0, 2.1208150386810303, 5.0094532960029925
4511, 245.91339111328125, -246.36915588378906, -0.02546480856835842, 1.0, 0.0, 2.0518970489501953, 5.096049905309838
4512, 246.01377868652344, -246.3667449951172, -0.024191569536924362, 1.0, 0.0, 1.9909014701843262, 5.174851407384333
4513, 246.12474060058594, -246.36415100097656, -0.022918332368135452, 1.0, 0.0, 1.9263582229614258, 5.260648751142467
4514, 246.23704528808594, -246.36155700683594, -0.021645093336701393, 1.0, 0.0, 1.8641785383224487, 5.3459853038692975
4515, 246.36119079589844, -246.35877990722656, -0.020371854305267334, 1.0, 0.0, 1.7991013526916504, 5.43870602674705
4516, 246.4762420654297, -246.356201171875, -0.019098617136478424, 1.0, 0.0, 1.741957664489746, 5.523097042103809
4517, 246.594970703125, -246.3535919189453, -0.01718875952064991, 1.0, 0.0, 1.6865216493606567, 5.608218906802032
4518, 246.71495056152344, -246.35107421875, -0.021008478477597237, 1.0, 0.0, 1.6317533254623413, 5.692598390964064
4519, 246.83140563964844, -246.3488006591797, -0.024828197434544563, 1.0, 0.0, 1.5771321058273315, 5.773200770126561
4520, 246.9514617919922, -246.3467254638672, -0.02864791639149189, 1.0, 0.0, 1.5173063278198242, 5.855006064080585
4521, 247.06930541992188, -246.34500122070312, -0.03246763348579407, 1.0, 0.0, 1.4533560276031494, 5.934046987972042
4522, 247.20175170898438, -246.34339904785156, -0.036287348717451096, 1.0, 0.0, 1.3749781847000122, 6.021610701305884
4523, 247.3358612060547, -246.3421173095703, -0.037560585886240005, 1.0, 0.0, 1.2888693809509277, 6.109020812650451
4524, 247.475830078125, -246.341064453125, -0.036287348717451096, 0.9750000238418579, 0.0, 1.193974256515503, 6.198759714248805
4525, 247.61231994628906, -246.3402862548828, -0.035014111548662186, 0.9250000715255737, 0.0, 1.0987815856933594, 6.283595777187278
4526, 247.7443084716797, -246.3397216796875, -0.033740874379873276, 0.8750001192092896, 0.0, 1.0056703090667725, 6.3618983971877
4527, 247.8880615234375, -246.33924865722656, -0.03246763348579407, 0.8250001668930054, 0.0, 0.9042454957962036, 6.4420158335795445
4528, 248.0331573486328, -246.3389434814453, -0.031194396317005157, 0.7750002145767212, 0.0, 0.8027269840240479, 6.516824553714788
4529, 248.16986083984375, -246.3388214111328, -0.0299211572855711, 0.725000262260437, 0.0, 0.7084366679191589, 6.58139533038077
4530, 248.31643676757812, -246.33883666992188, -0.02864792011678219, 0.6750003099441528, 0.0, 0.609352171421051, 6.644151339696533
4531, 248.46401977539062, -246.33900451660156, -0.02737468108534813, 0.6250003576278687, 0.0, 0.5120320320129395, 6.700240713070657
4532, 248.60931396484375, -246.3393096923828, -0.02610144205391407, 0.5750004053115845, 0.0, 0.4188777208328247, 6.748497737983528
4533, 248.7528839111328, -246.33973693847656, -0.024191584438085556, 0.5000004768371582, 0.0, 0.3299401104450226, 6.789127757279727
4534, 248.89923095703125, -246.34030151367188, -0.022918347269296646, 0.45000046491622925, 0.0, 0.24271760880947113, 6.822536831730128
4535, 249.05416870117188, -246.34104919433594, -0.021645108237862587, 0.4000004529953003, 0.0, 0.15420052409172058, 6.84960888000595
4536, 249.20127868652344, -246.3418426513672, -0.020371871069073677, 0.35000044107437134, 0.0, 0.07378849387168884, 6.8674089080030365
4537, 249.35470581054688, -246.34286499023438, -0.019098632037639618, 0.3000004291534424, 0.0, -0.006195067428052425, 6.877963295213694
4538, 249.48814392089844, -246.3438262939453, -0.01782539300620556, 0.2500004172325134, 0.0, -0.0722350925207138, 6.880971801873612
4539, 249.6262664794922, -246.34490966796875, -0.01655215583741665, 0.20000040531158447, 0.0, -0.1375121921300888, 6.877161104671414
4540, 249.774658203125, -246.34619140625, -0.015278915874660015, 0.15000039339065552, 0.0, -0.2038573920726776, 6.8661225723075265
4541, 249.92323303222656, -246.34754943847656, -0.014005675911903381, 0.10000038892030716, 0.0, -0.2663879096508026, 6.847847976526933
4542, 250.07546997070312, -246.3490447998047, -0.012732435017824173, 0.0500003919005394, 0.0, -0.3264465630054474, 6.822017370393947
4543, 250.22042846679688, -246.35052490234375, -0.01145919505506754, 0.10000038892030716, 0.0, -0.3799133002758026, 6.792085790078282
4544, 250.37033081054688, -246.3520965576172, -0.010185955092310905, 0.15000039339065552, 0.0, -0.43121328949928284, 6.759826892412472
4545, 250.5170135498047, -246.35372924804688, -0.008912715129554272, 0.20000040531158447, 0.0, -0.4774170219898224, 6.729634767012434
4546, 250.6606903076172, -246.3553466796875, -0.007639475166797638, 0.2500004172325134, 0.0, -0.5187682509422302, 6.703164122993632
4547, 250.80860900878906, -246.35707092285156, -0.0063662356697022915, 0.3000004291534424, 0.0, -0.5570678114891052, 6.680481698818377
4548, 250.94972229003906, -246.35870361328125, -0.005092996638268232, 0.35000044107437134, 0.0, -0.589599609375, 6.6640590782576306
4549, 251.09133911132812, -246.3603973388672, -0.0038197569083422422, 0.4000004529953003, 0.0, -0.6181641221046448, 6.653294312169245
4550, 251.2333526611328, -246.36204528808594, 0.0019098592456430197, 0.4750004708766937, 0.0, -0.64056396484375, 6.648752474554138
4551, 251.36831665039062, -246.36355590820312, 0.0, 0.5000004768371582, 0.0, -0.6569518446922302, 6.651059071329501
4552, 251.5030975341797, -246.36505126953125, 0.0, 0.5250004529953003, 0.0, -0.6698912978172302, 6.658677206728238
4553, 251.63473510742188, -246.36651611328125, 0.0, 0.4750004708766937, 0.0, -0.6796265244483948, 6.669304794824752
4554, 251.77992248535156, -246.36817932128906, 0.0, 0.42500045895576477, 0.0, -0.6881712675094604, 6.681392075143279
4555, 251.93536376953125, -246.36997985839844, 0.0, 0.3750004470348358, 0.0, -0.6951292753219604, 6.692006289643204
4556, 252.07034301757812, -246.37158203125, 0.0, 0.32500043511390686, 0.0, -0.6998291015625, 6.697735385500158
4557, 252.21485900878906, -246.373291015625, 0.0, 0.2750004231929779, 0.0, -0.7037353515625, 6.699328852736091
4558, 252.35946655273438, -246.37501525878906, 0.0, 0.22500041127204895, 0.0, -0.706817626953125, 6.695290901829599
4559, 252.50100708007812, -246.37669372558594, 0.0, 0.17500039935112, 0.0, -0.7092283368110657, 6.685585657912213
4560, 252.6451873779297, -246.37843322753906, 0.0, 0.12500038743019104, 0.0, -0.7112424969673157, 6.6695511327560295
4561, 252.78121948242188, -246.38011169433594, 0.0, 0.07500039041042328, 0.0, -0.7128295302391052, 6.648607583768868
4562, 252.9107208251953, -246.38169860839844, 0.0, 0.0500003919005394, 0.0, -0.7141112089157104, 6.623892654487103
4563, 253.0487060546875, -246.3833770751953, 0.0, 3.915280046840053e-07, 0.0, -0.7154234051704407, 6.591928922286363
4564, 253.19337463378906, -246.38519287109375, 0.0, 0.0, 0.0, -0.7166747450828552, 6.552710966327396
4565, 253.3254852294922, -246.38681030273438, 0.0, 0.0, 0.0, -0.7178344130516052, 6.513688030179703
4566, 253.4697265625, -246.3886260986328, 0.0, 0.0, 0.0, -0.718994140625, 6.468843681984636
4567, 253.6082763671875, -246.39035034179688, 0.0, 0.0, 0.0, -0.720184326171875, 6.4241799419267105
4568, 253.74465942382812, -246.39202880859375, 0.0, 0.0, 0.0, -0.7212525010108948, 6.379284098613529
4569, 253.88352966308594, -246.39378356933594, 0.0, 0.0, 0.0, -0.7225341200828552, 6.332818635222151
4570, 254.01242065429688, -246.39540100097656, 0.0, 0.0, 0.0, -0.7234802842140198, 6.289373869438629
4571, 254.1361083984375, -246.39697265625, 0.0, 0.0, 0.0, -0.7241515517234802, 6.2474603933461745
4572, 254.2671661376953, -246.39859008789062, 0.0, 0.05000000074505806, 0.0, -0.7258910536766052, 6.204199252524306
4573, 254.3949737548828, -246.40013122558594, 0.005729577504098415, 0.125, 0.0, -0.7237243056297302, 6.164590480100752
4574, 254.52435302734375, -246.40159606933594, 0.004456338472664356, 0.17500001192092896, 0.0, -0.7207640409469604, 6.128706912128073
4575, 254.65342712402344, -246.40301513671875, 0.003183098742738366, 0.2250000238418579, 0.0, -0.7142942547798157, 6.098066951063138
4576, 254.7803497314453, -246.40440368652344, 0.001909859012812376, 0.27500003576278687, 0.0, -0.7102965712547302, 6.073491360723924
4577, 254.91175842285156, -246.4059295654297, 0.0, 0.3250000476837158, 0.0, -0.7040098905563354, 6.054142862116182
4578, 255.04202270507812, -246.40740966796875, 0.0, 0.3750000596046448, 0.0, -0.7025145292282104, 6.041051882224625
4579, 255.16429138183594, -246.40887451171875, 0.0, 0.42500007152557373, 0.0, -0.6982727646827698, 6.035142615885811
4580, 255.28314208984375, -246.4103240966797, 0.0, 0.4750000834465027, 0.0, -0.6934510469436646, 6.031660888859906
4581, 255.40667724609375, -246.41171264648438, 0.0038197184912860394, 0.5250000357627869, 0.0, -0.6936951279640198, 6.0295746999927236
4582, 255.53607177734375, -246.41310119628906, 0.007639436982572079, 0.574999988079071, 0.0, -0.6850586533546448, 6.043130005864858
4583, 255.66050720214844, -246.41424560546875, 0.01145915500819683, 0.6249999403953552, 0.0, -0.675445556640625, 6.063746784032526
4584, 255.79515075683594, -246.415283203125, 0.015278873965144157, 0.6749998927116394, 0.0, -0.6545408964157104, 6.093718416615849
4585, 255.92800903320312, -246.4160614013672, 0.016552112996578217, 0.7249998450279236, 0.0, -0.6299133896827698, 6.129348969514655
4586, 256.0570373535156, -246.41668701171875, 0.015278873033821583, 0.7749997973442078, 0.0, -0.5990601181983948, 6.170857356876187
4587, 256.1870422363281, -246.417236328125, 0.014005633071064949, 0.8249997496604919, 0.0, -0.5665283799171448, 6.218850739350832
4588, 256.3116760253906, -246.41770935058594, 0.014005633071064949, 0.8249997496604919, 0.0, -0.5339659452438354, 6.268622329779766
4589, 256.4353942871094, -246.41815185546875, 0.012095772661268711, 0.8999996781349182, 0.0, -0.50152587890625, 6.319204871385316
4590, 256.5758361816406, -246.41867065429688, 0.010185912251472473, 0.9749996066093445, 0.0, -0.4635620415210724, 6.380253552207269
4591, 256.71148681640625, -246.41912841796875, 0.00891267228871584, 1.0249996185302734, 0.0, -0.4298400580883026, 6.450055035248885
4592, 256.84918212890625, -246.41961669921875, 0.007639432325959206, 1.0, 0.0, -0.3969421088695526, 6.5247156737363525
4593, 256.9934997558594, -246.42015075683594, 0.00572957331314683, 1.0, 0.0, -0.3653564155101776, 6.604828825336746
4594, 257.13568115234375, -246.4207000732422, 0.0044563342817127705, 1.0, 0.0, -0.3372497260570526, 6.684705691361989
4595, 257.27587890625, -246.4212646484375, 0.0031830943189561367, 1.0, 0.0, -0.3126221001148224, 6.763843911729471
4596, 257.4293212890625, -246.4219207763672, 0.0019098548218607903, 1.0, 0.0, -0.2893676459789276, 6.85038375417451
4597, 257.5639343261719, -246.42257690429688, 0.0, 1.0, 0.0, -0.2725829482078552, 6.925952029336091
4598, 257.7016296386719, -246.4232177734375, 0.0, 1.0, 0.0, -0.2583923041820526, 7.002862847209921
4599, 257.84283447265625, -246.42391967773438, 0.0, 1.0, 0.0, -0.2460021674633026, 7.081235775212359
4600, 257.99029541015625, -246.42462158203125, 0.0, 1.0, 0.0, -0.235076904296875, 7.162421131991715
4601, 258.1448669433594, -246.4253692626953, 0.0, 1.0, 0.0, -0.22540277242660522, 7.246751465792667
4602, 258.30322265625, -246.4261016845703, 0.0, 1.0, 0.0, -0.2169494330883026, 7.332280066767716
4603, 258.46136474609375, -246.4268341064453, 0.0, 1.0, 0.0, -0.2096862643957138, 7.416794674492059
4604, 258.624755859375, -246.4275360107422, 0.0, 1.0, 0.0, -0.2031249850988388, 7.503171128339328
4605, 258.7702941894531, -246.4281463623047, 0.0, 1.0, 0.0, -0.197967529296875, 7.579252596257146
4606, 258.9145202636719, -246.42872619628906, 0.0, 1.0, 0.0, -0.1933593451976776, 7.653885238708405
4607, 259.07708740234375, -246.4293670654297, 0.0, 1.0, 0.0, -0.1885986477136612, 7.737179115642014
4608, 259.2431335449219, -246.42999267578125, 0.0, 1.0, 0.0, -0.1842041015625, 7.821335220658137
4609, 259.4142150878906, -246.4306182861328, 0.0, 1.0, 0.0, -0.1799926906824112, 7.907083962411237
4610, 259.58074951171875, -246.43125915527344, 0.0, 1.0, 0.0, -0.17617793381214142, 7.989620142098679
4611, 259.74847412109375, -246.43185424804688, 0.0, 1.0, 0.0, -0.17254638671875, 8.071859395914801
4612, 259.9245910644531, -246.43247985839844, 0.0, 0.9750000238418579, 0.0, -0.1688842475414276, 8.156989762549754
4613, 260.0894775390625, -246.43304443359375, 0.0, 0.9250000715255737, 0.0, -0.1656188666820526, 8.234743619670821
4614, 260.26055908203125, -246.43360900878906, 0.0, 0.9250000715255737, 0.0, -0.1623840183019638, 8.31229720857123
4615, 260.4252624511719, -246.4341278076172, 0.0, 0.8250001668930054, 0.0, -0.1593932807445526, 8.383378287165463
4616, 260.6091003417969, -246.43470764160156, 0.0, 0.7750002145767212, 0.0, -0.156158447265625, 8.45730466787206
4617, 260.78021240234375, -246.43527221679688, 0.0, 0.725000262260437, 0.0, -0.1533203274011612, 8.520711267351738
4618, 260.9596252441406, -246.43582153320312, 0.0, 0.6750003099441528, 0.0, -0.1505126804113388, 8.581272356988656
4619, 261.14764404296875, -246.43638610839844, 0.0, 0.6250003576278687, 0.0, -0.147705078125, 8.637797409646875
4620, 261.3154296875, -246.43687438964844, 0.0, 0.6000003814697266, 0.0, -0.1453552395105362, 8.682481314378474
4621, 261.49981689453125, -246.4374237060547, 0.0, 0.5250004529953003, 0.0, -0.1429443359375, 8.724677260943569
4622, 261.6745300292969, -246.4379119873047, 0.0, 0.4750004708766937, 0.0, -0.1408691555261612, 8.758126325434336
4623, 261.8659973144531, -246.4384765625, 0.0, 0.42500045895576477, 0.0, -0.1387634426355362, 8.786203478495464
4624, 262.0458068847656, -246.43896484375, 0.0, 0.3750004470348358, 0.0, -0.136993408203125, 8.804917967153852
4625, 262.2369384765625, -246.43942260742188, 0.0, 0.32500043511390686, 0.0, -0.1353454440832138, 8.816777600281732
4626, 262.4236755371094, -246.43991088867188, 0.0, 0.2750004231929779, 0.0, -0.13397216796875, 8.820261311043724
4627, 262.60888671875, -246.44039916992188, 0.0, 0.22500041127204895, 0.0, -0.1328430473804474, 8.815855415921712
4628, 262.7958068847656, -246.4408721923828, 0.0, 0.22500041127204895, 0.0, -0.1319579929113388, 8.804392440794498
4629, 262.97222900390625, -246.44129943847656, 0.0, 0.2750004231929779, 0.0, -0.1313171535730362, 8.789367635374903
4630, 263.1534729003906, -246.44171142578125, 0.0, 0.32500043511390686, 0.0, -0.130828857421875, 8.772678742931484
4631, 263.3263244628906, -246.44212341308594, 0.0, 0.3750004470348358, 0.0, -0.13055419921875, 8.757505333312338
4632, 263.51519775390625, -246.44259643554688, 0.0, 0.42500045895576477, 0.0, -0.1303405612707138, 8.743837863800792
4633, 263.7035217285156, -246.4430389404297, 0.0, 0.4750004708766937, 0.0, -0.1302184909582138, 8.734302737489918
4634, 263.88946533203125, -246.44345092773438, 0.0, 0.5250004529953003, 0.0, -0.130157470703125, 8.729851729403352
4635, 264.07147216796875, -246.44386291503906, 0.0, 0.5750004053115845, 0.0, -0.1300964504480362, 8.73084507084704
4636, 264.2575378417969, -246.44427490234375, 0.0, 0.5250004529953003, 0.0, -0.1300048828125, 8.736455294390625
4637, 264.4241943359375, -246.4446563720703, 0.0, 0.4750004708766937, 0.0, -0.129913330078125, 8.742784700937133
4638, 264.5981750488281, -246.44505310058594, 0.0, 0.42500045895576477, 0.0, -0.1297607421875, 8.748714556039536
4639, 264.7746276855469, -246.4454803466797, 0.0, 0.3750004470348358, 0.0, -0.1296081393957138, 8.752149616256943
4640, 264.95550537109375, -246.44589233398438, 0.0, 0.32500043511390686, 0.0, -0.1294860690832138, 8.751944501744626
4641, 265.1383972167969, -246.44630432128906, 0.0, 0.2750004231929779, 0.0, -0.1293639987707138, 8.746957657343218
4642, 265.340087890625, -246.44677734375, 0.0, 0.22500041127204895, 0.0, -0.129302978515625, 8.735264558181978
4643, 265.5238952636719, -246.4471893310547, 0.0, 0.22500041127204895, 0.0, -0.1293335109949112, 8.718472162916987
4644, 265.70965576171875, -246.4475860595703, 0.0, 0.12500038743019104, 0.0, -0.12945556640625, 8.695347368055378
4645, 265.87493896484375, -246.44798278808594, 0.0, 0.10000038892030716, 0.0, -0.1296691745519638, 8.669879411504064
4646, 266.0541687011719, -246.44837951660156, 0.0, 0.0500003919005394, 0.0, -0.1300353854894638, 8.636583691567889
4647, 266.22430419921875, -246.44876098632812, 0.0, 3.915280046840053e-07, 0.0, -0.1304931640625, 8.599923429751192
4648, 266.40045166015625, -246.4491729736328, 0.0, 0.0, 0.0, -0.131103515625, 8.555735824838775
4649, 266.5863952636719, -246.44956970214844, 0.0, 0.0, 0.0, -0.1318969428539276, 8.504804815787546
4650, 266.762939453125, -246.44998168945312, 0.0, 0.0, 0.0, -0.1328125149011612, 8.453338828279149
4651, 266.9439697265625, -246.4503631591797, 0.0, 0.0, 0.0, -0.133880615234375, 8.398224119376339
4652, 267.10540771484375, -246.4507598876953, 0.0, 0.0, 0.0, -0.1349487155675888, 8.347599337116517
4653, 267.27398681640625, -246.45114135742188, 0.0, 0.0, 0.0, -0.1361694186925888, 8.293521338967405
4654, 267.4386901855469, -246.45152282714844, 0.0, 0.0, 0.0, -0.137420654296875, 8.23981244273063
4655, 267.6142883300781, -246.45193481445312, 0.0, 0.0, 0.0, -0.1388550102710724, 8.18181491974749
4656, 267.78533935546875, -246.4523162841797, 0.0, 0.0, 0.0, -0.1403198093175888, 8.12477396080804
4657, 267.954833984375, -246.4527130126953, 0.0, 0.0, 0.0, -0.141815185546875, 8.067836980815827
4658, 268.1288757324219, -246.45309448242188, 0.0, 0.0, 0.0, -0.1434326171875, 8.00906898126982
4659, 268.2870178222656, -246.45347595214844, 0.0, 0.0, 0.0, -0.1448974609375, 7.955405520826339
4660, 268.447021484375, -246.45388793945312, 0.0, 0.0, 0.0, -0.1464538425207138, 7.9010101398213655
4661, 268.60009765625, -246.45425415039062, 0.0, 0.0, 0.0, -0.147918701171875, 7.848797245252148
4662, 268.7667541503906, -246.4546356201172, 0.0, 0.0, 0.0, -0.1495666652917862, 7.79191520446855
4663, 268.9284362792969, -246.4550323486328, 0.0, 0.0, 0.0, -0.15118408203125, 7.736642015284677
4664, 269.09234619140625, -246.45542907714844, 0.0, 0.0, 0.0, -0.152801513671875, 7.68055058951062
4665, 269.2528991699219, -246.455810546875, 0.0, 0.0, 0.0, -0.1544189453125, 7.625568765185968
4666, 269.4002990722656, -246.45619201660156, 0.0, 0.0, 0.0, -0.155914306640625, 7.575007675048352
4667, 269.5544738769531, -246.4565887451172, 0.0, 0.0, 0.0, -0.157470703125, 7.52213728241703
4668, 269.69921875, -246.45697021484375, 0.0, 0.0, 0.0, -0.1589049994945526, 7.472442130004437
4669, 269.85870361328125, -246.4573516845703, 0.0, 0.0, 0.0, -0.1605224311351776, 7.417703983924957
4670, 270.0151672363281, -246.45774841308594, 0.0, 0.0, 0.0, -0.16207881271839142, 7.363986739762829
4671, 270.1710510253906, -246.45814514160156, 0.0, 0.0, 0.0, -0.1636352390050888, 7.3104402016386265
4672, 270.3243408203125, -246.4585418701172, 0.0, 0.0, 0.0, -0.1651916354894638, 7.257763407197982
4673, 270.46099853515625, -246.45892333984375, 0.0, 0.0, 0.0, -0.1665343940258026, 7.210754735762698
4674, 270.60198974609375, -246.45928955078125, 0.0, 0.0, 0.0, -0.1679382175207138, 7.1622492801074875
4675, 270.75762939453125, -246.45974731445312, 0.0, 0.02500000037252903, 0.0, -0.16946406662464142, 7.109727459284371
4676, 270.9029541015625, -246.4601287841797, 0.0, 0.07500000298023224, 0.0, -0.1708679050207138, 7.062009750982198
4677, 271.0592041015625, -246.46060180664062, 0.0, 0.125, 0.0, -0.1723327487707138, 7.013871984159639
4678, 271.1993713378906, -246.4609832763672, 0.0, 0.17500001192092896, 0.0, -0.1736144870519638, 6.97469062200028
4679, 271.3443603515625, -246.4613800048828, 0.0, 0.2250000238418579, 0.0, -0.1748657077550888, 6.938958723126836
4680, 271.494873046875, -246.46185302734375, 0.0, 0.27500003576278687, 0.0, -0.1760863959789276, 6.907787796519209
4681, 271.624755859375, -246.46221923828125, 0.0, 0.3250000476837158, 0.0, -0.1770324558019638, 6.885903225055956
4682, 271.75994873046875, -246.46263122558594, 0.0, 0.3750000596046448, 0.0, -0.1779174506664276, 6.8688118377270815
4683, 271.9039306640625, -246.46304321289062, 0.0, 0.42500007152557373, 0.0, -0.178741455078125, 6.857701440695244
4684, 272.0428771972656, -246.4634552001953, 0.0, 0.4750000834465027, 0.0, -0.17941279709339142, 6.853423623892488
4685, 272.184326171875, -246.4638671875, 0.0, 0.5250000357627869, 0.0, -0.179931640625, 6.855573565061901
4686, 272.3330383300781, -246.4643096923828, 0.0, 0.5250000357627869, 0.0, -0.1802978366613388, 6.863986281055247
4687, 272.4725646972656, -246.4647216796875, 0.0, 0.5000000596046448, 0.0, -0.1805419772863388, 6.875387280155813
4688, 272.6066589355469, -246.46514892578125, 0.0, 0.4500000476837158, 0.0, -0.1806335151195526, 6.887234072967346
4689, 272.7465515136719, -246.46556091308594, 0.0, 0.40000003576278687, 0.0, -0.1806335300207138, 6.898121424668121
4690, 272.8913879394531, -246.46603393554688, 0.0, 0.32500001788139343, 0.0, -0.18060302734375, 6.905913574191319
4691, 273.0370788574219, -246.46649169921875, 0.0, 0.2750000059604645, 0.0, -0.1805419772863388, 6.908386066279305
4692, 273.1809387207031, -246.4669647216797, 0.0, 0.22499999403953552, 0.0, -0.1804809421300888, 6.905005802246343
4693, 273.3156433105469, -246.46739196777344, 0.0, 0.17499998211860657, 0.0, -0.18048095703125, 6.896756511759569
4694, 273.4545593261719, -246.46780395507812, 0.0, 0.12499997764825821, 0.0, -0.1805114597082138, 6.881979282689063
4695, 273.58697509765625, -246.46823120117188, 0.0, 0.07499998062849045, 0.0, -0.1806335151195526, 6.8627560018136355
4696, 273.731201171875, -246.4687042236328, 0.0, 0.024999981746077538, 0.0, -0.1808776557445526, 6.834977756568906
4697, 273.8753356933594, -246.46917724609375, 0.0, 0.0, 0.0, -0.18121337890625, 6.800600070282916
4698, 274.0260009765625, -246.4696502685547, 0.0, 0.0, 0.0, -0.1817321628332138, 6.759518526888827
4699, 274.1685485839844, -246.4700927734375, 0.0, 0.0, 0.0, -0.1823425441980362, 6.717300225444682
4700, 274.2961730957031, -246.47048950195312, 0.0, 0.02500000037252903, 0.0, -0.1829833984375, 6.678398835006824
4701, 274.4302673339844, -246.47088623046875, 0.0, 0.05000000074505806, 0.0, -0.1837158352136612, 6.637229635793459
4702, 274.5693664550781, -246.47134399414062, 0.0, 0.10000000149011612, 0.0, -0.184539794921875, 6.5956508689337
4703, 274.7088317871094, -246.47181701660156, 0.0, 0.15000000596046448, 0.0, -0.1854248046875, 6.556886439497081
4704, 274.84881591796875, -246.47225952148438, 0.0, 0.20000001788139343, 0.0, -0.186309814453125, 6.5222538504876955
4705, 274.9879150390625, -246.4727325439453, 0.0, 0.2500000298023224, 0.0, -0.1871337890625, 6.4930233922062275
4706, 275.1181335449219, -246.47311401367188, 0.0, 0.30000004172325134, 0.0, -0.187896728515625, 6.470955053853013
4707, 275.2543029785156, -246.4735870361328, 0.0, 0.3500000536441803, 0.0, -0.1885986030101776, 6.453783393323835
4708, 275.3877868652344, -246.4739990234375, 0.0, 0.40000006556510925, 0.0, -0.1892089545726776, 6.443189243641661
4709, 275.5133056640625, -246.4744110107422, 0.0, 0.4500000774860382, 0.0, -0.1896667331457138, 6.438697656653711
4710, 275.6395568847656, -246.47483825683594, 0.0, 0.5000000596046448, 0.0, -0.1900329440832138, 6.440212796692152
4711, 275.7789611816406, -246.47531127929688, 0.0, 0.550000011920929, 0.0, -0.1903076022863388, 6.449069823538957
4712, 275.9132080078125, -246.47576904296875, 0.0, 0.5999999642372131, 0.0, -0.1904296875, 6.463946430872303
4713, 276.0464172363281, -246.4762420654297, 0.0, 0.6499999165534973, 0.0, -0.1903991401195526, 6.484606587493623
4714, 276.1866455078125, -246.47671508789062, 0.0, 0.6999998688697815, 0.0, -0.19024653732776642, 6.5125947804397715
4715, 276.3151550292969, -246.47714233398438, 0.0, 0.7499998211860657, 0.0, -0.1899718940258026, 6.543411064162476
4716, 276.4455871582031, -246.47756958007812, 0.0, 0.7999997735023499, 0.0, -0.1895446628332138, 6.580120091821094
4717, 276.5858459472656, -246.47805786132812, 0.0, 0.849999725818634, 0.0, -0.188934326171875, 6.6258151133744745
4718, 276.7215576171875, -246.47853088378906, 0.0, 0.8999996781349182, 0.0, -0.188232421875, 6.675495992457261
4719, 276.8590393066406, -246.47901916503906, 0.0, 0.9499996304512024, 0.0, -0.1873474270105362, 6.731036229105443
4720, 277.0045166015625, -246.4794921875, 0.0, 0.9999995827674866, 0.0, -0.186279296875, 6.795338811005053
4721, 277.1341247558594, -246.4799346923828, 0.0, 1.0, 0.0, -0.1851806789636612, 6.856540005077517
4722, 277.2715759277344, -246.48040771484375, 0.0, 1.0, 0.0, -0.1838683933019638, 6.924344888468071
4723, 277.4140930175781, -246.48089599609375, 0.0, 1.0, 0.0, -0.182403564453125, 6.996948616847974
4724, 277.55877685546875, -246.48138427734375, 0.0, 1.0, 0.0, -0.1808166354894638, 7.07190262596357
4725, 277.7142639160156, -246.48193359375, 0.0, 1.0, 0.0, -0.1789550632238388, 7.153166087311406
4726, 277.8598937988281, -246.482421875, 0.0, 1.0, 0.0, -0.1771545112133026, 7.229584359361731
4727, 278.0045471191406, -246.48291015625, 0.0, 1.0, 0.0, -0.175262451171875, 7.305348843357539
4728, 278.1535339355469, -246.4833984375, 0.0, 1.0, 0.0, -0.1732788234949112, 7.383285266577656
4729, 278.29937744140625, -246.48388671875, 0.0, 1.0, 0.0, -0.1712646484375, 7.459134059990218
4730, 278.4496154785156, -246.484375, 0.0, 1.0, 0.0, -0.1691589206457138, 7.536784296272
4731, 278.6213684082031, -246.4849395751953, 0.0, 1.0, 0.0, -0.1666869968175888, 7.624942976971176
4732, 278.7817687988281, -246.4854278564453, 0.0, 1.0, 0.0, -0.164337158203125, 7.706563252642725
4733, 278.9500732421875, -246.48597717285156, 0.0, 0.9750000238418579, 0.0, -0.1618652194738388, 7.791144152161388
4734, 279.1070556640625, -246.48646545410156, 0.0, 0.9250000715255737, 0.0, -0.159515380859375, 7.868169086104307
4735, 279.2612609863281, -246.48696899414062, 0.0, 0.8750001192092896, 0.0, -0.157196044921875, 7.941179504688144
4736, 279.4293212890625, -246.48745727539062, 0.0, 0.8250001668930054, 0.0, -0.154693603515625, 8.016453381645109
4737, 279.5937194824219, -246.48794555664062, 0.0, 0.8000001907348633, 0.0, -0.1522826999425888, 8.085549334124048
4738, 279.765625, -246.4884490966797, 0.0, 0.7500002384185791, 0.0, -0.149810791015625, 8.152944828289975
4739, 279.9335021972656, -246.4889373779297, 0.0, 0.7000002861022949, 0.0, -0.1474609524011612, 8.213389935865434
4740, 280.1125183105469, -246.4894256591797, 0.0, 0.6500003337860107, 0.0, -0.1450500339269638, 8.27160528932591
4741, 280.27496337890625, -246.48988342285156, 0.0, 0.6000003814697266, 0.0, -0.142974853515625, 8.318883965923465
4742, 280.4392395019531, -246.49032592773438, 0.0, 0.5500004291534424, 0.0, -0.1409911811351776, 8.360679003065385
4743, 280.6094055175781, -246.49081420898438, 0.0, 0.5000004768371582, 0.0, -0.1390380710363388, 8.396856874733801
4744, 280.7812194824219, -246.4912872314453, 0.0, 0.45000046491622925, 0.0, -0.137237548828125, 8.426449628512525
4745, 280.9632263183594, -246.4917755126953, 0.0, 0.4000004529953003, 0.0, -0.1354980170726776, 8.45012385483332
4746, 281.1246032714844, -246.4921875, 0.0, 0.35000044107437134, 0.0, -0.1341247409582138, 8.464804083811535
4747, 281.2879638671875, -246.4925994873047, 0.0, 0.3000004291534424, 0.0, -0.13290400803089142, 8.473045121722413
4748, 281.4556579589844, -246.49298095703125, 0.0, 0.2500004172325134, 0.0, -0.1318359375, 8.474476940565692
4749, 281.628662109375, -246.493408203125, 0.0, 0.20000040531158447, 0.0, -0.1309204250574112, 8.467901735336856
4750, 281.8044128417969, -246.4938201904297, 0.0, 0.15000039339065552, 0.0, -0.1302184909582138, 8.45381161584846
4751, 281.966796875, -246.4942169189453, 0.0, 0.12500038743019104, 0.0, -0.1297607421875, 8.434950346966406
4752, 282.14056396484375, -246.49464416503906, 0.0, 0.07500039041042328, 0.0, -0.1294555366039276, 8.408221285452768
4753, 282.3022155761719, -246.4950408935547, 0.0, 0.02500039152801037, 0.0, -0.1293639838695526, 8.3779770529249
4754, 282.4784851074219, -246.4954376220703, 0.0, -0.02499960921704769, 0.0, -0.129486083984375, 8.338623344794376
4755, 282.6607666015625, -246.49583435058594, 0.0, 0.0, 0.0, -0.1297912448644638, 8.29238796770543
4756, 282.8260498046875, -246.49618530273438, 0.0, 0.0, 0.0, -0.130279541015625, 8.246597083120932
4757, 282.99847412109375, -246.49659729003906, 0.0, 0.0, 0.0, -0.1309509128332138, 8.195961577727031
4758, 283.1584777832031, -246.49693298339844, 0.0, 0.0, 0.0, -0.131744384765625, 8.147064679745512
4759, 283.3210144042969, -246.497314453125, -0.0019098592456430197, 0.0, 0.0, -0.1334533840417862, 8.09582814949587
4760, 283.4881286621094, -246.497802734375, -0.0019098592456430197, 0.0, 0.0, -0.1380615085363388, 8.041977099661135
4761, 283.6611022949219, -246.4984893798828, -0.005729577504098415, 0.0, 0.0, -0.1480102688074112, 7.9852552738777955
4762, 283.8239440917969, -246.49932861328125, -0.013369014486670494, 0.0, 0.0, -0.1636962890625, 7.931162581686022
4763, 283.9885559082031, -246.5004425048828, -0.01718873344361782, 0.0, 0.0, -0.18731689453125, 7.875946722979656
4764, 284.1568603515625, -246.50189208984375, -0.021008450537919998, 0.05000000074505806, 0.0, -0.2207641303539276, 7.820300416524775
4765, 284.30963134765625, -246.5034637451172, -0.022281691431999207, 0.05000000447034836, 0.0, -0.25970458984375, 7.7708506108279405
4766, 284.47021484375, -246.50534057617188, -0.021008452400565147, 4.0978194171259474e-09, 0.0, -0.3067016303539276, 7.719316188029831
4767, 284.62744140625, -246.50733947753906, -0.019098596647381783, 0.0, 0.0, -0.357147216796875, 7.667411839585325
4768, 284.7881164550781, -246.50950622558594, -0.017825357615947723, 0.0, 0.0, -0.411590576171875, 7.613806279178754
4769, 284.9515686035156, -246.51182556152344, -0.016552118584513664, 0.0, 0.0, -0.46859732270240784, 7.55883380665024
4770, 285.1081237792969, -246.5141143798828, -0.015278879553079605, 0.0, 0.0, -0.523651123046875, 7.50587774963957
4771, 285.26409912109375, -246.5164794921875, -0.014005639590322971, 0.0, 0.0, -0.57806396484375, 7.4529063031616385
4772, 285.42510986328125, -246.5189666748047, -0.012732399627566338, 0.0, 0.0, -0.6330260634422302, 7.39802691697544
4773, 285.56951904296875, -246.52127075195312, -0.012095779180526733, 0.0, 0.0, -0.6808167099952698, 7.348657412807327
4774, 285.70855712890625, -246.52352905273438, -0.0108225392177701, 0.0, 0.0, -0.7251585721969604, 7.301064325784654
4775, 285.8623046875, -246.52609252929688, -0.009549299255013466, 0.0, 0.0, -0.7720031142234802, 7.248409156196105
4776, 286.014892578125, -246.52862548828125, -0.008276058360934258, 0.0, 0.0, -0.815643310546875, 7.196077750647046
4777, 286.1606140136719, -246.5310821533203, -0.007002819329500198, 0.0, 0.0, -0.8544312119483948, 7.146060641561433
4778, 286.3139343261719, -246.53372192382812, -0.005729580298066139, 0.0, 0.0, -0.89178466796875, 7.093397776421734
4779, 286.4609375, -246.53627014160156, -0.004456340800970793, 0.0, 0.0, -0.9241026639938354, 7.042849427130898
4780, 286.5956115722656, -246.53858947753906, -0.0031831010710448027, 0.0, 0.0, -0.9502868056297302, 6.996490497692007
4781, 286.73291015625, -246.54095458984375, -0.0019098614575341344, 0.0, 0.0, -0.9735412001609802, 6.949211543160421
4782, 286.8789367675781, -246.54345703125, 0.0, 0.0, 0.0, -0.994384765625, 6.898963775895727
4783, 287.0257873535156, -246.5459442138672, 0.0, 0.0, 0.0, -1.0114744901657104, 6.848394126736907
4784, 287.1639709472656, -246.54833984375, 0.0, 0.0, 0.0, -1.024657964706421, 6.800790174027318
4785, 287.30682373046875, -246.55079650878906, 0.0, 0.0, 0.0, -1.0358582735061646, 6.751555242927234
4786, 287.4372863769531, -246.55303955078125, 0.0, 0.0, 0.0, -1.0442200899124146, 6.706534149939778
4787, 287.56011962890625, -246.55520629882812, 0.0, 0.0, 0.0, -1.0508424043655396, 6.664166553641375
4788, 287.69464111328125, -246.55758666992188, 0.0, 0.0, 0.0, -1.0570372343063354, 6.617792130020553
4789, 287.8322448730469, -246.56007385253906, 0.0, 0.0, 0.0, -1.062347650527954, 6.570332161943045
4790, 287.9688720703125, -246.56253051757812, 0.0, 0.0, 0.0, -1.0667723417282104, 6.523199016349918
4791, 288.0912780761719, -246.56475830078125, 0.0, 0.0, 0.0, -1.0701597929000854, 6.480930008428857
4792, 288.22222900390625, -246.567138671875, 0.0, 0.0, 0.0, -1.0733336210250854, 6.435728378340445
4793, 288.3525085449219, -246.5695037841797, 0.0, 0.0, 0.0, -1.0760496854782104, 6.390768191195699
4794, 288.4832458496094, -246.57192993164062, 0.0, 0.0, 0.0, -1.0784912109375, 6.345617383475082
4795, 288.6144714355469, -246.57437133789062, 0.0, 0.0, 0.0, -1.08062744140625, 6.300295987559544
4796, 288.73199462890625, -246.5765380859375, 0.0, 0.0, 0.0, -1.08233642578125, 6.25966279401853
4797, 288.8482666015625, -246.57870483398438, 0.0, 0.0, 0.0, -1.0838319063186646, 6.2194886968925
4798, 288.97900390625, -246.58114624023438, 0.0, 0.0, 0.0, -1.085662841796875, 6.174307788756339
4799, 289.10321044921875, -246.58346557617188, 0.0, 0.0, 0.0, -1.086883544921875, 6.1314802445370296
4800, 289.2296142578125, -246.5858612060547, 0.0, 0.0, 0.0, -1.088623285293579, 6.087801934152007
4801, 289.35809326171875, -246.58827209472656, 0.0, 0.0, 0.0, -1.089324951171875, 6.0436769982856635
4802, 289.47381591796875, -246.59046936035156, 0.0, 0.0, 0.0, -1.088775634765625, 6.003428300733
4803, 289.58416748046875, -246.5925750732422, 0.0, 0.0, 0.0, -1.0889891386032104, 5.958499342372614
4804, 289.7084655761719, -246.59487915039062, 0.0, 0.0, 0.0, -1.093109130859375, 5.91310904282098
4805, 289.82989501953125, -246.59718322753906, 0.0, 0.0, 0.0, -1.0922240018844604, 5.8739769628626775
4806, 289.9419860839844, -246.59934997558594, 0.0, 0.02500000037252903, 0.0, -1.0902405977249146, 5.83637104619026
4807, 290.0527038574219, -246.6014404296875, 0.0, 0.07500000298023224, 0.0, -1.0906983613967896, 5.790199936782337
4808, 290.17333984375, -246.6036834716797, 0.0, 0.125, 0.0, -1.095672369003296, 5.752755060044356
4809, 290.29193115234375, -246.60597229003906, 0.0, 0.17500001192092896, 0.0, -1.094207763671875, 5.725427234641476
4810, 290.4047546386719, -246.608154296875, 0.0, 0.20000001788139343, 0.0, -1.0912476778030396, 5.696782904445164
4811, 290.52398681640625, -246.61038208007812, 0.0, 0.2500000298023224, 0.0, -1.096924066543579, 5.668297621530314
4812, 290.6436462402344, -246.61268615722656, 0.0, 0.2500000298023224, 0.0, -1.095306634902954, 5.651780636781676
4813, 290.7532653808594, -246.6148223876953, 0.0, 0.20000001788139343, 0.0, -1.0928648710250854, 5.630971252612842
4814, 290.8721618652344, -246.61705017089844, 0.0, 0.15000000596046448, 0.0, -1.09893798828125, 5.607841596062987
4815, 290.9890441894531, -246.61929321289062, 0.0, 0.10000000149011612, 0.0, -1.097412347793579, 5.592958161763381
4816, 291.1015625, -246.6214141845703, 0.0, 0.05000000447034836, 0.0, -1.1015013456344604, 5.575615086876914
4817, 291.21728515625, -246.62364196777344, 0.0, 4.0978194171259474e-09, 0.0, -1.09979248046875, 5.552704458368186
4818, 291.33441162109375, -246.62583923339844, 0.0, 0.0, 0.0, -1.104248046875, 5.522656113550817
4819, 291.444580078125, -246.62796020507812, 0.0, 0.0, 0.0, -1.102142333984375, 5.491460956571962
4820, 291.5492248535156, -246.63002014160156, 0.0, 0.05000000074505806, 0.0, -1.09918212890625, 5.4567097740145085
4821, 291.6611022949219, -246.6321258544922, 0.0, 0.07500000298023224, 0.0, -1.104583740234375, 5.4195777040075175
4822, 291.7707214355469, -246.63424682617188, 0.0, 0.125, 0.0, -1.102935552597046, 5.391700336709584
4823, 291.8792419433594, -246.63632202148438, 0.0, 0.17500001192092896, 0.0, -1.107086181640625, 5.36614203000606
4824, 291.9846496582031, -246.63829040527344, 0.0, 0.2250000238418579, 0.0, -1.1127625703811646, 5.336373040299226
4825, 292.0868835449219, -246.64022827148438, 0.0, 0.27500003576278687, 0.0, -1.1132200956344604, 5.291389026140728
4826, 292.1935119628906, -246.64231872558594, 0.0, 0.3250000476837158, 0.0, -1.1094971895217896, 5.276028161718011
4827, 292.3003845214844, -246.64434814453125, 0.0, 0.3750000596046448, 0.0, -1.112274169921875, 5.276215145948797
4828, 292.4094543457031, -246.64649963378906, 0.0, 0.42500007152557373, 0.0, -1.1086732149124146, 5.277425259506129
4829, 292.5104064941406, -246.6484832763672, 0.0, 0.4750000834465027, 0.0, -1.1045838594436646, 5.269437391500362
4830, 292.6127624511719, -246.65048217773438, 0.0, 0.4500000774860382, 0.0, -1.104645013809204, 5.238203996259078
4831, 292.7189636230469, -246.65249633789062, 0.0, 0.40000006556510925, 0.0, -1.1085205078125, 5.248728159841498
4832, 292.8298034667969, -246.65467834472656, 0.0, 0.3500000536441803, 0.0, -1.105712890625, 5.27522217429623
4833, 292.9368591308594, -246.65670776367188, 0.0, 0.27500003576278687, 0.0, -1.1088258028030396, 5.292704769469321
4834, 293.0368347167969, -246.6586151123047, 0.0, 0.2250000238418579, 0.0, -1.1126097440719604, 5.294450404307393
4835, 293.1363525390625, -246.6605224609375, 0.0, 0.17500001192092896, 0.0, -1.112243890762329, 5.265903645168911
4836, 293.2494201660156, -246.66275024414062, 0.0, 0.125, 0.0, -1.1062620878219604, 5.257574689855774
4837, 293.3591003417969, -246.66482543945312, 0.0, 0.07500000298023224, 0.0, -1.1091002225875854, 5.2560375539335356
4838, 293.4647521972656, -246.66693115234375, 0.0, 0.05000000447034836, 0.0, -1.10498046875, 5.249381761813852
4839, 293.5655517578125, -246.66891479492188, 0.0, 4.0978194171259474e-09, 0.0, -1.10015869140625, 5.2285962251917715
4840, 293.6671447753906, -246.67086791992188, 0.0, 0.0, 0.0, -1.0998228788375854, 5.180137474950104
4841, 293.76904296875, -246.67286682128906, 0.0, 0.0, 0.0, -1.0989683866500854, 5.1313012458393725
4842, 293.8766174316406, -246.6748809814453, 0.0, 0.0, 0.0, -1.103973388671875, 5.1062227178459425
4843, 293.98699951171875, -246.67703247070312, 0.0, 0.0, 0.0, -1.099822998046875, 5.083621011870885
4844, 294.0896911621094, -246.67898559570312, 0.0, 0.0, 0.0, -1.1045531034469604, 5.059134489726391
4845, 294.1829833984375, -246.6807403564453, 0.0, 0.0, 0.0, -1.1085814237594604, 5.026964114997395
4846, 294.2768859863281, -246.68251037597656, 0.0, 0.0, 0.0, -1.10931396484375, 4.977215219326237
4847, 294.38134765625, -246.6844940185547, 0.0, 0.0, 0.0, -1.1117554903030396, 4.961480576545005
4848, 294.4855651855469, -246.68646240234375, 0.0, 0.0, 0.0, -1.1134339570999146, 4.942194690003606
4849, 294.58575439453125, -246.68836975097656, 0.0, 0.0, 0.0, -1.11474609375, 4.9171821860289855
4850, 294.6817932128906, -246.69024658203125, 0.0, 0.0, 0.0, -1.1158143281936646, 4.889640337787624
4851, 294.77838134765625, -246.69210815429688, 0.0, 0.0, 0.0, -1.11676025390625, 4.859672860966518
4852, 294.8726501464844, -246.69393920898438, 0.0, 0.0, 0.0, -1.1175843477249146, 4.829059755821555
4853, 294.9718933105469, -246.6958465576172, 0.0, 0.0, 0.0, -1.118438720703125, 4.795926595921135
4854, 295.0612487792969, -246.69761657714844, 0.0, 0.0, 0.0, -1.1191407442092896, 4.765610277278028
4855, 295.1519775390625, -246.69937133789062, 0.0, 0.0, 0.0, -1.11981201171875, 4.734521736090227
4856, 295.2476501464844, -246.7012176513672, 0.0, 0.0, 0.0, -1.1205443143844604, 4.701529980776881
4857, 295.3416442871094, -246.7030487060547, 0.0, 0.0, 0.0, -1.1212157011032104, 4.668993735556474
4858, 295.4351806640625, -246.70486450195312, 0.0, 0.0, 0.0, -1.1218565702438354, 4.63654515398737
4859, 295.52520751953125, -246.7065887451172, 0.0, 0.0, 0.0, -1.1224974393844604, 4.605241611143462
4860, 295.6167297363281, -246.70838928222656, 0.0, 0.0, 0.0, -1.1231077909469604, 4.573388130709983
4861, 295.707275390625, -246.71014404296875, 0.0, 0.0, 0.0, -1.12371826171875, 4.541856488420539
4862, 295.8011169433594, -246.71194458007812, 0.0, 0.0, 0.0, -1.1243287324905396, 4.509180095068856
4863, 295.89501953125, -246.71376037597656, 0.0, 0.0, 0.0, -1.1249696016311646, 4.476476548937528
4864, 295.97760009765625, -246.7153778076172, 0.0, 0.0, 0.0, -1.12548828125, 4.447685984643674
4865, 296.0613098144531, -246.71701049804688, 0.0, 0.0, 0.0, -1.126037359237671, 4.418509773038557
4866, 296.15087890625, -246.71876525878906, 0.0, 0.0, 0.0, -1.1266173124313354, 4.387291144506128
4867, 296.2409362792969, -246.72052001953125, 0.0, 0.0, 0.0, -1.127197027206421, 4.355893310630279
4868, 296.3317565917969, -246.72227478027344, 0.0, 0.0, 0.0, -1.1277772188186646, 4.3242350993872085
4869, 296.4134826660156, -246.723876953125, 0.0, 0.0, 0.0, -1.1282960176467896, 4.2957208428816935
4870, 296.4937744140625, -246.7254638671875, 0.0, 0.0, 0.0, -1.1287841796875, 4.267698125845946
4871, 296.5803527832031, -246.72715759277344, 0.0, 0.0, 0.0, -1.1293333768844604, 4.237496508370301
4872, 296.6710205078125, -246.7289276123047, 0.0, 0.0, 0.0, -1.1299132108688354, 4.2058668092150535
4873, 296.7575988769531, -246.73062133789062, 0.0, 0.05000000074505806, 0.0, -1.13043212890625, 4.177294755001955
4874, 296.8344421386719, -246.73214721679688, 0.0, 0.10000000149011612, 0.0, -1.130889892578125, 4.154466842161376
4875, 296.9112548828125, -246.73367309570312, 0.0, 0.15000000596046448, 0.0, -1.1312865018844604, 4.135321609992707
4876, 296.9954528808594, -246.73529052734375, 0.0, 0.17500001192092896, 0.0, -1.1317138671875, 4.11884725442189
4877, 297.0823669433594, -246.7369842529297, 0.0, 0.2500000298023224, 0.0, -1.1320799589157104, 4.106806337620834
4878, 297.1694030761719, -246.7386932373047, 0.0, 0.30000004172325134, 0.0, -1.1323853731155396, 4.1012845471013
4879, 297.24847412109375, -246.74024963378906, 0.0, 0.3500000536441803, 0.0, -1.132568359375, 4.101830413253238
4880, 297.32635498046875, -246.7417755126953, 0.0, 0.40000006556510925, 0.0, -1.1326600313186646, 4.1075952805065405
4881, 297.41058349609375, -246.743408203125, 0.0, 0.4500000774860382, 0.0, -1.132690668106079, 4.119480147224061
4882, 297.4961242675781, -246.7451171875, 0.0, 0.4500000774860382, 0.0, -1.13262939453125, 4.136032597699991
4883, 297.5792236328125, -246.7467498779297, 0.0, 0.40000006556510925, 0.0, -1.1325074434280396, 4.153254592791688
4884, 297.6596374511719, -246.74835205078125, 0.0, 0.3500000536441803, 0.0, -1.1323243379592896, 4.168254253094255
4885, 297.7384033203125, -246.7499237060547, 0.0, 0.3250000476837158, 0.0, -1.13214111328125, 4.180282154253611
4886, 297.8250427246094, -246.75161743164062, 0.0, 0.27500003576278687, 0.0, -1.1319580078125, 4.189782859199494
4887, 297.9093933105469, -246.7532501220703, 0.0, 0.2250000238418579, 0.0, -1.13177490234375, 4.194465128886576
4888, 297.9878845214844, -246.75482177734375, 0.0, 0.17500001192092896, 0.0, -1.1316529512405396, 4.194359617498623
4889, 298.06854248046875, -246.7564239501953, 0.0, 0.125, 0.0, -1.1315611600875854, 4.189283465312015
4890, 298.1528625488281, -246.75808715820312, 0.0019098592456430197, 0.07500000298023224, 0.0, -1.1307982206344604, 4.178352694358653
4891, 298.2414855957031, -246.7597198486328, 0.005729577504098415, 0.02500000409781933, 0.0, -1.1275634765625, 4.160842841516076
4892, 298.3241882324219, -246.7611083984375, 0.009549296461045742, -0.02499999664723873, 0.0, -1.1206358671188354, 4.140189157531119
4893, 298.40203857421875, -246.76231384277344, 0.01145915500819683, 0.0, 0.0, -1.1105650663375854, 4.1176357791804925
4894, 298.4798889160156, -246.76339721679688, 0.015278873965144157, 0.0, 0.0, -1.0962523221969604, 4.093039933669651
4895, 298.56622314453125, -246.76443481445312, 0.019098592922091484, 0.0, 0.0, -1.074920654296875, 4.064396259759344
4896, 298.6514892578125, -246.76527404785156, 0.02291831001639366, 0.0, 0.0, -1.0474852323532104, 4.035335395339762
4897, 298.7364807128906, -246.765869140625, 0.026738028973340988, 0.0, 0.0, -1.0133055448532104, 4.005936667795841
4898, 298.8166809082031, -246.76626586914062, 0.030557747930288315, 0.0, 0.0, -0.9746094346046448, 3.9780356689085483
4899, 298.8931579589844, -246.76641845703125, 0.03437746688723564, 0.0, 0.0, -0.9310606122016907, 3.9513407266801943
4900, 298.968017578125, -246.7664031982422, 0.03819718211889267, 0.0, 0.0, -0.8822630643844604, 3.9251896658611343
4901, 299.0464172363281, -246.7661590576172, 0.0420168936252594, 0.0, 0.0, -0.8248900771141052, 3.897823409288577
4902, 299.12457275390625, -246.7657012939453, 0.04583660885691643, 0.0, 0.0, -0.7607726454734802, 3.8705250119649603
4903, 299.1971740722656, -246.7650604248047, 0.04774646833539009, 0.0, 0.0, -0.69512939453125, 3.845193322390358
4904, 299.2705078125, -246.7642059326172, 0.05156618356704712, 0.0, 0.0, -0.6231689453125, 3.819569114157085
4905, 299.3518981933594, -246.7630157470703, 0.05538589879870415, 0.0, 0.0, -0.5367736220359802, 3.791135159864
4906, 299.4270324707031, -246.7616729736328, 0.059205614030361176, 0.0, 0.0, -0.4500427544116974, 3.764836660430378
4907, 299.50299072265625, -246.76011657714844, 0.059205614030361176, 0.0, 0.0, -0.358123779296875, 3.73842384916232
4908, 299.5721740722656, -246.75857543945312, 0.05665913596749306, 0.0, 0.0, -0.271881103515625, 3.7144391959373166
4909, 299.6425476074219, -246.7569122314453, 0.05538589879870415, 0.0, 0.0, -0.1830749213695526, 3.6900797634234648
4910, 299.7172546386719, -246.7550506591797, 0.05411265790462494, 0.0, 0.0, -0.08862302452325821, 3.6642742225952483
4911, 299.7933044433594, -246.7530975341797, 0.05283942073583603, 0.0, 0.0, 0.007035603281110525, 3.6380230566322
4912, 299.8665466308594, -246.75112915039062, 0.052202802151441574, 0.0, 0.0, 0.09840688109397888, 3.61274983814364
4913, 299.9345397949219, -246.74923706054688, 0.050929564982652664, 0.0, 0.0, 0.18224076926708221, 3.589278204756115
4914, 300.0002136230469, -246.74734497070312, 0.049656324088573456, 0.0, 0.0, 0.26198720932006836, 3.566625489580573
4915, 300.075927734375, -246.7451171875, 0.04774646833539009, 0.0, 0.0, 0.3520383834838867, 3.5405386097586202
4916, 300.1499938964844, -246.7428436279297, 0.04647323116660118, 0.0, 0.0, 0.4379943311214447, 3.515006994981982
4917, 300.2210388183594, -246.7406463623047, 0.04519999027252197, 0.0, 0.0, 0.5183619856834412, 3.4905293089213836
4918, 300.2855224609375, -246.73858642578125, 0.04392675310373306, 0.0, 0.0, 0.5894612669944763, 3.468286094163322
4919, 300.35321044921875, -246.7363739013672, 0.04329013451933861, 0.02500000037252903, 0.0, 0.6624011397361755, 3.443462152547966
4920, 300.424560546875, -246.73399353027344, 0.0420168936252594, 0.07500000298023224, 0.0, 0.7375320196151733, 3.420674101771011
4921, 300.49310302734375, -246.73162841796875, 0.04074365645647049, 0.125, 0.0, 0.8078079223632812, 3.40309149131113
4922, 300.5618591308594, -246.72923278808594, 0.03947041928768158, 0.17500001192092896, 0.0, 0.876301109790802, 3.3904102911065572
4923, 300.62738037109375, -246.72691345214844, 0.03819718211889267, 0.2250000238418579, 0.0, 0.9395552277565002, 3.383319120841957
4924, 300.69195556640625, -246.72457885742188, 0.03692394122481346, 0.27500003576278687, 0.0, 1.0000325441360474, 3.381447989023053
4925, 300.7616271972656, -246.7220458984375, 0.03565070405602455, 0.3250000476837158, 0.0, 1.0632421970367432, 3.3850563554409256
4926, 300.8306579589844, -246.71946716308594, 0.03692394122481346, 0.3750000596046448, 0.0, 1.12474524974823, 3.393963181049422
4927, 300.90228271484375, -246.7166748046875, 0.04074365645647049, 0.3750000596046448, 0.0, 1.1893978118896484, 3.4072875578707684
4928, 300.97161865234375, -246.7137908935547, 0.04456337168812752, 0.3250000476837158, 0.0, 1.254517674446106, 3.420674538740635
4929, 301.0350646972656, -246.7110137939453, 0.04647323116660118, 0.30000004172325134, 0.0, 1.3168495893478394, 3.431348391817425
4930, 301.107666015625, -246.70761108398438, 0.05029294267296791, 0.2500000298023224, 0.0, 1.3919615745544434, 3.4402705557330227
4931, 301.17657470703125, -246.70419311523438, 0.05411265790462494, 0.20000001788139343, 0.0, 1.4676872491836548, 3.444426938282206
4932, 301.2492370605469, -246.7003631591797, 0.05793237313628197, 0.15000000596046448, 0.0, 1.5528969764709473, 3.443580702674175
4933, 301.321044921875, -246.69630432128906, 0.061752088367938995, 0.10000000149011612, 0.0, 1.642824649810791, 3.4372572002954853
4934, 301.3895568847656, -246.69219970703125, 0.06557180732488632, 0.05000000447034836, 0.0, 1.734110713005066, 3.426043376983896
4935, 301.4523620605469, -246.68821716308594, 0.06939151883125305, 4.0978194171259474e-09, 0.0, 1.823144555091858, 3.411220331980278
4936, 301.51983642578125, -246.68370056152344, 0.07321123778820038, 0.0, 0.0, 1.9245244264602661, 3.393132771990127
4937, 301.5885009765625, -246.67884826660156, 0.07703094929456711, 0.0, 0.0, 2.0333988666534424, 3.3719901368048775
4938, 301.6572570800781, -246.67372131347656, 0.08085066080093384, 0.0, 0.0, 2.148582696914673, 3.3493958148089535
4939, 301.7249755859375, -246.66842651367188, 0.08467037975788116, 0.0, 0.0, 2.2681307792663574, 3.32637432932
4940, 301.78826904296875, -246.66319274902344, 0.0884900912642479, 0.0, 0.0, 2.3857665061950684, 3.3044655975952892
4941, 301.8543395996094, -246.6575164794922, 0.09039995074272156, 0.0, 0.0, 2.5134902000427246, 3.281446973099242
4942, 301.9220275878906, -246.6514129638672, 0.09421966969966888, 0.0, 0.0, 2.6497600078582764, 3.2577160103566674
4943, 301.9879150390625, -246.64520263671875, 0.09803938120603561, 0.0, 0.0, 2.787931442260742, 3.234519995089186
4944, 302.0582275390625, -246.6382598876953, 0.10185910016298294, 0.0, 0.0, 2.9417147636413574, 3.2096955568036942
4945, 302.1207275390625, -246.6317901611328, 0.10567881166934967, 0.0, 0.0, 3.084134817123413, 3.1875832169970364
4946, 302.1801452636719, -246.62538146972656, 0.10567881166934967, 0.0, 0.0, 3.224566698074341, 3.1665069955548093
4947, 302.24298095703125, -246.61834716796875, 0.11331824213266373, 0.02500000037252903, 0.0, 3.3782753944396973, 3.1415212398392605
4948, 302.3077697753906, -246.61077880859375, 0.11713795363903046, 0.07500000298023224, 0.0, 3.542574644088745, 3.1199198947727536
4949, 302.37060546875, -246.60311889648438, 0.12095767259597778, 0.125, 0.0, 3.707601547241211, 3.103755656975119
4950, 302.4376220703125, -246.59458923339844, 0.12477738410234451, 0.17500001192092896, 0.0, 3.8896677494049072, 3.092266744343528
4951, 302.4952087402344, -246.5869903564453, 0.12859709560871124, 0.2250000238418579, 0.0, 4.051279067993164, 3.087222517898403
4952, 302.55279541015625, -246.5791015625, 0.13241681456565857, 0.27500003576278687, 0.0, 4.217528343200684, 3.086981810395124
4953, 302.61712646484375, -246.5699920654297, 0.1362365335226059, 0.2250000238418579, 0.0, 4.408566474914551, 3.089334379238393
4954, 302.67694091796875, -246.5612030029297, 0.13814638555049896, 0.20000001788139343, 0.0, 4.591034412384033, 3.0906947656347312
4955, 302.73681640625, -246.55213928222656, 0.1419661045074463, 0.15000000596046448, 0.0, 4.778214454650879, 3.089467893038824
4956, 302.7977600097656, -246.54261779785156, 0.14578582346439362, 0.10000000149011612, 0.0, 4.973391056060791, 3.084028605680736
4957, 302.8600769042969, -246.5325164794922, 0.14960552752017975, 0.05000000447034836, 0.0, 5.178519248962402, 3.0735592777214786
4958, 302.9212341308594, -246.52227783203125, 0.15342524647712708, 4.0978194171259474e-09, 0.0, 5.385128974914551, 3.0581895941536876
4959, 302.9851379394531, -246.5111846923828, 0.15915481746196747, 0.0, 0.0, 5.6078972816467285, 3.0409309992730735
4960, 303.0471496582031, -246.50003051757812, 0.1629745364189148, 0.0, 0.0, 5.830666542053223, 3.0214658797735057
4961, 303.1053771972656, -246.4891815185547, 0.16679425537586212, 0.0, 0.0, 6.046098709106445, 3.001875442204967
4962, 303.16497802734375, -246.4777069091797, 0.17061395943164825, 0.05000000074505806, 0.0, 6.2721028327941895, 2.9785064461481365
4963, 303.22454833984375, -246.4658966064453, 0.17443367838859558, 0.10000000149011612, 0.0, 6.503556251525879, 2.960291794429599
4964, 303.2884216308594, -246.45281982421875, 0.1782533973455429, 0.15000000596046448, 0.0, 6.758024215698242, 2.9467830994723
4965, 303.3455810546875, -246.44073486328125, 0.18207311630249023, 0.20000001788139343, 0.0, 6.991168975830078, 2.939955117764274
4966, 303.40374755859375, -246.42808532714844, 0.18589282035827637, 0.2500000298023224, 0.0, 7.233074188232422, 2.938306901360448
4967, 303.4626770019531, -246.4149169921875, 0.1897125393152237, 0.30000004172325134, 0.0, 7.483281135559082, 2.941919987697959
4968, 303.51947021484375, -246.40182495117188, 0.19162240624427795, 0.3250000476837158, 0.0, 7.728965759277344, 2.949864326866411
4969, 303.57427978515625, -246.38888549804688, 0.1954421103000641, 0.27500003576278687, 0.0, 7.970019340515137, 2.9586811077827933
4970, 303.6332702636719, -246.3745880126953, 0.1992618292570114, 0.2250000238418579, 0.0, 8.234078407287598, 2.9656232806825544
4971, 303.6919250488281, -246.36001586914062, 0.20053507387638092, 0.17500001192092896, 0.0, 8.500821113586426, 2.968600783274933
4972, 303.7507629394531, -246.3450469970703, 0.20180830359458923, 0.125, 0.0, 8.77212142944336, 2.9668126905839385
4973, 303.80517578125, -246.3308868408203, 0.20053507387638092, 0.07500000298023224, 0.0, 9.0253324508667, 2.960833019322487
4974, 303.8614807128906, -246.31594848632812, 0.20180830359458923, 0.02500000409781933, 0.0, 9.289366722106934, 2.9495795851165476
4975, 303.9202575683594, -246.3000946044922, 0.20053507387638092, -0.02499999664723873, 0.0, 9.566203117370605, 2.9339842632600366
4976, 303.98046875, -246.28350830078125, 0.20180830359458923, 0.0, 0.0, 9.85126781463623, 2.9185118957885114
4977, 304.0382995605469, -246.26727294921875, 0.20053507387638092, 0.0, 0.0, 10.126059532165527, 2.900872637794674
4978, 304.0938720703125, -246.25140380859375, 0.20180830359458923, 0.0, 0.0, 10.390843391418457, 2.8824126691209067
4979, 304.15130615234375, -246.2346954345703, 0.20053507387638092, 0.0, 0.0, 10.665284156799316, 2.862657990875571
4980, 304.2043762207031, -246.21896362304688, 0.20180830359458923, 0.0, 0.0, 10.91958999633789, 2.843897334743276
4981, 304.2560119628906, -246.2034149169922, 0.20117168128490448, 0.0, 0.0, 11.167672157287598, 2.825496645280136
4982, 304.3118591308594, -246.1863250732422, 0.19989845156669617, 0.0, 0.0, 11.435944557189941, 2.8055617031531397
4983, 304.3664245605469, -246.1693572998047, 0.20117168128490448, 0.0, 0.0, 11.698653221130371, 2.7858572317704757
4984, 304.4181213378906, -246.1529998779297, 0.19989845156669617, 0.0, 0.0, 11.947659492492676, 2.7672346458963113
4985, 304.4700622558594, -246.1363067626953, 0.20117168128490448, 0.0, 0.0, 12.198561668395996, 2.7483551921192895
4986, 304.51849365234375, -246.1205291748047, 0.19989845156669617, 0.0, 0.0, 12.432665824890137, 2.730834396886865
4987, 304.5676574707031, -246.104248046875, 0.20117168128490448, 0.0, 0.0, 12.670787811279297, 2.712917505464383
4988, 304.6210021972656, -246.0863800048828, 0.19989845156669617, 0.0, 0.0, 12.92943286895752, 2.693574587475267
4989, 304.67498779296875, -246.06797790527344, 0.20117168128490448, 0.0, 0.0, 13.191885948181152, 2.6738433561087183
4990, 304.7282409667969, -246.049560546875, 0.19989845156669617, 0.0, 0.0, 13.451058387756348, 2.6544718322764185
4991, 304.7801208496094, -246.03135681152344, 0.20053507387638092, 0.0, 0.0, 13.703987121582031, 2.6354961932564165
4992, 304.82965087890625, -246.0137481689453, 0.19989845156669617, 0.0, 0.0, 13.945768356323242, 2.6174031076635553
4993, 304.8762512207031, -245.99688720703125, 0.20117168128490448, 0.0, 0.0, 14.17404842376709, 2.6002344199947753
4994, 304.9250183105469, -245.9790802001953, 0.19989845156669617, 0.0, 0.0, 14.413007736206055, 2.582387923154571
4995, 304.9740295410156, -245.9609375, 0.20117168128490448, 0.0, 0.0, 14.65379810333252, 2.5643136495998866
4996, 305.0235595703125, -245.94235229492188, 0.19989845156669617, 0.0, 0.0, 14.897551536560059, 2.546128368853882
4997, 305.0726318359375, -245.92369079589844, 0.20117168128490448, 0.0, 0.0, 15.139625549316406, 2.5279719060042014
4998, 305.11846923828125, -245.906005859375, 0.19989845156669617, 0.0, 0.0, 15.366138458251953, 2.51107814292507
4999, 305.1628723144531, -245.88868713378906, 0.20117168128490448, 0.0, 0.0, 15.58614730834961, 2.494582052067104
5000, 305.2102966308594, -245.86997985839844, 0.19989845156669617, 0.0, 0.0, 15.821233749389648, 2.4770707054001013
5001, 305.2587585449219, -245.85061645507812, 0.20117168128490448, 0.0, 0.0, 16.062240600585938, 2.4590216721114353
5002, 305.3047790527344, -245.83200073242188, 0.19989845156669617, 0.0, 0.0, 16.29138946533203, 2.441966279262939
5003, 305.3514709472656, -245.81288146972656, 0.20180830359458923, 0.0, 0.0, 16.524728775024414, 2.4244738725235195
5004, 305.3944396972656, -245.79507446289062, 0.20053507387638092, 0.0, 0.0, 16.73997688293457, 2.408464496989916
5005, 305.4383544921875, -245.7766876220703, 0.20180830359458923, 0.05000000074505806, 0.0, 16.96065902709961, 2.3873116945493162
5006, 305.4841003417969, -245.75732421875, 0.20053507387638092, 0.10000000149011612, 0.0, 17.191064834594727, 2.373231812272403
5007, 305.53021240234375, -245.737548828125, 0.20180830359458923, 0.15000000596046448, 0.0, 17.423433303833008, 2.365508508952913
5008, 305.5750732421875, -245.7181396484375, 0.20053507387638092, 0.20000001788139343, 0.0, 17.649431228637695, 2.363770950429297
5009, 305.6195983886719, -245.6986541748047, 0.20180830359458923, 0.2500000298023224, 0.0, 17.874067306518555, 2.367218988293206
5010, 305.6611328125, -245.68026733398438, 0.20053507387638092, 0.30000004172325134, 0.0, 18.08325958251953, 2.375238406213928
5011, 305.70458984375, -245.66087341308594, 0.20180830359458923, 0.3500000536441803, 0.0, 18.302215576171875, 2.388359979108159
5012, 305.7494812011719, -245.640625, 0.20053507387638092, 0.40000006556510925, 0.0, 18.528371810913086, 2.4069590599579245
5013, 305.79730224609375, -245.6188201904297, 0.20180830359458923, 0.4500000774860382, 0.0, 18.76911163330078, 2.43187251784018
5014, 305.8439025878906, -245.59735107421875, 0.20053507387638092, 0.5000000596046448, 0.0, 19.003623962402344, 2.4610933455792394
5015, 305.8935546875, -245.57423400878906, 0.20180830359458923, 0.550000011920929, 0.0, 19.253597259521484, 2.4970474007645427
5016, 305.9411926269531, -245.5518035888672, 0.20053507387638092, 0.5999999642372131, 0.0, 19.493206024169922, 2.5360835046668613
5017, 305.9895935058594, -245.52882385253906, 0.20180830359458923, 0.6499999165534973, 0.0, 19.736522674560547, 2.5797756953088355
5018, 306.03533935546875, -245.50685119628906, 0.20053507387638092, 0.6999998688697815, 0.0, 19.96652603149414, 2.6249156939850384
5019, 306.0826110839844, -245.48391723632812, 0.20180830359458923, 0.7499998211860657, 0.0, 20.20427131652832, 2.6751991401698323
5020, 306.1317443847656, -245.45985412597656, 0.20053507387638092, 0.7999997735023499, 0.0, 20.451160430908203, 2.7314263003300865
5021, 306.1858825683594, -245.43307495117188, 0.20180830359458923, 0.849999725818634, 0.0, 20.72310447692871, 2.7970273884010894
5022, 306.24188232421875, -245.4050750732422, 0.20053507387638092, 0.8999996781349182, 0.0, 21.00415802001953, 2.8687909224848083
5023, 306.2974548339844, -245.37696838378906, 0.20180830359458923, 0.9499996304512024, 0.0, 21.28330421447754, 2.9431801504356008
5024, 306.354736328125, -245.34767150878906, 0.20053507387638092, 0.9999995827674866, 0.0, 21.570751190185547, 3.0230559541223023
5025, 306.4129333496094, -245.31756591796875, 0.20180830359458923, 1.0, 0.0, 21.862993240356445, 3.105840301691974
5026, 306.4704895019531, -245.28749084472656, 0.20053507387638092, 1.0, 0.0, 22.15174102783203, 3.1877135319477863
5027, 306.5324401855469, -245.2547607421875, 0.20117168128490448, 1.0, 0.0, 22.462690353393555, 3.274650711460748
5028, 306.59161376953125, -245.22311401367188, 0.19989845156669617, 1.0, 0.0, 22.759624481201172, 3.356460550994532
5029, 306.65106201171875, -245.19094848632812, 0.20117168128490448, 1.0, 0.0, 23.058198928833008, 3.436728720369835
5030, 306.7125244140625, -245.15737915039062, 0.19989845156669617, 1.0, 0.0, 23.366849899291992, 3.518493653843103
5031, 306.7805480957031, -245.1197052001953, 0.20117168128490448, 1.0, 0.0, 23.709293365478516, 3.606907092055614
5032, 306.8491516113281, -245.0812225341797, 0.19989845156669617, 1.0, 0.0, 24.05514144897461, 3.694397467758919
5033, 306.9223327636719, -245.03965759277344, 0.20117168128490448, 1.0, 0.0, 24.42479133605957, 3.785520551360587
5034, 306.996337890625, -244.9970703125, 0.19989845156669617, 1.0, 0.0, 24.79902458190918, 3.8758886988978047
5035, 307.0743408203125, -244.95152282714844, 0.20117168128490448, 1.0, 0.0, 25.194583892822266, 3.9689790332358865
5036, 307.1534423828125, -244.9046630859375, 0.19989845156669617, 1.0, 0.0, 25.59650421142578, 4.061663974509218
5037, 307.23504638671875, -244.85560607910156, 0.20117168128490448, 0.9750000238418579, 0.0, 26.012304306030273, 4.1545984795510655
5038, 307.31439208984375, -244.80714416503906, 0.20180830359458923, 0.9000000953674316, 0.0, 26.418588638305664, 4.240854477961141
5039, 307.39337158203125, -244.7582550048828, 0.20053507387638092, 0.8500001430511475, 0.0, 26.82412338256836, 4.321271094012869
5040, 307.47955322265625, -244.7040557861328, 0.20180830359458923, 0.8000001907348633, 0.0, 27.268726348876953, 4.402100283988183
5041, 307.55963134765625, -244.65293884277344, 0.20053507387638092, 0.7500002384185791, 0.0, 27.68326759338379, 4.471077450538785
5042, 307.64178466796875, -244.59970092773438, 0.20180830359458923, 0.7000002861022949, 0.0, 28.110523223876953, 4.535257032664462
5043, 307.7250671386719, -244.54489135742188, 0.20053507387638092, 0.6500003337860107, 0.0, 28.545560836791992, 4.593953783648639
5044, 307.8138122558594, -244.48553466796875, 0.20180830359458923, 0.6000003814697266, 0.0, 29.011640548706055, 4.649099988393228
5045, 307.9017028808594, -244.42579650878906, 0.20053507387638092, 0.5500004291534424, 0.0, 29.47545051574707, 4.696801210496708
5046, 307.98638916015625, -244.36727905273438, 0.20180830359458923, 0.5000004768371582, 0.0, 29.925132751464844, 4.736009912588619
5047, 308.0705871582031, -244.30813598632812, 0.20053507387638092, 0.45000046491622925, 0.0, 30.374589920043945, 4.76879579779878
5048, 308.1573486328125, -244.24618530273438, 0.20180830359458923, 0.4000004529953003, 0.0, 30.840574264526367, 4.795708703593853
5049, 308.2462463378906, -244.18167114257812, 0.19989845156669617, 0.32500043511390686, 0.0, 31.320594787597656, 4.8158997966160575
5050, 308.3309020996094, -244.11917114257812, 0.20117168128490448, 0.2750004231929779, 0.0, 31.78071403503418, 4.8273281709198175
5051, 308.4174499511719, -244.05419921875, 0.20180830359458923, 0.20000040531158447, 0.0, 32.25481033325195, 4.830984080380705
5052, 308.5000305175781, -243.99114990234375, 0.20053507387638092, 0.15000039339065552, 0.0, 32.710575103759766, 4.826887604487798
5053, 308.58563232421875, -243.92466735839844, 0.20180830359458923, 0.10000038892030716, 0.0, 33.18690490722656, 4.81501379684253
5054, 308.6701965332031, -243.85784912109375, 0.20053507387638092, 0.0500003919005394, 0.0, 33.661319732666016, 4.796327407579307
5055, 308.7496032714844, -243.7941131591797, 0.20180830359458923, 3.915280046840053e-07, 0.0, 34.11069107055664, 4.772253519606503
5056, 308.8324279785156, -243.72650146484375, 0.20053507387638092, 0.0, 0.0, 34.58322525024414, 4.741510608829611
5057, 308.91217041015625, -243.66026306152344, 0.20180830359458923, 0.0, 0.0, 35.042545318603516, 4.7087000094637546
5058, 308.9942626953125, -243.59095764160156, 0.20053507387638092, 0.0, 0.0, 35.5192985534668, 4.673169826692738
5059, 309.06829833984375, -243.5274200439453, 0.20180830359458923, 0.0, 0.0, 35.95292282104492, 4.639904748769693
5060, 309.14495849609375, -243.46054077148438, 0.20053507387638092, 0.0, 0.0, 36.4056396484375, 4.604865591619595
5061, 309.2199401855469, -243.3939971923828, 0.20117168128490448, 0.0, 0.0, 36.85230255126953, 4.569953796972399
5062, 309.296875, -243.32467651367188, 0.19989845156669617, 0.0, 0.0, 37.313446044921875, 4.533876516490453
5063, 309.3751525878906, -243.25289916992188, 0.20117168128490448, 0.0, 0.0, 37.786888122558594, 4.49659638451676
5064, 309.4468994140625, -243.18603515625, 0.19989845156669617, 0.0, 0.0, 38.22418212890625, 4.462269240492213
5065, 309.5144348144531, -243.12210083007812, 0.20117168128490448, 0.0, 0.0, 38.639137268066406, 4.42955758177797
5066, 309.5853271484375, -243.0540008544922, 0.19989845156669617, 0.0, 0.0, 39.07785415649414, 4.395110197262418
5067, 309.6576843261719, -242.98329162597656, 0.20117168128490448, 0.0, 0.0, 39.52977752685547, 4.3594969765548
5068, 309.7247314453125, -242.916748046875, 0.20180830359458923, 0.0, 0.0, 39.9526481628418, 4.3262074571652285
5069, 309.7879943847656, -242.85302734375, 0.20053507387638092, 0.0, 0.0, 40.3547477722168, 4.294726102075153
5070, 309.8546447753906, -242.7848358154297, 0.20180830359458923, 0.0, 0.0, 40.78238296508789, 4.261181425704133
5071, 309.9187316894531, -242.71823120117188, 0.20053507387638092, 0.0, 0.0, 41.19697952270508, 4.228856493606623
5072, 309.9830017089844, -242.65048217773438, 0.20180830359458923, 0.0, 0.0, 41.61638641357422, 4.19607332631538
5073, 310.04901123046875, -242.57977294921875, 0.20053507387638092, 0.0, 0.0, 42.05104064941406, 4.16230161191384
5074, 310.1114196777344, -242.5118865966797, 0.20180830359458923, 0.0, 0.0, 42.465667724609375, 4.130000310519009
5075, 310.17156982421875, -242.4454803466797, 0.20053507387638092, 0.02500000037252903, 0.0, 42.868648529052734, 4.099625506841337
5076, 310.2298278808594, -242.3802490234375, 0.20053507387638092, 0.02500000037252903, 0.0, 43.262210845947266, 4.072046423431603
5077, 310.2891845703125, -242.3127899169922, 0.20053507387638092, 0.125, 0.0, 43.6666259765625, 4.048034414351082
5078, 310.3483581542969, -242.2445068359375, 0.20180830359458923, 0.17500001192092896, 0.0, 44.07316207885742, 4.029102534902831
5079, 310.4080505371094, -242.17462158203125, 0.19989845156669617, 0.2500000298023224, 0.0, 44.48581314086914, 4.016497477708881
5080, 310.4640808105469, -242.10813903808594, 0.20117168128490448, 0.30000004172325134, 0.0, 44.8755989074707, 4.011458513792566
5081, 310.5205383300781, -242.04014587402344, 0.19989845156669617, 0.3500000536441803, 0.0, 45.27085876464844, 4.013145119428899
5082, 310.5760192871094, -241.97235107421875, 0.20117168128490448, 0.40000006556510925, 0.0, 45.66212844848633, 4.020874854621606
5083, 310.6321105957031, -241.9029083251953, 0.20180830359458923, 0.4750000834465027, 0.0, 46.0605354309082, 4.035114496176465
5084, 310.6877136230469, -241.8330078125, 0.20053507387638092, 0.5250000357627869, 0.0, 46.4583854675293, 4.056578533439404
5085, 310.7452697753906, -241.75962829589844, 0.20180830359458923, 0.574999988079071, 0.0, 46.87327194213867, 4.0855033613638145
5086, 310.8009033203125, -241.68768310546875, 0.20053507387638092, 0.6249999403953552, 0.0, 47.2769660949707, 4.11978403160242
5087, 310.8599548339844, -241.61016845703125, 0.20180830359458923, 0.6749998927116394, 0.0, 47.70890808105469, 4.162326188707529
5088, 310.91436767578125, -241.53775024414062, 0.20053507387638092, 0.7249998450279236, 0.0, 48.109561920166016, 4.207177569755754
5089, 310.9681701660156, -241.46511840820312, 0.20180830359458923, 0.7749997973442078, 0.0, 48.508705139160156, 4.256437785319236
5090, 311.0255126953125, -241.3865966796875, 0.20053507387638092, 0.8249997496604919, 0.0, 48.93693542480469, 4.3146512993530735
5091, 311.0799560546875, -241.3109893798828, 0.20180830359458923, 0.8749997019767761, 0.0, 49.34677505493164, 4.374858646114906
5092, 311.13690185546875, -241.2307891845703, 0.19989845156669617, 0.9499996304512024, 0.0, 49.77798843383789, 4.4435035596565555
5093, 311.1934814453125, -241.14990234375, 0.20117168128490448, 0.9999995827674866, 0.0, 50.20973205566406, 4.517534262151202
5094, 311.254638671875, -241.06105041503906, 0.19989845156669617, 1.0, 0.0, 50.67982482910156, 4.602772264530643
5095, 311.3115539550781, -240.9771270751953, 0.20117168128490448, 1.0, 0.0, 51.120758056640625, 4.684447525507562
5096, 311.3705749511719, -240.88870239257812, 0.19989845156669617, 1.0, 0.0, 51.581844329833984, 4.770702550106013
5097, 311.425537109375, -240.8050994873047, 0.20117168128490448, 0.9500000476837158, 0.0, 52.01519012451172, 4.850574467360228
5098, 311.4861755371094, -240.71131896972656, 0.19989845156669617, 0.9000000953674316, 0.0, 52.4977912902832, 4.936369192307808
5099, 311.54803466796875, -240.61404418945312, 0.20053507387638092, 0.8250001668930054, 0.0, 52.995277404785156, 5.019119906703488
5100, 311.6084289550781, -240.517333984375, 0.20180830359458923, 0.7750002145767212, 0.0, 53.487300872802734, 5.09449579999921
5101, 311.66552734375, -240.4242401123047, 0.20053507387638092, 0.725000262260437, 0.0, 53.958534240722656, 5.160524910490587
5102, 311.7226867675781, -240.3294677734375, 0.20180830359458923, 0.6750003099441528, 0.0, 54.43594741821289, 5.22067148622842
5103, 311.7858581542969, -240.2227325439453, 0.19989845156669617, 0.6000003814697266, 0.0, 54.97068405151367, 5.28017828767954
5104, 311.84490966796875, -240.1209259033203, 0.20117168128490448, 0.5500004291534424, 0.0, 55.477943420410156, 5.327965816818221
5105, 311.9021911621094, -240.02037048339844, 0.19989845156669617, 0.5000004768371582, 0.0, 55.976627349853516, 5.367428410486438
5106, 311.9586181640625, -239.91925048828125, 0.20117168128490448, 0.45000046491622925, 0.0, 56.47557067871094, 5.399910458541953
5107, 312.01873779296875, -239.80935668945312, 0.19989845156669617, 0.4000004529953003, 0.0, 57.01576614379883, 5.425283258857998
5108, 312.0737609863281, -239.70657348632812, 0.20117168128490448, 0.35000044107437134, 0.0, 57.518672943115234, 5.43976324137822
5109, 312.12896728515625, -239.60145568847656, 0.19989845156669617, 0.3000004291534424, 0.0, 58.032493591308594, 5.440900695311576
5110, 312.1838073730469, -239.49464416503906, 0.20117168128490448, 0.2500004172325134, 0.0, 58.55195617675781, 5.437959396971619
5111, 312.23907470703125, -239.384765625, 0.19989845156669617, 0.20000040531158447, 0.0, 59.08620834350586, 5.427069062383934
5112, 312.29248046875, -239.27615356445312, 0.20117168128490448, 0.15000039339065552, 0.0, 59.61185073852539, 5.414356226275406
5113, 312.3439025878906, -239.1692352294922, 0.19989845156669617, 0.10000038892030716, 0.0, 60.129512786865234, 5.3954061576103785
5114, 312.3954772949219, -239.0594024658203, 0.20117168128490448, 0.0500003919005394, 0.0, 60.65998458862305, 5.37337914367586
5115, 312.44525146484375, -238.95091247558594, 0.19989845156669617, 3.915280046840053e-07, 0.0, 61.184993743896484, 5.343824908962868
5116, 312.4934997558594, -238.84326171875, 0.20117168128490448, 0.0, 0.0, 61.70485305786133, 5.31252784555088
5117, 312.5401306152344, -238.7366943359375, 0.20117168128490448, 0.0, 0.0, 62.221092224121094, 5.275814452010772
5118, 312.5882873535156, -238.62376403808594, 0.19989845156669617, 0.0, 0.0, 62.76656723022461, 5.235304878697604
5119, 312.62994384765625, -238.52365112304688, 0.20117168128490448, 0.0, 0.0, 63.251380920410156, 5.198571305504374
5120, 312.67425537109375, -238.4142303466797, 0.19989845156669617, 0.0, 0.0, 63.77886962890625, 5.159729434736217
5121, 312.7160339355469, -238.30845642089844, 0.20117168128490448, 0.0, 0.0, 64.29023742675781, 5.117115853746962
5122, 312.7563781738281, -238.20335388183594, 0.19989845156669617, 0.0, 0.0, 64.79600524902344, 5.078200088595477
5123, 312.7947082519531, -238.1009521484375, 0.20117168128490448, 0.0, 0.0, 65.28947448730469, 5.037697192339322
5124, 312.83233642578125, -237.9973602294922, 0.19989845156669617, 0.0, 0.0, 65.78434753417969, 5.010909527685772
5125, 312.870849609375, -237.88778686523438, 0.20117168128490448, 0.0, 0.0, 66.30351257324219, 4.977945275982051
5126, 312.905029296875, -237.78762817382812, 0.19989845156669617, 0.0, 0.0, 66.77496337890625, 4.945057319497597
5127, 312.9382019042969, -237.68743896484375, 0.20117168128490448, 0.0, 0.0, 67.24455261230469, 4.910392081865636
5128, 312.97088623046875, -237.58555603027344, 0.20180830359458923, 0.0, 0.0, 67.7206802368164, 4.87415811211416
5129, 313.0035095214844, -237.4807586669922, 0.20053507387638092, 0.0, 0.0, 68.20891571044922, 4.836499206945844
5130, 313.03607177734375, -237.37258911132812, 0.20180830359458923, 0.0, 0.0, 68.71157836914062, 4.7971756244882
5131, 313.0660705566406, -237.26956176757812, 0.20053507387638092, 0.0, 0.0, 69.1890869140625, 4.759764221853001
5132, 313.0950012207031, -237.16680908203125, 0.20180830359458923, 0.0, 0.0, 69.66445922851562, 4.722267654282537
5133, 313.1222839355469, -237.066650390625, 0.20053507387638092, 0.0, 0.0, 70.12681579589844, 4.68589610682548
5134, 313.14874267578125, -236.9662628173828, 0.20180830359458923, 0.0, 0.0, 70.58960723876953, 4.649327556395624
5135, 313.1737365722656, -236.86810302734375, 0.20053507387638092, 0.0, 0.0, 71.04122161865234, 4.613786634465737
5136, 313.19842529296875, -236.76779174804688, 0.20117168128490448, 0.0, 0.0, 71.50205993652344, 4.577431938203775
5137, 313.2246398925781, -236.65684509277344, 0.19989845156669617, 0.0, 0.0, 72.01025390625, 4.5374570528227185
5138, 313.247802734375, -236.5548553466797, 0.20117168128490448, 0.0, 0.0, 72.47669982910156, 4.5006142686661885
5139, 313.27099609375, -236.44859313964844, 0.19989845156669617, 0.0, 0.0, 72.96190643310547, 4.462442555508438
5140, 313.293212890625, -236.34230041503906, 0.20053507387638092, 0.0, 0.0, 73.44630432128906, 4.4242423315116755
5141, 313.3132019042969, -236.2422637939453, 0.20117168128490448, 0.0, 0.0, 73.90201568603516, 4.388293776101024
5142, 313.3316345214844, -236.146240234375, 0.19989845156669617, 0.0, 0.0, 74.33869934082031, 4.354003456841336
5143, 313.34918212890625, -236.0506591796875, 0.20117168128490448, 0.0, 0.0, 74.77320098876953, 4.319765567142733
5144, 313.36669921875, -235.95086669921875, 0.19989845156669617, 0.0, 0.0, 75.22627258300781, 4.284230143459176
5145, 313.38214111328125, -235.85855102539062, 0.20053507387638092, 0.0, 0.0, 75.64502716064453, 4.251356733232552
5146, 313.3970947265625, -235.7646026611328, 0.20180830359458923, 0.0, 0.0, 76.07130432128906, 4.217876736914809
5147, 313.4128112792969, -235.66029357910156, 0.20053507387638092, 0.0, 0.0, 76.54454040527344, 4.180964704200456
5148, 313.4271545410156, -235.5591583251953, 0.20180830359458923, 0.02500000037252903, 0.0, 77.00350952148438, 4.146286939547181
5149, 313.4403076171875, -235.46095275878906, 0.19989845156669617, 0.10000000149011612, 0.0, 77.44829559326172, 4.115979050602168
5150, 313.4520568847656, -235.36769104003906, 0.20117168128490448, 0.15000000596046448, 0.0, 77.87029266357422, 4.092770564219913
5151, 313.4632568359375, -235.2727813720703, 0.19989845156669617, 0.20000001788139343, 0.0, 78.29857635498047, 4.075682478643055
5152, 313.47320556640625, -235.18304443359375, 0.20117168128490448, 0.2500000298023224, 0.0, 78.70295715332031, 4.065437693466466
5153, 313.4825134277344, -235.09298706054688, 0.19989845156669617, 0.30000004172325134, 0.0, 79.10763549804688, 4.0614126638906525
5154, 313.49176025390625, -234.99685668945312, 0.20053507387638092, 0.3750000596046448, 0.0, 79.53853607177734, 4.064180018080832
5155, 313.50054931640625, -234.8972930908203, 0.1992618292570114, 0.42500007152557373, 0.0, 79.9830322265625, 4.075667768386208
5156, 313.5084228515625, -234.8003692626953, 0.1979885846376419, 0.4750000834465027, 0.0, 80.41346740722656, 4.094108678826039
5157, 313.51544189453125, -234.7058868408203, 0.1967153549194336, 0.5250000357627869, 0.0, 80.83036804199219, 4.118313593201356
5158, 313.5220031738281, -234.6087188720703, 0.19480548799037933, 0.5999999642372131, 0.0, 81.255859375, 4.149693578333642
5159, 313.5281677246094, -234.5083465576172, 0.1909857839345932, 0.6499999165534973, 0.0, 81.69038391113281, 4.189734109630388
5160, 313.5337829589844, -234.4081268310547, 0.18461959064006805, 0.6999998688697815, 0.0, 82.11671447753906, 4.236585992993151
5161, 313.53857421875, -234.3143310546875, 0.1782533973455429, 0.6499999165534973, 0.0, 82.50701141357422, 4.283477456999812
5162, 313.5433044433594, -234.21444702148438, 0.17188720405101776, 0.5999999642372131, 0.0, 82.9119644165039, 4.332000424360551
5163, 313.5481872558594, -234.10325622558594, 0.16233791410923004, 0.5250000357627869, 0.0, 83.34737396240234, 4.380935169769138
5164, 313.552490234375, -233.9949951171875, 0.1559717208147049, 0.4750000536441803, 0.0, 83.75579833984375, 4.421411390513055
5165, 313.55633544921875, -233.8885040283203, 0.14960552752017975, 0.42500004172325134, 0.0, 84.14306640625, 4.454287484123952
5166, 313.5599060058594, -233.780517578125, 0.14005625247955322, 0.3500000238418579, 0.0, 84.5199203491211, 4.479984877481256
5167, 313.5633239746094, -233.66661071777344, 0.13369005918502808, 0.30000001192092896, 0.0, 84.8998031616211, 4.498003227465528
5168, 313.5663146972656, -233.55560302734375, 0.12732386589050293, 0.25, 0.0, 85.2538833618164, 4.50741070964843
5169, 313.5688781738281, -233.44845581054688, 0.11777457594871521, 0.17499998211860657, 0.0, 85.57947540283203, 4.508594244619019
5170, 313.5711975097656, -233.33775329589844, 0.11586471647024155, 0.09999997913837433, 0.0, 85.90119934082031, 4.500090363489742
5171, 313.57305908203125, -233.23098754882812, 0.11459147930145264, 0.04999998211860657, 0.0, 86.20106506347656, 4.482994637427952
5172, 313.57440185546875, -233.12722778320312, 0.11331824213266373, -1.8253922817734747e-08, 0.0, 86.48513793945312, 4.458918952999041
5173, 313.5753479003906, -233.01776123046875, 0.11140838265419006, 0.0, 0.0, 86.77810668945312, 4.427156308761795
5174, 313.5758056640625, -232.9087677001953, 0.11013514548540115, 0.0, 0.0, 87.0640869140625, 4.392482307996549
5175, 313.5757751464844, -232.80477905273438, 0.10886190831661224, 0.0, 0.0, 87.33250427246094, 4.357907790692974
5176, 313.5753479003906, -232.7014923095703, 0.10695204883813858, 0.0, 0.0, 87.594970703125, 4.3228420916984724
5177, 313.5744934082031, -232.59934997558594, 0.10567881166934967, 0.0, 0.0, 87.85064697265625, 4.287758745263251
5178, 313.57330322265625, -232.50128173828125, 0.10440557450056076, 0.0, 0.0, 88.09281158447266, 4.253869421288494
5179, 313.5715637207031, -232.3944091796875, 0.10313233733177185, 0.0, 0.0, 88.3531265258789, 4.216821899873615
5180, 313.56951904296875, -232.2939453125, 0.10122247785329819, 0.0, 0.0, 88.59443664550781, 4.181953580350052
5181, 313.5670166015625, -232.1894073486328, 0.09994924068450928, 0.0, 0.0, 88.84186553955078, 4.145631841506966
5182, 313.5642395019531, -232.08953857421875, 0.09867600351572037, 0.05000000074505806, 0.0, 89.0750961303711, 4.113152634366186
5183, 313.56134033203125, -231.9951934814453, 0.0967661440372467, 0.125, 0.0, 89.29232025146484, 4.0864970553051325
5184, 313.5578308105469, -231.89356994628906, 0.0954929068684578, 0.17500001192092896, 0.0, 89.52262115478516, 4.064972418578241
5185, 313.5540771484375, -231.7946014404297, 0.09421966969966888, 0.2250000238418579, 0.0, 89.7434310913086, 4.051260525555765
5186, 313.5500183105469, -231.69503784179688, 0.09230981022119522, 0.30000004172325134, 0.0, 89.96188354492188, 4.045054287404927
5187, 313.54559326171875, -231.5953826904297, 0.09103657305240631, 0.3500000536441803, 0.0, 90.17676544189453, 4.047379498746729
5188, 313.5411071777344, -231.50015258789062, 0.0897633358836174, 0.40000006556510925, 0.0, 90.37884521484375, 4.056684420889621
5189, 313.5363464355469, -231.40542602539062, 0.0884900912642479, 0.4500000774860382, 0.0, 90.57672882080078, 4.072333888278323
5190, 313.53125, -231.30894470214844, 0.08658023923635483, 0.5250000357627869, 0.0, 90.77487182617188, 4.094942116814867
5191, 313.5255432128906, -231.20587158203125, 0.08530700206756592, 0.574999988079071, 0.0, 90.98274230957031, 4.127172021419051
5192, 313.5194396972656, -231.10157775878906, 0.08403375744819641, 0.6249999403953552, 0.0, 91.18930053710938, 4.1670769225236395
5193, 313.51312255859375, -230.99794006347656, 0.08212390542030334, 0.6999998688697815, 0.0, 91.39078521728516, 4.213537599521728
5194, 313.5065002441406, -230.89474487304688, 0.08085066080093384, 0.7499998211860657, 0.0, 91.58769226074219, 4.266856642151676
5195, 313.4996337890625, -230.79147338867188, 0.07957742363214493, 0.7999997735023499, 0.0, 91.7812728881836, 4.326304301499132
5196, 313.4923400878906, -230.68527221679688, 0.07512108981609344, 0.8749997019767761, 0.0, 91.97521209716797, 4.393573126279711
5197, 313.48455810546875, -230.57374572753906, 0.0687548965215683, 0.9249996542930603, 0.0, 92.1702880859375, 4.471060422819585
5198, 313.4767761230469, -230.46359252929688, 0.06238870322704315, 0.9749996066093445, 0.0, 92.3523941040039, 4.553310790047548
5199, 313.4695739746094, -230.36080932617188, 0.052839405834674835, 1.0, 0.0, 92.51017761230469, 4.634002014061826
5200, 313.4613342285156, -230.24122619628906, 0.04647320508956909, 1.0, 0.0, 92.67731475830078, 4.730303343100726
5201, 313.4533386230469, -230.1253662109375, 0.04010700806975365, 1.0, 0.0, 92.8233413696289, 4.824347810737921
5202, 313.4450378417969, -230.00198364257812, 0.03055770881474018, 1.0, 0.0, 92.95988464355469, 4.923982614256166
5203, 313.43695068359375, -229.88082885742188, 0.029284469783306122, 1.0, 0.0, 93.07845306396484, 5.020913927174551
5204, 313.4288330078125, -229.75987243652344, 0.028011232614517212, 0.9750000238418579, 0.0, 93.18498229980469, 5.115988440496292
5205, 313.421142578125, -229.64599609375, 0.026737993583083153, 0.9250000715255737, 0.0, 93.27708435058594, 5.202519829327261
5206, 313.41241455078125, -229.51834106445312, 0.02482813596725464, 0.8500001430511475, 0.0, 93.37216186523438, 5.293924749356905
5207, 313.4028015136719, -229.37994384765625, 0.02355489693582058, 0.8000001907348633, 0.0, 93.46709442138672, 5.384857784689883
5208, 313.39349365234375, -229.24742126464844, 0.021645039319992065, 0.725000262260437, 0.0, 93.55118560791016, 5.463265014588823
5209, 313.3841247558594, -229.115234375, 0.0197351835668087, 0.6500003337860107, 0.0, 93.62882232666016, 5.532325907557292
5210, 313.375244140625, -228.9912872314453, 0.01846194453537464, 0.6000003814697266, 0.0, 93.69660186767578, 5.588121998176378
5211, 313.3659973144531, -228.86294555664062, 0.017188705503940582, 0.5500004291534424, 0.0, 93.7618179321289, 5.637948571653078
5212, 313.3564147949219, -228.7316131591797, 0.015915466472506523, 0.5000004768371582, 0.0, 93.82412719726562, 5.680119646234954
5213, 313.3458251953125, -228.5869140625, 0.014005606062710285, 0.42500045895576477, 0.0, 93.8864517211914, 5.717073707559608
5214, 313.3356018066406, -228.4481201171875, 0.012732366099953651, 0.3750004470348358, 0.0, 93.94335174560547, 5.736922365438771
5215, 313.3251037597656, -228.30679321289062, 0.011459126137197018, 0.32500043511390686, 0.0, 93.992431640625, 5.739392666888816
5216, 313.3145446777344, -228.16473388671875, 0.010185886174440384, 0.2750004231929779, 0.0, 94.04239654541016, 5.736651911995193
5217, 313.3047180175781, -228.0338592529297, 0.008276025764644146, 0.20000040531158447, 0.0, 94.0769271850586, 5.730008325820601
5218, 313.29461669921875, -227.89846801757812, 0.0070027862675487995, 0.15000039339065552, 0.0, 94.11335754394531, 5.722094501118585
5219, 313.2834777832031, -227.7504119873047, 0.005729546770453453, 0.10000038892030716, 0.0, 94.14344024658203, 5.696458864277405
5220, 313.2727355957031, -227.60650634765625, 0.003819687757641077, 0.02500039152801037, 0.0, 94.17204284667969, 5.661798170163313
5221, 313.26287841796875, -227.47463989257812, 0.002546448027715087, -0.02499960921704769, 0.0, 94.19160461425781, 5.631191921652987
5222, 313.25335693359375, -227.3465576171875, 0.0, 0.0, 0.0, 94.20840454101562, 5.600077379274066
5223, 313.24371337890625, -227.2158966064453, 0.0, 0.0, 0.0, 94.21952056884766, 5.563424581540744
5224, 313.2339172363281, -227.08306884765625, 0.0, 0.0, 0.0, 94.23001861572266, 5.521017357944989
5225, 313.22430419921875, -226.9527130126953, 0.0, 0.02500000037252903, 0.0, 94.23542022705078, 5.478996470377442
5226, 313.2145690917969, -226.821044921875, 0.0, 0.07500000298023224, 0.0, 94.24159240722656, 5.43631763290754
5227, 313.2047424316406, -226.68821716308594, 0.0, 0.15000000596046448, 0.0, 94.24365234375, 5.393465475311024
5228, 313.19580078125, -226.5671844482422, 0.0, 0.20000001788139343, 0.0, 94.24698638916016, 5.362346554619011
5229, 313.1866455078125, -226.4440155029297, 0.0, 0.2500000298023224, 0.0, 94.24752044677734, 5.336389868298775
5230, 313.1775817871094, -226.32144165039062, 0.0, 0.30000004172325134, 0.0, 94.2496566772461, 5.314016610227408
5231, 313.1679382324219, -226.19151306152344, 0.0, 0.3500000536441803, 0.0, 94.24908447265625, 5.291000712059824
5232, 313.15802001953125, -226.05796813964844, 0.0019098592456430197, 0.42500007152557373, 0.0, 94.25205993652344, 5.268259028276707
5233, 313.14837646484375, -225.93011474609375, 0.005729577504098415, 0.4750000834465027, 0.0, 94.25508117675781, 5.257568085943925
5234, 313.13873291015625, -225.80479431152344, 0.01145915500819683, 0.550000011920929, 0.0, 94.26673126220703, 5.259307788914664
5235, 313.12933349609375, -225.68630981445312, 0.015278873965144157, 0.5000000596046448, 0.0, 94.28255462646484, 5.27489732095253
5236, 313.1195068359375, -225.5648956298828, 0.019098592922091484, 0.4500000476837158, 0.0, 94.30921173095703, 5.295963667491704
5237, 313.1097717285156, -225.4478302001953, 0.02291831001639366, 0.40000003576278687, 0.0, 94.341064453125, 5.3174721793565585
5238, 313.09930419921875, -225.326171875, 0.02864788845181465, 0.32500001788139343, 0.0, 94.38643646240234, 5.336316076753188
5239, 313.0880126953125, -225.1990203857422, 0.03246760740876198, 0.2750000059604645, 0.0, 94.44287872314453, 5.343015190470937
5240, 313.0757751464844, -225.0655059814453, 0.036287322640419006, 0.22499999403953552, 0.0, 94.51692962646484, 5.3362956906836985
5241, 313.06427001953125, -224.94436645507812, 0.0420168936252594, 0.1499999761581421, 0.0, 94.59290313720703, 5.332928712230359
5242, 313.05145263671875, -224.81411743164062, 0.04583660885691643, 0.09999997913837433, 0.0, 94.68976593017578, 5.321617362336293
5243, 313.03839111328125, -224.686279296875, 0.049656324088573456, 0.04999998211860657, 0.0, 94.79460144042969, 5.30146326561167
5244, 313.025390625, -224.56300354003906, 0.053476039320230484, -1.8253922817734747e-08, 0.0, 94.90956115722656, 5.278887855566689
5245, 313.012939453125, -224.4490509033203, 0.05729575455188751, 0.0, 0.0, 95.02360534667969, 5.257174784155341
5246, 312.99945068359375, -224.32962036132812, 0.06111546978354454, 0.0, 0.0, 95.15603637695312, 5.227700399022375
5247, 312.98529052734375, -224.20880126953125, 0.06684504449367523, 0.0, 0.0, 95.29979705810547, 5.1909158904611825
5248, 312.9706726074219, -224.08840942382812, 0.07066475600004196, 0.0, 0.0, 95.4578628540039, 5.150161403642347
5249, 312.95501708984375, -223.9642791748047, 0.07193799316883087, 0.05000000074505806, 0.0, 95.6296157836914, 5.106680039600684
5250, 312.9390869140625, -223.84136962890625, 0.07066475600004196, 0.10000000149011612, 0.0, 95.81089782714844, 5.0633098398562835
5251, 312.92364501953125, -223.72515869140625, 0.0687548965215683, 0.17500001192092896, 0.0, 95.98409271240234, 5.029074554231263
5252, 312.9070129394531, -223.6023406982422, 0.06748165935277939, 0.2250000238418579, 0.0, 96.17256927490234, 4.992727594873873
5253, 312.8918762207031, -223.49302673339844, 0.06620842218399048, 0.27500003576278687, 0.0, 96.3390884399414, 5.001557052282627
5254, 312.8755798339844, -223.3778076171875, 0.06493518501520157, 0.3250000476837158, 0.0, 96.51327514648438, 5.011762054554197
5255, 312.85888671875, -223.26187133789062, 0.06366194784641266, 0.3750000596046448, 0.0, 96.68669891357422, 5.020377659428368
5256, 312.8409423828125, -223.13951110839844, 0.061752088367938995, 0.30000004172325134, 0.0, 96.86685180664062, 5.028507883173582
5257, 312.8224182128906, -223.01510620117188, 0.060478851199150085, 0.2500000298023224, 0.0, 97.04671478271484, 5.031649706618533
5258, 312.80419921875, -222.89483642578125, 0.059205614030361176, 0.20000001788139343, 0.0, 97.2177734375, 5.029085955864319
5259, 312.7857666015625, -222.77505493164062, 0.05729575455188751, 0.125, 0.0, 97.38323211669922, 5.014382577875496
5260, 312.768310546875, -222.66317749023438, 0.05538589879870415, 0.05000000447034836, 0.0, 97.53642272949219, 4.992040099944607
5261, 312.7513122558594, -222.5553436279297, 0.05411265790462494, 4.0978194171259474e-09, 0.0, 97.68073272705078, 4.971343920683973
5262, 312.7333984375, -222.4432830810547, 0.05283942073583603, 0.0, 0.0, 97.82738494873047, 4.942027251654618
5263, 312.7137145996094, -222.321533203125, 0.0490197017788887, 0.0, 0.0, 97.9814682006836, 4.905433124662859
5264, 312.6955871582031, -222.20960998535156, 0.039470404386520386, 0.0, 0.0, 98.11427307128906, 4.869383223378466
5265, 312.6763000488281, -222.0902557373047, 0.03310420364141464, 0.0, 0.0, 98.24292755126953, 4.82942289096953
5266, 312.65692138671875, -221.96987915039062, 0.026738004758954048, 0.0, 0.0, 98.35779571533203, 4.788195094593561
5267, 312.6393127441406, -221.86000061035156, 0.022281667217612267, 0.0, 0.0, 98.44986724853516, 4.750086059605389
5268, 312.6228942871094, -221.7572021484375, 0.021008428186178207, 0.0, 0.0, 98.52637481689453, 4.71419749715272
5269, 312.6059265136719, -221.65133666992188, 0.019735191017389297, 0.0, 0.0, 98.59700012207031, 4.677085483012902
5270, 312.5879211425781, -221.53907775878906, 0.01846195198595524, 0.0, 0.0, 98.66439819335938, 4.637631672620278
5271, 312.5701904296875, -221.4287872314453, 0.01718871295452118, 0.0, 0.0, 98.72430419921875, 4.598814039392719
5272, 312.55206298828125, -221.31646728515625, 0.01527885440737009, 0.0, 0.0, 98.77935028076172, 4.559243182642027
5273, 312.534912109375, -221.21026611328125, 0.014005614444613457, 0.0, 0.0, 98.82638549804688, 4.521819130882941
5274, 312.5175476074219, -221.1031036376953, 0.012732373550534248, 0.0, 0.0, 98.86943817138672, 4.484022185809192
5275, 312.50164794921875, -221.00491333007812, 0.011459133587777615, 0.0, 0.0, 98.90525817871094, 4.4493881017987045
5276, 312.4843444824219, -220.89840698242188, 0.009549273177981377, 0.0, 0.0, 98.93983459472656, 4.4118114315640105
5277, 312.46832275390625, -220.7994842529297, 0.008276033215224743, 0.0, 0.0, 98.96829223632812, 4.376893751662619
5278, 312.45220947265625, -220.6998748779297, 0.0044563147239387035, 0.0, 0.0, 98.9921875, 4.341728468874196
5279, 312.43634033203125, -220.60069274902344, -0.0019098592456430197, 0.0, 0.0, 99.0086441040039, 4.3066843016314635
5280, 312.4198913574219, -220.49639892578125, -0.007639436982572079, 0.0, 0.0, 99.01573181152344, 4.269771201566969
5281, 312.4045104980469, -220.39755249023438, -0.01145915500819683, 0.0, 0.0, 99.01260375976562, 4.234783386965717
5282, 312.3895263671875, -220.29945373535156, -0.01718873344361782, 0.0, 0.0, 98.99910736083984, 4.2000066601597865
5283, 312.3759765625, -220.20953369140625, -0.01846197247505188, 0.0, 0.0, 98.97875213623047, 4.168169149657689
5284, 312.3617248535156, -220.1143341064453, -0.01718873530626297, 0.0, 0.0, 98.95153045654297, 4.13452869048316
5285, 312.3484802246094, -220.0255584716797, -0.01591549627482891, 0.05000000074505806, 0.0, 98.9231948852539, 4.105023246118043
5286, 312.33489990234375, -219.9344940185547, -0.014642256312072277, 0.10000000149011612, 0.0, 98.89297485351562, 4.078257862051159
5287, 312.3211364746094, -219.84193420410156, -0.013369015417993069, 0.15000000596046448, 0.0, 98.86227416992188, 4.0561846066278875
5288, 312.3078918457031, -219.75308227539062, -0.012095775455236435, 0.20000001788139343, 0.0, 98.83365631103516, 4.040568119890175
5289, 312.2946472167969, -219.66429138183594, -0.010822535492479801, 0.2500000298023224, 0.0, 98.80658721923828, 4.030870323668122
5290, 312.28179931640625, -219.57806396484375, -0.009549295529723167, 0.30000004172325134, 0.0, 98.78218078613281, 4.027317463810296
5291, 312.2684631347656, -219.48895263671875, -0.0076394351199269295, 0.3750000596046448, 0.0, 98.75942993164062, 4.030174836473523
5292, 312.2547912597656, -219.39776611328125, -0.00636619608849287, 0.42500007152557373, 0.0, 98.73902893066406, 4.0407214200484605
5293, 312.2414245605469, -219.3089599609375, -0.005092956591397524, 0.4750000834465027, 0.0, 98.72187042236328, 4.057577237274204
5294, 312.22802734375, -219.22030639648438, -0.0038197170943021774, 0.5250000357627869, 0.0, 98.7075424194336, 4.080381389042164
5295, 312.21453857421875, -219.13095092773438, -0.0025464773643761873, 0.574999988079071, 0.0, 98.69578552246094, 4.109092793485364
5296, 312.20025634765625, -219.03704833984375, 0.0, 0.5250000357627869, 0.0, 98.68700408935547, 4.142381235393833
5297, 312.1862487792969, -218.94520568847656, 0.0, 0.4750000536441803, 0.0, 98.68131256103516, 4.173682214229492
5298, 312.17218017578125, -218.85304260253906, 0.0, 0.42500004172325134, 0.0, 98.6775131225586, 4.201494706168393
5299, 312.1581115722656, -218.76083374023438, 0.0, 0.3750000298023224, 0.0, 98.67500305175781, 4.224473301384006
5300, 312.1437072753906, -218.66644287109375, 0.0, 0.30000001192092896, 0.0, 98.67332458496094, 4.241563680877036
5301, 312.1282653808594, -218.5652618408203, 0.0, 0.25, 0.0, 98.67221069335938, 4.251885470015326
5302, 312.1126403808594, -218.46267700195312, 0.0, 0.19999998807907104, 0.0, 98.67147064208984, 4.254505555037918
5303, 312.0969543457031, -218.36001586914062, 0.0, 0.1499999761581421, 0.0, 98.6709976196289, 4.249659603704416
5304, 312.0807189941406, -218.2534942626953, 0.0, 0.07499998062849045, 0.0, 98.67059326171875, 4.2361920963397175
5305, 312.0669860839844, -218.1634063720703, 0.0, 0.024999981746077538, 0.0, 98.67025756835938, 4.217891327233801
5306, 312.052734375, -218.06991577148438, 0.0, 0.0, 0.0, 98.66989135742188, 4.192765681246647
5307, 312.03875732421875, -217.9783172607422, 0.0, 0.02500000037252903, 0.0, 98.66951751708984, 4.165673241523434
5308, 312.02508544921875, -217.8885040283203, 0.0, 0.10000000149011612, 0.0, 98.66911315917969, 4.139797922665215
5309, 312.0109558105469, -217.79617309570312, 0.0, 0.15000000596046448, 0.0, 98.66871643066406, 4.117704113521613
5310, 311.9969177246094, -217.70388793945312, 0.0, 0.20000001788139343, 0.0, 98.66837310791016, 4.10128144062864
5311, 311.9834899902344, -217.61585998535156, 0.0, 0.2500000298023224, 0.0, 98.66806030273438, 4.091313558504043
5312, 311.9700622558594, -217.5279998779297, 0.0, 0.3250000476837158, 0.0, 98.66783142089844, 4.087543808447129
5313, 311.9557800292969, -217.43429565429688, 0.0, 0.3750000596046448, 0.0, 98.66767883300781, 4.091427009625128
5314, 311.94244384765625, -217.34689331054688, 0.0, 0.42500007152557373, 0.0, 98.66761016845703, 4.101588382413112
5315, 311.9284973144531, -217.25537109375, 0.0, 0.4750000834465027, 0.0, 98.66767883300781, 4.11853040676183
5316, 311.9148864746094, -217.16612243652344, 0.0, 0.5250000357627869, 0.0, 98.66783142089844, 4.140903061330087
5317, 311.8999328613281, -217.06793212890625, 0.0, 0.574999988079071, 0.0, 98.66812896728516, 4.171925693645559
5318, 311.88543701171875, -216.97280883789062, 0.0, 0.6249999403953552, 0.0, 98.66849517822266, 4.2079169813184025
5319, 311.8713684082031, -216.8804473876953, 0.0, 0.6749998927116394, 0.0, 98.66895294189453, 4.2481432055557855
5320, 311.8571472167969, -216.78713989257812, 0.0, 0.7249998450279236, 0.0, 98.66949462890625, 4.293887016261554
5321, 311.84283447265625, -216.6932830810547, 0.0, 0.7749997973442078, 0.0, 98.6701889038086, 4.344891370660469
5322, 311.8274841308594, -216.5923614501953, 0.0, 0.849999725818634, 0.0, 98.67100524902344, 4.405326647364475
5323, 311.8119201660156, -216.48976135253906, -0.0038197184912860394, 0.8999996781349182, 0.0, 98.67000579833984, 4.4730470554736135
5324, 311.79583740234375, -216.38299560546875, -0.007639436982572079, 0.9499996304512024, 0.0, 98.66477966308594, 4.549246933184337
5325, 311.7798156738281, -216.27520751953125, -0.01145915500819683, 0.9999995827674866, 0.0, 98.65373992919922, 4.631313359264381
5326, 311.7629699707031, -216.16009521484375, -0.01718873344361782, 0.9249996542930603, 0.0, 98.63349914550781, 4.720727520233894
5327, 311.7469482421875, -216.04847717285156, -0.02291831001639366, 0.849999725818634, 0.0, 98.6041488647461, 4.804191427646382
5328, 311.7314758300781, -215.93849182128906, -0.026738028973340988, 0.7999997735023499, 0.0, 98.56568908691406, 4.8811799370130124
5329, 311.71624755859375, -215.82830810546875, -0.030557747930288315, 0.7499998211860657, 0.0, 98.51780700683594, 4.952357562374409
5330, 311.7012634277344, -215.717529296875, -0.03437746688723564, 0.6999998688697815, 0.0, 98.46049499511719, 5.017549194012741
5331, 311.68603515625, -215.60292053222656, -0.03819718211889267, 0.6499999165534973, 0.0, 98.39128875732422, 5.078711667090501
5332, 311.67095947265625, -215.48727416992188, -0.03692394122481346, 0.5999999642372131, 0.0, 98.3140869140625, 5.133340615017022
5333, 311.655029296875, -215.3636932373047, -0.035014085471630096, 0.5250000357627869, 0.0, 98.22706604003906, 5.183263799849609
5334, 311.63885498046875, -215.2371063232422, -0.03374084457755089, 0.4750000536441803, 0.0, 98.13584899902344, 5.225306807708964
5335, 311.62298583984375, -215.11203002929688, -0.03246760740876198, 0.42500004172325134, 0.0, 98.04451751708984, 5.2553542482676505
5336, 311.6080017089844, -214.9930419921875, -0.031194370239973068, 0.3750000298023224, 0.0, 97.9589614868164, 5.273127537912708
5337, 311.59228515625, -214.86773681640625, -0.02992113120853901, 0.32500001788139343, 0.0, 97.86780548095703, 5.264749358930942
5338, 311.5777282714844, -214.75067138671875, -0.02992113120853901, 0.32500001788139343, 0.0, 97.78559112548828, 5.2637051075464525
5339, 311.5630187988281, -214.6319122314453, -0.02864789217710495, 0.2750000059604645, 0.0, 97.7042465209961, 5.246873797837161
5340, 311.54833984375, -214.51248168945312, -0.025464797392487526, 0.40000003576278687, 0.0, 97.62494659423828, 5.249434259604664
5341, 311.5348815917969, -214.40284729003906, -0.024191558361053467, 0.4500000476837158, 0.0, 97.5547866821289, 5.2454304011849215
5342, 311.5207824707031, -214.28692626953125, -0.022918321192264557, 0.5000000596046448, 0.0, 97.48357391357422, 5.26315730696336
5343, 311.5065612792969, -214.17002868652344, -0.021008463576436043, 0.574999988079071, 0.0, 97.41523742675781, 5.266158281506946
5344, 311.49267578125, -214.0550079345703, -0.019735224545001984, 0.6249999403953552, 0.0, 97.35154724121094, 5.292738157049712
5345, 311.4777526855469, -213.9309539794922, -0.018461985513567924, 0.6249999403953552, 0.0, 97.28688049316406, 5.306446310045502
5346, 311.46331787109375, -213.810546875, -0.017188748344779015, 0.574999988079071, 0.0, 97.22783660888672, 5.33960951756539
5347, 311.4494934082031, -213.6947021484375, -0.015915509313344955, 0.5250000357627869, 0.0, 97.17456817626953, 5.364480898020568
5348, 311.4354553222656, -213.57659912109375, -0.014642269350588322, 0.4750000536441803, 0.0, 97.12397766113281, 5.407920104771941
5349, 311.42138671875, -213.45809936523438, -0.012732408940792084, 0.40000003576278687, 0.0, 97.07701110839844, 5.432450778276573
5350, 311.40765380859375, -213.3422393798828, -0.01145916897803545, 0.3500000238418579, 0.0, 97.03480529785156, 5.464563037646316
5351, 311.392822265625, -213.2171630859375, -0.010185928083956242, 0.30000001192092896, 0.0, 96.99311065673828, 5.475693459926718
5352, 311.3787841796875, -213.09866333007812, -0.008912688121199608, 0.25, 0.0, 96.95711517333984, 5.4906972004877685
5353, 311.3637390136719, -212.97146606445312, -0.007639448624104261, 0.19999998807907104, 0.0, 96.92219543457031, 5.484404476670887
5354, 311.3502502441406, -212.85728454589844, -0.006366209127008915, 0.1499999761581421, 0.0, 96.89398956298828, 5.48917415125098
5355, 311.3350524902344, -212.72874450683594, -0.005092970095574856, 0.09999997913837433, 0.0, 96.86598205566406, 5.472289271576386
5356, 311.3212890625, -212.6126251220703, -0.0038197303656488657, 0.04999998211860657, 0.0, 96.84379577636719, 5.464004473249237
5357, 311.30694580078125, -212.49159240722656, -0.0025464906357228756, -1.8253922817734747e-08, 0.0, 96.8240966796875, 5.436544743370604
5358, 311.2932434082031, -212.37620544433594, -0.0012732511386275291, 0.0, 0.0, 96.80845642089844, 5.416813005257932
5359, 311.2779541015625, -212.24771118164062, 0.0, 0.0, 0.0, 96.79476165771484, 5.370493804277991
5360, 311.2639465332031, -212.1300506591797, 0.0, 0.0, 0.0, 96.78497314453125, 5.342370011293603
5361, 311.24993896484375, -212.01278686523438, 0.0, 0.0, 0.0, 96.7772445678711, 5.297475589284591
5362, 311.2357177734375, -211.89344787597656, 0.0, 0.0, 0.0, 96.77103424072266, 5.265505370869298
5363, 311.221923828125, -211.77757263183594, 0.0, 0.0, 0.0, 96.76615905761719, 5.216514515738432
5364, 311.20849609375, -211.66485595703125, 0.0, 0.0, 0.0, 96.76225280761719, 5.186299674348744
5365, 311.1949462890625, -211.5507354736328, 0.0, 0.0, 0.0, 96.759033203125, 5.137737738070964
5366, 311.18157958984375, -211.43826293945312, 0.0, 0.0, 0.0, 96.75638580322266, 5.1059130687802
5367, 311.1686706542969, -211.3294677734375, 0.0, 0.0, 0.0, 96.7541732788086, 5.058723952724089
5368, 311.15533447265625, -211.21730041503906, 0.0, 0.0, 0.0, 96.75221252441406, 5.026127733370551
5369, 311.1421203613281, -211.10557556152344, 0.0, 0.0, 0.0, 96.75050354003906, 4.9829919600310895
5370, 311.1292419433594, -210.99679565429688, 0.0, 0.0, 0.0, 96.74905395507812, 4.954643589881904
5371, 311.1161193847656, -210.88624572753906, 0.0, 0.0, 0.0, 96.74781799316406, 4.921745329846399
5372, 311.1034240722656, -210.77882385253906, 0.0, 0.0, 0.0, 96.74677276611328, 4.887438659928199
5373, 311.0903015136719, -210.668212890625, 0.0, 0.0, 0.0, 96.74578094482422, 4.85069482260951
5374, 311.0782775878906, -210.56663513183594, 0.0, 0.0, 0.0, 96.74495697021484, 4.816186449291261
5375, 311.0654296875, -210.45811462402344, 0.0, 0.0, 0.0, 96.7441177368164, 4.77884598435482
5376, 311.0533447265625, -210.35598754882812, 0.0, 0.0, 0.0, 96.74334716796875, 4.743429851368621
5377, 311.0406188964844, -210.24859619140625, 0.0, 0.0, 0.0, 96.74256134033203, 4.706012338962589
5378, 311.02880859375, -210.14871215820312, 0.0, 0.0, 0.0, 96.74183654785156, 4.671119770610816
5379, 311.0164489746094, -210.04415893554688, 0.0, 0.0, 0.0, 96.7410888671875, 4.63453761503876
5380, 311.00341796875, -209.93414306640625, 0.0, 0.0, 0.0, 96.7403564453125, 4.5959983685626495
5381, 310.9905700683594, -209.8255615234375, 0.0, 0.0, 0.0, 96.73960876464844, 4.557944939871825
5382, 310.9784851074219, -209.7234344482422, 0.0, 0.0, 0.0, 96.73892211914062, 4.522129238638258
5383, 310.9660949707031, -209.61866760253906, 0.0, 0.0, 0.0, 96.73822021484375, 4.485381063120737
5384, 310.9538879394531, -209.51527404785156, 0.0, 0.0, 0.0, 96.73753356933594, 4.449096981684616
5385, 310.94158935546875, -209.41131591796875, 0.0, 0.0, 0.0, 96.73684692382812, 4.4126103890281545
5386, 310.9295959472656, -209.31002807617188, 0.0, 0.0, 0.0, 96.7362060546875, 4.377049365979714
5387, 310.91778564453125, -209.21006774902344, 0.0, 0.0, 0.0, 96.73554992675781, 4.341951401954497
5388, 310.90625, -209.1126251220703, 0.0, 0.0, 0.0, 96.73490905761719, 4.307733839603151
5389, 310.8953552246094, -209.02011108398438, 0.0, 0.0, 0.0, 96.7343521118164, 4.275249128030254
5390, 310.8845520019531, -208.9285888671875, 0.0, 0.0, 0.0, 96.73377990722656, 4.243100645695658
5391, 310.87310791015625, -208.83206176757812, 0.0, 0.0, 0.0, 96.73320007324219, 4.209177805641504
5392, 310.8626708984375, -208.7436065673828, 0.0, 0.0, 0.0, 96.73263549804688, 4.178098049912239
5393, 310.85205078125, -208.6537322998047, 0.0, 0.0, 0.0, 96.73207092285156, 4.146512715357587
5394, 310.84075927734375, -208.5580596923828, -0.0019098592456430197, 0.0, 0.0, 96.73053741455078, 4.112888518949755
5395, 310.8302001953125, -208.4672393798828, -0.005729577504098415, 0.0, 0.0, 96.72636413574219, 4.08095810910208
5396, 310.81982421875, -208.3772430419922, -0.009549296461045742, 0.0, 0.0, 96.71783447265625, 4.049288345642351
5397, 310.81005859375, -208.29119873046875, -0.013369014486670494, 0.0, 0.0, 96.70455932617188, 4.018988181491247
5398, 310.8001403808594, -208.2018280029297, -0.019098592922091484, 0.0, 0.0, 96.6835708618164, 3.9874843940063815
5399, 310.79095458984375, -208.11676025390625, -0.02291831001639366, 0.0, 0.0, 96.65625762939453, 3.957594687693551
5400, 310.7809753417969, -208.0223846435547, -0.026738028973340988, 0.0, 0.0, 96.61707305908203, 3.9245226618713924
5401, 310.7718811035156, -207.93370056152344, -0.030557747930288315, 0.0, 0.0, 96.5721435546875, 3.893508181341594
5402, 310.7636413574219, -207.8515625, -0.03437746688723564, 0.0, 0.0, 96.52336120605469, 3.8647870587720203
5403, 310.75543212890625, -207.7668914794922, -0.03819718211889267, 0.0, 0.0, 96.46559143066406, 3.8351801988819543
5404, 310.74755859375, -207.6836700439453, -0.03819718211889267, 0.0, 0.0, 96.40133666992188, 3.8060700510885894
5405, 310.7399597167969, -207.6004638671875, -0.04583660885691643, 0.0, 0.0, 96.32965850830078, 3.7769712577037824
5406, 310.7328186035156, -207.51934814453125, -0.04583660885691643, 0.0, 0.0, 96.25251007080078, 3.7769712577037824
5407, 310.7255859375, -207.434326171875, -0.05029294267296791, 0.0, 0.0, 96.16525268554688, 3.718941084123748
5408, 310.7188415527344, -207.35308837890625, -0.049019705504179, 0.0, 0.0, 96.078125, 3.690713758873053
5409, 310.7124328613281, -207.27468872070312, -0.04774646833539009, 0.0, 0.0, 95.99240112304688, 3.663528600850082
5410, 310.7059631347656, -207.19435119628906, -0.04647323116660118, 0.0, 0.0, 95.90412139892578, 3.635703181596308
5411, 310.6995544433594, -207.11434936523438, -0.04519999027252197, 0.0, 0.0, 95.81673431396484, 3.6080124899888504
5412, 310.6930847167969, -207.03211975097656, -0.04392675310373306, 0.0, 0.0, 95.72802734375, 3.5795620158764714
5413, 310.68707275390625, -206.95494079589844, -0.0420168936252594, 0.0, 0.0, 95.64647674560547, 3.5528807099291937
5414, 310.68096923828125, -206.87599182128906, -0.04074365645647049, 0.0, 0.0, 95.56514739990234, 3.5255813630247648
5415, 310.6749267578125, -206.79736328125, -0.03947041928768158, 0.05000000074505806, 0.0, 95.4863052368164, 3.497930317193983
5416, 310.6692199707031, -206.72218322753906, -0.03819718211889267, 0.10000000149011612, 0.0, 95.41304779052734, 3.4760564626772115
5417, 310.66351318359375, -206.6464385986328, -0.03692394122481346, 0.15000000596046448, 0.0, 95.34158325195312, 3.4593893164251375
5418, 310.6578369140625, -206.57017517089844, -0.03565070405602455, 0.20000001788139343, 0.0, 95.27201080322266, 3.4484863783251076
5419, 310.6520080566406, -206.4917755126953, -0.03374084457755089, 0.27500003576278687, 0.0, 95.20337677001953, 3.443999072595055
5420, 310.646484375, -206.41708374023438, -0.03246760740876198, 0.3250000476837158, 0.0, 95.14069366455078, 3.4468865411856853
5421, 310.6409912109375, -206.341796875, -0.031194370239973068, 0.3750000596046448, 0.0, 95.08013153076172, 3.4561391789036477
5422, 310.6353759765625, -206.2646026611328, -0.02992113120853901, 0.42500007152557373, 0.0, 95.02067565917969, 3.4717326423543247
5423, 310.6294860839844, -206.1835174560547, -0.02864789217710495, 0.4750000834465027, 0.0, 94.9610366821289, 3.4943497340640164
5424, 310.6237487792969, -206.1028594970703, -0.03246761113405228, 0.5250000357627869, 0.0, 94.9020767211914, 3.5226349389353286
5425, 310.6183776855469, -206.02505493164062, -0.036287326365709305, 0.574999988079071, 0.0, 94.84310150146484, 3.555096324934025
5426, 310.61322021484375, -205.94692993164062, -0.04010704159736633, 0.6249999403953552, 0.0, 94.78034210205078, 3.5926298391335707
5427, 310.6082458496094, -205.86785888671875, -0.04392675682902336, 0.6749998927116394, 0.0, 94.71218872070312, 3.6355086960204868
5428, 310.6033935546875, -205.78741455078125, -0.049656327813863754, 0.6999998688697815, 0.0, 94.63673400878906, 3.683285559713616
5429, 310.5987548828125, -205.70480346679688, -0.05347604304552078, 0.6499999165534973, 0.0, 94.5523910522461, 3.7335886548727335
5430, 310.5944519042969, -205.62335205078125, -0.05729575827717781, 0.5999999642372131, 0.0, 94.46255493164062, 3.7807983976869606
5431, 310.59027099609375, -205.5389862060547, -0.06111547350883484, 0.550000011920929, 0.0, 94.36251068115234, 3.825356167823541
5432, 310.58624267578125, -205.45144653320312, -0.06493519246578217, 0.5000000596046448, 0.0, 94.25119018554688, 3.86597325522615
5433, 310.58270263671875, -205.36672973632812, -0.06875491142272949, 0.4500000476837158, 0.0, 94.13633728027344, 3.899441558936373
5434, 310.57928466796875, -205.27780151367188, -0.07257462292909622, 0.40000003576278687, 0.0, 94.00814819335938, 3.9282216890111465
5435, 310.576171875, -205.187744140625, -0.07639433443546295, 0.3500000238418579, 0.0, 93.87045288085938, 3.950743321275838
5436, 310.57366943359375, -205.1034393310547, -0.08212391287088394, 0.2750000059604645, 0.0, 93.73368072509766, 3.965097781097806
5437, 310.5713806152344, -205.01319885253906, -0.08594362437725067, 0.2750000059604645, 0.0, 93.57855224609375, 3.9744055698946554
5438, 310.5695495605469, -204.9263458251953, -0.089763343334198, 0.32500001788139343, 0.0, 93.42112731933594, 3.981562179204467
5439, 310.5680847167969, -204.83924865722656, -0.08849009871482849, 0.3750000298023224, 0.0, 93.25758361816406, 3.990993966805921
5440, 310.56683349609375, -204.74996948242188, -0.08658024668693542, 0.4500000476837158, 0.0, 93.08710479736328, 4.005146937825129
5441, 310.5658264160156, -204.66273498535156, -0.08530700951814651, 0.5000000596046448, 0.0, 92.91954040527344, 4.0248956421364355
5442, 310.56494140625, -204.56884765625, -0.08403376489877701, 0.550000011920929, 0.0, 92.73971557617188, 4.05246617258598
5443, 310.5643005371094, -204.47308349609375, -0.0827605277299881, 0.5999999642372131, 0.0, 92.55757904052734, 4.086858159981136
5444, 310.56390380859375, -204.38674926757812, -0.08148729056119919, 0.6499999165534973, 0.0, 92.39508819580078, 4.122877264521646
5445, 310.563720703125, -204.29550170898438, -0.08021405339241028, 0.6999998688697815, 0.0, 92.22542572021484, 4.166040966362063
5446, 310.5636901855469, -204.20277404785156, -0.07894081622362137, 0.7499998211860657, 0.0, 92.05542755126953, 4.215061413293184
5447, 310.56396484375, -204.10546875, -0.08021405339241028, 0.7999997735023499, 0.0, 91.87873077392578, 4.271639527217313
5448, 310.56451416015625, -204.010986328125, -0.08403376489877701, 0.849999725818634, 0.0, 91.70649719238281, 4.33114722705684
5449, 310.56549072265625, -203.91468811035156, -0.08785348385572433, 0.8999996781349182, 0.0, 91.52823638916016, 4.396255213541433
5450, 310.56689453125, -203.81466674804688, -0.08849009871482849, 0.9749996066093445, 0.0, 91.3402099609375, 4.468856056480067
5451, 310.56866455078125, -203.71368408203125, -0.08721686154603958, 1.0249996185302734, 0.0, 91.1490478515625, 4.547236564262908
5452, 310.5707092285156, -203.61495971679688, -0.08594362437725067, 1.0, 0.0, 90.96221923828125, 4.626752279897434
5453, 310.5731201171875, -203.5116729736328, -0.08467038720846176, 1.0, 0.0, 90.76781463623047, 4.711120917504554
5454, 310.5758972167969, -203.40475463867188, -0.08339715003967285, 1.0, 0.0, 90.56826782226562, 4.798608293573932
5455, 310.5789794921875, -203.29708862304688, -0.08212391287088394, 1.0, 0.0, 90.36930084228516, 4.886274779921897
5456, 310.5823059082031, -203.18955993652344, -0.08085066825151443, 1.0, 0.0, 90.17305755615234, 4.972913753410698
5457, 310.58612060546875, -203.07818603515625, -0.07957743108272552, 1.0, 0.0, 89.9723892211914, 5.06163019263814
5458, 310.5903015136719, -202.96351623535156, -0.07830419391393661, 1.0, 0.0, 89.76881408691406, 5.151565947203143
5459, 310.5950012207031, -202.84320068359375, -0.07639433443546295, 1.0, 0.0, 89.55887603759766, 5.244418593631984
5460, 310.5999755859375, -202.7244873046875, -0.07512109726667404, 1.0, 0.0, 89.35527038574219, 5.334590659054878
5461, 310.60504150390625, -202.61036682128906, -0.07384786009788513, 1.0, 0.0, 89.16277313232422, 5.419871073066595
5462, 310.6111145019531, -202.4834747314453, -0.07766757905483246, 1.0, 0.0, 88.9498062133789, 5.512843368905676
5463, 310.617431640625, -202.36178588867188, -0.08148729056119919, 0.9750000238418579, 0.0, 88.74385833740234, 5.5999853320428015
5464, 310.6243591308594, -202.2390899658203, -0.08530700951814651, 0.9250000715255737, 0.0, 88.53239440917969, 5.684800719204397
5465, 310.63201904296875, -202.11434936523438, -0.08912672102451324, 0.8750001192092896, 0.0, 88.31201171875, 5.766650053545125
5466, 310.64111328125, -201.97776794433594, -0.09294643253087997, 0.8250001668930054, 0.0, 88.06317138671875, 5.850374748370831
5467, 310.6502380371094, -201.8514404296875, -0.0967661514878273, 0.7750002145767212, 0.0, 87.82553100585938, 5.92180542837242
5468, 310.6603698730469, -201.7212677001953, -0.10058586299419403, 0.725000262260437, 0.0, 87.57232666015625, 5.989108385092994
5469, 310.6716613769531, -201.5868377685547, -0.10631544142961502, 0.6500003337860107, 0.0, 87.30057525634766, 6.051105748977811
5470, 310.6837158203125, -201.4529266357422, -0.11013515293598175, 0.5750004053115845, 0.0, 87.01902770996094, 6.104544395910734
5471, 310.6971740722656, -201.3142852783203, -0.11586472392082214, 0.5250004529953003, 0.0, 86.71516418457031, 6.150573166799345
5472, 310.7118225097656, -201.17364501953125, -0.11968444287776947, 0.4750004708766937, 0.0, 86.39393615722656, 6.18850092196116
5473, 310.7267761230469, -201.0387725830078, -0.1235041543841362, 0.42500045895576477, 0.0, 86.07389831542969, 6.21688837639573
5474, 310.7425537109375, -200.90524291992188, -0.12732386589050293, 0.3750004470348358, 0.0, 85.74567413330078, 6.237552354061091
5475, 310.7603454589844, -200.7635040283203, -0.13114359974861145, 0.32500043511390686, 0.0, 85.38458251953125, 6.251602111680936
5476, 310.7779541015625, -200.63128662109375, -0.13496330380439758, 0.2750004231929779, 0.0, 85.03627014160156, 6.2574373821854605
5477, 310.7970886230469, -200.4953155517578, -0.1387830227613449, 0.22500041127204895, 0.0, 84.66625213623047, 6.256239597981904
5478, 310.81842041015625, -200.35220336914062, -0.14260274171829224, 0.17500039935112, 0.0, 84.26367950439453, 6.24727755706686
5479, 310.839111328125, -200.220703125, -0.14833231270313263, 0.10000038892030716, 0.0, 83.8812026977539, 6.231463204446214
5480, 310.86163330078125, -200.08502197265625, -0.15215203166007996, 0.0500003919005394, 0.0, 83.47329711914062, 6.207522189113585
5481, 310.8858642578125, -199.94667053222656, -0.1559717357158661, 3.915280046840053e-07, 0.0, 83.04316711425781, 6.1749913365200575
5482, 310.9101867675781, -199.8146514892578, -0.15979145467281342, 0.0, 0.0, 82.61972045898438, 6.138051998618475
5483, 310.9356994628906, -199.68284606933594, -0.16361117362976074, 0.0, 0.0, 82.18399047851562, 6.095874712820773
5484, 310.9641418457031, -199.54306030273438, -0.16743089258670807, 0.0, 0.0, 81.7073974609375, 6.051066570755959
5485, 310.9912109375, -199.4157257080078, -0.1712505966424942, 0.0, 0.0, 81.25929260253906, 6.00268542297238
5486, 311.0190734863281, -199.2903594970703, -0.17507031559944153, 0.0, 0.0, 80.80592346191406, 5.960835387402021
5487, 311.0497741699219, -199.1582794189453, -0.17889003455638885, 0.0, 0.0, 80.31404113769531, 5.908674927203901
5488, 311.0791015625, -199.03741455078125, -0.182709738612175, 0.0, 0.0, 79.85176086425781, 5.868269025518608
5489, 311.111328125, -198.91018676757812, -0.18652945756912231, 0.0, 0.0, 79.35250854492188, 5.816878987118432
5490, 311.1448059082031, -198.7835693359375, -0.19034917652606964, 0.0, 0.0, 78.84204864501953, 5.7736240207518685
5491, 311.1770935058594, -198.666015625, -0.19416889548301697, 0.0, 0.0, 78.35665130615234, 5.724552731759181
5492, 311.2117919921875, -198.54493713378906, -0.19989846646785736, 0.0, 0.0, 77.84343719482422, 5.682941483466008
5493, 311.2475891113281, -198.42459106445312, -0.20053508877754211, 0.0, 0.0, 77.32144165039062, 5.6312934511477115
5494, 311.2835998535156, -198.30799865722656, -0.20180831849575043, 0.0, 0.0, 76.8050308227539, 5.591973868033134
5495, 311.3221740722656, -198.18743896484375, -0.20053508877754211, 0.0, 0.0, 76.26274871826172, 5.539331818641609
5496, 311.3611755371094, -198.06948852539062, -0.20180831849575043, 0.0, 0.0, 75.72377014160156, 5.499432184150155
5497, 311.4001159667969, -197.95535278320312, -0.20053508877754211, 0.0, 0.0, 75.197021484375, 5.448669145705734
5498, 311.4401550292969, -197.8415985107422, -0.20180831849575043, 0.0, 0.0, 74.66622161865234, 5.410972256055867
5499, 311.4798583984375, -197.73194885253906, -0.20053508877754211, 0.0, 0.0, 74.15103149414062, 5.362252632289849
5500, 311.522216796875, -197.6184539794922, -0.20180831849575043, 0.0, 0.0, 73.6127700805664, 5.324062038355702
5501, 311.5624084472656, -197.5135955810547, -0.20053508877754211, 0.0, 0.0, 73.11261749267578, 5.276402981723256
5502, 311.6048889160156, -197.40599060058594, -0.20180831849575043, 0.0, 0.0, 72.595458984375, 5.2410391766296085
5503, 311.6498107910156, -197.29507446289062, -0.19989846646785736, 0.0, 0.0, 72.05985260009766, 5.187329480657963
5504, 311.692138671875, -197.19322204589844, -0.20117169618606567, 0.0, 0.0, 71.56420135498047, 5.154667134710835
5505, 311.735595703125, -197.09120178222656, -0.19989846646785736, 0.0, 0.0, 71.0666275024414, 5.107642691683574
5506, 311.7815246582031, -196.9861602783203, -0.20117169618606567, 0.0, 0.0, 70.5504379272461, 5.071800939650473
5507, 311.82867431640625, -196.88087463378906, -0.19989846646785736, 0.0, 0.0, 70.03063201904297, 5.016754244231857
5508, 311.8742980957031, -196.7816619873047, -0.20117169618606567, 0.0, 0.0, 69.53939819335938, 4.992237626717066
5509, 311.9202575683594, -196.6842498779297, -0.19989846646785736, 0.0, 0.0, 69.05717468261719, 4.961305069214775
5510, 311.9674987792969, -196.58648681640625, -0.20117169618606567, 0.0, 0.0, 68.57233428955078, 4.927167404071795
5511, 312.0174560546875, -196.4855194091797, -0.19989846646785736, 0.0, 0.0, 68.07048797607422, 4.890154395996375
5512, 312.065185546875, -196.39122009277344, -0.20053508877754211, 0.0, 0.0, 67.60008239746094, 4.854350466250149
5513, 312.1134948730469, -196.2979278564453, -0.20180831849575043, 0.0, 0.0, 67.13219451904297, 4.818086415505578
5514, 312.1639404296875, -196.20257568359375, -0.20053508877754211, 0.0, 0.0, 66.65174865722656, 4.780694415463347
5515, 312.21453857421875, -196.10894775390625, -0.20180831849575043, 0.0, 0.0, 66.17729187011719, 4.743455725023953
5516, 312.2652587890625, -196.0169677734375, -0.20053508877754211, 0.0, 0.0, 65.70890045166016, 4.706763452847928
5517, 312.3165283203125, -195.92587280273438, -0.20180831849575043, 0.0, 0.0, 65.24223327636719, 4.6700249564211
5518, 312.3671875, -195.8376007080078, -0.20053508877754211, 0.0, 0.0, 64.7878189086914, 4.634388216713519
5519, 312.4194641113281, -195.7482147216797, -0.20180831849575043, 0.0, 0.0, 64.32508087158203, 4.597964694562656
5520, 312.47210693359375, -195.65997314453125, -0.20053508877754211, 0.0, 0.0, 63.865692138671875, 4.561960638400619
5521, 312.52191162109375, -195.57794189453125, -0.20180831849575043, 0.0, 0.0, 63.43632888793945, 4.528198950891089
5522, 312.57403564453125, -195.49365234375, -0.19989846646785736, 0.0, 0.0, 62.99301528930664, 4.493537828942025
5523, 312.62591552734375, -195.41116333007812, -0.20117169618606567, 0.0, 0.0, 62.55702209472656, 4.459293349766228
5524, 312.6806640625, -195.32568359375, -0.19989846646785736, 0.0, 0.0, 62.10298538208008, 4.423765916727533
5525, 312.732177734375, -195.24661254882812, -0.20117169618606567, 0.0, 0.0, 61.6805305480957, 4.3905795117179185
5526, 312.78515625, -195.16671752929688, -0.20180831849575043, 0.0, 0.0, 61.250797271728516, 4.356850923458142
5527, 312.8387145996094, -195.08729553222656, -0.20053508877754211, 0.0, 0.0, 60.82122039794922, 4.323311169831019
5528, 312.8942565917969, -195.00636291503906, -0.20180831849575043, 0.0, 0.0, 60.38037109375, 4.288798895789556
5529, 312.94793701171875, -194.929443359375, -0.20053508877754211, 0.0, 0.0, 59.95905685424805, 4.256027771594041
5530, 313.0029602050781, -194.85183715820312, -0.20180831849575043, 0.0, 0.0, 59.53117370605469, 4.2226639805280985
5531, 313.0562438964844, -194.7779083251953, -0.20053508877754211, 0.0, 0.0, 59.12129592895508, 4.190887155950216
5532, 313.1116638183594, -194.70217895507812, -0.20117169618606567, 0.0, 0.0, 58.699012756347656, 4.158107885392613
5533, 313.1653137207031, -194.63002014160156, -0.19989846646785736, 0.0, 0.0, 58.29452896118164, 4.126841687956587
5534, 313.2214050292969, -194.5557403564453, -0.20117169618606567, 0.0, 0.0, 57.87565994262695, 4.094330569944213
5535, 313.2744140625, -194.48660278320312, -0.19989846646785736, 0.0, 0.0, 57.48382568359375, 4.064053225612127
5536, 313.32891845703125, -194.41653442382812, -0.20117169618606567, 0.02500000037252903, 0.0, 57.08428955078125, 4.033750079484965
5537, 313.3876953125, -194.34214782714844, -0.19989846646785736, 0.07500000298023224, 0.0, 56.65766525268555, 4.004301101865052
5538, 313.4407653808594, -194.27597045898438, -0.20117169618606567, 0.125, 0.0, 56.276039123535156, 3.981831779249783
5539, 313.4957580566406, -194.2083740234375, -0.19989846646785736, 0.17500001192092896, 0.0, 55.88447189331055, 3.963974843290972
5540, 313.5514831542969, -194.140869140625, -0.20117169618606567, 0.2250000238418579, 0.0, 55.491451263427734, 3.951661527649585
5541, 313.60650634765625, -194.0751495361328, -0.19989846646785736, 0.27500003576278687, 0.0, 55.10734558105469, 3.9456047348712944
5542, 313.6620178222656, -194.00973510742188, -0.20117169618606567, 0.3250000476837158, 0.0, 54.723388671875, 3.94531049938204
5543, 313.7196960449219, -193.9427490234375, -0.20180831849575043, 0.40000006556510925, 0.0, 54.32795715332031, 3.9514806693149067
5544, 313.7769775390625, -193.8771209716797, -0.20053508877754211, 0.3500000536441803, 0.0, 53.9390869140625, 3.96204633042602
5545, 313.8357238769531, -193.81076049804688, -0.20180831849575043, 0.30000004172325134, 0.0, 53.543617248535156, 3.9718692523434544
5546, 313.89794921875, -193.74148559570312, -0.20053508877754211, 0.2500000298023224, 0.0, 53.128787994384766, 3.9786566590257615
5547, 313.9571533203125, -193.6764678955078, -0.20180831849575043, 0.20000001788139343, 0.0, 52.73656463623047, 3.980131830054515
5548, 314.0156555175781, -193.61309814453125, -0.20053508877754211, 0.15000000596046448, 0.0, 52.35183334350586, 3.976504162730023
5549, 314.074462890625, -193.55029296875, -0.20117169618606567, 0.07500000298023224, 0.0, 51.96757125854492, 3.966564733722764
5550, 314.13330078125, -193.48822021484375, -0.19989846646785736, 0.02500000409781933, 0.0, 51.585262298583984, 3.9500103768282493
5551, 314.19439697265625, -193.4246826171875, -0.20117169618606567, -0.02499999664723873, 0.0, 51.19047927856445, 3.927641228341067
5552, 314.25592041015625, -193.36154174804688, -0.19989846646785736, 0.0, 0.0, 50.79520034790039, 3.902253228143035
5553, 314.3160095214844, -193.30075073242188, -0.20117169618606567, 0.0, 0.0, 50.41095733642578, 3.874993403463719
5554, 314.3758239746094, -193.24102783203125, -0.19989846646785736, 0.0, 0.0, 50.03064727783203, 3.8469403734340495
5555, 314.4332580566406, -193.1844940185547, -0.20053508877754211, 0.0, 0.0, 49.667747497558594, 3.8195174015315407
5556, 314.4957580566406, -193.12376403808594, -0.20180831849575043, 0.0, 0.0, 49.27415084838867, 3.7894049204893125
5557, 314.5545349121094, -193.06744384765625, -0.20053508877754211, 0.0, 0.0, 48.90605926513672, 3.761312857974005
5558, 314.6153564453125, -193.00991821289062, -0.20180831849575043, 0.0, 0.0, 48.52688980102539, 3.7322407119599577
5559, 314.67669677734375, -192.9527130126953, -0.20053508877754211, 0.0, 0.0, 48.14688491821289, 3.703259802942983
5560, 314.73736572265625, -192.89694213867188, -0.20180831849575043, 0.0, 0.0, 47.7729377746582, 3.6746561240144837
5561, 314.7967834472656, -192.84300231933594, -0.20053508877754211, 0.02500000037252903, 0.0, 47.40858840942383, 3.6464508615845728
5562, 314.8556823730469, -192.79025268554688, -0.20180831849575043, 0.07500000298023224, 0.0, 47.04922866821289, 3.621548186771425
5563, 314.9163513183594, -192.7366180419922, -0.20053508877754211, 0.125, 0.0, 46.681705474853516, 3.6009644366230007
5564, 314.9739074707031, -192.6863555908203, -0.20180831849575043, 0.17500001192092896, 0.0, 46.33497619628906, 3.5865525460536563
5565, 315.0359191894531, -192.63296508789062, -0.20053508877754211, 0.2250000238418579, 0.0, 45.964508056640625, 3.577359503669128
5566, 315.0968017578125, -192.58120727539062, -0.20180831849575043, 0.27500003576278687, 0.0, 45.60306930541992, 3.574367896156129
5567, 315.1553955078125, -192.53201293945312, -0.20053508877754211, 0.3250000476837158, 0.0, 45.257850646972656, 3.5772818869800553
5568, 315.2164306640625, -192.4813995361328, -0.20180831849575043, 0.3750000596046448, 0.0, 44.900489807128906, 3.5859616822396676
5569, 315.2774658203125, -192.4314727783203, -0.20180831849575043, 0.4750000834465027, 0.0, 44.54570388793945, 3.6008829665311737
5570, 315.3398742675781, -192.3810272216797, -0.20053508877754211, 0.5250000357627869, 0.0, 44.18576431274414, 3.6242864151536263
5571, 315.4031677246094, -192.33053588867188, -0.20180831849575043, 0.574999988079071, 0.0, 43.82350540161133, 3.6546440805644576
5572, 315.4685363769531, -192.27902221679688, -0.20053508877754211, 0.6249999403953552, 0.0, 43.4524040222168, 3.692176391264458
5573, 315.5343017578125, -192.22781372070312, -0.1992618441581726, 0.6749998927116394, 0.0, 43.082557678222656, 3.7354137940582617
5574, 315.60101318359375, -192.17648315429688, -0.1979885995388031, 0.7249998450279236, 0.0, 42.711605072021484, 3.7842435051570775
5575, 315.6668395996094, -192.12640380859375, -0.1967153698205948, 0.7749997973442078, 0.0, 42.34963607788086, 3.8369292449640073
5576, 315.73486328125, -192.07522583007812, -0.19544212520122528, 0.8249997496604919, 0.0, 41.97984313964844, 3.8957482911746117
5577, 315.8031921386719, -192.0244140625, -0.19416889548301697, 0.8749997019767761, 0.0, 41.6129150390625, 3.9589256991135655
5578, 315.8765869140625, -191.9705047607422, -0.19289565086364746, 0.9249996542930603, 0.0, 41.223731994628906, 4.03098665273734
5579, 315.95001220703125, -191.9171600341797, -0.19162242114543915, 0.9749996066093445, 0.0, 40.83919906616211, 4.107006843687563
5580, 316.0235290527344, -191.86439514160156, -0.19034917652606964, 1.0249996185302734, 0.0, 40.4590950012207, 4.186161817365685
5581, 316.1021728515625, -191.80862426757812, -0.18843932449817657, 1.0, 0.0, 40.05803680419922, 4.272434965237913
5582, 316.1794738769531, -191.75445556640625, -0.18716607987880707, 1.0, 0.0, 39.668800354003906, 4.357316628057638
5583, 316.2601013183594, -191.69862365722656, -0.18589283525943756, 1.0, 0.0, 39.2681770324707, 4.44495526797929
5584, 316.3414306640625, -191.64300537109375, -0.18461960554122925, 1.0, 0.0, 38.86902618408203, 4.532055953481582
5585, 316.42877197265625, -191.5840606689453, -0.18334636092185974, 1.0, 0.0, 38.44564437866211, 4.623856311842181
5586, 316.51141357421875, -191.5289764404297, -0.18143650889396667, 0.9250000715255737, 0.0, 38.05015563964844, 4.707740760828912
5587, 316.5993957519531, -191.47108459472656, -0.18016326427459717, 0.8750001192092896, 0.0, 37.634178161621094, 4.791664328491502
5588, 316.6896057128906, -191.4125213623047, -0.17889003455638885, 0.8250001668930054, 0.0, 37.21256637573242, 4.871428727556566
5589, 316.78485107421875, -191.35153198242188, -0.17761678993701935, 0.7750002145767212, 0.0, 36.77275848388672, 4.948452607914591
5590, 316.8743896484375, -191.29501342773438, -0.17634356021881104, 0.725000262260437, 0.0, 36.36375427246094, 5.014200866555672
5591, 316.966796875, -191.2375030517578, -0.17507031559944153, 0.6750003099441528, 0.0, 35.94611740112305, 5.075719638162252
5592, 317.06512451171875, -191.17713928222656, -0.17379707098007202, 0.6250003576278687, 0.0, 35.50666046142578, 5.133737111752987
5593, 317.1650390625, -191.1167755126953, -0.1725238412618637, 0.5750004053115845, 0.0, 35.06491470336914, 5.184930555332896
5594, 317.26171875, -191.05917358398438, -0.1712505966424942, 0.5250004529953003, 0.0, 34.64152908325195, 5.227211293949918
5595, 317.3636169433594, -190.9993133544922, -0.1642477959394455, 0.45000046491622925, 0.0, 34.20260238647461, 5.264763606507771
5596, 317.46380615234375, -190.94114685058594, -0.15788160264492035, 0.4000004529953003, 0.0, 33.779876708984375, 5.2927279182796205
5597, 317.5665588378906, -190.8822784423828, -0.15660835802555084, 0.35000044107437134, 0.0, 33.35569381713867, 5.312751683672505
5598, 317.66815185546875, -190.82479858398438, -0.15533512830734253, 0.3000004291534424, 0.0, 32.941715240478516, 5.315454580615566
5599, 317.76904296875, -190.7685546875, -0.15406188368797302, 0.2500004172325134, 0.0, 32.537662506103516, 5.312525680570418
5600, 317.8733825683594, -190.711181640625, -0.15278863906860352, 0.20000040531158447, 0.0, 32.12324523925781, 5.303376588751521
5601, 317.98028564453125, -190.6533203125, -0.15087878704071045, 0.12500038743019104, 0.0, 31.70649528503418, 5.288334288417084
5602, 318.0813293457031, -190.5994110107422, -0.1502421647310257, 0.10000038892030716, 0.0, 31.314937591552734, 5.271269169957575
5603, 318.1842956542969, -190.54534912109375, -0.14833231270313263, 0.02500039152801037, 0.0, 30.92220115661621, 5.250855428830577
5604, 318.2893981933594, -190.49093627929688, -0.14705906808376312, -0.02499960921704769, 0.0, 30.522607803344727, 5.220260302096319
5605, 318.3923645019531, -190.43844604492188, -0.1457858383655548, 0.0, 0.0, 30.135517120361328, 5.187886539117204
5606, 318.4892578125, -190.38980102539062, -0.1445125937461853, 0.0, 0.0, 29.772441864013672, 5.1553492243466374
5607, 318.5895690917969, -190.34014892578125, -0.143239364027977, 0.0, 0.0, 29.400821685791016, 5.121912084231143
5608, 318.6940002441406, -190.28921508789062, -0.14132949709892273, 0.0, 0.0, 29.01542091369629, 5.07999247496223
5609, 318.799072265625, -190.23878479003906, -0.14005626738071442, 0.0, 0.0, 28.633007049560547, 5.037167873090009
5610, 318.9031066894531, -190.18960571289062, -0.1362365484237671, 0.0, 0.0, 28.257953643798828, 4.998536589668022
5611, 318.99951171875, -190.14466857910156, -0.12987035512924194, 0.0, 0.0, 27.919395446777344, 4.975258618192295
5612, 319.0998840332031, -190.09844970703125, -0.1235041618347168, 0.0, 0.0, 27.57855796813965, 4.945661373352588
5613, 319.19952392578125, -190.0530548095703, -0.11713796854019165, 0.0, 0.0, 27.252513885498047, 4.913068434400397
5614, 319.2974853515625, -190.00885009765625, -0.1107717826962471, 0.0, 0.0, 26.94483184814453, 4.879196976798013
5615, 319.3924255371094, -189.96632385253906, -0.10440558940172195, 0.0, 0.0, 26.659250259399414, 4.845332085416915
5616, 319.488525390625, -189.92356872558594, -0.09803939610719681, 0.0, 0.0, 26.38355255126953, 4.810420054892009
5617, 319.5878601074219, -189.87962341308594, -0.09167320281267166, 0.0, 0.0, 26.113245010375977, 4.773914972711003
5618, 319.6849365234375, -189.83692932128906, -0.08530701696872711, 0.0, 0.0, 25.863727569580078, 4.7379962985795325
5619, 319.7765197753906, -189.79681396484375, -0.07894082367420197, 0.0, 0.0, 25.64175033569336, 4.703968218967858
5620, 319.8737487792969, -189.75433349609375, -0.06939153373241425, 0.0, 0.0, 25.42232894897461, 4.667777727431474
5621, 319.96844482421875, -189.71302795410156, -0.0630253404378891, 0.0, 0.0, 25.22507667541504, 4.6324041198099
5622, 320.0640869140625, -189.6713409423828, -0.056659139692783356, 0.0, 0.0, 25.04201889038086, 4.596557728512722
5623, 320.154296875, -189.63204956054688, -0.05029293894767761, 0.0, 0.0, 24.883968353271484, 4.562662676854812
5624, 320.2464599609375, -189.59188842773438, -0.04392674192786217, 0.0, 0.0, 24.73748207092285, 4.527960315997744
5625, 320.33978271484375, -189.5511932373047, -0.037560541182756424, 0.0, 0.0, 24.60453224182129, 4.49273121898138
5626, 320.4306640625, -189.511474609375, -0.03119434230029583, 0.0, 0.0, 24.489885330200195, 4.458346998347966
5627, 320.5220031738281, -189.47146606445312, -0.03119434230029583, 0.0, 0.0, 24.38960075378418, 4.4237034977185274
5628, 320.6122131347656, -189.4318084716797, -0.01846194453537464, 0.0, 0.0, 24.305282592773438, 4.389402019245435
5629, 320.6960754394531, -189.3948211669922, -0.012095747515559196, 0.0, 0.0, 24.240110397338867, 4.357442874510251
5630, 320.78619384765625, -189.35479736328125, 0.0, 0.0, 0.0, 24.18754768371582, 4.322855329481479
5631, 320.8704833984375, -189.3170928955078, 0.0038197184912860394, 0.0, 0.0, 24.15386390686035, 4.290459395640403
5632, 320.9596862792969, -189.2769317626953, 0.007639436982572079, 0.0, 0.0, 24.132884979248047, 4.256118910076807
5633, 321.04559326171875, -189.23806762695312, 0.01145915500819683, 0.0, 0.0, 24.1252498626709, 4.223018824859163
5634, 321.13055419921875, -189.199462890625, 0.012732394970953465, 0.0, 0.0, 24.127777099609375, 4.190302249267148
5635, 321.21612548828125, -189.16050720214844, 0.011459154076874256, 0.0, 0.0, 24.137264251708984, 4.157379360129503
5636, 321.2975158691406, -189.12347412109375, 0.010185914114117622, 0.0, 0.0, 24.150075912475586, 4.126109965211115
5637, 321.38037109375, -189.08575439453125, 0.008912674151360989, 0.0, 0.0, 24.165027618408203, 4.09429986501273
5638, 321.46392822265625, -189.0477752685547, 0.007639434188604355, 0.0, 0.0, 24.180641174316406, 4.062239281694617
5639, 321.5473937988281, -189.00985717773438, 0.006366195157170296, 0.0, 0.0, 24.195781707763672, 4.030214077661607
5640, 321.6263732910156, -188.97406005859375, 0.005092955660074949, 0.0, 0.0, 24.209020614624023, 3.9999388815796246
5641, 321.7059631347656, -188.9379425048828, 0.006366195622831583, 0.0, 0.0, 24.221921920776367, 3.9694827241881208
5642, 321.7853698730469, -188.90188598632812, 0.010185914114117622, 0.0, 0.0, 24.236408233642578, 3.93919528048636
5643, 321.8681945800781, -188.8640594482422, 0.015915492549538612, 0.0, 0.0, 24.256275177001953, 3.9075801658414564
5644, 321.9473876953125, -188.82765197753906, 0.01973521150648594, 0.0, 0.0, 24.281234741210938, 3.87731630528929
5645, 322.0231628417969, -188.79261779785156, 0.023554930463433266, 0.0, 0.0, 24.311237335205078, 3.8483124024038107
5646, 322.09857177734375, -188.7575225830078, 0.027374649420380592, 0.0, 0.0, 24.34762954711914, 3.8194041825698424
5647, 322.177734375, -188.7203826904297, 0.03119436837732792, 0.0, 0.0, 24.393335342407227, 3.788982212758605
5648, 322.2531433105469, -188.68478393554688, 0.035014085471630096, 0.0, 0.0, 24.444095611572266, 3.7599669172181205
5649, 322.3298034667969, -188.6483154296875, 0.038833800703287125, 0.0, 0.0, 24.503293991088867, 3.730384089584897
5650, 322.4013977050781, -188.61398315429688, 0.04265351593494415, 0.0, 0.0, 24.56549644470215, 3.7027169516331377
5651, 322.4734191894531, -188.57919311523438, 0.04265351593494415, 0.0, 0.0, 24.635141372680664, 3.674817013697448
5652, 322.54925537109375, -188.54222106933594, 0.052202802151441574, 0.0, 0.0, 24.71723175048828, 3.645295227926435
5653, 322.62371826171875, -188.50558471679688, 0.0560225173830986, 0.0, 0.0, 24.806533813476562, 3.616277275733809
5654, 322.6926574707031, -188.47129821777344, 0.061752088367938995, 0.0, 0.0, 24.89751434326172, 3.5892645637595533
5655, 322.7648620605469, -188.43505859375, 0.06557180732488632, 0.0, 0.0, 25.00154685974121, 3.5609353420224084
5656, 322.8322448730469, -188.40090942382812, 0.06939151883125305, 0.0, 0.0, 25.106287002563477, 3.5344556701267997
5657, 322.9021301269531, -188.3651580810547, 0.07321123778820038, 0.0, 0.0, 25.22277069091797, 3.5069277752813752
5658, 322.9708251953125, -188.32965087890625, 0.07703094929456711, 0.0, 0.0, 25.3448486328125, 3.479816081486186
5659, 323.03948974609375, -188.2937774658203, 0.08085066080093384, 0.0, 0.0, 25.47443389892578, 3.4526397580127415
5660, 323.108642578125, -188.25729370117188, 0.08467037975788116, 0.0, 0.0, 25.612560272216797, 3.4252002430982285
5661, 323.1732482910156, -188.22286987304688, 0.0884900912642479, 0.0, 0.0, 25.7484130859375, 3.399500928662978
5662, 323.2385559082031, -188.1876983642578, 0.09230981022119522, 0.0, 0.0, 25.89271354675293, 3.3734370276271504
5663, 323.30462646484375, -188.15171813964844, 0.09612952172756195, 0.0, 0.0, 26.04592514038086, 3.346985886638514
5664, 323.37005615234375, -188.11569213867188, 0.09994924068450928, 0.0, 0.0, 26.204761505126953, 3.320723341529706
5665, 323.43511962890625, -188.0795135498047, 0.10376895219087601, 0.0, 0.0, 26.369752883911133, 3.29454553897948
5666, 323.4972229003906, -188.04454040527344, 0.10758867114782333, 0.0, 0.0, 26.534000396728516, 3.269467114579933
5667, 323.5606994628906, -188.0083770751953, 0.11331824213266373, 0.0, 0.0, 26.70964813232422, 3.2436379175512657
5668, 323.621337890625, -187.97341918945312, 0.11713795363903046, 0.0, 0.0, 26.884925842285156, 3.218912365265289
5669, 323.68377685546875, -187.9369354248047, 0.12286753207445145, 0.0, 0.0, 27.07386016845703, 3.1932556846146163
5670, 323.74493408203125, -187.9007110595703, 0.12668724358081818, 0.0, 0.0, 27.266969680786133, 3.1681080227825613
5671, 323.80596923828125, -187.8641357421875, 0.1305069625377655, 0.0, 0.0, 27.467512130737305, 3.142945700697605
5672, 323.8633117675781, -187.82933044433594, 0.13432668149471283, 0.0, 0.0, 27.66278648376465, 3.1192354136481586
5673, 323.92340087890625, -187.7924041748047, 0.13814638555049896, 0.0, 0.0, 27.874658584594727, 3.094307890603155
5674, 323.9811706542969, -187.75643920898438, 0.1419661045074463, 0.05000000074505806, 0.0, 28.085376739501953, 3.067915898229076
5675, 324.03717041015625, -187.7211456298828, 0.14578582346439362, 0.10000000149011612, 0.0, 28.29621696472168, 3.048139215487193
5676, 324.0943603515625, -187.68466186523438, 0.14960552752017975, 0.15000000596046448, 0.0, 28.51797866821289, 3.0340170378940883
5677, 324.1515808105469, -187.64767456054688, 0.15342524647712708, 0.20000001788139343, 0.0, 28.746564865112305, 3.026047897348153
5678, 324.2066345214844, -187.61163330078125, 0.1572449654340744, 0.2500000298023224, 0.0, 28.972612380981445, 3.0241569199415457
5679, 324.2610778808594, -187.57554626464844, 0.16106468439102173, 0.30000004172325134, 0.0, 29.20218276977539, 3.027861117123876
5680, 324.3183898925781, -187.5370330810547, 0.16679425537586212, 0.3750000596046448, 0.0, 29.4512882232666, 3.0379979755533806
5681, 324.3746643066406, -187.49867248535156, 0.17061395943164825, 0.42500007152557373, 0.0, 29.703142166137695, 3.055111295898715
5682, 324.4303283691406, -187.46023559570312, 0.17443367838859558, 0.4750000834465027, 0.0, 29.958826065063477, 3.0780809297423892
5683, 324.4857177734375, -187.4214630126953, 0.1782533973455429, 0.42500007152557373, 0.0, 30.2199764251709, 3.1034178508001062
5684, 324.5427551269531, -187.38099670410156, 0.18207311630249023, 0.3750000596046448, 0.0, 30.495649337768555, 3.1272654476046946
5685, 324.5986328125, -187.34075927734375, 0.18589282035827637, 0.3250000476837158, 0.0, 30.772964477539062, 3.1464336707755436
5686, 324.65472412109375, -187.29986572265625, 0.1897125393152237, 0.27500003576278687, 0.0, 31.058067321777344, 3.1604922112995015
5687, 324.71258544921875, -187.2570343017578, 0.19353225827217102, 0.2250000238418579, 0.0, 31.36006736755371, 3.169141425834012
5688, 324.76751708984375, -187.21578979492188, 0.1992618292570114, 0.15000000596046448, 0.0, 31.654804229736328, 3.1707086572486625
5689, 324.82183837890625, -187.17440795898438, 0.20053507387638092, 0.10000000149011612, 0.0, 31.95348358154297, 3.165750389292767
5690, 324.87933349609375, -187.12998962402344, 0.20180830359458923, 0.05000000447034836, 0.0, 32.27645492553711, 3.1538832182903054
5691, 324.93463134765625, -187.0867156982422, 0.20053507387638092, 4.0978194171259474e-09, 0.0, 32.59172821044922, 3.136514127113513
5692, 324.9898681640625, -187.04299926757812, 0.20117168128490448, 0.0, 0.0, 32.90999984741211, 3.1177547544059863
5693, 325.04010009765625, -187.00279235839844, 0.20053507387638092, 0.0, 0.0, 33.202003479003906, 3.098113111027619
5694, 325.09625244140625, -186.95733642578125, 0.20117168128490448, 0.0, 0.0, 33.53086853027344, 3.074556049597718
5695, 325.1454162597656, -186.91712951660156, 0.19989845156669617, 0.0, 0.0, 33.820472717285156, 3.0532992856180265
5696, 325.197265625, -186.8742218017578, 0.20117168128490448, 0.0, 0.0, 34.12777328491211, 3.0303174211337742
5697, 325.24737548828125, -186.8323211669922, 0.19989845156669617, 0.0, 0.0, 34.42616271972656, 3.0079723452981684
5698, 325.2992248535156, -186.78846740722656, 0.20117168128490448, 0.0, 0.0, 34.73681640625, 2.9845241679345857
5699, 325.3505859375, -186.74452209472656, 0.19989845156669617, 0.0, 0.0, 35.04603576660156, 2.961274071837963
5700, 325.399169921875, -186.70252990722656, 0.20117168128490448, 0.0, 0.0, 35.340171813964844, 2.9390448961069735
5701, 325.4454040527344, -186.66213989257812, 0.19989845156669617, 0.0, 0.0, 35.621273040771484, 2.917918127162868
5702, 325.4933166503906, -186.61990356445312, 0.19862520694732666, 0.0, 0.0, 35.91300582885742, 2.896002914867212
5703, 325.5411071777344, -186.57736206054688, 0.19735197722911835, 0.0, 0.0, 36.2042121887207, 2.874079944810737
5704, 325.5884094238281, -186.5348663330078, 0.19607873260974884, 0.0, 0.0, 36.49243927001953, 2.852298388673019
5705, 325.6354675292969, -186.49220275878906, 0.19416888058185577, 0.0, 0.0, 36.778507232666016, 2.830607758463208
5706, 325.6826171875, -186.4490509033203, 0.19289563596248627, 0.0, 0.0, 37.064483642578125, 2.8087631579448686
5707, 325.72784423828125, -186.40733337402344, 0.19162240624427795, 0.0, 0.0, 37.33802795410156, 2.7877333406883107
5708, 325.7742614746094, -186.3641357421875, 0.19162240624427795, 0.0, 0.0, 37.61825942993164, 2.766047505104064
5709, 325.81463623046875, -186.32627868652344, 0.18907591700553894, 0.0, 0.0, 37.86140060424805, 2.747127458317353
5710, 325.85943603515625, -186.28390502929688, 0.18716606497764587, 0.0, 0.0, 38.130496978759766, 2.726077070129872
5711, 325.9021301269531, -186.24313354492188, 0.18843930959701538, 0.0, 0.0, 38.38715744018555, 2.705734190509463
5712, 325.9452209472656, -186.20155334472656, 0.1922590136528015, 0.0, 0.0, 38.648590087890625, 2.684818097761592
5713, 325.98736572265625, -186.16043090820312, 0.19607873260974884, 0.0, 0.0, 38.908382415771484, 2.664098120336494
5714, 326.0302734375, -186.11795043945312, 0.19989845156669617, 0.0, 0.0, 39.17861557006836, 2.6427713392038013
5715, 326.0705261230469, -186.07763671875, 0.20117168128490448, 0.0, 0.0, 39.43677520751953, 2.6227960596427384
5716, 326.11175537109375, -186.03591918945312, 0.19989845156669617, 0.0, 0.0, 39.70426940917969, 2.6024915437163303
5717, 326.151123046875, -185.9956817626953, 0.20053507387638092, 0.0, 0.0, 39.9619255065918, 2.5829998386373934
5718, 326.19189453125, -185.9535675048828, 0.20180830359458923, 0.0, 0.0, 40.23158264160156, 2.5626450860215053
5719, 326.23028564453125, -185.91360473632812, 0.20053507387638092, 0.0, 0.0, 40.48701477050781, 2.543557684628488
5720, 326.2685241699219, -185.87339782714844, 0.20180830359458923, 0.0, 0.0, 40.74325942993164, 2.524346287284109
5721, 326.3052062988281, -185.83444213867188, 0.20053507387638092, 0.0, 0.0, 40.99046325683594, 2.5059482592104896
5722, 326.3431396484375, -185.7938232421875, 0.20180830359458923, 0.0, 0.0, 41.24754333496094, 2.486723719855266
5723, 326.3815612792969, -185.75233459472656, 0.20053507387638092, 0.0, 0.0, 41.5091438293457, 2.4672848303556916
5724, 326.4187316894531, -185.7117462158203, 0.20180830359458923, 0.0, 0.0, 41.764060974121094, 2.4482446584988065
5725, 326.4546813964844, -185.6721954345703, 0.20053507387638092, 0.0, 0.0, 42.011592864990234, 2.4298736081169396
5726, 326.4914855957031, -185.63134765625, 0.20180830359458923, 0.0, 0.0, 42.2664794921875, 2.410853782326043
5727, 326.5275573730469, -185.59092712402344, 0.20053507387638092, 0.0, 0.0, 42.517520904541016, 2.3922368470776156
5728, 326.5597229003906, -185.5545196533203, 0.20180830359458923, 0.0, 0.0, 42.74287033081055, 2.375432970116215
5729, 326.59417724609375, -185.51524353027344, 0.20053507387638092, 0.0, 0.0, 42.985164642333984, 2.357474572391275
5730, 326.6286926269531, -185.47555541992188, 0.20117168128490448, 0.0, 0.0, 43.228919982910156, 2.339334252451204
5731, 326.66180419921875, -185.43722534179688, 0.1992618292570114, 0.0, 0.0, 43.46322250366211, 2.3219956008770204
5732, 326.6942443847656, -185.39935302734375, 0.1979885846376419, 0.0, 0.0, 43.69301223754883, 2.3049391918427857
5733, 326.726806640625, -185.361083984375, 0.1967153549194336, 0.0, 0.0, 43.92319107055664, 2.287776360722451
5734, 326.7589416503906, -185.32305908203125, 0.1954421103000641, 0.0, 0.0, 44.150150299072266, 2.270763466017294
5735, 326.7911071777344, -185.28469848632812, 0.19416888058185577, 0.0, 0.0, 44.37705993652344, 2.2536586233331937
5736, 326.8236389160156, -185.2456817626953, 0.19289563596248627, 0.0, 0.0, 44.605979919433594, 2.2362979875579625
5737, 326.8554382324219, -185.2072296142578, 0.19162240624427795, 0.0, 0.0, 44.82948303222656, 2.2192445618299215
5738, 326.8860778808594, -185.169921875, 0.19034916162490845, 0.0, 0.0, 45.0444221496582, 2.202750790674923
5739, 326.9167175292969, -185.1324005126953, 0.18907591700553894, 0.0, 0.0, 45.25878143310547, 2.186200569916291
5740, 326.9462890625, -185.09593200683594, 0.18780268728733063, 0.0, 0.0, 45.4650993347168, 2.1701715696018553
5741, 326.9764709472656, -185.05845642089844, 0.18652944266796112, 0.0, 0.0, 45.6754035949707, 2.1537274006696965
5742, 327.00537109375, -185.02235412597656, 0.1852562129497528, 0.0, 0.0, 45.87619400024414, 2.137929115641332
5743, 327.0347900390625, -184.98544311523438, 0.1839829683303833, 0.0, 0.0, 46.07981872558594, 2.121801397075481
5744, 327.0648193359375, -184.947509765625, 0.18207311630249023, 0.0, 0.0, 46.28699493408203, 2.105297344609232
5745, 327.0943603515625, -184.90994262695312, 0.18079987168312073, 0.0, 0.0, 46.49021530151367, 2.0889637993129884
5746, 327.1224365234375, -184.87405395507812, 0.17952664196491241, 0.0, 0.0, 46.682518005371094, 2.0733907512800593
5747, 327.1502380371094, -184.83827209472656, 0.1782533973455429, 0.0, 0.0, 46.872459411621094, 2.057902037539637
5748, 327.177734375, -184.80270385742188, 0.1769801527261734, 0.0, 0.0, 47.059600830078125, 2.042535681702373
5749, 327.2048034667969, -184.76751708984375, 0.1757069230079651, 0.0, 0.0, 47.243255615234375, 2.0273549416898233
5750, 327.23187255859375, -184.73214721679688, 0.17443367838859558, 0.0, 0.0, 47.42625427246094, 2.012121019716424
5751, 327.2583923339844, -184.69729614257812, 0.17316044867038727, 0.0, 0.0, 47.60497283935547, 1.9971449417398188
5752, 327.2857666015625, -184.66128540039062, 0.16361115872859955, 0.0, 0.0, 47.785362243652344, 1.9820757569961127
5753, 327.3116149902344, -184.6272430419922, 0.1572449654340744, 0.0, 0.0, 47.95051193237305, 1.9678290793880047
5754, 327.3376770019531, -184.59298706054688, 0.15087877213954926, 0.0, 0.0, 48.11112976074219, 1.9534621719953849
5755, 327.3639221191406, -184.55860900878906, 0.14132948219776154, 0.0, 0.0, 48.26537322998047, 1.9391146560248869
5756, 327.3898620605469, -184.52462768554688, 0.13814638555049896, 0.0, 0.0, 48.41184997558594, 1.9247228710725448
5757, 327.4163513183594, -184.49005126953125, 0.12859709560871124, 0.0, 0.0, 48.554134368896484, 1.9101823347071225
5758, 327.44140625, -184.4574432373047, 0.1222309097647667, 0.0, 0.0, 48.681854248046875, 1.8963947140592226
5759, 327.4666442871094, -184.4246063232422, 0.11586471647024155, 0.0, 0.0, 48.80416488647461, 1.8824674023393302
5760, 327.4925537109375, -184.39105224609375, 0.1094985231757164, 0.0, 0.0, 48.922847747802734, 1.8681847883332772
5761, 327.518310546875, -184.3577423095703, 0.10313233733177185, 0.0, 0.0, 49.03438949584961, 1.853967659597393
5762, 327.54290771484375, -184.32611083984375, 0.0967661440372467, 0.0, 0.0, 49.13465881347656, 1.8404250721386335
5763, 327.5672912597656, -184.29478454589844, 0.09039995074272156, 0.0, 0.0, 49.22819137573242, 1.8269912051646786
5764, 327.59222412109375, -184.2628631591797, 0.08085066080093384, 0.0, 0.0, 49.31660842895508, 1.813290404908059
5765, 327.6170959472656, -184.23126220703125, 0.07448447495698929, 0.0, 0.0, 49.39731979370117, 1.799643879740487
5766, 327.64215087890625, -184.19960021972656, 0.06811828166246414, 0.0, 0.0, 49.47172927856445, 1.7859072896754158
5767, 327.66656494140625, -184.1688232421875, 0.0617520846426487, 0.0, 0.0, 49.53800964355469, 1.7725147747805745
5768, 327.6912841796875, -184.13784790039062, 0.05538588762283325, 0.0, 0.0, 49.59873580932617, 1.7589864038045508
5769, 327.71588134765625, -184.10708618164062, 0.051566168665885925, 0.0, 0.0, 49.653926849365234, 1.7454895163276822
5770, 327.7389831542969, -184.0782928466797, 0.05029292777180672, 0.0, 0.0, 49.70237731933594, 1.732808676079574
5771, 327.7630920410156, -184.04823303222656, 0.04901969060301781, 0.0, 0.0, 49.75062561035156, 1.7195577804540836
5772, 327.7882080078125, -184.01690673828125, 0.04710983484983444, 0.0, 0.0, 49.798851013183594, 1.705732654681198
5773, 327.80975341796875, -183.98997497558594, 0.04647321254014969, 0.0, 0.0, 49.83906555175781, 1.6938372473084857
5774, 327.8334045410156, -183.96046447753906, 0.044563356786966324, 0.0, 0.0, 49.88173294067383, 1.680811139923966
5775, 327.85760498046875, -183.93023681640625, 0.043290119618177414, 0.0, 0.0, 49.92399978637695, 1.6674685443950974
5776, 327.88079833984375, -183.9012908935547, 0.042016878724098206, 0.0, 0.0, 49.963253021240234, 1.6546849323511683
5777, 327.90350341796875, -183.8729248046875, 0.040743641555309296, 0.0, 0.0, 50.000545501708984, 1.6421645839118248
5778, 327.92578125, -183.8450927734375, 0.039470404386520386, 0.0, 0.0, 50.03603744506836, 1.629882263543778
5779, 327.9492492675781, -183.8157958984375, 0.03819716349244118, 0.0, 0.0, 50.07223129272461, 1.6169456706954595
5780, 327.97100830078125, -183.7886505126953, 0.03692392632365227, 0.0, 0.0, 50.1047248840332, 1.604955330588461
5781, 327.9930419921875, -183.7611541748047, 0.03565068915486336, 0.0, 0.0, 50.136592864990234, 1.592799869430938
5782, 328.0145568847656, -183.7343292236328, 0.03437744826078415, 0.0, 0.0, 50.16660690307617, 1.5809457076655284
5783, 328.03643798828125, -183.70704650878906, 0.03310421109199524, 0.0, 0.0, 50.196075439453125, 1.5688893527087007
5784, 328.0583801269531, -183.6796875, 0.031194353476166725, 0.0, 0.0, 50.22431945800781, 1.5568017414182782
5785, 328.0801086425781, -183.65269470214844, 0.02928449586033821, 0.0, 0.02500000037252903, 50.25131607055664, 1.5361536579659032
5786, 328.10125732421875, -183.62635803222656, 0.0280112586915493, 0.0, 0.07500000298023224, 50.274330139160156, 1.5066154568993486
5787, 328.1221008300781, -183.6005859375, 0.026738019660115242, 0.0, 0.125, 50.30018615722656, 1.4789125015489724
5788, 328.1423034667969, -183.575439453125, 0.025464782491326332, 0.0, 0.17500001192092896, 50.320396423339844, 1.4558811200505133
5789, 328.16253662109375, -183.55044555664062, 0.024191543459892273, 0.0, 0.2250000238418579, 50.34400177001953, 1.4309989507947385
5790, 328.1822204589844, -183.52597045898438, 0.022918304428458214, 0.0, 0.27500003576278687, 50.36170959472656, 1.406597312571718
5791, 328.2015075683594, -183.50218200683594, 0.021645067259669304, 0.0, 0.3250000476837158, 50.382606506347656, 1.3812825847673196
5792, 328.22039794921875, -183.4788055419922, 0.020371828228235245, 0.0, 0.3250000476837158, 50.39761734008789, 1.3557575651087113
5793, 328.2391662597656, -183.45562744140625, 0.019098591059446335, 0.0, 0.27500003576278687, 50.41649627685547, 1.3286791938625848
5794, 328.2571716308594, -183.4332733154297, 0.017825352028012276, 0.0, 0.2250000238418579, 50.428958892822266, 1.3064465670770329
5795, 328.2755126953125, -183.41067504882812, 0.015915492549538612, 0.0, 0.15000000596046448, 50.44554901123047, 1.2818691604310286
5796, 328.2933044433594, -183.38873291015625, 0.014642253518104553, 0.0, 0.10000000149011612, 50.45555877685547, 1.26223767557607
5797, 328.31072998046875, -183.36729431152344, 0.013369012624025345, 0.0, 0.05000000447034836, 50.46949005126953, 1.2457053307846706
5798, 328.32830810546875, -183.3456268310547, 0.012095772661268711, 0.0, 4.0978194171259474e-09, 50.47751998901367, 1.2283350158692594
5799, 328.34515380859375, -183.3249969482422, 0.010822532698512077, 0.0, 0.0, 50.48581314086914, 1.2532525047112584
5800, 328.36322021484375, -183.30284118652344, 0.009549291804432869, 0.0, 0.0, 50.493587493896484, 1.2619304537455112
5801, 328.3809814453125, -183.28114318847656, 0.008276051841676235, 0.0, 0.0, 50.5002555847168, 1.2611583104191193
5802, 328.3984680175781, -183.25973510742188, 0.007002812810242176, 0.0, 0.0, 50.50589370727539, 1.255980499174786
5803, 328.4159240722656, -183.23837280273438, 0.00572957331314683, 0.0, 0.0, 50.51064682006836, 1.248638595414135
5804, 328.4335021972656, -183.21690368652344, 0.0044563342817127705, 0.0, 0.0, 50.51454162597656, 1.2401494739250216
5805, 328.4510803222656, -183.1954803466797, 0.0031830943189561367, 0.0, 0.0, 50.51753616333008, 1.2311304096380193
5806, 328.46795654296875, -183.17491149902344, 0.0, 0.0, 0.0, 50.5190544128418, 1.2221906950905763
5807, 328.485107421875, -183.154052734375, 0.0, 0.0, 0.0, 50.519657135009766, 1.212998412211292
5808, 328.5029296875, -183.13243103027344, 0.0, 0.0, 0.0, 50.519874572753906, 1.2033804566775748
5809, 328.5204162597656, -183.11122131347656, 0.0, 0.0, 0.0, 50.519920349121094, 1.1939076671336935
5810, 328.5361328125, -183.0921630859375, 0.0, 0.0, 0.0, 50.519901275634766, 1.1853852481105693
5811, 328.5534973144531, -183.07102966308594, 0.0, 0.0, 0.0, 50.519859313964844, 1.1759362149060342
5812, 328.5695495605469, -183.051513671875, 0.0, 0.0, 0.0, 50.519798278808594, 1.1672100886461816
5813, 328.5854187011719, -183.03224182128906, 0.0, 0.0, 0.0, 50.51974105834961, 1.1585886877130898
5814, 328.6017761230469, -183.0123748779297, 0.0, 0.0, 0.0, 50.51968002319336, 1.1496951844871626
5815, 328.61834716796875, -182.99227905273438, 0.0, 0.0, 0.07500000298023224, 50.5196418762207, 1.1311379504136476
5816, 328.6335754394531, -182.97378540039062, 0.0, 0.0, 0.07500000298023224, 50.519405364990234, 1.0722293090284427
5817, 328.6488952636719, -182.95516967773438, 0.0, 0.0, 0.02500000409781933, 50.51909637451172, 1.034310970295381
5818, 328.66253662109375, -182.9386444091797, 0.0, 0.0, -0.02499999664723873, 50.51888656616211, 1.0075419139207829
5819, 328.6770324707031, -182.92105102539062, 0.0, 0.0, 0.0, 50.51887130737305, 1.04602994159514
5820, 328.6918640136719, -182.9030303955078, 0.0, 0.0, 0.0, 50.51897048950195, 1.06113326108396
5821, 328.7068786621094, -182.88482666015625, 0.0, 0.0, 0.0, 50.519012451171875, 1.0645989284038069
5822, 328.72186279296875, -182.86659240722656, 0.0, 0.0, 0.0, 50.51902770996094, 1.0621916448219875
5823, 328.73687744140625, -182.84841918945312, 0.0, 0.0, 0.0, 50.51901626586914, 1.056898214652295
5824, 328.7517395019531, -182.83038330078125, 0.0, 0.0, 0.0, 50.518985748291016, 1.0502298322109542
5825, 328.76666259765625, -182.812255859375, 0.0, 0.0, 0.0, 50.51893997192383, 1.0428195656784343
5826, 328.7809753417969, -182.7948760986328, 0.0, 0.0, 0.0, 50.51891326904297, 1.0353741054368448
5827, 328.7956237792969, -182.77706909179688, 0.0, 0.0, 0.0, 50.51884841918945, 1.0275763345888176
5828, 328.8101806640625, -182.75936889648438, 0.0, 0.0, 0.0, 50.5187873840332, 1.0197447355486375
5829, 328.8249816894531, -182.7413787841797, 0.0, 0.0, 0.0, 50.51874542236328, 1.0117324690993819
5830, 328.8392028808594, -182.72413635253906, 0.0, 0.0, 0.0, 50.51869201660156, 1.0040316034449475
5831, 328.853271484375, -182.70704650878906, 0.0, 0.0, 0.0, 50.518646240234375, 0.9963940937603918
5832, 328.86737060546875, -182.68994140625, 0.0, 0.0, 0.0, 50.518646240234375, 0.988745112928283
5833, 328.8812561035156, -182.67308044433594, 0.0, 0.0, 0.0, 50.518646240234375, 0.9812068785790409
5834, 328.89483642578125, -182.65655517578125, 0.0, 0.0, 0.0, 50.51850128173828, 0.9738141671360733
5835, 328.9089660644531, -182.63938903808594, 0.0, 0.0, 0.0, 50.51850128173828, 0.9661367930250544
5836, 328.9222106933594, -182.62332153320312, 0.0, 0.0, 0.0, 50.51850128173828, 0.9589475064769005
5837, 328.93548583984375, -182.607177734375, 0.0, 0.0, 0.0, 50.51837921142578, 0.9517318341867469
5838, 328.94927978515625, -182.59043884277344, 0.0, 0.0, 0.0, 50.51837921142578, 0.9442466835140612
5839, 328.9630126953125, -182.5738067626953, 0.0, 0.0, 0.0, 50.51829147338867, 0.9368029287414422
5840, 328.97552490234375, -182.5585479736328, 0.0, 0.0, 0.0, 50.51829147338867, 0.9299803067637071
5841, 328.9884338378906, -182.5428924560547, 0.0, 0.0, 0.0, 50.51820373535156, 0.9229704604196345
5842, 329.0015563964844, -182.52694702148438, 0.0, 0.0, 0.0, 50.51820373535156, 0.9158420079962823
5843, 329.0149230957031, -182.5106964111328, 0.0, 0.0, 0.0, 50.51808166503906, 0.9085803493968359
5844, 329.0270690917969, -182.4959716796875, 0.0, 0.0, 0.0, 50.51808166503906, 0.9019948700971446
5845, 329.0393981933594, -182.48097229003906, 0.0, 0.0, 0.0, 50.51808166503906, 0.8952866383346674
5846, 329.05194091796875, -182.4657745361328, 0.0, 0.0, 0.0, 50.5179557800293, 0.8884927473175218
5847, 329.064208984375, -182.45089721679688, 0.0, 0.0, 0.0, 50.5179557800293, 0.8818394542816719
5848, 329.0767517089844, -182.43569946289062, 0.0, 0.0, 0.0, 50.5179557800293, 0.8750409023381114
5849, 329.088623046875, -182.4212646484375, 0.0, 0.0, 0.0, 50.51782989501953, 0.8685837906676956
5850, 329.10101318359375, -182.40621948242188, 0.0, 0.0, 0.0, 50.51782989501953, 0.8618582197889907
5851, 329.1128845214844, -182.3917999267578, 0.0, 0.0, 0.0, 50.51782989501953, 0.8554061356440495
5852, 329.124755859375, -182.3773651123047, 0.0, 0.0, 0.0, 50.5177116394043, 0.8489548136402709
5853, 329.1366271972656, -182.36293029785156, 0.0, 0.0, 0.0, 50.5177116394043, 0.8425030903918562
5854, 329.1477966308594, -182.349365234375, 0.0, 0.0, 0.0, 50.5177116394043, 0.8364404406725294
5855, 329.1597900390625, -182.33482360839844, 0.0, 0.0, 0.0, 50.51761245727539, 0.8299345788446927
5856, 329.1710205078125, -182.3212127685547, 0.0, 0.0, 0.0, 50.51761245727539, 0.8238500517342753
5857, 329.1822204589844, -182.30758666992188, 0.0, 0.0, 0.0, 50.51752853393555, 0.8177596289216549
5858, 329.1932373046875, -182.29421997070312, 0.0, 0.0, 0.0, 50.51752853393555, 0.8117727928551147
5859, 329.2037353515625, -182.28147888183594, 0.0, 0.0, 0.0, 50.51752853393555, 0.80607424682898
5860, 329.21405029296875, -182.2689208984375, 0.0, 0.0, 0.0, 50.51741409301758, 0.8004625076197885
5861, 329.224609375, -182.25607299804688, 0.0, 0.0, 0.0, 50.51741409301758, 0.7947196243194323
5862, 329.2346496582031, -182.24386596679688, 0.0, 0.0, 0.0, 50.51736068725586, 0.7892603458917129
5863, 329.245849609375, -182.2302703857422, 0.0, 0.0, 0.0, 50.51736068725586, 0.7831802165255468
5864, 329.2563171386719, -182.2175750732422, 0.0, 0.0, 0.0, 50.51736068725586, 0.7775005053092965
5865, 329.26690673828125, -182.20472717285156, 0.0, 0.0, 0.0, 50.517250061035156, 0.7717569408548725
5866, 329.27764892578125, -182.19168090820312, 0.0, 0.0, 0.0, 50.517250061035156, 0.7659227066396767
5867, 329.2883605957031, -182.1786651611328, 0.0, 0.0, 0.0, 50.517181396484375, 0.7601035395923423
5868, 329.2989807128906, -182.16580200195312, 0.0, 0.0, 0.0, 50.517181396484375, 0.7543400505907427
5869, 329.30963134765625, -182.15286254882812, 0.0, 0.0, 0.0, 50.51710510253906, 0.7485526605141536
5870, 329.3200988769531, -182.14016723632812, 0.0, 0.0, 0.0, 50.51710510253906, 0.742868517204144
5871, 329.3302917480469, -182.1278076171875, 0.0, 0.0, 0.0, 50.51710510253906, 0.7373391068871088
5872, 329.3404541015625, -182.11550903320312, 0.0, 0.0, 0.0, 50.51699447631836, 0.7318358051088084
5873, 329.35064697265625, -182.10316467285156, 0.0, 0.0, 0.0, 50.51699447631836, 0.7263116888422404
5874, 329.3610534667969, -182.09056091308594, 0.0, 0.0, 0.0, 50.51693344116211, 0.7206775538704985
5875, 329.3708801269531, -182.07858276367188, 0.0, 0.0, 0.0, 50.51693344116211, 0.7153227716324948
5876, 329.3809814453125, -182.06634521484375, 0.0, 0.0, 0.0, 50.51685333251953, 0.70984587330398
5877, 329.39111328125, -182.05401611328125, 0.0, 0.0, 0.0, 50.51685333251953, 0.7043322773266425
5878, 329.4006652832031, -182.04244995117188, 0.0, 0.0, 0.0, 50.51685333251953, 0.6991588604524326
5879, 329.41033935546875, -182.0307159423828, 0.0, 0.0, 0.0, 50.516727447509766, 0.6939057141053352
5880, 329.4198303222656, -182.01919555664062, 0.0, 0.0, 0.0, 50.516727447509766, 0.6939057141053352
5881, 329.4293212890625, -182.00762939453125, 0.0, 0.0, 0.0, 50.516658782958984, 0.6835798407797786
5882, 329.4386901855469, -181.99623107910156, 0.0, 0.0, 0.0, 50.516658782958984, 0.6784814387544343
5883, 329.44830322265625, -181.98452758789062, 0.0, 0.0, 0.0, 50.516658782958984, 0.6732490361950894
5884, 329.457763671875, -181.9730682373047, 0.0, 0.0, 0.0, 50.51656723022461, 0.6681180118339805
5885, 329.4659423828125, -181.96316528320312, 0.0, 0.0, 0.0, 50.51656723022461, 0.663685419584387
5886, 329.4747619628906, -181.95242309570312, 0.0, 0.0, 0.0, 50.51656723022461, 0.658884753411213
5887, 329.4831848144531, -181.9421844482422, 0.0, 0.0, 0.0, 50.5164909362793, 0.6543061720332539
5888, 329.4924621582031, -181.930908203125, 0.0, 0.0, 0.0, 50.5164909362793, 0.6492698341454357
5889, 329.5015563964844, -181.91986083984375, 0.0, 0.0, 0.0, 50.5164909362793, 0.6443187276459051
5890, 329.5105895996094, -181.908935546875, 0.0, 0.0, 0.0, 50.516414642333984, 0.6394382128333408
5891, 329.5195617675781, -181.8980255126953, 0.0, 0.0, 0.0, 50.516414642333984, 0.6345610478601957
5892, 329.5284729003906, -181.88720703125, 0.0, 0.0, 0.0, 50.516414642333984, 0.6297234817077386
5893, 329.5373840332031, -181.8763885498047, 0.0, 0.0, 0.0, 50.51633071899414, 0.6248812831932576
5894, 329.5458068847656, -181.8661346435547, 0.0, 0.0, 0.0, 50.51633071899414, 0.6202939681741487
5895, 329.5545654296875, -181.8555450439453, 0.0, 0.0, 0.0, 50.51633071899414, 0.6155524815671085
5896, 329.5631103515625, -181.8451385498047, 0.0, 0.0, 0.0, 50.5162467956543, 0.6108984964950124
5897, 329.5715637207031, -181.83485412597656, 0.0, 0.0, 0.0, 50.5162467956543, 0.606301132616252
5898, 329.5799255371094, -181.82470703125, 0.0, 0.0, 0.0, 50.5162467956543, 0.6017578810652916
5899, 329.5882263183594, -181.81459045410156, 0.0, 0.0, 0.0, 50.51618576049805, 0.5972275261690071
5900, 329.5964050292969, -181.80465698242188, 0.0, 0.0, 0.0, 50.51618576049805, 0.592796483734643
5901, 329.6048278808594, -181.79443359375, 0.0, 0.0, 0.0, 50.51618576049805, 0.5882127527883414
5902, 329.61279296875, -181.78477478027344, 0.0, 0.0, 0.0, 50.516136169433594, 0.5838933109956801
5903, 329.6208801269531, -181.77491760253906, 0.0, 0.0, 0.0, 50.516136169433594, 0.5794874244536412
5904, 329.62896728515625, -181.7650604248047, 0.0, 0.0, 0.0, 50.516136169433594, 0.575082706211371
5905, 329.6369323730469, -181.75537109375, 0.0, 0.0, 0.0, 50.516075134277344, 0.5707491635670586
5906, 329.64520263671875, -181.745361328125, 0.0, 0.0, 0.0, 50.516075134277344, 0.5662703307459853
5907, 329.65350341796875, -181.7353057861328, 0.0, 0.0, 0.0, 50.516075134277344, 0.5617714373113011
5908, 329.6617126464844, -181.72532653808594, 0.0, 0.0, 0.0, 50.51602554321289, 0.5573137570942037
5909, 329.6693420410156, -181.7161102294922, 0.0, 0.0, 0.0, 50.51602554321289, 0.5531943841902411
5910, 329.67694091796875, -181.7068634033203, 0.0, 0.0, 0.0, 50.51602554321289, 0.5490643466935586
5911, 329.68463134765625, -181.69754028320312, 0.0, 0.0, 0.0, 50.51597213745117, 0.5448942320211391
5912, 329.692138671875, -181.6884765625, 0.0, 0.0, 0.0, 50.51597213745117, 0.5408443489423335
5913, 329.69976806640625, -181.67922973632812, 0.0, 0.0, 0.0, 50.51597213745117, 0.5367132406507831
5914, 329.7071533203125, -181.6702880859375, 0.0, 0.0, 0.0, 50.51591110229492, 0.532712637006693
5915, 329.71441650390625, -181.6614990234375, 0.0, 0.0, 0.0, 50.51591110229492, 0.5287815669903618
5916, 329.7218017578125, -181.6525115966797, 0.0, 0.0, 0.0, 50.51591110229492, 0.5247648734182808
5917, 329.7290954589844, -181.64364624023438, 0.0, 0.0, 0.0, 50.51586151123047, 0.5207950557047949
5918, 329.7361755371094, -181.6350555419922, 0.0, 0.0, 0.0, 50.51586151123047, 0.516951475042039
5919, 329.7433166503906, -181.62640380859375, 0.0, 0.0, 0.0, 50.51586151123047, 0.5130782513494012
5920, 329.7502136230469, -181.6180419921875, 0.0, 0.0, 0.0, 50.51586151123047, 0.5093413834747562
5921, 329.7568664550781, -181.61000061035156, 0.0, 0.0, 0.0, 50.515785217285156, 0.5057439864395619
5922, 329.7633056640625, -181.60220336914062, 0.0, 0.0, 0.0, 50.515785217285156, 0.502254483991977
5923, 329.770263671875, -181.59375, 0.0, 0.0, 0.0, 50.515785217285156, 0.49847622903874644
5924, 329.77734375, -181.5851593017578, 0.0, 0.0, 0.0, 50.5157356262207, 0.49463464457079653
5925, 329.78424072265625, -181.57679748535156, 0.0, 0.0, 0.0, 50.5157356262207, 0.490894117719029
5926, 329.7910461425781, -181.56857299804688, 0.0, 0.0, 0.0, 50.5157356262207, 0.4872168229036515
5927, 329.7977294921875, -181.5604705810547, 0.0, 0.0, 0.0, 50.5157356262207, 0.48359368006803394
5928, 329.8044128417969, -181.5523223876953, 0.0, 0.0, 0.0, 50.51566696166992, 0.4799504902496633
5929, 329.81121826171875, -181.54408264160156, 0.0, 0.0, 0.0, 50.51566696166992, 0.4762659157253371
5930, 329.81787109375, -181.53594970703125, 0.0, 0.0, 0.0, 50.51566696166992, 0.47263291749968994
5931, 329.8243408203125, -181.5281219482422, 0.0, 0.0, 0.0, 50.51566696166992, 0.46913386029506166
5932, 329.8309020996094, -181.5201873779297, 0.0, 0.0, 0.0, 50.515602111816406, 0.4655851410868258
5933, 329.83734130859375, -181.51235961914062, 0.0, 0.0, 0.0, 50.515602111816406, 0.46208492402987444
5934, 329.8436584472656, -181.504638671875, 0.0, 0.0, 0.0, 50.515602111816406, 0.45863686791774894
5935, 329.8502197265625, -181.49668884277344, 0.0, 0.0, 0.0, 50.515602111816406, 0.45508543578094857
5936, 329.8565673828125, -181.4890594482422, 0.0, 0.0, 0.0, 50.515567779541016, 0.45167244927055367
5937, 329.8627624511719, -181.48153686523438, 0.0, 0.0, 0.0, 50.515567779541016, 0.4483134003073159
5938, 329.8688659667969, -181.47418212890625, 0.0, 0.0, 0.0, 50.515567779541016, 0.4450190181613258
5939, 329.87493896484375, -181.46676635742188, 0.0, 0.0, 0.0, 50.515567779541016, 0.4417050825745179
5940, 329.88116455078125, -181.4592742919922, 0.0, 0.0, 0.0, 50.515533447265625, 0.43835270690805517
5941, 329.88739013671875, -181.4517364501953, 0.0, 0.0, 0.0, 50.515533447265625, 0.4349828564452371
5942, 329.89324951171875, -181.4446563720703, 0.0, 0.0, 0.0, 50.515533447265625, 0.43181899079974034
5943, 329.8993225097656, -181.43722534179688, 0.0, 0.0, 0.0, 50.515533447265625, 0.4284933184615756
5944, 329.90496826171875, -181.4303436279297, 0.0, 0.0, 0.0, 50.51549530029297, 0.42542067688196084
5945, 329.91033935546875, -181.4237823486328, 0.0, 0.0, 0.0, 50.51549530029297, 0.42248338961968135
5946, 329.915771484375, -181.4171905517578, 0.0, 0.0, 0.0, 50.51549530029297, 0.41953111171159624
5947, 329.92138671875, -181.41030883789062, 0.0, 0.0, 0.0, 50.51549530029297, 0.41646203927153647
5948, 329.9271545410156, -181.40333557128906, 0.0, 0.0, 0.0, 50.51544952392578, 0.4133426622138768
5949, 329.9329528808594, -181.3962860107422, 0.0, 0.0, 0.0, 50.51544952392578, 0.41019013770936946
5950, 329.9385986328125, -181.3894805908203, 0.0, 0.0, 0.0, 50.51544952392578, 0.4071551263586944
5951, 329.9433898925781, -181.3837127685547, 0.0, 0.0, 0.05000000074505806, 50.51535415649414, 0.26415241983182725
5952, 329.94427490234375, -181.38262939453125, 0.0, 0.0, 0.10000000149011612, 50.514930725097656, 0.0008939596586957036
5953, 329.94427490234375, -181.3826141357422, 0.0, 0.0, 0.0, 50.514930725097656, 0.00011690234477078882
